"product_key","product_id","lead_time_days","standard_cost","sku","safety_stock_units","list_price","product_name","reorder_point_units","product_type","lot_size_units","product_family","uom","make_buy_flag","active_flag","load_timestamp"
1,"P000001",6,201.3600,"SKU-IND-000001",20,330.8800,"Industrial Pumps Product 00001",2465,"finished_good",634,"industrial_pumps","EA","make","Y",2026-09-20 09:31:58.225711Z
2,"P000002",16,80.9200,"SKU-ENG-000002",362,134.7100,"Engine Systems Product 00002",58,"finished_good",94,"engine_systems","KG","make","Y",2026-09-20 09:31:58.225711Z
3,"P000003",8,146.0500,"SKU-VEH-000003",650,201.7600,"Vehicle Electronics Product 00003",3244,"finished_good",701,"vehicle_electronics","EA","make","Y",2026-09-20 09:31:58.225711Z
4,"P000004",2,128.8500,"SKU-IND-000004",885,248.6400,"Industrial Pumps Product 00004",111,"finished_good",636,"industrial_pumps","L","make","Y",2026-09-20 09:31:58.225711Z
5,"P000005",17,76.4100,"SKU-ENG-000005",264,151.7800,"Engine Systems Product 00005",1031,"finished_good",583,"engine_systems","KG","make","Y",2026-09-20 09:31:58.225711Z
6,"P000006",9,43.9400,"SKU-CON-000006",577,58.8400,"Consumer Appliances Product 00006",1389,"finished_good",138,"consumer_appliances","EA","make","Y",2026-09-20 09:31:58.225711Z
7,"P000007",16,123.0000,"SKU-VEH-000007",159,203.1900,"Vehicle Electronics Product 00007",153,"finished_good",521,"vehicle_electronics","EA","make","Y",2026-09-20 09:31:58.225711Z
8,"P000008",12,27.6400,"SKU-FAB-000008",436,58.9100,"Fabricated Frames Product 00008",3424,"finished_good",21,"fabricated_frames","L","make","Y",2026-09-20 09:31:58.225711Z
9,"P000009",8,102.7200,"SKU-CON-000009",130,207.9000,"Consumer Appliances Product 00009",772,"finished_good",646,"consumer_appliances","EA","make","Y",2026-09-20 09:31:58.225711Z
10,"P000010",4,47.0300,"SKU-FAB-000010",730,69.5000,"Fabricated Frames Product 00010",2438,"finished_good",270,"fabricated_frames","M","make","Y",2026-09-20 09:31:58.225711Z
11,"P000011",14,24.1100,"SKU-FAB-000011",1391,37.3200,"Fabricated Frames Product 00011",183,"finished_good",403,"fabricated_frames","EA","make","Y",2026-09-20 09:31:58.225711Z
12,"P000012",16,120.4800,"SKU-CON-000012",179,252.8900,"Consumer Appliances Product 00012",1355,"finished_good",451,"consumer_appliances","M","make","Y",2026-09-20 09:31:58.225711Z
13,"P000013",14,118.4500,"SKU-VEH-000013",480,269.4100,"Vehicle Electronics Product 00013",3310,"finished_good",618,"vehicle_electronics","KG","make","Y",2026-09-20 09:31:58.225711Z
14,"P000014",2,67.5200,"SKU-CON-000014",86,120.8100,"Consumer Appliances Product 00014",1544,"finished_good",633,"consumer_appliances","KG","make","Y",2026-09-20 09:31:58.225711Z
15,"P000015",11,435.2600,"SKU-IND-000015",1033,1004.0100,"Industrial Pumps Product 00015",1657,"finished_good",286,"industrial_pumps","L","make","Y",2026-09-20 09:31:58.225711Z
16,"P000016",2,139.0700,"SKU-ENG-000016",917,211.1300,"Engine Systems Product 00016",1300,"finished_good",628,"engine_systems","EA","make","Y",2026-09-20 09:31:58.225711Z
17,"P000017",14,27.5900,"SKU-IND-000017",361,48.7400,"Industrial Pumps Product 00017",2596,"finished_good",773,"industrial_pumps","EA","make","Y",2026-09-20 09:31:58.225711Z
18,"P000018",12,162.1700,"SKU-ENG-000018",849,275.4200,"Engine Systems Product 00018",2552,"finished_good",616,"engine_systems","EA","make","Y",2026-09-20 09:31:58.225711Z
19,"P000019",11,233.9600,"SKU-VEH-000019",389,490.3900,"Vehicle Electronics Product 00019",451,"finished_good",392,"vehicle_electronics","EA","make","Y",2026-09-20 09:31:58.225711Z
20,"P000020",9,27.3400,"SKU-ENG-000020",947,66.5000,"Engine Systems Product 00020",2966,"finished_good",538,"engine_systems","EA","make","Y",2026-09-20 09:31:58.225711Z
21,"P000021",4,48.9600,"SKU-ENG-000021",1455,108.4400,"Engine Systems Product 00021",2900,"finished_good",391,"engine_systems","M","make","Y",2026-09-20 09:31:58.225711Z
22,"P000022",16,34.8100,"SKU-CON-000022",1492,49.8800,"Consumer Appliances Product 00022",2848,"finished_good",630,"consumer_appliances","EA","make","Y",2026-09-20 09:31:58.225711Z
23,"P000023",11,41.4800,"SKU-FAB-000023",537,94.8400,"Fabricated Frames Product 00023",1556,"finished_good",530,"fabricated_frames","KG","make","Y",2026-09-20 09:31:58.225711Z
24,"P000024",16,30.2900,"SKU-ENG-000024",223,61.5400,"Engine Systems Product 00024",1166,"finished_good",339,"engine_systems","M","make","Y",2026-09-20 09:31:58.225711Z
25,"P000025",4,73.6000,"SKU-ENG-000025",1379,136.6400,"Engine Systems Product 00025",236,"finished_good",719,"engine_systems","EA","make","Y",2026-09-20 09:31:58.225711Z
26,"P000026",18,44.7800,"SKU-ENG-000026",142,74.9800,"Engine Systems Product 00026",1378,"finished_good",130,"engine_systems","EA","make","Y",2026-09-20 09:31:58.225711Z
27,"P000027",17,63.0700,"SKU-ENG-000027",467,129.4100,"Engine Systems Product 00027",1648,"finished_good",186,"engine_systems","M","make","Y",2026-09-20 09:31:58.225711Z
28,"P000028",6,150.3800,"SKU-VEH-000028",1481,227.6300,"Vehicle Electronics Product 00028",278,"finished_good",617,"vehicle_electronics","EA","make","Y",2026-09-20 09:31:58.225711Z
29,"P000029",8,102.6500,"SKU-VEH-000029",1221,217.8700,"Vehicle Electronics Product 00029",1713,"finished_good",220,"vehicle_electronics","EA","make","Y",2026-09-20 09:31:58.225711Z
30,"P000030",9,30.6400,"SKU-ENG-000030",820,47.1900,"Engine Systems Product 00030",1974,"finished_good",258,"engine_systems","L","make","Y",2026-09-20 09:31:58.225711Z
31,"P000031",15,42.2800,"SKU-IND-000031",101,99.5500,"Industrial Pumps Product 00031",2969,"finished_good",187,"industrial_pumps","EA","make","Y",2026-09-20 09:31:58.225711Z
32,"P000032",9,25.4900,"SKU-IND-000032",879,51.1600,"Industrial Pumps Product 00032",3490,"finished_good",349,"industrial_pumps","EA","make","Y",2026-09-20 09:31:58.225711Z
33,"P000033",5,28.0500,"SKU-ENG-000033",142,44.4300,"Engine Systems Product 00033",283,"finished_good",286,"engine_systems","M","make","Y",2026-09-20 09:31:58.225711Z
34,"P000034",5,135.6900,"SKU-IND-000034",1011,293.8600,"Industrial Pumps Product 00034",2895,"finished_good",473,"industrial_pumps","EA","make","Y",2026-09-20 09:31:58.225711Z
35,"P000035",3,96.2600,"SKU-ENG-000035",1499,172.7500,"Engine Systems Product 00035",652,"finished_good",552,"engine_systems","EA","make","Y",2026-09-20 09:31:58.225711Z
36,"P000036",5,24.2200,"SKU-ENG-000036",1386,41.6400,"Engine Systems Product 00036",1721,"finished_good",415,"engine_systems","L","make","Y",2026-09-20 09:31:58.225711Z
37,"P000037",10,52.7800,"SKU-VEH-000037",305,96.4300,"Vehicle Electronics Product 00037",1891,"finished_good",452,"vehicle_electronics","EA","make","Y",2026-09-20 09:31:58.225711Z
38,"P000038",7,46.1600,"SKU-VEH-000038",1310,60.9400,"Vehicle Electronics Product 00038",857,"finished_good",564,"vehicle_electronics","EA","make","Y",2026-09-20 09:31:58.225711Z
39,"P000039",6,328.0500,"SKU-VEH-000039",288,504.2900,"Vehicle Electronics Product 00039",2676,"finished_good",335,"vehicle_electronics","L","make","Y",2026-09-20 09:31:58.225711Z
40,"P000040",8,91.7600,"SKU-FAB-000040",1356,174.3100,"Fabricated Frames Product 00040",1353,"finished_good",285,"fabricated_frames","EA","make","Y",2026-09-20 09:31:58.225711Z
41,"P000041",7,29.7200,"SKU-CON-000041",940,38.8900,"Consumer Appliances Product 00041",3019,"finished_good",36,"consumer_appliances","EA","make","Y",2026-09-20 09:31:58.225711Z
42,"P000042",9,59.1200,"SKU-IND-000042",145,122.5900,"Industrial Pumps Product 00042",459,"finished_good",389,"industrial_pumps","EA","make","Y",2026-09-20 09:31:58.225711Z
43,"P000043",13,184.1700,"SKU-ENG-000043",1021,305.4100,"Engine Systems Product 00043",485,"finished_good",534,"engine_systems","EA","make","Y",2026-09-20 09:31:58.225711Z
44,"P000044",4,200.1500,"SKU-FAB-000044",916,414.7100,"Fabricated Frames Product 00044",684,"finished_good",580,"fabricated_frames","EA","make","Y",2026-09-20 09:31:58.225711Z
45,"P000045",8,113.3900,"SKU-ENG-000045",1288,226.4000,"Engine Systems Product 00045",524,"finished_good",119,"engine_systems","EA","make","Y",2026-09-20 09:31:58.225711Z
46,"P000046",4,33.6600,"SKU-ENG-000046",826,64.4900,"Engine Systems Product 00046",2665,"finished_good",117,"engine_systems","EA","make","Y",2026-09-20 09:31:58.225711Z
47,"P000047",7,45.0200,"SKU-CON-000047",261,92.2000,"Consumer Appliances Product 00047",859,"finished_good",457,"consumer_appliances","EA","make","Y",2026-09-20 09:31:58.225711Z
48,"P000048",6,48.0900,"SKU-IND-000048",775,113.2900,"Industrial Pumps Product 00048",1686,"finished_good",142,"industrial_pumps","KG","make","Y",2026-09-20 09:31:58.225711Z
49,"P000049",9,108.9500,"SKU-ENG-000049",460,220.5800,"Engine Systems Product 00049",801,"finished_good",160,"engine_systems","EA","make","Y",2026-09-20 09:31:58.225711Z
50,"P000050",3,121.4100,"SKU-IND-000050",926,169.4200,"Industrial Pumps Product 00050",1224,"finished_good",671,"industrial_pumps","EA","make","Y",2026-09-20 09:31:58.225711Z
51,"P000051",11,10.1200,"SKU-CON-000051",1286,16.6500,"Consumer Appliances Product 00051",103,"finished_good",612,"consumer_appliances","EA","make","Y",2026-09-20 09:31:58.225711Z
52,"P000052",3,60.6900,"SKU-ENG-000052",688,113.0300,"Engine Systems Product 00052",793,"finished_good",650,"engine_systems","EA","make","Y",2026-09-20 09:31:58.225711Z
53,"P000053",5,61.2900,"SKU-ENG-000053",800,86.4300,"Engine Systems Product 00053",1567,"finished_good",499,"engine_systems","EA","make","Y",2026-09-20 09:31:58.225711Z
54,"P000054",10,53.6300,"SKU-IND-000054",1157,100.1000,"Industrial Pumps Product 00054",262,"finished_good",253,"industrial_pumps","EA","make","Y",2026-09-20 09:31:58.225711Z
55,"P000055",11,236.9400,"SKU-FAB-000055",412,521.0200,"Fabricated Frames Product 00055",3460,"finished_good",381,"fabricated_frames","EA","make","Y",2026-09-20 09:31:58.225711Z
56,"P000056",4,59.5600,"SKU-ENG-000056",880,140.4700,"Engine Systems Product 00056",740,"finished_good",326,"engine_systems","EA","make","Y",2026-09-20 09:31:58.225711Z
57,"P000057",17,397.6700,"SKU-FAB-000057",305,623.1100,"Fabricated Frames Product 00057",3192,"finished_good",234,"fabricated_frames","EA","make","Y",2026-09-20 09:31:58.225711Z
58,"P000058",3,204.7900,"SKU-ENG-000058",954,366.4900,"Engine Systems Product 00058",577,"finished_good",357,"engine_systems","EA","make","Y",2026-09-20 09:31:58.225711Z
59,"P000059",4,101.6800,"SKU-VEH-000059",696,238.0500,"Vehicle Electronics Product 00059",1219,"finished_good",526,"vehicle_electronics","EA","make","Y",2026-09-20 09:31:58.225711Z
60,"P000060",17,35.8900,"SKU-CON-000060",971,57.0100,"Consumer Appliances Product 00060",141,"finished_good",559,"consumer_appliances","EA","make","Y",2026-09-20 09:31:58.225711Z
61,"P000061",10,78.7400,"SKU-CON-000061",1045,162.5800,"Consumer Appliances Product 00061",2922,"finished_good",644,"consumer_appliances","EA","make","Y",2026-09-20 09:31:58.225711Z
62,"P000062",12,40.5500,"SKU-ENG-000062",603,81.9900,"Engine Systems Product 00062",1543,"finished_good",582,"engine_systems","EA","make","Y",2026-09-20 09:31:58.225711Z
63,"P000063",15,43.2700,"SKU-ENG-000063",358,98.8300,"Engine Systems Product 00063",1301,"finished_good",102,"engine_systems","EA","make","Y",2026-09-20 09:31:58.225711Z
64,"P000064",11,65.8000,"SKU-VEH-000064",1370,124.6000,"Vehicle Electronics Product 00064",3289,"finished_good",478,"vehicle_electronics","EA","make","Y",2026-09-20 09:31:58.225711Z
65,"P000065",4,32.8700,"SKU-IND-000065",1131,53.7400,"Industrial Pumps Product 00065",2647,"finished_good",543,"industrial_pumps","EA","make","Y",2026-09-20 09:31:58.225711Z
66,"P000066",6,51.0200,"SKU-CON-000066",1391,116.0300,"Consumer Appliances Product 00066",3037,"finished_good",433,"consumer_appliances","M","make","Y",2026-09-20 09:31:58.225711Z
67,"P000067",4,105.6600,"SKU-VEH-000067",197,202.5500,"Vehicle Electronics Product 00067",1904,"finished_good",292,"vehicle_electronics","EA","make","Y",2026-09-20 09:31:58.225711Z
68,"P000068",18,63.1900,"SKU-CON-000068",795,102.8700,"Consumer Appliances Product 00068",1794,"finished_good",299,"consumer_appliances","M","make","Y",2026-09-20 09:31:58.225711Z
69,"P000069",5,20.5700,"SKU-VEH-000069",1457,45.3000,"Vehicle Electronics Product 00069",1140,"finished_good",59,"vehicle_electronics","EA","make","Y",2026-09-20 09:31:58.225711Z
70,"P000070",17,69.8300,"SKU-ENG-000070",635,109.1700,"Engine Systems Product 00070",1135,"finished_good",411,"engine_systems","EA","make","Y",2026-09-20 09:31:58.225711Z
71,"P000071",5,143.0800,"SKU-CON-000071",561,183.8900,"Consumer Appliances Product 00071",2503,"finished_good",120,"consumer_appliances","M","make","Y",2026-09-20 09:31:58.225711Z
72,"P000072",18,35.8900,"SKU-ENG-000072",188,78.1500,"Engine Systems Product 00072",2851,"finished_good",264,"engine_systems","EA","make","Y",2026-09-20 09:31:58.225711Z
73,"P000073",7,114.7800,"SKU-CON-000073",126,238.6800,"Consumer Appliances Product 00073",2624,"finished_good",364,"consumer_appliances","EA","make","Y",2026-09-20 09:31:58.225711Z
74,"P000074",12,38.8300,"SKU-VEH-000074",1450,85.8200,"Vehicle Electronics Product 00074",1226,"finished_good",736,"vehicle_electronics","KG","make","Y",2026-09-20 09:31:58.225711Z
75,"P000075",8,40.2500,"SKU-IND-000075",605,88.7800,"Industrial Pumps Product 00075",1842,"finished_good",755,"industrial_pumps","M","make","Y",2026-09-20 09:31:58.225711Z
76,"P000076",18,129.4000,"SKU-VEH-000076",741,255.4800,"Vehicle Electronics Product 00076",1655,"finished_good",648,"vehicle_electronics","KG","make","Y",2026-09-20 09:31:58.225711Z
77,"P000077",5,71.5000,"SKU-VEH-000077",67,134.5900,"Vehicle Electronics Product 00077",2292,"finished_good",499,"vehicle_electronics","EA","make","Y",2026-09-20 09:31:58.225711Z
78,"P000078",3,26.2500,"SKU-FAB-000078",870,37.0100,"Fabricated Frames Product 00078",922,"finished_good",465,"fabricated_frames","EA","make","Y",2026-09-20 09:31:58.225711Z
79,"P000079",12,19.7300,"SKU-VEH-000079",998,39.1600,"Vehicle Electronics Product 00079",2591,"finished_good",694,"vehicle_electronics","EA","make","Y",2026-09-20 09:31:58.225711Z
80,"P000080",18,79.9300,"SKU-FAB-000080",213,128.4700,"Fabricated Frames Product 00080",1700,"finished_good",606,"fabricated_frames","EA","make","Y",2026-09-20 09:31:58.225711Z
81,"P000081",13,20.2700,"SKU-FAB-000081",803,27.4400,"Fabricated Frames Product 00081",1567,"finished_good",11,"fabricated_frames","EA","make","Y",2026-09-20 09:31:58.225711Z
82,"P000082",13,117.0500,"SKU-FAB-000082",185,271.0300,"Fabricated Frames Product 00082",654,"finished_good",49,"fabricated_frames","EA","make","Y",2026-09-20 09:31:58.225711Z
83,"P000083",9,84.1300,"SKU-IND-000083",561,150.0700,"Industrial Pumps Product 00083",768,"finished_good",170,"industrial_pumps","EA","make","Y",2026-09-20 09:31:58.225711Z
84,"P000084",13,69.9800,"SKU-FAB-000084",74,122.4700,"Fabricated Frames Product 00084",3079,"finished_good",675,"fabricated_frames","EA","make","Y",2026-09-20 09:31:58.225711Z
85,"P000085",2,20.4500,"SKU-FAB-000085",1378,40.2000,"Fabricated Frames Product 00085",1034,"finished_good",282,"fabricated_frames","EA","make","Y",2026-09-20 09:31:58.225711Z
86,"P000086",3,72.1700,"SKU-ENG-000086",1413,95.1800,"Engine Systems Product 00086",2067,"finished_good",400,"engine_systems","EA","make","Y",2026-09-20 09:31:58.225711Z
87,"P000087",11,17.0400,"SKU-ENG-000087",1170,38.1200,"Engine Systems Product 00087",2073,"finished_good",576,"engine_systems","EA","make","Y",2026-09-20 09:31:58.225711Z
88,"P000088",17,92.9800,"SKU-ENG-000088",516,180.4400,"Engine Systems Product 00088",2083,"finished_good",570,"engine_systems","KG","make","Y",2026-09-20 09:31:58.225711Z
89,"P000089",13,103.6100,"SKU-IND-000089",1440,183.6600,"Industrial Pumps Product 00089",2823,"finished_good",709,"industrial_pumps","EA","make","Y",2026-09-20 09:31:58.225711Z
90,"P000090",14,51.2500,"SKU-ENG-000090",708,83.2800,"Engine Systems Product 00090",897,"finished_good",574,"engine_systems","EA","make","Y",2026-09-20 09:31:58.225711Z
91,"P000091",14,37.2000,"SKU-FAB-000091",472,51.5200,"Fabricated Frames Product 00091",2986,"finished_good",424,"fabricated_frames","KG","make","Y",2026-09-20 09:31:58.225711Z
92,"P000092",11,128.8400,"SKU-ENG-000092",327,171.5300,"Engine Systems Product 00092",1909,"finished_good",154,"engine_systems","EA","make","Y",2026-09-20 09:31:58.225711Z
93,"P000093",14,42.3100,"SKU-FAB-000093",48,82.3000,"Fabricated Frames Product 00093",2471,"finished_good",782,"fabricated_frames","EA","make","Y",2026-09-20 09:31:58.225711Z
94,"P000094",14,33.1900,"SKU-ENG-000094",1128,76.3600,"Engine Systems Product 00094",1549,"finished_good",698,"engine_systems","EA","make","Y",2026-09-20 09:31:58.225711Z
95,"P000095",8,70.0100,"SKU-VEH-000095",263,131.9500,"Vehicle Electronics Product 00095",807,"finished_good",571,"vehicle_electronics","EA","make","Y",2026-09-20 09:31:58.225711Z
96,"P000096",14,38.4900,"SKU-IND-000096",495,94.1800,"Industrial Pumps Product 00096",1675,"finished_good",129,"industrial_pumps","EA","make","Y",2026-09-20 09:31:58.225711Z
97,"P000097",10,66.0500,"SKU-CON-000097",1357,132.2800,"Consumer Appliances Product 00097",1615,"finished_good",183,"consumer_appliances","EA","make","Y",2026-09-20 09:31:58.225711Z
98,"P000098",13,38.0500,"SKU-IND-000098",1140,90.7600,"Industrial Pumps Product 00098",103,"finished_good",788,"industrial_pumps","EA","make","Y",2026-09-20 09:31:58.225711Z
99,"P000099",8,109.5300,"SKU-VEH-000099",434,194.2800,"Vehicle Electronics Product 00099",1267,"finished_good",120,"vehicle_electronics","EA","make","Y",2026-09-20 09:31:58.225711Z
100,"P000100",4,49.3700,"SKU-IND-000100",997,87.7000,"Industrial Pumps Product 00100",1433,"finished_good",278,"industrial_pumps","EA","make","Y",2026-09-20 09:31:58.225711Z
101,"P000101",6,94.5300,"SKU-VEH-000101",727,121.9500,"Vehicle Electronics Product 00101",2272,"finished_good",624,"vehicle_electronics","EA","make","Y",2026-09-20 09:31:58.225711Z
102,"P000102",9,125.3400,"SKU-ENG-000102",75,189.5300,"Engine Systems Product 00102",763,"finished_good",379,"engine_systems","EA","make","Y",2026-09-20 09:31:58.225711Z
103,"P000103",4,43.7800,"SKU-FAB-000103",852,64.6100,"Fabricated Frames Product 00103",840,"finished_good",692,"fabricated_frames","KG","make","Y",2026-09-20 09:31:58.225711Z
104,"P000104",5,153.6800,"SKU-CON-000104",287,369.5600,"Consumer Appliances Product 00104",1277,"finished_good",252,"consumer_appliances","M","make","Y",2026-09-20 09:31:58.225711Z
105,"P000105",4,103.2300,"SKU-IND-000105",735,146.8000,"Industrial Pumps Product 00105",2143,"finished_good",512,"industrial_pumps","EA","make","Y",2026-09-20 09:31:58.225711Z
106,"P000106",7,145.9800,"SKU-VEH-000106",137,241.6800,"Vehicle Electronics Product 00106",1496,"finished_good",60,"vehicle_electronics","EA","make","Y",2026-09-20 09:31:58.225711Z
107,"P000107",7,67.6100,"SKU-VEH-000107",791,110.4700,"Vehicle Electronics Product 00107",2898,"finished_good",112,"vehicle_electronics","EA","make","Y",2026-09-20 09:31:58.225711Z
108,"P000108",15,38.0700,"SKU-FAB-000108",1360,52.1700,"Fabricated Frames Product 00108",1979,"finished_good",34,"fabricated_frames","EA","make","Y",2026-09-20 09:31:58.225711Z
109,"P000109",16,32.1900,"SKU-VEH-000109",1425,68.4700,"Vehicle Electronics Product 00109",1580,"finished_good",685,"vehicle_electronics","EA","make","Y",2026-09-20 09:31:58.225711Z
110,"P000110",10,18.1700,"SKU-ENG-000110",700,28.9600,"Engine Systems Product 00110",1624,"finished_good",758,"engine_systems","M","make","Y",2026-09-20 09:31:58.225711Z
111,"P000111",14,79.0900,"SKU-CON-000111",745,172.9400,"Consumer Appliances Product 00111",899,"finished_good",778,"consumer_appliances","L","make","Y",2026-09-20 09:31:58.225711Z
112,"P000112",4,258.2000,"SKU-IND-000112",329,334.3800,"Industrial Pumps Product 00112",1794,"finished_good",707,"industrial_pumps","EA","make","Y",2026-09-20 09:31:58.225711Z
113,"P000113",9,42.1800,"SKU-FAB-000113",1257,69.1400,"Fabricated Frames Product 00113",852,"finished_good",733,"fabricated_frames","M","make","Y",2026-09-20 09:31:58.225711Z
114,"P000114",8,53.7900,"SKU-ENG-000114",1223,79.1900,"Engine Systems Product 00114",583,"finished_good",251,"engine_systems","KG","make","Y",2026-09-20 09:31:58.225711Z
115,"P000115",9,19.2600,"SKU-ENG-000115",759,32.4000,"Engine Systems Product 00115",2085,"finished_good",105,"engine_systems","EA","make","Y",2026-09-20 09:31:58.225711Z
116,"P000116",16,91.5300,"SKU-IND-000116",1445,209.3700,"Industrial Pumps Product 00116",2243,"finished_good",498,"industrial_pumps","EA","make","Y",2026-09-20 09:31:58.225711Z
117,"P000117",15,92.9200,"SKU-IND-000117",692,189.0400,"Industrial Pumps Product 00117",237,"finished_good",29,"industrial_pumps","EA","make","Y",2026-09-20 09:31:58.225711Z
118,"P000118",2,25.1800,"SKU-ENG-000118",285,52.3100,"Engine Systems Product 00118",2255,"finished_good",277,"engine_systems","EA","make","Y",2026-09-20 09:31:58.225711Z
119,"P000119",3,70.2600,"SKU-CON-000119",670,117.1300,"Consumer Appliances Product 00119",2920,"finished_good",152,"consumer_appliances","EA","make","Y",2026-09-20 09:31:58.225711Z
120,"P000120",2,34.0300,"SKU-VEH-000120",1306,80.8100,"Vehicle Electronics Product 00120",2914,"finished_good",111,"vehicle_electronics","L","make","Y",2026-09-20 09:31:58.225711Z
121,"P000121",8,93.4600,"SKU-FAB-000121",912,212.4300,"Fabricated Frames Product 00121",3353,"finished_good",290,"fabricated_frames","EA","make","Y",2026-09-20 09:31:58.225711Z
122,"P000122",2,113.0000,"SKU-ENG-000122",689,212.6900,"Engine Systems Product 00122",1982,"finished_good",500,"engine_systems","EA","make","Y",2026-09-20 09:31:58.225711Z
123,"P000123",15,54.7900,"SKU-FAB-000123",1063,130.2800,"Fabricated Frames Product 00123",1972,"finished_good",714,"fabricated_frames","EA","make","Y",2026-09-20 09:31:58.225711Z
124,"P000124",13,72.8100,"SKU-VEH-000124",818,163.0200,"Vehicle Electronics Product 00124",629,"finished_good",335,"vehicle_electronics","L","make","Y",2026-09-20 09:31:58.225711Z
125,"P000125",3,33.9400,"SKU-ENG-000125",1188,81.9600,"Engine Systems Product 00125",1812,"finished_good",209,"engine_systems","EA","make","Y",2026-09-20 09:31:58.225711Z
126,"P000126",4,58.1200,"SKU-VEH-000126",526,87.7900,"Vehicle Electronics Product 00126",2810,"finished_good",109,"vehicle_electronics","EA","make","Y",2026-09-20 09:31:58.225711Z
127,"P000127",14,100.0800,"SKU-FAB-000127",1235,221.5100,"Fabricated Frames Product 00127",1044,"finished_good",179,"fabricated_frames","KG","make","Y",2026-09-20 09:31:58.225711Z
128,"P000128",6,20.0900,"SKU-VEH-000128",1158,47.9300,"Vehicle Electronics Product 00128",1161,"finished_good",296,"vehicle_electronics","EA","make","Y",2026-09-20 09:31:58.225711Z
129,"P000129",12,27.3900,"SKU-ENG-000129",1279,42.4400,"Engine Systems Product 00129",3187,"finished_good",547,"engine_systems","L","make","Y",2026-09-20 09:31:58.225711Z
130,"P000130",13,83.9200,"SKU-CON-000130",69,163.4400,"Consumer Appliances Product 00130",1173,"finished_good",653,"consumer_appliances","KG","make","Y",2026-09-20 09:31:58.225711Z
131,"P000131",2,72.3400,"SKU-ENG-000131",93,93.4700,"Engine Systems Product 00131",2368,"finished_good",614,"engine_systems","EA","make","Y",2026-09-20 09:31:58.225711Z
132,"P000132",11,36.3900,"SKU-IND-000132",520,51.0000,"Industrial Pumps Product 00132",1545,"finished_good",671,"industrial_pumps","EA","make","Y",2026-09-20 09:31:58.225711Z
133,"P000133",8,41.4700,"SKU-IND-000133",764,97.0700,"Industrial Pumps Product 00133",312,"finished_good",129,"industrial_pumps","EA","make","Y",2026-09-20 09:31:58.225711Z
134,"P000134",10,53.7500,"SKU-CON-000134",30,106.0000,"Consumer Appliances Product 00134",3391,"finished_good",358,"consumer_appliances","EA","make","Y",2026-09-20 09:31:58.225711Z
135,"P000135",17,78.9200,"SKU-ENG-000135",295,177.3400,"Engine Systems Product 00135",122,"finished_good",328,"engine_systems","EA","make","Y",2026-09-20 09:31:58.225711Z
136,"P000136",2,296.6000,"SKU-FAB-000136",1318,412.6000,"Fabricated Frames Product 00136",1406,"finished_good",121,"fabricated_frames","EA","make","Y",2026-09-20 09:31:58.225711Z
137,"P000137",9,39.1100,"SKU-CON-000137",1088,68.4700,"Consumer Appliances Product 00137",89,"finished_good",215,"consumer_appliances","EA","make","Y",2026-09-20 09:31:58.225711Z
138,"P000138",7,35.1500,"SKU-VEH-000138",1303,79.2800,"Vehicle Electronics Product 00138",2739,"finished_good",295,"vehicle_electronics","EA","make","Y",2026-09-20 09:31:58.225711Z
139,"P000139",4,70.2400,"SKU-VEH-000139",1021,135.5900,"Vehicle Electronics Product 00139",1576,"finished_good",533,"vehicle_electronics","EA","make","Y",2026-09-20 09:31:58.225711Z
140,"P000140",9,148.7500,"SKU-FAB-000140",816,290.1000,"Fabricated Frames Product 00140",1517,"finished_good",42,"fabricated_frames","EA","make","Y",2026-09-20 09:31:58.225711Z
141,"P000141",4,23.2100,"SKU-ENG-000141",1005,55.1900,"Engine Systems Product 00141",1638,"finished_good",431,"engine_systems","EA","make","Y",2026-09-20 09:31:58.225711Z
142,"P000142",4,105.0400,"SKU-FAB-000142",209,153.8200,"Fabricated Frames Product 00142",3102,"finished_good",661,"fabricated_frames","EA","make","Y",2026-09-20 09:31:58.225711Z
143,"P000143",5,25.3100,"SKU-IND-000143",538,51.3100,"Industrial Pumps Product 00143",495,"finished_good",568,"industrial_pumps","EA","make","Y",2026-09-20 09:31:58.225711Z
144,"P000144",2,54.7500,"SKU-IND-000144",1238,75.6600,"Industrial Pumps Product 00144",1007,"finished_good",86,"industrial_pumps","EA","make","Y",2026-09-20 09:31:58.225711Z
145,"P000145",9,71.0400,"SKU-IND-000145",254,170.7300,"Industrial Pumps Product 00145",3362,"finished_good",421,"industrial_pumps","EA","make","Y",2026-09-20 09:31:58.225711Z
146,"P000146",6,55.9200,"SKU-IND-000146",1258,87.3500,"Industrial Pumps Product 00146",2821,"finished_good",690,"industrial_pumps","EA","make","Y",2026-09-20 09:31:58.225711Z
147,"P000147",18,74.0700,"SKU-ENG-000147",869,136.3500,"Engine Systems Product 00147",3053,"finished_good",634,"engine_systems","KG","make","Y",2026-09-20 09:31:58.225711Z
148,"P000148",2,66.7000,"SKU-ENG-000148",1168,139.4200,"Engine Systems Product 00148",2086,"finished_good",281,"engine_systems","EA","make","Y",2026-09-20 09:31:58.225711Z
149,"P000149",11,89.3600,"SKU-FAB-000149",358,176.8200,"Fabricated Frames Product 00149",1343,"finished_good",193,"fabricated_frames","EA","make","Y",2026-09-20 09:31:58.225711Z
150,"P000150",14,58.2800,"SKU-FAB-000150",645,120.7400,"Fabricated Frames Product 00150",1075,"finished_good",393,"fabricated_frames","EA","make","Y",2026-09-20 09:31:58.225711Z
151,"P000151",5,38.1300,"SKU-CON-000151",959,71.9300,"Consumer Appliances Product 00151",3284,"finished_good",283,"consumer_appliances","EA","make","Y",2026-09-20 09:31:58.225711Z
152,"P000152",9,29.3800,"SKU-VEH-000152",503,57.5900,"Vehicle Electronics Product 00152",1447,"finished_good",559,"vehicle_electronics","EA","make","Y",2026-09-20 09:31:58.225711Z
153,"P000153",13,71.5900,"SKU-ENG-000153",867,97.5100,"Engine Systems Product 00153",2304,"finished_good",255,"engine_systems","EA","make","Y",2026-09-20 09:31:58.225711Z
154,"P000154",18,50.1900,"SKU-CON-000154",321,104.4500,"Consumer Appliances Product 00154",2196,"finished_good",266,"consumer_appliances","KG","make","Y",2026-09-20 09:31:58.225711Z
155,"P000155",13,75.2500,"SKU-IND-000155",1065,103.7800,"Industrial Pumps Product 00155",1659,"finished_good",703,"industrial_pumps","EA","make","Y",2026-09-20 09:31:58.225711Z
156,"P000156",11,55.4100,"SKU-CON-000156",686,90.9600,"Consumer Appliances Product 00156",1809,"finished_good",62,"consumer_appliances","EA","make","Y",2026-09-20 09:31:58.225711Z
157,"P000157",9,105.4100,"SKU-CON-000157",225,194.5900,"Consumer Appliances Product 00157",1299,"finished_good",695,"consumer_appliances","KG","make","Y",2026-09-20 09:31:58.225711Z
158,"P000158",6,29.7900,"SKU-ENG-000158",581,50.6900,"Engine Systems Product 00158",2085,"finished_good",19,"engine_systems","M","make","Y",2026-09-20 09:31:58.225711Z
159,"P000159",13,24.9000,"SKU-ENG-000159",1463,45.9200,"Engine Systems Product 00159",2876,"finished_good",110,"engine_systems","EA","make","Y",2026-09-20 09:31:58.225711Z
160,"P000160",18,91.4700,"SKU-CON-000160",189,162.3400,"Consumer Appliances Product 00160",1833,"finished_good",28,"consumer_appliances","EA","make","Y",2026-09-20 09:31:58.225711Z
161,"P000161",11,47.0100,"SKU-IND-000161",582,102.1100,"Industrial Pumps Product 00161",365,"finished_good",494,"industrial_pumps","EA","make","Y",2026-09-20 09:31:58.225711Z
162,"P000162",13,39.7800,"SKU-ENG-000162",750,51.7000,"Engine Systems Product 00162",915,"finished_good",470,"engine_systems","EA","make","Y",2026-09-20 09:31:58.225711Z
163,"P000163",10,104.5200,"SKU-CON-000163",25,140.0000,"Consumer Appliances Product 00163",3365,"finished_good",654,"consumer_appliances","EA","make","Y",2026-09-20 09:31:58.225711Z
164,"P000164",14,36.2200,"SKU-FAB-000164",1346,88.3900,"Fabricated Frames Product 00164",1106,"finished_good",423,"fabricated_frames","EA","make","Y",2026-09-20 09:31:58.225711Z
165,"P000165",12,38.9100,"SKU-IND-000165",753,76.9100,"Industrial Pumps Product 00165",1382,"finished_good",718,"industrial_pumps","EA","make","Y",2026-09-20 09:31:58.225711Z
166,"P000166",9,106.0500,"SKU-IND-000166",671,141.2800,"Industrial Pumps Product 00166",2827,"finished_good",419,"industrial_pumps","EA","make","Y",2026-09-20 09:31:58.225711Z
167,"P000167",8,98.0300,"SKU-ENG-000167",344,142.6000,"Engine Systems Product 00167",1676,"finished_good",298,"engine_systems","KG","make","Y",2026-09-20 09:31:58.225711Z
168,"P000168",12,169.1200,"SKU-FAB-000168",195,346.5900,"Fabricated Frames Product 00168",186,"finished_good",562,"fabricated_frames","EA","make","Y",2026-09-20 09:31:58.225711Z
169,"P000169",7,199.4600,"SKU-CON-000169",435,297.4000,"Consumer Appliances Product 00169",2608,"finished_good",211,"consumer_appliances","EA","make","Y",2026-09-20 09:31:58.225711Z
170,"P000170",8,72.7600,"SKU-IND-000170",77,107.5600,"Industrial Pumps Product 00170",1857,"finished_good",778,"industrial_pumps","EA","make","Y",2026-09-20 09:31:58.225711Z
171,"P000171",18,106.5300,"SKU-VEH-000171",519,200.6900,"Vehicle Electronics Product 00171",2797,"finished_good",304,"vehicle_electronics","EA","make","Y",2026-09-20 09:31:58.225711Z
172,"P000172",11,33.4800,"SKU-ENG-000172",1366,74.7800,"Engine Systems Product 00172",3442,"finished_good",563,"engine_systems","EA","make","Y",2026-09-20 09:31:58.225711Z
173,"P000173",3,99.1500,"SKU-VEH-000173",300,221.4800,"Vehicle Electronics Product 00173",2392,"finished_good",750,"vehicle_electronics","EA","make","Y",2026-09-20 09:31:58.225711Z
174,"P000174",14,159.8000,"SKU-VEH-000174",1063,379.2500,"Vehicle Electronics Product 00174",1711,"finished_good",730,"vehicle_electronics","EA","make","Y",2026-09-20 09:31:58.225711Z
175,"P000175",3,57.7300,"SKU-ENG-000175",629,116.8000,"Engine Systems Product 00175",1406,"finished_good",207,"engine_systems","EA","make","Y",2026-09-20 09:31:58.225711Z
176,"P000176",15,199.3000,"SKU-ENG-000176",147,333.6600,"Engine Systems Product 00176",2409,"finished_good",204,"engine_systems","EA","make","Y",2026-09-20 09:31:58.225711Z
177,"P000177",7,31.0300,"SKU-IND-000177",444,74.7700,"Industrial Pumps Product 00177",1643,"finished_good",415,"industrial_pumps","EA","make","Y",2026-09-20 09:31:58.225711Z
178,"P000178",17,32.4800,"SKU-IND-000178",396,74.2300,"Industrial Pumps Product 00178",1160,"finished_good",88,"industrial_pumps","EA","make","Y",2026-09-20 09:31:58.225711Z
179,"P000179",6,362.7700,"SKU-IND-000179",710,497.9800,"Industrial Pumps Product 00179",2805,"finished_good",749,"industrial_pumps","EA","make","Y",2026-09-20 09:31:58.225711Z
180,"P000180",14,23.1400,"SKU-VEH-000180",1165,49.7200,"Vehicle Electronics Product 00180",48,"finished_good",745,"vehicle_electronics","EA","make","Y",2026-09-20 09:31:58.225711Z
181,"P000181",8,57.5000,"SKU-ENG-000181",136,101.2800,"Engine Systems Product 00181",1498,"finished_good",549,"engine_systems","EA","make","Y",2026-09-20 09:31:58.225711Z
182,"P000182",17,46.5000,"SKU-CON-000182",1186,91.2700,"Consumer Appliances Product 00182",848,"finished_good",619,"consumer_appliances","EA","make","Y",2026-09-20 09:31:58.225711Z
183,"P000183",18,145.3800,"SKU-VEH-000183",1495,355.0500,"Vehicle Electronics Product 00183",2702,"finished_good",413,"vehicle_electronics","KG","make","Y",2026-09-20 09:31:58.225711Z
184,"P000184",4,73.7600,"SKU-FAB-000184",499,142.8800,"Fabricated Frames Product 00184",2843,"finished_good",688,"fabricated_frames","EA","make","Y",2026-09-20 09:31:58.225711Z
185,"P000185",4,95.3500,"SKU-ENG-000185",1347,135.2000,"Engine Systems Product 00185",3238,"finished_good",380,"engine_systems","M","make","Y",2026-09-20 09:31:58.225711Z
186,"P000186",14,18.9900,"SKU-ENG-000186",132,24.7900,"Engine Systems Product 00186",3366,"finished_good",634,"engine_systems","EA","make","Y",2026-09-20 09:31:58.225711Z
187,"P000187",7,95.4000,"SKU-VEH-000187",869,157.4900,"Vehicle Electronics Product 00187",1784,"finished_good",663,"vehicle_electronics","EA","make","Y",2026-09-20 09:31:58.225711Z
188,"P000188",7,62.0500,"SKU-ENG-000188",1041,104.1500,"Engine Systems Product 00188",1512,"finished_good",371,"engine_systems","EA","make","Y",2026-09-20 09:31:58.225711Z
189,"P000189",11,39.8900,"SKU-IND-000189",1179,51.3200,"Industrial Pumps Product 00189",2342,"finished_good",779,"industrial_pumps","KG","make","Y",2026-09-20 09:31:58.225711Z
190,"P000190",16,67.7300,"SKU-ENG-000190",474,88.1900,"Engine Systems Product 00190",2974,"finished_good",248,"engine_systems","EA","make","Y",2026-09-20 09:31:58.225711Z
191,"P000191",15,20.4600,"SKU-ENG-000191",176,48.1700,"Engine Systems Product 00191",2160,"finished_good",414,"engine_systems","EA","make","Y",2026-09-20 09:31:58.225711Z
192,"P000192",18,27.8500,"SKU-IND-000192",868,47.8900,"Industrial Pumps Product 00192",1944,"finished_good",165,"industrial_pumps","EA","make","Y",2026-09-20 09:31:58.225711Z
193,"P000193",13,195.1800,"SKU-FAB-000193",27,386.7900,"Fabricated Frames Product 00193",2493,"finished_good",666,"fabricated_frames","EA","make","Y",2026-09-20 09:31:58.225711Z
194,"P000194",11,97.0400,"SKU-ENG-000194",821,228.8000,"Engine Systems Product 00194",902,"finished_good",570,"engine_systems","EA","make","Y",2026-09-20 09:31:58.225711Z
195,"P000195",9,94.3400,"SKU-FAB-000195",1179,179.7300,"Fabricated Frames Product 00195",3153,"finished_good",409,"fabricated_frames","EA","make","Y",2026-09-20 09:31:58.225711Z
196,"P000196",2,21.3100,"SKU-CON-000196",141,38.8200,"Consumer Appliances Product 00196",3339,"finished_good",304,"consumer_appliances","EA","make","Y",2026-09-20 09:31:58.225711Z
197,"P000197",10,154.3100,"SKU-IND-000197",291,224.2900,"Industrial Pumps Product 00197",248,"finished_good",244,"industrial_pumps","EA","make","Y",2026-09-20 09:31:58.225711Z
198,"P000198",16,88.8300,"SKU-VEH-000198",1195,140.9300,"Vehicle Electronics Product 00198",2132,"finished_good",344,"vehicle_electronics","L","make","Y",2026-09-20 09:31:58.225711Z
199,"P000199",7,45.3200,"SKU-VEH-000199",591,74.3200,"Vehicle Electronics Product 00199",131,"finished_good",503,"vehicle_electronics","KG","make","Y",2026-09-20 09:31:58.225711Z
200,"P000200",6,36.3300,"SKU-IND-000200",268,83.8500,"Industrial Pumps Product 00200",2311,"finished_good",237,"industrial_pumps","EA","make","Y",2026-09-20 09:31:58.225711Z
201,"P000201",16,37.5600,"SKU-FAB-000201",434,66.8000,"Fabricated Frames Product 00201",2903,"finished_good",582,"fabricated_frames","KG","make","Y",2026-09-20 09:31:58.225711Z
202,"P000202",16,181.2700,"SKU-ENG-000202",988,300.8800,"Engine Systems Product 00202",1967,"finished_good",357,"engine_systems","EA","make","Y",2026-09-20 09:31:58.225711Z
203,"P000203",14,137.5400,"SKU-IND-000203",577,201.7300,"Industrial Pumps Product 00203",3278,"finished_good",592,"industrial_pumps","EA","make","Y",2026-09-20 09:31:58.225711Z
204,"P000204",17,78.9100,"SKU-CON-000204",224,115.9700,"Consumer Appliances Product 00204",216,"finished_good",373,"consumer_appliances","EA","make","Y",2026-09-20 09:31:58.225711Z
205,"P000205",13,58.3300,"SKU-ENG-000205",68,108.5600,"Engine Systems Product 00205",410,"finished_good",56,"engine_systems","EA","make","Y",2026-09-20 09:31:58.225711Z
206,"P000206",10,137.8700,"SKU-CON-000206",1107,239.0200,"Consumer Appliances Product 00206",1996,"finished_good",724,"consumer_appliances","EA","make","Y",2026-09-20 09:31:58.225711Z
207,"P000207",4,32.4100,"SKU-CON-000207",433,60.0700,"Consumer Appliances Product 00207",527,"finished_good",264,"consumer_appliances","EA","make","Y",2026-09-20 09:31:58.225711Z
208,"P000208",12,17.0500,"SKU-IND-000208",775,30.1900,"Industrial Pumps Product 00208",372,"finished_good",800,"industrial_pumps","EA","make","Y",2026-09-20 09:31:58.225711Z
209,"P000209",2,125.8100,"SKU-IND-000209",1256,213.6600,"Industrial Pumps Product 00209",744,"finished_good",739,"industrial_pumps","KG","make","Y",2026-09-20 09:31:58.225711Z
210,"P000210",9,113.3300,"SKU-ENG-000210",348,178.0200,"Engine Systems Product 00210",2688,"finished_good",25,"engine_systems","EA","make","Y",2026-09-20 09:31:58.225711Z
211,"P000211",8,51.1400,"SKU-IND-000211",802,76.6600,"Industrial Pumps Product 00211",2672,"finished_good",516,"industrial_pumps","EA","make","Y",2026-09-20 09:31:58.225711Z
212,"P000212",8,197.7700,"SKU-CON-000212",744,290.4300,"Consumer Appliances Product 00212",2102,"finished_good",369,"consumer_appliances","EA","make","Y",2026-09-20 09:31:58.225711Z
213,"P000213",14,39.9200,"SKU-IND-000213",1148,71.7400,"Industrial Pumps Product 00213",3319,"finished_good",56,"industrial_pumps","EA","make","Y",2026-09-20 09:31:58.225711Z
214,"P000214",17,138.1700,"SKU-ENG-000214",146,211.5700,"Engine Systems Product 00214",884,"finished_good",714,"engine_systems","EA","make","Y",2026-09-20 09:31:58.225711Z
215,"P000215",17,22.1400,"SKU-ENG-000215",1076,29.6400,"Engine Systems Product 00215",245,"finished_good",587,"engine_systems","EA","make","Y",2026-09-20 09:31:58.225711Z
216,"P000216",17,94.9300,"SKU-FAB-000216",487,173.1000,"Fabricated Frames Product 00216",2814,"finished_good",416,"fabricated_frames","EA","make","Y",2026-09-20 09:31:58.225711Z
217,"P000217",10,59.9200,"SKU-VEH-000217",296,82.8000,"Vehicle Electronics Product 00217",1488,"finished_good",322,"vehicle_electronics","EA","make","Y",2026-09-20 09:31:58.225711Z
218,"P000218",18,88.3400,"SKU-CON-000218",227,190.0100,"Consumer Appliances Product 00218",2023,"finished_good",162,"consumer_appliances","EA","make","Y",2026-09-20 09:31:58.225711Z
219,"P000219",3,95.3100,"SKU-VEH-000219",1032,186.0700,"Vehicle Electronics Product 00219",2111,"finished_good",32,"vehicle_electronics","M","make","Y",2026-09-20 09:31:58.225711Z
220,"P000220",10,182.1900,"SKU-VEH-000220",471,398.4500,"Vehicle Electronics Product 00220",843,"finished_good",324,"vehicle_electronics","EA","make","Y",2026-09-20 09:31:58.225711Z
221,"P000221",15,98.2500,"SKU-ENG-000221",362,160.4000,"Engine Systems Product 00221",3447,"finished_good",387,"engine_systems","KG","make","Y",2026-09-20 09:31:58.225711Z
222,"P000222",2,309.8700,"SKU-IND-000222",1213,449.5900,"Industrial Pumps Product 00222",2646,"finished_good",393,"industrial_pumps","EA","make","Y",2026-09-20 09:31:58.225711Z
223,"P000223",7,283.0100,"SKU-VEH-000223",1425,409.0900,"Vehicle Electronics Product 00223",1378,"finished_good",295,"vehicle_electronics","EA","make","Y",2026-09-20 09:31:58.225711Z
224,"P000224",6,491.2500,"SKU-VEH-000224",834,1119.2800,"Vehicle Electronics Product 00224",2208,"finished_good",710,"vehicle_electronics","EA","make","Y",2026-09-20 09:31:58.225711Z
225,"P000225",4,80.4300,"SKU-VEH-000225",623,193.0000,"Vehicle Electronics Product 00225",3156,"finished_good",382,"vehicle_electronics","EA","make","Y",2026-09-20 09:31:58.225711Z
226,"P000226",17,18.3600,"SKU-CON-000226",835,35.0000,"Consumer Appliances Product 00226",204,"finished_good",31,"consumer_appliances","KG","make","Y",2026-09-20 09:31:58.225711Z
227,"P000227",6,36.1000,"SKU-ENG-000227",863,85.3200,"Engine Systems Product 00227",688,"finished_good",233,"engine_systems","KG","make","Y",2026-09-20 09:31:58.225711Z
228,"P000228",8,200.3300,"SKU-CON-000228",862,443.5800,"Consumer Appliances Product 00228",2352,"finished_good",655,"consumer_appliances","EA","make","Y",2026-09-20 09:31:58.225711Z
229,"P000229",12,156.7400,"SKU-CON-000229",563,246.8200,"Consumer Appliances Product 00229",3064,"finished_good",519,"consumer_appliances","EA","make","Y",2026-09-20 09:31:58.225711Z
230,"P000230",2,31.7700,"SKU-ENG-000230",350,51.7900,"Engine Systems Product 00230",1315,"finished_good",403,"engine_systems","EA","make","Y",2026-09-20 09:31:58.225711Z
231,"P000231",9,127.4100,"SKU-ENG-000231",839,220.4600,"Engine Systems Product 00231",2157,"finished_good",254,"engine_systems","EA","make","Y",2026-09-20 09:31:58.225711Z
232,"P000232",4,51.6500,"SKU-CON-000232",598,97.5600,"Consumer Appliances Product 00232",1424,"finished_good",632,"consumer_appliances","EA","make","Y",2026-09-20 09:31:58.225711Z
233,"P000233",11,51.4400,"SKU-CON-000233",544,65.8800,"Consumer Appliances Product 00233",2453,"finished_good",95,"consumer_appliances","EA","make","Y",2026-09-20 09:31:58.225711Z
234,"P000234",17,95.9700,"SKU-IND-000234",69,175.9300,"Industrial Pumps Product 00234",2512,"finished_good",347,"industrial_pumps","EA","make","Y",2026-09-20 09:31:58.225711Z
235,"P000235",12,235.6700,"SKU-ENG-000235",1173,429.3800,"Engine Systems Product 00235",3419,"finished_good",63,"engine_systems","EA","make","Y",2026-09-20 09:31:58.225711Z
236,"P000236",10,35.6900,"SKU-CON-000236",779,57.4700,"Consumer Appliances Product 00236",3020,"finished_good",422,"consumer_appliances","EA","make","Y",2026-09-20 09:31:58.225711Z
237,"P000237",17,116.1600,"SKU-IND-000237",548,251.1700,"Industrial Pumps Product 00237",544,"finished_good",184,"industrial_pumps","EA","make","Y",2026-09-20 09:31:58.225711Z
238,"P000238",18,82.5900,"SKU-CON-000238",735,194.3300,"Consumer Appliances Product 00238",3283,"finished_good",344,"consumer_appliances","KG","make","Y",2026-09-20 09:31:58.225711Z
239,"P000239",7,145.0200,"SKU-CON-000239",902,351.8800,"Consumer Appliances Product 00239",1981,"finished_good",600,"consumer_appliances","EA","make","Y",2026-09-20 09:31:58.225711Z
240,"P000240",2,107.1600,"SKU-CON-000240",348,164.1400,"Consumer Appliances Product 00240",1146,"finished_good",273,"consumer_appliances","EA","make","Y",2026-09-20 09:31:58.225711Z
241,"P000241",11,63.9100,"SKU-CON-000241",909,130.9300,"Consumer Appliances Product 00241",345,"finished_good",133,"consumer_appliances","M","make","Y",2026-09-20 09:31:58.225711Z
242,"P000242",9,71.3200,"SKU-VEH-000242",1465,161.6700,"Vehicle Electronics Product 00242",2765,"finished_good",348,"vehicle_electronics","KG","make","Y",2026-09-20 09:31:58.225711Z
243,"P000243",7,49.5800,"SKU-VEH-000243",870,105.5100,"Vehicle Electronics Product 00243",2834,"finished_good",751,"vehicle_electronics","EA","make","Y",2026-09-20 09:31:58.225711Z
244,"P000244",9,19.7600,"SKU-VEH-000244",1056,31.2600,"Vehicle Electronics Product 00244",1473,"finished_good",724,"vehicle_electronics","M","make","Y",2026-09-20 09:31:58.225711Z
245,"P000245",10,106.3800,"SKU-IND-000245",1295,235.9400,"Industrial Pumps Product 00245",1990,"finished_good",81,"industrial_pumps","EA","make","Y",2026-09-20 09:31:58.225711Z
246,"P000246",2,271.3800,"SKU-FAB-000246",419,641.8400,"Fabricated Frames Product 00246",309,"finished_good",793,"fabricated_frames","M","make","Y",2026-09-20 09:31:58.225711Z
247,"P000247",2,79.2700,"SKU-IND-000247",954,102.1900,"Industrial Pumps Product 00247",862,"finished_good",692,"industrial_pumps","EA","make","Y",2026-09-20 09:31:58.225711Z
248,"P000248",13,110.0300,"SKU-CON-000248",1350,176.9900,"Consumer Appliances Product 00248",180,"finished_good",71,"consumer_appliances","EA","make","Y",2026-09-20 09:31:58.225711Z
249,"P000249",5,63.9900,"SKU-ENG-000249",343,105.3300,"Engine Systems Product 00249",2706,"finished_good",615,"engine_systems","EA","make","Y",2026-09-20 09:31:58.225711Z
250,"P000250",18,73.8800,"SKU-CON-000250",1386,127.0600,"Consumer Appliances Product 00250",1978,"finished_good",609,"consumer_appliances","EA","make","Y",2026-09-20 09:31:58.225711Z
251,"P000251",14,45.8700,"SKU-FAB-000251",455,104.8700,"Fabricated Frames Product 00251",714,"finished_good",193,"fabricated_frames","KG","make","Y",2026-09-20 09:31:58.225711Z
252,"P000252",8,95.1400,"SKU-IND-000252",1204,224.8500,"Industrial Pumps Product 00252",3086,"finished_good",702,"industrial_pumps","EA","make","Y",2026-09-20 09:31:58.225711Z
253,"P000253",8,58.9200,"SKU-FAB-000253",389,142.9100,"Fabricated Frames Product 00253",1379,"finished_good",316,"fabricated_frames","EA","make","Y",2026-09-20 09:31:58.225711Z
254,"P000254",5,68.2600,"SKU-VEH-000254",236,141.7400,"Vehicle Electronics Product 00254",610,"finished_good",522,"vehicle_electronics","EA","make","Y",2026-09-20 09:31:58.225711Z
255,"P000255",3,98.2000,"SKU-IND-000255",448,195.8700,"Industrial Pumps Product 00255",866,"finished_good",168,"industrial_pumps","EA","make","Y",2026-09-20 09:31:58.225711Z
256,"P000256",12,30.2600,"SKU-IND-000256",1157,49.3800,"Industrial Pumps Product 00256",2086,"finished_good",686,"industrial_pumps","EA","make","Y",2026-09-20 09:31:58.225711Z
257,"P000257",11,83.0500,"SKU-IND-000257",638,157.7000,"Industrial Pumps Product 00257",2842,"finished_good",411,"industrial_pumps","EA","make","Y",2026-09-20 09:31:58.225711Z
258,"P000258",7,83.4500,"SKU-IND-000258",386,182.0100,"Industrial Pumps Product 00258",1808,"finished_good",389,"industrial_pumps","M","make","Y",2026-09-20 09:31:58.225711Z
259,"P000259",17,157.2800,"SKU-IND-000259",1330,380.2900,"Industrial Pumps Product 00259",793,"finished_good",229,"industrial_pumps","EA","make","Y",2026-09-20 09:31:58.225711Z
260,"P000260",6,83.3200,"SKU-VEH-000260",322,178.4200,"Vehicle Electronics Product 00260",2735,"finished_good",92,"vehicle_electronics","EA","make","Y",2026-09-20 09:31:58.225711Z
261,"P000261",18,17.3600,"SKU-VEH-000261",1494,31.7000,"Vehicle Electronics Product 00261",2600,"finished_good",627,"vehicle_electronics","EA","make","Y",2026-09-20 09:31:58.225711Z
262,"P000262",5,54.3800,"SKU-CON-000262",155,131.7900,"Consumer Appliances Product 00262",329,"finished_good",103,"consumer_appliances","EA","make","Y",2026-09-20 09:31:58.225711Z
263,"P000263",12,63.7800,"SKU-ENG-000263",1225,134.9600,"Engine Systems Product 00263",267,"finished_good",13,"engine_systems","KG","make","Y",2026-09-20 09:31:58.225711Z
264,"P000264",10,73.9100,"SKU-FAB-000264",111,148.5400,"Fabricated Frames Product 00264",826,"finished_good",731,"fabricated_frames","EA","make","Y",2026-09-20 09:31:58.225711Z
265,"P000265",9,140.8900,"SKU-ENG-000265",760,201.1900,"Engine Systems Product 00265",2887,"finished_good",705,"engine_systems","EA","make","Y",2026-09-20 09:31:58.225711Z
266,"P000266",18,184.3200,"SKU-CON-000266",384,248.8600,"Consumer Appliances Product 00266",46,"finished_good",138,"consumer_appliances","KG","make","Y",2026-09-20 09:31:58.225711Z
267,"P000267",18,89.5700,"SKU-VEH-000267",595,154.1300,"Vehicle Electronics Product 00267",3375,"finished_good",423,"vehicle_electronics","M","make","Y",2026-09-20 09:31:58.225711Z
268,"P000268",14,20.6500,"SKU-CON-000268",1021,31.9200,"Consumer Appliances Product 00268",3165,"finished_good",158,"consumer_appliances","EA","make","Y",2026-09-20 09:31:58.225711Z
269,"P000269",6,92.1700,"SKU-VEH-000269",794,138.4800,"Vehicle Electronics Product 00269",1163,"finished_good",518,"vehicle_electronics","EA","make","Y",2026-09-20 09:31:58.225711Z
270,"P000270",5,48.9000,"SKU-IND-000270",935,113.8400,"Industrial Pumps Product 00270",1505,"finished_good",103,"industrial_pumps","EA","make","Y",2026-09-20 09:31:58.225711Z
271,"P000271",10,62.2700,"SKU-ENG-000271",228,80.6900,"Engine Systems Product 00271",1638,"finished_good",536,"engine_systems","M","make","Y",2026-09-20 09:31:58.225711Z
272,"P000272",2,51.2400,"SKU-ENG-000272",163,83.7100,"Engine Systems Product 00272",2002,"finished_good",741,"engine_systems","EA","make","Y",2026-09-20 09:31:58.225711Z
273,"P000273",13,116.3400,"SKU-FAB-000273",745,162.8200,"Fabricated Frames Product 00273",2932,"finished_good",280,"fabricated_frames","EA","make","Y",2026-09-20 09:31:58.225711Z
274,"P000274",3,75.7900,"SKU-ENG-000274",1211,133.4200,"Engine Systems Product 00274",154,"finished_good",449,"engine_systems","EA","make","Y",2026-09-20 09:31:58.225711Z
275,"P000275",4,58.7900,"SKU-CON-000275",1261,119.7500,"Consumer Appliances Product 00275",2989,"finished_good",472,"consumer_appliances","EA","make","Y",2026-09-20 09:31:58.225711Z
276,"P000276",14,32.6600,"SKU-CON-000276",1493,55.9400,"Consumer Appliances Product 00276",1015,"finished_good",276,"consumer_appliances","EA","make","Y",2026-09-20 09:31:58.225711Z
277,"P000277",16,8.0000,"SKU-ENG-000277",432,11.7900,"Engine Systems Product 00277",1542,"finished_good",208,"engine_systems","EA","make","Y",2026-09-20 09:31:58.225711Z
278,"P000278",3,60.0000,"SKU-CON-000278",16,121.9200,"Consumer Appliances Product 00278",2863,"finished_good",791,"consumer_appliances","EA","make","Y",2026-09-20 09:31:58.225711Z
279,"P000279",18,29.9700,"SKU-CON-000279",365,56.3200,"Consumer Appliances Product 00279",1442,"finished_good",650,"consumer_appliances","EA","make","Y",2026-09-20 09:31:58.225711Z
280,"P000280",13,52.1700,"SKU-VEH-000280",611,88.9500,"Vehicle Electronics Product 00280",70,"finished_good",20,"vehicle_electronics","EA","make","Y",2026-09-20 09:31:58.225711Z
281,"P000281",8,100.5900,"SKU-CON-000281",159,157.7000,"Consumer Appliances Product 00281",3316,"finished_good",271,"consumer_appliances","KG","make","Y",2026-09-20 09:31:58.225711Z
282,"P000282",15,91.2900,"SKU-ENG-000282",53,151.9600,"Engine Systems Product 00282",1928,"finished_good",406,"engine_systems","EA","make","Y",2026-09-20 09:31:58.225711Z
283,"P000283",13,131.1700,"SKU-IND-000283",516,282.5500,"Industrial Pumps Product 00283",56,"finished_good",396,"industrial_pumps","EA","make","Y",2026-09-20 09:31:58.225711Z
284,"P000284",3,10.1600,"SKU-VEH-000284",929,17.7300,"Vehicle Electronics Product 00284",2800,"finished_good",352,"vehicle_electronics","EA","make","Y",2026-09-20 09:31:58.225711Z
285,"P000285",14,40.9400,"SKU-IND-000285",1175,69.9900,"Industrial Pumps Product 00285",2407,"finished_good",649,"industrial_pumps","EA","make","Y",2026-09-20 09:31:58.225711Z
286,"P000286",13,39.2100,"SKU-VEH-000286",260,78.7000,"Vehicle Electronics Product 00286",749,"finished_good",425,"vehicle_electronics","EA","make","Y",2026-09-20 09:31:58.225711Z
287,"P000287",2,30.8600,"SKU-IND-000287",1036,65.8200,"Industrial Pumps Product 00287",2964,"finished_good",469,"industrial_pumps","KG","make","Y",2026-09-20 09:31:58.225711Z
288,"P000288",4,131.0300,"SKU-ENG-000288",504,196.4800,"Engine Systems Product 00288",3210,"finished_good",137,"engine_systems","KG","make","Y",2026-09-20 09:31:58.225711Z
289,"P000289",3,33.2200,"SKU-ENG-000289",1102,48.9800,"Engine Systems Product 00289",947,"finished_good",652,"engine_systems","M","make","Y",2026-09-20 09:31:58.225711Z
290,"P000290",13,111.7200,"SKU-IND-000290",441,249.0300,"Industrial Pumps Product 00290",2111,"finished_good",750,"industrial_pumps","M","make","Y",2026-09-20 09:31:58.225711Z
291,"P000291",13,121.2500,"SKU-VEH-000291",79,252.2700,"Vehicle Electronics Product 00291",3201,"finished_good",64,"vehicle_electronics","EA","make","Y",2026-09-20 09:31:58.225711Z
292,"P000292",10,401.1200,"SKU-FAB-000292",1240,730.0400,"Fabricated Frames Product 00292",209,"finished_good",480,"fabricated_frames","L","make","Y",2026-09-20 09:31:58.225711Z
293,"P000293",9,78.4500,"SKU-CON-000293",602,173.3600,"Consumer Appliances Product 00293",2810,"finished_good",199,"consumer_appliances","EA","make","Y",2026-09-20 09:31:58.225711Z
294,"P000294",10,168.2700,"SKU-VEH-000294",559,391.2200,"Vehicle Electronics Product 00294",70,"finished_good",702,"vehicle_electronics","L","make","Y",2026-09-20 09:31:58.225711Z
295,"P000295",17,129.0300,"SKU-FAB-000295",1394,229.1700,"Fabricated Frames Product 00295",828,"finished_good",158,"fabricated_frames","EA","make","Y",2026-09-20 09:31:58.225711Z
296,"P000296",16,70.1400,"SKU-CON-000296",474,134.3600,"Consumer Appliances Product 00296",3077,"finished_good",20,"consumer_appliances","EA","make","Y",2026-09-20 09:31:58.225711Z
297,"P000297",17,132.7600,"SKU-CON-000297",285,269.0000,"Consumer Appliances Product 00297",2831,"finished_good",564,"consumer_appliances","KG","make","Y",2026-09-20 09:31:58.225711Z
298,"P000298",5,266.4500,"SKU-ENG-000298",703,491.6800,"Engine Systems Product 00298",1907,"finished_good",338,"engine_systems","KG","make","Y",2026-09-20 09:31:58.225711Z
299,"P000299",14,213.6800,"SKU-CON-000299",148,417.0800,"Consumer Appliances Product 00299",1096,"finished_good",116,"consumer_appliances","M","make","Y",2026-09-20 09:31:58.225711Z
300,"P000300",9,127.0600,"SKU-FAB-000300",275,297.7600,"Fabricated Frames Product 00300",2631,"finished_good",766,"fabricated_frames","EA","make","Y",2026-09-20 09:31:58.225711Z
301,"P000301",10,53.6300,"SKU-CON-000301",1204,113.5800,"Consumer Appliances Product 00301",1756,"finished_good",255,"consumer_appliances","EA","make","Y",2026-09-20 09:31:58.225711Z
302,"P000302",15,54.5200,"SKU-VEH-000302",1309,104.2100,"Vehicle Electronics Product 00302",323,"finished_good",61,"vehicle_electronics","KG","make","Y",2026-09-20 09:31:58.225711Z
303,"P000303",16,127.4900,"SKU-CON-000303",885,248.5000,"Consumer Appliances Product 00303",3052,"finished_good",124,"consumer_appliances","EA","make","Y",2026-09-20 09:31:58.225711Z
304,"P000304",18,36.7000,"SKU-ENG-000304",336,55.5800,"Engine Systems Product 00304",1695,"finished_good",348,"engine_systems","EA","make","Y",2026-09-20 09:31:58.225711Z
305,"P000305",6,50.0400,"SKU-VEH-000305",1394,93.1700,"Vehicle Electronics Product 00305",1200,"finished_good",734,"vehicle_electronics","EA","make","Y",2026-09-20 09:31:58.225711Z
306,"P000306",14,246.5600,"SKU-FAB-000306",151,370.7800,"Fabricated Frames Product 00306",202,"finished_good",795,"fabricated_frames","EA","make","Y",2026-09-20 09:31:58.225711Z
307,"P000307",18,66.4600,"SKU-VEH-000307",104,112.7800,"Vehicle Electronics Product 00307",491,"finished_good",744,"vehicle_electronics","EA","make","Y",2026-09-20 09:31:58.225711Z
308,"P000308",5,104.3000,"SKU-ENG-000308",158,152.0500,"Engine Systems Product 00308",1533,"finished_good",409,"engine_systems","EA","make","Y",2026-09-20 09:31:58.225711Z
309,"P000309",12,39.0300,"SKU-ENG-000309",1466,70.9200,"Engine Systems Product 00309",3260,"finished_good",692,"engine_systems","EA","make","Y",2026-09-20 09:31:58.225711Z
310,"P000310",10,115.3600,"SKU-ENG-000310",1047,214.6000,"Engine Systems Product 00310",1687,"finished_good",313,"engine_systems","EA","make","Y",2026-09-20 09:31:58.225711Z
311,"P000311",10,25.2500,"SKU-VEH-000311",1031,45.6400,"Vehicle Electronics Product 00311",1836,"finished_good",40,"vehicle_electronics","KG","make","Y",2026-09-20 09:31:58.225711Z
312,"P000312",10,93.6300,"SKU-VEH-000312",230,174.2800,"Vehicle Electronics Product 00312",2965,"finished_good",414,"vehicle_electronics","EA","make","Y",2026-09-20 09:31:58.225711Z
313,"P000313",18,45.6900,"SKU-ENG-000313",1072,85.4100,"Engine Systems Product 00313",1901,"finished_good",109,"engine_systems","EA","make","Y",2026-09-20 09:31:58.225711Z
314,"P000314",4,46.1100,"SKU-VEH-000314",694,67.9300,"Vehicle Electronics Product 00314",1840,"finished_good",371,"vehicle_electronics","EA","make","Y",2026-09-20 09:31:58.225711Z
315,"P000315",4,68.6900,"SKU-VEH-000315",1456,167.7300,"Vehicle Electronics Product 00315",3103,"finished_good",28,"vehicle_electronics","EA","make","Y",2026-09-20 09:31:58.225711Z
316,"P000316",6,56.2400,"SKU-IND-000316",859,103.4500,"Industrial Pumps Product 00316",3082,"finished_good",41,"industrial_pumps","KG","make","Y",2026-09-20 09:31:58.225711Z
317,"P000317",15,48.9200,"SKU-CON-000317",958,65.4500,"Consumer Appliances Product 00317",1812,"finished_good",580,"consumer_appliances","EA","make","Y",2026-09-20 09:31:58.225711Z
318,"P000318",16,42.7200,"SKU-IND-000318",1192,83.0500,"Industrial Pumps Product 00318",2103,"finished_good",569,"industrial_pumps","EA","make","Y",2026-09-20 09:31:58.225711Z
319,"P000319",17,29.5100,"SKU-VEH-000319",1240,51.9700,"Vehicle Electronics Product 00319",145,"finished_good",584,"vehicle_electronics","EA","make","Y",2026-09-20 09:31:58.225711Z
320,"P000320",3,75.7600,"SKU-CON-000320",474,127.4400,"Consumer Appliances Product 00320",1544,"finished_good",750,"consumer_appliances","EA","make","Y",2026-09-20 09:31:58.225711Z
321,"P000321",8,27.5800,"SKU-FAB-000321",1257,45.4900,"Fabricated Frames Product 00321",314,"finished_good",643,"fabricated_frames","EA","make","Y",2026-09-20 09:31:58.225711Z
322,"P000322",9,638.2100,"SKU-IND-000322",312,1396.3700,"Industrial Pumps Product 00322",1882,"finished_good",702,"industrial_pumps","L","make","Y",2026-09-20 09:31:58.225711Z
323,"P000323",16,49.7600,"SKU-ENG-000323",366,96.8200,"Engine Systems Product 00323",1269,"finished_good",123,"engine_systems","EA","make","Y",2026-09-20 09:31:58.225711Z
324,"P000324",3,45.7900,"SKU-FAB-000324",816,92.2300,"Fabricated Frames Product 00324",2029,"finished_good",50,"fabricated_frames","EA","make","Y",2026-09-20 09:31:58.225711Z
325,"P000325",14,106.3600,"SKU-VEH-000325",1101,222.6900,"Vehicle Electronics Product 00325",2942,"finished_good",240,"vehicle_electronics","EA","make","Y",2026-09-20 09:31:58.225711Z
326,"P000326",13,76.3900,"SKU-IND-000326",102,167.1400,"Industrial Pumps Product 00326",2720,"finished_good",306,"industrial_pumps","M","make","Y",2026-09-20 09:31:58.225711Z
327,"P000327",6,156.8600,"SKU-VEH-000327",1145,291.5300,"Vehicle Electronics Product 00327",1958,"finished_good",365,"vehicle_electronics","EA","make","Y",2026-09-20 09:31:58.225711Z
328,"P000328",12,63.7700,"SKU-ENG-000328",582,106.4900,"Engine Systems Product 00328",920,"finished_good",750,"engine_systems","EA","make","Y",2026-09-20 09:31:58.225711Z
329,"P000329",12,269.1600,"SKU-IND-000329",1469,459.0400,"Industrial Pumps Product 00329",2062,"finished_good",613,"industrial_pumps","EA","make","Y",2026-09-20 09:31:58.225711Z
330,"P000330",16,51.6700,"SKU-VEH-000330",325,116.8200,"Vehicle Electronics Product 00330",2645,"finished_good",547,"vehicle_electronics","EA","make","Y",2026-09-20 09:31:58.225711Z
331,"P000331",8,183.7300,"SKU-VEH-000331",847,381.3400,"Vehicle Electronics Product 00331",497,"finished_good",91,"vehicle_electronics","EA","make","Y",2026-09-20 09:31:58.225711Z
332,"P000332",6,246.4400,"SKU-IND-000332",1333,352.4100,"Industrial Pumps Product 00332",160,"finished_good",389,"industrial_pumps","EA","make","Y",2026-09-20 09:31:58.225711Z
333,"P000333",8,257.2600,"SKU-VEH-000333",1010,618.8200,"Vehicle Electronics Product 00333",1217,"finished_good",64,"vehicle_electronics","KG","make","Y",2026-09-20 09:31:58.225711Z
334,"P000334",12,81.0400,"SKU-VEH-000334",867,126.3200,"Vehicle Electronics Product 00334",344,"finished_good",22,"vehicle_electronics","EA","make","Y",2026-09-20 09:31:58.225711Z
335,"P000335",7,36.2200,"SKU-VEH-000335",990,80.4500,"Vehicle Electronics Product 00335",1076,"finished_good",405,"vehicle_electronics","EA","make","Y",2026-09-20 09:31:58.225711Z
336,"P000336",7,118.4800,"SKU-VEH-000336",1446,189.7300,"Vehicle Electronics Product 00336",2585,"finished_good",546,"vehicle_electronics","EA","make","Y",2026-09-20 09:31:58.225711Z
337,"P000337",7,23.7300,"SKU-ENG-000337",320,44.7200,"Engine Systems Product 00337",2660,"finished_good",666,"engine_systems","L","make","Y",2026-09-20 09:31:58.225711Z
338,"P000338",10,56.3800,"SKU-ENG-000338",449,77.8400,"Engine Systems Product 00338",1450,"finished_good",139,"engine_systems","EA","make","Y",2026-09-20 09:31:58.225711Z
339,"P000339",3,67.0500,"SKU-IND-000339",1396,146.3100,"Industrial Pumps Product 00339",1430,"finished_good",124,"industrial_pumps","EA","make","Y",2026-09-20 09:31:58.225711Z
340,"P000340",18,54.1300,"SKU-CON-000340",1323,76.5100,"Consumer Appliances Product 00340",111,"finished_good",195,"consumer_appliances","KG","make","Y",2026-09-20 09:31:58.225711Z
341,"P000341",14,126.0300,"SKU-VEH-000341",1210,235.0700,"Vehicle Electronics Product 00341",2595,"finished_good",490,"vehicle_electronics","L","make","Y",2026-09-20 09:31:58.225711Z
342,"P000342",8,67.1100,"SKU-ENG-000342",300,129.2400,"Engine Systems Product 00342",3300,"finished_good",27,"engine_systems","EA","make","Y",2026-09-20 09:31:58.225711Z
343,"P000343",8,30.6500,"SKU-VEH-000343",1078,66.8100,"Vehicle Electronics Product 00343",3327,"finished_good",747,"vehicle_electronics","EA","make","Y",2026-09-20 09:31:58.225711Z
344,"P000344",15,85.5700,"SKU-VEH-000344",1187,197.6600,"Vehicle Electronics Product 00344",196,"finished_good",129,"vehicle_electronics","KG","make","Y",2026-09-20 09:31:58.225711Z
345,"P000345",16,121.2700,"SKU-VEH-000345",61,224.7900,"Vehicle Electronics Product 00345",377,"finished_good",642,"vehicle_electronics","KG","make","Y",2026-09-20 09:31:58.225711Z
346,"P000346",12,42.1600,"SKU-CON-000346",368,77.4900,"Consumer Appliances Product 00346",3169,"finished_good",437,"consumer_appliances","EA","make","Y",2026-09-20 09:31:58.225711Z
347,"P000347",18,29.2000,"SKU-ENG-000347",374,58.0300,"Engine Systems Product 00347",455,"finished_good",681,"engine_systems","KG","make","Y",2026-09-20 09:31:58.225711Z
348,"P000348",15,40.7000,"SKU-VEH-000348",1092,58.6600,"Vehicle Electronics Product 00348",2512,"finished_good",121,"vehicle_electronics","M","make","Y",2026-09-20 09:31:58.225711Z
349,"P000349",2,41.4500,"SKU-ENG-000349",1186,73.5000,"Engine Systems Product 00349",624,"finished_good",713,"engine_systems","EA","make","Y",2026-09-20 09:31:58.225711Z
350,"P000350",7,23.9600,"SKU-ENG-000350",977,36.0400,"Engine Systems Product 00350",552,"finished_good",722,"engine_systems","KG","make","Y",2026-09-20 09:31:58.225711Z
351,"P000351",14,362.1100,"SKU-IND-000351",659,803.5900,"Industrial Pumps Product 00351",89,"finished_good",168,"industrial_pumps","KG","make","Y",2026-09-20 09:31:58.225711Z
352,"P000352",10,223.0600,"SKU-CON-000352",1057,533.1000,"Consumer Appliances Product 00352",2677,"finished_good",258,"consumer_appliances","EA","make","Y",2026-09-20 09:31:58.225711Z
353,"P000353",14,39.1600,"SKU-CON-000353",431,73.4400,"Consumer Appliances Product 00353",633,"finished_good",437,"consumer_appliances","KG","make","Y",2026-09-20 09:31:58.225711Z
354,"P000354",14,60.6900,"SKU-CON-000354",560,112.8000,"Consumer Appliances Product 00354",986,"finished_good",222,"consumer_appliances","EA","make","Y",2026-09-20 09:31:58.225711Z
355,"P000355",10,31.6100,"SKU-ENG-000355",849,46.3100,"Engine Systems Product 00355",1002,"finished_good",197,"engine_systems","EA","make","Y",2026-09-20 09:31:58.225711Z
356,"P000356",2,88.9600,"SKU-IND-000356",1004,213.9400,"Industrial Pumps Product 00356",641,"finished_good",630,"industrial_pumps","EA","make","Y",2026-09-20 09:31:58.225711Z
357,"P000357",15,49.6800,"SKU-IND-000357",733,69.1100,"Industrial Pumps Product 00357",3346,"finished_good",303,"industrial_pumps","EA","make","Y",2026-09-20 09:31:58.225711Z
358,"P000358",12,273.8000,"SKU-VEH-000358",1256,406.2100,"Vehicle Electronics Product 00358",748,"finished_good",232,"vehicle_electronics","EA","make","Y",2026-09-20 09:31:58.225711Z
359,"P000359",10,15.4500,"SKU-IND-000359",194,24.1700,"Industrial Pumps Product 00359",2824,"finished_good",603,"industrial_pumps","EA","make","Y",2026-09-20 09:31:58.225711Z
360,"P000360",10,111.9700,"SKU-CON-000360",202,200.1800,"Consumer Appliances Product 00360",1460,"finished_good",64,"consumer_appliances","EA","make","Y",2026-09-20 09:31:58.225711Z
361,"P000361",2,22.6300,"SKU-CON-000361",21,31.4500,"Consumer Appliances Product 00361",2825,"finished_good",475,"consumer_appliances","EA","make","Y",2026-09-20 09:31:58.225711Z
362,"P000362",8,105.8300,"SKU-IND-000362",1010,142.9600,"Industrial Pumps Product 00362",2454,"finished_good",309,"industrial_pumps","EA","make","Y",2026-09-20 09:31:58.225711Z
363,"P000363",10,61.6200,"SKU-IND-000363",115,87.6600,"Industrial Pumps Product 00363",2630,"finished_good",326,"industrial_pumps","EA","make","Y",2026-09-20 09:31:58.225711Z
364,"P000364",6,27.4400,"SKU-IND-000364",1007,65.2100,"Industrial Pumps Product 00364",2413,"finished_good",120,"industrial_pumps","EA","make","Y",2026-09-20 09:31:58.225711Z
365,"P000365",2,24.7200,"SKU-CON-000365",90,57.9500,"Consumer Appliances Product 00365",460,"finished_good",123,"consumer_appliances","EA","make","Y",2026-09-20 09:31:58.225711Z
366,"P000366",5,44.6300,"SKU-ENG-000366",195,94.6100,"Engine Systems Product 00366",563,"finished_good",255,"engine_systems","EA","make","Y",2026-09-20 09:31:58.225711Z
367,"P000367",5,27.8700,"SKU-ENG-000367",186,41.2000,"Engine Systems Product 00367",50,"finished_good",196,"engine_systems","KG","make","Y",2026-09-20 09:31:58.225711Z
368,"P000368",15,78.0200,"SKU-IND-000368",498,120.5100,"Industrial Pumps Product 00368",1639,"finished_good",113,"industrial_pumps","EA","make","Y",2026-09-20 09:31:58.225711Z
369,"P000369",6,33.5800,"SKU-VEH-000369",1043,46.3800,"Vehicle Electronics Product 00369",162,"finished_good",261,"vehicle_electronics","EA","make","Y",2026-09-20 09:31:58.225711Z
370,"P000370",9,84.4600,"SKU-IND-000370",691,181.1500,"Industrial Pumps Product 00370",2967,"finished_good",690,"industrial_pumps","EA","make","Y",2026-09-20 09:31:58.225711Z
371,"P000371",12,72.1100,"SKU-ENG-000371",989,165.0300,"Engine Systems Product 00371",2239,"finished_good",730,"engine_systems","EA","make","Y",2026-09-20 09:31:58.225711Z
372,"P000372",11,104.4200,"SKU-FAB-000372",861,215.4400,"Fabricated Frames Product 00372",3002,"finished_good",303,"fabricated_frames","EA","make","Y",2026-09-20 09:31:58.225711Z
373,"P000373",10,67.9800,"SKU-FAB-000373",1039,114.9200,"Fabricated Frames Product 00373",2929,"finished_good",301,"fabricated_frames","EA","make","Y",2026-09-20 09:31:58.225711Z
374,"P000374",12,122.0900,"SKU-VEH-000374",1179,165.5600,"Vehicle Electronics Product 00374",3319,"finished_good",700,"vehicle_electronics","EA","make","Y",2026-09-20 09:31:58.225711Z
375,"P000375",16,335.5200,"SKU-ENG-000375",1023,705.0100,"Engine Systems Product 00375",3300,"finished_good",72,"engine_systems","EA","make","Y",2026-09-20 09:31:58.225711Z
376,"P000376",4,8.7400,"SKU-VEH-000376",1344,13.1000,"Vehicle Electronics Product 00376",3112,"finished_good",151,"vehicle_electronics","EA","make","Y",2026-09-20 09:31:58.225711Z
377,"P000377",6,31.7400,"SKU-ENG-000377",1171,51.3000,"Engine Systems Product 00377",2654,"finished_good",531,"engine_systems","EA","make","Y",2026-09-20 09:31:58.225711Z
378,"P000378",4,19.8700,"SKU-IND-000378",1076,31.7200,"Industrial Pumps Product 00378",3430,"finished_good",489,"industrial_pumps","EA","make","Y",2026-09-20 09:31:58.225711Z
379,"P000379",15,57.7400,"SKU-VEH-000379",983,74.5400,"Vehicle Electronics Product 00379",331,"finished_good",219,"vehicle_electronics","EA","make","Y",2026-09-20 09:31:58.225711Z
380,"P000380",2,73.2200,"SKU-ENG-000380",351,164.7400,"Engine Systems Product 00380",2689,"finished_good",246,"engine_systems","EA","make","Y",2026-09-20 09:31:58.225711Z
381,"P000381",8,111.3800,"SKU-VEH-000381",945,204.1700,"Vehicle Electronics Product 00381",2444,"finished_good",548,"vehicle_electronics","EA","make","Y",2026-09-20 09:31:58.225711Z
382,"P000382",13,11.5600,"SKU-IND-000382",628,18.0700,"Industrial Pumps Product 00382",3356,"finished_good",293,"industrial_pumps","EA","make","Y",2026-09-20 09:31:58.225711Z
383,"P000383",16,127.5300,"SKU-FAB-000383",1419,245.3900,"Fabricated Frames Product 00383",1155,"finished_good",183,"fabricated_frames","EA","make","Y",2026-09-20 09:31:58.225711Z
384,"P000384",11,94.8400,"SKU-ENG-000384",837,160.5500,"Engine Systems Product 00384",670,"finished_good",328,"engine_systems","EA","make","Y",2026-09-20 09:31:58.225711Z
385,"P000385",2,29.7700,"SKU-ENG-000385",494,63.7500,"Engine Systems Product 00385",2210,"finished_good",183,"engine_systems","EA","make","Y",2026-09-20 09:31:58.225711Z
386,"P000386",10,115.0500,"SKU-FAB-000386",1438,198.9300,"Fabricated Frames Product 00386",3129,"finished_good",42,"fabricated_frames","EA","make","Y",2026-09-20 09:31:58.225711Z
387,"P000387",11,14.6500,"SKU-IND-000387",1192,34.5400,"Industrial Pumps Product 00387",1861,"finished_good",59,"industrial_pumps","EA","make","Y",2026-09-20 09:31:58.225711Z
388,"P000388",11,40.5900,"SKU-CON-000388",1153,84.8300,"Consumer Appliances Product 00388",1077,"finished_good",607,"consumer_appliances","EA","make","Y",2026-09-20 09:31:58.225711Z
389,"P000389",15,72.4700,"SKU-FAB-000389",909,173.9300,"Fabricated Frames Product 00389",527,"finished_good",175,"fabricated_frames","EA","make","Y",2026-09-20 09:31:58.225711Z
390,"P000390",7,11.9300,"SKU-ENG-000390",193,17.3400,"Engine Systems Product 00390",3123,"finished_good",653,"engine_systems","EA","make","Y",2026-09-20 09:31:58.225711Z
391,"P000391",14,23.5500,"SKU-ENG-000391",558,39.4300,"Engine Systems Product 00391",577,"finished_good",314,"engine_systems","EA","make","Y",2026-09-20 09:31:58.225711Z
392,"P000392",15,37.0400,"SKU-IND-000392",273,80.0600,"Industrial Pumps Product 00392",1413,"finished_good",100,"industrial_pumps","EA","make","Y",2026-09-20 09:31:58.225711Z
393,"P000393",9,176.1600,"SKU-ENG-000393",1393,401.3600,"Engine Systems Product 00393",3072,"finished_good",306,"engine_systems","KG","make","Y",2026-09-20 09:31:58.225711Z
394,"P000394",8,42.6200,"SKU-FAB-000394",299,104.0900,"Fabricated Frames Product 00394",1010,"finished_good",139,"fabricated_frames","EA","make","Y",2026-09-20 09:31:58.225711Z
395,"P000395",16,406.4900,"SKU-VEH-000395",862,861.4800,"Vehicle Electronics Product 00395",3186,"finished_good",560,"vehicle_electronics","EA","make","Y",2026-09-20 09:31:58.225711Z
396,"P000396",2,95.1000,"SKU-VEH-000396",693,198.2700,"Vehicle Electronics Product 00396",405,"finished_good",770,"vehicle_electronics","EA","make","Y",2026-09-20 09:31:58.225711Z
397,"P000397",6,77.6100,"SKU-CON-000397",479,163.2800,"Consumer Appliances Product 00397",2339,"finished_good",318,"consumer_appliances","EA","make","Y",2026-09-20 09:31:58.225711Z
398,"P000398",16,114.3300,"SKU-ENG-000398",883,202.9600,"Engine Systems Product 00398",2594,"finished_good",701,"engine_systems","KG","make","Y",2026-09-20 09:31:58.225711Z
399,"P000399",15,34.2600,"SKU-ENG-000399",1394,52.9400,"Engine Systems Product 00399",2150,"finished_good",609,"engine_systems","EA","make","Y",2026-09-20 09:31:58.225711Z
400,"P000400",14,125.1100,"SKU-CON-000400",1471,278.5700,"Consumer Appliances Product 00400",3351,"finished_good",710,"consumer_appliances","EA","make","Y",2026-09-20 09:31:58.225711Z
401,"P000401",17,51.1800,"SKU-IND-000401",196,111.8200,"Industrial Pumps Product 00401",1497,"finished_good",578,"industrial_pumps","KG","make","Y",2026-09-20 09:31:58.225711Z
402,"P000402",16,120.0600,"SKU-ENG-000402",592,190.7200,"Engine Systems Product 00402",3176,"finished_good",376,"engine_systems","EA","make","Y",2026-09-20 09:31:58.225711Z
403,"P000403",2,18.7500,"SKU-ENG-000403",779,36.8400,"Engine Systems Product 00403",1728,"finished_good",219,"engine_systems","EA","make","Y",2026-09-20 09:31:58.225711Z
404,"P000404",17,114.5400,"SKU-VEH-000404",739,220.0700,"Vehicle Electronics Product 00404",790,"finished_good",285,"vehicle_electronics","EA","make","Y",2026-09-20 09:31:58.225711Z
405,"P000405",3,36.8300,"SKU-VEH-000405",690,70.0600,"Vehicle Electronics Product 00405",2743,"finished_good",644,"vehicle_electronics","EA","make","Y",2026-09-20 09:31:58.225711Z
406,"P000406",8,20.1600,"SKU-CON-000406",1293,41.0200,"Consumer Appliances Product 00406",286,"finished_good",272,"consumer_appliances","EA","make","Y",2026-09-20 09:31:58.225711Z
407,"P000407",14,81.5500,"SKU-FAB-000407",377,116.3400,"Fabricated Frames Product 00407",1546,"finished_good",370,"fabricated_frames","EA","make","Y",2026-09-20 09:31:58.225711Z
408,"P000408",18,123.5200,"SKU-CON-000408",870,207.8800,"Consumer Appliances Product 00408",224,"finished_good",218,"consumer_appliances","EA","make","Y",2026-09-20 09:31:58.225711Z
409,"P000409",8,47.5300,"SKU-VEH-000409",1153,96.5300,"Vehicle Electronics Product 00409",1546,"finished_good",584,"vehicle_electronics","M","make","Y",2026-09-20 09:31:58.225711Z
410,"P000410",6,37.3500,"SKU-CON-000410",956,90.9900,"Consumer Appliances Product 00410",3009,"finished_good",117,"consumer_appliances","EA","make","Y",2026-09-20 09:31:58.225711Z
411,"P000411",18,20.1000,"SKU-ENG-000411",63,35.1400,"Engine Systems Product 00411",2309,"finished_good",527,"engine_systems","EA","make","Y",2026-09-20 09:31:58.225711Z
412,"P000412",13,43.1800,"SKU-IND-000412",1386,57.0500,"Industrial Pumps Product 00412",160,"finished_good",37,"industrial_pumps","EA","make","Y",2026-09-20 09:31:58.225711Z
413,"P000413",17,97.7600,"SKU-IND-000413",1038,143.1400,"Industrial Pumps Product 00413",475,"finished_good",757,"industrial_pumps","EA","make","Y",2026-09-20 09:31:58.225711Z
414,"P000414",8,39.8200,"SKU-IND-000414",67,63.8300,"Industrial Pumps Product 00414",2119,"finished_good",648,"industrial_pumps","EA","make","Y",2026-09-20 09:31:58.225711Z
415,"P000415",11,38.4500,"SKU-IND-000415",1458,79.6800,"Industrial Pumps Product 00415",686,"finished_good",175,"industrial_pumps","EA","make","Y",2026-09-20 09:31:58.225711Z
416,"P000416",11,37.9200,"SKU-VEH-000416",1102,77.9300,"Vehicle Electronics Product 00416",3150,"finished_good",436,"vehicle_electronics","L","make","Y",2026-09-20 09:31:58.225711Z
417,"P000417",18,37.3200,"SKU-FAB-000417",245,91.4100,"Fabricated Frames Product 00417",3373,"finished_good",568,"fabricated_frames","KG","make","Y",2026-09-20 09:31:58.225711Z
418,"P000418",4,101.3200,"SKU-CON-000418",314,195.7000,"Consumer Appliances Product 00418",1306,"finished_good",682,"consumer_appliances","EA","make","Y",2026-09-20 09:31:58.225711Z
419,"P000419",10,63.3400,"SKU-CON-000419",1090,110.6100,"Consumer Appliances Product 00419",543,"finished_good",313,"consumer_appliances","EA","make","Y",2026-09-20 09:31:58.225711Z
420,"P000420",9,46.7700,"SKU-VEH-000420",169,66.6700,"Vehicle Electronics Product 00420",2530,"finished_good",214,"vehicle_electronics","EA","make","Y",2026-09-20 09:31:58.225711Z
421,"P000421",5,71.0000,"SKU-ENG-000421",827,93.5000,"Engine Systems Product 00421",418,"finished_good",73,"engine_systems","EA","make","Y",2026-09-20 09:31:58.225711Z
422,"P000422",2,99.3500,"SKU-ENG-000422",1157,137.7100,"Engine Systems Product 00422",638,"finished_good",507,"engine_systems","EA","make","Y",2026-09-20 09:31:58.225711Z
423,"P000423",10,58.2300,"SKU-ENG-000423",339,85.5300,"Engine Systems Product 00423",932,"finished_good",143,"engine_systems","EA","make","Y",2026-09-20 09:31:58.225711Z
424,"P000424",7,16.9900,"SKU-ENG-000424",995,30.3200,"Engine Systems Product 00424",3335,"finished_good",77,"engine_systems","L","make","Y",2026-09-20 09:31:58.225711Z
425,"P000425",16,61.1500,"SKU-FAB-000425",379,103.0500,"Fabricated Frames Product 00425",192,"finished_good",286,"fabricated_frames","EA","make","Y",2026-09-20 09:31:58.225711Z
426,"P000426",7,60.3800,"SKU-FAB-000426",295,144.3300,"Fabricated Frames Product 00426",121,"finished_good",535,"fabricated_frames","EA","make","Y",2026-09-20 09:31:58.225711Z
427,"P000427",14,47.1700,"SKU-ENG-000427",1350,107.7600,"Engine Systems Product 00427",2827,"finished_good",780,"engine_systems","EA","make","Y",2026-09-20 09:31:58.225711Z
428,"P000428",2,42.7600,"SKU-ENG-000428",1305,69.1400,"Engine Systems Product 00428",639,"finished_good",316,"engine_systems","EA","make","Y",2026-09-20 09:31:58.225711Z
429,"P000429",6,47.2500,"SKU-VEH-000429",1020,115.5200,"Vehicle Electronics Product 00429",1228,"finished_good",777,"vehicle_electronics","M","make","Y",2026-09-20 09:31:58.225711Z
430,"P000430",10,30.6900,"SKU-FAB-000430",73,67.3800,"Fabricated Frames Product 00430",1316,"finished_good",352,"fabricated_frames","M","make","Y",2026-09-20 09:31:58.225711Z
431,"P000431",4,15.5800,"SKU-ENG-000431",516,28.2500,"Engine Systems Product 00431",1422,"finished_good",725,"engine_systems","EA","make","Y",2026-09-20 09:31:58.225711Z
432,"P000432",15,50.9400,"SKU-FAB-000432",1427,106.3000,"Fabricated Frames Product 00432",649,"finished_good",631,"fabricated_frames","EA","make","Y",2026-09-20 09:31:58.225711Z
433,"P000433",16,43.1800,"SKU-IND-000433",1290,66.4300,"Industrial Pumps Product 00433",289,"finished_good",185,"industrial_pumps","EA","make","Y",2026-09-20 09:31:58.225711Z
434,"P000434",4,161.1700,"SKU-FAB-000434",1311,335.9800,"Fabricated Frames Product 00434",2493,"finished_good",606,"fabricated_frames","KG","make","Y",2026-09-20 09:31:58.225711Z
435,"P000435",12,37.1700,"SKU-VEH-000435",1423,74.7800,"Vehicle Electronics Product 00435",1754,"finished_good",625,"vehicle_electronics","KG","make","Y",2026-09-20 09:31:58.225711Z
436,"P000436",4,55.9600,"SKU-FAB-000436",397,88.4800,"Fabricated Frames Product 00436",876,"finished_good",406,"fabricated_frames","EA","make","Y",2026-09-20 09:31:58.225711Z
437,"P000437",9,119.0200,"SKU-CON-000437",1022,179.8400,"Consumer Appliances Product 00437",794,"finished_good",33,"consumer_appliances","EA","make","Y",2026-09-20 09:31:58.225711Z
438,"P000438",12,62.9700,"SKU-ENG-000438",124,86.0500,"Engine Systems Product 00438",1582,"finished_good",53,"engine_systems","EA","make","Y",2026-09-20 09:31:58.225711Z
439,"P000439",16,91.3400,"SKU-CON-000439",555,196.8600,"Consumer Appliances Product 00439",1721,"finished_good",669,"consumer_appliances","KG","make","Y",2026-09-20 09:31:58.225711Z
440,"P000440",17,58.5700,"SKU-VEH-000440",384,78.9100,"Vehicle Electronics Product 00440",1822,"finished_good",405,"vehicle_electronics","EA","make","Y",2026-09-20 09:31:58.225711Z
441,"P000441",10,30.2700,"SKU-VEH-000441",1096,51.4700,"Vehicle Electronics Product 00441",522,"finished_good",11,"vehicle_electronics","EA","make","Y",2026-09-20 09:31:58.225711Z
442,"P000442",7,274.6000,"SKU-FAB-000442",621,551.2000,"Fabricated Frames Product 00442",2661,"finished_good",536,"fabricated_frames","KG","make","Y",2026-09-20 09:31:58.225711Z
443,"P000443",10,75.4500,"SKU-ENG-000443",816,124.4800,"Engine Systems Product 00443",1317,"finished_good",355,"engine_systems","KG","make","Y",2026-09-20 09:31:58.225711Z
444,"P000444",3,120.9500,"SKU-VEH-000444",132,182.9700,"Vehicle Electronics Product 00444",1318,"finished_good",338,"vehicle_electronics","M","make","Y",2026-09-20 09:31:58.225711Z
445,"P000445",3,124.1500,"SKU-CON-000445",205,199.0200,"Consumer Appliances Product 00445",58,"finished_good",411,"consumer_appliances","EA","make","Y",2026-09-20 09:31:58.225711Z
446,"P000446",17,42.5200,"SKU-FAB-000446",1494,88.5700,"Fabricated Frames Product 00446",2121,"finished_good",609,"fabricated_frames","EA","make","Y",2026-09-20 09:31:58.225711Z
447,"P000447",18,168.8300,"SKU-VEH-000447",238,288.5300,"Vehicle Electronics Product 00447",741,"finished_good",169,"vehicle_electronics","EA","make","Y",2026-09-20 09:31:58.225711Z
448,"P000448",10,42.3600,"SKU-FAB-000448",1388,84.8000,"Fabricated Frames Product 00448",3291,"finished_good",166,"fabricated_frames","EA","make","Y",2026-09-20 09:31:58.225711Z
449,"P000449",7,112.2300,"SKU-ENG-000449",1095,255.9000,"Engine Systems Product 00449",439,"finished_good",691,"engine_systems","EA","make","Y",2026-09-20 09:31:58.225711Z
450,"P000450",13,34.3600,"SKU-ENG-000450",1335,59.3000,"Engine Systems Product 00450",1216,"finished_good",525,"engine_systems","L","make","Y",2026-09-20 09:31:58.225711Z
451,"P000451",3,32.4300,"SKU-FAB-000451",105,43.8300,"Fabricated Frames Product 00451",1494,"finished_good",668,"fabricated_frames","KG","make","Y",2026-09-20 09:31:58.225711Z
452,"P000452",6,62.0000,"SKU-CON-000452",988,91.8200,"Consumer Appliances Product 00452",2151,"finished_good",754,"consumer_appliances","EA","make","Y",2026-09-20 09:31:58.225711Z
453,"P000453",11,105.3600,"SKU-ENG-000453",1125,255.7500,"Engine Systems Product 00453",2643,"finished_good",740,"engine_systems","M","make","Y",2026-09-20 09:31:58.225711Z
454,"P000454",5,24.6300,"SKU-CON-000454",337,52.6600,"Consumer Appliances Product 00454",1677,"finished_good",762,"consumer_appliances","EA","make","Y",2026-09-20 09:31:58.225711Z
455,"P000455",9,90.3100,"SKU-FAB-000455",1284,153.5900,"Fabricated Frames Product 00455",1309,"finished_good",606,"fabricated_frames","KG","make","Y",2026-09-20 09:31:58.225711Z
456,"P000456",15,218.6000,"SKU-FAB-000456",173,283.7600,"Fabricated Frames Product 00456",2601,"finished_good",449,"fabricated_frames","KG","make","Y",2026-09-20 09:31:58.225711Z
457,"P000457",15,158.7600,"SKU-FAB-000457",472,302.1800,"Fabricated Frames Product 00457",1900,"finished_good",296,"fabricated_frames","EA","make","Y",2026-09-20 09:31:58.225711Z
458,"P000458",5,60.4800,"SKU-IND-000458",1300,134.6400,"Industrial Pumps Product 00458",2860,"finished_good",204,"industrial_pumps","KG","make","Y",2026-09-20 09:31:58.225711Z
459,"P000459",5,17.1700,"SKU-IND-000459",470,40.9000,"Industrial Pumps Product 00459",1561,"finished_good",528,"industrial_pumps","M","make","Y",2026-09-20 09:31:58.225711Z
460,"P000460",15,97.3300,"SKU-FAB-000460",1143,145.4400,"Fabricated Frames Product 00460",514,"finished_good",479,"fabricated_frames","EA","make","Y",2026-09-20 09:31:58.225711Z
461,"P000461",3,86.2000,"SKU-ENG-000461",547,207.7800,"Engine Systems Product 00461",2011,"finished_good",203,"engine_systems","EA","make","Y",2026-09-20 09:31:58.225711Z
462,"P000462",3,76.6800,"SKU-ENG-000462",218,121.5400,"Engine Systems Product 00462",3050,"finished_good",60,"engine_systems","EA","make","Y",2026-09-20 09:31:58.225711Z
463,"P000463",13,153.1900,"SKU-VEH-000463",1062,272.2700,"Vehicle Electronics Product 00463",3222,"finished_good",734,"vehicle_electronics","EA","make","Y",2026-09-20 09:31:58.225711Z
464,"P000464",14,80.6600,"SKU-ENG-000464",715,152.0300,"Engine Systems Product 00464",2179,"finished_good",316,"engine_systems","EA","make","Y",2026-09-20 09:31:58.225711Z
465,"P000465",2,66.8600,"SKU-VEH-000465",1415,120.5200,"Vehicle Electronics Product 00465",1900,"finished_good",754,"vehicle_electronics","M","make","Y",2026-09-20 09:31:58.225711Z
466,"P000466",15,44.5800,"SKU-ENG-000466",127,107.1300,"Engine Systems Product 00466",1968,"finished_good",412,"engine_systems","EA","make","Y",2026-09-20 09:31:58.225711Z
467,"P000467",11,46.2600,"SKU-IND-000467",712,64.0900,"Industrial Pumps Product 00467",2477,"finished_good",684,"industrial_pumps","EA","make","Y",2026-09-20 09:31:58.225711Z
468,"P000468",10,110.5500,"SKU-IND-000468",794,177.7100,"Industrial Pumps Product 00468",1455,"finished_good",581,"industrial_pumps","KG","make","Y",2026-09-20 09:31:58.225711Z
469,"P000469",14,27.2500,"SKU-FAB-000469",1179,59.7800,"Fabricated Frames Product 00469",1691,"finished_good",524,"fabricated_frames","EA","make","Y",2026-09-20 09:31:58.225711Z
470,"P000470",17,58.4000,"SKU-IND-000470",129,135.7700,"Industrial Pumps Product 00470",41,"finished_good",463,"industrial_pumps","EA","make","Y",2026-09-20 09:31:58.225711Z
471,"P000471",5,25.5900,"SKU-CON-000471",1060,61.4100,"Consumer Appliances Product 00471",1114,"finished_good",410,"consumer_appliances","L","make","Y",2026-09-20 09:31:58.225711Z
472,"P000472",7,82.2800,"SKU-VEH-000472",1395,187.1300,"Vehicle Electronics Product 00472",2546,"finished_good",123,"vehicle_electronics","EA","make","Y",2026-09-20 09:31:58.225711Z
473,"P000473",5,44.0700,"SKU-VEH-000473",1371,90.7200,"Vehicle Electronics Product 00473",506,"finished_good",255,"vehicle_electronics","EA","make","Y",2026-09-20 09:31:58.225711Z
474,"P000474",12,61.5000,"SKU-VEH-000474",1177,113.9800,"Vehicle Electronics Product 00474",846,"finished_good",468,"vehicle_electronics","KG","make","Y",2026-09-20 09:31:58.225711Z
475,"P000475",6,306.9800,"SKU-FAB-000475",1052,406.4300,"Fabricated Frames Product 00475",3097,"finished_good",392,"fabricated_frames","EA","make","Y",2026-09-20 09:31:58.225711Z
476,"P000476",17,186.2900,"SKU-IND-000476",304,426.2500,"Industrial Pumps Product 00476",1536,"finished_good",641,"industrial_pumps","EA","make","Y",2026-09-20 09:31:58.225711Z
477,"P000477",18,73.9800,"SKU-IND-000477",1173,172.8800,"Industrial Pumps Product 00477",2778,"finished_good",365,"industrial_pumps","EA","make","Y",2026-09-20 09:31:58.225711Z
478,"P000478",3,43.6900,"SKU-IND-000478",773,68.3500,"Industrial Pumps Product 00478",1108,"finished_good",450,"industrial_pumps","L","make","Y",2026-09-20 09:31:58.225711Z
479,"P000479",5,84.9100,"SKU-FAB-000479",65,122.6500,"Fabricated Frames Product 00479",2394,"finished_good",747,"fabricated_frames","EA","make","Y",2026-09-20 09:31:58.225711Z
480,"P000480",12,80.0500,"SKU-VEH-000480",502,125.8700,"Vehicle Electronics Product 00480",1611,"finished_good",601,"vehicle_electronics","EA","make","Y",2026-09-20 09:31:58.225711Z
481,"P000481",12,20.3200,"SKU-FAB-000481",1196,32.8800,"Fabricated Frames Product 00481",2395,"finished_good",723,"fabricated_frames","EA","make","Y",2026-09-20 09:31:58.225711Z
482,"P000482",4,110.1000,"SKU-ENG-000482",322,211.6200,"Engine Systems Product 00482",483,"finished_good",674,"engine_systems","EA","make","Y",2026-09-20 09:31:58.225711Z
483,"P000483",9,247.2400,"SKU-IND-000483",1441,454.1100,"Industrial Pumps Product 00483",1652,"finished_good",352,"industrial_pumps","EA","make","Y",2026-09-20 09:31:58.225711Z
484,"P000484",10,44.9500,"SKU-CON-000484",705,60.9500,"Consumer Appliances Product 00484",2867,"finished_good",464,"consumer_appliances","EA","make","Y",2026-09-20 09:31:58.225711Z
485,"P000485",7,30.2200,"SKU-VEH-000485",435,69.2500,"Vehicle Electronics Product 00485",1250,"finished_good",252,"vehicle_electronics","EA","make","Y",2026-09-20 09:31:58.225711Z
486,"P000486",12,38.5500,"SKU-CON-000486",921,89.5600,"Consumer Appliances Product 00486",2808,"finished_good",486,"consumer_appliances","EA","make","Y",2026-09-20 09:31:58.225711Z
487,"P000487",2,60.1100,"SKU-ENG-000487",53,101.8200,"Engine Systems Product 00487",1422,"finished_good",667,"engine_systems","EA","make","Y",2026-09-20 09:31:58.225711Z
488,"P000488",6,8.0000,"SKU-ENG-000488",935,18.2600,"Engine Systems Product 00488",662,"finished_good",372,"engine_systems","EA","make","Y",2026-09-20 09:31:58.225711Z
489,"P000489",16,159.1500,"SKU-VEH-000489",1390,250.1600,"Vehicle Electronics Product 00489",1291,"finished_good",94,"vehicle_electronics","EA","make","Y",2026-09-20 09:31:58.225711Z
490,"P000490",12,112.8800,"SKU-ENG-000490",103,207.1200,"Engine Systems Product 00490",2870,"finished_good",359,"engine_systems","EA","make","Y",2026-09-20 09:31:58.225711Z
491,"P000491",4,139.1000,"SKU-ENG-000491",789,227.6000,"Engine Systems Product 00491",2876,"finished_good",399,"engine_systems","EA","make","Y",2026-09-20 09:31:58.225711Z
492,"P000492",8,49.3900,"SKU-ENG-000492",518,76.8400,"Engine Systems Product 00492",971,"finished_good",195,"engine_systems","EA","make","Y",2026-09-20 09:31:58.225711Z
493,"P000493",2,167.7200,"SKU-ENG-000493",1271,300.8800,"Engine Systems Product 00493",2044,"finished_good",766,"engine_systems","EA","make","Y",2026-09-20 09:31:58.225711Z
494,"P000494",5,54.7600,"SKU-IND-000494",708,113.1400,"Industrial Pumps Product 00494",934,"finished_good",67,"industrial_pumps","KG","make","Y",2026-09-20 09:31:58.225711Z
495,"P000495",16,115.2200,"SKU-VEH-000495",1356,154.2400,"Vehicle Electronics Product 00495",2095,"finished_good",639,"vehicle_electronics","EA","make","Y",2026-09-20 09:31:58.225711Z
496,"P000496",5,39.6700,"SKU-IND-000496",1145,64.9300,"Industrial Pumps Product 00496",1524,"finished_good",366,"industrial_pumps","EA","make","Y",2026-09-20 09:31:58.225711Z
497,"P000497",11,38.2600,"SKU-CON-000497",819,91.1800,"Consumer Appliances Product 00497",2991,"finished_good",630,"consumer_appliances","KG","make","Y",2026-09-20 09:31:58.225711Z
498,"P000498",2,89.8300,"SKU-VEH-000498",606,139.2800,"Vehicle Electronics Product 00498",2283,"finished_good",213,"vehicle_electronics","EA","make","Y",2026-09-20 09:31:58.225711Z
499,"P000499",13,125.2100,"SKU-FAB-000499",1285,211.9200,"Fabricated Frames Product 00499",1703,"finished_good",518,"fabricated_frames","EA","make","Y",2026-09-20 09:31:58.225711Z
500,"P000500",5,15.2000,"SKU-ENG-000500",315,31.4700,"Engine Systems Product 00500",93,"finished_good",51,"engine_systems","EA","make","Y",2026-09-20 09:31:58.225711Z
501,"P000501",7,218.4100,"SKU-VEH-000501",736,450.4700,"Vehicle Electronics Product 00501",395,"finished_good",109,"vehicle_electronics","EA","make","Y",2026-09-20 09:31:58.225711Z
502,"P000502",7,87.9700,"SKU-FAB-000502",1499,180.7900,"Fabricated Frames Product 00502",746,"finished_good",192,"fabricated_frames","EA","make","Y",2026-09-20 09:31:58.225711Z
503,"P000503",10,116.8900,"SKU-FAB-000503",167,156.1200,"Fabricated Frames Product 00503",1745,"finished_good",139,"fabricated_frames","EA","make","Y",2026-09-20 09:31:58.225711Z
504,"P000504",13,115.5800,"SKU-VEH-000504",301,167.9300,"Vehicle Electronics Product 00504",1949,"finished_good",92,"vehicle_electronics","EA","make","Y",2026-09-20 09:31:58.225711Z
505,"P000505",11,18.1400,"SKU-VEH-000505",1007,29.7200,"Vehicle Electronics Product 00505",2761,"finished_good",225,"vehicle_electronics","EA","make","Y",2026-09-20 09:31:58.225711Z
506,"P000506",7,40.4200,"SKU-CON-000506",381,64.9200,"Consumer Appliances Product 00506",500,"finished_good",727,"consumer_appliances","EA","make","Y",2026-09-20 09:31:58.225711Z
507,"P000507",17,61.5300,"SKU-VEH-000507",826,125.2400,"Vehicle Electronics Product 00507",1946,"finished_good",347,"vehicle_electronics","EA","make","Y",2026-09-20 09:31:58.225711Z
508,"P000508",18,30.5700,"SKU-ENG-000508",280,74.2900,"Engine Systems Product 00508",2926,"finished_good",231,"engine_systems","EA","make","Y",2026-09-20 09:31:58.225711Z
509,"P000509",3,79.8700,"SKU-IND-000509",1195,117.3900,"Industrial Pumps Product 00509",1928,"finished_good",639,"industrial_pumps","KG","make","Y",2026-09-20 09:31:58.225711Z
510,"P000510",18,18.2400,"SKU-ENG-000510",142,40.8900,"Engine Systems Product 00510",3051,"finished_good",45,"engine_systems","EA","make","Y",2026-09-20 09:31:58.225711Z
511,"P000511",14,405.8700,"SKU-IND-000511",1047,591.9400,"Industrial Pumps Product 00511",693,"finished_good",464,"industrial_pumps","EA","make","Y",2026-09-20 09:31:58.225711Z
512,"P000512",5,62.9000,"SKU-VEH-000512",1320,133.6000,"Vehicle Electronics Product 00512",3022,"finished_good",275,"vehicle_electronics","EA","make","Y",2026-09-20 09:31:58.225711Z
513,"P000513",16,92.8500,"SKU-IND-000513",541,119.0000,"Industrial Pumps Product 00513",163,"finished_good",382,"industrial_pumps","EA","make","Y",2026-09-20 09:31:58.225711Z
514,"P000514",7,78.1900,"SKU-CON-000514",318,182.5700,"Consumer Appliances Product 00514",1107,"finished_good",69,"consumer_appliances","L","make","Y",2026-09-20 09:31:58.225711Z
515,"P000515",11,30.1000,"SKU-CON-000515",655,67.4200,"Consumer Appliances Product 00515",3143,"finished_good",70,"consumer_appliances","M","make","Y",2026-09-20 09:31:58.225711Z
516,"P000516",3,62.1100,"SKU-ENG-000516",1358,102.9600,"Engine Systems Product 00516",1816,"finished_good",538,"engine_systems","EA","make","Y",2026-09-20 09:31:58.225711Z
517,"P000517",4,234.5000,"SKU-VEH-000517",248,500.8800,"Vehicle Electronics Product 00517",1923,"finished_good",12,"vehicle_electronics","M","make","Y",2026-09-20 09:31:58.225711Z
518,"P000518",8,29.3000,"SKU-ENG-000518",1298,49.8700,"Engine Systems Product 00518",2629,"finished_good",478,"engine_systems","KG","make","Y",2026-09-20 09:31:58.225711Z
519,"P000519",16,82.2100,"SKU-FAB-000519",1396,163.6200,"Fabricated Frames Product 00519",646,"finished_good",687,"fabricated_frames","EA","make","Y",2026-09-20 09:31:58.225711Z
520,"P000520",7,113.7800,"SKU-ENG-000520",296,231.2700,"Engine Systems Product 00520",164,"finished_good",531,"engine_systems","EA","make","Y",2026-09-20 09:31:58.225711Z
521,"P000521",2,85.8600,"SKU-FAB-000521",1336,153.4600,"Fabricated Frames Product 00521",1891,"finished_good",137,"fabricated_frames","KG","make","Y",2026-09-20 09:31:58.225711Z
522,"P000522",10,55.5400,"SKU-CON-000522",736,130.5100,"Consumer Appliances Product 00522",1765,"finished_good",120,"consumer_appliances","EA","make","Y",2026-09-20 09:31:58.225711Z
523,"P000523",2,34.9900,"SKU-IND-000523",646,57.8700,"Industrial Pumps Product 00523",350,"finished_good",492,"industrial_pumps","KG","make","Y",2026-09-20 09:31:58.225711Z
524,"P000524",2,31.2600,"SKU-VEH-000524",512,63.8400,"Vehicle Electronics Product 00524",1251,"finished_good",415,"vehicle_electronics","EA","make","Y",2026-09-20 09:31:58.225711Z
525,"P000525",8,43.1200,"SKU-VEH-000525",1291,71.9200,"Vehicle Electronics Product 00525",3130,"finished_good",513,"vehicle_electronics","KG","make","Y",2026-09-20 09:31:58.225711Z
526,"P000526",13,34.7300,"SKU-ENG-000526",1071,54.1300,"Engine Systems Product 00526",2394,"finished_good",21,"engine_systems","EA","make","Y",2026-09-20 09:31:58.225711Z
527,"P000527",8,265.9100,"SKU-VEH-000527",247,646.3600,"Vehicle Electronics Product 00527",423,"finished_good",412,"vehicle_electronics","KG","make","Y",2026-09-20 09:31:58.225711Z
528,"P000528",7,47.9000,"SKU-CON-000528",99,115.1100,"Consumer Appliances Product 00528",239,"finished_good",215,"consumer_appliances","KG","make","Y",2026-09-20 09:31:58.225711Z
529,"P000529",13,91.2300,"SKU-FAB-000529",92,125.8600,"Fabricated Frames Product 00529",1782,"finished_good",501,"fabricated_frames","EA","make","Y",2026-09-20 09:31:58.225711Z
530,"P000530",5,30.8900,"SKU-VEH-000530",1463,49.4500,"Vehicle Electronics Product 00530",748,"finished_good",721,"vehicle_electronics","EA","make","Y",2026-09-20 09:31:58.225711Z
531,"P000531",11,55.4000,"SKU-VEH-000531",1209,124.3500,"Vehicle Electronics Product 00531",1027,"finished_good",635,"vehicle_electronics","EA","make","Y",2026-09-20 09:31:58.225711Z
532,"P000532",16,50.9700,"SKU-ENG-000532",1210,110.1000,"Engine Systems Product 00532",3267,"finished_good",497,"engine_systems","EA","make","Y",2026-09-20 09:31:58.225711Z
533,"P000533",16,75.7100,"SKU-ENG-000533",199,155.5600,"Engine Systems Product 00533",2895,"finished_good",341,"engine_systems","EA","make","Y",2026-09-20 09:31:58.225711Z
534,"P000534",8,53.3000,"SKU-CON-000534",1290,109.6500,"Consumer Appliances Product 00534",218,"finished_good",139,"consumer_appliances","EA","make","Y",2026-09-20 09:31:58.225711Z
535,"P000535",18,51.9100,"SKU-CON-000535",333,73.1300,"Consumer Appliances Product 00535",1958,"finished_good",477,"consumer_appliances","EA","make","Y",2026-09-20 09:31:58.225711Z
536,"P000536",17,72.2300,"SKU-IND-000536",628,160.4900,"Industrial Pumps Product 00536",3103,"finished_good",231,"industrial_pumps","EA","make","Y",2026-09-20 09:31:58.225711Z
537,"P000537",6,42.7900,"SKU-VEH-000537",744,87.7500,"Vehicle Electronics Product 00537",182,"finished_good",791,"vehicle_electronics","M","make","Y",2026-09-20 09:31:58.225711Z
538,"P000538",3,194.3300,"SKU-IND-000538",784,473.7600,"Industrial Pumps Product 00538",1089,"finished_good",391,"industrial_pumps","KG","make","Y",2026-09-20 09:31:58.225711Z
539,"P000539",13,72.9700,"SKU-VEH-000539",1286,144.6800,"Vehicle Electronics Product 00539",1428,"finished_good",727,"vehicle_electronics","EA","make","Y",2026-09-20 09:31:58.225711Z
540,"P000540",15,32.7200,"SKU-CON-000540",974,64.0100,"Consumer Appliances Product 00540",1905,"finished_good",50,"consumer_appliances","EA","make","Y",2026-09-20 09:31:58.225711Z
541,"P000541",18,235.4300,"SKU-ENG-000541",827,490.7800,"Engine Systems Product 00541",2236,"finished_good",193,"engine_systems","KG","make","Y",2026-09-20 09:31:58.225711Z
542,"P000542",7,190.4700,"SKU-CON-000542",140,375.9300,"Consumer Appliances Product 00542",612,"finished_good",188,"consumer_appliances","EA","make","Y",2026-09-20 09:31:58.225711Z
543,"P000543",6,112.5900,"SKU-CON-000543",1320,168.7000,"Consumer Appliances Product 00543",348,"finished_good",466,"consumer_appliances","EA","make","Y",2026-09-20 09:31:58.225711Z
544,"P000544",12,39.8500,"SKU-IND-000544",1178,56.7700,"Industrial Pumps Product 00544",1987,"finished_good",289,"industrial_pumps","KG","make","Y",2026-09-20 09:31:58.225711Z
545,"P000545",6,59.2000,"SKU-VEH-000545",1156,80.7900,"Vehicle Electronics Product 00545",1426,"finished_good",665,"vehicle_electronics","M","make","Y",2026-09-20 09:31:58.225711Z
546,"P000546",17,91.7900,"SKU-VEH-000546",279,133.2700,"Vehicle Electronics Product 00546",147,"finished_good",300,"vehicle_electronics","L","make","Y",2026-09-20 09:31:58.225711Z
547,"P000547",18,180.5400,"SKU-FAB-000547",974,400.7500,"Fabricated Frames Product 00547",541,"finished_good",506,"fabricated_frames","EA","make","Y",2026-09-20 09:31:58.225711Z
548,"P000548",18,35.8600,"SKU-VEH-000548",1492,76.7300,"Vehicle Electronics Product 00548",2902,"finished_good",645,"vehicle_electronics","EA","make","Y",2026-09-20 09:31:58.225711Z
549,"P000549",9,47.5200,"SKU-FAB-000549",1287,96.6400,"Fabricated Frames Product 00549",560,"finished_good",355,"fabricated_frames","EA","make","Y",2026-09-20 09:31:58.225711Z
550,"P000550",3,74.9600,"SKU-IND-000550",532,131.8900,"Industrial Pumps Product 00550",201,"finished_good",75,"industrial_pumps","EA","make","Y",2026-09-20 09:31:58.225711Z
551,"P000551",4,112.2800,"SKU-ENG-000551",1419,261.4900,"Engine Systems Product 00551",2577,"finished_good",646,"engine_systems","L","make","Y",2026-09-20 09:31:58.225711Z
552,"P000552",12,476.5900,"SKU-CON-000552",1007,727.1100,"Consumer Appliances Product 00552",2497,"finished_good",244,"consumer_appliances","EA","make","Y",2026-09-20 09:31:58.225711Z
553,"P000553",8,303.0600,"SKU-CON-000553",1382,579.4400,"Consumer Appliances Product 00553",1538,"finished_good",696,"consumer_appliances","EA","make","Y",2026-09-20 09:31:58.225711Z
554,"P000554",17,141.0500,"SKU-IND-000554",1149,191.6400,"Industrial Pumps Product 00554",1082,"finished_good",775,"industrial_pumps","EA","make","Y",2026-09-20 09:31:58.225711Z
555,"P000555",7,179.3200,"SKU-IND-000555",1383,309.2500,"Industrial Pumps Product 00555",3339,"finished_good",207,"industrial_pumps","EA","make","Y",2026-09-20 09:31:58.225711Z
556,"P000556",11,49.4500,"SKU-ENG-000556",260,86.3400,"Engine Systems Product 00556",396,"finished_good",786,"engine_systems","EA","make","Y",2026-09-20 09:31:58.225711Z
557,"P000557",13,130.4500,"SKU-IND-000557",378,287.0400,"Industrial Pumps Product 00557",2552,"finished_good",665,"industrial_pumps","EA","make","Y",2026-09-20 09:31:58.225711Z
558,"P000558",14,35.3400,"SKU-IND-000558",966,62.8000,"Industrial Pumps Product 00558",1500,"finished_good",442,"industrial_pumps","EA","make","Y",2026-09-20 09:31:58.225711Z
559,"P000559",17,118.4100,"SKU-ENG-000559",1075,220.9400,"Engine Systems Product 00559",3357,"finished_good",236,"engine_systems","KG","make","Y",2026-09-20 09:31:58.225711Z
560,"P000560",18,49.2400,"SKU-FAB-000560",641,111.6200,"Fabricated Frames Product 00560",2962,"finished_good",51,"fabricated_frames","EA","make","Y",2026-09-20 09:31:58.225711Z
561,"P000561",5,45.5500,"SKU-ENG-000561",835,86.1200,"Engine Systems Product 00561",1226,"finished_good",788,"engine_systems","EA","make","Y",2026-09-20 09:31:58.225711Z
562,"P000562",12,54.1900,"SKU-IND-000562",123,125.2500,"Industrial Pumps Product 00562",2343,"finished_good",255,"industrial_pumps","EA","make","Y",2026-09-20 09:31:58.225711Z
563,"P000563",8,126.6500,"SKU-ENG-000563",305,168.1200,"Engine Systems Product 00563",1795,"finished_good",62,"engine_systems","EA","make","Y",2026-09-20 09:31:58.225711Z
564,"P000564",3,82.1400,"SKU-VEH-000564",902,124.1700,"Vehicle Electronics Product 00564",3035,"finished_good",215,"vehicle_electronics","EA","make","Y",2026-09-20 09:31:58.225711Z
565,"P000565",6,211.2100,"SKU-ENG-000565",1082,352.5700,"Engine Systems Product 00565",2317,"finished_good",287,"engine_systems","EA","make","Y",2026-09-20 09:31:58.225711Z
566,"P000566",2,153.2600,"SKU-IND-000566",320,196.7300,"Industrial Pumps Product 00566",3474,"finished_good",700,"industrial_pumps","L","make","Y",2026-09-20 09:31:58.225711Z
567,"P000567",18,77.0400,"SKU-CON-000567",1479,126.2400,"Consumer Appliances Product 00567",868,"finished_good",559,"consumer_appliances","EA","make","Y",2026-09-20 09:31:58.225711Z
568,"P000568",11,84.3900,"SKU-ENG-000568",431,108.6300,"Engine Systems Product 00568",282,"finished_good",782,"engine_systems","EA","make","Y",2026-09-20 09:31:58.225711Z
569,"P000569",5,149.5200,"SKU-ENG-000569",967,228.1500,"Engine Systems Product 00569",2554,"finished_good",261,"engine_systems","EA","make","Y",2026-09-20 09:31:58.225711Z
570,"P000570",9,185.4400,"SKU-VEH-000570",1216,373.2400,"Vehicle Electronics Product 00570",2771,"finished_good",486,"vehicle_electronics","EA","make","Y",2026-09-20 09:31:58.225711Z
571,"P000571",7,65.6400,"SKU-VEH-000571",522,149.2300,"Vehicle Electronics Product 00571",2163,"finished_good",696,"vehicle_electronics","M","make","Y",2026-09-20 09:31:58.225711Z
572,"P000572",3,132.1000,"SKU-FAB-000572",1187,170.2300,"Fabricated Frames Product 00572",3462,"finished_good",602,"fabricated_frames","L","make","Y",2026-09-20 09:31:58.225711Z
573,"P000573",7,46.0000,"SKU-VEH-000573",697,87.8300,"Vehicle Electronics Product 00573",914,"finished_good",396,"vehicle_electronics","KG","make","Y",2026-09-20 09:31:58.225711Z
574,"P000574",5,72.1600,"SKU-ENG-000574",494,174.9300,"Engine Systems Product 00574",3337,"finished_good",534,"engine_systems","M","make","Y",2026-09-20 09:31:58.225711Z
575,"P000575",8,126.2100,"SKU-CON-000575",1333,229.7800,"Consumer Appliances Product 00575",3208,"finished_good",59,"consumer_appliances","EA","make","Y",2026-09-20 09:31:58.225711Z
576,"P000576",8,100.2600,"SKU-FAB-000576",1067,179.7700,"Fabricated Frames Product 00576",1807,"finished_good",684,"fabricated_frames","EA","make","Y",2026-09-20 09:31:58.225711Z
577,"P000577",6,98.5100,"SKU-CON-000577",175,126.3400,"Consumer Appliances Product 00577",1550,"finished_good",140,"consumer_appliances","EA","make","Y",2026-09-20 09:31:58.225711Z
578,"P000578",14,63.7200,"SKU-CON-000578",1140,98.6200,"Consumer Appliances Product 00578",2799,"finished_good",742,"consumer_appliances","EA","make","Y",2026-09-20 09:31:58.225711Z
579,"P000579",18,46.5600,"SKU-VEH-000579",501,92.6500,"Vehicle Electronics Product 00579",340,"finished_good",384,"vehicle_electronics","EA","make","Y",2026-09-20 09:31:58.225711Z
580,"P000580",13,29.1800,"SKU-FAB-000580",607,42.8600,"Fabricated Frames Product 00580",2331,"finished_good",19,"fabricated_frames","KG","make","Y",2026-09-20 09:31:58.225711Z
581,"P000581",6,23.8300,"SKU-FAB-000581",488,56.8900,"Fabricated Frames Product 00581",1866,"finished_good",74,"fabricated_frames","KG","make","Y",2026-09-20 09:31:58.225711Z
582,"P000582",9,165.9600,"SKU-VEH-000582",554,269.0300,"Vehicle Electronics Product 00582",1023,"finished_good",349,"vehicle_electronics","EA","make","Y",2026-09-20 09:31:58.225711Z
583,"P000583",14,40.4600,"SKU-ENG-000583",419,60.8300,"Engine Systems Product 00583",2619,"finished_good",458,"engine_systems","KG","make","Y",2026-09-20 09:31:58.225711Z
584,"P000584",3,49.6700,"SKU-FAB-000584",61,114.0200,"Fabricated Frames Product 00584",597,"finished_good",778,"fabricated_frames","EA","make","Y",2026-09-20 09:31:58.225711Z
585,"P000585",16,34.6800,"SKU-CON-000585",828,63.8800,"Consumer Appliances Product 00585",934,"finished_good",797,"consumer_appliances","KG","make","Y",2026-09-20 09:31:58.225711Z
586,"P000586",2,107.9000,"SKU-VEH-000586",1026,176.6600,"Vehicle Electronics Product 00586",2236,"finished_good",188,"vehicle_electronics","EA","make","Y",2026-09-20 09:31:58.225711Z
587,"P000587",17,108.7600,"SKU-IND-000587",1211,224.8400,"Industrial Pumps Product 00587",711,"finished_good",96,"industrial_pumps","EA","make","Y",2026-09-20 09:31:58.225711Z
588,"P000588",8,25.2200,"SKU-ENG-000588",1195,44.4100,"Engine Systems Product 00588",711,"finished_good",504,"engine_systems","EA","make","Y",2026-09-20 09:31:58.225711Z
589,"P000589",3,24.6400,"SKU-VEH-000589",1236,41.2500,"Vehicle Electronics Product 00589",1735,"finished_good",500,"vehicle_electronics","EA","make","Y",2026-09-20 09:31:58.225711Z
590,"P000590",11,91.1100,"SKU-CON-000590",887,208.8000,"Consumer Appliances Product 00590",3318,"finished_good",497,"consumer_appliances","EA","make","Y",2026-09-20 09:31:58.225711Z
591,"P000591",12,146.4200,"SKU-ENG-000591",251,291.6100,"Engine Systems Product 00591",927,"finished_good",754,"engine_systems","EA","make","Y",2026-09-20 09:31:58.225711Z
592,"P000592",14,64.0700,"SKU-FAB-000592",1289,102.8100,"Fabricated Frames Product 00592",2999,"finished_good",774,"fabricated_frames","EA","make","Y",2026-09-20 09:31:58.225711Z
593,"P000593",4,70.8800,"SKU-IND-000593",1129,95.8300,"Industrial Pumps Product 00593",1752,"finished_good",397,"industrial_pumps","EA","make","Y",2026-09-20 09:31:58.225711Z
594,"P000594",16,55.5800,"SKU-VEH-000594",163,73.8500,"Vehicle Electronics Product 00594",1621,"finished_good",657,"vehicle_electronics","EA","make","Y",2026-09-20 09:31:58.225711Z
595,"P000595",9,32.6700,"SKU-ENG-000595",53,44.2000,"Engine Systems Product 00595",3171,"finished_good",482,"engine_systems","L","make","Y",2026-09-20 09:31:58.225711Z
596,"P000596",18,120.3300,"SKU-FAB-000596",390,274.5000,"Fabricated Frames Product 00596",1812,"finished_good",451,"fabricated_frames","EA","make","Y",2026-09-20 09:31:58.225711Z
597,"P000597",5,71.7600,"SKU-FAB-000597",1210,140.3200,"Fabricated Frames Product 00597",563,"finished_good",675,"fabricated_frames","EA","make","Y",2026-09-20 09:31:58.225711Z
598,"P000598",17,77.3700,"SKU-VEH-000598",1439,139.5300,"Vehicle Electronics Product 00598",1193,"finished_good",476,"vehicle_electronics","L","make","Y",2026-09-20 09:31:58.225711Z
599,"P000599",4,56.2900,"SKU-VEH-000599",1305,95.0200,"Vehicle Electronics Product 00599",140,"finished_good",692,"vehicle_electronics","EA","make","Y",2026-09-20 09:31:58.225711Z
600,"P000600",7,66.3800,"SKU-IND-000600",448,137.4100,"Industrial Pumps Product 00600",899,"finished_good",783,"industrial_pumps","M","make","Y",2026-09-20 09:31:58.225711Z
601,"P000601",7,242.9700,"SKU-CON-000601",584,357.4300,"Consumer Appliances Product 00601",250,"finished_good",468,"consumer_appliances","EA","make","Y",2026-09-20 09:31:58.225711Z
602,"P000602",17,96.3800,"SKU-FAB-000602",437,174.6500,"Fabricated Frames Product 00602",1881,"finished_good",334,"fabricated_frames","M","make","Y",2026-09-20 09:31:58.225711Z
603,"P000603",17,44.6600,"SKU-ENG-000603",700,83.3100,"Engine Systems Product 00603",579,"finished_good",569,"engine_systems","EA","make","Y",2026-09-20 09:31:58.225711Z
604,"P000604",6,89.5500,"SKU-VEH-000604",785,164.0500,"Vehicle Electronics Product 00604",2171,"finished_good",156,"vehicle_electronics","EA","make","Y",2026-09-20 09:31:58.225711Z
605,"P000605",5,43.8700,"SKU-FAB-000605",1486,87.2300,"Fabricated Frames Product 00605",1899,"finished_good",322,"fabricated_frames","EA","make","Y",2026-09-20 09:31:58.225711Z
606,"P000606",5,145.0600,"SKU-ENG-000606",1318,331.2700,"Engine Systems Product 00606",3107,"finished_good",783,"engine_systems","KG","make","Y",2026-09-20 09:31:58.225711Z
607,"P000607",16,47.9600,"SKU-CON-000607",44,90.8400,"Consumer Appliances Product 00607",1085,"finished_good",488,"consumer_appliances","EA","make","Y",2026-09-20 09:31:58.225711Z
608,"P000608",8,48.6800,"SKU-ENG-000608",470,74.6500,"Engine Systems Product 00608",1301,"finished_good",786,"engine_systems","EA","make","Y",2026-09-20 09:31:58.225711Z
609,"P000609",16,245.6800,"SKU-ENG-000609",957,508.1500,"Engine Systems Product 00609",2746,"finished_good",638,"engine_systems","EA","make","Y",2026-09-20 09:31:58.225711Z
610,"P000610",18,29.5800,"SKU-VEH-000610",403,49.8100,"Vehicle Electronics Product 00610",1873,"finished_good",73,"vehicle_electronics","EA","make","Y",2026-09-20 09:31:58.225711Z
611,"P000611",7,82.7300,"SKU-VEH-000611",328,127.0500,"Vehicle Electronics Product 00611",1722,"finished_good",659,"vehicle_electronics","EA","make","Y",2026-09-20 09:31:58.225711Z
612,"P000612",2,298.8500,"SKU-CON-000612",789,731.0600,"Consumer Appliances Product 00612",301,"finished_good",693,"consumer_appliances","EA","make","Y",2026-09-20 09:31:58.225711Z
613,"P000613",12,32.1600,"SKU-VEH-000613",1254,70.7700,"Vehicle Electronics Product 00613",2643,"finished_good",391,"vehicle_electronics","EA","make","Y",2026-09-20 09:31:58.225711Z
614,"P000614",6,109.5900,"SKU-CON-000614",714,258.1000,"Consumer Appliances Product 00614",3221,"finished_good",635,"consumer_appliances","EA","make","Y",2026-09-20 09:31:58.225711Z
615,"P000615",3,39.9200,"SKU-FAB-000615",1013,84.8100,"Fabricated Frames Product 00615",2994,"finished_good",339,"fabricated_frames","EA","make","Y",2026-09-20 09:31:58.225711Z
616,"P000616",4,54.6700,"SKU-VEH-000616",1413,104.0400,"Vehicle Electronics Product 00616",779,"finished_good",67,"vehicle_electronics","EA","make","Y",2026-09-20 09:31:58.225711Z
617,"P000617",3,34.3900,"SKU-IND-000617",712,49.1900,"Industrial Pumps Product 00617",3417,"finished_good",587,"industrial_pumps","EA","make","Y",2026-09-20 09:31:58.225711Z
618,"P000618",2,89.3400,"SKU-ENG-000618",1357,120.3700,"Engine Systems Product 00618",218,"finished_good",254,"engine_systems","EA","make","Y",2026-09-20 09:31:58.225711Z
619,"P000619",8,59.7200,"SKU-ENG-000619",241,108.9700,"Engine Systems Product 00619",2033,"finished_good",363,"engine_systems","EA","make","Y",2026-09-20 09:31:58.225711Z
620,"P000620",15,237.0100,"SKU-CON-000620",582,352.7200,"Consumer Appliances Product 00620",1259,"finished_good",740,"consumer_appliances","EA","make","Y",2026-09-20 09:31:58.225711Z
621,"P000621",4,70.7100,"SKU-CON-000621",198,132.1400,"Consumer Appliances Product 00621",3005,"finished_good",635,"consumer_appliances","EA","make","Y",2026-09-20 09:31:58.225711Z
622,"P000622",4,126.8200,"SKU-FAB-000622",568,250.1300,"Fabricated Frames Product 00622",2918,"finished_good",222,"fabricated_frames","EA","make","Y",2026-09-20 09:31:58.225711Z
623,"P000623",11,79.8000,"SKU-IND-000623",433,172.6600,"Industrial Pumps Product 00623",2639,"finished_good",71,"industrial_pumps","KG","make","Y",2026-09-20 09:31:58.225711Z
624,"P000624",14,134.7500,"SKU-ENG-000624",881,186.1100,"Engine Systems Product 00624",2993,"finished_good",425,"engine_systems","EA","make","Y",2026-09-20 09:31:58.225711Z
625,"P000625",10,63.2100,"SKU-ENG-000625",197,126.1700,"Engine Systems Product 00625",2073,"finished_good",447,"engine_systems","EA","make","Y",2026-09-20 09:31:58.225711Z
626,"P000626",2,54.3800,"SKU-FAB-000626",502,128.4800,"Fabricated Frames Product 00626",3035,"finished_good",759,"fabricated_frames","EA","make","Y",2026-09-20 09:31:58.225711Z
627,"P000627",18,21.1600,"SKU-ENG-000627",1357,42.6500,"Engine Systems Product 00627",955,"finished_good",526,"engine_systems","EA","make","Y",2026-09-20 09:31:58.225711Z
628,"P000628",2,74.9300,"SKU-CON-000628",145,149.0700,"Consumer Appliances Product 00628",2786,"finished_good",486,"consumer_appliances","EA","make","Y",2026-09-20 09:31:58.225711Z
629,"P000629",17,17.3300,"SKU-IND-000629",1224,36.8300,"Industrial Pumps Product 00629",1715,"finished_good",666,"industrial_pumps","KG","make","Y",2026-09-20 09:31:58.225711Z
630,"P000630",13,184.5800,"SKU-ENG-000630",1065,294.6600,"Engine Systems Product 00630",380,"finished_good",12,"engine_systems","EA","make","Y",2026-09-20 09:31:58.225711Z
631,"P000631",13,57.6000,"SKU-IND-000631",1063,121.0900,"Industrial Pumps Product 00631",3288,"finished_good",714,"industrial_pumps","KG","make","Y",2026-09-20 09:31:58.225711Z
632,"P000632",16,177.0600,"SKU-IND-000632",1249,378.4400,"Industrial Pumps Product 00632",1339,"finished_good",514,"industrial_pumps","KG","make","Y",2026-09-20 09:31:58.225711Z
633,"P000633",3,55.0700,"SKU-ENG-000633",499,89.8200,"Engine Systems Product 00633",431,"finished_good",636,"engine_systems","EA","make","Y",2026-09-20 09:31:58.225711Z
634,"P000634",18,22.5900,"SKU-ENG-000634",50,36.2400,"Engine Systems Product 00634",2023,"finished_good",390,"engine_systems","EA","make","Y",2026-09-20 09:31:58.225711Z
635,"P000635",18,221.3400,"SKU-CON-000635",1070,408.1900,"Consumer Appliances Product 00635",2621,"finished_good",122,"consumer_appliances","EA","make","Y",2026-09-20 09:31:58.225711Z
636,"P000636",8,28.2500,"SKU-VEH-000636",1436,44.9300,"Vehicle Electronics Product 00636",541,"finished_good",172,"vehicle_electronics","EA","make","Y",2026-09-20 09:31:58.225711Z
637,"P000637",9,43.2600,"SKU-ENG-000637",1165,68.6900,"Engine Systems Product 00637",1068,"finished_good",230,"engine_systems","KG","make","Y",2026-09-20 09:31:58.225711Z
638,"P000638",8,30.4100,"SKU-ENG-000638",1033,43.4600,"Engine Systems Product 00638",2872,"finished_good",485,"engine_systems","EA","make","Y",2026-09-20 09:31:58.225711Z
639,"P000639",2,54.6300,"SKU-FAB-000639",1120,82.2700,"Fabricated Frames Product 00639",924,"finished_good",339,"fabricated_frames","EA","make","Y",2026-09-20 09:31:58.225711Z
640,"P000640",3,42.3900,"SKU-CON-000640",188,72.4900,"Consumer Appliances Product 00640",2191,"finished_good",492,"consumer_appliances","EA","make","Y",2026-09-20 09:31:58.225711Z
641,"P000641",5,90.2700,"SKU-ENG-000641",1344,130.0000,"Engine Systems Product 00641",3399,"finished_good",523,"engine_systems","M","make","Y",2026-09-20 09:31:58.225711Z
642,"P000642",4,113.9500,"SKU-CON-000642",926,154.0300,"Consumer Appliances Product 00642",1621,"finished_good",412,"consumer_appliances","EA","make","Y",2026-09-20 09:31:58.225711Z
643,"P000643",12,20.0600,"SKU-ENG-000643",823,43.1800,"Engine Systems Product 00643",572,"finished_good",210,"engine_systems","EA","make","Y",2026-09-20 09:31:58.225711Z
644,"P000644",15,102.0600,"SKU-VEH-000644",260,158.5700,"Vehicle Electronics Product 00644",2933,"finished_good",632,"vehicle_electronics","EA","make","Y",2026-09-20 09:31:58.225711Z
645,"P000645",5,59.9500,"SKU-VEH-000645",1088,94.4500,"Vehicle Electronics Product 00645",496,"finished_good",238,"vehicle_electronics","EA","make","Y",2026-09-20 09:31:58.225711Z
646,"P000646",5,90.2800,"SKU-CON-000646",1257,180.8400,"Consumer Appliances Product 00646",2184,"finished_good",597,"consumer_appliances","EA","make","Y",2026-09-20 09:31:58.225711Z
647,"P000647",15,42.2400,"SKU-VEH-000647",129,75.6100,"Vehicle Electronics Product 00647",3075,"finished_good",456,"vehicle_electronics","EA","make","Y",2026-09-20 09:31:58.225711Z
648,"P000648",5,87.7600,"SKU-FAB-000648",333,160.0000,"Fabricated Frames Product 00648",2050,"finished_good",471,"fabricated_frames","EA","make","Y",2026-09-20 09:31:58.225711Z
649,"P000649",10,223.1900,"SKU-VEH-000649",761,496.3400,"Vehicle Electronics Product 00649",3182,"finished_good",86,"vehicle_electronics","KG","make","Y",2026-09-20 09:31:58.225711Z
650,"P000650",9,83.6400,"SKU-IND-000650",1084,137.5700,"Industrial Pumps Product 00650",2776,"finished_good",678,"industrial_pumps","KG","make","Y",2026-09-20 09:31:58.225711Z
651,"P000651",14,230.1500,"SKU-MAC-000651",110,287.2700,"Machined Parts Product 00651",3400,"semi_finished",12,"machined_parts","EA","make","Y",2026-09-20 09:31:58.225711Z
652,"P000652",3,73.8500,"SKU-SUB-000652",1493,98.3500,"Subassemblies Product 00652",2351,"semi_finished",445,"subassemblies","EA","make","Y",2026-09-20 09:31:58.225711Z
653,"P000653",7,17.7600,"SKU-WIR-000653",1280,24.6500,"Wiring Harness Product 00653",3026,"semi_finished",213,"wiring_harness","EA","make","Y",2026-09-20 09:31:58.225711Z
654,"P000654",11,116.6100,"SKU-CAS-000654",79,145.2700,"Castings Product 00654",139,"semi_finished",622,"castings","M","make","Y",2026-09-20 09:31:58.225711Z
655,"P000655",5,39.5900,"SKU-SUB-000655",1415,54.9600,"Subassemblies Product 00655",1292,"semi_finished",438,"subassemblies","EA","make","Y",2026-09-20 09:31:58.225711Z
656,"P000656",9,51.4500,"SKU-WIR-000656",924,68.7200,"Wiring Harness Product 00656",1478,"semi_finished",264,"wiring_harness","KG","make","Y",2026-09-20 09:31:58.225711Z
657,"P000657",5,35.4400,"SKU-CAS-000657",405,47.4400,"Castings Product 00657",1144,"semi_finished",160,"castings","EA","make","Y",2026-09-20 09:31:58.225711Z
658,"P000658",4,101.4500,"SKU-CAS-000658",346,111.6000,"Castings Product 00658",2458,"semi_finished",756,"castings","EA","make","Y",2026-09-20 09:31:58.225711Z
659,"P000659",7,33.3300,"SKU-MAC-000659",1303,40.3900,"Machined Parts Product 00659",2034,"semi_finished",345,"machined_parts","KG","make","Y",2026-09-20 09:31:58.225711Z
660,"P000660",4,67.3800,"SKU-MAC-000660",425,82.6200,"Machined Parts Product 00660",1288,"semi_finished",607,"machined_parts","L","make","Y",2026-09-20 09:31:58.225711Z
661,"P000661",4,67.2800,"SKU-CAS-000661",736,83.8000,"Castings Product 00661",189,"semi_finished",20,"castings","EA","make","Y",2026-09-20 09:31:58.225711Z
662,"P000662",5,40.6800,"SKU-CAS-000662",528,50.3400,"Castings Product 00662",1729,"semi_finished",304,"castings","EA","make","Y",2026-09-20 09:31:58.225711Z
663,"P000663",4,66.6200,"SKU-MAC-000663",275,86.8400,"Machined Parts Product 00663",1768,"semi_finished",725,"machined_parts","KG","make","Y",2026-09-20 09:31:58.225711Z
664,"P000664",14,48.5200,"SKU-SUB-000664",426,60.8300,"Subassemblies Product 00664",1595,"semi_finished",167,"subassemblies","EA","make","Y",2026-09-20 09:31:58.225711Z
665,"P000665",13,20.7700,"SKU-MAC-000665",1112,24.0000,"Machined Parts Product 00665",761,"semi_finished",89,"machined_parts","EA","make","Y",2026-09-20 09:31:58.225711Z
666,"P000666",18,42.2600,"SKU-SUB-000666",1445,52.4600,"Subassemblies Product 00666",3257,"semi_finished",711,"subassemblies","EA","make","Y",2026-09-20 09:31:58.225711Z
667,"P000667",17,204.0900,"SKU-MAC-000667",1139,253.4800,"Machined Parts Product 00667",1385,"semi_finished",649,"machined_parts","EA","make","Y",2026-09-20 09:31:58.225711Z
668,"P000668",18,37.5800,"SKU-SUB-000668",1299,45.1300,"Subassemblies Product 00668",602,"semi_finished",399,"subassemblies","EA","make","Y",2026-09-20 09:31:58.225711Z
669,"P000669",18,54.1400,"SKU-SUB-000669",811,60.7800,"Subassemblies Product 00669",107,"semi_finished",276,"subassemblies","EA","make","Y",2026-09-20 09:31:58.225711Z
670,"P000670",12,29.6400,"SKU-SUB-000670",939,38.5200,"Subassemblies Product 00670",1061,"semi_finished",639,"subassemblies","EA","make","Y",2026-09-20 09:31:58.225711Z
671,"P000671",4,15.9800,"SKU-CAS-000671",30,19.3700,"Castings Product 00671",690,"semi_finished",387,"castings","M","make","Y",2026-09-20 09:31:58.225711Z
672,"P000672",14,39.8600,"SKU-WIR-000672",916,50.4200,"Wiring Harness Product 00672",640,"semi_finished",647,"wiring_harness","EA","make","Y",2026-09-20 09:31:58.225711Z
673,"P000673",5,211.0700,"SKU-WIR-000673",934,230.4200,"Wiring Harness Product 00673",2268,"semi_finished",502,"wiring_harness","L","make","Y",2026-09-20 09:31:58.225711Z
674,"P000674",14,51.5500,"SKU-WIR-000674",751,73.7800,"Wiring Harness Product 00674",613,"semi_finished",654,"wiring_harness","EA","make","Y",2026-09-20 09:31:58.225711Z
675,"P000675",10,19.9700,"SKU-MAC-000675",135,23.1300,"Machined Parts Product 00675",3050,"semi_finished",369,"machined_parts","EA","make","Y",2026-09-20 09:31:58.225711Z
676,"P000676",15,24.2200,"SKU-CAS-000676",201,34.5400,"Castings Product 00676",86,"semi_finished",612,"castings","EA","make","Y",2026-09-20 09:31:58.225711Z
677,"P000677",16,116.9000,"SKU-CAS-000677",600,155.0400,"Castings Product 00677",169,"semi_finished",140,"castings","EA","make","Y",2026-09-20 09:31:58.225711Z
678,"P000678",5,67.2700,"SKU-CAS-000678",1471,86.4300,"Castings Product 00678",2166,"semi_finished",386,"castings","EA","make","Y",2026-09-20 09:31:58.225711Z
679,"P000679",15,38.2500,"SKU-SUB-000679",715,55.3300,"Subassemblies Product 00679",2324,"semi_finished",624,"subassemblies","M","make","Y",2026-09-20 09:31:58.225711Z
680,"P000680",4,70.6300,"SKU-MAC-000680",64,77.7700,"Machined Parts Product 00680",3319,"semi_finished",40,"machined_parts","EA","make","Y",2026-09-20 09:31:58.225711Z
681,"P000681",13,63.0500,"SKU-SUB-000681",929,80.1900,"Subassemblies Product 00681",938,"semi_finished",143,"subassemblies","EA","make","Y",2026-09-20 09:31:58.225711Z
682,"P000682",11,112.8000,"SKU-WIR-000682",1028,147.3500,"Wiring Harness Product 00682",587,"semi_finished",748,"wiring_harness","M","make","Y",2026-09-20 09:31:58.225711Z
683,"P000683",8,55.2600,"SKU-MAC-000683",941,74.7400,"Machined Parts Product 00683",551,"semi_finished",708,"machined_parts","EA","make","Y",2026-09-20 09:31:58.225711Z
684,"P000684",6,290.4500,"SKU-SUB-000684",1074,403.7900,"Subassemblies Product 00684",89,"semi_finished",124,"subassemblies","EA","make","Y",2026-09-20 09:31:58.225711Z
685,"P000685",17,129.5700,"SKU-SUB-000685",528,171.8900,"Subassemblies Product 00685",3164,"semi_finished",559,"subassemblies","EA","make","Y",2026-09-20 09:31:58.225711Z
686,"P000686",18,27.8200,"SKU-SUB-000686",474,39.2500,"Subassemblies Product 00686",1612,"semi_finished",637,"subassemblies","KG","make","Y",2026-09-20 09:31:58.225711Z
687,"P000687",8,115.4900,"SKU-CAS-000687",291,128.0400,"Castings Product 00687",175,"semi_finished",227,"castings","EA","make","Y",2026-09-20 09:31:58.225711Z
688,"P000688",18,32.5800,"SKU-SUB-000688",1476,47.2000,"Subassemblies Product 00688",1669,"semi_finished",527,"subassemblies","EA","make","Y",2026-09-20 09:31:58.225711Z
689,"P000689",6,26.2500,"SKU-MAC-000689",1403,30.3100,"Machined Parts Product 00689",3293,"semi_finished",464,"machined_parts","EA","make","Y",2026-09-20 09:31:58.225711Z
690,"P000690",2,39.6100,"SKU-SUB-000690",690,57.2300,"Subassemblies Product 00690",2993,"semi_finished",199,"subassemblies","EA","make","Y",2026-09-20 09:31:58.225711Z
691,"P000691",17,44.8100,"SKU-MAC-000691",196,64.2400,"Machined Parts Product 00691",3009,"semi_finished",336,"machined_parts","EA","make","Y",2026-09-20 09:31:58.225711Z
692,"P000692",3,71.5000,"SKU-MAC-000692",1452,90.5000,"Machined Parts Product 00692",1246,"semi_finished",400,"machined_parts","L","make","Y",2026-09-20 09:31:58.225711Z
693,"P000693",15,37.5300,"SKU-CAS-000693",903,53.4900,"Castings Product 00693",2308,"semi_finished",195,"castings","EA","make","Y",2026-09-20 09:31:58.225711Z
694,"P000694",7,61.4200,"SKU-MAC-000694",409,70.9000,"Machined Parts Product 00694",2489,"semi_finished",35,"machined_parts","EA","make","Y",2026-09-20 09:31:58.225711Z
695,"P000695",16,37.8600,"SKU-WIR-000695",444,41.0500,"Wiring Harness Product 00695",899,"semi_finished",464,"wiring_harness","M","make","Y",2026-09-20 09:31:58.225711Z
696,"P000696",12,43.8300,"SKU-WIR-000696",740,59.8000,"Wiring Harness Product 00696",2912,"semi_finished",29,"wiring_harness","EA","make","Y",2026-09-20 09:31:58.225711Z
697,"P000697",5,190.2600,"SKU-MAC-000697",401,267.2300,"Machined Parts Product 00697",2813,"semi_finished",564,"machined_parts","EA","make","Y",2026-09-20 09:31:58.225711Z
698,"P000698",2,385.4000,"SKU-CAS-000698",511,421.2600,"Castings Product 00698",440,"semi_finished",794,"castings","EA","make","Y",2026-09-20 09:31:58.225711Z
699,"P000699",4,48.2800,"SKU-SUB-000699",1498,58.8700,"Subassemblies Product 00699",2580,"semi_finished",354,"subassemblies","EA","make","Y",2026-09-20 09:31:58.225711Z
700,"P000700",12,55.8600,"SKU-SUB-000700",804,74.6300,"Subassemblies Product 00700",347,"semi_finished",344,"subassemblies","EA","make","Y",2026-09-20 09:31:58.225711Z
701,"P000701",4,67.6900,"SKU-CAS-000701",854,75.9200,"Castings Product 00701",252,"semi_finished",750,"castings","EA","make","Y",2026-09-20 09:31:58.225711Z
702,"P000702",3,26.1300,"SKU-WIR-000702",558,28.6500,"Wiring Harness Product 00702",2631,"semi_finished",675,"wiring_harness","EA","make","Y",2026-09-20 09:31:58.225711Z
703,"P000703",3,37.7100,"SKU-CAS-000703",434,50.1200,"Castings Product 00703",1516,"semi_finished",342,"castings","KG","make","Y",2026-09-20 09:31:58.225711Z
704,"P000704",4,90.4800,"SKU-CAS-000704",649,110.3800,"Castings Product 00704",2496,"semi_finished",456,"castings","KG","make","Y",2026-09-20 09:31:58.225711Z
705,"P000705",5,72.9600,"SKU-CAS-000705",792,104.0400,"Castings Product 00705",486,"semi_finished",461,"castings","EA","make","Y",2026-09-20 09:31:58.225711Z
706,"P000706",15,60.4000,"SKU-WIR-000706",988,83.9200,"Wiring Harness Product 00706",1480,"semi_finished",505,"wiring_harness","EA","make","Y",2026-09-20 09:31:58.225711Z
707,"P000707",10,149.9900,"SKU-CAS-000707",1233,213.8400,"Castings Product 00707",433,"semi_finished",256,"castings","EA","make","Y",2026-09-20 09:31:58.225711Z
708,"P000708",7,196.0100,"SKU-WIR-000708",889,259.7000,"Wiring Harness Product 00708",513,"semi_finished",61,"wiring_harness","EA","make","Y",2026-09-20 09:31:58.225711Z
709,"P000709",6,39.0600,"SKU-SUB-000709",1243,50.6700,"Subassemblies Product 00709",1739,"semi_finished",565,"subassemblies","M","make","Y",2026-09-20 09:31:58.225711Z
710,"P000710",6,112.7900,"SKU-WIR-000710",690,149.5000,"Wiring Harness Product 00710",545,"semi_finished",370,"wiring_harness","EA","make","Y",2026-09-20 09:31:58.225711Z
711,"P000711",17,161.1700,"SKU-SUB-000711",1125,196.9900,"Subassemblies Product 00711",2783,"semi_finished",743,"subassemblies","EA","make","Y",2026-09-20 09:31:58.225711Z
712,"P000712",15,67.2600,"SKU-WIR-000712",672,83.2200,"Wiring Harness Product 00712",774,"semi_finished",97,"wiring_harness","EA","make","Y",2026-09-20 09:31:58.225711Z
713,"P000713",17,122.4700,"SKU-SUB-000713",844,158.2100,"Subassemblies Product 00713",2845,"semi_finished",625,"subassemblies","EA","make","Y",2026-09-20 09:31:58.225711Z
714,"P000714",6,43.2200,"SKU-SUB-000714",203,61.8500,"Subassemblies Product 00714",518,"semi_finished",700,"subassemblies","EA","make","Y",2026-09-20 09:31:58.225711Z
715,"P000715",7,44.4500,"SKU-WIR-000715",1101,54.8300,"Wiring Harness Product 00715",394,"semi_finished",84,"wiring_harness","EA","make","Y",2026-09-20 09:31:58.225711Z
716,"P000716",16,67.1000,"SKU-SUB-000716",1452,82.9300,"Subassemblies Product 00716",2388,"semi_finished",210,"subassemblies","EA","make","Y",2026-09-20 09:31:58.225711Z
717,"P000717",7,38.8500,"SKU-CAS-000717",370,45.0300,"Castings Product 00717",1729,"semi_finished",451,"castings","EA","make","Y",2026-09-20 09:31:58.225711Z
718,"P000718",13,76.2500,"SKU-MAC-000718",632,100.1600,"Machined Parts Product 00718",2924,"semi_finished",548,"machined_parts","EA","make","Y",2026-09-20 09:31:58.225711Z
719,"P000719",17,37.3600,"SKU-CAS-000719",93,53.3300,"Castings Product 00719",430,"semi_finished",445,"castings","KG","make","Y",2026-09-20 09:31:58.225711Z
720,"P000720",4,93.2100,"SKU-MAC-000720",1092,112.2200,"Machined Parts Product 00720",1812,"semi_finished",257,"machined_parts","EA","make","Y",2026-09-20 09:31:58.225711Z
721,"P000721",8,34.6500,"SKU-MAC-000721",1411,39.8100,"Machined Parts Product 00721",1919,"semi_finished",131,"machined_parts","EA","make","Y",2026-09-20 09:31:58.225711Z
722,"P000722",15,54.9000,"SKU-MAC-000722",1077,74.7800,"Machined Parts Product 00722",2311,"semi_finished",481,"machined_parts","KG","make","Y",2026-09-20 09:31:58.225711Z
723,"P000723",13,29.9100,"SKU-WIR-000723",835,40.3600,"Wiring Harness Product 00723",2493,"semi_finished",648,"wiring_harness","EA","make","Y",2026-09-20 09:31:58.225711Z
724,"P000724",10,72.5500,"SKU-WIR-000724",772,101.7700,"Wiring Harness Product 00724",883,"semi_finished",392,"wiring_harness","EA","make","Y",2026-09-20 09:31:58.225711Z
725,"P000725",13,27.6500,"SKU-WIR-000725",1302,36.7800,"Wiring Harness Product 00725",756,"semi_finished",280,"wiring_harness","EA","make","Y",2026-09-20 09:31:58.225711Z
726,"P000726",12,196.7800,"SKU-MAC-000726",1038,212.9100,"Machined Parts Product 00726",1490,"semi_finished",146,"machined_parts","EA","make","Y",2026-09-20 09:31:58.225711Z
727,"P000727",8,28.8100,"SKU-WIR-000727",327,34.8800,"Wiring Harness Product 00727",1808,"semi_finished",558,"wiring_harness","EA","make","Y",2026-09-20 09:31:58.225711Z
728,"P000728",5,69.2300,"SKU-MAC-000728",574,98.3400,"Machined Parts Product 00728",2133,"semi_finished",685,"machined_parts","M","make","Y",2026-09-20 09:31:58.225711Z
729,"P000729",14,80.8100,"SKU-SUB-000729",17,115.5000,"Subassemblies Product 00729",2501,"semi_finished",117,"subassemblies","EA","make","Y",2026-09-20 09:31:58.225711Z
730,"P000730",5,47.1700,"SKU-WIR-000730",1424,59.1100,"Wiring Harness Product 00730",2798,"semi_finished",85,"wiring_harness","L","make","Y",2026-09-20 09:31:58.225711Z
731,"P000731",14,92.3300,"SKU-CAS-000731",1297,105.9800,"Castings Product 00731",2337,"semi_finished",472,"castings","EA","make","Y",2026-09-20 09:31:58.225711Z
732,"P000732",5,87.6000,"SKU-SUB-000732",1349,119.7400,"Subassemblies Product 00732",2800,"semi_finished",80,"subassemblies","M","make","Y",2026-09-20 09:31:58.225711Z
733,"P000733",13,160.1900,"SKU-MAC-000733",1174,196.8400,"Machined Parts Product 00733",1019,"semi_finished",398,"machined_parts","EA","make","Y",2026-09-20 09:31:58.225711Z
734,"P000734",14,68.2800,"SKU-SUB-000734",434,95.5100,"Subassemblies Product 00734",673,"semi_finished",584,"subassemblies","EA","make","Y",2026-09-20 09:31:58.225711Z
735,"P000735",8,38.9500,"SKU-SUB-000735",993,56.0500,"Subassemblies Product 00735",230,"semi_finished",265,"subassemblies","EA","make","Y",2026-09-20 09:31:58.225711Z
736,"P000736",6,35.1800,"SKU-SUB-000736",398,41.7500,"Subassemblies Product 00736",3155,"semi_finished",579,"subassemblies","EA","make","Y",2026-09-20 09:31:58.225711Z
737,"P000737",11,89.8000,"SKU-WIR-000737",894,106.6300,"Wiring Harness Product 00737",1151,"semi_finished",694,"wiring_harness","EA","make","Y",2026-09-20 09:31:58.225711Z
738,"P000738",2,29.4000,"SKU-WIR-000738",568,33.7300,"Wiring Harness Product 00738",1408,"semi_finished",516,"wiring_harness","EA","make","Y",2026-09-20 09:31:58.225711Z
739,"P000739",11,94.6700,"SKU-CAS-000739",1052,119.2300,"Castings Product 00739",892,"semi_finished",14,"castings","EA","make","Y",2026-09-20 09:31:58.225711Z
740,"P000740",10,66.2300,"SKU-CAS-000740",280,84.7600,"Castings Product 00740",3135,"semi_finished",651,"castings","EA","make","Y",2026-09-20 09:31:58.225711Z
741,"P000741",14,39.8500,"SKU-SUB-000741",782,55.4500,"Subassemblies Product 00741",2791,"semi_finished",459,"subassemblies","KG","make","Y",2026-09-20 09:31:58.225711Z
742,"P000742",11,50.4400,"SKU-CAS-000742",961,69.7200,"Castings Product 00742",2940,"semi_finished",72,"castings","EA","make","Y",2026-09-20 09:31:58.225711Z
743,"P000743",2,264.3800,"SKU-CAS-000743",167,342.5400,"Castings Product 00743",71,"semi_finished",429,"castings","KG","make","Y",2026-09-20 09:31:58.225711Z
744,"P000744",13,78.2000,"SKU-SUB-000744",1485,92.4600,"Subassemblies Product 00744",2270,"semi_finished",733,"subassemblies","EA","make","Y",2026-09-20 09:31:58.225711Z
745,"P000745",4,36.5100,"SKU-CAS-000745",384,52.3100,"Castings Product 00745",2699,"semi_finished",386,"castings","EA","make","Y",2026-09-20 09:31:58.225711Z
746,"P000746",4,69.9000,"SKU-CAS-000746",320,83.5000,"Castings Product 00746",2532,"semi_finished",16,"castings","EA","make","Y",2026-09-20 09:31:58.225711Z
747,"P000747",15,20.1000,"SKU-MAC-000747",954,22.8800,"Machined Parts Product 00747",1706,"semi_finished",349,"machined_parts","KG","make","Y",2026-09-20 09:31:58.225711Z
748,"P000748",15,36.5300,"SKU-CAS-000748",1100,47.0800,"Castings Product 00748",1313,"semi_finished",471,"castings","EA","make","Y",2026-09-20 09:31:58.225711Z
749,"P000749",6,146.5700,"SKU-WIR-000749",308,201.3800,"Wiring Harness Product 00749",3442,"semi_finished",422,"wiring_harness","KG","make","Y",2026-09-20 09:31:58.225711Z
750,"P000750",9,64.0000,"SKU-SUB-000750",455,77.9100,"Subassemblies Product 00750",1855,"semi_finished",97,"subassemblies","EA","make","Y",2026-09-20 09:31:58.225711Z
751,"P000751",14,30.7000,"SKU-MAC-000751",1122,40.3500,"Machined Parts Product 00751",2394,"semi_finished",506,"machined_parts","EA","make","Y",2026-09-20 09:31:58.225711Z
752,"P000752",18,38.3000,"SKU-SUB-000752",652,46.3300,"Subassemblies Product 00752",1031,"semi_finished",456,"subassemblies","L","make","Y",2026-09-20 09:31:58.225711Z
753,"P000753",4,71.6800,"SKU-CAS-000753",1311,86.1800,"Castings Product 00753",1795,"semi_finished",537,"castings","EA","make","Y",2026-09-20 09:31:58.225711Z
754,"P000754",5,123.5900,"SKU-WIR-000754",160,162.5800,"Wiring Harness Product 00754",985,"semi_finished",298,"wiring_harness","KG","make","Y",2026-09-20 09:31:58.225711Z
755,"P000755",4,36.8400,"SKU-SUB-000755",91,42.7500,"Subassemblies Product 00755",2344,"semi_finished",634,"subassemblies","EA","make","Y",2026-09-20 09:31:58.225711Z
756,"P000756",3,77.7800,"SKU-MAC-000756",372,93.5900,"Machined Parts Product 00756",2354,"semi_finished",698,"machined_parts","KG","make","Y",2026-09-20 09:31:58.225711Z
757,"P000757",13,29.6100,"SKU-CAS-000757",1064,38.7200,"Castings Product 00757",856,"semi_finished",719,"castings","EA","make","Y",2026-09-20 09:31:58.225711Z
758,"P000758",13,28.1600,"SKU-SUB-000758",1273,32.6500,"Subassemblies Product 00758",1291,"semi_finished",164,"subassemblies","EA","make","Y",2026-09-20 09:31:58.225711Z
759,"P000759",12,22.2900,"SKU-SUB-000759",1170,24.3000,"Subassemblies Product 00759",426,"semi_finished",282,"subassemblies","M","make","Y",2026-09-20 09:31:58.225711Z
760,"P000760",4,27.9400,"SKU-CAS-000760",481,35.6400,"Castings Product 00760",1133,"semi_finished",636,"castings","EA","make","Y",2026-09-20 09:31:58.225711Z
761,"P000761",18,80.7900,"SKU-WIR-000761",444,90.0100,"Wiring Harness Product 00761",1497,"semi_finished",592,"wiring_harness","EA","make","Y",2026-09-20 09:31:58.225711Z
762,"P000762",3,41.5900,"SKU-MAC-000762",17,59.3100,"Machined Parts Product 00762",2149,"semi_finished",89,"machined_parts","EA","make","Y",2026-09-20 09:31:58.225711Z
763,"P000763",9,12.7000,"SKU-CAS-000763",937,16.7500,"Castings Product 00763",951,"semi_finished",759,"castings","EA","make","Y",2026-09-20 09:31:58.225711Z
764,"P000764",11,70.5200,"SKU-CAS-000764",354,97.4000,"Castings Product 00764",2992,"semi_finished",669,"castings","EA","make","Y",2026-09-20 09:31:58.225711Z
765,"P000765",3,53.1100,"SKU-CAS-000765",907,69.8800,"Castings Product 00765",401,"semi_finished",220,"castings","KG","make","Y",2026-09-20 09:31:58.225711Z
766,"P000766",4,173.6300,"SKU-WIR-000766",493,230.2800,"Wiring Harness Product 00766",1307,"semi_finished",439,"wiring_harness","M","make","Y",2026-09-20 09:31:58.225711Z
767,"P000767",16,80.9500,"SKU-CAS-000767",838,93.7900,"Castings Product 00767",474,"semi_finished",429,"castings","EA","make","Y",2026-09-20 09:31:58.225711Z
768,"P000768",5,117.1700,"SKU-CAS-000768",722,134.5100,"Castings Product 00768",3418,"semi_finished",195,"castings","EA","make","Y",2026-09-20 09:31:58.225711Z
769,"P000769",13,76.0500,"SKU-MAC-000769",734,104.1800,"Machined Parts Product 00769",2273,"semi_finished",344,"machined_parts","KG","make","Y",2026-09-20 09:31:58.225711Z
770,"P000770",14,83.2400,"SKU-CAS-000770",1237,100.3100,"Castings Product 00770",2623,"semi_finished",525,"castings","L","make","Y",2026-09-20 09:31:58.225711Z
771,"P000771",9,140.4400,"SKU-MAC-000771",337,157.7200,"Machined Parts Product 00771",1371,"semi_finished",178,"machined_parts","EA","make","Y",2026-09-20 09:31:58.225711Z
772,"P000772",3,213.1000,"SKU-MAC-000772",1344,231.0000,"Machined Parts Product 00772",1608,"semi_finished",566,"machined_parts","M","make","Y",2026-09-20 09:31:58.225711Z
773,"P000773",6,53.5400,"SKU-MAC-000773",278,64.1400,"Machined Parts Product 00773",647,"semi_finished",638,"machined_parts","EA","make","Y",2026-09-20 09:31:58.225711Z
774,"P000774",6,25.3200,"SKU-WIR-000774",107,33.4100,"Wiring Harness Product 00774",3184,"semi_finished",368,"wiring_harness","EA","make","Y",2026-09-20 09:31:58.225711Z
775,"P000775",3,61.5400,"SKU-MAC-000775",614,83.0400,"Machined Parts Product 00775",1378,"semi_finished",559,"machined_parts","EA","make","Y",2026-09-20 09:31:58.225711Z
776,"P000776",16,56.9600,"SKU-MAC-000776",935,67.0900,"Machined Parts Product 00776",1444,"semi_finished",132,"machined_parts","KG","make","Y",2026-09-20 09:31:58.225711Z
777,"P000777",5,93.6600,"SKU-WIR-000777",922,123.8600,"Wiring Harness Product 00777",1052,"semi_finished",499,"wiring_harness","KG","make","Y",2026-09-20 09:31:58.225711Z
778,"P000778",18,256.1400,"SKU-SUB-000778",1038,313.9200,"Subassemblies Product 00778",1443,"semi_finished",545,"subassemblies","M","make","Y",2026-09-20 09:31:58.225711Z
779,"P000779",7,79.1700,"SKU-SUB-000779",121,108.5400,"Subassemblies Product 00779",1005,"semi_finished",529,"subassemblies","KG","make","Y",2026-09-20 09:31:58.225711Z
780,"P000780",14,47.0900,"SKU-CAS-000780",951,53.7400,"Castings Product 00780",807,"semi_finished",158,"castings","EA","make","Y",2026-09-20 09:31:58.225711Z
781,"P000781",18,86.0000,"SKU-CAS-000781",1320,120.2300,"Castings Product 00781",2968,"semi_finished",732,"castings","EA","make","Y",2026-09-20 09:31:58.225711Z
782,"P000782",18,34.3700,"SKU-CAS-000782",1375,40.1800,"Castings Product 00782",756,"semi_finished",489,"castings","EA","make","Y",2026-09-20 09:31:58.225711Z
783,"P000783",17,168.5200,"SKU-MAC-000783",1331,221.3800,"Machined Parts Product 00783",2027,"semi_finished",110,"machined_parts","KG","make","Y",2026-09-20 09:31:58.225711Z
784,"P000784",9,26.5900,"SKU-WIR-000784",1109,37.7800,"Wiring Harness Product 00784",3096,"semi_finished",779,"wiring_harness","EA","make","Y",2026-09-20 09:31:58.225711Z
785,"P000785",4,36.0400,"SKU-WIR-000785",798,41.5100,"Wiring Harness Product 00785",2402,"semi_finished",493,"wiring_harness","KG","make","Y",2026-09-20 09:31:58.225711Z
786,"P000786",11,23.7800,"SKU-SUB-000786",105,31.8700,"Subassemblies Product 00786",357,"semi_finished",458,"subassemblies","EA","make","Y",2026-09-20 09:31:58.225711Z
787,"P000787",14,41.2500,"SKU-WIR-000787",365,47.1300,"Wiring Harness Product 00787",680,"semi_finished",15,"wiring_harness","EA","make","Y",2026-09-20 09:31:58.225711Z
788,"P000788",14,212.9600,"SKU-WIR-000788",716,296.0500,"Wiring Harness Product 00788",377,"semi_finished",152,"wiring_harness","EA","make","Y",2026-09-20 09:31:58.225711Z
789,"P000789",6,25.8300,"SKU-WIR-000789",575,30.8300,"Wiring Harness Product 00789",1654,"semi_finished",105,"wiring_harness","EA","make","Y",2026-09-20 09:31:58.225711Z
790,"P000790",18,19.0500,"SKU-MAC-000790",1500,26.7100,"Machined Parts Product 00790",2818,"semi_finished",768,"machined_parts","KG","make","Y",2026-09-20 09:31:58.225711Z
791,"P000791",15,58.9400,"SKU-WIR-000791",983,79.0000,"Wiring Harness Product 00791",1686,"semi_finished",342,"wiring_harness","EA","make","Y",2026-09-20 09:31:58.225711Z
792,"P000792",15,364.3000,"SKU-MAC-000792",772,461.7900,"Machined Parts Product 00792",2703,"semi_finished",137,"machined_parts","EA","make","Y",2026-09-20 09:31:58.225711Z
793,"P000793",17,77.4300,"SKU-CAS-000793",374,93.0700,"Castings Product 00793",140,"semi_finished",246,"castings","EA","make","Y",2026-09-20 09:31:58.225711Z
794,"P000794",12,98.2700,"SKU-SUB-000794",600,124.5800,"Subassemblies Product 00794",1919,"semi_finished",602,"subassemblies","EA","make","Y",2026-09-20 09:31:58.225711Z
795,"P000795",3,29.7100,"SKU-MAC-000795",1230,34.0600,"Machined Parts Product 00795",843,"semi_finished",129,"machined_parts","EA","make","Y",2026-09-20 09:31:58.225711Z
796,"P000796",9,69.1900,"SKU-WIR-000796",1039,83.1200,"Wiring Harness Product 00796",106,"semi_finished",439,"wiring_harness","EA","make","Y",2026-09-20 09:31:58.225711Z
797,"P000797",6,34.4900,"SKU-WIR-000797",561,38.1700,"Wiring Harness Product 00797",563,"semi_finished",252,"wiring_harness","EA","make","Y",2026-09-20 09:31:58.225711Z
798,"P000798",16,87.6400,"SKU-SUB-000798",962,122.1200,"Subassemblies Product 00798",2588,"semi_finished",497,"subassemblies","EA","make","Y",2026-09-20 09:31:58.225711Z
799,"P000799",18,97.9200,"SKU-WIR-000799",408,124.8200,"Wiring Harness Product 00799",1706,"semi_finished",262,"wiring_harness","EA","make","Y",2026-09-20 09:31:58.225711Z
800,"P000800",12,87.6000,"SKU-CAS-000800",930,105.4000,"Castings Product 00800",624,"semi_finished",343,"castings","EA","make","Y",2026-09-20 09:31:58.225711Z
801,"P000801",7,31.1900,"SKU-CAS-000801",1042,36.6300,"Castings Product 00801",663,"semi_finished",386,"castings","EA","make","Y",2026-09-20 09:31:58.225711Z
802,"P000802",16,30.6500,"SKU-MAC-000802",120,43.4200,"Machined Parts Product 00802",543,"semi_finished",507,"machined_parts","EA","make","Y",2026-09-20 09:31:58.225711Z
803,"P000803",6,31.0700,"SKU-CAS-000803",1305,38.0400,"Castings Product 00803",569,"semi_finished",159,"castings","EA","make","Y",2026-09-20 09:31:58.225711Z
804,"P000804",10,130.0600,"SKU-WIR-000804",187,176.1400,"Wiring Harness Product 00804",818,"semi_finished",227,"wiring_harness","EA","make","Y",2026-09-20 09:31:58.225711Z
805,"P000805",8,56.4000,"SKU-CAS-000805",537,73.8800,"Castings Product 00805",2510,"semi_finished",622,"castings","EA","make","Y",2026-09-20 09:31:58.225711Z
806,"P000806",17,53.4600,"SKU-WIR-000806",175,72.2100,"Wiring Harness Product 00806",1268,"semi_finished",294,"wiring_harness","M","make","Y",2026-09-20 09:31:58.225711Z
807,"P000807",5,468.7000,"SKU-WIR-000807",34,561.2000,"Wiring Harness Product 00807",3150,"semi_finished",471,"wiring_harness","EA","make","Y",2026-09-20 09:31:58.225711Z
808,"P000808",2,79.3500,"SKU-CAS-000808",1059,91.5300,"Castings Product 00808",2440,"semi_finished",603,"castings","EA","make","Y",2026-09-20 09:31:58.225711Z
809,"P000809",7,61.5000,"SKU-WIR-000809",154,82.8600,"Wiring Harness Product 00809",2867,"semi_finished",282,"wiring_harness","EA","make","Y",2026-09-20 09:31:58.225711Z
810,"P000810",4,133.8700,"SKU-CAS-000810",64,166.7000,"Castings Product 00810",3326,"semi_finished",421,"castings","EA","make","Y",2026-09-20 09:31:58.225711Z
811,"P000811",14,549.2000,"SKU-CAS-000811",247,682.9300,"Castings Product 00811",1536,"semi_finished",492,"castings","EA","make","Y",2026-09-20 09:31:58.225711Z
812,"P000812",14,132.1100,"SKU-CAS-000812",525,168.1800,"Castings Product 00812",672,"semi_finished",175,"castings","EA","make","Y",2026-09-20 09:31:58.225711Z
813,"P000813",13,34.2800,"SKU-WIR-000813",917,38.9800,"Wiring Harness Product 00813",2419,"semi_finished",485,"wiring_harness","EA","make","Y",2026-09-20 09:31:58.225711Z
814,"P000814",5,43.5500,"SKU-WIR-000814",1431,60.8900,"Wiring Harness Product 00814",321,"semi_finished",166,"wiring_harness","EA","make","Y",2026-09-20 09:31:58.225711Z
815,"P000815",9,394.3000,"SKU-CAS-000815",1379,514.9700,"Castings Product 00815",2005,"semi_finished",413,"castings","EA","make","Y",2026-09-20 09:31:58.225711Z
816,"P000816",10,114.7200,"SKU-CAS-000816",1368,127.4800,"Castings Product 00816",2267,"semi_finished",518,"castings","EA","make","Y",2026-09-20 09:31:58.225711Z
817,"P000817",12,67.2300,"SKU-MAC-000817",315,95.9300,"Machined Parts Product 00817",1874,"semi_finished",467,"machined_parts","EA","make","Y",2026-09-20 09:31:58.225711Z
818,"P000818",6,28.0400,"SKU-CAS-000818",617,40.6400,"Castings Product 00818",106,"semi_finished",795,"castings","EA","make","Y",2026-09-20 09:31:58.225711Z
819,"P000819",16,70.3900,"SKU-MAC-000819",1197,87.5000,"Machined Parts Product 00819",578,"semi_finished",20,"machined_parts","L","make","Y",2026-09-20 09:31:58.225711Z
820,"P000820",8,104.6400,"SKU-CAS-000820",1036,124.4400,"Castings Product 00820",1976,"semi_finished",428,"castings","EA","make","Y",2026-09-20 09:31:58.225711Z
821,"P000821",2,141.2200,"SKU-MAC-000821",673,196.6900,"Machined Parts Product 00821",485,"semi_finished",620,"machined_parts","EA","make","Y",2026-09-20 09:31:58.225711Z
822,"P000822",13,62.7300,"SKU-SUB-000822",1321,81.9900,"Subassemblies Product 00822",3016,"semi_finished",464,"subassemblies","EA","make","Y",2026-09-20 09:31:58.225711Z
823,"P000823",8,250.5100,"SKU-SUB-000823",650,342.8800,"Subassemblies Product 00823",656,"semi_finished",686,"subassemblies","EA","make","Y",2026-09-20 09:31:58.225711Z
824,"P000824",7,44.8600,"SKU-MAC-000824",824,50.3000,"Machined Parts Product 00824",2347,"semi_finished",14,"machined_parts","M","make","Y",2026-09-20 09:31:58.225711Z
825,"P000825",6,44.9500,"SKU-WIR-000825",1363,55.4000,"Wiring Harness Product 00825",274,"semi_finished",481,"wiring_harness","EA","make","Y",2026-09-20 09:31:58.225711Z
826,"P000826",15,208.5300,"SKU-SUB-000826",1172,288.2600,"Subassemblies Product 00826",1945,"semi_finished",431,"subassemblies","EA","make","Y",2026-09-20 09:31:58.225711Z
827,"P000827",15,29.5300,"SKU-CAS-000827",335,37.9200,"Castings Product 00827",1890,"semi_finished",708,"castings","EA","make","Y",2026-09-20 09:31:58.225711Z
828,"P000828",5,134.4500,"SKU-CAS-000828",1198,189.1000,"Castings Product 00828",1683,"semi_finished",688,"castings","M","make","Y",2026-09-20 09:31:58.225711Z
829,"P000829",2,164.6800,"SKU-CAS-000829",256,192.9000,"Castings Product 00829",1874,"semi_finished",695,"castings","EA","make","Y",2026-09-20 09:31:58.225711Z
830,"P000830",7,40.9500,"SKU-SUB-000830",1107,45.9900,"Subassemblies Product 00830",3186,"semi_finished",744,"subassemblies","EA","make","Y",2026-09-20 09:31:58.225711Z
831,"P000831",16,32.3100,"SKU-SUB-000831",1119,36.1400,"Subassemblies Product 00831",156,"semi_finished",583,"subassemblies","EA","make","Y",2026-09-20 09:31:58.225711Z
832,"P000832",13,34.3700,"SKU-WIR-000832",98,47.3100,"Wiring Harness Product 00832",1019,"semi_finished",382,"wiring_harness","EA","make","Y",2026-09-20 09:31:58.225711Z
833,"P000833",10,23.6200,"SKU-SUB-000833",716,26.9700,"Subassemblies Product 00833",2884,"semi_finished",80,"subassemblies","EA","make","Y",2026-09-20 09:31:58.225711Z
834,"P000834",15,25.1700,"SKU-MAC-000834",233,36.2700,"Machined Parts Product 00834",3404,"semi_finished",184,"machined_parts","KG","make","Y",2026-09-20 09:31:58.225711Z
835,"P000835",12,50.7100,"SKU-WIR-000835",1346,59.8100,"Wiring Harness Product 00835",1829,"semi_finished",653,"wiring_harness","M","make","Y",2026-09-20 09:31:58.225711Z
836,"P000836",4,24.2000,"SKU-SUB-000836",688,31.0500,"Subassemblies Product 00836",1693,"semi_finished",262,"subassemblies","EA","make","Y",2026-09-20 09:31:58.225711Z
837,"P000837",18,49.5800,"SKU-MAC-000837",371,71.5400,"Machined Parts Product 00837",1123,"semi_finished",463,"machined_parts","EA","make","Y",2026-09-20 09:31:58.225711Z
838,"P000838",3,96.1200,"SKU-MAC-000838",1452,114.6200,"Machined Parts Product 00838",1476,"semi_finished",319,"machined_parts","EA","make","Y",2026-09-20 09:31:58.225711Z
839,"P000839",8,42.4900,"SKU-SUB-000839",987,53.8700,"Subassemblies Product 00839",3283,"semi_finished",269,"subassemblies","EA","make","Y",2026-09-20 09:31:58.225711Z
840,"P000840",12,29.9700,"SKU-WIR-000840",929,33.0800,"Wiring Harness Product 00840",3075,"semi_finished",447,"wiring_harness","EA","make","Y",2026-09-20 09:31:58.225711Z
841,"P000841",4,30.6300,"SKU-MAC-000841",1471,37.2500,"Machined Parts Product 00841",1758,"semi_finished",143,"machined_parts","EA","make","Y",2026-09-20 09:31:58.225711Z
842,"P000842",15,20.7900,"SKU-SUB-000842",437,29.8500,"Subassemblies Product 00842",1771,"semi_finished",759,"subassemblies","EA","make","Y",2026-09-20 09:31:58.225711Z
843,"P000843",6,36.4300,"SKU-CAS-000843",1371,44.3200,"Castings Product 00843",2255,"semi_finished",582,"castings","EA","make","Y",2026-09-20 09:31:58.225711Z
844,"P000844",4,265.2400,"SKU-MAC-000844",152,289.0000,"Machined Parts Product 00844",1476,"semi_finished",617,"machined_parts","EA","make","Y",2026-09-20 09:31:58.225711Z
845,"P000845",15,84.3500,"SKU-CAS-000845",445,109.2100,"Castings Product 00845",3194,"semi_finished",295,"castings","EA","make","Y",2026-09-20 09:31:58.225711Z
846,"P000846",9,34.8300,"SKU-SUB-000846",244,43.1200,"Subassemblies Product 00846",508,"semi_finished",140,"subassemblies","KG","make","Y",2026-09-20 09:31:58.225711Z
847,"P000847",4,57.2100,"SKU-CAS-000847",384,66.1500,"Castings Product 00847",653,"semi_finished",185,"castings","EA","make","Y",2026-09-20 09:31:58.225711Z
848,"P000848",3,98.9000,"SKU-MAC-000848",1492,136.9500,"Machined Parts Product 00848",2436,"semi_finished",31,"machined_parts","EA","make","Y",2026-09-20 09:31:58.225711Z
849,"P000849",3,67.9500,"SKU-CAS-000849",1378,81.2900,"Castings Product 00849",2766,"semi_finished",393,"castings","EA","make","Y",2026-09-20 09:31:58.225711Z
850,"P000850",3,223.8500,"SKU-SUB-000850",920,275.4500,"Subassemblies Product 00850",2774,"semi_finished",157,"subassemblies","EA","make","Y",2026-09-20 09:31:58.225711Z
851,"P000851",10,32.7800,"SKU-SUB-000851",515,44.9100,"Subassemblies Product 00851",787,"semi_finished",198,"subassemblies","EA","make","Y",2026-09-20 09:31:58.225711Z
852,"P000852",10,26.8500,"SKU-SUB-000852",1078,36.0700,"Subassemblies Product 00852",2461,"semi_finished",776,"subassemblies","EA","make","Y",2026-09-20 09:31:58.225711Z
853,"P000853",10,23.8500,"SKU-WIR-000853",1383,34.5500,"Wiring Harness Product 00853",1194,"semi_finished",520,"wiring_harness","EA","make","Y",2026-09-20 09:31:58.225711Z
854,"P000854",16,141.7900,"SKU-SUB-000854",1370,190.1400,"Subassemblies Product 00854",3453,"semi_finished",181,"subassemblies","L","make","Y",2026-09-20 09:31:58.225711Z
855,"P000855",2,53.6800,"SKU-MAC-000855",903,62.5100,"Machined Parts Product 00855",2259,"semi_finished",21,"machined_parts","EA","make","Y",2026-09-20 09:31:58.225711Z
856,"P000856",7,51.6000,"SKU-CAS-000856",460,72.3700,"Castings Product 00856",1302,"semi_finished",680,"castings","EA","make","Y",2026-09-20 09:31:58.225711Z
857,"P000857",7,101.5500,"SKU-WIR-000857",1013,126.9400,"Wiring Harness Product 00857",2805,"semi_finished",585,"wiring_harness","EA","make","Y",2026-09-20 09:31:58.225711Z
858,"P000858",14,61.2900,"SKU-CAS-000858",856,67.6700,"Castings Product 00858",3499,"semi_finished",640,"castings","EA","make","Y",2026-09-20 09:31:58.225711Z
859,"P000859",13,64.9300,"SKU-WIR-000859",864,78.7600,"Wiring Harness Product 00859",1197,"semi_finished",724,"wiring_harness","EA","make","Y",2026-09-20 09:31:58.225711Z
860,"P000860",3,27.3100,"SKU-MAC-000860",1441,38.5700,"Machined Parts Product 00860",1634,"semi_finished",698,"machined_parts","EA","make","Y",2026-09-20 09:31:58.225711Z
861,"P000861",9,147.0600,"SKU-WIR-000861",907,205.2200,"Wiring Harness Product 00861",2565,"semi_finished",258,"wiring_harness","EA","make","Y",2026-09-20 09:31:58.225711Z
862,"P000862",6,97.5100,"SKU-WIR-000862",343,128.1500,"Wiring Harness Product 00862",1061,"semi_finished",741,"wiring_harness","EA","make","Y",2026-09-20 09:31:58.225711Z
863,"P000863",17,126.6500,"SKU-SUB-000863",1339,180.3700,"Subassemblies Product 00863",1254,"semi_finished",220,"subassemblies","EA","make","Y",2026-09-20 09:31:58.225711Z
864,"P000864",8,96.6200,"SKU-WIR-000864",948,139.3800,"Wiring Harness Product 00864",2320,"semi_finished",562,"wiring_harness","EA","make","Y",2026-09-20 09:31:58.225711Z
865,"P000865",10,15.6400,"SKU-MAC-000865",404,17.0800,"Machined Parts Product 00865",709,"semi_finished",482,"machined_parts","EA","make","Y",2026-09-20 09:31:58.225711Z
866,"P000866",14,190.2400,"SKU-SUB-000866",1226,262.2900,"Subassemblies Product 00866",3342,"semi_finished",602,"subassemblies","EA","make","Y",2026-09-20 09:31:58.225711Z
867,"P000867",12,177.9500,"SKU-SUB-000867",1318,197.3700,"Subassemblies Product 00867",2362,"semi_finished",239,"subassemblies","EA","make","Y",2026-09-20 09:31:58.225711Z
868,"P000868",3,69.5100,"SKU-WIR-000868",761,99.9700,"Wiring Harness Product 00868",1518,"semi_finished",58,"wiring_harness","EA","make","Y",2026-09-20 09:31:58.225711Z
869,"P000869",14,110.6700,"SKU-WIR-000869",202,154.1100,"Wiring Harness Product 00869",2192,"semi_finished",589,"wiring_harness","EA","make","Y",2026-09-20 09:31:58.225711Z
870,"P000870",15,58.9700,"SKU-MAC-000870",1151,80.2600,"Machined Parts Product 00870",2801,"semi_finished",155,"machined_parts","EA","make","Y",2026-09-20 09:31:58.225711Z
871,"P000871",7,39.8000,"SKU-CAS-000871",968,46.9000,"Castings Product 00871",2323,"semi_finished",158,"castings","EA","make","Y",2026-09-20 09:31:58.225711Z
872,"P000872",7,126.1100,"SKU-SUB-000872",130,137.2700,"Subassemblies Product 00872",354,"semi_finished",612,"subassemblies","KG","make","Y",2026-09-20 09:31:58.225711Z
873,"P000873",13,50.8100,"SKU-MAC-000873",1270,56.0700,"Machined Parts Product 00873",788,"semi_finished",568,"machined_parts","KG","make","Y",2026-09-20 09:31:58.225711Z
874,"P000874",11,77.2100,"SKU-MAC-000874",237,111.2700,"Machined Parts Product 00874",803,"semi_finished",642,"machined_parts","M","make","Y",2026-09-20 09:31:58.225711Z
875,"P000875",11,83.2000,"SKU-MAC-000875",1411,90.9100,"Machined Parts Product 00875",485,"semi_finished",441,"machined_parts","EA","make","Y",2026-09-20 09:31:58.225711Z
876,"P000876",12,31.9800,"SKU-WIR-000876",1007,36.6200,"Wiring Harness Product 00876",2165,"semi_finished",245,"wiring_harness","EA","make","Y",2026-09-20 09:31:58.225711Z
877,"P000877",9,27.7500,"SKU-WIR-000877",1362,33.6100,"Wiring Harness Product 00877",1990,"semi_finished",267,"wiring_harness","EA","make","Y",2026-09-20 09:31:58.225711Z
878,"P000878",4,64.3400,"SKU-CAS-000878",366,88.4800,"Castings Product 00878",2397,"semi_finished",384,"castings","EA","make","Y",2026-09-20 09:31:58.225711Z
879,"P000879",4,71.8200,"SKU-CAS-000879",1222,83.7200,"Castings Product 00879",2031,"semi_finished",277,"castings","EA","make","Y",2026-09-20 09:31:58.225711Z
880,"P000880",14,121.8400,"SKU-MAC-000880",843,173.6800,"Machined Parts Product 00880",2887,"semi_finished",393,"machined_parts","EA","make","Y",2026-09-20 09:31:58.225711Z
881,"P000881",14,99.8100,"SKU-SUB-000881",1399,140.3500,"Subassemblies Product 00881",739,"semi_finished",456,"subassemblies","M","make","Y",2026-09-20 09:31:58.225711Z
882,"P000882",4,148.3000,"SKU-CAS-000882",919,191.7600,"Castings Product 00882",2581,"semi_finished",204,"castings","EA","make","Y",2026-09-20 09:31:58.225711Z
883,"P000883",18,50.4000,"SKU-CAS-000883",601,63.9800,"Castings Product 00883",1729,"semi_finished",87,"castings","EA","make","Y",2026-09-20 09:31:58.225711Z
884,"P000884",10,15.8500,"SKU-SUB-000884",912,17.2200,"Subassemblies Product 00884",3315,"semi_finished",266,"subassemblies","EA","make","Y",2026-09-20 09:31:58.225711Z
885,"P000885",4,67.6100,"SKU-WIR-000885",1043,85.4100,"Wiring Harness Product 00885",2647,"semi_finished",229,"wiring_harness","EA","make","Y",2026-09-20 09:31:58.225711Z
886,"P000886",6,27.8600,"SKU-WIR-000886",710,32.1400,"Wiring Harness Product 00886",1574,"semi_finished",710,"wiring_harness","EA","make","Y",2026-09-20 09:31:58.225711Z
887,"P000887",18,146.3200,"SKU-CAS-000887",355,194.1100,"Castings Product 00887",1405,"semi_finished",370,"castings","M","make","Y",2026-09-20 09:31:58.225711Z
888,"P000888",12,72.8100,"SKU-SUB-000888",906,85.7600,"Subassemblies Product 00888",3072,"semi_finished",415,"subassemblies","KG","make","Y",2026-09-20 09:31:58.225711Z
889,"P000889",4,38.4200,"SKU-WIR-000889",264,50.0700,"Wiring Harness Product 00889",3017,"semi_finished",402,"wiring_harness","EA","make","Y",2026-09-20 09:31:58.225711Z
890,"P000890",13,26.2000,"SKU-MAC-000890",155,37.8700,"Machined Parts Product 00890",1921,"semi_finished",361,"machined_parts","EA","make","Y",2026-09-20 09:31:58.225711Z
891,"P000891",8,35.7500,"SKU-WIR-000891",744,40.3700,"Wiring Harness Product 00891",1588,"semi_finished",491,"wiring_harness","EA","make","Y",2026-09-20 09:31:58.225711Z
892,"P000892",16,40.1000,"SKU-MAC-000892",337,57.7100,"Machined Parts Product 00892",1565,"semi_finished",658,"machined_parts","EA","make","Y",2026-09-20 09:31:58.225711Z
893,"P000893",16,137.4100,"SKU-WIR-000893",1099,180.4100,"Wiring Harness Product 00893",3386,"semi_finished",718,"wiring_harness","EA","make","Y",2026-09-20 09:31:58.225711Z
894,"P000894",17,45.6900,"SKU-MAC-000894",1184,58.5500,"Machined Parts Product 00894",587,"semi_finished",780,"machined_parts","EA","make","Y",2026-09-20 09:31:58.225711Z
895,"P000895",3,57.3600,"SKU-WIR-000895",1222,76.0300,"Wiring Harness Product 00895",2539,"semi_finished",607,"wiring_harness","KG","make","Y",2026-09-20 09:31:58.225711Z
896,"P000896",9,23.6900,"SKU-CAS-000896",1488,33.2800,"Castings Product 00896",391,"semi_finished",498,"castings","EA","make","Y",2026-09-20 09:31:58.225711Z
897,"P000897",13,64.5500,"SKU-CAS-000897",1199,82.3900,"Castings Product 00897",1988,"semi_finished",258,"castings","KG","make","Y",2026-09-20 09:31:58.225711Z
898,"P000898",18,68.5700,"SKU-WIR-000898",131,79.2000,"Wiring Harness Product 00898",2614,"semi_finished",473,"wiring_harness","EA","make","Y",2026-09-20 09:31:58.225711Z
899,"P000899",7,169.1500,"SKU-WIR-000899",1069,212.6700,"Wiring Harness Product 00899",805,"semi_finished",434,"wiring_harness","EA","make","Y",2026-09-20 09:31:58.225711Z
900,"P000900",2,105.8700,"SKU-WIR-000900",1126,117.2100,"Wiring Harness Product 00900",2417,"semi_finished",472,"wiring_harness","EA","make","Y",2026-09-20 09:31:58.225711Z
901,"P000901",3,50.6600,"SKU-MAC-000901",823,59.8600,"Machined Parts Product 00901",1858,"semi_finished",23,"machined_parts","EA","make","Y",2026-09-20 09:31:58.225711Z
902,"P000902",14,18.9000,"SKU-CAS-000902",1251,25.2400,"Castings Product 00902",2584,"semi_finished",185,"castings","EA","make","Y",2026-09-20 09:31:58.225711Z
903,"P000903",14,89.4200,"SKU-CAS-000903",964,100.6200,"Castings Product 00903",3376,"semi_finished",261,"castings","KG","make","Y",2026-09-20 09:31:58.225711Z
904,"P000904",7,146.5400,"SKU-MAC-000904",580,164.6500,"Machined Parts Product 00904",1157,"semi_finished",54,"machined_parts","EA","make","Y",2026-09-20 09:31:58.225711Z
905,"P000905",13,137.4900,"SKU-SUB-000905",945,175.3600,"Subassemblies Product 00905",1561,"semi_finished",363,"subassemblies","M","make","Y",2026-09-20 09:31:58.225711Z
906,"P000906",11,66.3300,"SKU-MAC-000906",138,81.8000,"Machined Parts Product 00906",1165,"semi_finished",232,"machined_parts","EA","make","Y",2026-09-20 09:31:58.225711Z
907,"P000907",12,66.7800,"SKU-WIR-000907",192,77.3000,"Wiring Harness Product 00907",1163,"semi_finished",202,"wiring_harness","EA","make","Y",2026-09-20 09:31:58.225711Z
908,"P000908",10,50.1000,"SKU-MAC-000908",22,62.4400,"Machined Parts Product 00908",2974,"semi_finished",511,"machined_parts","EA","make","Y",2026-09-20 09:31:58.225711Z
909,"P000909",15,79.8400,"SKU-CAS-000909",1107,109.7700,"Castings Product 00909",937,"semi_finished",596,"castings","EA","make","Y",2026-09-20 09:31:58.225711Z
910,"P000910",7,79.6300,"SKU-WIR-000910",725,114.7600,"Wiring Harness Product 00910",881,"semi_finished",619,"wiring_harness","EA","make","Y",2026-09-20 09:31:58.225711Z
911,"P000911",9,27.9300,"SKU-WIR-000911",246,35.6300,"Wiring Harness Product 00911",3366,"semi_finished",706,"wiring_harness","EA","make","Y",2026-09-20 09:31:58.225711Z
912,"P000912",11,38.7400,"SKU-MAC-000912",580,43.9000,"Machined Parts Product 00912",2376,"semi_finished",345,"machined_parts","KG","make","Y",2026-09-20 09:31:58.225711Z
913,"P000913",13,61.3400,"SKU-WIR-000913",1321,75.7600,"Wiring Harness Product 00913",2713,"semi_finished",466,"wiring_harness","EA","make","Y",2026-09-20 09:31:58.225711Z
914,"P000914",8,56.8200,"SKU-CAS-000914",1325,71.5000,"Castings Product 00914",1683,"semi_finished",243,"castings","EA","make","Y",2026-09-20 09:31:58.225711Z
915,"P000915",4,214.0000,"SKU-WIR-000915",1470,270.9500,"Wiring Harness Product 00915",2724,"semi_finished",166,"wiring_harness","EA","make","Y",2026-09-20 09:31:58.225711Z
916,"P000916",4,66.4100,"SKU-SUB-000916",108,88.9300,"Subassemblies Product 00916",184,"semi_finished",618,"subassemblies","L","make","Y",2026-09-20 09:31:58.225711Z
917,"P000917",17,19.4500,"SKU-MAC-000917",573,27.4700,"Machined Parts Product 00917",1575,"semi_finished",674,"machined_parts","EA","make","Y",2026-09-20 09:31:58.225711Z
918,"P000918",8,47.7200,"SKU-SUB-000918",722,64.5400,"Subassemblies Product 00918",2081,"semi_finished",574,"subassemblies","KG","make","Y",2026-09-20 09:31:58.225711Z
919,"P000919",4,34.1700,"SKU-CAS-000919",374,48.8300,"Castings Product 00919",305,"semi_finished",150,"castings","L","make","Y",2026-09-20 09:31:58.225711Z
920,"P000920",13,39.8700,"SKU-MAC-000920",901,50.9900,"Machined Parts Product 00920",1395,"semi_finished",64,"machined_parts","EA","make","Y",2026-09-20 09:31:58.225711Z
921,"P000921",11,72.7900,"SKU-WIR-000921",1094,97.8400,"Wiring Harness Product 00921",2025,"semi_finished",155,"wiring_harness","EA","make","Y",2026-09-20 09:31:58.225711Z
922,"P000922",9,73.3300,"SKU-MAC-000922",658,94.5800,"Machined Parts Product 00922",1131,"semi_finished",419,"machined_parts","EA","make","Y",2026-09-20 09:31:58.225711Z
923,"P000923",3,31.1200,"SKU-CAS-000923",958,40.5900,"Castings Product 00923",153,"semi_finished",390,"castings","KG","make","Y",2026-09-20 09:31:58.225711Z
924,"P000924",3,144.4800,"SKU-CAS-000924",206,161.5500,"Castings Product 00924",219,"semi_finished",201,"castings","EA","make","Y",2026-09-20 09:31:58.225711Z
925,"P000925",10,27.3300,"SKU-CAS-000925",692,30.4600,"Castings Product 00925",1675,"semi_finished",734,"castings","EA","make","Y",2026-09-20 09:31:58.225711Z
926,"P000926",18,23.9700,"SKU-MAC-000926",696,31.3100,"Machined Parts Product 00926",3369,"semi_finished",440,"machined_parts","EA","make","Y",2026-09-20 09:31:58.225711Z
927,"P000927",2,44.0600,"SKU-SUB-000927",1228,56.1400,"Subassemblies Product 00927",2464,"semi_finished",673,"subassemblies","EA","make","Y",2026-09-20 09:31:58.225711Z
928,"P000928",2,162.9000,"SKU-CAS-000928",1237,208.8600,"Castings Product 00928",2130,"semi_finished",232,"castings","EA","make","Y",2026-09-20 09:31:58.225711Z
929,"P000929",16,28.6700,"SKU-MAC-000929",567,34.2200,"Machined Parts Product 00929",2262,"semi_finished",415,"machined_parts","L","make","Y",2026-09-20 09:31:58.225711Z
930,"P000930",8,168.9000,"SKU-SUB-000930",94,207.4800,"Subassemblies Product 00930",2865,"semi_finished",792,"subassemblies","EA","make","Y",2026-09-20 09:31:58.225711Z
931,"P000931",11,57.0800,"SKU-CAS-000931",198,61.9800,"Castings Product 00931",512,"semi_finished",508,"castings","EA","make","Y",2026-09-20 09:31:58.225711Z
932,"P000932",4,124.7600,"SKU-CAS-000932",789,175.1600,"Castings Product 00932",1875,"semi_finished",361,"castings","EA","make","Y",2026-09-20 09:31:58.225711Z
933,"P000933",16,106.1300,"SKU-MAC-000933",687,123.1300,"Machined Parts Product 00933",1666,"semi_finished",778,"machined_parts","EA","make","Y",2026-09-20 09:31:58.225711Z
934,"P000934",5,31.5900,"SKU-WIR-000934",1008,43.1500,"Wiring Harness Product 00934",3472,"semi_finished",548,"wiring_harness","EA","make","Y",2026-09-20 09:31:58.225711Z
935,"P000935",8,94.9200,"SKU-WIR-000935",676,135.7500,"Wiring Harness Product 00935",1021,"semi_finished",450,"wiring_harness","EA","make","Y",2026-09-20 09:31:58.225711Z
936,"P000936",9,41.0600,"SKU-CAS-000936",751,57.7000,"Castings Product 00936",1346,"semi_finished",650,"castings","EA","make","Y",2026-09-20 09:31:58.225711Z
937,"P000937",6,187.0000,"SKU-SUB-000937",310,227.6500,"Subassemblies Product 00937",3489,"semi_finished",412,"subassemblies","EA","make","Y",2026-09-20 09:31:58.225711Z
938,"P000938",2,202.3500,"SKU-WIR-000938",33,241.5200,"Wiring Harness Product 00938",3075,"semi_finished",451,"wiring_harness","KG","make","Y",2026-09-20 09:31:58.225711Z
939,"P000939",11,71.5200,"SKU-CAS-000939",389,91.5300,"Castings Product 00939",2446,"semi_finished",185,"castings","EA","make","Y",2026-09-20 09:31:58.225711Z
940,"P000940",3,119.9500,"SKU-CAS-000940",495,152.8000,"Castings Product 00940",3459,"semi_finished",736,"castings","EA","make","Y",2026-09-20 09:31:58.225711Z
941,"P000941",4,83.8100,"SKU-CAS-000941",1145,104.5600,"Castings Product 00941",2400,"semi_finished",440,"castings","L","make","Y",2026-09-20 09:31:58.225711Z
942,"P000942",8,125.0500,"SKU-CAS-000942",656,139.4100,"Castings Product 00942",3258,"semi_finished",71,"castings","EA","make","Y",2026-09-20 09:31:58.225711Z
943,"P000943",12,61.2100,"SKU-WIR-000943",98,73.1600,"Wiring Harness Product 00943",1152,"semi_finished",216,"wiring_harness","EA","make","Y",2026-09-20 09:31:58.225711Z
944,"P000944",16,87.6500,"SKU-CAS-000944",926,105.4000,"Castings Product 00944",1684,"semi_finished",193,"castings","EA","make","Y",2026-09-20 09:31:58.225711Z
945,"P000945",13,147.5400,"SKU-SUB-000945",598,198.5300,"Subassemblies Product 00945",1850,"semi_finished",199,"subassemblies","KG","make","Y",2026-09-20 09:31:58.225711Z
946,"P000946",6,88.5500,"SKU-MAC-000946",895,105.1400,"Machined Parts Product 00946",1947,"semi_finished",587,"machined_parts","EA","make","Y",2026-09-20 09:31:58.225711Z
947,"P000947",9,223.9400,"SKU-WIR-000947",1458,317.8800,"Wiring Harness Product 00947",1628,"semi_finished",214,"wiring_harness","EA","make","Y",2026-09-20 09:31:58.225711Z
948,"P000948",16,12.4800,"SKU-MAC-000948",407,15.2500,"Machined Parts Product 00948",3138,"semi_finished",103,"machined_parts","KG","make","Y",2026-09-20 09:31:58.225711Z
949,"P000949",15,23.9400,"SKU-MAC-000949",337,30.0600,"Machined Parts Product 00949",3430,"semi_finished",739,"machined_parts","EA","make","Y",2026-09-20 09:31:58.225711Z
950,"P000950",10,112.1800,"SKU-MAC-000950",770,134.3800,"Machined Parts Product 00950",2684,"semi_finished",137,"machined_parts","EA","make","Y",2026-09-20 09:31:58.225711Z
951,"P000951",20,29.8000,"SKU-STE-000951",1294,32.2900,"Steel Product 00951",2966,"raw_material",211,"steel","EA","buy","Y",2026-09-20 09:31:58.225711Z
952,"P000952",31,135.8600,"SKU-STE-000952",1308,169.8300,"Steel Product 00952",546,"raw_material",289,"steel","EA","buy","Y",2026-09-20 09:31:58.225711Z
953,"P000953",29,204.4600,"SKU-PLA-000953",455,258.3200,"Plastic Product 00953",897,"packaging",307,"plastic","EA","buy","Y",2026-09-20 09:31:58.225711Z
954,"P000954",36,61.0800,"SKU-PLA-000954",452,79.5000,"Plastic Product 00954",1017,"raw_material",540,"plastic","EA","buy","Y",2026-09-20 09:31:58.225711Z
955,"P000955",9,65.3000,"SKU-COP-000955",258,92.8900,"Copper Product 00955",2531,"raw_material",212,"copper","EA","buy","Y",2026-09-20 09:31:58.225711Z
956,"P000956",10,30.1800,"SKU-STE-000956",978,39.2600,"Steel Product 00956",858,"raw_material",178,"steel","EA","buy","Y",2026-09-20 09:31:58.225711Z
957,"P000957",37,86.0400,"SKU-STE-000957",741,124.4100,"Steel Product 00957",2937,"raw_material",671,"steel","EA","buy","Y",2026-09-20 09:31:58.225711Z
958,"P000958",25,76.5400,"SKU-PLA-000958",556,87.3100,"Plastic Product 00958",1167,"packaging",333,"plastic","EA","buy","Y",2026-09-20 09:31:58.225711Z
959,"P000959",21,112.1200,"SKU-ELE-000959",700,160.1200,"Electronic Components Product 00959",1136,"raw_material",185,"electronic_components","EA","buy","Y",2026-09-20 09:31:58.225711Z
960,"P000960",9,63.1600,"SKU-STE-000960",114,68.7100,"Steel Product 00960",103,"packaging",143,"steel","EA","buy","Y",2026-09-20 09:31:58.225711Z
961,"P000961",18,171.7100,"SKU-STE-000961",585,220.1800,"Steel Product 00961",2644,"raw_material",91,"steel","EA","buy","Y",2026-09-20 09:31:58.225711Z
962,"P000962",26,112.4200,"SKU-PLA-000962",1262,137.9200,"Plastic Product 00962",3392,"raw_material",109,"plastic","M","buy","Y",2026-09-20 09:31:58.225711Z
963,"P000963",33,17.5500,"SKU-STE-000963",185,21.1700,"Steel Product 00963",1143,"raw_material",541,"steel","EA","buy","Y",2026-09-20 09:31:58.225711Z
964,"P000964",4,29.7100,"SKU-ELE-000964",1287,34.0400,"Electronic Components Product 00964",2399,"packaging",741,"electronic_components","EA","buy","Y",2026-09-20 09:31:58.225711Z
965,"P000965",10,166.7700,"SKU-STE-000965",1079,230.3200,"Steel Product 00965",183,"raw_material",30,"steel","EA","buy","Y",2026-09-20 09:31:58.225711Z
966,"P000966",9,32.9800,"SKU-PAC-000966",221,37.9800,"Packaging Product 00966",2830,"raw_material",344,"packaging","EA","buy","Y",2026-09-20 09:31:58.225711Z
967,"P000967",27,35.8400,"SKU-ALU-000967",868,47.0900,"Aluminium Product 00967",2145,"raw_material",80,"aluminium","EA","buy","Y",2026-09-20 09:31:58.225711Z
968,"P000968",18,30.1900,"SKU-PLA-000968",171,35.1100,"Plastic Product 00968",2211,"raw_material",387,"plastic","EA","buy","Y",2026-09-20 09:31:58.225711Z
969,"P000969",20,42.7400,"SKU-COP-000969",1420,61.2700,"Copper Product 00969",1869,"raw_material",358,"copper","EA","buy","Y",2026-09-20 09:31:58.225711Z
970,"P000970",35,55.7900,"SKU-FAS-000970",143,70.3000,"Fasteners Product 00970",2642,"raw_material",654,"fasteners","EA","buy","Y",2026-09-20 09:31:58.225711Z
971,"P000971",21,84.6400,"SKU-PLA-000971",1419,93.7000,"Plastic Product 00971",2074,"raw_material",717,"plastic","KG","buy","Y",2026-09-20 09:31:58.225711Z
972,"P000972",15,71.6800,"SKU-ALU-000972",196,79.0400,"Aluminium Product 00972",2244,"raw_material",607,"aluminium","EA","buy","Y",2026-09-20 09:31:58.225711Z
973,"P000973",10,46.1900,"SKU-ALU-000973",1154,60.7500,"Aluminium Product 00973",300,"raw_material",155,"aluminium","L","buy","Y",2026-09-20 09:31:58.225711Z
974,"P000974",9,19.8500,"SKU-ELE-000974",415,28.2700,"Electronic Components Product 00974",2288,"packaging",402,"electronic_components","EA","buy","Y",2026-09-20 09:31:58.225711Z
975,"P000975",19,128.2200,"SKU-PAC-000975",597,162.9800,"Packaging Product 00975",659,"raw_material",345,"packaging","EA","buy","Y",2026-09-20 09:31:58.225711Z
976,"P000976",30,19.2700,"SKU-FAS-000976",839,21.6100,"Fasteners Product 00976",1331,"raw_material",74,"fasteners","KG","buy","Y",2026-09-20 09:31:58.225711Z
977,"P000977",23,69.2800,"SKU-COP-000977",625,77.6300,"Copper Product 00977",1040,"packaging",289,"copper","EA","buy","Y",2026-09-20 09:31:58.225711Z
978,"P000978",31,8.1400,"SKU-COP-000978",178,9.2400,"Copper Product 00978",2370,"raw_material",795,"copper","L","buy","Y",2026-09-20 09:31:58.225711Z
979,"P000979",22,23.2800,"SKU-PAC-000979",985,30.9400,"Packaging Product 00979",1365,"raw_material",279,"packaging","EA","buy","Y",2026-09-20 09:31:58.225711Z
980,"P000980",26,40.2300,"SKU-PLA-000980",1091,49.1000,"Plastic Product 00980",2569,"raw_material",342,"plastic","EA","buy","Y",2026-09-20 09:31:58.225711Z
981,"P000981",37,113.4600,"SKU-ALU-000981",1069,164.0200,"Aluminium Product 00981",860,"raw_material",593,"aluminium","EA","buy","Y",2026-09-20 09:31:58.225711Z
982,"P000982",26,27.6000,"SKU-PAC-000982",312,30.6600,"Packaging Product 00982",1398,"packaging",18,"packaging","EA","buy","Y",2026-09-20 09:31:58.225711Z
983,"P000983",25,28.2800,"SKU-STE-000983",312,40.7500,"Steel Product 00983",731,"raw_material",779,"steel","KG","buy","Y",2026-09-20 09:31:58.225711Z
984,"P000984",23,31.2200,"SKU-STE-000984",75,35.0600,"Steel Product 00984",1925,"raw_material",192,"steel","KG","buy","Y",2026-09-20 09:31:58.225711Z
985,"P000985",31,39.7500,"SKU-COP-000985",80,51.9900,"Copper Product 00985",1833,"raw_material",794,"copper","EA","buy","Y",2026-09-20 09:31:58.225711Z
986,"P000986",23,42.8000,"SKU-PLA-000986",846,50.4400,"Plastic Product 00986",1343,"raw_material",139,"plastic","KG","buy","Y",2026-09-20 09:31:58.225711Z
987,"P000987",20,41.0900,"SKU-ELE-000987",320,45.4400,"Electronic Components Product 00987",1072,"packaging",407,"electronic_components","EA","buy","Y",2026-09-20 09:31:58.225711Z
988,"P000988",36,74.0700,"SKU-PAC-000988",87,91.4700,"Packaging Product 00988",2955,"raw_material",295,"packaging","EA","buy","Y",2026-09-20 09:31:58.225711Z
989,"P000989",8,22.7000,"SKU-STE-000989",510,27.3500,"Steel Product 00989",3396,"raw_material",11,"steel","EA","buy","Y",2026-09-20 09:31:58.225711Z
990,"P000990",29,133.5300,"SKU-STE-000990",780,155.5500,"Steel Product 00990",1239,"raw_material",275,"steel","KG","buy","Y",2026-09-20 09:31:58.225711Z
991,"P000991",6,47.7400,"SKU-PAC-000991",843,57.8100,"Packaging Product 00991",826,"raw_material",459,"packaging","M","buy","Y",2026-09-20 09:31:58.225711Z
992,"P000992",20,29.4200,"SKU-ALU-000992",186,33.5600,"Aluminium Product 00992",2610,"raw_material",94,"aluminium","EA","buy","Y",2026-09-20 09:31:58.225711Z
993,"P000993",17,220.1200,"SKU-ALU-000993",418,238.6000,"Aluminium Product 00993",2858,"raw_material",462,"aluminium","KG","buy","Y",2026-09-20 09:31:58.225711Z
994,"P000994",5,193.4100,"SKU-ELE-000994",870,247.4200,"Electronic Components Product 00994",3143,"packaging",67,"electronic_components","M","buy","Y",2026-09-20 09:31:58.225711Z
995,"P000995",28,77.6400,"SKU-ELE-000995",670,112.5300,"Electronic Components Product 00995",287,"raw_material",384,"electronic_components","EA","buy","Y",2026-09-20 09:31:58.225711Z
996,"P000996",26,48.4900,"SKU-STE-000996",770,69.9300,"Steel Product 00996",2567,"raw_material",404,"steel","EA","buy","Y",2026-09-20 09:31:58.225711Z
997,"P000997",37,372.6700,"SKU-FAS-000997",1029,469.7700,"Fasteners Product 00997",3357,"raw_material",544,"fasteners","EA","buy","Y",2026-09-20 09:31:58.225711Z
998,"P000998",13,94.9100,"SKU-ELE-000998",140,113.5900,"Electronic Components Product 00998",3328,"raw_material",263,"electronic_components","EA","buy","Y",2026-09-20 09:31:58.225711Z
999,"P000999",28,49.8600,"SKU-COP-000999",1398,69.6900,"Copper Product 00999",384,"raw_material",221,"copper","EA","buy","Y",2026-09-20 09:31:58.225711Z
1000,"P001000",4,45.5700,"SKU-ELE-001000",1307,62.0400,"Electronic Components Product 01000",2132,"packaging",20,"electronic_components","EA","buy","Y",2026-09-20 09:31:58.225711Z
1001,"P001001",26,91.4800,"SKU-COP-001001",744,129.6400,"Copper Product 01001",1277,"raw_material",722,"copper","L","buy","Y",2026-09-20 09:31:58.225711Z
1002,"P001002",12,93.0100,"SKU-STE-001002",507,102.1600,"Steel Product 01002",577,"raw_material",519,"steel","EA","buy","Y",2026-09-20 09:31:58.225711Z
1003,"P001003",14,136.9200,"SKU-ELE-001003",687,193.7500,"Electronic Components Product 01003",1965,"raw_material",789,"electronic_components","EA","buy","Y",2026-09-20 09:31:58.225711Z
1004,"P001004",22,196.9300,"SKU-STE-001004",1227,219.3100,"Steel Product 01004",481,"raw_material",131,"steel","EA","buy","Y",2026-09-20 09:31:58.225711Z
1005,"P001005",11,46.2500,"SKU-PLA-001005",389,60.1100,"Plastic Product 01005",1444,"raw_material",701,"plastic","L","buy","Y",2026-09-20 09:31:58.225711Z
1006,"P001006",26,114.5000,"SKU-ELE-001006",1353,153.3700,"Electronic Components Product 01006",474,"raw_material",158,"electronic_components","EA","buy","Y",2026-09-20 09:31:58.225711Z
1007,"P001007",13,162.1500,"SKU-STE-001007",1278,210.0200,"Steel Product 01007",1648,"raw_material",520,"steel","EA","buy","Y",2026-09-20 09:31:58.225711Z
1008,"P001008",26,204.7800,"SKU-COP-001008",1367,228.1000,"Copper Product 01008",1218,"raw_material",563,"copper","EA","buy","Y",2026-09-20 09:31:58.225711Z
1009,"P001009",26,47.1800,"SKU-COP-001009",938,56.9400,"Copper Product 01009",3394,"raw_material",778,"copper","EA","buy","Y",2026-09-20 09:31:58.225711Z
1010,"P001010",24,157.5400,"SKU-ELE-001010",476,193.0800,"Electronic Components Product 01010",1974,"raw_material",12,"electronic_components","EA","buy","Y",2026-09-20 09:31:58.225711Z
1011,"P001011",33,47.1500,"SKU-PAC-001011",512,52.2000,"Packaging Product 01011",961,"raw_material",478,"packaging","EA","buy","Y",2026-09-20 09:31:58.225711Z
1012,"P001012",35,79.8100,"SKU-COP-001012",511,86.5800,"Copper Product 01012",3153,"raw_material",798,"copper","EA","buy","Y",2026-09-20 09:31:58.225711Z
1013,"P001013",6,114.8200,"SKU-COP-001013",1265,154.9800,"Copper Product 01013",2489,"raw_material",721,"copper","EA","buy","Y",2026-09-20 09:31:58.225711Z
1014,"P001014",37,17.5800,"SKU-PLA-001014",1071,19.7900,"Plastic Product 01014",363,"raw_material",111,"plastic","EA","buy","Y",2026-09-20 09:31:58.225711Z
1015,"P001015",35,185.5100,"SKU-ALU-001015",279,210.5400,"Aluminium Product 01015",1935,"raw_material",503,"aluminium","EA","buy","Y",2026-09-20 09:31:58.225711Z
1016,"P001016",38,91.7000,"SKU-ELE-001016",1437,120.2800,"Electronic Components Product 01016",2095,"raw_material",103,"electronic_components","EA","buy","Y",2026-09-20 09:31:58.225711Z
1017,"P001017",22,224.9500,"SKU-FAS-001017",645,325.9800,"Fasteners Product 01017",706,"packaging",32,"fasteners","EA","buy","Y",2026-09-20 09:31:58.225711Z
1018,"P001018",33,105.0800,"SKU-STE-001018",887,146.5700,"Steel Product 01018",3107,"raw_material",156,"steel","EA","buy","Y",2026-09-20 09:31:58.225711Z
1019,"P001019",37,139.8000,"SKU-ALU-001019",1328,177.3900,"Aluminium Product 01019",3083,"raw_material",332,"aluminium","EA","buy","Y",2026-09-20 09:31:58.225711Z
1020,"P001020",7,88.1500,"SKU-PLA-001020",815,127.3400,"Plastic Product 01020",3023,"raw_material",377,"plastic","EA","buy","Y",2026-09-20 09:31:58.225711Z
1021,"P001021",32,62.4200,"SKU-PLA-001021",418,84.7400,"Plastic Product 01021",1494,"raw_material",14,"plastic","EA","buy","Y",2026-09-20 09:31:58.225711Z
1022,"P001022",31,36.3600,"SKU-ELE-001022",427,44.2400,"Electronic Components Product 01022",141,"raw_material",490,"electronic_components","EA","buy","Y",2026-09-20 09:31:58.225711Z
1023,"P001023",22,205.8100,"SKU-ELE-001023",997,248.5000,"Electronic Components Product 01023",2422,"raw_material",737,"electronic_components","EA","buy","Y",2026-09-20 09:31:58.225711Z
1024,"P001024",10,25.1700,"SKU-PLA-001024",268,33.1300,"Plastic Product 01024",607,"raw_material",47,"plastic","EA","buy","Y",2026-09-20 09:31:58.225711Z
1025,"P001025",17,32.7900,"SKU-STE-001025",1482,46.2100,"Steel Product 01025",1428,"raw_material",321,"steel","EA","buy","Y",2026-09-20 09:31:58.225711Z
1026,"P001026",32,120.2500,"SKU-ALU-001026",176,152.7800,"Aluminium Product 01026",1074,"raw_material",771,"aluminium","KG","buy","Y",2026-09-20 09:31:58.225711Z
1027,"P001027",38,107.6800,"SKU-PAC-001027",137,148.1900,"Packaging Product 01027",3465,"packaging",553,"packaging","EA","buy","Y",2026-09-20 09:31:58.225711Z
1028,"P001028",37,41.1600,"SKU-FAS-001028",1244,50.3100,"Fasteners Product 01028",1399,"raw_material",521,"fasteners","EA","buy","Y",2026-09-20 09:31:58.225711Z
1029,"P001029",16,61.8100,"SKU-ELE-001029",1095,67.1600,"Electronic Components Product 01029",2720,"raw_material",308,"electronic_components","EA","buy","Y",2026-09-20 09:31:58.225711Z
1030,"P001030",13,115.6600,"SKU-STE-001030",366,126.2500,"Steel Product 01030",2169,"raw_material",380,"steel","EA","buy","Y",2026-09-20 09:31:58.225711Z
1031,"P001031",34,76.1900,"SKU-FAS-001031",690,84.3700,"Fasteners Product 01031",946,"raw_material",757,"fasteners","KG","buy","Y",2026-09-20 09:31:58.225711Z
1032,"P001032",9,103.1500,"SKU-ELE-001032",348,146.7700,"Electronic Components Product 01032",2040,"raw_material",299,"electronic_components","EA","buy","Y",2026-09-20 09:31:58.225711Z
1033,"P001033",24,21.1000,"SKU-PLA-001033",1127,23.2000,"Plastic Product 01033",200,"raw_material",632,"plastic","M","buy","Y",2026-09-20 09:31:58.225711Z
1034,"P001034",7,75.0100,"SKU-ELE-001034",1108,86.0500,"Electronic Components Product 01034",366,"raw_material",615,"electronic_components","EA","buy","Y",2026-09-20 09:31:58.225711Z
1035,"P001035",16,60.2200,"SKU-STE-001035",193,65.6600,"Steel Product 01035",2298,"raw_material",30,"steel","EA","buy","Y",2026-09-20 09:31:58.225711Z
1036,"P001036",33,57.6700,"SKU-ALU-001036",650,79.0500,"Aluminium Product 01036",613,"raw_material",58,"aluminium","EA","buy","Y",2026-09-20 09:31:58.225711Z
1037,"P001037",36,47.2800,"SKU-ALU-001037",303,57.5300,"Aluminium Product 01037",1251,"raw_material",478,"aluminium","EA","buy","Y",2026-09-20 09:31:58.225711Z
1038,"P001038",31,139.9700,"SKU-PLA-001038",1030,175.4500,"Plastic Product 01038",2489,"raw_material",236,"plastic","EA","buy","Y",2026-09-20 09:31:58.225711Z
1039,"P001039",12,103.0800,"SKU-STE-001039",258,141.8600,"Steel Product 01039",2506,"raw_material",73,"steel","EA","buy","Y",2026-09-20 09:31:58.225711Z
1040,"P001040",6,206.1100,"SKU-PLA-001040",1007,276.5100,"Plastic Product 01040",1849,"raw_material",24,"plastic","EA","buy","Y",2026-09-20 09:31:58.225711Z
1041,"P001041",32,109.1900,"SKU-PAC-001041",382,126.4400,"Packaging Product 01041",1317,"packaging",461,"packaging","EA","buy","Y",2026-09-20 09:31:58.225711Z
1042,"P001042",10,90.7500,"SKU-PLA-001042",308,121.3100,"Plastic Product 01042",3308,"packaging",345,"plastic","M","buy","Y",2026-09-20 09:31:58.225711Z
1043,"P001043",7,46.1800,"SKU-PLA-001043",394,58.9000,"Plastic Product 01043",986,"raw_material",257,"plastic","EA","buy","Y",2026-09-20 09:31:58.225711Z
1044,"P001044",23,35.4100,"SKU-ELE-001044",1051,47.5200,"Electronic Components Product 01044",3261,"raw_material",414,"electronic_components","EA","buy","Y",2026-09-20 09:31:58.225711Z
1045,"P001045",6,387.8800,"SKU-FAS-001045",174,520.6800,"Fasteners Product 01045",2835,"raw_material",779,"fasteners","EA","buy","Y",2026-09-20 09:31:58.225711Z
1046,"P001046",25,99.3000,"SKU-STE-001046",545,110.9700,"Steel Product 01046",3174,"raw_material",724,"steel","KG","buy","Y",2026-09-20 09:31:58.225711Z
1047,"P001047",18,47.4100,"SKU-ALU-001047",1399,59.5300,"Aluminium Product 01047",3303,"packaging",500,"aluminium","EA","buy","Y",2026-09-20 09:31:58.225711Z
1048,"P001048",35,61.4100,"SKU-PAC-001048",336,87.2800,"Packaging Product 01048",2710,"packaging",734,"packaging","EA","buy","Y",2026-09-20 09:31:58.225711Z
1049,"P001049",8,53.8000,"SKU-PAC-001049",102,70.3700,"Packaging Product 01049",731,"raw_material",356,"packaging","EA","buy","Y",2026-09-20 09:31:58.225711Z
1050,"P001050",26,89.5200,"SKU-STE-001050",1235,111.4800,"Steel Product 01050",3410,"raw_material",254,"steel","KG","buy","Y",2026-09-20 09:31:58.225711Z
1051,"P001051",37,32.4400,"SKU-PLA-001051",495,36.8400,"Plastic Product 01051",1573,"raw_material",312,"plastic","EA","buy","Y",2026-09-20 09:31:58.225711Z
1052,"P001052",19,96.2300,"SKU-COP-001052",1060,116.2200,"Copper Product 01052",2092,"raw_material",657,"copper","EA","buy","Y",2026-09-20 09:31:58.225711Z
1053,"P001053",4,25.3700,"SKU-STE-001053",1078,28.2800,"Steel Product 01053",1462,"raw_material",204,"steel","EA","buy","Y",2026-09-20 09:31:58.225711Z
1054,"P001054",38,135.2500,"SKU-ELE-001054",414,163.3300,"Electronic Components Product 01054",1077,"raw_material",280,"electronic_components","EA","buy","Y",2026-09-20 09:31:58.225711Z
1055,"P001055",10,34.1600,"SKU-ELE-001055",788,45.0500,"Electronic Components Product 01055",3459,"raw_material",14,"electronic_components","EA","buy","Y",2026-09-20 09:31:58.225711Z
1056,"P001056",15,95.5300,"SKU-ELE-001056",100,105.7800,"Electronic Components Product 01056",821,"raw_material",273,"electronic_components","L","buy","Y",2026-09-20 09:31:58.225711Z
1057,"P001057",32,115.4000,"SKU-ALU-001057",1361,139.9600,"Aluminium Product 01057",489,"raw_material",658,"aluminium","M","buy","Y",2026-09-20 09:31:58.225711Z
1058,"P001058",8,63.6200,"SKU-ALU-001058",1026,72.2300,"Aluminium Product 01058",2606,"raw_material",527,"aluminium","EA","buy","Y",2026-09-20 09:31:58.225711Z
1059,"P001059",4,178.9900,"SKU-STE-001059",758,221.6600,"Steel Product 01059",2298,"packaging",640,"steel","EA","buy","Y",2026-09-20 09:31:58.225711Z
1060,"P001060",8,82.6800,"SKU-PLA-001060",205,101.3800,"Plastic Product 01060",385,"raw_material",123,"plastic","KG","buy","Y",2026-09-20 09:31:58.225711Z
1061,"P001061",18,171.4700,"SKU-STE-001061",748,192.0000,"Steel Product 01061",749,"raw_material",752,"steel","EA","buy","Y",2026-09-20 09:31:58.225711Z
1062,"P001062",37,44.6600,"SKU-PLA-001062",1207,63.6500,"Plastic Product 01062",1909,"raw_material",279,"plastic","EA","buy","Y",2026-09-20 09:31:58.225711Z
1063,"P001063",25,32.7800,"SKU-ALU-001063",571,35.9600,"Aluminium Product 01063",3127,"raw_material",274,"aluminium","KG","buy","Y",2026-09-20 09:31:58.225711Z
1064,"P001064",10,59.3300,"SKU-COP-001064",1360,69.8200,"Copper Product 01064",3321,"raw_material",171,"copper","EA","buy","Y",2026-09-20 09:31:58.225711Z
1065,"P001065",24,66.7700,"SKU-STE-001065",1340,83.8000,"Steel Product 01065",2655,"raw_material",240,"steel","M","buy","Y",2026-09-20 09:31:58.225711Z
1066,"P001066",33,81.7400,"SKU-ELE-001066",396,92.2200,"Electronic Components Product 01066",1611,"raw_material",522,"electronic_components","M","buy","Y",2026-09-20 09:31:58.225711Z
1067,"P001067",6,60.4900,"SKU-ELE-001067",1298,77.1600,"Electronic Components Product 01067",1958,"raw_material",468,"electronic_components","EA","buy","Y",2026-09-20 09:31:58.225711Z
1068,"P001068",34,40.6700,"SKU-PLA-001068",438,49.7400,"Plastic Product 01068",895,"raw_material",561,"plastic","KG","buy","Y",2026-09-20 09:31:58.225711Z
1069,"P001069",7,20.8800,"SKU-PLA-001069",376,28.4600,"Plastic Product 01069",2656,"raw_material",273,"plastic","EA","buy","Y",2026-09-20 09:31:58.225711Z
1070,"P001070",10,103.8500,"SKU-PLA-001070",691,125.9100,"Plastic Product 01070",2552,"raw_material",543,"plastic","KG","buy","Y",2026-09-20 09:31:58.225711Z
1071,"P001071",5,76.4300,"SKU-PLA-001071",152,85.0300,"Plastic Product 01071",756,"raw_material",284,"plastic","EA","buy","Y",2026-09-20 09:31:58.225711Z
1072,"P001072",5,18.3900,"SKU-ALU-001072",1039,22.2000,"Aluminium Product 01072",3212,"raw_material",584,"aluminium","M","buy","Y",2026-09-20 09:31:58.225711Z
1073,"P001073",15,46.1400,"SKU-ALU-001073",66,65.0900,"Aluminium Product 01073",1415,"raw_material",758,"aluminium","M","buy","Y",2026-09-20 09:31:58.225711Z
1074,"P001074",16,39.6100,"SKU-ALU-001074",1113,45.2500,"Aluminium Product 01074",806,"raw_material",14,"aluminium","EA","buy","Y",2026-09-20 09:31:58.225711Z
1075,"P001075",18,30.1400,"SKU-FAS-001075",1386,43.5400,"Fasteners Product 01075",2894,"raw_material",30,"fasteners","EA","buy","Y",2026-09-20 09:31:58.225711Z
1076,"P001076",16,51.0300,"SKU-PAC-001076",56,63.2500,"Packaging Product 01076",416,"raw_material",527,"packaging","KG","buy","Y",2026-09-20 09:31:58.225711Z
1077,"P001077",34,31.3800,"SKU-ALU-001077",683,40.0300,"Aluminium Product 01077",1898,"packaging",773,"aluminium","KG","buy","Y",2026-09-20 09:31:58.225711Z
1078,"P001078",17,13.9900,"SKU-ELE-001078",1403,19.5700,"Electronic Components Product 01078",1299,"raw_material",264,"electronic_components","L","buy","Y",2026-09-20 09:31:58.225711Z
1079,"P001079",17,142.2500,"SKU-STE-001079",1368,177.4100,"Steel Product 01079",1376,"raw_material",12,"steel","EA","buy","Y",2026-09-20 09:31:58.225711Z
1080,"P001080",4,45.4200,"SKU-PLA-001080",882,58.2700,"Plastic Product 01080",703,"raw_material",165,"plastic","M","buy","Y",2026-09-20 09:31:58.225711Z
1081,"P001081",27,34.1000,"SKU-COP-001081",227,44.1600,"Copper Product 01081",384,"raw_material",412,"copper","EA","buy","Y",2026-09-20 09:31:58.225711Z
1082,"P001082",26,40.8400,"SKU-ELE-001082",611,49.3800,"Electronic Components Product 01082",1953,"raw_material",412,"electronic_components","EA","buy","Y",2026-09-20 09:31:58.225711Z
1083,"P001083",17,228.1600,"SKU-FAS-001083",358,264.8800,"Fasteners Product 01083",2197,"raw_material",410,"fasteners","M","buy","Y",2026-09-20 09:31:58.225711Z
1084,"P001084",20,91.7300,"SKU-COP-001084",1483,122.3900,"Copper Product 01084",2874,"raw_material",587,"copper","EA","buy","Y",2026-09-20 09:31:58.225711Z
1085,"P001085",26,41.8400,"SKU-STE-001085",770,57.6500,"Steel Product 01085",1843,"raw_material",410,"steel","KG","buy","Y",2026-09-20 09:31:58.225711Z
1086,"P001086",9,72.4800,"SKU-ELE-001086",1048,90.5500,"Electronic Components Product 01086",1359,"raw_material",725,"electronic_components","KG","buy","Y",2026-09-20 09:31:58.225711Z
1087,"P001087",28,68.8600,"SKU-ELE-001087",629,98.9900,"Electronic Components Product 01087",682,"raw_material",695,"electronic_components","EA","buy","Y",2026-09-20 09:31:58.225711Z
1088,"P001088",29,52.1900,"SKU-PLA-001088",658,65.5000,"Plastic Product 01088",2729,"packaging",339,"plastic","EA","buy","Y",2026-09-20 09:31:58.225711Z
1089,"P001089",11,115.1900,"SKU-PLA-001089",44,149.9500,"Plastic Product 01089",1052,"raw_material",679,"plastic","EA","buy","Y",2026-09-20 09:31:58.225711Z
1090,"P001090",12,40.5700,"SKU-STE-001090",366,47.1800,"Steel Product 01090",921,"raw_material",782,"steel","EA","buy","Y",2026-09-20 09:31:58.225711Z
1091,"P001091",28,30.8600,"SKU-STE-001091",327,38.5400,"Steel Product 01091",245,"raw_material",205,"steel","KG","buy","Y",2026-09-20 09:31:58.225711Z
1092,"P001092",5,46.6500,"SKU-STE-001092",1111,55.2000,"Steel Product 01092",3230,"raw_material",485,"steel","EA","buy","Y",2026-09-20 09:31:58.225711Z
1093,"P001093",9,56.9500,"SKU-ELE-001093",599,73.3600,"Electronic Components Product 01093",575,"raw_material",666,"electronic_components","EA","buy","Y",2026-09-20 09:31:58.225711Z
1094,"P001094",29,89.0900,"SKU-ALU-001094",1157,124.6300,"Aluminium Product 01094",1162,"raw_material",12,"aluminium","EA","buy","Y",2026-09-20 09:31:58.225711Z
1095,"P001095",21,360.1700,"SKU-FAS-001095",197,501.3000,"Fasteners Product 01095",1262,"packaging",407,"fasteners","EA","buy","Y",2026-09-20 09:31:58.225711Z
1096,"P001096",22,74.9600,"SKU-COP-001096",1390,82.4100,"Copper Product 01096",628,"raw_material",57,"copper","M","buy","Y",2026-09-20 09:31:58.225711Z
1097,"P001097",36,29.4200,"SKU-ELE-001097",53,37.5600,"Electronic Components Product 01097",1967,"raw_material",246,"electronic_components","KG","buy","Y",2026-09-20 09:31:58.225711Z
1098,"P001098",9,64.1600,"SKU-ALU-001098",1211,70.2800,"Aluminium Product 01098",413,"raw_material",146,"aluminium","EA","buy","Y",2026-09-20 09:31:58.225711Z
1099,"P001099",8,64.4800,"SKU-ALU-001099",1439,78.7200,"Aluminium Product 01099",1637,"raw_material",415,"aluminium","EA","buy","Y",2026-09-20 09:31:58.225711Z
1100,"P001100",17,60.3700,"SKU-PLA-001100",1342,78.5800,"Plastic Product 01100",1765,"raw_material",713,"plastic","EA","buy","Y",2026-09-20 09:31:58.225711Z
1101,"P001101",35,67.9700,"SKU-COP-001101",383,83.8900,"Copper Product 01101",3081,"raw_material",465,"copper","EA","buy","Y",2026-09-20 09:31:58.225711Z
1102,"P001102",32,40.2300,"SKU-COP-001102",825,51.9900,"Copper Product 01102",3298,"raw_material",675,"copper","EA","buy","Y",2026-09-20 09:31:58.225711Z
1103,"P001103",38,67.3300,"SKU-FAS-001103",293,91.5700,"Fasteners Product 01103",2083,"raw_material",632,"fasteners","EA","buy","Y",2026-09-20 09:31:58.225711Z
1104,"P001104",35,21.7900,"SKU-FAS-001104",109,30.8700,"Fasteners Product 01104",1217,"raw_material",149,"fasteners","EA","buy","Y",2026-09-20 09:31:58.225711Z
1105,"P001105",13,39.4500,"SKU-STE-001105",1475,45.2300,"Steel Product 01105",1525,"raw_material",632,"steel","EA","buy","Y",2026-09-20 09:31:58.225711Z
1106,"P001106",5,71.6900,"SKU-STE-001106",152,99.7900,"Steel Product 01106",799,"packaging",222,"steel","EA","buy","Y",2026-09-20 09:31:58.225711Z
1107,"P001107",26,65.3200,"SKU-FAS-001107",1354,81.1600,"Fasteners Product 01107",1273,"raw_material",621,"fasteners","EA","buy","Y",2026-09-20 09:31:58.225711Z
1108,"P001108",28,60.7000,"SKU-PLA-001108",147,74.2800,"Plastic Product 01108",1014,"raw_material",319,"plastic","M","buy","Y",2026-09-20 09:31:58.225711Z
1109,"P001109",21,34.0100,"SKU-ALU-001109",1089,46.6500,"Aluminium Product 01109",1829,"raw_material",649,"aluminium","EA","buy","Y",2026-09-20 09:31:58.225711Z
1110,"P001110",17,161.0300,"SKU-PLA-001110",1106,219.5000,"Plastic Product 01110",1028,"raw_material",653,"plastic","M","buy","Y",2026-09-20 09:31:58.225711Z
1111,"P001111",28,68.5200,"SKU-FAS-001111",235,98.4200,"Fasteners Product 01111",3131,"raw_material",716,"fasteners","EA","buy","Y",2026-09-20 09:31:58.225711Z
1112,"P001112",23,212.2500,"SKU-ALU-001112",203,273.7000,"Aluminium Product 01112",391,"raw_material",240,"aluminium","L","buy","Y",2026-09-20 09:31:58.225711Z
1113,"P001113",8,74.4400,"SKU-STE-001113",1037,107.7400,"Steel Product 01113",1838,"raw_material",318,"steel","EA","buy","Y",2026-09-20 09:31:58.225711Z
1114,"P001114",33,38.8200,"SKU-FAS-001114",82,42.4300,"Fasteners Product 01114",1306,"raw_material",168,"fasteners","EA","buy","Y",2026-09-20 09:31:58.225711Z
1115,"P001115",10,113.0500,"SKU-FAS-001115",548,162.5600,"Fasteners Product 01115",1209,"raw_material",339,"fasteners","EA","buy","Y",2026-09-20 09:31:58.225711Z
1116,"P001116",12,320.6500,"SKU-PAC-001116",260,384.0600,"Packaging Product 01116",2248,"raw_material",796,"packaging","EA","buy","Y",2026-09-20 09:31:58.225711Z
1117,"P001117",14,119.3400,"SKU-STE-001117",613,153.0400,"Steel Product 01117",2489,"raw_material",483,"steel","EA","buy","Y",2026-09-20 09:31:58.225711Z
1118,"P001118",36,74.0400,"SKU-STE-001118",55,92.5900,"Steel Product 01118",416,"raw_material",313,"steel","M","buy","Y",2026-09-20 09:31:58.225711Z
1119,"P001119",29,182.8200,"SKU-COP-001119",1185,254.1000,"Copper Product 01119",1290,"raw_material",484,"copper","EA","buy","Y",2026-09-20 09:31:58.225711Z
1120,"P001120",10,192.1200,"SKU-COP-001120",564,240.2300,"Copper Product 01120",478,"raw_material",34,"copper","EA","buy","Y",2026-09-20 09:31:58.225711Z
1121,"P001121",16,77.6600,"SKU-ALU-001121",719,105.9800,"Aluminium Product 01121",1525,"raw_material",627,"aluminium","EA","buy","Y",2026-09-20 09:31:58.225711Z
1122,"P001122",29,47.2700,"SKU-PAC-001122",688,56.9600,"Packaging Product 01122",2736,"packaging",233,"packaging","EA","buy","Y",2026-09-20 09:31:58.225711Z
1123,"P001123",32,50.7000,"SKU-COP-001123",835,54.9500,"Copper Product 01123",501,"raw_material",383,"copper","M","buy","Y",2026-09-20 09:31:58.225711Z
1124,"P001124",21,97.5700,"SKU-ELE-001124",789,124.8700,"Electronic Components Product 01124",796,"raw_material",405,"electronic_components","EA","buy","Y",2026-09-20 09:31:58.225711Z
1125,"P001125",38,102.0300,"SKU-ALU-001125",1346,141.1600,"Aluminium Product 01125",3358,"packaging",344,"aluminium","KG","buy","Y",2026-09-20 09:31:58.225711Z
1126,"P001126",18,23.5200,"SKU-FAS-001126",381,28.9500,"Fasteners Product 01126",573,"raw_material",285,"fasteners","EA","buy","Y",2026-09-20 09:31:58.225711Z
1127,"P001127",14,26.8200,"SKU-ALU-001127",216,38.7800,"Aluminium Product 01127",711,"raw_material",722,"aluminium","KG","buy","Y",2026-09-20 09:31:58.225711Z
1128,"P001128",31,61.9900,"SKU-ALU-001128",294,74.4500,"Aluminium Product 01128",3148,"raw_material",672,"aluminium","EA","buy","Y",2026-09-20 09:31:58.225711Z
1129,"P001129",23,128.6200,"SKU-PLA-001129",1213,165.7200,"Plastic Product 01129",2678,"raw_material",351,"plastic","L","buy","Y",2026-09-20 09:31:58.225711Z
1130,"P001130",21,67.3400,"SKU-ELE-001130",474,74.0300,"Electronic Components Product 01130",3062,"raw_material",245,"electronic_components","EA","buy","Y",2026-09-20 09:31:58.225711Z
1131,"P001131",24,42.9800,"SKU-COP-001131",1236,59.8000,"Copper Product 01131",972,"packaging",51,"copper","EA","buy","Y",2026-09-20 09:31:58.225711Z
1132,"P001132",17,415.3200,"SKU-ALU-001132",470,549.1300,"Aluminium Product 01132",1476,"raw_material",716,"aluminium","EA","buy","Y",2026-09-20 09:31:58.225711Z
1133,"P001133",9,67.3000,"SKU-PAC-001133",493,76.2800,"Packaging Product 01133",1686,"raw_material",237,"packaging","KG","buy","Y",2026-09-20 09:31:58.225711Z
1134,"P001134",26,113.6900,"SKU-STE-001134",1295,158.1000,"Steel Product 01134",686,"raw_material",647,"steel","EA","buy","Y",2026-09-20 09:31:58.225711Z
1135,"P001135",37,19.3200,"SKU-COP-001135",731,24.9100,"Copper Product 01135",1047,"raw_material",252,"copper","EA","buy","Y",2026-09-20 09:31:58.225711Z
1136,"P001136",7,46.6900,"SKU-COP-001136",835,60.3000,"Copper Product 01136",3264,"raw_material",164,"copper","EA","buy","Y",2026-09-20 09:31:58.225711Z
1137,"P001137",11,205.9300,"SKU-ALU-001137",1130,233.8200,"Aluminium Product 01137",2108,"raw_material",116,"aluminium","KG","buy","Y",2026-09-20 09:31:58.225711Z
1138,"P001138",21,16.0000,"SKU-ALU-001138",1418,18.7900,"Aluminium Product 01138",133,"raw_material",645,"aluminium","EA","buy","Y",2026-09-20 09:31:58.225711Z
1139,"P001139",32,51.2700,"SKU-STE-001139",694,58.6800,"Steel Product 01139",841,"raw_material",351,"steel","EA","buy","Y",2026-09-20 09:31:58.225711Z
1140,"P001140",16,51.8000,"SKU-ELE-001140",554,57.2500,"Electronic Components Product 01140",1905,"raw_material",512,"electronic_components","EA","buy","Y",2026-09-20 09:31:58.225711Z
1141,"P001141",14,54.5100,"SKU-FAS-001141",811,70.4700,"Fasteners Product 01141",1362,"raw_material",603,"fasteners","EA","buy","Y",2026-09-20 09:31:58.225711Z
1142,"P001142",17,64.2400,"SKU-ALU-001142",970,88.0000,"Aluminium Product 01142",3118,"raw_material",543,"aluminium","EA","buy","Y",2026-09-20 09:31:58.225711Z
1143,"P001143",26,16.7200,"SKU-PLA-001143",33,18.8800,"Plastic Product 01143",1992,"raw_material",406,"plastic","L","buy","Y",2026-09-20 09:31:58.225711Z
1144,"P001144",35,30.9100,"SKU-STE-001144",73,35.6800,"Steel Product 01144",1344,"packaging",221,"steel","EA","buy","Y",2026-09-20 09:31:58.225711Z
1145,"P001145",28,284.1400,"SKU-COP-001145",341,404.0700,"Copper Product 01145",231,"raw_material",767,"copper","KG","buy","Y",2026-09-20 09:31:58.225711Z
1146,"P001146",8,109.1600,"SKU-PAC-001146",1261,156.7200,"Packaging Product 01146",202,"raw_material",273,"packaging","EA","buy","Y",2026-09-20 09:31:58.225711Z
1147,"P001147",37,109.3600,"SKU-COP-001147",1463,142.8300,"Copper Product 01147",297,"packaging",197,"copper","EA","buy","Y",2026-09-20 09:31:58.225711Z
1148,"P001148",8,320.3300,"SKU-ELE-001148",790,348.8200,"Electronic Components Product 01148",1988,"raw_material",207,"electronic_components","EA","buy","Y",2026-09-20 09:31:58.225711Z
1149,"P001149",24,35.5000,"SKU-STE-001149",460,41.1400,"Steel Product 01149",2361,"raw_material",420,"steel","EA","buy","Y",2026-09-20 09:31:58.225711Z
1150,"P001150",31,41.2500,"SKU-COP-001150",1327,55.8900,"Copper Product 01150",156,"raw_material",699,"copper","EA","buy","Y",2026-09-20 09:31:58.225711Z
1151,"P001151",17,105.5600,"SKU-COP-001151",130,141.3900,"Copper Product 01151",2328,"packaging",777,"copper","EA","buy","Y",2026-09-20 09:31:58.225711Z
1152,"P001152",4,63.8100,"SKU-PAC-001152",632,68.9300,"Packaging Product 01152",2954,"packaging",130,"packaging","EA","buy","Y",2026-09-20 09:31:58.225711Z
1153,"P001153",24,83.0000,"SKU-ALU-001153",789,114.2300,"Aluminium Product 01153",1825,"raw_material",198,"aluminium","EA","buy","Y",2026-09-20 09:31:58.225711Z
1154,"P001154",27,98.7100,"SKU-PLA-001154",681,142.0800,"Plastic Product 01154",3232,"packaging",754,"plastic","KG","buy","Y",2026-09-20 09:31:58.225711Z
1155,"P001155",5,55.8700,"SKU-COP-001155",545,69.0200,"Copper Product 01155",287,"raw_material",279,"copper","EA","buy","Y",2026-09-20 09:31:58.225711Z
1156,"P001156",29,89.2900,"SKU-STE-001156",766,99.7400,"Steel Product 01156",456,"packaging",539,"steel","EA","buy","Y",2026-09-20 09:31:58.225711Z
1157,"P001157",12,33.7300,"SKU-FAS-001157",365,41.5600,"Fasteners Product 01157",1657,"raw_material",197,"fasteners","EA","buy","Y",2026-09-20 09:31:58.225711Z
1158,"P001158",11,19.9500,"SKU-STE-001158",1321,25.3300,"Steel Product 01158",261,"raw_material",237,"steel","EA","buy","Y",2026-09-20 09:31:58.225711Z
1159,"P001159",4,51.1100,"SKU-COP-001159",880,60.4000,"Copper Product 01159",2667,"raw_material",370,"copper","EA","buy","Y",2026-09-20 09:31:58.225711Z
1160,"P001160",20,170.1700,"SKU-STE-001160",904,218.2200,"Steel Product 01160",429,"packaging",117,"steel","EA","buy","Y",2026-09-20 09:31:58.225711Z
1161,"P001161",6,63.0900,"SKU-ALU-001161",539,73.8200,"Aluminium Product 01161",1415,"raw_material",450,"aluminium","EA","buy","Y",2026-09-20 09:31:58.225711Z
1162,"P001162",30,101.3100,"SKU-FAS-001162",520,112.9800,"Fasteners Product 01162",2602,"raw_material",193,"fasteners","EA","buy","Y",2026-09-20 09:31:58.225711Z
1163,"P001163",32,214.7700,"SKU-COP-001163",316,291.2400,"Copper Product 01163",1966,"raw_material",126,"copper","EA","buy","Y",2026-09-20 09:31:58.225711Z
1164,"P001164",12,33.4500,"SKU-PLA-001164",61,44.4700,"Plastic Product 01164",205,"raw_material",369,"plastic","EA","buy","Y",2026-09-20 09:31:58.225711Z
1165,"P001165",24,38.4800,"SKU-COP-001165",1039,45.3900,"Copper Product 01165",3412,"raw_material",58,"copper","EA","buy","Y",2026-09-20 09:31:58.225711Z
1166,"P001166",30,74.9600,"SKU-PLA-001166",831,87.3100,"Plastic Product 01166",2254,"raw_material",183,"plastic","EA","buy","Y",2026-09-20 09:31:58.225711Z
1167,"P001167",14,140.4800,"SKU-ALU-001167",1377,172.3200,"Aluminium Product 01167",2654,"raw_material",126,"aluminium","L","buy","Y",2026-09-20 09:31:58.225711Z
1168,"P001168",31,28.7100,"SKU-PLA-001168",839,37.5900,"Plastic Product 01168",1622,"raw_material",370,"plastic","EA","buy","Y",2026-09-20 09:31:58.225711Z
1169,"P001169",14,23.2700,"SKU-STE-001169",357,29.7500,"Steel Product 01169",749,"raw_material",75,"steel","L","buy","Y",2026-09-20 09:31:58.225711Z
1170,"P001170",33,50.4800,"SKU-STE-001170",169,61.7000,"Steel Product 01170",67,"raw_material",630,"steel","KG","buy","Y",2026-09-20 09:31:58.225711Z
1171,"P001171",16,139.9600,"SKU-PLA-001171",1008,155.6500,"Plastic Product 01171",226,"raw_material",673,"plastic","EA","buy","Y",2026-09-20 09:31:58.225711Z
1172,"P001172",24,33.4400,"SKU-ELE-001172",415,41.7700,"Electronic Components Product 01172",3325,"raw_material",247,"electronic_components","EA","buy","Y",2026-09-20 09:31:58.225711Z
1173,"P001173",28,60.2600,"SKU-PAC-001173",1253,85.8700,"Packaging Product 01173",2911,"raw_material",426,"packaging","EA","buy","Y",2026-09-20 09:31:58.225711Z
1174,"P001174",14,77.5500,"SKU-PLA-001174",1355,84.0700,"Plastic Product 01174",1217,"raw_material",340,"plastic","EA","buy","Y",2026-09-20 09:31:58.225711Z
1175,"P001175",22,71.1100,"SKU-STE-001175",583,81.8800,"Steel Product 01175",2854,"raw_material",575,"steel","EA","buy","Y",2026-09-20 09:31:58.225711Z
1176,"P001176",14,151.5100,"SKU-ALU-001176",406,192.1500,"Aluminium Product 01176",1108,"raw_material",158,"aluminium","EA","buy","Y",2026-09-20 09:31:58.225711Z
1177,"P001177",16,59.7000,"SKU-STE-001177",821,71.6300,"Steel Product 01177",292,"packaging",722,"steel","EA","buy","Y",2026-09-20 09:31:58.225711Z
1178,"P001178",17,50.1600,"SKU-ELE-001178",601,65.8300,"Electronic Components Product 01178",2672,"raw_material",558,"electronic_components","EA","buy","Y",2026-09-20 09:31:58.225711Z
1179,"P001179",21,54.4400,"SKU-ALU-001179",543,68.1500,"Aluminium Product 01179",1385,"raw_material",65,"aluminium","EA","buy","Y",2026-09-20 09:31:58.225711Z
1180,"P001180",8,77.4300,"SKU-STE-001180",1467,93.8700,"Steel Product 01180",2820,"raw_material",346,"steel","EA","buy","Y",2026-09-20 09:31:58.225711Z
1181,"P001181",22,87.5600,"SKU-ALU-001181",681,97.0300,"Aluminium Product 01181",1145,"raw_material",362,"aluminium","EA","buy","Y",2026-09-20 09:31:58.225711Z
1182,"P001182",31,27.3900,"SKU-STE-001182",463,32.2100,"Steel Product 01182",2183,"packaging",187,"steel","EA","buy","Y",2026-09-20 09:31:58.225711Z
1183,"P001183",35,51.6500,"SKU-ELE-001183",990,63.5600,"Electronic Components Product 01183",2465,"raw_material",291,"electronic_components","EA","buy","Y",2026-09-20 09:31:58.225711Z
1184,"P001184",23,90.8300,"SKU-PLA-001184",132,115.2300,"Plastic Product 01184",1399,"raw_material",164,"plastic","EA","buy","Y",2026-09-20 09:31:58.225711Z
1185,"P001185",11,102.8900,"SKU-FAS-001185",1436,120.1200,"Fasteners Product 01185",446,"raw_material",716,"fasteners","EA","buy","Y",2026-09-20 09:31:58.225711Z
1186,"P001186",20,183.7600,"SKU-COP-001186",797,241.8500,"Copper Product 01186",131,"raw_material",149,"copper","EA","buy","Y",2026-09-20 09:31:58.225711Z
1187,"P001187",24,29.1300,"SKU-ALU-001187",992,41.1100,"Aluminium Product 01187",817,"packaging",120,"aluminium","EA","buy","Y",2026-09-20 09:31:58.225711Z
1188,"P001188",13,72.1500,"SKU-ALU-001188",706,97.0200,"Aluminium Product 01188",2728,"raw_material",656,"aluminium","EA","buy","Y",2026-09-20 09:31:58.225711Z
1189,"P001189",36,34.1700,"SKU-ELE-001189",1089,44.7400,"Electronic Components Product 01189",269,"raw_material",11,"electronic_components","M","buy","Y",2026-09-20 09:31:58.225711Z
1190,"P001190",26,143.7500,"SKU-ALU-001190",772,189.2100,"Aluminium Product 01190",2519,"raw_material",784,"aluminium","EA","buy","Y",2026-09-20 09:31:58.225711Z
1191,"P001191",5,423.3200,"SKU-FAS-001191",132,528.6500,"Fasteners Product 01191",1230,"raw_material",477,"fasteners","EA","buy","Y",2026-09-20 09:31:58.225711Z
1192,"P001192",24,95.9000,"SKU-PLA-001192",1089,107.1400,"Plastic Product 01192",441,"raw_material",155,"plastic","M","buy","Y",2026-09-20 09:31:58.225711Z
1193,"P001193",5,28.0900,"SKU-PAC-001193",1496,36.1200,"Packaging Product 01193",1655,"packaging",518,"packaging","EA","buy","Y",2026-09-20 09:31:58.225711Z
1194,"P001194",7,60.1200,"SKU-STE-001194",421,72.9700,"Steel Product 01194",1735,"raw_material",527,"steel","EA","buy","Y",2026-09-20 09:31:58.225711Z
1195,"P001195",19,108.6000,"SKU-STE-001195",91,132.4300,"Steel Product 01195",3170,"raw_material",721,"steel","EA","buy","Y",2026-09-20 09:31:58.225711Z
1196,"P001196",15,147.5100,"SKU-STE-001196",510,187.4900,"Steel Product 01196",214,"raw_material",567,"steel","EA","buy","Y",2026-09-20 09:31:58.225711Z
1197,"P001197",32,35.4600,"SKU-ELE-001197",256,38.7600,"Electronic Components Product 01197",3034,"raw_material",156,"electronic_components","EA","buy","Y",2026-09-20 09:31:58.225711Z
1198,"P001198",27,147.1100,"SKU-PLA-001198",483,196.3200,"Plastic Product 01198",2548,"raw_material",392,"plastic","EA","buy","Y",2026-09-20 09:31:58.225711Z
1199,"P001199",32,168.6900,"SKU-PLA-001199",540,207.3900,"Plastic Product 01199",1286,"raw_material",653,"plastic","EA","buy","Y",2026-09-20 09:31:58.225711Z
1200,"P001200",30,76.1500,"SKU-STE-001200",635,100.3600,"Steel Product 01200",2334,"raw_material",317,"steel","EA","buy","Y",2026-09-20 09:31:58.225711Z
1201,"P001201",10,38.4600,"SKU-ELE-001201",421,42.2300,"Electronic Components Product 01201",1032,"raw_material",731,"electronic_components","M","buy","Y",2026-09-20 09:31:58.225711Z
1202,"P001202",25,64.2800,"SKU-STE-001202",121,73.2800,"Steel Product 01202",2933,"raw_material",396,"steel","EA","buy","Y",2026-09-20 09:31:58.225711Z
1203,"P001203",34,42.2600,"SKU-ALU-001203",737,52.3100,"Aluminium Product 01203",1189,"raw_material",528,"aluminium","EA","buy","Y",2026-09-20 09:31:58.225711Z
1204,"P001204",37,13.2500,"SKU-ALU-001204",995,17.0800,"Aluminium Product 01204",98,"raw_material",310,"aluminium","EA","buy","Y",2026-09-20 09:31:58.225711Z
1205,"P001205",8,25.8200,"SKU-STE-001205",433,29.2900,"Steel Product 01205",412,"raw_material",556,"steel","EA","buy","Y",2026-09-20 09:31:58.225711Z
1206,"P001206",16,72.4100,"SKU-PAC-001206",293,99.2900,"Packaging Product 01206",2567,"packaging",376,"packaging","EA","buy","Y",2026-09-20 09:31:58.225711Z
1207,"P001207",20,42.8700,"SKU-PLA-001207",926,62.1000,"Plastic Product 01207",2089,"raw_material",19,"plastic","EA","buy","Y",2026-09-20 09:31:58.225711Z
1208,"P001208",37,38.1800,"SKU-FAS-001208",1032,52.7300,"Fasteners Product 01208",1419,"raw_material",450,"fasteners","EA","buy","Y",2026-09-20 09:31:58.225711Z
1209,"P001209",7,142.0600,"SKU-COP-001209",1299,198.1300,"Copper Product 01209",2314,"raw_material",363,"copper","EA","buy","Y",2026-09-20 09:31:58.225711Z
1210,"P001210",38,47.6200,"SKU-FAS-001210",1030,59.6000,"Fasteners Product 01210",2008,"raw_material",508,"fasteners","M","buy","Y",2026-09-20 09:31:58.225711Z
1211,"P001211",4,33.5900,"SKU-STE-001211",1269,38.7100,"Steel Product 01211",552,"raw_material",686,"steel","EA","buy","Y",2026-09-20 09:31:58.225711Z
1212,"P001212",36,72.2900,"SKU-STE-001212",791,88.6900,"Steel Product 01212",109,"raw_material",361,"steel","EA","buy","Y",2026-09-20 09:31:58.225711Z
1213,"P001213",14,44.7100,"SKU-PAC-001213",568,56.8100,"Packaging Product 01213",1528,"raw_material",64,"packaging","EA","buy","Y",2026-09-20 09:31:58.225711Z
1214,"P001214",32,172.7300,"SKU-STE-001214",1317,200.1700,"Steel Product 01214",2242,"raw_material",305,"steel","EA","buy","Y",2026-09-20 09:31:58.225711Z
1215,"P001215",18,96.3800,"SKU-PAC-001215",915,125.8500,"Packaging Product 01215",1338,"raw_material",375,"packaging","EA","buy","Y",2026-09-20 09:31:58.225711Z
1216,"P001216",11,32.9900,"SKU-ELE-001216",636,36.2500,"Electronic Components Product 01216",2179,"raw_material",759,"electronic_components","EA","buy","Y",2026-09-20 09:31:58.225711Z
1217,"P001217",10,63.8600,"SKU-ALU-001217",594,81.8200,"Aluminium Product 01217",2190,"raw_material",769,"aluminium","M","buy","Y",2026-09-20 09:31:58.225711Z
1218,"P001218",10,20.4000,"SKU-FAS-001218",740,29.0500,"Fasteners Product 01218",411,"raw_material",483,"fasteners","EA","buy","Y",2026-09-20 09:31:58.225711Z
1219,"P001219",12,141.5000,"SKU-FAS-001219",265,194.4700,"Fasteners Product 01219",452,"raw_material",169,"fasteners","EA","buy","Y",2026-09-20 09:31:58.225711Z
1220,"P001220",14,117.8600,"SKU-FAS-001220",687,142.9600,"Fasteners Product 01220",2275,"raw_material",511,"fasteners","EA","buy","Y",2026-09-20 09:31:58.225711Z
1221,"P001221",32,52.3300,"SKU-PLA-001221",1384,57.3800,"Plastic Product 01221",1201,"raw_material",292,"plastic","EA","buy","Y",2026-09-20 09:31:58.225711Z
1222,"P001222",13,59.5400,"SKU-PLA-001222",956,83.7900,"Plastic Product 01222",1422,"raw_material",490,"plastic","EA","buy","Y",2026-09-20 09:31:58.225711Z
1223,"P001223",21,34.8600,"SKU-COP-001223",271,38.4300,"Copper Product 01223",2729,"packaging",132,"copper","EA","buy","Y",2026-09-20 09:31:58.225711Z
1224,"P001224",28,8.6800,"SKU-PLA-001224",533,10.8000,"Plastic Product 01224",1151,"raw_material",630,"plastic","EA","buy","Y",2026-09-20 09:31:58.225711Z
1225,"P001225",31,101.2600,"SKU-PLA-001225",160,118.4200,"Plastic Product 01225",2351,"raw_material",764,"plastic","EA","buy","Y",2026-09-20 09:31:58.225711Z
1226,"P001226",28,37.9900,"SKU-PLA-001226",1493,53.7800,"Plastic Product 01226",472,"raw_material",113,"plastic","EA","buy","Y",2026-09-20 09:31:58.225711Z
1227,"P001227",16,35.4000,"SKU-ALU-001227",1327,51.3300,"Aluminium Product 01227",2547,"raw_material",41,"aluminium","EA","buy","Y",2026-09-20 09:31:58.225711Z
1228,"P001228",6,39.3400,"SKU-PLA-001228",1293,56.4600,"Plastic Product 01228",1380,"raw_material",126,"plastic","KG","buy","Y",2026-09-20 09:31:58.225711Z
1229,"P001229",12,56.0400,"SKU-STE-001229",1148,60.6900,"Steel Product 01229",946,"raw_material",69,"steel","EA","buy","Y",2026-09-20 09:31:58.225711Z
1230,"P001230",22,89.9200,"SKU-ELE-001230",896,123.9900,"Electronic Components Product 01230",2365,"raw_material",484,"electronic_components","M","buy","Y",2026-09-20 09:31:58.225711Z
1231,"P001231",6,24.4000,"SKU-PLA-001231",801,27.4700,"Plastic Product 01231",218,"raw_material",414,"plastic","EA","buy","Y",2026-09-20 09:31:58.225711Z
1232,"P001232",31,18.4500,"SKU-ALU-001232",1198,26.0300,"Aluminium Product 01232",1356,"raw_material",546,"aluminium","EA","buy","Y",2026-09-20 09:31:58.225711Z
1233,"P001233",18,146.9600,"SKU-ALU-001233",995,175.9800,"Aluminium Product 01233",3267,"raw_material",317,"aluminium","EA","buy","Y",2026-09-20 09:31:58.225711Z
1234,"P001234",10,51.6100,"SKU-ALU-001234",1402,60.8700,"Aluminium Product 01234",385,"raw_material",643,"aluminium","EA","buy","Y",2026-09-20 09:31:58.225711Z
1235,"P001235",15,37.7700,"SKU-ELE-001235",724,43.6300,"Electronic Components Product 01235",3350,"packaging",795,"electronic_components","KG","buy","Y",2026-09-20 09:31:58.225711Z
1236,"P001236",16,77.6700,"SKU-ALU-001236",761,109.7300,"Aluminium Product 01236",3169,"packaging",473,"aluminium","EA","buy","Y",2026-09-20 09:31:58.225711Z
1237,"P001237",29,60.6400,"SKU-STE-001237",231,87.9200,"Steel Product 01237",2229,"raw_material",492,"steel","EA","buy","Y",2026-09-20 09:31:58.225711Z
1238,"P001238",22,84.1300,"SKU-STE-001238",133,103.9700,"Steel Product 01238",401,"packaging",357,"steel","EA","buy","Y",2026-09-20 09:31:58.225711Z
1239,"P001239",30,40.6400,"SKU-ELE-001239",442,47.3600,"Electronic Components Product 01239",2954,"raw_material",749,"electronic_components","EA","buy","Y",2026-09-20 09:31:58.225711Z
1240,"P001240",28,41.8200,"SKU-PAC-001240",1150,47.8300,"Packaging Product 01240",108,"raw_material",300,"packaging","EA","buy","Y",2026-09-20 09:31:58.225711Z
1241,"P001241",13,236.9000,"SKU-PAC-001241",187,284.9500,"Packaging Product 01241",1578,"raw_material",633,"packaging","KG","buy","Y",2026-09-20 09:31:58.225711Z
1242,"P001242",7,121.4800,"SKU-PLA-001242",850,152.2500,"Plastic Product 01242",1845,"raw_material",767,"plastic","M","buy","Y",2026-09-20 09:31:58.225711Z
1243,"P001243",26,438.3900,"SKU-PAC-001243",1461,562.3900,"Packaging Product 01243",1958,"raw_material",16,"packaging","EA","buy","Y",2026-09-20 09:31:58.225711Z
1244,"P001244",36,123.9600,"SKU-STE-001244",535,173.1300,"Steel Product 01244",2352,"packaging",517,"steel","EA","buy","Y",2026-09-20 09:31:58.225711Z
1245,"P001245",22,58.4100,"SKU-ALU-001245",947,71.0000,"Aluminium Product 01245",1411,"raw_material",535,"aluminium","EA","buy","Y",2026-09-20 09:31:58.225711Z
1246,"P001246",24,90.4000,"SKU-FAS-001246",705,106.6300,"Fasteners Product 01246",1628,"raw_material",583,"fasteners","EA","buy","Y",2026-09-20 09:31:58.225711Z
1247,"P001247",6,150.2700,"SKU-ALU-001247",519,215.9900,"Aluminium Product 01247",2648,"packaging",787,"aluminium","KG","buy","Y",2026-09-20 09:31:58.225711Z
1248,"P001248",17,26.9200,"SKU-ALU-001248",786,37.7300,"Aluminium Product 01248",985,"raw_material",548,"aluminium","EA","buy","Y",2026-09-20 09:31:58.225711Z
1249,"P001249",9,66.3600,"SKU-FAS-001249",811,82.1400,"Fasteners Product 01249",2587,"raw_material",743,"fasteners","EA","buy","Y",2026-09-20 09:31:58.225711Z
1250,"P001250",38,58.7100,"SKU-COP-001250",1088,76.1600,"Copper Product 01250",1926,"raw_material",123,"copper","EA","buy","Y",2026-09-20 09:31:58.225711Z
1251,"P001251",36,93.1500,"SKU-ALU-001251",242,105.5300,"Aluminium Product 01251",823,"packaging",606,"aluminium","EA","buy","Y",2026-09-20 09:31:58.225711Z
1252,"P001252",14,109.7600,"SKU-STE-001252",296,143.3300,"Steel Product 01252",2798,"raw_material",398,"steel","KG","buy","Y",2026-09-20 09:31:58.225711Z
1253,"P001253",16,36.7300,"SKU-PLA-001253",1365,47.1200,"Plastic Product 01253",170,"raw_material",708,"plastic","KG","buy","Y",2026-09-20 09:31:58.225711Z
1254,"P001254",23,42.6300,"SKU-STE-001254",1042,56.5700,"Steel Product 01254",374,"raw_material",64,"steel","EA","buy","Y",2026-09-20 09:31:58.225711Z
1255,"P001255",17,21.2700,"SKU-COP-001255",660,29.4600,"Copper Product 01255",106,"raw_material",792,"copper","EA","buy","Y",2026-09-20 09:31:58.225711Z
1256,"P001256",19,68.8100,"SKU-ALU-001256",600,81.5400,"Aluminium Product 01256",3032,"raw_material",644,"aluminium","EA","buy","Y",2026-09-20 09:31:58.225711Z
1257,"P001257",4,114.2600,"SKU-PLA-001257",344,160.3900,"Plastic Product 01257",1144,"raw_material",164,"plastic","EA","buy","Y",2026-09-20 09:31:58.225711Z
1258,"P001258",11,75.0100,"SKU-ALU-001258",643,102.1600,"Aluminium Product 01258",1441,"raw_material",441,"aluminium","EA","buy","Y",2026-09-20 09:31:58.225711Z
1259,"P001259",5,77.0200,"SKU-PAC-001259",659,99.1300,"Packaging Product 01259",3110,"raw_material",210,"packaging","EA","buy","Y",2026-09-20 09:31:58.225711Z
1260,"P001260",35,233.7900,"SKU-ALU-001260",372,337.5700,"Aluminium Product 01260",2497,"raw_material",485,"aluminium","EA","buy","Y",2026-09-20 09:31:58.225711Z
1261,"P001261",22,32.8700,"SKU-PLA-001261",74,39.2000,"Plastic Product 01261",1533,"raw_material",778,"plastic","EA","buy","Y",2026-09-20 09:31:58.225711Z
1262,"P001262",35,44.9400,"SKU-STE-001262",1464,60.6000,"Steel Product 01262",1615,"raw_material",44,"steel","EA","buy","Y",2026-09-20 09:31:58.225711Z
1263,"P001263",32,100.3800,"SKU-PLA-001263",1304,137.1900,"Plastic Product 01263",1607,"packaging",111,"plastic","EA","buy","Y",2026-09-20 09:31:58.225711Z
1264,"P001264",30,155.0300,"SKU-ALU-001264",427,176.7300,"Aluminium Product 01264",2194,"raw_material",501,"aluminium","EA","buy","Y",2026-09-20 09:31:58.225711Z
1265,"P001265",7,14.5300,"SKU-FAS-001265",850,19.1300,"Fasteners Product 01265",2556,"raw_material",516,"fasteners","M","buy","Y",2026-09-20 09:31:58.225711Z
1266,"P001266",7,50.7300,"SKU-ALU-001266",1417,60.0300,"Aluminium Product 01266",2837,"raw_material",21,"aluminium","EA","buy","Y",2026-09-20 09:31:58.225711Z
1267,"P001267",11,108.1400,"SKU-STE-001267",461,119.3200,"Steel Product 01267",2206,"raw_material",152,"steel","L","buy","Y",2026-09-20 09:31:58.225711Z
1268,"P001268",11,31.6400,"SKU-ELE-001268",1461,36.4800,"Electronic Components Product 01268",965,"raw_material",90,"electronic_components","KG","buy","Y",2026-09-20 09:31:58.225711Z
1269,"P001269",18,41.0800,"SKU-PAC-001269",163,51.4600,"Packaging Product 01269",1164,"raw_material",658,"packaging","KG","buy","Y",2026-09-20 09:31:58.225711Z
1270,"P001270",34,42.0100,"SKU-PAC-001270",1244,55.7400,"Packaging Product 01270",3193,"packaging",635,"packaging","M","buy","Y",2026-09-20 09:31:58.225711Z
1271,"P001271",38,37.9000,"SKU-PLA-001271",780,49.7600,"Plastic Product 01271",3197,"raw_material",790,"plastic","EA","buy","Y",2026-09-20 09:31:58.225711Z
1272,"P001272",21,102.6900,"SKU-ELE-001272",364,114.3100,"Electronic Components Product 01272",425,"raw_material",117,"electronic_components","EA","buy","Y",2026-09-20 09:31:58.225711Z
1273,"P001273",4,75.2300,"SKU-PAC-001273",187,84.4000,"Packaging Product 01273",1038,"raw_material",185,"packaging","EA","buy","Y",2026-09-20 09:31:58.225711Z
1274,"P001274",9,54.3000,"SKU-STE-001274",81,67.4500,"Steel Product 01274",2026,"raw_material",98,"steel","KG","buy","Y",2026-09-20 09:31:58.225711Z
1275,"P001275",11,314.2300,"SKU-STE-001275",282,402.2000,"Steel Product 01275",382,"raw_material",458,"steel","EA","buy","Y",2026-09-20 09:31:58.225711Z
1276,"P001276",13,98.9800,"SKU-ALU-001276",1484,133.1000,"Aluminium Product 01276",2999,"raw_material",579,"aluminium","EA","buy","Y",2026-09-20 09:31:58.225711Z
1277,"P001277",19,73.7900,"SKU-ELE-001277",185,92.1500,"Electronic Components Product 01277",2152,"packaging",777,"electronic_components","EA","buy","Y",2026-09-20 09:31:58.225711Z
1278,"P001278",10,99.4100,"SKU-ELE-001278",1213,129.7500,"Electronic Components Product 01278",1027,"raw_material",700,"electronic_components","EA","buy","Y",2026-09-20 09:31:58.225711Z
1279,"P001279",24,84.4500,"SKU-STE-001279",708,119.4200,"Steel Product 01279",601,"raw_material",271,"steel","EA","buy","Y",2026-09-20 09:31:58.225711Z
1280,"P001280",24,45.2600,"SKU-STE-001280",800,59.8800,"Steel Product 01280",1914,"packaging",729,"steel","EA","buy","Y",2026-09-20 09:31:58.225711Z
1281,"P001281",28,47.1800,"SKU-ELE-001281",276,54.0300,"Electronic Components Product 01281",1540,"raw_material",788,"electronic_components","EA","buy","Y",2026-09-20 09:31:58.225711Z
1282,"P001282",21,172.4400,"SKU-PLA-001282",1341,189.4800,"Plastic Product 01282",1876,"raw_material",567,"plastic","EA","buy","Y",2026-09-20 09:31:58.225711Z
1283,"P001283",21,51.7300,"SKU-PLA-001283",263,59.6000,"Plastic Product 01283",1823,"raw_material",326,"plastic","EA","buy","Y",2026-09-20 09:31:58.225711Z
1284,"P001284",21,12.2500,"SKU-STE-001284",1232,13.3100,"Steel Product 01284",3131,"raw_material",170,"steel","KG","buy","Y",2026-09-20 09:31:58.225711Z
1285,"P001285",26,229.5300,"SKU-PLA-001285",746,290.5000,"Plastic Product 01285",2540,"raw_material",325,"plastic","EA","buy","Y",2026-09-20 09:31:58.225711Z
1286,"P001286",34,100.1900,"SKU-PAC-001286",704,124.4400,"Packaging Product 01286",3206,"raw_material",793,"packaging","EA","buy","Y",2026-09-20 09:31:58.225711Z
1287,"P001287",33,107.1300,"SKU-STE-001287",1457,145.5500,"Steel Product 01287",1069,"packaging",405,"steel","EA","buy","Y",2026-09-20 09:31:58.225711Z
1288,"P001288",11,99.9500,"SKU-PLA-001288",826,113.9600,"Plastic Product 01288",2925,"raw_material",718,"plastic","EA","buy","Y",2026-09-20 09:31:58.225711Z
1289,"P001289",33,45.4500,"SKU-FAS-001289",628,61.0200,"Fasteners Product 01289",2726,"raw_material",284,"fasteners","EA","buy","Y",2026-09-20 09:31:58.225711Z
1290,"P001290",26,111.2200,"SKU-COP-001290",1047,156.9000,"Copper Product 01290",2945,"raw_material",640,"copper","EA","buy","Y",2026-09-20 09:31:58.225711Z
1291,"P001291",5,166.9200,"SKU-FAS-001291",1312,217.8500,"Fasteners Product 01291",743,"raw_material",162,"fasteners","EA","buy","Y",2026-09-20 09:31:58.225711Z
1292,"P001292",27,83.4100,"SKU-FAS-001292",1476,118.7000,"Fasteners Product 01292",3016,"raw_material",61,"fasteners","EA","buy","Y",2026-09-20 09:31:58.225711Z
1293,"P001293",35,35.2200,"SKU-ALU-001293",1119,49.8800,"Aluminium Product 01293",2035,"raw_material",85,"aluminium","EA","buy","Y",2026-09-20 09:31:58.225711Z
1294,"P001294",10,28.8900,"SKU-PAC-001294",1284,38.9400,"Packaging Product 01294",1251,"raw_material",719,"packaging","EA","buy","Y",2026-09-20 09:31:58.225711Z
1295,"P001295",32,13.4400,"SKU-PAC-001295",1020,15.1300,"Packaging Product 01295",343,"packaging",553,"packaging","L","buy","Y",2026-09-20 09:31:58.225711Z
1296,"P001296",31,91.5900,"SKU-COP-001296",793,115.2900,"Copper Product 01296",180,"packaging",279,"copper","EA","buy","Y",2026-09-20 09:31:58.225711Z
1297,"P001297",26,85.8300,"SKU-ALU-001297",345,109.5000,"Aluminium Product 01297",3147,"raw_material",107,"aluminium","EA","buy","Y",2026-09-20 09:31:58.225711Z
1298,"P001298",15,75.7900,"SKU-COP-001298",1330,105.4100,"Copper Product 01298",1575,"raw_material",364,"copper","EA","buy","Y",2026-09-20 09:31:58.225711Z
1299,"P001299",30,92.8700,"SKU-STE-001299",429,128.0600,"Steel Product 01299",206,"raw_material",292,"steel","EA","buy","Y",2026-09-20 09:31:58.225711Z
1300,"P001300",34,82.3600,"SKU-PLA-001300",1368,106.6700,"Plastic Product 01300",1668,"raw_material",116,"plastic","EA","buy","Y",2026-09-20 09:31:58.225711Z
1301,"P001301",16,48.7300,"SKU-PLA-001301",286,52.9100,"Plastic Product 01301",1176,"raw_material",281,"plastic","M","buy","Y",2026-09-20 09:31:58.225711Z
1302,"P001302",16,94.9300,"SKU-COP-001302",1331,122.7600,"Copper Product 01302",2155,"packaging",726,"copper","EA","buy","Y",2026-09-20 09:31:58.225711Z
1303,"P001303",6,102.3100,"SKU-ALU-001303",184,124.5900,"Aluminium Product 01303",3013,"raw_material",704,"aluminium","KG","buy","Y",2026-09-20 09:31:58.225711Z
1304,"P001304",38,62.1200,"SKU-ELE-001304",60,78.4700,"Electronic Components Product 01304",773,"raw_material",618,"electronic_components","EA","buy","Y",2026-09-20 09:31:58.225711Z
1305,"P001305",4,96.8700,"SKU-COP-001305",1258,139.5500,"Copper Product 01305",636,"raw_material",624,"copper","EA","buy","Y",2026-09-20 09:31:58.225711Z
1306,"P001306",23,107.3300,"SKU-STE-001306",215,131.4000,"Steel Product 01306",1614,"raw_material",744,"steel","M","buy","Y",2026-09-20 09:31:58.225711Z
1307,"P001307",9,287.6600,"SKU-STE-001307",898,329.9900,"Steel Product 01307",2569,"raw_material",538,"steel","EA","buy","Y",2026-09-20 09:31:58.225711Z
1308,"P001308",4,65.5200,"SKU-PAC-001308",1055,82.2200,"Packaging Product 01308",2159,"raw_material",366,"packaging","EA","buy","Y",2026-09-20 09:31:58.225711Z
1309,"P001309",28,168.3300,"SKU-PLA-001309",1069,187.5100,"Plastic Product 01309",1680,"raw_material",401,"plastic","KG","buy","Y",2026-09-20 09:31:58.225711Z
1310,"P001310",19,46.4400,"SKU-ELE-001310",459,50.5100,"Electronic Components Product 01310",1316,"raw_material",306,"electronic_components","M","buy","Y",2026-09-20 09:31:58.225711Z
1311,"P001311",23,115.6800,"SKU-ALU-001311",924,148.2800,"Aluminium Product 01311",837,"raw_material",308,"aluminium","EA","buy","Y",2026-09-20 09:31:58.225711Z
1312,"P001312",12,145.4700,"SKU-COP-001312",1440,175.7500,"Copper Product 01312",2193,"raw_material",123,"copper","M","buy","Y",2026-09-20 09:31:58.225711Z
1313,"P001313",18,22.4600,"SKU-PLA-001313",553,26.6900,"Plastic Product 01313",866,"packaging",274,"plastic","EA","buy","Y",2026-09-20 09:31:58.225711Z
1314,"P001314",27,124.1500,"SKU-FAS-001314",807,163.4100,"Fasteners Product 01314",59,"raw_material",297,"fasteners","M","buy","Y",2026-09-20 09:31:58.225711Z
1315,"P001315",20,16.0300,"SKU-STE-001315",620,20.0000,"Steel Product 01315",2721,"raw_material",182,"steel","EA","buy","Y",2026-09-20 09:31:58.225711Z
1316,"P001316",20,43.7300,"SKU-STE-001316",221,60.0600,"Steel Product 01316",368,"packaging",325,"steel","EA","buy","Y",2026-09-20 09:31:58.225711Z
1317,"P001317",23,33.2200,"SKU-ALU-001317",776,37.4300,"Aluminium Product 01317",3108,"raw_material",249,"aluminium","EA","buy","Y",2026-09-20 09:31:58.225711Z
1318,"P001318",24,46.0900,"SKU-STE-001318",1351,56.6500,"Steel Product 01318",1781,"raw_material",623,"steel","EA","buy","Y",2026-09-20 09:31:58.225711Z
1319,"P001319",17,127.8100,"SKU-PAC-001319",35,151.1200,"Packaging Product 01319",429,"raw_material",293,"packaging","EA","buy","Y",2026-09-20 09:31:58.225711Z
1320,"P001320",13,55.8300,"SKU-ALU-001320",1104,62.8500,"Aluminium Product 01320",975,"raw_material",140,"aluminium","EA","buy","Y",2026-09-20 09:31:58.225711Z
1321,"P001321",13,24.3000,"SKU-PLA-001321",211,31.6100,"Plastic Product 01321",827,"raw_material",731,"plastic","EA","buy","Y",2026-09-20 09:31:58.225711Z
1322,"P001322",36,81.5100,"SKU-PLA-001322",1356,92.4500,"Plastic Product 01322",501,"raw_material",487,"plastic","EA","buy","Y",2026-09-20 09:31:58.225711Z
1323,"P001323",37,82.5900,"SKU-FAS-001323",176,111.9300,"Fasteners Product 01323",2398,"raw_material",90,"fasteners","KG","buy","Y",2026-09-20 09:31:58.225711Z
1324,"P001324",5,206.5300,"SKU-ELE-001324",1218,265.7200,"Electronic Components Product 01324",2831,"packaging",353,"electronic_components","EA","buy","Y",2026-09-20 09:31:58.225711Z
1325,"P001325",24,240.5200,"SKU-COP-001325",993,299.3300,"Copper Product 01325",2160,"raw_material",753,"copper","M","buy","Y",2026-09-20 09:31:58.225711Z
1326,"P001326",9,53.7700,"SKU-PLA-001326",515,64.7400,"Plastic Product 01326",1398,"raw_material",729,"plastic","EA","buy","Y",2026-09-20 09:31:58.225711Z
1327,"P001327",28,130.9400,"SKU-ELE-001327",1068,181.5300,"Electronic Components Product 01327",2501,"packaging",761,"electronic_components","KG","buy","Y",2026-09-20 09:31:58.225711Z
1328,"P001328",22,43.5400,"SKU-PLA-001328",534,59.3400,"Plastic Product 01328",1010,"raw_material",695,"plastic","EA","buy","Y",2026-09-20 09:31:58.225711Z
1329,"P001329",13,90.6500,"SKU-STE-001329",619,125.1500,"Steel Product 01329",1451,"raw_material",653,"steel","EA","buy","Y",2026-09-20 09:31:58.225711Z
1330,"P001330",17,115.9300,"SKU-ELE-001330",412,150.2100,"Electronic Components Product 01330",3461,"raw_material",244,"electronic_components","EA","buy","Y",2026-09-20 09:31:58.225711Z
1331,"P001331",7,70.9900,"SKU-STE-001331",1114,77.0500,"Steel Product 01331",2216,"raw_material",198,"steel","EA","buy","Y",2026-09-20 09:31:58.225711Z
1332,"P001332",22,63.0900,"SKU-PLA-001332",1176,84.9000,"Plastic Product 01332",1692,"raw_material",585,"plastic","EA","buy","Y",2026-09-20 09:31:58.225711Z
1333,"P001333",32,99.1500,"SKU-PLA-001333",878,118.4700,"Plastic Product 01333",2608,"raw_material",730,"plastic","EA","buy","Y",2026-09-20 09:31:58.225711Z
1334,"P001334",9,78.8400,"SKU-STE-001334",570,97.1900,"Steel Product 01334",417,"raw_material",193,"steel","EA","buy","Y",2026-09-20 09:31:58.225711Z
1335,"P001335",31,77.8600,"SKU-PLA-001335",1313,102.1200,"Plastic Product 01335",90,"raw_material",409,"plastic","EA","buy","Y",2026-09-20 09:31:58.225711Z
1336,"P001336",32,98.7100,"SKU-STE-001336",1166,123.8400,"Steel Product 01336",279,"raw_material",723,"steel","EA","buy","Y",2026-09-20 09:31:58.225711Z
1337,"P001337",22,166.6400,"SKU-FAS-001337",1315,184.7300,"Fasteners Product 01337",100,"packaging",178,"fasteners","EA","buy","Y",2026-09-20 09:31:58.225711Z
1338,"P001338",18,11.8600,"SKU-ELE-001338",76,16.6200,"Electronic Components Product 01338",3495,"raw_material",731,"electronic_components","EA","buy","Y",2026-09-20 09:31:58.225711Z
1339,"P001339",14,30.3600,"SKU-PAC-001339",1434,42.7500,"Packaging Product 01339",2675,"raw_material",516,"packaging","EA","buy","Y",2026-09-20 09:31:58.225711Z
1340,"P001340",20,39.0100,"SKU-PLA-001340",1247,52.4300,"Plastic Product 01340",449,"raw_material",345,"plastic","EA","buy","Y",2026-09-20 09:31:58.225711Z
1341,"P001341",8,190.9200,"SKU-ALU-001341",119,274.9700,"Aluminium Product 01341",969,"packaging",178,"aluminium","KG","buy","Y",2026-09-20 09:31:58.225711Z
1342,"P001342",32,83.1900,"SKU-ALU-001342",95,91.2200,"Aluminium Product 01342",1438,"packaging",545,"aluminium","EA","buy","Y",2026-09-20 09:31:58.225711Z
1343,"P001343",30,131.3800,"SKU-PLA-001343",430,183.4800,"Plastic Product 01343",608,"raw_material",483,"plastic","EA","buy","Y",2026-09-20 09:31:58.225711Z
1344,"P001344",12,29.7500,"SKU-ALU-001344",1491,32.9000,"Aluminium Product 01344",1163,"raw_material",610,"aluminium","EA","buy","Y",2026-09-20 09:31:58.225711Z
1345,"P001345",21,33.7200,"SKU-PLA-001345",694,36.9000,"Plastic Product 01345",1262,"raw_material",677,"plastic","EA","buy","Y",2026-09-20 09:31:58.225711Z
1346,"P001346",8,81.6000,"SKU-ELE-001346",634,115.4000,"Electronic Components Product 01346",2988,"raw_material",501,"electronic_components","L","buy","Y",2026-09-20 09:31:58.225711Z
1347,"P001347",32,133.6400,"SKU-PLA-001347",741,161.9000,"Plastic Product 01347",961,"raw_material",14,"plastic","EA","buy","Y",2026-09-20 09:31:58.225711Z
1348,"P001348",16,200.9300,"SKU-ELE-001348",1181,244.0700,"Electronic Components Product 01348",893,"raw_material",705,"electronic_components","EA","buy","Y",2026-09-20 09:31:58.225711Z
1349,"P001349",4,85.3000,"SKU-PLA-001349",240,116.8300,"Plastic Product 01349",426,"packaging",524,"plastic","KG","buy","Y",2026-09-20 09:31:58.225711Z
1350,"P001350",25,168.4400,"SKU-FAS-001350",1170,196.7400,"Fasteners Product 01350",2410,"raw_material",693,"fasteners","M","buy","Y",2026-09-20 09:31:58.225711Z
1351,"P001351",21,199.3500,"SKU-ELE-001351",317,267.2100,"Electronic Components Product 01351",3296,"raw_material",353,"electronic_components","EA","buy","Y",2026-09-20 09:31:58.225711Z
1352,"P001352",19,113.1300,"SKU-STE-001352",719,127.4900,"Steel Product 01352",1528,"packaging",488,"steel","L","buy","Y",2026-09-20 09:31:58.225711Z
1353,"P001353",31,45.8000,"SKU-PLA-001353",1192,59.1100,"Plastic Product 01353",2239,"raw_material",616,"plastic","EA","buy","Y",2026-09-20 09:31:58.225711Z
1354,"P001354",21,431.1900,"SKU-STE-001354",1120,532.3800,"Steel Product 01354",1792,"raw_material",717,"steel","KG","buy","Y",2026-09-20 09:31:58.225711Z
1355,"P001355",14,113.2800,"SKU-PLA-001355",1028,145.9700,"Plastic Product 01355",3106,"raw_material",312,"plastic","L","buy","Y",2026-09-20 09:31:58.225711Z
1356,"P001356",17,83.2700,"SKU-PAC-001356",680,100.0500,"Packaging Product 01356",2198,"raw_material",424,"packaging","EA","buy","Y",2026-09-20 09:31:58.225711Z
1357,"P001357",16,102.8800,"SKU-FAS-001357",856,136.6000,"Fasteners Product 01357",2957,"raw_material",683,"fasteners","EA","buy","Y",2026-09-20 09:31:58.225711Z
1358,"P001358",16,471.4700,"SKU-ALU-001358",304,640.3800,"Aluminium Product 01358",2361,"raw_material",482,"aluminium","KG","buy","Y",2026-09-20 09:31:58.225711Z
1359,"P001359",23,33.9100,"SKU-PLA-001359",1177,36.9300,"Plastic Product 01359",2083,"raw_material",458,"plastic","M","buy","Y",2026-09-20 09:31:58.225711Z
1360,"P001360",30,12.2000,"SKU-FAS-001360",154,15.5700,"Fasteners Product 01360",3406,"raw_material",507,"fasteners","EA","buy","Y",2026-09-20 09:31:58.225711Z
1361,"P001361",10,63.1600,"SKU-FAS-001361",1214,70.6800,"Fasteners Product 01361",1883,"raw_material",406,"fasteners","EA","buy","Y",2026-09-20 09:31:58.225711Z
1362,"P001362",19,63.1800,"SKU-STE-001362",369,77.3100,"Steel Product 01362",1287,"raw_material",535,"steel","M","buy","Y",2026-09-20 09:31:58.225711Z
1363,"P001363",26,92.1100,"SKU-ELE-001363",436,100.4200,"Electronic Components Product 01363",285,"packaging",309,"electronic_components","EA","buy","Y",2026-09-20 09:31:58.225711Z
1364,"P001364",8,214.8200,"SKU-ALU-001364",192,283.4500,"Aluminium Product 01364",2159,"raw_material",702,"aluminium","EA","buy","Y",2026-09-20 09:31:58.225711Z
1365,"P001365",34,61.2800,"SKU-ALU-001365",1348,72.6700,"Aluminium Product 01365",482,"packaging",420,"aluminium","EA","buy","Y",2026-09-20 09:31:58.225711Z
1366,"P001366",31,85.2700,"SKU-ELE-001366",755,121.6000,"Electronic Components Product 01366",1689,"raw_material",492,"electronic_components","EA","buy","Y",2026-09-20 09:31:58.225711Z
1367,"P001367",13,133.9000,"SKU-PLA-001367",548,160.4300,"Plastic Product 01367",2313,"raw_material",43,"plastic","EA","buy","Y",2026-09-20 09:31:58.225711Z
1368,"P001368",31,163.5500,"SKU-COP-001368",1352,188.2700,"Copper Product 01368",2105,"raw_material",626,"copper","KG","buy","Y",2026-09-20 09:31:58.225711Z
1369,"P001369",9,108.1500,"SKU-FAS-001369",1243,130.3400,"Fasteners Product 01369",3153,"raw_material",557,"fasteners","EA","buy","Y",2026-09-20 09:31:58.225711Z
1370,"P001370",21,98.7000,"SKU-PLA-001370",1366,116.0900,"Plastic Product 01370",1379,"raw_material",800,"plastic","L","buy","Y",2026-09-20 09:31:58.225711Z
1371,"P001371",6,130.0800,"SKU-ELE-001371",737,174.9500,"Electronic Components Product 01371",1864,"raw_material",121,"electronic_components","EA","buy","Y",2026-09-20 09:31:58.225711Z
1372,"P001372",24,135.1800,"SKU-ELE-001372",1390,162.9200,"Electronic Components Product 01372",1808,"raw_material",790,"electronic_components","EA","buy","Y",2026-09-20 09:31:58.225711Z
1373,"P001373",36,75.6000,"SKU-STE-001373",230,99.8400,"Steel Product 01373",3113,"raw_material",450,"steel","EA","buy","Y",2026-09-20 09:31:58.225711Z
1374,"P001374",14,64.7700,"SKU-COP-001374",541,86.5800,"Copper Product 01374",1297,"raw_material",61,"copper","EA","buy","Y",2026-09-20 09:31:58.225711Z
1375,"P001375",23,101.9000,"SKU-PAC-001375",1272,123.2100,"Packaging Product 01375",933,"raw_material",479,"packaging","EA","buy","Y",2026-09-20 09:31:58.225711Z
1376,"P001376",17,25.9900,"SKU-FAS-001376",712,36.2600,"Fasteners Product 01376",1812,"raw_material",397,"fasteners","EA","buy","Y",2026-09-20 09:31:58.225711Z
1377,"P001377",35,49.4200,"SKU-COP-001377",1278,53.9500,"Copper Product 01377",333,"raw_material",481,"copper","EA","buy","Y",2026-09-20 09:31:58.225711Z
1378,"P001378",21,13.8900,"SKU-PAC-001378",710,15.6200,"Packaging Product 01378",968,"raw_material",503,"packaging","EA","buy","Y",2026-09-20 09:31:58.225711Z
1379,"P001379",13,179.7700,"SKU-ELE-001379",810,240.6600,"Electronic Components Product 01379",621,"raw_material",619,"electronic_components","EA","buy","Y",2026-09-20 09:31:58.225711Z
1380,"P001380",24,199.6900,"SKU-PLA-001380",641,226.6900,"Plastic Product 01380",1999,"packaging",465,"plastic","EA","buy","Y",2026-09-20 09:31:58.225711Z
1381,"P001381",23,110.6000,"SKU-PAC-001381",126,146.3500,"Packaging Product 01381",2029,"raw_material",293,"packaging","KG","buy","Y",2026-09-20 09:31:58.225711Z
1382,"P001382",23,52.8900,"SKU-PLA-001382",784,61.7400,"Plastic Product 01382",1600,"raw_material",334,"plastic","EA","buy","Y",2026-09-20 09:31:58.225711Z
1383,"P001383",12,56.3100,"SKU-ELE-001383",1327,78.1000,"Electronic Components Product 01383",1276,"packaging",676,"electronic_components","EA","buy","Y",2026-09-20 09:31:58.225711Z
1384,"P001384",4,35.2900,"SKU-PLA-001384",1085,43.5100,"Plastic Product 01384",2334,"packaging",756,"plastic","EA","buy","Y",2026-09-20 09:31:58.225711Z
1385,"P001385",15,54.4300,"SKU-ELE-001385",1257,73.6500,"Electronic Components Product 01385",3301,"raw_material",184,"electronic_components","KG","buy","Y",2026-09-20 09:31:58.225711Z
1386,"P001386",31,150.7900,"SKU-FAS-001386",605,163.0500,"Fasteners Product 01386",3036,"raw_material",680,"fasteners","EA","buy","Y",2026-09-20 09:31:58.225711Z
1387,"P001387",36,31.0800,"SKU-STE-001387",1418,43.6700,"Steel Product 01387",1058,"raw_material",157,"steel","EA","buy","Y",2026-09-20 09:31:58.225711Z
1388,"P001388",16,91.4600,"SKU-PLA-001388",206,102.2500,"Plastic Product 01388",1097,"raw_material",315,"plastic","EA","buy","Y",2026-09-20 09:31:58.225711Z
1389,"P001389",20,79.6400,"SKU-STE-001389",581,97.0600,"Steel Product 01389",2386,"raw_material",773,"steel","EA","buy","Y",2026-09-20 09:31:58.225711Z
1390,"P001390",26,43.9300,"SKU-PAC-001390",783,51.7400,"Packaging Product 01390",1424,"packaging",38,"packaging","EA","buy","Y",2026-09-20 09:31:58.225711Z
1391,"P001391",31,34.2000,"SKU-COP-001391",549,47.7800,"Copper Product 01391",2279,"raw_material",41,"copper","KG","buy","Y",2026-09-20 09:31:58.225711Z
1392,"P001392",33,431.7900,"SKU-ELE-001392",485,605.5100,"Electronic Components Product 01392",1182,"raw_material",13,"electronic_components","EA","buy","Y",2026-09-20 09:31:58.225711Z
1393,"P001393",18,176.4300,"SKU-COP-001393",784,227.1500,"Copper Product 01393",3303,"packaging",271,"copper","EA","buy","Y",2026-09-20 09:31:58.225711Z
1394,"P001394",36,30.7700,"SKU-ALU-001394",615,37.1000,"Aluminium Product 01394",2954,"raw_material",378,"aluminium","EA","buy","Y",2026-09-20 09:31:58.225711Z
1395,"P001395",31,73.2800,"SKU-ALU-001395",826,98.3300,"Aluminium Product 01395",1484,"packaging",758,"aluminium","EA","buy","Y",2026-09-20 09:31:58.225711Z
1396,"P001396",31,33.4000,"SKU-STE-001396",262,41.4300,"Steel Product 01396",2168,"packaging",759,"steel","EA","buy","Y",2026-09-20 09:31:58.225711Z
1397,"P001397",10,26.1200,"SKU-ELE-001397",1093,35.4200,"Electronic Components Product 01397",1107,"raw_material",178,"electronic_components","EA","buy","Y",2026-09-20 09:31:58.225711Z
1398,"P001398",19,94.8100,"SKU-PLA-001398",1412,115.7300,"Plastic Product 01398",395,"raw_material",371,"plastic","EA","buy","Y",2026-09-20 09:31:58.225711Z
1399,"P001399",8,17.8800,"SKU-COP-001399",975,23.1800,"Copper Product 01399",200,"raw_material",210,"copper","EA","buy","Y",2026-09-20 09:31:58.225711Z
1400,"P001400",31,62.9000,"SKU-ALU-001400",886,84.0600,"Aluminium Product 01400",1082,"raw_material",186,"aluminium","EA","buy","Y",2026-09-20 09:31:58.225711Z
1401,"P001401",4,24.0500,"SKU-ALU-001401",1139,31.8800,"Aluminium Product 01401",2217,"raw_material",503,"aluminium","KG","buy","Y",2026-09-20 09:31:58.225711Z
1402,"P001402",9,34.3400,"SKU-ELE-001402",243,49.3400,"Electronic Components Product 01402",1238,"raw_material",230,"electronic_components","EA","buy","Y",2026-09-20 09:31:58.225711Z
1403,"P001403",20,90.2600,"SKU-FAS-001403",1191,109.4400,"Fasteners Product 01403",262,"raw_material",12,"fasteners","EA","buy","Y",2026-09-20 09:31:58.225711Z
1404,"P001404",25,40.3000,"SKU-ALU-001404",538,44.3900,"Aluminium Product 01404",2498,"raw_material",279,"aluminium","EA","buy","Y",2026-09-20 09:31:58.225711Z
1405,"P001405",35,67.9200,"SKU-PLA-001405",796,86.2700,"Plastic Product 01405",416,"raw_material",606,"plastic","EA","buy","Y",2026-09-20 09:31:58.225711Z
1406,"P001406",4,95.2700,"SKU-ALU-001406",918,117.8200,"Aluminium Product 01406",2567,"raw_material",437,"aluminium","L","buy","Y",2026-09-20 09:31:58.225711Z
1407,"P001407",28,68.0900,"SKU-ELE-001407",1067,80.8000,"Electronic Components Product 01407",2621,"raw_material",139,"electronic_components","EA","buy","Y",2026-09-20 09:31:58.225711Z
1408,"P001408",31,68.2100,"SKU-STE-001408",721,93.6900,"Steel Product 01408",2377,"raw_material",681,"steel","M","buy","Y",2026-09-20 09:31:58.225711Z
1409,"P001409",28,63.2800,"SKU-FAS-001409",550,91.1700,"Fasteners Product 01409",3254,"packaging",260,"fasteners","EA","buy","Y",2026-09-20 09:31:58.225711Z
1410,"P001410",11,60.6600,"SKU-ELE-001410",753,66.7500,"Electronic Components Product 01410",2928,"raw_material",327,"electronic_components","KG","buy","Y",2026-09-20 09:31:58.225711Z
1411,"P001411",34,25.8400,"SKU-ALU-001411",38,36.1300,"Aluminium Product 01411",1819,"packaging",482,"aluminium","EA","buy","Y",2026-09-20 09:31:58.225711Z
1412,"P001412",32,116.2500,"SKU-ELE-001412",979,164.7700,"Electronic Components Product 01412",1909,"raw_material",627,"electronic_components","EA","buy","Y",2026-09-20 09:31:58.225711Z
1413,"P001413",21,76.3600,"SKU-ELE-001413",1260,95.7600,"Electronic Components Product 01413",2759,"raw_material",313,"electronic_components","KG","buy","Y",2026-09-20 09:31:58.225711Z
1414,"P001414",34,104.0000,"SKU-COP-001414",1493,112.7700,"Copper Product 01414",309,"raw_material",357,"copper","EA","buy","Y",2026-09-20 09:31:58.225711Z
1415,"P001415",17,33.6200,"SKU-ALU-001415",40,37.8900,"Aluminium Product 01415",2836,"raw_material",722,"aluminium","EA","buy","Y",2026-09-20 09:31:58.225711Z
1416,"P001416",10,137.3500,"SKU-STE-001416",289,160.3500,"Steel Product 01416",1909,"raw_material",739,"steel","EA","buy","Y",2026-09-20 09:31:58.225711Z
1417,"P001417",35,125.8300,"SKU-ELE-001417",858,158.8200,"Electronic Components Product 01417",549,"raw_material",686,"electronic_components","L","buy","Y",2026-09-20 09:31:58.225711Z
1418,"P001418",14,10.2200,"SKU-PLA-001418",539,14.0800,"Plastic Product 01418",75,"raw_material",567,"plastic","EA","buy","Y",2026-09-20 09:31:58.225711Z
1419,"P001419",8,26.7000,"SKU-COP-001419",665,37.1700,"Copper Product 01419",2839,"raw_material",56,"copper","EA","buy","Y",2026-09-20 09:31:58.225711Z
1420,"P001420",12,37.8700,"SKU-ELE-001420",102,52.1600,"Electronic Components Product 01420",2985,"raw_material",713,"electronic_components","EA","buy","Y",2026-09-20 09:31:58.225711Z
1421,"P001421",27,37.6900,"SKU-PAC-001421",609,51.6300,"Packaging Product 01421",1415,"raw_material",599,"packaging","EA","buy","Y",2026-09-20 09:31:58.225711Z
1422,"P001422",6,67.1400,"SKU-ELE-001422",717,92.9900,"Electronic Components Product 01422",330,"raw_material",667,"electronic_components","EA","buy","Y",2026-09-20 09:31:58.225711Z
1423,"P001423",19,60.8700,"SKU-STE-001423",611,68.9900,"Steel Product 01423",898,"raw_material",800,"steel","EA","buy","Y",2026-09-20 09:31:58.225711Z
1424,"P001424",4,357.9600,"SKU-STE-001424",466,474.2200,"Steel Product 01424",1315,"raw_material",704,"steel","EA","buy","Y",2026-09-20 09:31:58.225711Z
1425,"P001425",22,17.0200,"SKU-STE-001425",210,21.2000,"Steel Product 01425",257,"raw_material",796,"steel","EA","buy","Y",2026-09-20 09:31:58.225711Z
1426,"P001426",9,35.1300,"SKU-COP-001426",54,47.3800,"Copper Product 01426",2953,"raw_material",755,"copper","KG","buy","Y",2026-09-20 09:31:58.225711Z
1427,"P001427",13,84.5800,"SKU-STE-001427",884,103.6300,"Steel Product 01427",814,"raw_material",740,"steel","EA","buy","Y",2026-09-20 09:31:58.225711Z
1428,"P001428",8,100.5600,"SKU-PLA-001428",831,134.1000,"Plastic Product 01428",3485,"raw_material",741,"plastic","EA","buy","Y",2026-09-20 09:31:58.225711Z
1429,"P001429",32,32.9500,"SKU-STE-001429",239,43.9700,"Steel Product 01429",331,"raw_material",732,"steel","EA","buy","Y",2026-09-20 09:31:58.225711Z
1430,"P001430",22,75.1500,"SKU-ALU-001430",15,90.5800,"Aluminium Product 01430",2892,"raw_material",71,"aluminium","KG","buy","Y",2026-09-20 09:31:58.225711Z
1431,"P001431",28,49.6600,"SKU-COP-001431",1257,53.6400,"Copper Product 01431",1681,"raw_material",773,"copper","M","buy","Y",2026-09-20 09:31:58.225711Z
1432,"P001432",18,48.2700,"SKU-FAS-001432",891,66.2900,"Fasteners Product 01432",75,"raw_material",201,"fasteners","M","buy","Y",2026-09-20 09:31:58.225711Z
1433,"P001433",16,255.1700,"SKU-ALU-001433",881,363.6400,"Aluminium Product 01433",3023,"raw_material",727,"aluminium","EA","buy","Y",2026-09-20 09:31:58.225711Z
1434,"P001434",6,37.4100,"SKU-ELE-001434",1170,52.2100,"Electronic Components Product 01434",1922,"raw_material",85,"electronic_components","KG","buy","Y",2026-09-20 09:31:58.225711Z
1435,"P001435",6,36.3400,"SKU-ALU-001435",1108,43.4500,"Aluminium Product 01435",3478,"raw_material",179,"aluminium","KG","buy","Y",2026-09-20 09:31:58.225711Z
1436,"P001436",25,71.8200,"SKU-ELE-001436",909,80.3100,"Electronic Components Product 01436",317,"raw_material",66,"electronic_components","KG","buy","Y",2026-09-20 09:31:58.225711Z
1437,"P001437",29,52.3600,"SKU-PLA-001437",1335,61.3500,"Plastic Product 01437",2241,"packaging",401,"plastic","EA","buy","Y",2026-09-20 09:31:58.225711Z
1438,"P001438",29,85.4000,"SKU-ELE-001438",941,123.5600,"Electronic Components Product 01438",758,"raw_material",337,"electronic_components","EA","buy","Y",2026-09-20 09:31:58.225711Z
1439,"P001439",4,74.3900,"SKU-ELE-001439",400,94.9900,"Electronic Components Product 01439",2195,"raw_material",770,"electronic_components","EA","buy","Y",2026-09-20 09:31:58.225711Z
1440,"P001440",11,145.2700,"SKU-ALU-001440",398,179.6500,"Aluminium Product 01440",1511,"raw_material",713,"aluminium","EA","buy","Y",2026-09-20 09:31:58.225711Z
1441,"P001441",5,115.3900,"SKU-ALU-001441",998,153.8600,"Aluminium Product 01441",3364,"raw_material",83,"aluminium","EA","buy","Y",2026-09-20 09:31:58.225711Z
1442,"P001442",21,138.7100,"SKU-COP-001442",563,151.1100,"Copper Product 01442",902,"raw_material",179,"copper","M","buy","Y",2026-09-20 09:31:58.225711Z
1443,"P001443",8,160.3100,"SKU-FAS-001443",97,194.5500,"Fasteners Product 01443",2372,"raw_material",143,"fasteners","KG","buy","Y",2026-09-20 09:31:58.225711Z
1444,"P001444",15,36.6000,"SKU-STE-001444",47,48.2500,"Steel Product 01444",2750,"raw_material",487,"steel","EA","buy","Y",2026-09-20 09:31:58.225711Z
1445,"P001445",26,52.9000,"SKU-PLA-001445",903,76.4000,"Plastic Product 01445",2614,"raw_material",165,"plastic","EA","buy","Y",2026-09-20 09:31:58.225711Z
1446,"P001446",15,208.9600,"SKU-ALU-001446",1164,292.6500,"Aluminium Product 01446",2419,"raw_material",30,"aluminium","EA","buy","Y",2026-09-20 09:31:58.225711Z
1447,"P001447",17,98.5100,"SKU-PLA-001447",452,118.1100,"Plastic Product 01447",1183,"raw_material",364,"plastic","EA","buy","Y",2026-09-20 09:31:58.225711Z
1448,"P001448",15,44.0900,"SKU-STE-001448",122,60.6300,"Steel Product 01448",1617,"raw_material",100,"steel","EA","buy","Y",2026-09-20 09:31:58.225711Z
1449,"P001449",14,20.5500,"SKU-FAS-001449",1427,29.1400,"Fasteners Product 01449",1403,"packaging",153,"fasteners","EA","buy","Y",2026-09-20 09:31:58.225711Z
1450,"P001450",10,88.5100,"SKU-PLA-001450",1392,104.3100,"Plastic Product 01450",1337,"raw_material",455,"plastic","KG","buy","Y",2026-09-20 09:31:58.225711Z
1451,"P001451",29,41.2500,"SKU-PAC-001451",546,49.2700,"Packaging Product 01451",1717,"packaging",315,"packaging","EA","buy","Y",2026-09-20 09:31:58.225711Z
1452,"P001452",19,118.3700,"SKU-PAC-001452",965,168.7800,"Packaging Product 01452",2827,"packaging",761,"packaging","L","buy","Y",2026-09-20 09:31:58.225711Z
1453,"P001453",33,28.4700,"SKU-STE-001453",742,39.7300,"Steel Product 01453",2364,"raw_material",418,"steel","EA","buy","Y",2026-09-20 09:31:58.225711Z
1454,"P001454",23,132.1500,"SKU-STE-001454",489,175.1500,"Steel Product 01454",2460,"raw_material",321,"steel","M","buy","Y",2026-09-20 09:31:58.225711Z
1455,"P001455",16,42.2400,"SKU-ELE-001455",877,56.8100,"Electronic Components Product 01455",636,"raw_material",597,"electronic_components","EA","buy","Y",2026-09-20 09:31:58.225711Z
1456,"P001456",19,124.8500,"SKU-PLA-001456",752,153.5800,"Plastic Product 01456",63,"raw_material",135,"plastic","EA","buy","Y",2026-09-20 09:31:58.225711Z
1457,"P001457",10,151.8300,"SKU-ELE-001457",232,187.6000,"Electronic Components Product 01457",475,"raw_material",321,"electronic_components","EA","buy","Y",2026-09-20 09:31:58.225711Z
1458,"P001458",20,97.6800,"SKU-FAS-001458",765,123.5500,"Fasteners Product 01458",1741,"raw_material",434,"fasteners","EA","buy","Y",2026-09-20 09:31:58.225711Z
1459,"P001459",32,31.4400,"SKU-COP-001459",1420,36.1400,"Copper Product 01459",926,"raw_material",424,"copper","EA","buy","Y",2026-09-20 09:31:58.225711Z
1460,"P001460",17,51.0900,"SKU-PLA-001460",1052,73.9500,"Plastic Product 01460",367,"raw_material",356,"plastic","EA","buy","Y",2026-09-20 09:31:58.225711Z
1461,"P001461",21,41.9100,"SKU-PAC-001461",434,50.0000,"Packaging Product 01461",2549,"raw_material",207,"packaging","EA","buy","Y",2026-09-20 09:31:58.225711Z
1462,"P001462",36,120.4400,"SKU-PLA-001462",826,131.0000,"Plastic Product 01462",3481,"raw_material",622,"plastic","L","buy","Y",2026-09-20 09:31:58.225711Z
1463,"P001463",27,56.2200,"SKU-PLA-001463",919,78.2100,"Plastic Product 01463",711,"raw_material",766,"plastic","EA","buy","Y",2026-09-20 09:31:58.225711Z
1464,"P001464",24,158.4100,"SKU-PLA-001464",1013,215.6600,"Plastic Product 01464",1974,"raw_material",217,"plastic","EA","buy","Y",2026-09-20 09:31:58.225711Z
1465,"P001465",33,154.8500,"SKU-PAC-001465",982,195.2300,"Packaging Product 01465",2548,"raw_material",257,"packaging","EA","buy","Y",2026-09-20 09:31:58.225711Z
1466,"P001466",24,33.3300,"SKU-COP-001466",173,37.1100,"Copper Product 01466",2842,"raw_material",312,"copper","KG","buy","Y",2026-09-20 09:31:58.225711Z
1467,"P001467",25,42.3400,"SKU-ELE-001467",1211,55.3600,"Electronic Components Product 01467",1356,"raw_material",156,"electronic_components","L","buy","Y",2026-09-20 09:31:58.225711Z
1468,"P001468",20,63.0700,"SKU-COP-001468",1201,72.2200,"Copper Product 01468",1799,"raw_material",457,"copper","EA","buy","Y",2026-09-20 09:31:58.225711Z
1469,"P001469",13,66.2300,"SKU-PAC-001469",1265,92.0100,"Packaging Product 01469",384,"raw_material",247,"packaging","EA","buy","Y",2026-09-20 09:31:58.225711Z
1470,"P001470",17,123.2700,"SKU-COP-001470",527,152.8600,"Copper Product 01470",3406,"raw_material",201,"copper","L","buy","Y",2026-09-20 09:31:58.225711Z
1471,"P001471",28,262.3100,"SKU-PAC-001471",731,343.9200,"Packaging Product 01471",2615,"raw_material",315,"packaging","EA","buy","Y",2026-09-20 09:31:58.225711Z
1472,"P001472",13,31.1300,"SKU-PLA-001472",1198,37.9700,"Plastic Product 01472",2441,"raw_material",45,"plastic","EA","buy","Y",2026-09-20 09:31:58.225711Z
1473,"P001473",11,63.5700,"SKU-ELE-001473",241,82.2800,"Electronic Components Product 01473",383,"raw_material",43,"electronic_components","EA","buy","Y",2026-09-20 09:31:58.225711Z
1474,"P001474",37,8.0400,"SKU-STE-001474",561,10.9800,"Steel Product 01474",3054,"raw_material",667,"steel","EA","buy","Y",2026-09-20 09:31:58.225711Z
1475,"P001475",27,27.3900,"SKU-STE-001475",1202,39.3800,"Steel Product 01475",375,"raw_material",367,"steel","EA","buy","Y",2026-09-20 09:31:58.225711Z
1476,"P001476",24,119.0000,"SKU-ALU-001476",614,144.6200,"Aluminium Product 01476",517,"raw_material",627,"aluminium","EA","buy","Y",2026-09-20 09:31:58.225711Z
1477,"P001477",16,52.6300,"SKU-PLA-001477",849,74.5200,"Plastic Product 01477",1077,"packaging",771,"plastic","EA","buy","Y",2026-09-20 09:31:58.225711Z
1478,"P001478",31,35.1200,"SKU-ALU-001478",1391,49.8100,"Aluminium Product 01478",1501,"raw_material",783,"aluminium","EA","buy","Y",2026-09-20 09:31:58.225711Z
1479,"P001479",8,55.7600,"SKU-FAS-001479",611,71.9400,"Fasteners Product 01479",920,"raw_material",309,"fasteners","EA","buy","Y",2026-09-20 09:31:58.225711Z
1480,"P001480",16,80.2600,"SKU-PLA-001480",1316,107.2800,"Plastic Product 01480",3176,"raw_material",391,"plastic","EA","buy","Y",2026-09-20 09:31:58.225711Z
1481,"P001481",14,323.0700,"SKU-COP-001481",962,464.9000,"Copper Product 01481",2510,"raw_material",720,"copper","EA","buy","Y",2026-09-20 09:31:58.225711Z
1482,"P001482",13,128.9500,"SKU-ELE-001482",1237,176.0300,"Electronic Components Product 01482",2337,"raw_material",275,"electronic_components","EA","buy","Y",2026-09-20 09:31:58.225711Z
1483,"P001483",19,103.3500,"SKU-ELE-001483",823,125.6900,"Electronic Components Product 01483",2379,"raw_material",97,"electronic_components","EA","buy","Y",2026-09-20 09:31:58.225711Z
1484,"P001484",26,39.4300,"SKU-STE-001484",1316,55.2200,"Steel Product 01484",3188,"packaging",202,"steel","EA","buy","Y",2026-09-20 09:31:58.225711Z
1485,"P001485",15,106.4000,"SKU-COP-001485",185,129.7800,"Copper Product 01485",232,"raw_material",610,"copper","EA","buy","Y",2026-09-20 09:31:58.225711Z
1486,"P001486",22,52.8200,"SKU-ELE-001486",830,59.1400,"Electronic Components Product 01486",3109,"raw_material",563,"electronic_components","EA","buy","Y",2026-09-20 09:31:58.225711Z
1487,"P001487",16,43.5800,"SKU-COP-001487",231,59.9300,"Copper Product 01487",492,"raw_material",212,"copper","EA","buy","Y",2026-09-20 09:31:58.225711Z
1488,"P001488",29,401.4200,"SKU-PLA-001488",910,445.7700,"Plastic Product 01488",1796,"raw_material",370,"plastic","EA","buy","Y",2026-09-20 09:31:58.225711Z
1489,"P001489",21,143.6300,"SKU-ALU-001489",1253,166.0800,"Aluminium Product 01489",546,"raw_material",457,"aluminium","EA","buy","Y",2026-09-20 09:31:58.225711Z
1490,"P001490",9,19.6600,"SKU-PAC-001490",976,23.7900,"Packaging Product 01490",206,"raw_material",710,"packaging","EA","buy","Y",2026-09-20 09:31:58.225711Z
1491,"P001491",33,93.1200,"SKU-STE-001491",1368,120.3500,"Steel Product 01491",1920,"packaging",450,"steel","EA","buy","Y",2026-09-20 09:31:58.225711Z
1492,"P001492",6,33.4800,"SKU-ALU-001492",545,41.5600,"Aluminium Product 01492",784,"raw_material",564,"aluminium","KG","buy","Y",2026-09-20 09:31:58.225711Z
1493,"P001493",24,105.9400,"SKU-COP-001493",109,120.1000,"Copper Product 01493",3154,"raw_material",706,"copper","KG","buy","Y",2026-09-20 09:31:58.225711Z
1494,"P001494",4,72.3500,"SKU-COP-001494",593,104.7300,"Copper Product 01494",2331,"raw_material",317,"copper","KG","buy","Y",2026-09-20 09:31:58.225711Z
1495,"P001495",19,82.2800,"SKU-FAS-001495",1297,99.2700,"Fasteners Product 01495",388,"packaging",202,"fasteners","M","buy","Y",2026-09-20 09:31:58.225711Z
1496,"P001496",37,386.6100,"SKU-PLA-001496",1245,452.4000,"Plastic Product 01496",343,"raw_material",222,"plastic","EA","buy","Y",2026-09-20 09:31:58.225711Z
1497,"P001497",8,34.3700,"SKU-STE-001497",895,45.5100,"Steel Product 01497",497,"raw_material",576,"steel","M","buy","Y",2026-09-20 09:31:58.225711Z
1498,"P001498",4,46.6000,"SKU-PLA-001498",880,56.3900,"Plastic Product 01498",3256,"raw_material",322,"plastic","EA","buy","Y",2026-09-20 09:31:58.225711Z
1499,"P001499",34,106.6700,"SKU-ELE-001499",340,119.1100,"Electronic Components Product 01499",2371,"raw_material",616,"electronic_components","EA","buy","Y",2026-09-20 09:31:58.225711Z
1500,"P001500",16,42.0000,"SKU-STE-001500",1250,60.2300,"Steel Product 01500",3256,"raw_material",344,"steel","EA","buy","Y",2026-09-20 09:31:58.225711Z
1501,"P001501",20,37.2100,"SKU-COP-001501",1167,49.5200,"Copper Product 01501",1626,"raw_material",139,"copper","EA","buy","Y",2026-09-20 09:31:58.225711Z
1502,"P001502",28,61.3000,"SKU-STE-001502",1082,88.5700,"Steel Product 01502",401,"raw_material",702,"steel","EA","buy","Y",2026-09-20 09:31:58.225711Z
1503,"P001503",35,67.8700,"SKU-ALU-001503",1433,75.3300,"Aluminium Product 01503",1952,"packaging",439,"aluminium","EA","buy","Y",2026-09-20 09:31:58.225711Z
1504,"P001504",10,55.6000,"SKU-STE-001504",1220,76.0200,"Steel Product 01504",739,"raw_material",108,"steel","M","buy","Y",2026-09-20 09:31:58.225711Z
1505,"P001505",25,48.3700,"SKU-STE-001505",429,56.3600,"Steel Product 01505",920,"raw_material",85,"steel","M","buy","Y",2026-09-20 09:31:58.225711Z
1506,"P001506",34,36.1300,"SKU-STE-001506",328,50.2700,"Steel Product 01506",2874,"raw_material",742,"steel","EA","buy","Y",2026-09-20 09:31:58.225711Z
1507,"P001507",10,31.0700,"SKU-FAS-001507",514,35.8000,"Fasteners Product 01507",2214,"raw_material",386,"fasteners","EA","buy","Y",2026-09-20 09:31:58.225711Z
1508,"P001508",22,54.9300,"SKU-STE-001508",1026,60.4600,"Steel Product 01508",3314,"raw_material",209,"steel","EA","buy","Y",2026-09-20 09:31:58.225711Z
1509,"P001509",28,42.8600,"SKU-PLA-001509",706,60.9300,"Plastic Product 01509",3347,"raw_material",406,"plastic","KG","buy","Y",2026-09-20 09:31:58.225711Z
1510,"P001510",19,82.4100,"SKU-ELE-001510",325,99.0700,"Electronic Components Product 01510",1437,"raw_material",472,"electronic_components","EA","buy","Y",2026-09-20 09:31:58.225711Z
1511,"P001511",14,26.5800,"SKU-ALU-001511",992,31.9500,"Aluminium Product 01511",182,"raw_material",514,"aluminium","EA","buy","Y",2026-09-20 09:31:58.225711Z
1512,"P001512",17,137.3000,"SKU-PLA-001512",1465,149.5500,"Plastic Product 01512",574,"raw_material",375,"plastic","EA","buy","Y",2026-09-20 09:31:58.225711Z
1513,"P001513",27,150.4400,"SKU-COP-001513",563,177.7800,"Copper Product 01513",1690,"raw_material",790,"copper","KG","buy","Y",2026-09-20 09:31:58.225711Z
1514,"P001514",15,81.9500,"SKU-ALU-001514",1117,99.3500,"Aluminium Product 01514",3397,"raw_material",660,"aluminium","EA","buy","Y",2026-09-20 09:31:58.225711Z
1515,"P001515",29,23.3800,"SKU-STE-001515",711,26.6000,"Steel Product 01515",2373,"raw_material",209,"steel","EA","buy","Y",2026-09-20 09:31:58.225711Z
1516,"P001516",17,70.0600,"SKU-STE-001516",79,76.1500,"Steel Product 01516",3165,"raw_material",315,"steel","EA","buy","Y",2026-09-20 09:31:58.225711Z
1517,"P001517",30,112.0900,"SKU-PLA-001517",959,158.9400,"Plastic Product 01517",1988,"raw_material",262,"plastic","KG","buy","Y",2026-09-20 09:31:58.225711Z
1518,"P001518",19,43.5300,"SKU-ALU-001518",715,47.1900,"Aluminium Product 01518",2030,"raw_material",319,"aluminium","EA","buy","Y",2026-09-20 09:31:58.225711Z
1519,"P001519",26,77.7800,"SKU-ALU-001519",678,98.4800,"Aluminium Product 01519",2348,"packaging",657,"aluminium","EA","buy","Y",2026-09-20 09:31:58.225711Z
1520,"P001520",19,89.7600,"SKU-ALU-001520",992,118.8500,"Aluminium Product 01520",428,"raw_material",687,"aluminium","EA","buy","Y",2026-09-20 09:31:58.225711Z
1521,"P001521",10,121.2700,"SKU-ELE-001521",781,152.4700,"Electronic Components Product 01521",400,"packaging",197,"electronic_components","EA","buy","Y",2026-09-20 09:31:58.225711Z
1522,"P001522",36,26.5800,"SKU-STE-001522",1056,36.9000,"Steel Product 01522",2020,"raw_material",262,"steel","EA","buy","Y",2026-09-20 09:31:58.225711Z
1523,"P001523",38,64.3700,"SKU-COP-001523",347,78.3400,"Copper Product 01523",2539,"packaging",65,"copper","EA","buy","Y",2026-09-20 09:31:58.225711Z
1524,"P001524",23,212.7300,"SKU-PLA-001524",256,244.8400,"Plastic Product 01524",2064,"raw_material",218,"plastic","EA","buy","Y",2026-09-20 09:31:58.225711Z
1525,"P001525",13,134.5800,"SKU-PAC-001525",85,147.6200,"Packaging Product 01525",985,"raw_material",30,"packaging","EA","buy","Y",2026-09-20 09:31:58.225711Z
1526,"P001526",32,53.8300,"SKU-ELE-001526",1020,65.7200,"Electronic Components Product 01526",362,"raw_material",276,"electronic_components","EA","buy","Y",2026-09-20 09:31:58.225711Z
1527,"P001527",27,46.4400,"SKU-FAS-001527",1045,66.3900,"Fasteners Product 01527",2069,"raw_material",149,"fasteners","EA","buy","Y",2026-09-20 09:31:58.225711Z
1528,"P001528",26,107.4300,"SKU-ELE-001528",1287,134.8500,"Electronic Components Product 01528",2885,"raw_material",11,"electronic_components","EA","buy","Y",2026-09-20 09:31:58.225711Z
1529,"P001529",19,98.1800,"SKU-STE-001529",601,124.5200,"Steel Product 01529",2934,"raw_material",438,"steel","EA","buy","Y",2026-09-20 09:31:58.225711Z
1530,"P001530",15,66.7100,"SKU-COP-001530",261,93.0900,"Copper Product 01530",3174,"raw_material",328,"copper","EA","buy","Y",2026-09-20 09:31:58.225711Z
1531,"P001531",29,121.7700,"SKU-PAC-001531",32,140.6400,"Packaging Product 01531",789,"raw_material",538,"packaging","EA","buy","Y",2026-09-20 09:31:58.225711Z
1532,"P001532",13,47.3000,"SKU-STE-001532",1335,62.9100,"Steel Product 01532",2007,"raw_material",626,"steel","KG","buy","Y",2026-09-20 09:31:58.225711Z
1533,"P001533",15,17.9000,"SKU-STE-001533",392,21.5200,"Steel Product 01533",338,"raw_material",411,"steel","EA","buy","Y",2026-09-20 09:31:58.225711Z
1534,"P001534",10,53.6800,"SKU-ALU-001534",634,65.8300,"Aluminium Product 01534",2473,"raw_material",89,"aluminium","EA","buy","Y",2026-09-20 09:31:58.225711Z
1535,"P001535",29,22.3700,"SKU-ELE-001535",900,28.5500,"Electronic Components Product 01535",2588,"raw_material",619,"electronic_components","EA","buy","Y",2026-09-20 09:31:58.225711Z
1536,"P001536",4,103.0100,"SKU-ELE-001536",430,113.7700,"Electronic Components Product 01536",2886,"raw_material",578,"electronic_components","EA","buy","Y",2026-09-20 09:31:58.225711Z
1537,"P001537",38,61.0000,"SKU-COP-001537",305,66.9300,"Copper Product 01537",2108,"raw_material",230,"copper","EA","buy","Y",2026-09-20 09:31:58.225711Z
1538,"P001538",13,29.8400,"SKU-STE-001538",1328,33.2800,"Steel Product 01538",216,"raw_material",53,"steel","EA","buy","Y",2026-09-20 09:31:58.225711Z
1539,"P001539",31,45.3300,"SKU-STE-001539",1184,54.5700,"Steel Product 01539",1618,"packaging",109,"steel","EA","buy","Y",2026-09-20 09:31:58.225711Z
1540,"P001540",23,80.5600,"SKU-ELE-001540",974,96.0700,"Electronic Components Product 01540",560,"raw_material",775,"electronic_components","EA","buy","Y",2026-09-20 09:31:58.225711Z
1541,"P001541",27,175.4100,"SKU-PLA-001541",355,224.3100,"Plastic Product 01541",1073,"raw_material",776,"plastic","EA","buy","Y",2026-09-20 09:31:58.225711Z
1542,"P001542",20,95.0200,"SKU-FAS-001542",744,125.9400,"Fasteners Product 01542",1509,"raw_material",616,"fasteners","EA","buy","Y",2026-09-20 09:31:58.225711Z
1543,"P001543",17,65.2700,"SKU-PAC-001543",700,89.3600,"Packaging Product 01543",1237,"raw_material",126,"packaging","KG","buy","Y",2026-09-20 09:31:58.225711Z
1544,"P001544",8,128.2800,"SKU-COP-001544",181,184.6500,"Copper Product 01544",3468,"raw_material",417,"copper","EA","buy","Y",2026-09-20 09:31:58.225711Z
1545,"P001545",33,51.1200,"SKU-PLA-001545",359,61.3700,"Plastic Product 01545",3313,"raw_material",401,"plastic","KG","buy","Y",2026-09-20 09:31:58.225711Z
1546,"P001546",35,62.4200,"SKU-ELE-001546",171,68.5400,"Electronic Components Product 01546",454,"raw_material",623,"electronic_components","EA","buy","Y",2026-09-20 09:31:58.225711Z
1547,"P001547",36,48.4300,"SKU-ALU-001547",1164,55.2500,"Aluminium Product 01547",2634,"raw_material",408,"aluminium","EA","buy","Y",2026-09-20 09:31:58.225711Z
1548,"P001548",33,146.3300,"SKU-STE-001548",1011,171.9000,"Steel Product 01548",1744,"raw_material",705,"steel","EA","buy","Y",2026-09-20 09:31:58.225711Z
1549,"P001549",18,33.2100,"SKU-ELE-001549",1306,39.3300,"Electronic Components Product 01549",1796,"raw_material",651,"electronic_components","EA","buy","Y",2026-09-20 09:31:58.225711Z
1550,"P001550",12,85.9300,"SKU-PLA-001550",771,121.2200,"Plastic Product 01550",2431,"raw_material",171,"plastic","EA","buy","Y",2026-09-20 09:31:58.225711Z
1551,"P001551",18,65.9000,"SKU-STE-001551",521,77.3900,"Steel Product 01551",3085,"raw_material",450,"steel","EA","buy","Y",2026-09-20 09:31:58.225711Z
1552,"P001552",8,80.6800,"SKU-FAS-001552",205,108.9600,"Fasteners Product 01552",2181,"raw_material",307,"fasteners","EA","buy","Y",2026-09-20 09:31:58.225711Z
1553,"P001553",21,53.3600,"SKU-ELE-001553",1213,72.7100,"Electronic Components Product 01553",991,"raw_material",363,"electronic_components","EA","buy","Y",2026-09-20 09:31:58.225711Z
1554,"P001554",36,107.1600,"SKU-ELE-001554",1048,133.5800,"Electronic Components Product 01554",3139,"raw_material",579,"electronic_components","EA","buy","Y",2026-09-20 09:31:58.225711Z
1555,"P001555",30,37.9100,"SKU-STE-001555",1484,47.4300,"Steel Product 01555",3267,"raw_material",778,"steel","EA","buy","Y",2026-09-20 09:31:58.225711Z
1556,"P001556",18,35.9000,"SKU-PLA-001556",345,45.1500,"Plastic Product 01556",145,"packaging",533,"plastic","KG","buy","Y",2026-09-20 09:31:58.225711Z
1557,"P001557",22,45.3100,"SKU-STE-001557",1161,60.5300,"Steel Product 01557",965,"raw_material",376,"steel","EA","buy","Y",2026-09-20 09:31:58.225711Z
1558,"P001558",19,99.9200,"SKU-ALU-001558",542,140.4300,"Aluminium Product 01558",3291,"raw_material",759,"aluminium","EA","buy","Y",2026-09-20 09:31:58.225711Z
1559,"P001559",28,40.4800,"SKU-STE-001559",25,47.7000,"Steel Product 01559",3239,"raw_material",734,"steel","KG","buy","Y",2026-09-20 09:31:58.225711Z
1560,"P001560",18,119.1700,"SKU-ALU-001560",768,160.2400,"Aluminium Product 01560",1506,"raw_material",648,"aluminium","EA","buy","Y",2026-09-20 09:31:58.225711Z
1561,"P001561",33,56.0800,"SKU-COP-001561",1345,66.0100,"Copper Product 01561",912,"raw_material",204,"copper","EA","buy","Y",2026-09-20 09:31:58.225711Z
1562,"P001562",13,274.2500,"SKU-PLA-001562",710,326.4500,"Plastic Product 01562",186,"raw_material",707,"plastic","KG","buy","Y",2026-09-20 09:31:58.225711Z
1563,"P001563",8,260.0100,"SKU-STE-001563",891,357.4100,"Steel Product 01563",1333,"raw_material",94,"steel","EA","buy","Y",2026-09-20 09:31:58.225711Z
1564,"P001564",10,40.8200,"SKU-PLA-001564",1023,45.9500,"Plastic Product 01564",3039,"raw_material",194,"plastic","EA","buy","Y",2026-09-20 09:31:58.225711Z
1565,"P001565",30,32.9100,"SKU-FAS-001565",893,37.1300,"Fasteners Product 01565",246,"raw_material",520,"fasteners","EA","buy","Y",2026-09-20 09:31:58.225711Z
1566,"P001566",8,133.7300,"SKU-ALU-001566",804,163.6500,"Aluminium Product 01566",1805,"raw_material",565,"aluminium","EA","buy","Y",2026-09-20 09:31:58.225711Z
1567,"P001567",36,104.2500,"SKU-ELE-001567",1424,135.4400,"Electronic Components Product 01567",1636,"raw_material",59,"electronic_components","EA","buy","Y",2026-09-20 09:31:58.225711Z
1568,"P001568",7,26.9400,"SKU-FAS-001568",450,34.2000,"Fasteners Product 01568",596,"raw_material",142,"fasteners","EA","buy","Y",2026-09-20 09:31:58.225711Z
1569,"P001569",29,56.7000,"SKU-PLA-001569",1144,66.8700,"Plastic Product 01569",102,"raw_material",248,"plastic","EA","buy","Y",2026-09-20 09:31:58.225711Z
1570,"P001570",6,66.6800,"SKU-FAS-001570",1002,74.5200,"Fasteners Product 01570",844,"packaging",91,"fasteners","M","buy","Y",2026-09-20 09:31:58.225711Z
1571,"P001571",15,193.0700,"SKU-ELE-001571",532,229.4700,"Electronic Components Product 01571",3145,"raw_material",160,"electronic_components","EA","buy","Y",2026-09-20 09:31:58.225711Z
1572,"P001572",14,97.8300,"SKU-PAC-001572",171,114.5800,"Packaging Product 01572",3056,"raw_material",601,"packaging","EA","buy","Y",2026-09-20 09:31:58.225711Z
1573,"P001573",29,41.2100,"SKU-FAS-001573",991,53.9200,"Fasteners Product 01573",832,"raw_material",566,"fasteners","EA","buy","Y",2026-09-20 09:31:58.225711Z
1574,"P001574",12,55.0100,"SKU-PLA-001574",133,67.2700,"Plastic Product 01574",3344,"raw_material",125,"plastic","EA","buy","Y",2026-09-20 09:31:58.225711Z
1575,"P001575",12,21.9800,"SKU-STE-001575",549,25.7900,"Steel Product 01575",3470,"raw_material",122,"steel","KG","buy","Y",2026-09-20 09:31:58.225711Z
1576,"P001576",33,41.3700,"SKU-STE-001576",1062,55.3800,"Steel Product 01576",894,"raw_material",349,"steel","EA","buy","Y",2026-09-20 09:31:58.225711Z
1577,"P001577",14,50.9000,"SKU-STE-001577",585,68.6400,"Steel Product 01577",1038,"raw_material",289,"steel","EA","buy","Y",2026-09-20 09:31:58.225711Z
1578,"P001578",36,142.0000,"SKU-ALU-001578",722,171.2000,"Aluminium Product 01578",1926,"raw_material",18,"aluminium","KG","buy","Y",2026-09-20 09:31:58.225711Z
1579,"P001579",8,26.9500,"SKU-COP-001579",947,37.2000,"Copper Product 01579",3009,"raw_material",727,"copper","EA","buy","Y",2026-09-20 09:31:58.225711Z
1580,"P001580",28,49.4200,"SKU-ELE-001580",417,67.0700,"Electronic Components Product 01580",270,"raw_material",504,"electronic_components","EA","buy","Y",2026-09-20 09:31:58.225711Z
1581,"P001581",31,50.1700,"SKU-PAC-001581",337,58.2100,"Packaging Product 01581",608,"raw_material",690,"packaging","EA","buy","Y",2026-09-20 09:31:58.225711Z
1582,"P001582",35,129.9000,"SKU-PLA-001582",1030,157.3500,"Plastic Product 01582",245,"packaging",729,"plastic","EA","buy","Y",2026-09-20 09:31:58.225711Z
1583,"P001583",4,54.2900,"SKU-STE-001583",294,61.2600,"Steel Product 01583",2574,"raw_material",443,"steel","EA","buy","Y",2026-09-20 09:31:58.225711Z
1584,"P001584",26,118.6800,"SKU-PLA-001584",520,150.6500,"Plastic Product 01584",2809,"packaging",361,"plastic","EA","buy","Y",2026-09-20 09:31:58.225711Z
1585,"P001585",10,84.1800,"SKU-PLA-001585",115,98.2300,"Plastic Product 01585",1866,"raw_material",156,"plastic","EA","buy","Y",2026-09-20 09:31:58.225711Z
1586,"P001586",23,87.3400,"SKU-STE-001586",717,123.3700,"Steel Product 01586",2058,"raw_material",164,"steel","EA","buy","Y",2026-09-20 09:31:58.225711Z
1587,"P001587",9,58.9300,"SKU-ELE-001587",740,76.3500,"Electronic Components Product 01587",2700,"raw_material",356,"electronic_components","M","buy","Y",2026-09-20 09:31:58.225711Z
1588,"P001588",5,156.5000,"SKU-STE-001588",812,178.0300,"Steel Product 01588",968,"raw_material",449,"steel","EA","buy","Y",2026-09-20 09:31:58.225711Z
1589,"P001589",31,172.5600,"SKU-COP-001589",1007,197.5200,"Copper Product 01589",1086,"raw_material",638,"copper","EA","buy","Y",2026-09-20 09:31:58.225711Z
1590,"P001590",6,51.8100,"SKU-STE-001590",723,62.9100,"Steel Product 01590",1127,"raw_material",480,"steel","EA","buy","Y",2026-09-20 09:31:58.225711Z
1591,"P001591",12,41.9800,"SKU-ALU-001591",100,46.3200,"Aluminium Product 01591",2401,"raw_material",500,"aluminium","L","buy","Y",2026-09-20 09:31:58.225711Z
1592,"P001592",23,313.6400,"SKU-FAS-001592",1429,342.5400,"Fasteners Product 01592",1530,"raw_material",216,"fasteners","EA","buy","Y",2026-09-20 09:31:58.225711Z
1593,"P001593",32,85.0100,"SKU-FAS-001593",915,119.8700,"Fasteners Product 01593",325,"raw_material",81,"fasteners","EA","buy","Y",2026-09-20 09:31:58.225711Z
1594,"P001594",7,60.1300,"SKU-STE-001594",1306,82.2900,"Steel Product 01594",2375,"raw_material",181,"steel","EA","buy","Y",2026-09-20 09:31:58.225711Z
1595,"P001595",32,54.8100,"SKU-FAS-001595",1406,76.2200,"Fasteners Product 01595",943,"raw_material",649,"fasteners","EA","buy","Y",2026-09-20 09:31:58.225711Z
1596,"P001596",25,57.7800,"SKU-PLA-001596",281,82.6300,"Plastic Product 01596",1529,"raw_material",627,"plastic","EA","buy","Y",2026-09-20 09:31:58.225711Z
1597,"P001597",24,48.5600,"SKU-COP-001597",429,61.0700,"Copper Product 01597",1322,"raw_material",281,"copper","EA","buy","Y",2026-09-20 09:31:58.225711Z
1598,"P001598",24,266.8800,"SKU-STE-001598",783,292.8600,"Steel Product 01598",1653,"raw_material",606,"steel","EA","buy","Y",2026-09-20 09:31:58.225711Z
1599,"P001599",8,162.6700,"SKU-ALU-001599",1233,223.8700,"Aluminium Product 01599",925,"packaging",431,"aluminium","EA","buy","Y",2026-09-20 09:31:58.225711Z
1600,"P001600",30,34.6100,"SKU-STE-001600",868,47.6700,"Steel Product 01600",2921,"raw_material",603,"steel","EA","buy","Y",2026-09-20 09:31:58.225711Z
1601,"P001601",14,59.8700,"SKU-PAC-001601",919,70.9600,"Packaging Product 01601",2308,"raw_material",36,"packaging","KG","buy","Y",2026-09-20 09:31:58.225711Z
1602,"P001602",31,87.7100,"SKU-COP-001602",1196,95.1600,"Copper Product 01602",483,"raw_material",157,"copper","EA","buy","Y",2026-09-20 09:31:58.225711Z
1603,"P001603",26,27.3000,"SKU-PLA-001603",1192,33.4500,"Plastic Product 01603",3142,"packaging",463,"plastic","EA","buy","Y",2026-09-20 09:31:58.225711Z
1604,"P001604",32,34.0900,"SKU-PAC-001604",1141,39.0300,"Packaging Product 01604",1802,"raw_material",622,"packaging","KG","buy","Y",2026-09-20 09:31:58.225711Z
1605,"P001605",23,54.0800,"SKU-STE-001605",704,68.6300,"Steel Product 01605",1910,"raw_material",675,"steel","EA","buy","Y",2026-09-20 09:31:58.225711Z
1606,"P001606",37,30.4800,"SKU-PLA-001606",628,42.0800,"Plastic Product 01606",3405,"raw_material",290,"plastic","EA","buy","Y",2026-09-20 09:31:58.225711Z
1607,"P001607",31,40.5000,"SKU-PLA-001607",1149,51.5700,"Plastic Product 01607",166,"raw_material",458,"plastic","EA","buy","Y",2026-09-20 09:31:58.225711Z
1608,"P001608",26,49.5500,"SKU-ELE-001608",221,63.3100,"Electronic Components Product 01608",366,"raw_material",634,"electronic_components","EA","buy","Y",2026-09-20 09:31:58.225711Z
1609,"P001609",25,143.8300,"SKU-ALU-001609",1226,181.3900,"Aluminium Product 01609",2156,"raw_material",783,"aluminium","EA","buy","Y",2026-09-20 09:31:58.225711Z
1610,"P001610",33,65.1500,"SKU-PLA-001610",1015,92.2700,"Plastic Product 01610",2642,"raw_material",688,"plastic","M","buy","Y",2026-09-20 09:31:58.225711Z
1611,"P001611",26,76.1000,"SKU-STE-001611",245,106.9700,"Steel Product 01611",2200,"raw_material",789,"steel","EA","buy","Y",2026-09-20 09:31:58.225711Z
1612,"P001612",23,88.1900,"SKU-STE-001612",1380,114.7000,"Steel Product 01612",1788,"raw_material",446,"steel","EA","buy","Y",2026-09-20 09:31:58.225711Z
1613,"P001613",6,9.8700,"SKU-STE-001613",646,12.0900,"Steel Product 01613",2992,"packaging",773,"steel","KG","buy","Y",2026-09-20 09:31:58.225711Z
1614,"P001614",29,73.8800,"SKU-COP-001614",647,86.2000,"Copper Product 01614",764,"packaging",418,"copper","EA","buy","Y",2026-09-20 09:31:58.225711Z
1615,"P001615",31,138.0300,"SKU-STE-001615",788,156.3600,"Steel Product 01615",2103,"raw_material",686,"steel","EA","buy","Y",2026-09-20 09:31:58.225711Z
1616,"P001616",29,52.7200,"SKU-PAC-001616",586,67.0400,"Packaging Product 01616",2476,"raw_material",63,"packaging","EA","buy","Y",2026-09-20 09:31:58.225711Z
1617,"P001617",15,118.3600,"SKU-PAC-001617",385,135.0100,"Packaging Product 01617",1907,"raw_material",416,"packaging","EA","buy","Y",2026-09-20 09:31:58.225711Z
1618,"P001618",26,148.0900,"SKU-STE-001618",482,209.4800,"Steel Product 01618",1275,"raw_material",252,"steel","EA","buy","Y",2026-09-20 09:31:58.225711Z
1619,"P001619",8,90.6800,"SKU-ALU-001619",1456,122.1300,"Aluminium Product 01619",1278,"raw_material",208,"aluminium","EA","buy","Y",2026-09-20 09:31:58.225711Z
1620,"P001620",18,8.0000,"SKU-PAC-001620",1116,9.9800,"Packaging Product 01620",560,"raw_material",218,"packaging","EA","buy","Y",2026-09-20 09:31:58.225711Z
1621,"P001621",25,19.9600,"SKU-ALU-001621",963,26.1100,"Aluminium Product 01621",467,"raw_material",788,"aluminium","EA","buy","Y",2026-09-20 09:31:58.225711Z
1622,"P001622",21,206.3800,"SKU-PLA-001622",121,294.0600,"Plastic Product 01622",1725,"raw_material",485,"plastic","EA","buy","Y",2026-09-20 09:31:58.225711Z
1623,"P001623",19,62.1800,"SKU-COP-001623",1398,83.7500,"Copper Product 01623",2735,"raw_material",797,"copper","EA","buy","Y",2026-09-20 09:31:58.225711Z
1624,"P001624",31,17.6000,"SKU-ALU-001624",80,21.6300,"Aluminium Product 01624",1848,"raw_material",572,"aluminium","M","buy","Y",2026-09-20 09:31:58.225711Z
1625,"P001625",37,47.1800,"SKU-PLA-001625",821,60.0500,"Plastic Product 01625",2059,"packaging",633,"plastic","EA","buy","Y",2026-09-20 09:31:58.225711Z
1626,"P001626",12,37.0400,"SKU-ALU-001626",970,53.2700,"Aluminium Product 01626",2851,"raw_material",235,"aluminium","EA","buy","Y",2026-09-20 09:31:58.225711Z
1627,"P001627",14,59.7700,"SKU-ELE-001627",1497,77.9400,"Electronic Components Product 01627",740,"raw_material",667,"electronic_components","EA","buy","Y",2026-09-20 09:31:58.225711Z
1628,"P001628",33,149.3300,"SKU-PLA-001628",1329,193.8900,"Plastic Product 01628",3314,"packaging",172,"plastic","EA","buy","Y",2026-09-20 09:31:58.225711Z
1629,"P001629",29,89.5700,"SKU-STE-001629",884,102.0400,"Steel Product 01629",908,"raw_material",527,"steel","KG","buy","Y",2026-09-20 09:31:58.225711Z
1630,"P001630",21,42.1300,"SKU-COP-001630",921,58.1900,"Copper Product 01630",1600,"raw_material",362,"copper","EA","buy","Y",2026-09-20 09:31:58.225711Z
1631,"P001631",15,49.0600,"SKU-PLA-001631",530,65.3500,"Plastic Product 01631",761,"raw_material",102,"plastic","KG","buy","Y",2026-09-20 09:31:58.225711Z
1632,"P001632",13,246.2800,"SKU-ELE-001632",407,304.4200,"Electronic Components Product 01632",3030,"raw_material",334,"electronic_components","EA","buy","Y",2026-09-20 09:31:58.225711Z
1633,"P001633",6,37.2000,"SKU-COP-001633",1358,50.2000,"Copper Product 01633",937,"raw_material",223,"copper","L","buy","Y",2026-09-20 09:31:58.225711Z
1634,"P001634",31,80.5400,"SKU-STE-001634",1104,89.5900,"Steel Product 01634",3285,"packaging",693,"steel","EA","buy","Y",2026-09-20 09:31:58.225711Z
1635,"P001635",36,24.4500,"SKU-STE-001635",1270,32.4500,"Steel Product 01635",1266,"raw_material",676,"steel","EA","buy","Y",2026-09-20 09:31:58.225711Z
1636,"P001636",5,39.5700,"SKU-ELE-001636",660,50.2200,"Electronic Components Product 01636",2141,"raw_material",549,"electronic_components","EA","buy","Y",2026-09-20 09:31:58.225711Z
1637,"P001637",15,46.5200,"SKU-ELE-001637",898,52.9700,"Electronic Components Product 01637",3234,"raw_material",548,"electronic_components","EA","buy","Y",2026-09-20 09:31:58.225711Z
1638,"P001638",13,66.1700,"SKU-FAS-001638",845,75.5400,"Fasteners Product 01638",2100,"raw_material",538,"fasteners","EA","buy","Y",2026-09-20 09:31:58.225711Z
1639,"P001639",33,39.7600,"SKU-ELE-001639",130,55.8600,"Electronic Components Product 01639",1850,"raw_material",723,"electronic_components","M","buy","Y",2026-09-20 09:31:58.225711Z
1640,"P001640",5,23.9400,"SKU-COP-001640",158,31.7200,"Copper Product 01640",795,"raw_material",205,"copper","EA","buy","Y",2026-09-20 09:31:58.225711Z
1641,"P001641",37,35.6900,"SKU-STE-001641",998,38.8200,"Steel Product 01641",2055,"packaging",540,"steel","EA","buy","Y",2026-09-20 09:31:58.225711Z
1642,"P001642",12,38.7900,"SKU-ALU-001642",311,45.6000,"Aluminium Product 01642",3353,"raw_material",757,"aluminium","EA","buy","Y",2026-09-20 09:31:58.225711Z
1643,"P001643",29,51.9700,"SKU-STE-001643",1276,62.7500,"Steel Product 01643",1304,"raw_material",138,"steel","EA","buy","Y",2026-09-20 09:31:58.225711Z
1644,"P001644",12,21.8400,"SKU-ELE-001644",113,24.1500,"Electronic Components Product 01644",2919,"raw_material",655,"electronic_components","KG","buy","Y",2026-09-20 09:31:58.225711Z
1645,"P001645",12,106.6900,"SKU-STE-001645",816,153.1200,"Steel Product 01645",458,"raw_material",615,"steel","EA","buy","Y",2026-09-20 09:31:58.225711Z
1646,"P001646",23,37.8800,"SKU-PLA-001646",346,51.3500,"Plastic Product 01646",1979,"raw_material",116,"plastic","L","buy","Y",2026-09-20 09:31:58.225711Z
1647,"P001647",8,112.1500,"SKU-PAC-001647",763,125.5000,"Packaging Product 01647",415,"packaging",28,"packaging","EA","buy","Y",2026-09-20 09:31:58.225711Z
1648,"P001648",19,42.0200,"SKU-STE-001648",599,51.2300,"Steel Product 01648",2791,"raw_material",130,"steel","EA","buy","Y",2026-09-20 09:31:58.225711Z
1649,"P001649",12,97.4700,"SKU-ALU-001649",1031,134.6800,"Aluminium Product 01649",3180,"raw_material",572,"aluminium","KG","buy","Y",2026-09-20 09:31:58.225711Z
1650,"P001650",13,34.0300,"SKU-ALU-001650",775,36.9300,"Aluminium Product 01650",1571,"raw_material",251,"aluminium","EA","buy","Y",2026-09-20 09:31:58.225711Z
1651,"P001651",8,92.0000,"SKU-PLA-001651",210,131.3600,"Plastic Product 01651",1954,"raw_material",763,"plastic","EA","buy","Y",2026-09-20 09:31:58.225711Z
1652,"P001652",11,97.7700,"SKU-FAS-001652",122,131.4700,"Fasteners Product 01652",1071,"packaging",550,"fasteners","KG","buy","Y",2026-09-20 09:31:58.225711Z
1653,"P001653",32,226.5400,"SKU-PLA-001653",1253,290.0100,"Plastic Product 01653",344,"raw_material",503,"plastic","EA","buy","Y",2026-09-20 09:31:58.225711Z
1654,"P001654",34,46.9100,"SKU-ALU-001654",1248,53.8600,"Aluminium Product 01654",2479,"raw_material",507,"aluminium","KG","buy","Y",2026-09-20 09:31:58.225711Z
1655,"P001655",24,52.1100,"SKU-ALU-001655",784,68.9800,"Aluminium Product 01655",1679,"raw_material",361,"aluminium","EA","buy","Y",2026-09-20 09:31:58.225711Z
1656,"P001656",25,49.7200,"SKU-PLA-001656",716,65.0900,"Plastic Product 01656",699,"raw_material",696,"plastic","EA","buy","Y",2026-09-20 09:31:58.225711Z
1657,"P001657",18,101.8400,"SKU-STE-001657",739,114.8900,"Steel Product 01657",311,"raw_material",441,"steel","EA","buy","Y",2026-09-20 09:31:58.225711Z
1658,"P001658",29,171.8400,"SKU-COP-001658",644,217.2000,"Copper Product 01658",564,"raw_material",247,"copper","EA","buy","Y",2026-09-20 09:31:58.225711Z
1659,"P001659",17,125.3200,"SKU-ELE-001659",912,138.1200,"Electronic Components Product 01659",2111,"raw_material",237,"electronic_components","EA","buy","Y",2026-09-20 09:31:58.225711Z
1660,"P001660",6,70.5200,"SKU-ALU-001660",741,95.8400,"Aluminium Product 01660",2091,"raw_material",346,"aluminium","EA","buy","Y",2026-09-20 09:31:58.225711Z
1661,"P001661",28,27.3900,"SKU-ALU-001661",330,39.5200,"Aluminium Product 01661",1826,"raw_material",387,"aluminium","KG","buy","Y",2026-09-20 09:31:58.225711Z
1662,"P001662",27,197.9900,"SKU-STE-001662",388,225.5100,"Steel Product 01662",3063,"raw_material",596,"steel","KG","buy","Y",2026-09-20 09:31:58.225711Z
1663,"P001663",37,186.6200,"SKU-ALU-001663",496,249.3800,"Aluminium Product 01663",3335,"raw_material",110,"aluminium","M","buy","Y",2026-09-20 09:31:58.225711Z
1664,"P001664",23,110.8900,"SKU-ELE-001664",156,146.1600,"Electronic Components Product 01664",1006,"raw_material",534,"electronic_components","EA","buy","Y",2026-09-20 09:31:58.225711Z
1665,"P001665",31,49.9700,"SKU-PLA-001665",1429,53.9800,"Plastic Product 01665",2516,"raw_material",442,"plastic","EA","buy","Y",2026-09-20 09:31:58.225711Z
1666,"P001666",18,76.5700,"SKU-ELE-001666",175,87.1400,"Electronic Components Product 01666",697,"raw_material",402,"electronic_components","EA","buy","Y",2026-09-20 09:31:58.225711Z
1667,"P001667",7,49.9100,"SKU-STE-001667",1487,71.9400,"Steel Product 01667",885,"packaging",306,"steel","EA","buy","Y",2026-09-20 09:31:58.225711Z
1668,"P001668",17,20.0300,"SKU-FAS-001668",552,23.7300,"Fasteners Product 01668",1601,"raw_material",500,"fasteners","EA","buy","Y",2026-09-20 09:31:58.225711Z
1669,"P001669",33,44.6000,"SKU-COP-001669",942,60.4400,"Copper Product 01669",1921,"packaging",722,"copper","L","buy","Y",2026-09-20 09:31:58.225711Z
1670,"P001670",11,66.0700,"SKU-STE-001670",351,86.9700,"Steel Product 01670",2476,"packaging",372,"steel","EA","buy","Y",2026-09-20 09:31:58.225711Z
1671,"P001671",5,71.0900,"SKU-ALU-001671",239,101.9500,"Aluminium Product 01671",1368,"raw_material",187,"aluminium","EA","buy","Y",2026-09-20 09:31:58.225711Z
1672,"P001672",13,273.5000,"SKU-PAC-001672",1285,336.3900,"Packaging Product 01672",331,"raw_material",525,"packaging","EA","buy","Y",2026-09-20 09:31:58.225711Z
1673,"P001673",20,59.8300,"SKU-STE-001673",722,84.9000,"Steel Product 01673",3461,"raw_material",165,"steel","EA","buy","Y",2026-09-20 09:31:58.225711Z
1674,"P001674",5,87.6800,"SKU-STE-001674",1171,125.8300,"Steel Product 01674",763,"raw_material",469,"steel","M","buy","Y",2026-09-20 09:31:58.225711Z
1675,"P001675",28,264.6300,"SKU-ALU-001675",1012,349.1300,"Aluminium Product 01675",3073,"raw_material",702,"aluminium","EA","buy","Y",2026-09-20 09:31:58.225711Z
1676,"P001676",12,95.7900,"SKU-PLA-001676",1024,109.7400,"Plastic Product 01676",1168,"raw_material",183,"plastic","KG","buy","Y",2026-09-20 09:31:58.225711Z
1677,"P001677",9,85.1700,"SKU-ELE-001677",1306,97.2900,"Electronic Components Product 01677",1502,"raw_material",315,"electronic_components","EA","buy","Y",2026-09-20 09:31:58.225711Z
1678,"P001678",17,314.1900,"SKU-ELE-001678",900,407.0700,"Electronic Components Product 01678",1903,"raw_material",22,"electronic_components","EA","buy","Y",2026-09-20 09:31:58.225711Z
1679,"P001679",8,65.7300,"SKU-PLA-001679",974,89.1300,"Plastic Product 01679",3379,"raw_material",75,"plastic","M","buy","Y",2026-09-20 09:31:58.225711Z
1680,"P001680",7,37.6900,"SKU-ALU-001680",917,44.3800,"Aluminium Product 01680",961,"raw_material",343,"aluminium","KG","buy","Y",2026-09-20 09:31:58.225711Z
1681,"P001681",28,234.4200,"SKU-COP-001681",1126,281.2700,"Copper Product 01681",1312,"raw_material",368,"copper","EA","buy","Y",2026-09-20 09:31:58.225711Z
1682,"P001682",19,14.5600,"SKU-PLA-001682",113,20.0100,"Plastic Product 01682",1351,"raw_material",518,"plastic","EA","buy","Y",2026-09-20 09:31:58.225711Z
1683,"P001683",16,64.0300,"SKU-COP-001683",1081,70.7900,"Copper Product 01683",2647,"raw_material",86,"copper","L","buy","Y",2026-09-20 09:31:58.225711Z
1684,"P001684",8,86.9600,"SKU-ELE-001684",341,115.1300,"Electronic Components Product 01684",1104,"packaging",455,"electronic_components","EA","buy","Y",2026-09-20 09:31:58.225711Z
1685,"P001685",12,37.2700,"SKU-ALU-001685",660,52.4000,"Aluminium Product 01685",2056,"raw_material",269,"aluminium","EA","buy","Y",2026-09-20 09:31:58.225711Z
1686,"P001686",12,44.3200,"SKU-ALU-001686",73,51.0300,"Aluminium Product 01686",3225,"packaging",573,"aluminium","EA","buy","Y",2026-09-20 09:31:58.225711Z
1687,"P001687",28,114.6300,"SKU-PAC-001687",785,128.0900,"Packaging Product 01687",1306,"raw_material",330,"packaging","L","buy","Y",2026-09-20 09:31:58.225711Z
1688,"P001688",24,35.7400,"SKU-STE-001688",36,48.4000,"Steel Product 01688",1931,"raw_material",554,"steel","EA","buy","Y",2026-09-20 09:31:58.225711Z
1689,"P001689",24,81.3600,"SKU-ALU-001689",816,111.3200,"Aluminium Product 01689",3035,"raw_material",680,"aluminium","EA","buy","Y",2026-09-20 09:31:58.225711Z
1690,"P001690",15,52.7700,"SKU-ALU-001690",883,75.2100,"Aluminium Product 01690",810,"raw_material",713,"aluminium","EA","buy","Y",2026-09-20 09:31:58.225711Z
1691,"P001691",8,77.6100,"SKU-ELE-001691",1254,97.2000,"Electronic Components Product 01691",3246,"raw_material",33,"electronic_components","EA","buy","Y",2026-09-20 09:31:58.225711Z
1692,"P001692",12,28.6200,"SKU-PAC-001692",1344,34.5400,"Packaging Product 01692",2019,"packaging",711,"packaging","EA","buy","Y",2026-09-20 09:31:58.225711Z
1693,"P001693",21,41.9300,"SKU-PAC-001693",1223,46.9600,"Packaging Product 01693",1473,"raw_material",780,"packaging","EA","buy","Y",2026-09-20 09:31:58.225711Z
1694,"P001694",8,309.9700,"SKU-FAS-001694",604,430.1600,"Fasteners Product 01694",1706,"raw_material",588,"fasteners","EA","buy","Y",2026-09-20 09:31:58.225711Z
1695,"P001695",6,17.6000,"SKU-FAS-001695",783,19.2100,"Fasteners Product 01695",256,"raw_material",194,"fasteners","EA","buy","Y",2026-09-20 09:31:58.225711Z
1696,"P001696",13,58.7100,"SKU-PLA-001696",776,71.5900,"Plastic Product 01696",1140,"raw_material",223,"plastic","EA","buy","Y",2026-09-20 09:31:58.225711Z
1697,"P001697",14,45.9100,"SKU-FAS-001697",1215,57.1900,"Fasteners Product 01697",2294,"raw_material",441,"fasteners","EA","buy","Y",2026-09-20 09:31:58.225711Z
1698,"P001698",24,31.7700,"SKU-ELE-001698",803,39.7300,"Electronic Components Product 01698",795,"raw_material",689,"electronic_components","KG","buy","Y",2026-09-20 09:31:58.225711Z
1699,"P001699",19,90.6300,"SKU-ELE-001699",337,105.7400,"Electronic Components Product 01699",3067,"packaging",503,"electronic_components","EA","buy","Y",2026-09-20 09:31:58.225711Z
1700,"P001700",34,119.0300,"SKU-COP-001700",1408,128.8200,"Copper Product 01700",819,"raw_material",208,"copper","KG","buy","Y",2026-09-20 09:31:58.225711Z
1701,"P001701",23,31.1000,"SKU-ELE-001701",1449,42.7000,"Electronic Components Product 01701",561,"packaging",69,"electronic_components","EA","buy","Y",2026-09-20 09:31:58.225711Z
1702,"P001702",26,57.4300,"SKU-ALU-001702",781,66.6400,"Aluminium Product 01702",3149,"raw_material",480,"aluminium","EA","buy","Y",2026-09-20 09:31:58.225711Z
1703,"P001703",5,44.1600,"SKU-PAC-001703",1109,47.8100,"Packaging Product 01703",683,"packaging",632,"packaging","EA","buy","Y",2026-09-20 09:31:58.225711Z
1704,"P001704",36,70.7500,"SKU-ALU-001704",1087,94.4100,"Aluminium Product 01704",1886,"raw_material",229,"aluminium","EA","buy","Y",2026-09-20 09:31:58.225711Z
1705,"P001705",4,106.3600,"SKU-ALU-001705",1307,144.1500,"Aluminium Product 01705",2479,"raw_material",213,"aluminium","EA","buy","Y",2026-09-20 09:31:58.225711Z
1706,"P001706",11,104.2100,"SKU-PLA-001706",1403,135.9000,"Plastic Product 01706",233,"raw_material",53,"plastic","KG","buy","Y",2026-09-20 09:31:58.225711Z
1707,"P001707",35,108.8500,"SKU-ELE-001707",725,146.6700,"Electronic Components Product 01707",1108,"raw_material",95,"electronic_components","KG","buy","Y",2026-09-20 09:31:58.225711Z
1708,"P001708",27,143.2200,"SKU-PLA-001708",1389,154.8000,"Plastic Product 01708",2586,"raw_material",132,"plastic","EA","buy","Y",2026-09-20 09:31:58.225711Z
1709,"P001709",21,65.6800,"SKU-COP-001709",1325,81.7900,"Copper Product 01709",3299,"raw_material",716,"copper","EA","buy","Y",2026-09-20 09:31:58.225711Z
1710,"P001710",19,61.5100,"SKU-PLA-001710",1479,69.3500,"Plastic Product 01710",1099,"raw_material",654,"plastic","EA","buy","Y",2026-09-20 09:31:58.225711Z
1711,"P001711",13,90.9200,"SKU-ELE-001711",1452,100.3100,"Electronic Components Product 01711",1347,"raw_material",333,"electronic_components","EA","buy","Y",2026-09-20 09:31:58.225711Z
1712,"P001712",6,34.9800,"SKU-ELE-001712",556,39.5400,"Electronic Components Product 01712",301,"raw_material",722,"electronic_components","EA","buy","Y",2026-09-20 09:31:58.225711Z
1713,"P001713",12,36.3600,"SKU-PLA-001713",523,45.4200,"Plastic Product 01713",679,"raw_material",512,"plastic","EA","buy","Y",2026-09-20 09:31:58.225711Z
1714,"P001714",22,34.9000,"SKU-ALU-001714",474,49.7700,"Aluminium Product 01714",707,"raw_material",216,"aluminium","EA","buy","Y",2026-09-20 09:31:58.225711Z
1715,"P001715",9,38.1700,"SKU-PLA-001715",1328,47.9900,"Plastic Product 01715",1811,"raw_material",271,"plastic","EA","buy","Y",2026-09-20 09:31:58.225711Z
1716,"P001716",18,167.1500,"SKU-PAC-001716",1408,188.8300,"Packaging Product 01716",1281,"raw_material",573,"packaging","EA","buy","Y",2026-09-20 09:31:58.225711Z
1717,"P001717",30,40.7900,"SKU-STE-001717",329,49.2200,"Steel Product 01717",3264,"raw_material",639,"steel","EA","buy","Y",2026-09-20 09:31:58.225711Z
1718,"P001718",29,50.5400,"SKU-STE-001718",1002,63.6700,"Steel Product 01718",660,"packaging",176,"steel","EA","buy","Y",2026-09-20 09:31:58.225711Z
1719,"P001719",15,140.3100,"SKU-COP-001719",834,157.1900,"Copper Product 01719",1656,"raw_material",143,"copper","L","buy","Y",2026-09-20 09:31:58.225711Z
1720,"P001720",18,60.1100,"SKU-PAC-001720",355,69.6000,"Packaging Product 01720",1024,"raw_material",799,"packaging","EA","buy","Y",2026-09-20 09:31:58.225711Z
1721,"P001721",31,93.6900,"SKU-STE-001721",399,120.8100,"Steel Product 01721",414,"raw_material",314,"steel","EA","buy","Y",2026-09-20 09:31:58.225711Z
1722,"P001722",5,91.4500,"SKU-ELE-001722",213,130.8300,"Electronic Components Product 01722",244,"raw_material",559,"electronic_components","EA","buy","Y",2026-09-20 09:31:58.225711Z
1723,"P001723",33,137.2200,"SKU-FAS-001723",887,187.0200,"Fasteners Product 01723",235,"raw_material",410,"fasteners","EA","buy","Y",2026-09-20 09:31:58.225711Z
1724,"P001724",17,47.3000,"SKU-PAC-001724",788,63.5900,"Packaging Product 01724",3222,"raw_material",274,"packaging","EA","buy","Y",2026-09-20 09:31:58.225711Z
1725,"P001725",14,165.2600,"SKU-ALU-001725",74,187.9900,"Aluminium Product 01725",788,"raw_material",230,"aluminium","EA","buy","Y",2026-09-20 09:31:58.225711Z
1726,"P001726",16,68.7000,"SKU-STE-001726",1194,87.4000,"Steel Product 01726",3237,"raw_material",681,"steel","EA","buy","Y",2026-09-20 09:31:58.225711Z
1727,"P001727",5,135.1100,"SKU-PAC-001727",1020,146.5800,"Packaging Product 01727",3487,"raw_material",513,"packaging","EA","buy","Y",2026-09-20 09:31:58.225711Z
1728,"P001728",35,87.8600,"SKU-PLA-001728",1305,113.5200,"Plastic Product 01728",1291,"raw_material",703,"plastic","EA","buy","Y",2026-09-20 09:31:58.225711Z
1729,"P001729",19,38.7200,"SKU-STE-001729",1499,51.6000,"Steel Product 01729",1176,"raw_material",658,"steel","EA","buy","Y",2026-09-20 09:31:58.225711Z
1730,"P001730",20,46.3300,"SKU-PAC-001730",778,66.2500,"Packaging Product 01730",2012,"packaging",743,"packaging","EA","buy","Y",2026-09-20 09:31:58.225711Z
1731,"P001731",25,164.8400,"SKU-ELE-001731",576,192.2100,"Electronic Components Product 01731",3313,"raw_material",399,"electronic_components","L","buy","Y",2026-09-20 09:31:58.225711Z
1732,"P001732",38,76.1400,"SKU-STE-001732",630,98.8800,"Steel Product 01732",517,"raw_material",44,"steel","M","buy","Y",2026-09-20 09:31:58.225711Z
1733,"P001733",4,80.1700,"SKU-FAS-001733",268,101.8500,"Fasteners Product 01733",789,"packaging",536,"fasteners","KG","buy","Y",2026-09-20 09:31:58.225711Z
1734,"P001734",28,71.4600,"SKU-STE-001734",175,99.5700,"Steel Product 01734",1061,"raw_material",276,"steel","EA","buy","Y",2026-09-20 09:31:58.225711Z
1735,"P001735",9,51.9500,"SKU-PLA-001735",512,56.6200,"Plastic Product 01735",2292,"raw_material",38,"plastic","EA","buy","Y",2026-09-20 09:31:58.225711Z
1736,"P001736",21,189.7500,"SKU-FAS-001736",220,213.7700,"Fasteners Product 01736",2271,"raw_material",252,"fasteners","EA","buy","Y",2026-09-20 09:31:58.225711Z
1737,"P001737",22,92.0900,"SKU-STE-001737",226,132.1400,"Steel Product 01737",202,"raw_material",507,"steel","EA","buy","Y",2026-09-20 09:31:58.225711Z
1738,"P001738",21,153.3200,"SKU-ELE-001738",714,194.4700,"Electronic Components Product 01738",1508,"raw_material",709,"electronic_components","EA","buy","Y",2026-09-20 09:31:58.225711Z
1739,"P001739",18,32.5100,"SKU-ALU-001739",28,36.5600,"Aluminium Product 01739",2629,"raw_material",734,"aluminium","L","buy","Y",2026-09-20 09:31:58.225711Z
1740,"P001740",35,84.4100,"SKU-ELE-001740",481,97.1300,"Electronic Components Product 01740",3271,"raw_material",242,"electronic_components","EA","buy","Y",2026-09-20 09:31:58.225711Z
1741,"P001741",13,164.4800,"SKU-COP-001741",96,210.6200,"Copper Product 01741",1785,"raw_material",62,"copper","EA","buy","Y",2026-09-20 09:31:58.225711Z
1742,"P001742",38,46.7500,"SKU-ELE-001742",26,67.1500,"Electronic Components Product 01742",600,"raw_material",329,"electronic_components","EA","buy","Y",2026-09-20 09:31:58.225711Z
1743,"P001743",28,204.2500,"SKU-ALU-001743",122,257.3600,"Aluminium Product 01743",3219,"raw_material",438,"aluminium","EA","buy","Y",2026-09-20 09:31:58.225711Z
1744,"P001744",15,255.0300,"SKU-PAC-001744",499,326.0000,"Packaging Product 01744",832,"raw_material",674,"packaging","KG","buy","Y",2026-09-20 09:31:58.225711Z
1745,"P001745",21,155.2200,"SKU-FAS-001745",1120,186.9300,"Fasteners Product 01745",1084,"raw_material",149,"fasteners","EA","buy","Y",2026-09-20 09:31:58.225711Z
1746,"P001746",34,81.9600,"SKU-STE-001746",214,110.6600,"Steel Product 01746",568,"raw_material",736,"steel","EA","buy","Y",2026-09-20 09:31:58.225711Z
1747,"P001747",24,58.6400,"SKU-ELE-001747",1366,74.2400,"Electronic Components Product 01747",790,"raw_material",517,"electronic_components","KG","buy","Y",2026-09-20 09:31:58.225711Z
1748,"P001748",16,104.2200,"SKU-ALU-001748",1351,114.5400,"Aluminium Product 01748",92,"raw_material",227,"aluminium","EA","buy","Y",2026-09-20 09:31:58.225711Z
1749,"P001749",31,157.2600,"SKU-FAS-001749",783,187.6200,"Fasteners Product 01749",741,"raw_material",730,"fasteners","EA","buy","Y",2026-09-20 09:31:58.225711Z
1750,"P001750",27,187.0600,"SKU-ALU-001750",869,211.2600,"Aluminium Product 01750",331,"packaging",456,"aluminium","EA","buy","Y",2026-09-20 09:31:58.225711Z
1751,"P001751",16,107.7400,"SKU-ALU-001751",1039,147.2700,"Aluminium Product 01751",1035,"raw_material",33,"aluminium","EA","buy","Y",2026-09-20 09:31:58.225711Z
1752,"P001752",16,40.8900,"SKU-PLA-001752",1482,46.7900,"Plastic Product 01752",2132,"raw_material",63,"plastic","M","buy","Y",2026-09-20 09:31:58.225711Z
1753,"P001753",22,52.7700,"SKU-PLA-001753",847,60.9300,"Plastic Product 01753",2790,"raw_material",543,"plastic","KG","buy","Y",2026-09-20 09:31:58.225711Z
1754,"P001754",13,53.0000,"SKU-ELE-001754",1474,72.1600,"Electronic Components Product 01754",2133,"raw_material",344,"electronic_components","KG","buy","Y",2026-09-20 09:31:58.225711Z
1755,"P001755",22,53.7100,"SKU-ALU-001755",1108,61.5000,"Aluminium Product 01755",1264,"raw_material",498,"aluminium","EA","buy","Y",2026-09-20 09:31:58.225711Z
1756,"P001756",32,174.6100,"SKU-ELE-001756",1282,201.2700,"Electronic Components Product 01756",1250,"raw_material",667,"electronic_components","EA","buy","Y",2026-09-20 09:31:58.225711Z
1757,"P001757",12,81.1200,"SKU-PLA-001757",256,90.6800,"Plastic Product 01757",2142,"raw_material",713,"plastic","EA","buy","Y",2026-09-20 09:31:58.225711Z
1758,"P001758",8,12.8300,"SKU-PLA-001758",1421,18.3600,"Plastic Product 01758",1693,"packaging",747,"plastic","L","buy","Y",2026-09-20 09:31:58.225711Z
1759,"P001759",25,176.0800,"SKU-STE-001759",975,223.9200,"Steel Product 01759",2552,"raw_material",89,"steel","EA","buy","Y",2026-09-20 09:31:58.225711Z
1760,"P001760",30,41.2100,"SKU-PLA-001760",160,56.0300,"Plastic Product 01760",2329,"raw_material",726,"plastic","EA","buy","Y",2026-09-20 09:31:58.225711Z
1761,"P001761",25,48.0300,"SKU-STE-001761",353,65.6400,"Steel Product 01761",233,"raw_material",632,"steel","EA","buy","Y",2026-09-20 09:31:58.225711Z
1762,"P001762",21,192.9900,"SKU-COP-001762",427,234.2500,"Copper Product 01762",2165,"raw_material",786,"copper","EA","buy","Y",2026-09-20 09:31:58.225711Z
1763,"P001763",15,189.2900,"SKU-ALU-001763",46,210.9300,"Aluminium Product 01763",3191,"raw_material",304,"aluminium","EA","buy","Y",2026-09-20 09:31:58.225711Z
1764,"P001764",20,62.5000,"SKU-COP-001764",717,69.6300,"Copper Product 01764",3010,"packaging",441,"copper","EA","buy","Y",2026-09-20 09:31:58.225711Z
1765,"P001765",32,18.3500,"SKU-COP-001765",643,21.3300,"Copper Product 01765",2112,"raw_material",269,"copper","EA","buy","Y",2026-09-20 09:31:58.225711Z
1766,"P001766",21,24.2200,"SKU-STE-001766",95,28.6400,"Steel Product 01766",422,"raw_material",253,"steel","EA","buy","Y",2026-09-20 09:31:58.225711Z
1767,"P001767",15,97.2800,"SKU-PLA-001767",150,136.4700,"Plastic Product 01767",995,"raw_material",654,"plastic","KG","buy","Y",2026-09-20 09:31:58.225711Z
1768,"P001768",8,126.7700,"SKU-STE-001768",125,165.2100,"Steel Product 01768",1359,"raw_material",292,"steel","EA","buy","Y",2026-09-20 09:31:58.225711Z
1769,"P001769",4,221.0900,"SKU-PLA-001769",811,267.9800,"Plastic Product 01769",765,"raw_material",481,"plastic","EA","buy","Y",2026-09-20 09:31:58.225711Z
1770,"P001770",27,93.6200,"SKU-FAS-001770",373,130.9100,"Fasteners Product 01770",1820,"raw_material",439,"fasteners","EA","buy","Y",2026-09-20 09:31:58.225711Z
1771,"P001771",35,221.5300,"SKU-ALU-001771",94,315.7900,"Aluminium Product 01771",2481,"raw_material",497,"aluminium","EA","buy","Y",2026-09-20 09:31:58.225711Z
1772,"P001772",5,15.2600,"SKU-ELE-001772",1440,20.0300,"Electronic Components Product 01772",2793,"raw_material",249,"electronic_components","EA","buy","Y",2026-09-20 09:31:58.225711Z
1773,"P001773",26,25.2700,"SKU-PAC-001773",625,34.9200,"Packaging Product 01773",135,"packaging",270,"packaging","EA","buy","Y",2026-09-20 09:31:58.225711Z
1774,"P001774",38,102.6600,"SKU-PLA-001774",832,135.1200,"Plastic Product 01774",3467,"packaging",170,"plastic","EA","buy","Y",2026-09-20 09:31:58.225711Z
1775,"P001775",29,68.8100,"SKU-PLA-001775",812,93.9800,"Plastic Product 01775",2752,"raw_material",348,"plastic","EA","buy","Y",2026-09-20 09:31:58.225711Z
1776,"P001776",15,178.7300,"SKU-ALU-001776",393,230.1600,"Aluminium Product 01776",395,"raw_material",281,"aluminium","EA","buy","Y",2026-09-20 09:31:58.225711Z
1777,"P001777",31,134.2500,"SKU-ALU-001777",156,153.4500,"Aluminium Product 01777",1968,"raw_material",715,"aluminium","EA","buy","Y",2026-09-20 09:31:58.225711Z
1778,"P001778",37,31.7500,"SKU-ALU-001778",209,36.8700,"Aluminium Product 01778",1220,"raw_material",719,"aluminium","EA","buy","Y",2026-09-20 09:31:58.225711Z
1779,"P001779",14,77.5200,"SKU-STE-001779",180,109.0600,"Steel Product 01779",146,"raw_material",435,"steel","EA","buy","Y",2026-09-20 09:31:58.225711Z
1780,"P001780",7,94.8800,"SKU-ALU-001780",266,112.6300,"Aluminium Product 01780",68,"raw_material",527,"aluminium","M","buy","Y",2026-09-20 09:31:58.225711Z
1781,"P001781",29,12.5900,"SKU-STE-001781",338,14.9700,"Steel Product 01781",2177,"raw_material",307,"steel","EA","buy","Y",2026-09-20 09:31:58.225711Z
1782,"P001782",16,26.7200,"SKU-STE-001782",970,37.6900,"Steel Product 01782",1490,"raw_material",617,"steel","EA","buy","Y",2026-09-20 09:31:58.225711Z
1783,"P001783",30,87.8300,"SKU-PLA-001783",815,107.0700,"Plastic Product 01783",3253,"packaging",438,"plastic","EA","buy","Y",2026-09-20 09:31:58.225711Z
1784,"P001784",10,31.3800,"SKU-ALU-001784",709,34.1300,"Aluminium Product 01784",150,"raw_material",309,"aluminium","EA","buy","Y",2026-09-20 09:31:58.225711Z
1785,"P001785",10,71.6000,"SKU-ALU-001785",1402,80.1700,"Aluminium Product 01785",1689,"raw_material",430,"aluminium","KG","buy","Y",2026-09-20 09:31:58.225711Z
1786,"P001786",37,134.0200,"SKU-PAC-001786",57,165.1900,"Packaging Product 01786",348,"raw_material",369,"packaging","EA","buy","Y",2026-09-20 09:31:58.225711Z
1787,"P001787",15,99.1200,"SKU-FAS-001787",1469,123.4900,"Fasteners Product 01787",1547,"raw_material",157,"fasteners","EA","buy","Y",2026-09-20 09:31:58.225711Z
1788,"P001788",37,44.9500,"SKU-STE-001788",581,50.5400,"Steel Product 01788",1807,"raw_material",656,"steel","KG","buy","Y",2026-09-20 09:31:58.225711Z
1789,"P001789",23,19.8800,"SKU-COP-001789",994,27.7700,"Copper Product 01789",293,"raw_material",600,"copper","EA","buy","Y",2026-09-20 09:31:58.225711Z
1790,"P001790",17,126.0000,"SKU-PLA-001790",879,166.3900,"Plastic Product 01790",2211,"raw_material",200,"plastic","KG","buy","Y",2026-09-20 09:31:58.225711Z
1791,"P001791",5,60.5400,"SKU-FAS-001791",668,67.3300,"Fasteners Product 01791",3179,"raw_material",693,"fasteners","EA","buy","Y",2026-09-20 09:31:58.225711Z
1792,"P001792",32,213.4800,"SKU-PLA-001792",433,238.4900,"Plastic Product 01792",2245,"raw_material",157,"plastic","M","buy","Y",2026-09-20 09:31:58.225711Z
1793,"P001793",37,105.1800,"SKU-COP-001793",1370,133.3700,"Copper Product 01793",3497,"raw_material",357,"copper","EA","buy","Y",2026-09-20 09:31:58.225711Z
1794,"P001794",26,88.2900,"SKU-ELE-001794",1349,111.4500,"Electronic Components Product 01794",1974,"packaging",668,"electronic_components","EA","buy","Y",2026-09-20 09:31:58.225711Z
1795,"P001795",6,44.0600,"SKU-FAS-001795",1001,63.4100,"Fasteners Product 01795",189,"packaging",565,"fasteners","EA","buy","Y",2026-09-20 09:31:58.225711Z
1796,"P001796",10,45.1800,"SKU-ELE-001796",72,56.1800,"Electronic Components Product 01796",1144,"raw_material",455,"electronic_components","KG","buy","Y",2026-09-20 09:31:58.225711Z
1797,"P001797",18,187.6400,"SKU-COP-001797",1481,260.2200,"Copper Product 01797",2001,"raw_material",529,"copper","EA","buy","Y",2026-09-20 09:31:58.225711Z
1798,"P001798",18,36.0300,"SKU-STE-001798",739,44.8500,"Steel Product 01798",2556,"raw_material",143,"steel","L","buy","Y",2026-09-20 09:31:58.225711Z
1799,"P001799",8,55.4900,"SKU-STE-001799",1434,61.8500,"Steel Product 01799",1660,"packaging",532,"steel","L","buy","Y",2026-09-20 09:31:58.225711Z
1800,"P001800",12,51.4400,"SKU-COP-001800",1403,70.1300,"Copper Product 01800",2481,"packaging",758,"copper","KG","buy","Y",2026-09-20 09:31:58.225711Z
1801,"P001801",12,10.7700,"SKU-COP-001801",1101,14.9200,"Copper Product 01801",2167,"packaging",149,"copper","EA","buy","Y",2026-09-20 09:31:58.225711Z
1802,"P001802",16,50.9800,"SKU-COP-001802",1433,55.3400,"Copper Product 01802",214,"raw_material",158,"copper","EA","buy","Y",2026-09-20 09:31:58.225711Z
1803,"P001803",30,33.3100,"SKU-PAC-001803",512,42.6500,"Packaging Product 01803",1904,"raw_material",613,"packaging","EA","buy","Y",2026-09-20 09:31:58.225711Z
1804,"P001804",27,29.6500,"SKU-STE-001804",317,38.3600,"Steel Product 01804",1774,"packaging",129,"steel","EA","buy","Y",2026-09-20 09:31:58.225711Z
1805,"P001805",36,24.2100,"SKU-ELE-001805",1430,26.7300,"Electronic Components Product 01805",662,"raw_material",205,"electronic_components","EA","buy","Y",2026-09-20 09:31:58.225711Z
1806,"P001806",10,55.5400,"SKU-PLA-001806",737,70.8000,"Plastic Product 01806",1842,"raw_material",250,"plastic","EA","buy","Y",2026-09-20 09:31:58.225711Z
1807,"P001807",18,35.6100,"SKU-ELE-001807",871,44.4100,"Electronic Components Product 01807",751,"raw_material",674,"electronic_components","EA","buy","Y",2026-09-20 09:31:58.225711Z
1808,"P001808",27,97.7600,"SKU-ELE-001808",188,131.2800,"Electronic Components Product 01808",2201,"raw_material",599,"electronic_components","KG","buy","Y",2026-09-20 09:31:58.225711Z
1809,"P001809",36,16.2900,"SKU-ELE-001809",208,20.2600,"Electronic Components Product 01809",675,"raw_material",576,"electronic_components","EA","buy","Y",2026-09-20 09:31:58.225711Z
1810,"P001810",11,26.9800,"SKU-ALU-001810",548,29.7600,"Aluminium Product 01810",1297,"raw_material",232,"aluminium","EA","buy","Y",2026-09-20 09:31:58.225711Z
1811,"P001811",5,170.2400,"SKU-STE-001811",1088,208.5800,"Steel Product 01811",1461,"raw_material",403,"steel","EA","buy","Y",2026-09-20 09:31:58.225711Z
1812,"P001812",26,127.5400,"SKU-ELE-001812",723,170.5400,"Electronic Components Product 01812",1801,"raw_material",165,"electronic_components","M","buy","Y",2026-09-20 09:31:58.225711Z
1813,"P001813",29,50.8000,"SKU-STE-001813",156,59.0400,"Steel Product 01813",2367,"packaging",271,"steel","EA","buy","Y",2026-09-20 09:31:58.225711Z
1814,"P001814",4,62.2900,"SKU-PLA-001814",1174,79.0000,"Plastic Product 01814",957,"raw_material",166,"plastic","KG","buy","Y",2026-09-20 09:31:58.225711Z
1815,"P001815",35,131.8300,"SKU-PLA-001815",819,147.1200,"Plastic Product 01815",2168,"raw_material",241,"plastic","EA","buy","Y",2026-09-20 09:31:58.225711Z
1816,"P001816",25,36.2600,"SKU-ELE-001816",1181,52.2800,"Electronic Components Product 01816",2874,"raw_material",466,"electronic_components","EA","buy","Y",2026-09-20 09:31:58.225711Z
1817,"P001817",23,132.0200,"SKU-PLA-001817",489,156.7800,"Plastic Product 01817",264,"raw_material",779,"plastic","EA","buy","Y",2026-09-20 09:31:58.225711Z
1818,"P001818",18,115.7300,"SKU-ELE-001818",328,145.0000,"Electronic Components Product 01818",1685,"raw_material",424,"electronic_components","EA","buy","Y",2026-09-20 09:31:58.225711Z
1819,"P001819",28,22.9100,"SKU-COP-001819",546,27.9600,"Copper Product 01819",1415,"raw_material",141,"copper","EA","buy","Y",2026-09-20 09:31:58.225711Z
1820,"P001820",29,129.1500,"SKU-STE-001820",853,149.7900,"Steel Product 01820",1616,"packaging",484,"steel","M","buy","Y",2026-09-20 09:31:58.225711Z
1821,"P001821",20,206.4500,"SKU-ALU-001821",896,264.6300,"Aluminium Product 01821",275,"raw_material",384,"aluminium","EA","buy","Y",2026-09-20 09:31:58.225711Z
1822,"P001822",14,8.0000,"SKU-STE-001822",865,10.1400,"Steel Product 01822",1205,"raw_material",76,"steel","M","buy","Y",2026-09-20 09:31:58.225711Z
1823,"P001823",17,145.1900,"SKU-PLA-001823",1326,196.5400,"Plastic Product 01823",2993,"raw_material",67,"plastic","EA","buy","Y",2026-09-20 09:31:58.225711Z
1824,"P001824",20,115.5200,"SKU-PAC-001824",1011,158.5900,"Packaging Product 01824",3121,"raw_material",133,"packaging","EA","buy","Y",2026-09-20 09:31:58.225711Z
1825,"P001825",38,20.5700,"SKU-ALU-001825",1366,23.9400,"Aluminium Product 01825",315,"packaging",94,"aluminium","EA","buy","Y",2026-09-20 09:31:58.225711Z
1826,"P001826",15,32.7000,"SKU-PAC-001826",1482,36.0500,"Packaging Product 01826",1963,"raw_material",422,"packaging","KG","buy","Y",2026-09-20 09:31:58.225711Z
1827,"P001827",21,110.3200,"SKU-COP-001827",1233,136.3900,"Copper Product 01827",3416,"packaging",680,"copper","EA","buy","Y",2026-09-20 09:31:58.225711Z
1828,"P001828",9,32.4600,"SKU-ALU-001828",584,43.9700,"Aluminium Product 01828",518,"raw_material",783,"aluminium","EA","buy","Y",2026-09-20 09:31:58.225711Z
1829,"P001829",30,41.4900,"SKU-PLA-001829",806,58.2100,"Plastic Product 01829",2824,"raw_material",290,"plastic","EA","buy","Y",2026-09-20 09:31:58.225711Z
1830,"P001830",29,106.2200,"SKU-STE-001830",523,124.6100,"Steel Product 01830",2306,"raw_material",430,"steel","EA","buy","Y",2026-09-20 09:31:58.225711Z
1831,"P001831",4,102.7600,"SKU-PLA-001831",1117,147.1500,"Plastic Product 01831",2134,"raw_material",247,"plastic","EA","buy","Y",2026-09-20 09:31:58.225711Z
1832,"P001832",33,50.0500,"SKU-PAC-001832",150,64.1800,"Packaging Product 01832",129,"raw_material",282,"packaging","EA","buy","Y",2026-09-20 09:31:58.225711Z
1833,"P001833",22,47.4000,"SKU-ELE-001833",845,55.3100,"Electronic Components Product 01833",2709,"packaging",467,"electronic_components","EA","buy","Y",2026-09-20 09:31:58.225711Z
1834,"P001834",9,101.4100,"SKU-STE-001834",441,132.2500,"Steel Product 01834",1138,"raw_material",614,"steel","EA","buy","Y",2026-09-20 09:31:58.225711Z
1835,"P001835",30,149.9500,"SKU-ELE-001835",737,201.6900,"Electronic Components Product 01835",1343,"raw_material",85,"electronic_components","EA","buy","Y",2026-09-20 09:31:58.225711Z
1836,"P001836",4,168.3300,"SKU-STE-001836",148,224.4700,"Steel Product 01836",56,"raw_material",229,"steel","EA","buy","Y",2026-09-20 09:31:58.225711Z
1837,"P001837",38,36.8900,"SKU-STE-001837",1021,43.7200,"Steel Product 01837",2606,"raw_material",453,"steel","EA","buy","Y",2026-09-20 09:31:58.225711Z
1838,"P001838",7,151.9800,"SKU-PLA-001838",1152,165.4600,"Plastic Product 01838",2147,"raw_material",528,"plastic","EA","buy","Y",2026-09-20 09:31:58.225711Z
1839,"P001839",24,116.0200,"SKU-STE-001839",823,132.0400,"Steel Product 01839",2522,"raw_material",614,"steel","EA","buy","Y",2026-09-20 09:31:58.225711Z
1840,"P001840",12,369.2200,"SKU-PLA-001840",1289,517.5500,"Plastic Product 01840",822,"raw_material",706,"plastic","KG","buy","Y",2026-09-20 09:31:58.225711Z
1841,"P001841",30,32.8300,"SKU-ALU-001841",333,39.2600,"Aluminium Product 01841",1165,"raw_material",211,"aluminium","L","buy","Y",2026-09-20 09:31:58.225711Z
1842,"P001842",12,24.2600,"SKU-ELE-001842",972,31.9000,"Electronic Components Product 01842",1523,"raw_material",23,"electronic_components","KG","buy","Y",2026-09-20 09:31:58.225711Z
1843,"P001843",23,52.1100,"SKU-PLA-001843",690,60.9500,"Plastic Product 01843",3480,"raw_material",302,"plastic","EA","buy","Y",2026-09-20 09:31:58.225711Z
1844,"P001844",16,68.5200,"SKU-STE-001844",759,75.6100,"Steel Product 01844",3319,"raw_material",295,"steel","EA","buy","Y",2026-09-20 09:31:58.225711Z
1845,"P001845",35,38.6400,"SKU-ELE-001845",510,41.7800,"Electronic Components Product 01845",1788,"raw_material",461,"electronic_components","EA","buy","Y",2026-09-20 09:31:58.225711Z
1846,"P001846",10,32.5000,"SKU-PLA-001846",599,35.2600,"Plastic Product 01846",3295,"raw_material",457,"plastic","EA","buy","Y",2026-09-20 09:31:58.225711Z
1847,"P001847",18,115.9700,"SKU-ELE-001847",679,150.0200,"Electronic Components Product 01847",1150,"packaging",515,"electronic_components","EA","buy","Y",2026-09-20 09:31:58.225711Z
1848,"P001848",24,64.1500,"SKU-ELE-001848",848,92.0300,"Electronic Components Product 01848",1583,"raw_material",410,"electronic_components","EA","buy","Y",2026-09-20 09:31:58.225711Z
1849,"P001849",10,26.4600,"SKU-FAS-001849",125,32.5100,"Fasteners Product 01849",2888,"raw_material",410,"fasteners","EA","buy","Y",2026-09-20 09:31:58.225711Z
1850,"P001850",18,271.8400,"SKU-COP-001850",157,314.9500,"Copper Product 01850",3353,"raw_material",300,"copper","EA","buy","Y",2026-09-20 09:31:58.225711Z
1851,"P001851",25,61.9100,"SKU-FAS-001851",253,84.2400,"Fasteners Product 01851",59,"raw_material",141,"fasteners","L","buy","Y",2026-09-20 09:31:58.225711Z
1852,"P001852",18,82.6600,"SKU-PLA-001852",120,114.7900,"Plastic Product 01852",1127,"raw_material",269,"plastic","EA","buy","Y",2026-09-20 09:31:58.225711Z
1853,"P001853",31,42.2300,"SKU-FAS-001853",582,49.2700,"Fasteners Product 01853",1229,"raw_material",158,"fasteners","M","buy","Y",2026-09-20 09:31:58.225711Z
1854,"P001854",9,44.2900,"SKU-COP-001854",339,49.6900,"Copper Product 01854",1183,"raw_material",697,"copper","EA","buy","Y",2026-09-20 09:31:58.225711Z
1855,"P001855",19,56.1900,"SKU-ELE-001855",829,79.4500,"Electronic Components Product 01855",3420,"raw_material",459,"electronic_components","EA","buy","Y",2026-09-20 09:31:58.225711Z
1856,"P001856",12,66.1600,"SKU-FAS-001856",584,90.7100,"Fasteners Product 01856",893,"raw_material",58,"fasteners","EA","buy","Y",2026-09-20 09:31:58.225711Z
1857,"P001857",32,20.6600,"SKU-ELE-001857",607,27.4600,"Electronic Components Product 01857",296,"raw_material",68,"electronic_components","EA","buy","Y",2026-09-20 09:31:58.225711Z
1858,"P001858",18,42.3900,"SKU-ALU-001858",1124,60.2100,"Aluminium Product 01858",747,"raw_material",735,"aluminium","EA","buy","Y",2026-09-20 09:31:58.225711Z
1859,"P001859",15,147.9400,"SKU-PAC-001859",325,197.9400,"Packaging Product 01859",1003,"raw_material",402,"packaging","EA","buy","Y",2026-09-20 09:31:58.225711Z
1860,"P001860",5,106.4000,"SKU-ELE-001860",296,132.9400,"Electronic Components Product 01860",3186,"packaging",447,"electronic_components","M","buy","Y",2026-09-20 09:31:58.225711Z
1861,"P001861",5,197.2300,"SKU-PLA-001861",1175,276.6400,"Plastic Product 01861",3457,"raw_material",466,"plastic","KG","buy","Y",2026-09-20 09:31:58.225711Z
1862,"P001862",12,159.2200,"SKU-PLA-001862",1132,199.4500,"Plastic Product 01862",367,"packaging",270,"plastic","EA","buy","Y",2026-09-20 09:31:58.225711Z
1863,"P001863",7,8.0000,"SKU-PLA-001863",83,9.0000,"Plastic Product 01863",2726,"raw_material",565,"plastic","EA","buy","Y",2026-09-20 09:31:58.225711Z
1864,"P001864",36,80.3900,"SKU-PAC-001864",122,111.4100,"Packaging Product 01864",2592,"raw_material",385,"packaging","EA","buy","Y",2026-09-20 09:31:58.225711Z
1865,"P001865",36,12.9500,"SKU-ALU-001865",715,14.1400,"Aluminium Product 01865",3393,"raw_material",692,"aluminium","EA","buy","Y",2026-09-20 09:31:58.225711Z
1866,"P001866",33,262.0000,"SKU-ELE-001866",394,287.2100,"Electronic Components Product 01866",566,"raw_material",376,"electronic_components","KG","buy","Y",2026-09-20 09:31:58.225711Z
1867,"P001867",12,59.7700,"SKU-ELE-001867",767,71.1400,"Electronic Components Product 01867",867,"raw_material",502,"electronic_components","KG","buy","Y",2026-09-20 09:31:58.225711Z
1868,"P001868",35,195.1900,"SKU-STE-001868",718,222.9500,"Steel Product 01868",1438,"raw_material",233,"steel","KG","buy","Y",2026-09-20 09:31:58.225711Z
1869,"P001869",18,70.3300,"SKU-COP-001869",1173,76.5300,"Copper Product 01869",2918,"raw_material",139,"copper","M","buy","Y",2026-09-20 09:31:58.225711Z
1870,"P001870",8,17.7600,"SKU-PLA-001870",258,23.0300,"Plastic Product 01870",2810,"raw_material",209,"plastic","EA","buy","Y",2026-09-20 09:31:58.225711Z
1871,"P001871",19,23.4400,"SKU-PAC-001871",1330,31.6700,"Packaging Product 01871",1988,"raw_material",15,"packaging","EA","buy","Y",2026-09-20 09:31:58.225711Z
1872,"P001872",20,155.5800,"SKU-FAS-001872",410,216.4700,"Fasteners Product 01872",3458,"raw_material",30,"fasteners","EA","buy","Y",2026-09-20 09:31:58.225711Z
1873,"P001873",27,45.3200,"SKU-ELE-001873",979,62.5500,"Electronic Components Product 01873",2928,"raw_material",442,"electronic_components","EA","buy","Y",2026-09-20 09:31:58.225711Z
1874,"P001874",22,12.6100,"SKU-PLA-001874",1004,14.2900,"Plastic Product 01874",1164,"raw_material",595,"plastic","M","buy","Y",2026-09-20 09:31:58.225711Z
1875,"P001875",37,84.1800,"SKU-ALU-001875",1030,104.4900,"Aluminium Product 01875",3261,"raw_material",546,"aluminium","EA","buy","Y",2026-09-20 09:31:58.225711Z
1876,"P001876",26,114.0900,"SKU-FAS-001876",781,150.2500,"Fasteners Product 01876",1574,"raw_material",470,"fasteners","EA","buy","Y",2026-09-20 09:31:58.225711Z
1877,"P001877",33,59.6800,"SKU-PLA-001877",1001,76.6600,"Plastic Product 01877",3145,"packaging",538,"plastic","EA","buy","Y",2026-09-20 09:31:58.225711Z
1878,"P001878",35,74.8700,"SKU-PLA-001878",1042,92.6700,"Plastic Product 01878",2728,"raw_material",507,"plastic","EA","buy","Y",2026-09-20 09:31:58.225711Z
1879,"P001879",28,53.5200,"SKU-FAS-001879",821,68.3500,"Fasteners Product 01879",88,"raw_material",348,"fasteners","EA","buy","Y",2026-09-20 09:31:58.225711Z
1880,"P001880",18,43.6000,"SKU-ALU-001880",1048,52.8100,"Aluminium Product 01880",1917,"raw_material",530,"aluminium","EA","buy","Y",2026-09-20 09:31:58.225711Z
1881,"P001881",19,127.5100,"SKU-ELE-001881",1387,172.3200,"Electronic Components Product 01881",884,"raw_material",654,"electronic_components","EA","buy","Y",2026-09-20 09:31:58.225711Z
1882,"P001882",5,70.9000,"SKU-ALU-001882",616,97.0100,"Aluminium Product 01882",1289,"raw_material",608,"aluminium","EA","buy","Y",2026-09-20 09:31:58.225711Z
1883,"P001883",10,64.3000,"SKU-FAS-001883",968,92.1300,"Fasteners Product 01883",1072,"raw_material",434,"fasteners","EA","buy","Y",2026-09-20 09:31:58.225711Z
1884,"P001884",20,450.5600,"SKU-PAC-001884",764,518.4200,"Packaging Product 01884",2649,"raw_material",173,"packaging","EA","buy","Y",2026-09-20 09:31:58.225711Z
1885,"P001885",20,55.9600,"SKU-COP-001885",641,63.3000,"Copper Product 01885",1504,"raw_material",32,"copper","EA","buy","Y",2026-09-20 09:31:58.225711Z
1886,"P001886",4,147.2000,"SKU-FAS-001886",280,202.9300,"Fasteners Product 01886",2322,"raw_material",345,"fasteners","EA","buy","Y",2026-09-20 09:31:58.225711Z
1887,"P001887",31,109.0200,"SKU-ALU-001887",702,128.3500,"Aluminium Product 01887",3145,"packaging",415,"aluminium","EA","buy","Y",2026-09-20 09:31:58.225711Z
1888,"P001888",26,39.6900,"SKU-FAS-001888",1479,47.7400,"Fasteners Product 01888",951,"raw_material",12,"fasteners","EA","buy","Y",2026-09-20 09:31:58.225711Z
1889,"P001889",22,51.5300,"SKU-COP-001889",549,74.3200,"Copper Product 01889",1018,"raw_material",659,"copper","KG","buy","Y",2026-09-20 09:31:58.225711Z
1890,"P001890",33,35.8800,"SKU-ELE-001890",191,42.0600,"Electronic Components Product 01890",2315,"raw_material",411,"electronic_components","EA","buy","Y",2026-09-20 09:31:58.225711Z
1891,"P001891",10,87.9500,"SKU-FAS-001891",650,111.1200,"Fasteners Product 01891",2709,"raw_material",556,"fasteners","EA","buy","Y",2026-09-20 09:31:58.225711Z
1892,"P001892",22,50.1000,"SKU-STE-001892",677,54.1500,"Steel Product 01892",3412,"raw_material",570,"steel","EA","buy","Y",2026-09-20 09:31:58.225711Z
1893,"P001893",25,44.5500,"SKU-STE-001893",1299,51.5400,"Steel Product 01893",1185,"raw_material",711,"steel","EA","buy","Y",2026-09-20 09:31:58.225711Z
1894,"P001894",22,31.0500,"SKU-ELE-001894",247,39.6200,"Electronic Components Product 01894",1664,"packaging",664,"electronic_components","KG","buy","Y",2026-09-20 09:31:58.225711Z
1895,"P001895",20,38.7700,"SKU-ELE-001895",321,51.8800,"Electronic Components Product 01895",136,"raw_material",598,"electronic_components","EA","buy","Y",2026-09-20 09:31:58.225711Z
1896,"P001896",24,32.9900,"SKU-ALU-001896",1375,43.0600,"Aluminium Product 01896",906,"raw_material",590,"aluminium","EA","buy","Y",2026-09-20 09:31:58.225711Z
1897,"P001897",25,37.5300,"SKU-STE-001897",1048,49.8500,"Steel Product 01897",3450,"packaging",328,"steel","EA","buy","Y",2026-09-20 09:31:58.225711Z
1898,"P001898",32,64.0400,"SKU-PAC-001898",976,80.0700,"Packaging Product 01898",3485,"raw_material",167,"packaging","EA","buy","Y",2026-09-20 09:31:58.225711Z
1899,"P001899",36,46.4300,"SKU-STE-001899",1413,57.0400,"Steel Product 01899",3466,"raw_material",73,"steel","EA","buy","Y",2026-09-20 09:31:58.225711Z
1900,"P001900",25,104.2800,"SKU-PAC-001900",19,144.0300,"Packaging Product 01900",2940,"raw_material",179,"packaging","KG","buy","Y",2026-09-20 09:31:58.225711Z
1901,"P001901",27,36.4100,"SKU-PLA-001901",1232,42.5400,"Plastic Product 01901",1444,"raw_material",105,"plastic","EA","buy","Y",2026-09-20 09:31:58.225711Z
1902,"P001902",18,140.6400,"SKU-ALU-001902",299,153.0300,"Aluminium Product 01902",1742,"raw_material",178,"aluminium","EA","buy","Y",2026-09-20 09:31:58.225711Z
1903,"P001903",16,116.1000,"SKU-ELE-001903",116,131.5000,"Electronic Components Product 01903",3445,"raw_material",158,"electronic_components","KG","buy","Y",2026-09-20 09:31:58.225711Z
1904,"P001904",27,47.0800,"SKU-STE-001904",828,59.0500,"Steel Product 01904",2774,"raw_material",517,"steel","EA","buy","Y",2026-09-20 09:31:58.225711Z
1905,"P001905",28,128.7700,"SKU-STE-001905",988,139.6300,"Steel Product 01905",3370,"packaging",208,"steel","L","buy","Y",2026-09-20 09:31:58.225711Z
1906,"P001906",35,29.6600,"SKU-STE-001906",695,35.4500,"Steel Product 01906",2482,"packaging",129,"steel","EA","buy","Y",2026-09-20 09:31:58.225711Z
1907,"P001907",12,38.8400,"SKU-STE-001907",758,49.2900,"Steel Product 01907",286,"raw_material",67,"steel","EA","buy","Y",2026-09-20 09:31:58.225711Z
1908,"P001908",5,41.7900,"SKU-ELE-001908",1304,57.8600,"Electronic Components Product 01908",1196,"raw_material",763,"electronic_components","M","buy","Y",2026-09-20 09:31:58.225711Z
1909,"P001909",18,53.5500,"SKU-PLA-001909",419,68.3600,"Plastic Product 01909",3143,"raw_material",429,"plastic","KG","buy","Y",2026-09-20 09:31:58.225711Z
1910,"P001910",17,38.0300,"SKU-ALU-001910",992,52.6600,"Aluminium Product 01910",1549,"packaging",54,"aluminium","M","buy","Y",2026-09-20 09:31:58.225711Z
1911,"P001911",35,31.0600,"SKU-ALU-001911",806,41.1200,"Aluminium Product 01911",417,"raw_material",480,"aluminium","EA","buy","Y",2026-09-20 09:31:58.225711Z
1912,"P001912",20,62.2200,"SKU-PAC-001912",396,72.0000,"Packaging Product 01912",858,"raw_material",612,"packaging","KG","buy","Y",2026-09-20 09:31:58.225711Z
1913,"P001913",14,75.0900,"SKU-STE-001913",926,81.1800,"Steel Product 01913",142,"raw_material",200,"steel","EA","buy","Y",2026-09-20 09:31:58.225711Z
1914,"P001914",13,69.1400,"SKU-STE-001914",1146,85.5800,"Steel Product 01914",926,"raw_material",175,"steel","EA","buy","Y",2026-09-20 09:31:58.225711Z
1915,"P001915",26,23.4000,"SKU-FAS-001915",882,29.2800,"Fasteners Product 01915",1107,"raw_material",527,"fasteners","EA","buy","Y",2026-09-20 09:31:58.225711Z
1916,"P001916",32,456.2500,"SKU-FAS-001916",198,521.7900,"Fasteners Product 01916",1346,"raw_material",437,"fasteners","EA","buy","Y",2026-09-20 09:31:58.225711Z
1917,"P001917",21,44.4300,"SKU-COP-001917",1337,51.6400,"Copper Product 01917",692,"raw_material",141,"copper","EA","buy","Y",2026-09-20 09:31:58.225711Z
1918,"P001918",18,38.7400,"SKU-PLA-001918",1431,45.4300,"Plastic Product 01918",2001,"raw_material",111,"plastic","EA","buy","Y",2026-09-20 09:31:58.225711Z
1919,"P001919",7,118.5100,"SKU-ALU-001919",873,159.2700,"Aluminium Product 01919",1267,"raw_material",233,"aluminium","M","buy","Y",2026-09-20 09:31:58.225711Z
1920,"P001920",20,101.0800,"SKU-PLA-001920",1260,136.7600,"Plastic Product 01920",1768,"raw_material",593,"plastic","KG","buy","Y",2026-09-20 09:31:58.225711Z
1921,"P001921",18,61.5700,"SKU-PLA-001921",884,85.1200,"Plastic Product 01921",643,"raw_material",222,"plastic","EA","buy","Y",2026-09-20 09:31:58.225711Z
1922,"P001922",23,90.3000,"SKU-FAS-001922",907,126.5900,"Fasteners Product 01922",713,"packaging",301,"fasteners","M","buy","Y",2026-09-20 09:31:58.225711Z
1923,"P001923",21,23.4100,"SKU-FAS-001923",1400,28.4300,"Fasteners Product 01923",1260,"packaging",142,"fasteners","KG","buy","Y",2026-09-20 09:31:58.225711Z
1924,"P001924",26,15.8000,"SKU-COP-001924",1202,17.4300,"Copper Product 01924",94,"raw_material",695,"copper","EA","buy","Y",2026-09-20 09:31:58.225711Z
1925,"P001925",8,71.6800,"SKU-PLA-001925",730,81.5500,"Plastic Product 01925",2917,"packaging",505,"plastic","EA","buy","Y",2026-09-20 09:31:58.225711Z
1926,"P001926",17,101.2300,"SKU-ELE-001926",664,131.7900,"Electronic Components Product 01926",2443,"raw_material",651,"electronic_components","EA","buy","Y",2026-09-20 09:31:58.225711Z
1927,"P001927",28,94.3900,"SKU-PAC-001927",60,107.2200,"Packaging Product 01927",3394,"raw_material",73,"packaging","EA","buy","Y",2026-09-20 09:31:58.225711Z
1928,"P001928",32,154.7200,"SKU-STE-001928",1369,175.1800,"Steel Product 01928",1851,"raw_material",624,"steel","EA","buy","Y",2026-09-20 09:31:58.225711Z
1929,"P001929",11,81.1000,"SKU-STE-001929",350,99.8100,"Steel Product 01929",1076,"raw_material",578,"steel","EA","buy","Y",2026-09-20 09:31:58.225711Z
1930,"P001930",32,120.7600,"SKU-PAC-001930",992,161.1200,"Packaging Product 01930",1822,"raw_material",479,"packaging","EA","buy","Y",2026-09-20 09:31:58.225711Z
1931,"P001931",9,356.0000,"SKU-ALU-001931",909,428.0500,"Aluminium Product 01931",1206,"raw_material",796,"aluminium","M","buy","Y",2026-09-20 09:31:58.225711Z
1932,"P001932",4,69.5800,"SKU-PLA-001932",826,76.9100,"Plastic Product 01932",2410,"raw_material",345,"plastic","EA","buy","Y",2026-09-20 09:31:58.225711Z
1933,"P001933",7,43.4200,"SKU-STE-001933",740,56.2500,"Steel Product 01933",2352,"raw_material",559,"steel","EA","buy","Y",2026-09-20 09:31:58.225711Z
1934,"P001934",10,62.6100,"SKU-PAC-001934",752,79.0400,"Packaging Product 01934",1195,"raw_material",676,"packaging","EA","buy","Y",2026-09-20 09:31:58.225711Z
1935,"P001935",12,64.2300,"SKU-PLA-001935",898,79.0100,"Plastic Product 01935",1737,"raw_material",362,"plastic","EA","buy","Y",2026-09-20 09:31:58.225711Z
1936,"P001936",37,26.9500,"SKU-COP-001936",33,35.8300,"Copper Product 01936",1197,"raw_material",539,"copper","EA","buy","Y",2026-09-20 09:31:58.225711Z
1937,"P001937",37,31.8100,"SKU-ALU-001937",1372,43.3800,"Aluminium Product 01937",2608,"raw_material",197,"aluminium","EA","buy","Y",2026-09-20 09:31:58.225711Z
1938,"P001938",33,52.4900,"SKU-ELE-001938",146,73.1000,"Electronic Components Product 01938",583,"raw_material",12,"electronic_components","M","buy","Y",2026-09-20 09:31:58.225711Z
1939,"P001939",35,60.8500,"SKU-STE-001939",734,81.4000,"Steel Product 01939",1594,"raw_material",288,"steel","EA","buy","Y",2026-09-20 09:31:58.225711Z
1940,"P001940",18,374.8600,"SKU-PAC-001940",340,447.9700,"Packaging Product 01940",178,"raw_material",270,"packaging","KG","buy","Y",2026-09-20 09:31:58.225711Z
1941,"P001941",38,129.2400,"SKU-PLA-001941",1326,164.7700,"Plastic Product 01941",155,"raw_material",644,"plastic","KG","buy","Y",2026-09-20 09:31:58.225711Z
1942,"P001942",18,51.2300,"SKU-ALU-001942",206,67.4700,"Aluminium Product 01942",840,"raw_material",682,"aluminium","EA","buy","Y",2026-09-20 09:31:58.225711Z
1943,"P001943",16,172.3700,"SKU-STE-001943",585,215.0900,"Steel Product 01943",2879,"raw_material",757,"steel","EA","buy","Y",2026-09-20 09:31:58.225711Z
1944,"P001944",30,44.0900,"SKU-STE-001944",131,50.7900,"Steel Product 01944",646,"raw_material",787,"steel","EA","buy","Y",2026-09-20 09:31:58.225711Z
1945,"P001945",15,90.9200,"SKU-STE-001945",915,123.6400,"Steel Product 01945",2056,"raw_material",26,"steel","EA","buy","Y",2026-09-20 09:31:58.225711Z
1946,"P001946",35,53.7700,"SKU-COP-001946",1063,68.8100,"Copper Product 01946",698,"packaging",704,"copper","EA","buy","Y",2026-09-20 09:31:58.225711Z
1947,"P001947",14,56.5300,"SKU-PLA-001947",709,65.8300,"Plastic Product 01947",3250,"packaging",632,"plastic","EA","buy","Y",2026-09-20 09:31:58.225711Z
1948,"P001948",15,149.9800,"SKU-ELE-001948",1191,184.8000,"Electronic Components Product 01948",2788,"raw_material",737,"electronic_components","EA","buy","Y",2026-09-20 09:31:58.225711Z
1949,"P001949",8,94.5700,"SKU-PLA-001949",1468,116.1800,"Plastic Product 01949",1777,"raw_material",445,"plastic","EA","buy","Y",2026-09-20 09:31:58.225711Z
1950,"P001950",33,75.5400,"SKU-FAS-001950",96,98.6300,"Fasteners Product 01950",402,"raw_material",631,"fasteners","EA","buy","Y",2026-09-20 09:31:58.225711Z
1951,"P001951",37,161.1000,"SKU-STE-001951",1328,223.4500,"Steel Product 01951",141,"raw_material",207,"steel","L","buy","Y",2026-09-20 09:31:58.225711Z
1952,"P001952",8,34.8200,"SKU-PAC-001952",108,39.8900,"Packaging Product 01952",2126,"raw_material",356,"packaging","EA","buy","Y",2026-09-20 09:31:58.225711Z
1953,"P001953",33,76.2300,"SKU-ALU-001953",941,98.6400,"Aluminium Product 01953",1987,"raw_material",778,"aluminium","EA","buy","Y",2026-09-20 09:31:58.225711Z
1954,"P001954",29,9.2600,"SKU-COP-001954",920,13.0800,"Copper Product 01954",699,"raw_material",650,"copper","EA","buy","Y",2026-09-20 09:31:58.225711Z
1955,"P001955",27,173.0600,"SKU-PAC-001955",784,202.7900,"Packaging Product 01955",2166,"raw_material",498,"packaging","EA","buy","Y",2026-09-20 09:31:58.225711Z
1956,"P001956",30,79.4300,"SKU-STE-001956",378,104.5900,"Steel Product 01956",1280,"packaging",10,"steel","EA","buy","Y",2026-09-20 09:31:58.225711Z
1957,"P001957",33,88.1800,"SKU-FAS-001957",915,104.2900,"Fasteners Product 01957",1859,"raw_material",276,"fasteners","EA","buy","Y",2026-09-20 09:31:58.225711Z
1958,"P001958",25,99.6500,"SKU-PLA-001958",1243,125.2600,"Plastic Product 01958",2424,"packaging",512,"plastic","KG","buy","Y",2026-09-20 09:31:58.225711Z
1959,"P001959",10,56.9400,"SKU-PAC-001959",596,76.2600,"Packaging Product 01959",3077,"raw_material",733,"packaging","EA","buy","Y",2026-09-20 09:31:58.225711Z
1960,"P001960",12,49.0500,"SKU-STE-001960",493,57.2500,"Steel Product 01960",1930,"raw_material",79,"steel","EA","buy","Y",2026-09-20 09:31:58.225711Z
1961,"P001961",33,42.7300,"SKU-PAC-001961",575,49.4000,"Packaging Product 01961",3478,"raw_material",189,"packaging","M","buy","Y",2026-09-20 09:31:58.225711Z
1962,"P001962",25,29.9000,"SKU-COP-001962",894,32.6400,"Copper Product 01962",128,"raw_material",262,"copper","EA","buy","Y",2026-09-20 09:31:58.225711Z
1963,"P001963",25,33.8300,"SKU-STE-001963",468,43.9200,"Steel Product 01963",1007,"raw_material",599,"steel","EA","buy","Y",2026-09-20 09:31:58.225711Z
1964,"P001964",19,64.4800,"SKU-PLA-001964",1192,93.4900,"Plastic Product 01964",1087,"raw_material",673,"plastic","KG","buy","Y",2026-09-20 09:31:58.225711Z
1965,"P001965",31,119.9600,"SKU-PLA-001965",887,157.2800,"Plastic Product 01965",516,"raw_material",68,"plastic","EA","buy","Y",2026-09-20 09:31:58.225711Z
1966,"P001966",27,43.8700,"SKU-FAS-001966",646,58.6800,"Fasteners Product 01966",666,"raw_material",500,"fasteners","EA","buy","Y",2026-09-20 09:31:58.225711Z
1967,"P001967",14,16.9000,"SKU-ELE-001967",746,22.7500,"Electronic Components Product 01967",1516,"raw_material",592,"electronic_components","EA","buy","Y",2026-09-20 09:31:58.225711Z
1968,"P001968",33,54.3700,"SKU-STE-001968",1436,75.5000,"Steel Product 01968",118,"raw_material",334,"steel","EA","buy","Y",2026-09-20 09:31:58.225711Z
1969,"P001969",27,65.5800,"SKU-PAC-001969",877,86.2200,"Packaging Product 01969",2258,"raw_material",564,"packaging","EA","buy","Y",2026-09-20 09:31:58.225711Z
1970,"P001970",36,102.3600,"SKU-PAC-001970",720,129.5400,"Packaging Product 01970",2022,"raw_material",746,"packaging","EA","buy","Y",2026-09-20 09:31:58.225711Z
1971,"P001971",33,36.3500,"SKU-PAC-001971",754,41.0100,"Packaging Product 01971",116,"raw_material",629,"packaging","EA","buy","Y",2026-09-20 09:31:58.225711Z
1972,"P001972",36,69.0000,"SKU-PLA-001972",641,83.2100,"Plastic Product 01972",2998,"raw_material",292,"plastic","KG","buy","Y",2026-09-20 09:31:58.225711Z
1973,"P001973",36,30.3800,"SKU-ELE-001973",49,39.1800,"Electronic Components Product 01973",1503,"raw_material",246,"electronic_components","EA","buy","Y",2026-09-20 09:31:58.225711Z
1974,"P001974",28,19.4600,"SKU-COP-001974",423,27.7100,"Copper Product 01974",3247,"raw_material",285,"copper","KG","buy","Y",2026-09-20 09:31:58.225711Z
1975,"P001975",22,73.7600,"SKU-COP-001975",1038,104.1200,"Copper Product 01975",2710,"packaging",609,"copper","EA","buy","Y",2026-09-20 09:31:58.225711Z
1976,"P001976",7,16.5800,"SKU-COP-001976",1132,22.1300,"Copper Product 01976",921,"raw_material",433,"copper","KG","buy","Y",2026-09-20 09:31:58.225711Z
1977,"P001977",13,117.7100,"SKU-COP-001977",238,161.1100,"Copper Product 01977",2329,"raw_material",391,"copper","EA","buy","Y",2026-09-20 09:31:58.225711Z
1978,"P001978",22,62.5100,"SKU-ALU-001978",775,87.6200,"Aluminium Product 01978",546,"raw_material",406,"aluminium","EA","buy","Y",2026-09-20 09:31:58.225711Z
1979,"P001979",22,33.1300,"SKU-STE-001979",1134,38.5800,"Steel Product 01979",3453,"raw_material",31,"steel","EA","buy","Y",2026-09-20 09:31:58.225711Z
1980,"P001980",21,20.9700,"SKU-FAS-001980",1137,27.8800,"Fasteners Product 01980",2200,"raw_material",652,"fasteners","EA","buy","Y",2026-09-20 09:31:58.225711Z
1981,"P001981",7,62.7300,"SKU-PLA-001981",1017,90.1400,"Plastic Product 01981",2943,"packaging",38,"plastic","EA","buy","Y",2026-09-20 09:31:58.225711Z
1982,"P001982",14,103.1700,"SKU-PLA-001982",1065,148.6600,"Plastic Product 01982",2201,"raw_material",91,"plastic","EA","buy","Y",2026-09-20 09:31:58.225711Z
1983,"P001983",32,64.8100,"SKU-STE-001983",939,77.5200,"Steel Product 01983",1689,"raw_material",100,"steel","EA","buy","Y",2026-09-20 09:31:58.225711Z
1984,"P001984",20,41.0600,"SKU-ELE-001984",864,52.0200,"Electronic Components Product 01984",2555,"raw_material",150,"electronic_components","EA","buy","Y",2026-09-20 09:31:58.225711Z
1985,"P001985",36,115.5500,"SKU-STE-001985",430,153.4700,"Steel Product 01985",984,"raw_material",422,"steel","EA","buy","Y",2026-09-20 09:31:58.225711Z
1986,"P001986",13,71.8500,"SKU-ELE-001986",1245,88.0700,"Electronic Components Product 01986",2254,"raw_material",320,"electronic_components","M","buy","Y",2026-09-20 09:31:58.225711Z
1987,"P001987",17,20.1800,"SKU-PAC-001987",1125,26.7300,"Packaging Product 01987",3416,"raw_material",128,"packaging","EA","buy","Y",2026-09-20 09:31:58.225711Z
1988,"P001988",36,91.0100,"SKU-STE-001988",430,120.6000,"Steel Product 01988",1686,"packaging",662,"steel","EA","buy","Y",2026-09-20 09:31:58.225711Z
1989,"P001989",13,162.0000,"SKU-STE-001989",320,177.1500,"Steel Product 01989",3077,"raw_material",115,"steel","EA","buy","Y",2026-09-20 09:31:58.225711Z
1990,"P001990",6,65.2800,"SKU-FAS-001990",1338,77.8900,"Fasteners Product 01990",3409,"raw_material",265,"fasteners","M","buy","Y",2026-09-20 09:31:58.225711Z
1991,"P001991",8,41.1100,"SKU-FAS-001991",744,55.2400,"Fasteners Product 01991",280,"raw_material",155,"fasteners","KG","buy","Y",2026-09-20 09:31:58.225711Z
1992,"P001992",8,57.7400,"SKU-FAS-001992",385,81.7300,"Fasteners Product 01992",740,"raw_material",400,"fasteners","EA","buy","Y",2026-09-20 09:31:58.225711Z
1993,"P001993",22,150.5300,"SKU-STE-001993",1049,188.4200,"Steel Product 01993",3004,"raw_material",18,"steel","EA","buy","Y",2026-09-20 09:31:58.225711Z
1994,"P001994",13,98.9600,"SKU-PLA-001994",150,132.4300,"Plastic Product 01994",260,"raw_material",675,"plastic","EA","buy","Y",2026-09-20 09:31:58.225711Z
1995,"P001995",16,79.6500,"SKU-ELE-001995",1022,105.4200,"Electronic Components Product 01995",2648,"packaging",574,"electronic_components","EA","buy","Y",2026-09-20 09:31:58.225711Z
1996,"P001996",35,105.5700,"SKU-STE-001996",1017,119.0700,"Steel Product 01996",2209,"raw_material",349,"steel","EA","buy","Y",2026-09-20 09:31:58.225711Z
1997,"P001997",34,15.6700,"SKU-ALU-001997",1409,18.0600,"Aluminium Product 01997",2033,"raw_material",292,"aluminium","EA","buy","Y",2026-09-20 09:31:58.225711Z
1998,"P001998",30,18.8200,"SKU-PLA-001998",1153,24.8400,"Plastic Product 01998",2047,"raw_material",383,"plastic","EA","buy","Y",2026-09-20 09:31:58.225711Z
1999,"P001999",27,169.2900,"SKU-PAC-001999",603,221.1700,"Packaging Product 01999",3207,"raw_material",460,"packaging","L","buy","Y",2026-09-20 09:31:58.225711Z
2000,"P002000",20,31.1400,"SKU-ELE-002000",268,42.4900,"Electronic Components Product 02000",775,"raw_material",606,"electronic_components","EA","buy","Y",2026-09-20 09:31:58.225711Z
2001,"P002001",5,54.7800,"SKU-ALU-002001",1263,60.2000,"Aluminium Product 02001",905,"raw_material",286,"aluminium","EA","buy","Y",2026-09-20 09:31:58.225711Z
2002,"P002002",38,104.0900,"SKU-PLA-002002",1432,126.1000,"Plastic Product 02002",3008,"raw_material",738,"plastic","L","buy","Y",2026-09-20 09:31:58.225711Z
2003,"P002003",22,237.7800,"SKU-ALU-002003",134,329.0100,"Aluminium Product 02003",1803,"packaging",213,"aluminium","EA","buy","Y",2026-09-20 09:31:58.225711Z
2004,"P002004",20,64.4200,"SKU-ELE-002004",1038,83.9500,"Electronic Components Product 02004",738,"raw_material",271,"electronic_components","EA","buy","Y",2026-09-20 09:31:58.225711Z
2005,"P002005",36,47.9300,"SKU-ELE-002005",508,51.8800,"Electronic Components Product 02005",869,"raw_material",233,"electronic_components","KG","buy","Y",2026-09-20 09:31:58.225711Z
2006,"P002006",27,103.8900,"SKU-PLA-002006",1286,141.7900,"Plastic Product 02006",1644,"packaging",454,"plastic","KG","buy","Y",2026-09-20 09:31:58.225711Z
2007,"P002007",29,148.1800,"SKU-STE-002007",1366,206.4800,"Steel Product 02007",2999,"packaging",121,"steel","KG","buy","Y",2026-09-20 09:31:58.225711Z
2008,"P002008",30,90.4700,"SKU-STE-002008",247,121.2100,"Steel Product 02008",1964,"raw_material",271,"steel","EA","buy","Y",2026-09-20 09:31:58.225711Z
2009,"P002009",17,17.1500,"SKU-PLA-002009",545,19.9600,"Plastic Product 02009",1486,"raw_material",194,"plastic","EA","buy","Y",2026-09-20 09:31:58.225711Z
2010,"P002010",18,155.4900,"SKU-FAS-002010",1174,172.8200,"Fasteners Product 02010",2525,"raw_material",140,"fasteners","EA","buy","Y",2026-09-20 09:31:58.225711Z
2011,"P002011",17,207.5500,"SKU-ALU-002011",51,267.0800,"Aluminium Product 02011",1970,"raw_material",313,"aluminium","EA","buy","Y",2026-09-20 09:31:58.225711Z
2012,"P002012",4,64.9100,"SKU-PLA-002012",573,77.0300,"Plastic Product 02012",2008,"raw_material",680,"plastic","L","buy","Y",2026-09-20 09:31:58.225711Z
2013,"P002013",27,41.3700,"SKU-ALU-002013",1374,58.7300,"Aluminium Product 02013",3221,"raw_material",208,"aluminium","EA","buy","Y",2026-09-20 09:31:58.225711Z
2014,"P002014",17,191.9300,"SKU-PLA-002014",424,252.4200,"Plastic Product 02014",514,"raw_material",716,"plastic","L","buy","Y",2026-09-20 09:31:58.225711Z
2015,"P002015",13,16.9000,"SKU-PLA-002015",412,19.5300,"Plastic Product 02015",3330,"raw_material",109,"plastic","KG","buy","Y",2026-09-20 09:31:58.225711Z
2016,"P002016",7,39.8400,"SKU-STE-002016",151,52.6200,"Steel Product 02016",3493,"raw_material",293,"steel","KG","buy","Y",2026-09-20 09:31:58.225711Z
2017,"P002017",32,158.4500,"SKU-PAC-002017",463,198.5300,"Packaging Product 02017",1061,"raw_material",245,"packaging","KG","buy","Y",2026-09-20 09:31:58.225711Z
2018,"P002018",27,30.7700,"SKU-FAS-002018",1146,37.3200,"Fasteners Product 02018",1361,"raw_material",612,"fasteners","EA","buy","Y",2026-09-20 09:31:58.225711Z
2019,"P002019",25,72.2700,"SKU-ELE-002019",699,104.6300,"Electronic Components Product 02019",248,"raw_material",557,"electronic_components","EA","buy","Y",2026-09-20 09:31:58.225711Z
2020,"P002020",4,169.8400,"SKU-ALU-002020",909,204.8300,"Aluminium Product 02020",670,"raw_material",22,"aluminium","EA","buy","Y",2026-09-20 09:31:58.225711Z
2021,"P002021",9,23.7300,"SKU-PLA-002021",427,30.9400,"Plastic Product 02021",2559,"raw_material",653,"plastic","EA","buy","Y",2026-09-20 09:31:58.225711Z
2022,"P002022",23,84.0900,"SKU-FAS-002022",471,100.6900,"Fasteners Product 02022",187,"raw_material",307,"fasteners","EA","buy","Y",2026-09-20 09:31:58.225711Z
2023,"P002023",5,21.9100,"SKU-PAC-002023",757,25.2000,"Packaging Product 02023",2157,"raw_material",44,"packaging","EA","buy","Y",2026-09-20 09:31:58.225711Z
2024,"P002024",28,105.9000,"SKU-FAS-002024",189,120.5500,"Fasteners Product 02024",654,"raw_material",351,"fasteners","EA","buy","Y",2026-09-20 09:31:58.225711Z
2025,"P002025",16,100.1300,"SKU-ALU-002025",656,112.3500,"Aluminium Product 02025",2323,"raw_material",189,"aluminium","EA","buy","Y",2026-09-20 09:31:58.225711Z
2026,"P002026",26,41.2500,"SKU-PLA-002026",568,58.5900,"Plastic Product 02026",1910,"raw_material",108,"plastic","EA","buy","Y",2026-09-20 09:31:58.225711Z
2027,"P002027",10,73.6500,"SKU-COP-002027",292,80.8000,"Copper Product 02027",1615,"raw_material",672,"copper","EA","buy","Y",2026-09-20 09:31:58.225711Z
2028,"P002028",8,73.7500,"SKU-PLA-002028",272,95.2800,"Plastic Product 02028",2516,"raw_material",281,"plastic","L","buy","Y",2026-09-20 09:31:58.225711Z
2029,"P002029",20,48.4500,"SKU-PLA-002029",1211,54.6500,"Plastic Product 02029",3014,"raw_material",394,"plastic","EA","buy","Y",2026-09-20 09:31:58.225711Z
2030,"P002030",31,102.6300,"SKU-FAS-002030",877,139.5600,"Fasteners Product 02030",2514,"raw_material",500,"fasteners","KG","buy","Y",2026-09-20 09:31:58.225711Z
2031,"P002031",23,30.6700,"SKU-FAS-002031",866,34.3700,"Fasteners Product 02031",3193,"raw_material",606,"fasteners","EA","buy","Y",2026-09-20 09:31:58.225711Z
2032,"P002032",28,155.5400,"SKU-ELE-002032",197,209.8800,"Electronic Components Product 02032",610,"raw_material",771,"electronic_components","EA","buy","Y",2026-09-20 09:31:58.225711Z
2033,"P002033",14,17.2200,"SKU-STE-002033",495,19.8800,"Steel Product 02033",2069,"raw_material",795,"steel","EA","buy","Y",2026-09-20 09:31:58.225711Z
2034,"P002034",18,348.5100,"SKU-ALU-002034",1344,430.8400,"Aluminium Product 02034",140,"packaging",122,"aluminium","EA","buy","Y",2026-09-20 09:31:58.225711Z
2035,"P002035",34,189.1700,"SKU-ALU-002035",1220,244.0600,"Aluminium Product 02035",358,"raw_material",142,"aluminium","EA","buy","Y",2026-09-20 09:31:58.225711Z
2036,"P002036",31,16.0300,"SKU-PLA-002036",1173,18.9100,"Plastic Product 02036",834,"raw_material",189,"plastic","KG","buy","Y",2026-09-20 09:31:58.225711Z
2037,"P002037",31,12.4500,"SKU-ELE-002037",1072,16.7200,"Electronic Components Product 02037",1586,"raw_material",30,"electronic_components","M","buy","Y",2026-09-20 09:31:58.225711Z
2038,"P002038",29,53.1900,"SKU-ALU-002038",913,76.3000,"Aluminium Product 02038",3433,"raw_material",489,"aluminium","EA","buy","Y",2026-09-20 09:31:58.225711Z
2039,"P002039",30,79.8800,"SKU-ELE-002039",1150,115.7400,"Electronic Components Product 02039",2776,"raw_material",58,"electronic_components","EA","buy","Y",2026-09-20 09:31:58.225711Z
2040,"P002040",36,25.2800,"SKU-ELE-002040",724,30.9600,"Electronic Components Product 02040",1522,"raw_material",308,"electronic_components","EA","buy","Y",2026-09-20 09:31:58.225711Z
2041,"P002041",19,38.6700,"SKU-ELE-002041",478,55.0800,"Electronic Components Product 02041",297,"raw_material",63,"electronic_components","KG","buy","Y",2026-09-20 09:31:58.225711Z
2042,"P002042",22,60.7700,"SKU-ALU-002042",182,72.1200,"Aluminium Product 02042",2486,"raw_material",775,"aluminium","KG","buy","Y",2026-09-20 09:31:58.225711Z
2043,"P002043",37,371.8400,"SKU-PAC-002043",1427,468.4900,"Packaging Product 02043",2621,"raw_material",431,"packaging","EA","buy","Y",2026-09-20 09:31:58.225711Z
2044,"P002044",22,27.4700,"SKU-FAS-002044",45,31.7900,"Fasteners Product 02044",3075,"raw_material",762,"fasteners","EA","buy","Y",2026-09-20 09:31:58.225711Z
2045,"P002045",26,99.2600,"SKU-ELE-002045",439,108.8900,"Electronic Components Product 02045",3334,"raw_material",36,"electronic_components","KG","buy","Y",2026-09-20 09:31:58.225711Z
2046,"P002046",37,13.0800,"SKU-ALU-002046",131,14.5600,"Aluminium Product 02046",189,"raw_material",232,"aluminium","EA","buy","Y",2026-09-20 09:31:58.225711Z
2047,"P002047",33,36.1400,"SKU-PLA-002047",1030,41.7200,"Plastic Product 02047",3124,"raw_material",123,"plastic","EA","buy","Y",2026-09-20 09:31:58.225711Z
2048,"P002048",30,115.2500,"SKU-PLA-002048",518,158.4900,"Plastic Product 02048",2293,"raw_material",42,"plastic","M","buy","Y",2026-09-20 09:31:58.225711Z
2049,"P002049",5,88.8200,"SKU-COP-002049",343,121.1400,"Copper Product 02049",1106,"raw_material",586,"copper","EA","buy","Y",2026-09-20 09:31:58.225711Z
2050,"P002050",25,71.7200,"SKU-ALU-002050",366,81.4900,"Aluminium Product 02050",416,"raw_material",204,"aluminium","EA","buy","Y",2026-09-20 09:31:58.225711Z
2051,"P002051",30,22.7700,"SKU-STE-002051",624,27.2200,"Steel Product 02051",2768,"raw_material",359,"steel","EA","buy","Y",2026-09-20 09:31:58.225711Z
2052,"P002052",24,121.5000,"SKU-FAS-002052",362,147.7600,"Fasteners Product 02052",1788,"raw_material",387,"fasteners","M","buy","Y",2026-09-20 09:31:58.225711Z
2053,"P002053",13,55.9800,"SKU-ELE-002053",1276,78.5500,"Electronic Components Product 02053",1468,"raw_material",604,"electronic_components","EA","buy","Y",2026-09-20 09:31:58.225711Z
2054,"P002054",35,70.5700,"SKU-PLA-002054",1178,99.3500,"Plastic Product 02054",3192,"packaging",735,"plastic","EA","buy","Y",2026-09-20 09:31:58.225711Z
2055,"P002055",10,200.0300,"SKU-ALU-002055",23,252.2600,"Aluminium Product 02055",2620,"packaging",318,"aluminium","EA","buy","Y",2026-09-20 09:31:58.225711Z
2056,"P002056",22,48.5600,"SKU-ALU-002056",928,57.9500,"Aluminium Product 02056",208,"raw_material",85,"aluminium","EA","buy","Y",2026-09-20 09:31:58.225711Z
2057,"P002057",22,290.2200,"SKU-ALU-002057",233,337.8700,"Aluminium Product 02057",1677,"raw_material",612,"aluminium","M","buy","Y",2026-09-20 09:31:58.225711Z
2058,"P002058",33,19.1500,"SKU-STE-002058",543,27.5200,"Steel Product 02058",236,"raw_material",148,"steel","L","buy","Y",2026-09-20 09:31:58.225711Z
2059,"P002059",20,63.3400,"SKU-ELE-002059",461,77.3900,"Electronic Components Product 02059",778,"raw_material",712,"electronic_components","EA","buy","Y",2026-09-20 09:31:58.225711Z
2060,"P002060",27,148.8000,"SKU-ALU-002060",1361,193.2900,"Aluminium Product 02060",971,"packaging",228,"aluminium","KG","buy","Y",2026-09-20 09:31:58.225711Z
2061,"P002061",21,50.8100,"SKU-FAS-002061",1441,73.2300,"Fasteners Product 02061",362,"raw_material",255,"fasteners","EA","buy","Y",2026-09-20 09:31:58.225711Z
2062,"P002062",25,38.8200,"SKU-ELE-002062",1367,55.5500,"Electronic Components Product 02062",1066,"raw_material",244,"electronic_components","EA","buy","Y",2026-09-20 09:31:58.225711Z
2063,"P002063",14,351.4100,"SKU-ALU-002063",99,505.0800,"Aluminium Product 02063",3304,"packaging",30,"aluminium","EA","buy","Y",2026-09-20 09:31:58.225711Z
2064,"P002064",15,93.7800,"SKU-FAS-002064",981,111.0300,"Fasteners Product 02064",1212,"packaging",497,"fasteners","KG","buy","Y",2026-09-20 09:31:58.225711Z
2065,"P002065",10,19.9200,"SKU-ALU-002065",1034,23.0300,"Aluminium Product 02065",2849,"raw_material",592,"aluminium","KG","buy","Y",2026-09-20 09:31:58.225711Z
2066,"P002066",31,75.5700,"SKU-STE-002066",1133,96.8300,"Steel Product 02066",1969,"raw_material",238,"steel","EA","buy","Y",2026-09-20 09:31:58.225711Z
2067,"P002067",35,16.6900,"SKU-PLA-002067",1260,23.1400,"Plastic Product 02067",3211,"raw_material",443,"plastic","KG","buy","Y",2026-09-20 09:31:58.225711Z
2068,"P002068",10,143.2000,"SKU-PLA-002068",1082,192.9900,"Plastic Product 02068",1080,"raw_material",122,"plastic","KG","buy","Y",2026-09-20 09:31:58.225711Z
2069,"P002069",19,35.4300,"SKU-COP-002069",1408,47.7000,"Copper Product 02069",2717,"raw_material",665,"copper","L","buy","Y",2026-09-20 09:31:58.225711Z
2070,"P002070",27,199.4200,"SKU-ALU-002070",691,271.7200,"Aluminium Product 02070",343,"raw_material",597,"aluminium","L","buy","Y",2026-09-20 09:31:58.225711Z
2071,"P002071",32,39.7600,"SKU-COP-002071",681,47.0800,"Copper Product 02071",124,"raw_material",291,"copper","EA","buy","Y",2026-09-20 09:31:58.225711Z
2072,"P002072",19,68.1100,"SKU-FAS-002072",1207,82.9700,"Fasteners Product 02072",3154,"raw_material",625,"fasteners","EA","buy","Y",2026-09-20 09:31:58.225711Z
2073,"P002073",25,133.5100,"SKU-ELE-002073",365,185.9700,"Electronic Components Product 02073",373,"packaging",69,"electronic_components","KG","buy","Y",2026-09-20 09:31:58.225711Z
2074,"P002074",32,38.3800,"SKU-STE-002074",853,46.9500,"Steel Product 02074",3440,"packaging",665,"steel","EA","buy","Y",2026-09-20 09:31:58.225711Z
2075,"P002075",12,238.9700,"SKU-ELE-002075",273,271.3500,"Electronic Components Product 02075",1764,"raw_material",532,"electronic_components","EA","buy","Y",2026-09-20 09:31:58.225711Z
2076,"P002076",18,83.8700,"SKU-FAS-002076",982,99.8400,"Fasteners Product 02076",2665,"raw_material",26,"fasteners","KG","buy","Y",2026-09-20 09:31:58.225711Z
2077,"P002077",7,22.8400,"SKU-PAC-002077",1024,29.1600,"Packaging Product 02077",467,"packaging",731,"packaging","EA","buy","Y",2026-09-20 09:31:58.225711Z
2078,"P002078",32,86.8100,"SKU-STE-002078",682,120.9400,"Steel Product 02078",1619,"raw_material",326,"steel","M","buy","Y",2026-09-20 09:31:58.225711Z
2079,"P002079",15,127.2500,"SKU-STE-002079",315,155.1300,"Steel Product 02079",3132,"raw_material",586,"steel","EA","buy","Y",2026-09-20 09:31:58.225711Z
2080,"P002080",15,38.0800,"SKU-PLA-002080",331,42.1200,"Plastic Product 02080",1217,"raw_material",397,"plastic","EA","buy","Y",2026-09-20 09:31:58.225711Z
2081,"P002081",25,80.6000,"SKU-COP-002081",817,94.4800,"Copper Product 02081",2927,"raw_material",639,"copper","EA","buy","Y",2026-09-20 09:31:58.225711Z
2082,"P002082",22,37.1400,"SKU-STE-002082",498,42.1500,"Steel Product 02082",1603,"raw_material",500,"steel","EA","buy","Y",2026-09-20 09:31:58.225711Z
2083,"P002083",6,64.0200,"SKU-ELE-002083",393,79.0800,"Electronic Components Product 02083",1954,"raw_material",744,"electronic_components","EA","buy","Y",2026-09-20 09:31:58.225711Z
2084,"P002084",6,30.5200,"SKU-FAS-002084",87,43.2500,"Fasteners Product 02084",64,"raw_material",581,"fasteners","EA","buy","Y",2026-09-20 09:31:58.225711Z
2085,"P002085",6,106.2800,"SKU-ELE-002085",228,149.6500,"Electronic Components Product 02085",271,"raw_material",665,"electronic_components","EA","buy","Y",2026-09-20 09:31:58.225711Z
2086,"P002086",9,85.5500,"SKU-PAC-002086",1473,92.9700,"Packaging Product 02086",610,"raw_material",468,"packaging","EA","buy","Y",2026-09-20 09:31:58.225711Z
2087,"P002087",21,92.9500,"SKU-PAC-002087",1095,121.9300,"Packaging Product 02087",1701,"raw_material",51,"packaging","EA","buy","Y",2026-09-20 09:31:58.225711Z
2088,"P002088",37,32.4100,"SKU-PLA-002088",1167,41.2800,"Plastic Product 02088",1868,"raw_material",292,"plastic","M","buy","Y",2026-09-20 09:31:58.225711Z
2089,"P002089",4,117.5000,"SKU-PLA-002089",1425,133.5100,"Plastic Product 02089",3306,"packaging",771,"plastic","KG","buy","Y",2026-09-20 09:31:58.225711Z
2090,"P002090",5,145.9700,"SKU-ALU-002090",231,188.7500,"Aluminium Product 02090",1086,"packaging",460,"aluminium","EA","buy","Y",2026-09-20 09:31:58.225711Z
2091,"P002091",13,64.5600,"SKU-PAC-002091",451,89.7800,"Packaging Product 02091",2452,"packaging",160,"packaging","EA","buy","Y",2026-09-20 09:31:58.225711Z
2092,"P002092",29,78.5100,"SKU-ALU-002092",472,113.1200,"Aluminium Product 02092",3072,"raw_material",218,"aluminium","EA","buy","Y",2026-09-20 09:31:58.225711Z
2093,"P002093",26,72.9400,"SKU-COP-002093",556,80.9300,"Copper Product 02093",1761,"raw_material",657,"copper","EA","buy","Y",2026-09-20 09:31:58.225711Z
2094,"P002094",37,45.6600,"SKU-FAS-002094",281,57.1700,"Fasteners Product 02094",767,"raw_material",791,"fasteners","KG","buy","Y",2026-09-20 09:31:58.225711Z
2095,"P002095",36,32.0500,"SKU-PLA-002095",19,45.1900,"Plastic Product 02095",2972,"raw_material",519,"plastic","L","buy","Y",2026-09-20 09:31:58.225711Z
2096,"P002096",10,117.8800,"SKU-PLA-002096",525,137.3500,"Plastic Product 02096",480,"packaging",439,"plastic","EA","buy","Y",2026-09-20 09:31:58.225711Z
2097,"P002097",28,79.6900,"SKU-PAC-002097",1288,105.8000,"Packaging Product 02097",272,"raw_material",369,"packaging","EA","buy","Y",2026-09-20 09:31:58.225711Z
2098,"P002098",38,45.2800,"SKU-FAS-002098",259,53.6800,"Fasteners Product 02098",1309,"raw_material",480,"fasteners","KG","buy","Y",2026-09-20 09:31:58.225711Z
2099,"P002099",19,44.8000,"SKU-PLA-002099",1483,59.8200,"Plastic Product 02099",1011,"raw_material",17,"plastic","EA","buy","Y",2026-09-20 09:31:58.225711Z
2100,"P002100",29,209.3600,"SKU-PLA-002100",1276,254.9400,"Plastic Product 02100",131,"raw_material",467,"plastic","EA","buy","Y",2026-09-20 09:31:58.225711Z
2101,"P002101",16,57.2200,"SKU-STE-002101",91,67.1200,"Steel Product 02101",739,"raw_material",404,"steel","KG","buy","Y",2026-09-20 09:31:58.225711Z
2102,"P002102",21,73.7200,"SKU-ELE-002102",1100,94.2600,"Electronic Components Product 02102",922,"raw_material",330,"electronic_components","EA","buy","Y",2026-09-20 09:31:58.225711Z
2103,"P002103",19,92.8000,"SKU-STE-002103",1215,118.3100,"Steel Product 02103",505,"raw_material",228,"steel","M","buy","Y",2026-09-20 09:31:58.225711Z
2104,"P002104",23,31.8300,"SKU-ALU-002104",1359,36.2500,"Aluminium Product 02104",2920,"raw_material",349,"aluminium","EA","buy","Y",2026-09-20 09:31:58.225711Z
2105,"P002105",32,143.6900,"SKU-STE-002105",574,196.2100,"Steel Product 02105",380,"raw_material",500,"steel","KG","buy","Y",2026-09-20 09:31:58.225711Z
2106,"P002106",7,60.4500,"SKU-ELE-002106",608,82.0200,"Electronic Components Product 02106",1939,"raw_material",282,"electronic_components","M","buy","Y",2026-09-20 09:31:58.225711Z
2107,"P002107",20,80.8100,"SKU-PAC-002107",329,103.0100,"Packaging Product 02107",3475,"packaging",354,"packaging","KG","buy","Y",2026-09-20 09:31:58.225711Z
2108,"P002108",29,41.1100,"SKU-ELE-002108",771,49.8000,"Electronic Components Product 02108",3376,"raw_material",356,"electronic_components","EA","buy","Y",2026-09-20 09:31:58.225711Z
2109,"P002109",28,86.4000,"SKU-ALU-002109",1222,111.7000,"Aluminium Product 02109",625,"raw_material",544,"aluminium","EA","buy","Y",2026-09-20 09:31:58.225711Z
2110,"P002110",6,82.6700,"SKU-PLA-002110",957,107.6300,"Plastic Product 02110",414,"raw_material",792,"plastic","KG","buy","Y",2026-09-20 09:31:58.225711Z
2111,"P002111",9,19.2900,"SKU-FAS-002111",1147,20.9000,"Fasteners Product 02111",2614,"raw_material",317,"fasteners","EA","buy","Y",2026-09-20 09:31:58.225711Z
2112,"P002112",4,53.6700,"SKU-ELE-002112",1181,61.9200,"Electronic Components Product 02112",2643,"raw_material",689,"electronic_components","M","buy","Y",2026-09-20 09:31:58.225711Z
2113,"P002113",16,69.6900,"SKU-STE-002113",815,86.5300,"Steel Product 02113",2697,"raw_material",488,"steel","EA","buy","Y",2026-09-20 09:31:58.225711Z
2114,"P002114",9,32.6300,"SKU-COP-002114",1220,46.5900,"Copper Product 02114",64,"raw_material",118,"copper","EA","buy","Y",2026-09-20 09:31:58.225711Z
2115,"P002115",6,29.8500,"SKU-FAS-002115",490,33.1300,"Fasteners Product 02115",2845,"raw_material",77,"fasteners","L","buy","Y",2026-09-20 09:31:58.225711Z
2116,"P002116",32,45.9500,"SKU-ALU-002116",387,51.5500,"Aluminium Product 02116",381,"raw_material",184,"aluminium","M","buy","Y",2026-09-20 09:31:58.225711Z
2117,"P002117",34,60.9300,"SKU-PLA-002117",1074,81.5900,"Plastic Product 02117",339,"raw_material",596,"plastic","EA","buy","Y",2026-09-20 09:31:58.225711Z
2118,"P002118",10,28.7300,"SKU-FAS-002118",198,36.1600,"Fasteners Product 02118",1672,"raw_material",203,"fasteners","EA","buy","Y",2026-09-20 09:31:58.225711Z
2119,"P002119",36,254.4800,"SKU-FAS-002119",1351,334.9600,"Fasteners Product 02119",3285,"raw_material",581,"fasteners","EA","buy","Y",2026-09-20 09:31:58.225711Z
2120,"P002120",32,22.7200,"SKU-FAS-002120",163,27.6900,"Fasteners Product 02120",2744,"raw_material",245,"fasteners","L","buy","Y",2026-09-20 09:31:58.225711Z
2121,"P002121",28,67.5900,"SKU-PAC-002121",1281,87.9500,"Packaging Product 02121",2673,"raw_material",640,"packaging","EA","buy","Y",2026-09-20 09:31:58.225711Z
2122,"P002122",36,39.4100,"SKU-PAC-002122",712,52.7500,"Packaging Product 02122",1300,"packaging",697,"packaging","KG","buy","Y",2026-09-20 09:31:58.225711Z
2123,"P002123",19,28.8900,"SKU-STE-002123",257,40.1600,"Steel Product 02123",1765,"raw_material",702,"steel","EA","buy","Y",2026-09-20 09:31:58.225711Z
2124,"P002124",6,74.8100,"SKU-STE-002124",1038,88.2500,"Steel Product 02124",2729,"raw_material",243,"steel","L","buy","Y",2026-09-20 09:31:58.225711Z
2125,"P002125",25,302.3700,"SKU-ELE-002125",306,385.0100,"Electronic Components Product 02125",617,"raw_material",530,"electronic_components","KG","buy","Y",2026-09-20 09:31:58.225711Z
2126,"P002126",11,41.4300,"SKU-FAS-002126",692,52.3800,"Fasteners Product 02126",2762,"raw_material",121,"fasteners","EA","buy","Y",2026-09-20 09:31:58.225711Z
2127,"P002127",27,148.4300,"SKU-ELE-002127",663,208.3900,"Electronic Components Product 02127",672,"raw_material",133,"electronic_components","KG","buy","Y",2026-09-20 09:31:58.225711Z
2128,"P002128",13,53.3200,"SKU-ALU-002128",1195,76.3600,"Aluminium Product 02128",1243,"raw_material",358,"aluminium","EA","buy","Y",2026-09-20 09:31:58.225711Z
2129,"P002129",21,133.6700,"SKU-STE-002129",990,168.0800,"Steel Product 02129",2138,"raw_material",767,"steel","EA","buy","Y",2026-09-20 09:31:58.225711Z
2130,"P002130",29,51.3500,"SKU-FAS-002130",167,67.3300,"Fasteners Product 02130",1782,"raw_material",540,"fasteners","EA","buy","Y",2026-09-20 09:31:58.225711Z
2131,"P002131",35,83.1500,"SKU-FAS-002131",1106,103.7200,"Fasteners Product 02131",818,"raw_material",512,"fasteners","M","buy","Y",2026-09-20 09:31:58.225711Z
2132,"P002132",36,47.6800,"SKU-PLA-002132",800,62.8000,"Plastic Product 02132",959,"raw_material",163,"plastic","EA","buy","Y",2026-09-20 09:31:58.225711Z
2133,"P002133",32,8.0000,"SKU-PAC-002133",1313,9.9200,"Packaging Product 02133",3436,"packaging",476,"packaging","EA","buy","Y",2026-09-20 09:31:58.225711Z
2134,"P002134",21,17.0000,"SKU-STE-002134",1004,22.0100,"Steel Product 02134",322,"raw_material",192,"steel","EA","buy","Y",2026-09-20 09:31:58.225711Z
2135,"P002135",8,156.4900,"SKU-ELE-002135",195,192.4600,"Electronic Components Product 02135",2656,"raw_material",622,"electronic_components","EA","buy","Y",2026-09-20 09:31:58.225711Z
2136,"P002136",28,187.4900,"SKU-ELE-002136",1122,270.9900,"Electronic Components Product 02136",1344,"packaging",431,"electronic_components","M","buy","Y",2026-09-20 09:31:58.225711Z
2137,"P002137",37,85.6600,"SKU-STE-002137",874,119.6800,"Steel Product 02137",466,"raw_material",748,"steel","EA","buy","Y",2026-09-20 09:31:58.225711Z
2138,"P002138",22,138.9400,"SKU-PAC-002138",795,197.3300,"Packaging Product 02138",1720,"packaging",183,"packaging","EA","buy","Y",2026-09-20 09:31:58.225711Z
2139,"P002139",22,39.5600,"SKU-PLA-002139",184,57.3300,"Plastic Product 02139",1791,"raw_material",745,"plastic","EA","buy","Y",2026-09-20 09:31:58.225711Z
2140,"P002140",18,269.0900,"SKU-ALU-002140",1299,319.4500,"Aluminium Product 02140",657,"raw_material",199,"aluminium","EA","buy","Y",2026-09-20 09:31:58.225711Z
2141,"P002141",29,97.2100,"SKU-PAC-002141",902,126.2100,"Packaging Product 02141",748,"raw_material",780,"packaging","EA","buy","Y",2026-09-20 09:31:58.225711Z
2142,"P002142",33,117.3300,"SKU-COP-002142",349,159.3100,"Copper Product 02142",298,"raw_material",686,"copper","EA","buy","Y",2026-09-20 09:31:58.225711Z
2143,"P002143",24,171.3500,"SKU-FAS-002143",1424,190.3200,"Fasteners Product 02143",2399,"packaging",711,"fasteners","KG","buy","Y",2026-09-20 09:31:58.225711Z
2144,"P002144",31,113.0800,"SKU-COP-002144",556,144.2000,"Copper Product 02144",1996,"raw_material",669,"copper","EA","buy","Y",2026-09-20 09:31:58.225711Z
2145,"P002145",23,88.0700,"SKU-PAC-002145",275,127.1100,"Packaging Product 02145",627,"packaging",104,"packaging","EA","buy","Y",2026-09-20 09:31:58.225711Z
2146,"P002146",8,66.0700,"SKU-FAS-002146",67,76.6200,"Fasteners Product 02146",1361,"raw_material",618,"fasteners","EA","buy","Y",2026-09-20 09:31:58.225711Z
2147,"P002147",36,92.9900,"SKU-ALU-002147",1227,121.4200,"Aluminium Product 02147",169,"raw_material",739,"aluminium","EA","buy","Y",2026-09-20 09:31:58.225711Z
2148,"P002148",22,33.3500,"SKU-PLA-002148",1114,42.2600,"Plastic Product 02148",568,"raw_material",51,"plastic","EA","buy","Y",2026-09-20 09:31:58.225711Z
2149,"P002149",13,126.2700,"SKU-FAS-002149",825,174.3500,"Fasteners Product 02149",2835,"raw_material",764,"fasteners","EA","buy","Y",2026-09-20 09:31:58.225711Z
2150,"P002150",13,116.3300,"SKU-ELE-002150",794,138.5800,"Electronic Components Product 02150",1336,"raw_material",749,"electronic_components","EA","buy","Y",2026-09-20 09:31:58.225711Z
2151,"P002151",11,32.0100,"SKU-STE-002151",1253,35.3500,"Steel Product 02151",3057,"raw_material",417,"steel","KG","buy","Y",2026-09-20 09:31:58.225711Z
2152,"P002152",22,35.9200,"SKU-STE-002152",1096,41.2300,"Steel Product 02152",794,"raw_material",727,"steel","EA","buy","Y",2026-09-20 09:31:58.225711Z
2153,"P002153",12,66.4100,"SKU-PAC-002153",540,75.9000,"Packaging Product 02153",1484,"raw_material",744,"packaging","EA","buy","Y",2026-09-20 09:31:58.225711Z
2154,"P002154",23,129.1800,"SKU-ALU-002154",59,165.2700,"Aluminium Product 02154",2250,"raw_material",428,"aluminium","EA","buy","Y",2026-09-20 09:31:58.225711Z
2155,"P002155",5,55.7000,"SKU-ELE-002155",1379,70.4800,"Electronic Components Product 02155",2757,"raw_material",178,"electronic_components","KG","buy","Y",2026-09-20 09:31:58.225711Z
2156,"P002156",38,86.7500,"SKU-STE-002156",924,125.3900,"Steel Product 02156",1872,"packaging",46,"steel","EA","buy","Y",2026-09-20 09:31:58.225711Z
2157,"P002157",13,175.7800,"SKU-STE-002157",1255,225.7400,"Steel Product 02157",1051,"raw_material",22,"steel","KG","buy","Y",2026-09-20 09:31:58.225711Z
2158,"P002158",14,66.2100,"SKU-ALU-002158",873,73.7000,"Aluminium Product 02158",1720,"raw_material",82,"aluminium","KG","buy","Y",2026-09-20 09:31:58.225711Z
2159,"P002159",38,15.2600,"SKU-STE-002159",925,20.4800,"Steel Product 02159",2114,"raw_material",74,"steel","EA","buy","Y",2026-09-20 09:31:58.225711Z
2160,"P002160",18,64.7800,"SKU-PLA-002160",1340,75.5000,"Plastic Product 02160",153,"raw_material",398,"plastic","EA","buy","Y",2026-09-20 09:31:58.225711Z
2161,"P002161",26,141.3300,"SKU-PAC-002161",403,173.7900,"Packaging Product 02161",1699,"raw_material",152,"packaging","M","buy","Y",2026-09-20 09:31:58.225711Z
2162,"P002162",32,71.1900,"SKU-ELE-002162",951,94.8800,"Electronic Components Product 02162",897,"raw_material",800,"electronic_components","EA","buy","Y",2026-09-20 09:31:58.225711Z
2163,"P002163",12,59.4200,"SKU-COP-002163",970,72.3100,"Copper Product 02163",989,"raw_material",171,"copper","EA","buy","Y",2026-09-20 09:31:58.225711Z
2164,"P002164",19,101.6700,"SKU-ALU-002164",777,129.7200,"Aluminium Product 02164",246,"raw_material",117,"aluminium","EA","buy","Y",2026-09-20 09:31:58.225711Z
2165,"P002165",11,41.2600,"SKU-COP-002165",1418,49.9900,"Copper Product 02165",2528,"raw_material",446,"copper","EA","buy","Y",2026-09-20 09:31:58.225711Z
2166,"P002166",12,36.9900,"SKU-STE-002166",1021,48.5400,"Steel Product 02166",413,"raw_material",84,"steel","KG","buy","Y",2026-09-20 09:31:58.225711Z
2167,"P002167",35,125.6400,"SKU-ELE-002167",1203,168.8200,"Electronic Components Product 02167",1644,"raw_material",708,"electronic_components","EA","buy","Y",2026-09-20 09:31:58.225711Z
2168,"P002168",26,119.5100,"SKU-ALU-002168",814,166.3700,"Aluminium Product 02168",2256,"raw_material",765,"aluminium","L","buy","Y",2026-09-20 09:31:58.225711Z
2169,"P002169",15,164.8800,"SKU-COP-002169",930,206.7200,"Copper Product 02169",3439,"raw_material",113,"copper","EA","buy","Y",2026-09-20 09:31:58.225711Z
2170,"P002170",25,39.2400,"SKU-ALU-002170",652,54.2200,"Aluminium Product 02170",1304,"raw_material",774,"aluminium","EA","buy","Y",2026-09-20 09:31:58.225711Z
2171,"P002171",35,24.0600,"SKU-ALU-002171",127,30.4700,"Aluminium Product 02171",979,"packaging",620,"aluminium","EA","buy","Y",2026-09-20 09:31:58.225711Z
2172,"P002172",27,61.9100,"SKU-FAS-002172",1238,84.2100,"Fasteners Product 02172",2006,"raw_material",566,"fasteners","EA","buy","Y",2026-09-20 09:31:58.225711Z
2173,"P002173",25,86.8400,"SKU-PAC-002173",444,122.6000,"Packaging Product 02173",2295,"packaging",70,"packaging","EA","buy","Y",2026-09-20 09:31:58.225711Z
2174,"P002174",34,73.5000,"SKU-COP-002174",226,96.4200,"Copper Product 02174",78,"raw_material",647,"copper","L","buy","Y",2026-09-20 09:31:58.225711Z
2175,"P002175",9,56.8500,"SKU-PLA-002175",1218,65.1900,"Plastic Product 02175",2095,"raw_material",583,"plastic","KG","buy","Y",2026-09-20 09:31:58.225711Z
2176,"P002176",19,89.2600,"SKU-PLA-002176",267,119.7600,"Plastic Product 02176",1942,"raw_material",370,"plastic","EA","buy","Y",2026-09-20 09:31:58.225711Z
2177,"P002177",25,47.3000,"SKU-ELE-002177",620,63.4800,"Electronic Components Product 02177",1318,"raw_material",172,"electronic_components","KG","buy","Y",2026-09-20 09:31:58.225711Z
2178,"P002178",5,261.0600,"SKU-PAC-002178",415,296.0000,"Packaging Product 02178",215,"packaging",554,"packaging","EA","buy","Y",2026-09-20 09:31:58.225711Z
2179,"P002179",8,37.9900,"SKU-PAC-002179",606,47.7900,"Packaging Product 02179",2028,"raw_material",665,"packaging","EA","buy","Y",2026-09-20 09:31:58.225711Z
2180,"P002180",18,136.4300,"SKU-COP-002180",628,196.7500,"Copper Product 02180",1457,"raw_material",394,"copper","EA","buy","Y",2026-09-20 09:31:58.225711Z
2181,"P002181",7,42.8100,"SKU-FAS-002181",676,59.4200,"Fasteners Product 02181",257,"raw_material",488,"fasteners","EA","buy","Y",2026-09-20 09:31:58.225711Z
2182,"P002182",29,68.0900,"SKU-STE-002182",838,87.7000,"Steel Product 02182",3277,"raw_material",674,"steel","EA","buy","Y",2026-09-20 09:31:58.225711Z
2183,"P002183",36,85.7900,"SKU-PLA-002183",1146,121.1400,"Plastic Product 02183",842,"raw_material",745,"plastic","EA","buy","Y",2026-09-20 09:31:58.225711Z
2184,"P002184",7,27.5900,"SKU-COP-002184",127,33.1000,"Copper Product 02184",1983,"raw_material",261,"copper","KG","buy","Y",2026-09-20 09:31:58.225711Z
2185,"P002185",11,79.7400,"SKU-PLA-002185",1340,99.9700,"Plastic Product 02185",2438,"raw_material",162,"plastic","EA","buy","Y",2026-09-20 09:31:58.225711Z
2186,"P002186",15,69.6600,"SKU-COP-002186",931,88.0200,"Copper Product 02186",1269,"raw_material",661,"copper","EA","buy","Y",2026-09-20 09:31:58.225711Z
2187,"P002187",11,78.1800,"SKU-PAC-002187",311,106.0300,"Packaging Product 02187",3282,"raw_material",767,"packaging","EA","buy","Y",2026-09-20 09:31:58.225711Z
2188,"P002188",34,61.6000,"SKU-PLA-002188",181,67.0900,"Plastic Product 02188",2923,"raw_material",312,"plastic","EA","buy","Y",2026-09-20 09:31:58.225711Z
2189,"P002189",22,105.0700,"SKU-PAC-002189",932,126.7100,"Packaging Product 02189",951,"packaging",582,"packaging","EA","buy","Y",2026-09-20 09:31:58.225711Z
2190,"P002190",36,65.5200,"SKU-ELE-002190",823,88.2300,"Electronic Components Product 02190",2885,"raw_material",424,"electronic_components","EA","buy","Y",2026-09-20 09:31:58.225711Z
2191,"P002191",19,189.8600,"SKU-ELE-002191",944,242.5300,"Electronic Components Product 02191",3328,"packaging",107,"electronic_components","M","buy","Y",2026-09-20 09:31:58.225711Z
2192,"P002192",17,195.7000,"SKU-ALU-002192",762,258.5000,"Aluminium Product 02192",1160,"raw_material",494,"aluminium","EA","buy","Y",2026-09-20 09:31:58.225711Z
2193,"P002193",4,847.9400,"SKU-PLA-002193",943,1198.9600,"Plastic Product 02193",2918,"raw_material",553,"plastic","EA","buy","Y",2026-09-20 09:31:58.225711Z
2194,"P002194",25,58.2400,"SKU-STE-002194",1357,73.4000,"Steel Product 02194",3289,"raw_material",401,"steel","EA","buy","Y",2026-09-20 09:31:58.225711Z
2195,"P002195",15,150.3300,"SKU-STE-002195",751,200.1000,"Steel Product 02195",1237,"raw_material",80,"steel","M","buy","Y",2026-09-20 09:31:58.225711Z
2196,"P002196",34,86.8600,"SKU-ALU-002196",437,103.1500,"Aluminium Product 02196",3267,"packaging",688,"aluminium","KG","buy","Y",2026-09-20 09:31:58.225711Z
2197,"P002197",34,10.2700,"SKU-ALU-002197",1121,14.6900,"Aluminium Product 02197",1461,"packaging",694,"aluminium","EA","buy","Y",2026-09-20 09:31:58.225711Z
2198,"P002198",31,124.9100,"SKU-STE-002198",331,160.4300,"Steel Product 02198",1607,"raw_material",662,"steel","EA","buy","Y",2026-09-20 09:31:58.225711Z
2199,"P002199",20,108.3700,"SKU-FAS-002199",769,138.6300,"Fasteners Product 02199",2548,"raw_material",54,"fasteners","KG","buy","Y",2026-09-20 09:31:58.225711Z
2200,"P002200",27,173.8100,"SKU-ELE-002200",1325,211.1900,"Electronic Components Product 02200",2669,"raw_material",697,"electronic_components","EA","buy","Y",2026-09-20 09:31:58.225711Z
2201,"P002201",12,116.9200,"SKU-ALU-002201",568,130.8800,"Aluminium Product 02201",1312,"raw_material",793,"aluminium","EA","buy","Y",2026-09-20 09:31:58.225711Z
2202,"P002202",24,46.3200,"SKU-STE-002202",890,54.4700,"Steel Product 02202",2573,"packaging",429,"steel","EA","buy","Y",2026-09-20 09:31:58.225711Z
2203,"P002203",35,342.1300,"SKU-ELE-002203",1083,460.7000,"Electronic Components Product 02203",1163,"raw_material",447,"electronic_components","EA","buy","Y",2026-09-20 09:31:58.225711Z
2204,"P002204",33,25.8900,"SKU-PLA-002204",722,34.2300,"Plastic Product 02204",1079,"raw_material",346,"plastic","EA","buy","Y",2026-09-20 09:31:58.225711Z
2205,"P002205",9,111.3000,"SKU-PLA-002205",1145,146.2300,"Plastic Product 02205",2192,"raw_material",198,"plastic","EA","buy","Y",2026-09-20 09:31:58.225711Z
2206,"P002206",15,98.7900,"SKU-ELE-002206",992,111.8400,"Electronic Components Product 02206",738,"raw_material",218,"electronic_components","EA","buy","Y",2026-09-20 09:31:58.225711Z
2207,"P002207",26,126.0400,"SKU-ALU-002207",86,147.5300,"Aluminium Product 02207",2015,"packaging",404,"aluminium","EA","buy","Y",2026-09-20 09:31:58.225711Z
2208,"P002208",9,58.0900,"SKU-STE-002208",705,82.3100,"Steel Product 02208",1204,"raw_material",753,"steel","EA","buy","Y",2026-09-20 09:31:58.225711Z
2209,"P002209",33,117.3000,"SKU-COP-002209",51,146.4600,"Copper Product 02209",2982,"raw_material",693,"copper","M","buy","Y",2026-09-20 09:31:58.225711Z
2210,"P002210",13,85.4900,"SKU-FAS-002210",229,122.2000,"Fasteners Product 02210",1517,"packaging",697,"fasteners","EA","buy","Y",2026-09-20 09:31:58.225711Z
2211,"P002211",24,88.8600,"SKU-PAC-002211",1408,107.6500,"Packaging Product 02211",3329,"raw_material",466,"packaging","EA","buy","Y",2026-09-20 09:31:58.225711Z
2212,"P002212",22,184.2600,"SKU-ALU-002212",368,207.2500,"Aluminium Product 02212",2274,"packaging",362,"aluminium","EA","buy","Y",2026-09-20 09:31:58.225711Z
2213,"P002213",34,79.6000,"SKU-STE-002213",433,95.0700,"Steel Product 02213",2841,"raw_material",44,"steel","EA","buy","Y",2026-09-20 09:31:58.225711Z
2214,"P002214",7,20.1900,"SKU-STE-002214",1400,25.9600,"Steel Product 02214",3328,"raw_material",72,"steel","KG","buy","Y",2026-09-20 09:31:58.225711Z
2215,"P002215",20,20.9600,"SKU-STE-002215",1429,27.7900,"Steel Product 02215",3240,"raw_material",626,"steel","EA","buy","Y",2026-09-20 09:31:58.225711Z
2216,"P002216",37,159.2400,"SKU-ELE-002216",270,203.6200,"Electronic Components Product 02216",2700,"raw_material",634,"electronic_components","EA","buy","Y",2026-09-20 09:31:58.225711Z
2217,"P002217",9,77.1700,"SKU-PLA-002217",256,88.6100,"Plastic Product 02217",1641,"raw_material",650,"plastic","EA","buy","Y",2026-09-20 09:31:58.225711Z
2218,"P002218",18,89.4000,"SKU-STE-002218",1051,123.6100,"Steel Product 02218",1225,"raw_material",328,"steel","EA","buy","Y",2026-09-20 09:31:58.225711Z
2219,"P002219",4,82.0600,"SKU-PLA-002219",267,106.6900,"Plastic Product 02219",3096,"raw_material",127,"plastic","EA","buy","Y",2026-09-20 09:31:58.225711Z
2220,"P002220",11,93.2400,"SKU-PLA-002220",258,114.7300,"Plastic Product 02220",437,"raw_material",709,"plastic","EA","buy","Y",2026-09-20 09:31:58.225711Z
2221,"P002221",22,62.8400,"SKU-FAS-002221",52,68.1500,"Fasteners Product 02221",1085,"raw_material",188,"fasteners","EA","buy","Y",2026-09-20 09:31:58.225711Z
2222,"P002222",11,52.8300,"SKU-PLA-002222",208,70.7800,"Plastic Product 02222",703,"raw_material",353,"plastic","EA","buy","Y",2026-09-20 09:31:58.225711Z
2223,"P002223",9,102.0500,"SKU-ELE-002223",616,118.0700,"Electronic Components Product 02223",162,"packaging",197,"electronic_components","EA","buy","Y",2026-09-20 09:31:58.225711Z
2224,"P002224",8,27.2200,"SKU-ELE-002224",714,34.5300,"Electronic Components Product 02224",404,"raw_material",333,"electronic_components","EA","buy","Y",2026-09-20 09:31:58.225711Z
2225,"P002225",4,41.3500,"SKU-COP-002225",1209,56.8000,"Copper Product 02225",1574,"raw_material",800,"copper","M","buy","Y",2026-09-20 09:31:58.225711Z
2226,"P002226",28,30.5700,"SKU-PLA-002226",1458,44.3000,"Plastic Product 02226",2976,"raw_material",288,"plastic","KG","buy","Y",2026-09-20 09:31:58.225711Z
2227,"P002227",31,31.6200,"SKU-FAS-002227",315,37.6300,"Fasteners Product 02227",373,"raw_material",243,"fasteners","EA","buy","Y",2026-09-20 09:31:58.225711Z
2228,"P002228",4,464.7300,"SKU-STE-002228",1206,641.3900,"Steel Product 02228",2819,"raw_material",584,"steel","KG","buy","Y",2026-09-20 09:31:58.225711Z
2229,"P002229",21,39.4700,"SKU-ALU-002229",341,50.6000,"Aluminium Product 02229",3401,"raw_material",36,"aluminium","EA","buy","Y",2026-09-20 09:31:58.225711Z
2230,"P002230",14,69.9400,"SKU-ALU-002230",1359,88.1200,"Aluminium Product 02230",2518,"packaging",737,"aluminium","M","buy","Y",2026-09-20 09:31:58.225711Z
2231,"P002231",16,129.1800,"SKU-ALU-002231",480,181.3400,"Aluminium Product 02231",1530,"raw_material",703,"aluminium","EA","buy","Y",2026-09-20 09:31:58.225711Z
2232,"P002232",25,219.8800,"SKU-PLA-002232",1484,276.9000,"Plastic Product 02232",2871,"raw_material",480,"plastic","EA","buy","Y",2026-09-20 09:31:58.225711Z
2233,"P002233",37,66.9800,"SKU-STE-002233",1483,94.1300,"Steel Product 02233",1401,"raw_material",787,"steel","EA","buy","Y",2026-09-20 09:31:58.225711Z
2234,"P002234",31,31.9700,"SKU-ALU-002234",1187,43.6800,"Aluminium Product 02234",1762,"raw_material",575,"aluminium","EA","buy","Y",2026-09-20 09:31:58.225711Z
2235,"P002235",24,505.4500,"SKU-ALU-002235",176,612.8600,"Aluminium Product 02235",2783,"raw_material",117,"aluminium","EA","buy","Y",2026-09-20 09:31:58.225711Z
2236,"P002236",16,97.3700,"SKU-COP-002236",910,137.2000,"Copper Product 02236",1880,"raw_material",586,"copper","EA","buy","Y",2026-09-20 09:31:58.225711Z
2237,"P002237",12,32.2700,"SKU-PLA-002237",617,42.8000,"Plastic Product 02237",1527,"raw_material",557,"plastic","KG","buy","Y",2026-09-20 09:31:58.225711Z
2238,"P002238",10,50.6600,"SKU-ELE-002238",844,65.8800,"Electronic Components Product 02238",1261,"raw_material",247,"electronic_components","EA","buy","Y",2026-09-20 09:31:58.225711Z
2239,"P002239",15,366.9400,"SKU-ELE-002239",162,525.7400,"Electronic Components Product 02239",2577,"packaging",543,"electronic_components","EA","buy","Y",2026-09-20 09:31:58.225711Z
2240,"P002240",30,62.7200,"SKU-ALU-002240",635,75.0400,"Aluminium Product 02240",2146,"raw_material",185,"aluminium","EA","buy","Y",2026-09-20 09:31:58.225711Z
2241,"P002241",14,61.3700,"SKU-STE-002241",49,83.4400,"Steel Product 02241",1646,"raw_material",300,"steel","EA","buy","Y",2026-09-20 09:31:58.225711Z
2242,"P002242",33,112.9900,"SKU-ELE-002242",733,156.5700,"Electronic Components Product 02242",534,"raw_material",672,"electronic_components","EA","buy","Y",2026-09-20 09:31:58.225711Z
2243,"P002243",13,75.1000,"SKU-PLA-002243",1500,101.6100,"Plastic Product 02243",1979,"raw_material",180,"plastic","EA","buy","Y",2026-09-20 09:31:58.225711Z
2244,"P002244",12,50.4500,"SKU-FAS-002244",366,62.6700,"Fasteners Product 02244",3354,"raw_material",588,"fasteners","M","buy","Y",2026-09-20 09:31:58.225711Z
2245,"P002245",13,63.8000,"SKU-STE-002245",1459,81.2500,"Steel Product 02245",2443,"raw_material",465,"steel","EA","buy","Y",2026-09-20 09:31:58.225711Z
2246,"P002246",29,40.2600,"SKU-FAS-002246",1035,56.4700,"Fasteners Product 02246",758,"raw_material",591,"fasteners","EA","buy","Y",2026-09-20 09:31:58.225711Z
2247,"P002247",14,221.0400,"SKU-ELE-002247",532,270.0400,"Electronic Components Product 02247",2569,"raw_material",79,"electronic_components","EA","buy","Y",2026-09-20 09:31:58.225711Z
2248,"P002248",37,46.9100,"SKU-PAC-002248",301,64.1000,"Packaging Product 02248",348,"raw_material",402,"packaging","EA","buy","Y",2026-09-20 09:31:58.225711Z
2249,"P002249",15,117.2500,"SKU-ELE-002249",496,145.5300,"Electronic Components Product 02249",3143,"raw_material",30,"electronic_components","EA","buy","Y",2026-09-20 09:31:58.225711Z
2250,"P002250",14,36.1800,"SKU-ALU-002250",626,42.9100,"Aluminium Product 02250",2739,"raw_material",28,"aluminium","EA","buy","Y",2026-09-20 09:31:58.225711Z
2251,"P002251",24,64.8000,"SKU-ELE-002251",490,90.9600,"Electronic Components Product 02251",2104,"raw_material",504,"electronic_components","EA","buy","Y",2026-09-20 09:31:58.225711Z
2252,"P002252",35,157.8600,"SKU-ELE-002252",459,172.3800,"Electronic Components Product 02252",1350,"raw_material",166,"electronic_components","EA","buy","Y",2026-09-20 09:31:58.225711Z
2253,"P002253",16,99.5400,"SKU-PLA-002253",854,125.7500,"Plastic Product 02253",943,"raw_material",391,"plastic","L","buy","Y",2026-09-20 09:31:58.225711Z
2254,"P002254",12,38.1000,"SKU-PAC-002254",35,47.1900,"Packaging Product 02254",3169,"raw_material",363,"packaging","EA","buy","Y",2026-09-20 09:31:58.225711Z
2255,"P002255",8,113.6600,"SKU-ELE-002255",384,128.0000,"Electronic Components Product 02255",1050,"raw_material",472,"electronic_components","EA","buy","Y",2026-09-20 09:31:58.225711Z
2256,"P002256",27,74.2400,"SKU-STE-002256",983,99.6500,"Steel Product 02256",1613,"raw_material",220,"steel","EA","buy","Y",2026-09-20 09:31:58.225711Z
2257,"P002257",33,25.7500,"SKU-COP-002257",158,28.1000,"Copper Product 02257",2536,"raw_material",273,"copper","EA","buy","Y",2026-09-20 09:31:58.225711Z
2258,"P002258",31,201.2100,"SKU-FAS-002258",1437,256.9300,"Fasteners Product 02258",2700,"raw_material",413,"fasteners","EA","buy","Y",2026-09-20 09:31:58.225711Z
2259,"P002259",23,26.5600,"SKU-FAS-002259",805,38.2800,"Fasteners Product 02259",3378,"packaging",169,"fasteners","L","buy","Y",2026-09-20 09:31:58.225711Z
2260,"P002260",29,50.7600,"SKU-COP-002260",1018,57.6400,"Copper Product 02260",3166,"packaging",587,"copper","M","buy","Y",2026-09-20 09:31:58.225711Z
2261,"P002261",9,191.9600,"SKU-COP-002261",1440,237.8400,"Copper Product 02261",140,"packaging",294,"copper","EA","buy","Y",2026-09-20 09:31:58.225711Z
2262,"P002262",20,58.1200,"SKU-ELE-002262",1235,72.7300,"Electronic Components Product 02262",1265,"raw_material",401,"electronic_components","KG","buy","Y",2026-09-20 09:31:58.225711Z
2263,"P002263",6,32.2500,"SKU-FAS-002263",771,35.1000,"Fasteners Product 02263",2525,"raw_material",558,"fasteners","EA","buy","Y",2026-09-20 09:31:58.225711Z
2264,"P002264",31,90.8400,"SKU-STE-002264",767,102.5400,"Steel Product 02264",492,"raw_material",297,"steel","EA","buy","Y",2026-09-20 09:31:58.225711Z
2265,"P002265",15,49.0900,"SKU-PLA-002265",1059,63.1700,"Plastic Product 02265",169,"raw_material",54,"plastic","EA","buy","Y",2026-09-20 09:31:58.225711Z
2266,"P002266",38,196.5600,"SKU-STE-002266",1268,255.4500,"Steel Product 02266",1967,"raw_material",426,"steel","EA","buy","Y",2026-09-20 09:31:58.225711Z
2267,"P002267",27,10.4900,"SKU-STE-002267",1291,12.9600,"Steel Product 02267",1096,"packaging",319,"steel","EA","buy","Y",2026-09-20 09:31:58.225711Z
2268,"P002268",26,146.4600,"SKU-PLA-002268",546,192.5400,"Plastic Product 02268",482,"packaging",668,"plastic","EA","buy","Y",2026-09-20 09:31:58.225711Z
2269,"P002269",22,49.7300,"SKU-FAS-002269",1154,66.3900,"Fasteners Product 02269",1833,"raw_material",642,"fasteners","EA","buy","Y",2026-09-20 09:31:58.225711Z
2270,"P002270",29,260.4400,"SKU-PLA-002270",772,299.6100,"Plastic Product 02270",1795,"raw_material",387,"plastic","M","buy","Y",2026-09-20 09:31:58.225711Z
2271,"P002271",30,16.5400,"SKU-ELE-002271",1113,18.8400,"Electronic Components Product 02271",1116,"raw_material",364,"electronic_components","KG","buy","Y",2026-09-20 09:31:58.225711Z
2272,"P002272",17,133.6100,"SKU-PLA-002272",1226,156.1300,"Plastic Product 02272",3002,"raw_material",646,"plastic","EA","buy","Y",2026-09-20 09:31:58.225711Z
2273,"P002273",18,54.4200,"SKU-ALU-002273",1241,73.7500,"Aluminium Product 02273",538,"raw_material",736,"aluminium","EA","buy","Y",2026-09-20 09:31:58.225711Z
2274,"P002274",26,75.7300,"SKU-COP-002274",823,109.6000,"Copper Product 02274",173,"raw_material",86,"copper","KG","buy","Y",2026-09-20 09:31:58.225711Z
2275,"P002275",11,50.6200,"SKU-COP-002275",358,60.5800,"Copper Product 02275",437,"raw_material",672,"copper","L","buy","Y",2026-09-20 09:31:58.225711Z
2276,"P002276",13,622.7400,"SKU-STE-002276",378,897.0200,"Steel Product 02276",2731,"raw_material",258,"steel","EA","buy","Y",2026-09-20 09:31:58.225711Z
2277,"P002277",27,37.9000,"SKU-COP-002277",704,49.7200,"Copper Product 02277",45,"raw_material",527,"copper","L","buy","Y",2026-09-20 09:31:58.225711Z
2278,"P002278",8,22.6400,"SKU-STE-002278",56,32.1200,"Steel Product 02278",2161,"raw_material",690,"steel","EA","buy","Y",2026-09-20 09:31:58.225711Z
2279,"P002279",7,82.3900,"SKU-STE-002279",191,99.4500,"Steel Product 02279",3411,"raw_material",404,"steel","M","buy","Y",2026-09-20 09:31:58.225711Z
2280,"P002280",7,12.4400,"SKU-FAS-002280",1122,17.4300,"Fasteners Product 02280",237,"raw_material",580,"fasteners","EA","buy","Y",2026-09-20 09:31:58.225711Z
2281,"P002281",19,57.7200,"SKU-PAC-002281",1309,75.1500,"Packaging Product 02281",2987,"raw_material",76,"packaging","EA","buy","Y",2026-09-20 09:31:58.225711Z
2282,"P002282",34,31.5900,"SKU-PLA-002282",1430,40.9800,"Plastic Product 02282",1717,"packaging",341,"plastic","EA","buy","Y",2026-09-20 09:31:58.225711Z
2283,"P002283",30,298.6800,"SKU-STE-002283",1212,341.9900,"Steel Product 02283",888,"raw_material",707,"steel","EA","buy","Y",2026-09-20 09:31:58.225711Z
2284,"P002284",7,50.0900,"SKU-STE-002284",1247,59.6300,"Steel Product 02284",2117,"raw_material",660,"steel","KG","buy","Y",2026-09-20 09:31:58.225711Z
2285,"P002285",35,72.8300,"SKU-FAS-002285",989,96.5000,"Fasteners Product 02285",60,"raw_material",711,"fasteners","M","buy","Y",2026-09-20 09:31:58.225711Z
2286,"P002286",13,47.9600,"SKU-FAS-002286",1125,56.2200,"Fasteners Product 02286",2234,"raw_material",107,"fasteners","EA","buy","Y",2026-09-20 09:31:58.225711Z
2287,"P002287",9,34.4400,"SKU-COP-002287",1340,38.5800,"Copper Product 02287",3080,"raw_material",300,"copper","EA","buy","Y",2026-09-20 09:31:58.225711Z
2288,"P002288",34,91.6500,"SKU-PAC-002288",995,123.3100,"Packaging Product 02288",3416,"raw_material",639,"packaging","EA","buy","Y",2026-09-20 09:31:58.225711Z
2289,"P002289",38,121.1800,"SKU-PAC-002289",1172,151.9100,"Packaging Product 02289",1800,"packaging",528,"packaging","M","buy","Y",2026-09-20 09:31:58.225711Z
2290,"P002290",7,152.4800,"SKU-STE-002290",1420,202.2200,"Steel Product 02290",1586,"raw_material",511,"steel","KG","buy","Y",2026-09-20 09:31:58.225711Z
2291,"P002291",7,36.3800,"SKU-FAS-002291",752,47.0900,"Fasteners Product 02291",3303,"raw_material",748,"fasteners","EA","buy","Y",2026-09-20 09:31:58.225711Z
2292,"P002292",13,72.4800,"SKU-ELE-002292",599,93.0500,"Electronic Components Product 02292",2475,"raw_material",71,"electronic_components","EA","buy","Y",2026-09-20 09:31:58.225711Z
2293,"P002293",17,23.6800,"SKU-STE-002293",1347,26.0300,"Steel Product 02293",348,"raw_material",518,"steel","KG","buy","Y",2026-09-20 09:31:58.225711Z
2294,"P002294",35,49.5700,"SKU-PLA-002294",132,56.0200,"Plastic Product 02294",1319,"raw_material",215,"plastic","KG","buy","Y",2026-09-20 09:31:58.225711Z
2295,"P002295",16,48.4500,"SKU-ELE-002295",1478,70.1200,"Electronic Components Product 02295",2140,"raw_material",559,"electronic_components","EA","buy","Y",2026-09-20 09:31:58.225711Z
2296,"P002296",29,110.1800,"SKU-PLA-002296",907,136.1000,"Plastic Product 02296",817,"raw_material",562,"plastic","L","buy","Y",2026-09-20 09:31:58.225711Z
2297,"P002297",9,72.7700,"SKU-STE-002297",497,82.3100,"Steel Product 02297",3113,"raw_material",627,"steel","EA","buy","Y",2026-09-20 09:31:58.225711Z
2298,"P002298",37,104.5300,"SKU-COP-002298",815,149.6600,"Copper Product 02298",1668,"raw_material",400,"copper","EA","buy","Y",2026-09-20 09:31:58.225711Z
2299,"P002299",16,21.6800,"SKU-STE-002299",1485,24.7900,"Steel Product 02299",669,"raw_material",414,"steel","KG","buy","Y",2026-09-20 09:31:58.225711Z
2300,"P002300",18,115.3800,"SKU-PAC-002300",382,148.4600,"Packaging Product 02300",1102,"raw_material",374,"packaging","EA","buy","Y",2026-09-20 09:31:58.225711Z
2301,"P002301",24,61.7900,"SKU-ALU-002301",287,77.8700,"Aluminium Product 02301",47,"raw_material",579,"aluminium","EA","buy","Y",2026-09-20 09:31:58.225711Z
2302,"P002302",26,51.4500,"SKU-STE-002302",1112,65.9600,"Steel Product 02302",664,"raw_material",73,"steel","EA","buy","Y",2026-09-20 09:31:58.225711Z
2303,"P002303",4,149.9500,"SKU-FAS-002303",379,179.2600,"Fasteners Product 02303",3479,"raw_material",516,"fasteners","KG","buy","Y",2026-09-20 09:31:58.225711Z
2304,"P002304",18,127.8600,"SKU-PAC-002304",1156,142.8700,"Packaging Product 02304",2430,"raw_material",15,"packaging","EA","buy","Y",2026-09-20 09:31:58.225711Z
2305,"P002305",17,25.1900,"SKU-ELE-002305",1318,29.7900,"Electronic Components Product 02305",3344,"raw_material",374,"electronic_components","EA","buy","Y",2026-09-20 09:31:58.225711Z
2306,"P002306",6,45.0200,"SKU-PLA-002306",600,57.8700,"Plastic Product 02306",1151,"raw_material",54,"plastic","EA","buy","Y",2026-09-20 09:31:58.225711Z
2307,"P002307",10,121.6100,"SKU-STE-002307",15,175.0400,"Steel Product 02307",3212,"raw_material",423,"steel","KG","buy","Y",2026-09-20 09:31:58.225711Z
2308,"P002308",8,94.8900,"SKU-COP-002308",1473,124.1900,"Copper Product 02308",2310,"raw_material",627,"copper","EA","buy","Y",2026-09-20 09:31:58.225711Z
2309,"P002309",30,82.7600,"SKU-STE-002309",234,95.5700,"Steel Product 02309",1090,"packaging",562,"steel","EA","buy","Y",2026-09-20 09:31:58.225711Z
2310,"P002310",36,61.7600,"SKU-PAC-002310",1241,70.0500,"Packaging Product 02310",314,"raw_material",498,"packaging","L","buy","Y",2026-09-20 09:31:58.225711Z
2311,"P002311",28,53.6000,"SKU-ALU-002311",696,61.1400,"Aluminium Product 02311",708,"raw_material",717,"aluminium","EA","buy","Y",2026-09-20 09:31:58.225711Z
2312,"P002312",38,21.8200,"SKU-PAC-002312",1264,30.2200,"Packaging Product 02312",725,"raw_material",732,"packaging","EA","buy","Y",2026-09-20 09:31:58.225711Z
2313,"P002313",30,105.5500,"SKU-STE-002313",307,150.0400,"Steel Product 02313",679,"raw_material",795,"steel","EA","buy","Y",2026-09-20 09:31:58.225711Z
2314,"P002314",10,25.1900,"SKU-ELE-002314",926,34.6800,"Electronic Components Product 02314",1330,"raw_material",582,"electronic_components","KG","buy","Y",2026-09-20 09:31:58.225711Z
2315,"P002315",11,61.5400,"SKU-STE-002315",539,73.3800,"Steel Product 02315",763,"raw_material",412,"steel","EA","buy","Y",2026-09-20 09:31:58.225711Z
2316,"P002316",7,23.3000,"SKU-ELE-002316",1252,25.4600,"Electronic Components Product 02316",960,"packaging",475,"electronic_components","EA","buy","Y",2026-09-20 09:31:58.225711Z
2317,"P002317",5,141.0300,"SKU-PLA-002317",1215,160.1800,"Plastic Product 02317",2566,"raw_material",379,"plastic","EA","buy","Y",2026-09-20 09:31:58.225711Z
2318,"P002318",37,30.7700,"SKU-COP-002318",1194,36.9400,"Copper Product 02318",2801,"raw_material",294,"copper","EA","buy","Y",2026-09-20 09:31:58.225711Z
2319,"P002319",22,56.8400,"SKU-ALU-002319",827,75.2700,"Aluminium Product 02319",3207,"raw_material",652,"aluminium","EA","buy","Y",2026-09-20 09:31:58.225711Z
2320,"P002320",13,24.9700,"SKU-ELE-002320",773,32.8400,"Electronic Components Product 02320",3020,"raw_material",384,"electronic_components","EA","buy","Y",2026-09-20 09:31:58.225711Z
2321,"P002321",26,49.1300,"SKU-ELE-002321",938,59.6500,"Electronic Components Product 02321",1517,"raw_material",189,"electronic_components","EA","buy","Y",2026-09-20 09:31:58.225711Z
2322,"P002322",20,11.4100,"SKU-ELE-002322",1251,16.0100,"Electronic Components Product 02322",2638,"raw_material",746,"electronic_components","EA","buy","Y",2026-09-20 09:31:58.225711Z
2323,"P002323",34,64.9600,"SKU-STE-002323",1398,84.8600,"Steel Product 02323",2490,"raw_material",155,"steel","EA","buy","Y",2026-09-20 09:31:58.225711Z
2324,"P002324",4,73.5100,"SKU-ELE-002324",503,81.7200,"Electronic Components Product 02324",1365,"raw_material",336,"electronic_components","KG","buy","Y",2026-09-20 09:31:58.225711Z
2325,"P002325",33,42.7300,"SKU-PAC-002325",656,50.8900,"Packaging Product 02325",525,"raw_material",390,"packaging","L","buy","Y",2026-09-20 09:31:58.225711Z
2326,"P002326",23,38.5900,"SKU-PAC-002326",1003,48.7100,"Packaging Product 02326",2750,"raw_material",269,"packaging","EA","buy","Y",2026-09-20 09:31:58.225711Z
2327,"P002327",18,53.3300,"SKU-STE-002327",360,66.4500,"Steel Product 02327",3385,"packaging",299,"steel","EA","buy","Y",2026-09-20 09:31:58.225711Z
2328,"P002328",33,171.6400,"SKU-ELE-002328",1139,185.8300,"Electronic Components Product 02328",915,"raw_material",379,"electronic_components","EA","buy","Y",2026-09-20 09:31:58.225711Z
2329,"P002329",25,77.3300,"SKU-ELE-002329",883,84.1400,"Electronic Components Product 02329",2398,"raw_material",302,"electronic_components","EA","buy","Y",2026-09-20 09:31:58.225711Z
2330,"P002330",4,47.5500,"SKU-ELE-002330",603,62.7700,"Electronic Components Product 02330",2107,"raw_material",438,"electronic_components","EA","buy","Y",2026-09-20 09:31:58.225711Z
2331,"P002331",11,26.6800,"SKU-FAS-002331",575,30.7700,"Fasteners Product 02331",835,"packaging",556,"fasteners","EA","buy","Y",2026-09-20 09:31:58.225711Z
2332,"P002332",10,113.0600,"SKU-ELE-002332",491,137.2600,"Electronic Components Product 02332",1574,"raw_material",181,"electronic_components","EA","buy","Y",2026-09-20 09:31:58.225711Z
2333,"P002333",28,29.2600,"SKU-STE-002333",107,31.8600,"Steel Product 02333",2366,"raw_material",142,"steel","EA","buy","Y",2026-09-20 09:31:58.225711Z
2334,"P002334",26,129.9100,"SKU-STE-002334",523,185.5700,"Steel Product 02334",322,"raw_material",555,"steel","EA","buy","Y",2026-09-20 09:31:58.225711Z
2335,"P002335",16,52.7300,"SKU-ELE-002335",337,62.8700,"Electronic Components Product 02335",3355,"raw_material",19,"electronic_components","EA","buy","Y",2026-09-20 09:31:58.225711Z
2336,"P002336",32,41.9500,"SKU-PAC-002336",819,60.8200,"Packaging Product 02336",1722,"raw_material",643,"packaging","EA","buy","Y",2026-09-20 09:31:58.225711Z
2337,"P002337",11,57.7700,"SKU-STE-002337",52,63.2500,"Steel Product 02337",3387,"raw_material",531,"steel","EA","buy","Y",2026-09-20 09:31:58.225711Z
2338,"P002338",27,45.2900,"SKU-PAC-002338",502,55.6200,"Packaging Product 02338",750,"raw_material",243,"packaging","M","buy","Y",2026-09-20 09:31:58.225711Z
2339,"P002339",38,98.1000,"SKU-FAS-002339",1160,116.4500,"Fasteners Product 02339",2920,"raw_material",229,"fasteners","EA","buy","Y",2026-09-20 09:31:58.225711Z
2340,"P002340",32,118.8100,"SKU-STE-002340",430,141.2500,"Steel Product 02340",2352,"raw_material",468,"steel","EA","buy","Y",2026-09-20 09:31:58.225711Z
2341,"P002341",11,99.0600,"SKU-FAS-002341",1302,142.0800,"Fasteners Product 02341",559,"raw_material",790,"fasteners","EA","buy","Y",2026-09-20 09:31:58.225711Z
2342,"P002342",37,27.6400,"SKU-STE-002342",1219,32.0900,"Steel Product 02342",540,"raw_material",673,"steel","EA","buy","Y",2026-09-20 09:31:58.225711Z
2343,"P002343",24,126.8700,"SKU-PLA-002343",1108,179.1800,"Plastic Product 02343",1914,"raw_material",113,"plastic","EA","buy","Y",2026-09-20 09:31:58.225711Z
2344,"P002344",23,43.1100,"SKU-ELE-002344",454,55.6900,"Electronic Components Product 02344",1939,"raw_material",519,"electronic_components","EA","buy","Y",2026-09-20 09:31:58.225711Z
2345,"P002345",38,78.6800,"SKU-ALU-002345",1391,111.0700,"Aluminium Product 02345",953,"raw_material",590,"aluminium","EA","buy","Y",2026-09-20 09:31:58.225711Z
2346,"P002346",29,122.3500,"SKU-ELE-002346",497,167.0600,"Electronic Components Product 02346",238,"raw_material",453,"electronic_components","EA","buy","Y",2026-09-20 09:31:58.225711Z
2347,"P002347",12,293.4700,"SKU-ELE-002347",473,329.8200,"Electronic Components Product 02347",2827,"raw_material",174,"electronic_components","EA","buy","Y",2026-09-20 09:31:58.225711Z
2348,"P002348",26,117.9000,"SKU-ELE-002348",864,134.2600,"Electronic Components Product 02348",1751,"raw_material",434,"electronic_components","KG","buy","Y",2026-09-20 09:31:58.225711Z
2349,"P002349",37,82.8300,"SKU-PLA-002349",928,91.2600,"Plastic Product 02349",1850,"raw_material",687,"plastic","KG","buy","Y",2026-09-20 09:31:58.225711Z
2350,"P002350",30,44.6100,"SKU-ALU-002350",175,58.4700,"Aluminium Product 02350",3118,"packaging",727,"aluminium","EA","buy","Y",2026-09-20 09:31:58.225711Z
2351,"P002351",20,39.4600,"SKU-ALU-002351",165,44.2600,"Aluminium Product 02351",2989,"packaging",183,"aluminium","EA","buy","Y",2026-09-20 09:31:58.225711Z
2352,"P002352",36,30.2600,"SKU-PAC-002352",889,36.0300,"Packaging Product 02352",922,"raw_material",155,"packaging","M","buy","Y",2026-09-20 09:31:58.225711Z
2353,"P002353",4,57.6900,"SKU-ELE-002353",608,68.0700,"Electronic Components Product 02353",1880,"raw_material",493,"electronic_components","L","buy","Y",2026-09-20 09:31:58.225711Z
2354,"P002354",13,60.7500,"SKU-PAC-002354",276,75.8300,"Packaging Product 02354",2624,"raw_material",592,"packaging","EA","buy","Y",2026-09-20 09:31:58.225711Z
2355,"P002355",13,71.2600,"SKU-PLA-002355",497,78.5600,"Plastic Product 02355",990,"packaging",171,"plastic","KG","buy","Y",2026-09-20 09:31:58.225711Z
2356,"P002356",30,43.5400,"SKU-STE-002356",1045,58.8800,"Steel Product 02356",264,"raw_material",705,"steel","EA","buy","Y",2026-09-20 09:31:58.225711Z
2357,"P002357",6,98.3600,"SKU-PLA-002357",1144,137.3700,"Plastic Product 02357",1912,"packaging",719,"plastic","EA","buy","Y",2026-09-20 09:31:58.225711Z
2358,"P002358",21,87.0200,"SKU-ALU-002358",623,96.2500,"Aluminium Product 02358",94,"raw_material",69,"aluminium","EA","buy","Y",2026-09-20 09:31:58.225711Z
2359,"P002359",6,141.3300,"SKU-STE-002359",996,173.1400,"Steel Product 02359",552,"raw_material",659,"steel","EA","buy","Y",2026-09-20 09:31:58.225711Z
2360,"P002360",25,12.9400,"SKU-ALU-002360",24,16.6100,"Aluminium Product 02360",500,"raw_material",735,"aluminium","L","buy","Y",2026-09-20 09:31:58.225711Z
2361,"P002361",10,116.4100,"SKU-PLA-002361",367,164.9600,"Plastic Product 02361",88,"packaging",372,"plastic","EA","buy","Y",2026-09-20 09:31:58.225711Z
2362,"P002362",30,138.8200,"SKU-COP-002362",192,194.9400,"Copper Product 02362",356,"raw_material",462,"copper","EA","buy","Y",2026-09-20 09:31:58.225711Z
2363,"P002363",19,90.7500,"SKU-ELE-002363",1173,114.0200,"Electronic Components Product 02363",247,"raw_material",201,"electronic_components","EA","buy","Y",2026-09-20 09:31:58.225711Z
2364,"P002364",32,49.1900,"SKU-PLA-002364",1010,68.2600,"Plastic Product 02364",1451,"raw_material",505,"plastic","EA","buy","Y",2026-09-20 09:31:58.225711Z
2365,"P002365",27,41.4200,"SKU-ELE-002365",192,50.4900,"Electronic Components Product 02365",1437,"raw_material",385,"electronic_components","EA","buy","Y",2026-09-20 09:31:58.225711Z
2366,"P002366",24,214.7500,"SKU-PAC-002366",1247,264.6500,"Packaging Product 02366",1667,"raw_material",637,"packaging","EA","buy","Y",2026-09-20 09:31:58.225711Z
2367,"P002367",4,33.7600,"SKU-STE-002367",275,46.8600,"Steel Product 02367",1301,"raw_material",393,"steel","M","buy","Y",2026-09-20 09:31:58.225711Z
2368,"P002368",6,53.2900,"SKU-ELE-002368",765,62.4800,"Electronic Components Product 02368",3285,"raw_material",700,"electronic_components","EA","buy","Y",2026-09-20 09:31:58.225711Z
2369,"P002369",14,52.6900,"SKU-ELE-002369",704,71.8100,"Electronic Components Product 02369",2762,"raw_material",279,"electronic_components","EA","buy","Y",2026-09-20 09:31:58.225711Z
2370,"P002370",35,751.0600,"SKU-ELE-002370",1112,918.1500,"Electronic Components Product 02370",502,"raw_material",121,"electronic_components","EA","buy","Y",2026-09-20 09:31:58.225711Z
2371,"P002371",36,27.3900,"SKU-ALU-002371",835,35.3400,"Aluminium Product 02371",2906,"raw_material",446,"aluminium","EA","buy","Y",2026-09-20 09:31:58.225711Z
2372,"P002372",27,21.2900,"SKU-ALU-002372",1346,27.7400,"Aluminium Product 02372",909,"raw_material",647,"aluminium","EA","buy","Y",2026-09-20 09:31:58.225711Z
2373,"P002373",31,80.3000,"SKU-STE-002373",920,98.9400,"Steel Product 02373",2793,"raw_material",114,"steel","L","buy","Y",2026-09-20 09:31:58.225711Z
2374,"P002374",18,136.5200,"SKU-COP-002374",219,161.9300,"Copper Product 02374",3483,"raw_material",71,"copper","EA","buy","Y",2026-09-20 09:31:58.225711Z
2375,"P002375",7,89.1300,"SKU-COP-002375",1054,118.0500,"Copper Product 02375",1221,"packaging",513,"copper","EA","buy","Y",2026-09-20 09:31:58.225711Z
2376,"P002376",10,71.0800,"SKU-PLA-002376",526,82.2900,"Plastic Product 02376",731,"raw_material",22,"plastic","EA","buy","Y",2026-09-20 09:31:58.225711Z
2377,"P002377",4,61.3400,"SKU-ELE-002377",235,71.3100,"Electronic Components Product 02377",786,"raw_material",343,"electronic_components","L","buy","Y",2026-09-20 09:31:58.225711Z
2378,"P002378",24,79.8200,"SKU-ELE-002378",517,96.2400,"Electronic Components Product 02378",1254,"raw_material",474,"electronic_components","EA","buy","Y",2026-09-20 09:31:58.225711Z
2379,"P002379",7,42.5700,"SKU-ELE-002379",183,50.1200,"Electronic Components Product 02379",52,"raw_material",491,"electronic_components","EA","buy","Y",2026-09-20 09:31:58.225711Z
2380,"P002380",11,41.1100,"SKU-COP-002380",615,52.8800,"Copper Product 02380",1654,"raw_material",511,"copper","M","buy","Y",2026-09-20 09:31:58.225711Z
2381,"P002381",36,73.7000,"SKU-PLA-002381",1173,102.3000,"Plastic Product 02381",2092,"raw_material",192,"plastic","EA","buy","Y",2026-09-20 09:31:58.225711Z
2382,"P002382",5,52.7300,"SKU-ALU-002382",297,60.1200,"Aluminium Product 02382",2744,"packaging",292,"aluminium","EA","buy","Y",2026-09-20 09:31:58.225711Z
2383,"P002383",27,41.3700,"SKU-COP-002383",450,54.8800,"Copper Product 02383",1523,"packaging",140,"copper","EA","buy","Y",2026-09-20 09:31:58.225711Z
2384,"P002384",14,68.1000,"SKU-PAC-002384",488,83.6900,"Packaging Product 02384",901,"packaging",364,"packaging","EA","buy","Y",2026-09-20 09:31:58.225711Z
2385,"P002385",11,61.9600,"SKU-FAS-002385",1191,71.9400,"Fasteners Product 02385",2024,"raw_material",296,"fasteners","EA","buy","Y",2026-09-20 09:31:58.225711Z
2386,"P002386",31,158.2300,"SKU-COP-002386",1369,176.7600,"Copper Product 02386",1676,"packaging",450,"copper","KG","buy","Y",2026-09-20 09:31:58.225711Z
2387,"P002387",21,141.2700,"SKU-STE-002387",199,178.1800,"Steel Product 02387",1889,"raw_material",734,"steel","EA","buy","Y",2026-09-20 09:31:58.225711Z
2388,"P002388",38,100.3100,"SKU-FAS-002388",931,130.0500,"Fasteners Product 02388",2561,"raw_material",166,"fasteners","EA","buy","Y",2026-09-20 09:31:58.225711Z
2389,"P002389",9,95.5600,"SKU-PAC-002389",1102,134.2200,"Packaging Product 02389",1649,"raw_material",712,"packaging","L","buy","Y",2026-09-20 09:31:58.225711Z
2390,"P002390",4,79.8900,"SKU-STE-002390",881,86.8300,"Steel Product 02390",2566,"raw_material",628,"steel","EA","buy","Y",2026-09-20 09:31:58.225711Z
2391,"P002391",5,61.5300,"SKU-STE-002391",605,77.1400,"Steel Product 02391",939,"raw_material",215,"steel","KG","buy","Y",2026-09-20 09:31:58.225711Z
2392,"P002392",38,27.6000,"SKU-ELE-002392",1292,39.5500,"Electronic Components Product 02392",2247,"raw_material",343,"electronic_components","EA","buy","Y",2026-09-20 09:31:58.225711Z
2393,"P002393",36,62.0700,"SKU-ELE-002393",837,89.1300,"Electronic Components Product 02393",992,"raw_material",417,"electronic_components","EA","buy","Y",2026-09-20 09:31:58.225711Z
2394,"P002394",21,90.6100,"SKU-ELE-002394",1179,122.7800,"Electronic Components Product 02394",683,"raw_material",617,"electronic_components","EA","buy","Y",2026-09-20 09:31:58.225711Z
2395,"P002395",31,203.3200,"SKU-PLA-002395",580,247.7600,"Plastic Product 02395",1346,"raw_material",251,"plastic","EA","buy","Y",2026-09-20 09:31:58.225711Z
2396,"P002396",24,68.3200,"SKU-COP-002396",1217,81.2500,"Copper Product 02396",1899,"raw_material",455,"copper","L","buy","Y",2026-09-20 09:31:58.225711Z
2397,"P002397",18,37.5100,"SKU-ELE-002397",1455,47.5700,"Electronic Components Product 02397",2444,"raw_material",73,"electronic_components","EA","buy","Y",2026-09-20 09:31:58.225711Z
2398,"P002398",12,63.0900,"SKU-STE-002398",18,79.4900,"Steel Product 02398",1666,"raw_material",96,"steel","EA","buy","Y",2026-09-20 09:31:58.225711Z
2399,"P002399",10,60.9800,"SKU-ELE-002399",852,70.2900,"Electronic Components Product 02399",2951,"raw_material",753,"electronic_components","KG","buy","Y",2026-09-20 09:31:58.225711Z
2400,"P002400",11,258.2700,"SKU-ELE-002400",1137,291.5700,"Electronic Components Product 02400",1487,"raw_material",258,"electronic_components","EA","buy","Y",2026-09-20 09:31:58.225711Z
2401,"P002401",23,204.4900,"SKU-PLA-002401",993,242.6300,"Plastic Product 02401",338,"raw_material",793,"plastic","EA","buy","Y",2026-09-20 09:31:58.225711Z
2402,"P002402",30,339.5100,"SKU-PLA-002402",1468,440.6400,"Plastic Product 02402",169,"raw_material",775,"plastic","EA","buy","Y",2026-09-20 09:31:58.225711Z
2403,"P002403",38,56.2700,"SKU-ELE-002403",1064,68.7800,"Electronic Components Product 02403",518,"raw_material",209,"electronic_components","EA","buy","Y",2026-09-20 09:31:58.225711Z
2404,"P002404",10,62.8400,"SKU-FAS-002404",1397,81.5300,"Fasteners Product 02404",712,"packaging",598,"fasteners","KG","buy","Y",2026-09-20 09:31:58.225711Z
2405,"P002405",35,246.6600,"SKU-ELE-002405",161,306.8700,"Electronic Components Product 02405",1298,"packaging",713,"electronic_components","M","buy","Y",2026-09-20 09:31:58.225711Z
2406,"P002406",20,19.8900,"SKU-ALU-002406",1114,24.4600,"Aluminium Product 02406",676,"raw_material",86,"aluminium","L","buy","Y",2026-09-20 09:31:58.225711Z
2407,"P002407",6,178.3800,"SKU-PLA-002407",423,208.5900,"Plastic Product 02407",159,"raw_material",386,"plastic","EA","buy","Y",2026-09-20 09:31:58.225711Z
2408,"P002408",26,77.8200,"SKU-ALU-002408",673,112.5600,"Aluminium Product 02408",2548,"raw_material",244,"aluminium","EA","buy","Y",2026-09-20 09:31:58.225711Z
2409,"P002409",31,150.5500,"SKU-PAC-002409",814,194.2700,"Packaging Product 02409",2291,"packaging",473,"packaging","EA","buy","Y",2026-09-20 09:31:58.225711Z
2410,"P002410",7,60.5700,"SKU-FAS-002410",623,83.6400,"Fasteners Product 02410",111,"raw_material",662,"fasteners","L","buy","Y",2026-09-20 09:31:58.225711Z
2411,"P002411",11,194.9100,"SKU-PLA-002411",439,268.3900,"Plastic Product 02411",3169,"raw_material",390,"plastic","EA","buy","Y",2026-09-20 09:31:58.225711Z
2412,"P002412",32,31.0600,"SKU-FAS-002412",109,41.8300,"Fasteners Product 02412",1314,"raw_material",113,"fasteners","EA","buy","Y",2026-09-20 09:31:58.225711Z
2413,"P002413",13,38.1200,"SKU-PLA-002413",85,45.4300,"Plastic Product 02413",3357,"raw_material",98,"plastic","EA","buy","Y",2026-09-20 09:31:58.225711Z
2414,"P002414",10,154.7100,"SKU-STE-002414",1401,209.8500,"Steel Product 02414",1780,"raw_material",269,"steel","L","buy","Y",2026-09-20 09:31:58.225711Z
2415,"P002415",12,87.3500,"SKU-STE-002415",632,114.5300,"Steel Product 02415",49,"raw_material",435,"steel","EA","buy","Y",2026-09-20 09:31:58.225711Z
2416,"P002416",18,45.5300,"SKU-PAC-002416",897,49.6300,"Packaging Product 02416",3387,"raw_material",291,"packaging","KG","buy","Y",2026-09-20 09:31:58.225711Z
2417,"P002417",27,28.1400,"SKU-FAS-002417",1033,39.8900,"Fasteners Product 02417",162,"raw_material",639,"fasteners","L","buy","Y",2026-09-20 09:31:58.225711Z
2418,"P002418",5,112.8300,"SKU-PLA-002418",375,128.0700,"Plastic Product 02418",3131,"raw_material",397,"plastic","EA","buy","Y",2026-09-20 09:31:58.225711Z
2419,"P002419",37,86.7900,"SKU-FAS-002419",739,123.0100,"Fasteners Product 02419",178,"raw_material",305,"fasteners","EA","buy","Y",2026-09-20 09:31:58.225711Z
2420,"P002420",13,89.8400,"SKU-STE-002420",1109,129.6800,"Steel Product 02420",177,"packaging",486,"steel","M","buy","Y",2026-09-20 09:31:58.225711Z
2421,"P002421",34,13.0500,"SKU-ELE-002421",196,15.7500,"Electronic Components Product 02421",2300,"packaging",101,"electronic_components","EA","buy","Y",2026-09-20 09:31:58.225711Z
2422,"P002422",28,79.2600,"SKU-PLA-002422",731,112.3400,"Plastic Product 02422",3198,"raw_material",90,"plastic","EA","buy","Y",2026-09-20 09:31:58.225711Z
2423,"P002423",7,20.2600,"SKU-ALU-002423",566,24.3700,"Aluminium Product 02423",2509,"raw_material",667,"aluminium","EA","buy","Y",2026-09-20 09:31:58.225711Z
2424,"P002424",27,27.4000,"SKU-FAS-002424",238,31.0900,"Fasteners Product 02424",227,"raw_material",725,"fasteners","EA","buy","Y",2026-09-20 09:31:58.225711Z
2425,"P002425",4,39.9900,"SKU-ALU-002425",1462,55.3800,"Aluminium Product 02425",3193,"packaging",280,"aluminium","EA","buy","Y",2026-09-20 09:31:58.225711Z
2426,"P002426",32,29.5500,"SKU-PLA-002426",582,38.8600,"Plastic Product 02426",2501,"raw_material",728,"plastic","KG","buy","Y",2026-09-20 09:31:58.225711Z
2427,"P002427",21,49.4700,"SKU-PLA-002427",767,65.5000,"Plastic Product 02427",3479,"raw_material",586,"plastic","M","buy","Y",2026-09-20 09:31:58.225711Z
2428,"P002428",31,162.2900,"SKU-ALU-002428",949,229.3000,"Aluminium Product 02428",2623,"raw_material",499,"aluminium","KG","buy","Y",2026-09-20 09:31:58.225711Z
2429,"P002429",26,97.9000,"SKU-ELE-002429",487,122.2200,"Electronic Components Product 02429",2323,"raw_material",737,"electronic_components","EA","buy","Y",2026-09-20 09:31:58.225711Z
2430,"P002430",27,272.4700,"SKU-PLA-002430",632,374.6100,"Plastic Product 02430",3345,"raw_material",666,"plastic","EA","buy","Y",2026-09-20 09:31:58.225711Z
2431,"P002431",8,51.5600,"SKU-ELE-002431",610,72.8800,"Electronic Components Product 02431",3376,"packaging",747,"electronic_components","EA","buy","Y",2026-09-20 09:31:58.225711Z
2432,"P002432",28,36.0500,"SKU-ALU-002432",385,46.5900,"Aluminium Product 02432",1902,"raw_material",598,"aluminium","EA","buy","Y",2026-09-20 09:31:58.225711Z
2433,"P002433",18,21.5000,"SKU-PAC-002433",40,26.3400,"Packaging Product 02433",2709,"raw_material",550,"packaging","L","buy","Y",2026-09-20 09:31:58.225711Z
2434,"P002434",18,39.7700,"SKU-ALU-002434",1186,51.3800,"Aluminium Product 02434",2878,"raw_material",678,"aluminium","EA","buy","Y",2026-09-20 09:31:58.225711Z
2435,"P002435",10,54.7700,"SKU-ALU-002435",831,69.3100,"Aluminium Product 02435",749,"raw_material",443,"aluminium","M","buy","Y",2026-09-20 09:31:58.225711Z
2436,"P002436",26,68.6600,"SKU-STE-002436",1145,90.6800,"Steel Product 02436",2212,"raw_material",17,"steel","EA","buy","Y",2026-09-20 09:31:58.225711Z
2437,"P002437",21,28.4000,"SKU-FAS-002437",233,37.7400,"Fasteners Product 02437",2967,"raw_material",345,"fasteners","EA","buy","Y",2026-09-20 09:31:58.225711Z
2438,"P002438",24,36.2300,"SKU-STE-002438",1275,44.6100,"Steel Product 02438",2015,"packaging",447,"steel","EA","buy","Y",2026-09-20 09:31:58.225711Z
2439,"P002439",6,178.8400,"SKU-ELE-002439",123,249.0600,"Electronic Components Product 02439",1264,"raw_material",306,"electronic_components","L","buy","Y",2026-09-20 09:31:58.225711Z
2440,"P002440",13,146.4500,"SKU-STE-002440",1044,173.2600,"Steel Product 02440",343,"raw_material",660,"steel","EA","buy","Y",2026-09-20 09:31:58.225711Z
2441,"P002441",11,112.2000,"SKU-PAC-002441",788,155.2800,"Packaging Product 02441",1521,"raw_material",70,"packaging","EA","buy","Y",2026-09-20 09:31:58.225711Z
2442,"P002442",24,35.1800,"SKU-STE-002442",1074,49.0800,"Steel Product 02442",1838,"raw_material",657,"steel","EA","buy","Y",2026-09-20 09:31:58.225711Z
2443,"P002443",33,152.6600,"SKU-PAC-002443",154,184.8000,"Packaging Product 02443",2412,"raw_material",175,"packaging","EA","buy","Y",2026-09-20 09:31:58.225711Z
2444,"P002444",5,37.7600,"SKU-PLA-002444",760,48.4200,"Plastic Product 02444",2590,"raw_material",388,"plastic","EA","buy","Y",2026-09-20 09:31:58.225711Z
2445,"P002445",16,77.8300,"SKU-ALU-002445",803,86.2400,"Aluminium Product 02445",787,"packaging",497,"aluminium","EA","buy","Y",2026-09-20 09:31:58.225711Z
2446,"P002446",28,132.9300,"SKU-PAC-002446",689,146.9400,"Packaging Product 02446",2055,"raw_material",562,"packaging","EA","buy","Y",2026-09-20 09:31:58.225711Z
2447,"P002447",13,94.8900,"SKU-PLA-002447",119,111.0700,"Plastic Product 02447",2892,"raw_material",117,"plastic","EA","buy","Y",2026-09-20 09:31:58.225711Z
2448,"P002448",5,22.6600,"SKU-COP-002448",635,30.9600,"Copper Product 02448",380,"raw_material",447,"copper","L","buy","Y",2026-09-20 09:31:58.225711Z
2449,"P002449",7,46.9500,"SKU-PLA-002449",350,62.3300,"Plastic Product 02449",1437,"raw_material",241,"plastic","L","buy","Y",2026-09-20 09:31:58.225711Z
2450,"P002450",8,105.8500,"SKU-PLA-002450",646,125.3400,"Plastic Product 02450",1833,"raw_material",225,"plastic","EA","buy","Y",2026-09-20 09:31:58.225711Z
2451,"P002451",33,106.8500,"SKU-COP-002451",900,135.9900,"Copper Product 02451",3336,"packaging",745,"copper","KG","buy","Y",2026-09-20 09:31:58.225711Z
2452,"P002452",33,124.6100,"SKU-PLA-002452",1063,157.8900,"Plastic Product 02452",2624,"raw_material",204,"plastic","EA","buy","Y",2026-09-20 09:31:58.225711Z
2453,"P002453",29,36.6200,"SKU-ELE-002453",109,39.7700,"Electronic Components Product 02453",2125,"raw_material",757,"electronic_components","EA","buy","Y",2026-09-20 09:31:58.225711Z
2454,"P002454",17,69.5200,"SKU-STE-002454",1145,85.5300,"Steel Product 02454",174,"raw_material",173,"steel","EA","buy","Y",2026-09-20 09:31:58.225711Z
2455,"P002455",5,73.4000,"SKU-ELE-002455",702,82.0100,"Electronic Components Product 02455",694,"raw_material",192,"electronic_components","EA","buy","Y",2026-09-20 09:31:58.225711Z
2456,"P002456",16,18.2700,"SKU-ELE-002456",104,20.2400,"Electronic Components Product 02456",1853,"raw_material",36,"electronic_components","EA","buy","Y",2026-09-20 09:31:58.225711Z
2457,"P002457",16,62.6100,"SKU-PAC-002457",143,88.0400,"Packaging Product 02457",1062,"raw_material",115,"packaging","KG","buy","Y",2026-09-20 09:31:58.225711Z
2458,"P002458",22,45.8800,"SKU-STE-002458",1444,64.8700,"Steel Product 02458",1492,"raw_material",428,"steel","EA","buy","Y",2026-09-20 09:31:58.225711Z
2459,"P002459",29,125.3500,"SKU-STE-002459",172,163.8600,"Steel Product 02459",125,"packaging",758,"steel","EA","buy","Y",2026-09-20 09:31:58.225711Z
2460,"P002460",21,152.4100,"SKU-STE-002460",915,197.6600,"Steel Product 02460",354,"raw_material",291,"steel","KG","buy","Y",2026-09-20 09:31:58.225711Z
2461,"P002461",28,76.2400,"SKU-PAC-002461",868,106.4700,"Packaging Product 02461",2525,"packaging",798,"packaging","EA","buy","Y",2026-09-20 09:31:58.225711Z
2462,"P002462",30,42.8700,"SKU-PLA-002462",1319,57.3000,"Plastic Product 02462",2227,"raw_material",166,"plastic","KG","buy","Y",2026-09-20 09:31:58.225711Z
2463,"P002463",15,42.8000,"SKU-PAC-002463",991,47.2400,"Packaging Product 02463",3173,"packaging",18,"packaging","KG","buy","Y",2026-09-20 09:31:58.225711Z
2464,"P002464",12,43.0600,"SKU-COP-002464",969,54.4900,"Copper Product 02464",727,"raw_material",771,"copper","EA","buy","Y",2026-09-20 09:31:58.225711Z
2465,"P002465",20,136.0200,"SKU-FAS-002465",870,158.9600,"Fasteners Product 02465",2260,"raw_material",57,"fasteners","EA","buy","Y",2026-09-20 09:31:58.225711Z
2466,"P002466",15,47.8600,"SKU-ALU-002466",895,68.0500,"Aluminium Product 02466",121,"raw_material",347,"aluminium","L","buy","Y",2026-09-20 09:31:58.225711Z
2467,"P002467",19,13.7600,"SKU-COP-002467",756,17.1700,"Copper Product 02467",756,"raw_material",703,"copper","EA","buy","Y",2026-09-20 09:31:58.225711Z
2468,"P002468",30,128.2800,"SKU-ALU-002468",60,169.7000,"Aluminium Product 02468",3318,"raw_material",253,"aluminium","M","buy","Y",2026-09-20 09:31:58.225711Z
2469,"P002469",11,44.9600,"SKU-STE-002469",208,52.8500,"Steel Product 02469",2764,"packaging",377,"steel","EA","buy","Y",2026-09-20 09:31:58.225711Z
2470,"P002470",13,46.0500,"SKU-STE-002470",67,50.4800,"Steel Product 02470",131,"raw_material",303,"steel","EA","buy","Y",2026-09-20 09:31:58.225711Z
2471,"P002471",29,19.3200,"SKU-PAC-002471",303,26.7900,"Packaging Product 02471",1549,"raw_material",28,"packaging","EA","buy","Y",2026-09-20 09:31:58.225711Z
2472,"P002472",15,25.4400,"SKU-STE-002472",342,29.6500,"Steel Product 02472",827,"raw_material",695,"steel","EA","buy","Y",2026-09-20 09:31:58.225711Z
2473,"P002473",11,98.2500,"SKU-STE-002473",1471,137.6700,"Steel Product 02473",275,"raw_material",348,"steel","EA","buy","Y",2026-09-20 09:31:58.225711Z
2474,"P002474",22,59.7800,"SKU-PLA-002474",54,82.4900,"Plastic Product 02474",2716,"raw_material",789,"plastic","EA","buy","Y",2026-09-20 09:31:58.225711Z
2475,"P002475",16,114.8400,"SKU-FAS-002475",94,161.6000,"Fasteners Product 02475",2090,"raw_material",690,"fasteners","EA","buy","Y",2026-09-20 09:31:58.225711Z
2476,"P002476",24,19.1700,"SKU-ELE-002476",1342,24.1200,"Electronic Components Product 02476",1273,"raw_material",717,"electronic_components","EA","buy","Y",2026-09-20 09:31:58.225711Z
2477,"P002477",10,43.0500,"SKU-ALU-002477",1202,47.3900,"Aluminium Product 02477",2621,"packaging",536,"aluminium","EA","buy","Y",2026-09-20 09:31:58.225711Z
2478,"P002478",28,93.7700,"SKU-ELE-002478",862,107.7400,"Electronic Components Product 02478",112,"raw_material",52,"electronic_components","EA","buy","Y",2026-09-20 09:31:58.225711Z
2479,"P002479",13,83.7300,"SKU-PLA-002479",887,119.2900,"Plastic Product 02479",1089,"raw_material",404,"plastic","M","buy","Y",2026-09-20 09:31:58.225711Z
2480,"P002480",5,86.7500,"SKU-ELE-002480",1010,124.1900,"Electronic Components Product 02480",2187,"packaging",66,"electronic_components","EA","buy","Y",2026-09-20 09:31:58.225711Z
2481,"P002481",15,194.0900,"SKU-ALU-002481",88,213.0300,"Aluminium Product 02481",3208,"raw_material",511,"aluminium","EA","buy","Y",2026-09-20 09:31:58.225711Z
2482,"P002482",8,48.2200,"SKU-ELE-002482",33,67.8100,"Electronic Components Product 02482",1333,"raw_material",147,"electronic_components","EA","buy","Y",2026-09-20 09:31:58.225711Z
2483,"P002483",32,32.2000,"SKU-ALU-002483",712,35.5900,"Aluminium Product 02483",2853,"raw_material",241,"aluminium","EA","buy","Y",2026-09-20 09:31:58.225711Z
2484,"P002484",8,28.3000,"SKU-PLA-002484",495,36.3100,"Plastic Product 02484",2282,"packaging",213,"plastic","EA","buy","Y",2026-09-20 09:31:58.225711Z
2485,"P002485",6,193.7200,"SKU-PLA-002485",1497,209.6800,"Plastic Product 02485",622,"raw_material",668,"plastic","KG","buy","Y",2026-09-20 09:31:58.225711Z
2486,"P002486",24,124.1600,"SKU-ALU-002486",1379,175.8000,"Aluminium Product 02486",263,"raw_material",61,"aluminium","EA","buy","Y",2026-09-20 09:31:58.225711Z
2487,"P002487",13,19.1600,"SKU-ELE-002487",555,24.8700,"Electronic Components Product 02487",1889,"packaging",152,"electronic_components","EA","buy","Y",2026-09-20 09:31:58.225711Z
2488,"P002488",24,74.6400,"SKU-ELE-002488",1287,85.7300,"Electronic Components Product 02488",2506,"raw_material",277,"electronic_components","EA","buy","Y",2026-09-20 09:31:58.225711Z
2489,"P002489",18,135.5200,"SKU-PLA-002489",296,196.3800,"Plastic Product 02489",1992,"packaging",612,"plastic","EA","buy","Y",2026-09-20 09:31:58.225711Z
2490,"P002490",28,51.2900,"SKU-STE-002490",66,57.5100,"Steel Product 02490",2804,"raw_material",468,"steel","EA","buy","Y",2026-09-20 09:31:58.225711Z
2491,"P002491",36,59.3200,"SKU-PLA-002491",630,85.3800,"Plastic Product 02491",2806,"raw_material",258,"plastic","EA","buy","Y",2026-09-20 09:31:58.225711Z
2492,"P002492",10,152.1200,"SKU-STE-002492",857,173.8100,"Steel Product 02492",3044,"raw_material",666,"steel","KG","buy","Y",2026-09-20 09:31:58.225711Z
2493,"P002493",12,171.1800,"SKU-COP-002493",399,185.5500,"Copper Product 02493",1175,"raw_material",299,"copper","L","buy","Y",2026-09-20 09:31:58.225711Z
2494,"P002494",18,51.9000,"SKU-STE-002494",1335,71.0200,"Steel Product 02494",86,"raw_material",797,"steel","EA","buy","Y",2026-09-20 09:31:58.225711Z
2495,"P002495",13,37.6700,"SKU-ELE-002495",43,46.7000,"Electronic Components Product 02495",1251,"raw_material",99,"electronic_components","EA","buy","Y",2026-09-20 09:31:58.225711Z
2496,"P002496",29,195.5300,"SKU-PLA-002496",1459,275.6000,"Plastic Product 02496",1732,"raw_material",227,"plastic","L","buy","Y",2026-09-20 09:31:58.225711Z
2497,"P002497",14,111.7800,"SKU-STE-002497",851,127.0600,"Steel Product 02497",868,"raw_material",378,"steel","EA","buy","Y",2026-09-20 09:31:58.225711Z
2498,"P002498",7,25.7200,"SKU-PLA-002498",372,32.1700,"Plastic Product 02498",2277,"raw_material",254,"plastic","L","buy","Y",2026-09-20 09:31:58.225711Z
2499,"P002499",26,59.3700,"SKU-PLA-002499",1375,72.1200,"Plastic Product 02499",1868,"raw_material",632,"plastic","EA","buy","Y",2026-09-20 09:31:58.225711Z
2500,"P002500",32,151.6100,"SKU-STE-002500",1259,173.5100,"Steel Product 02500",85,"packaging",354,"steel","EA","buy","Y",2026-09-20 09:31:58.225711Z
2501,"P002501",22,86.7400,"SKU-ALU-002501",1461,114.2600,"Aluminium Product 02501",2492,"raw_material",356,"aluminium","M","buy","Y",2026-09-20 09:31:58.225711Z
2502,"P002502",28,89.3200,"SKU-ELE-002502",26,113.4200,"Electronic Components Product 02502",2932,"packaging",368,"electronic_components","EA","buy","Y",2026-09-20 09:31:58.225711Z
2503,"P002503",9,48.0700,"SKU-ELE-002503",380,65.0000,"Electronic Components Product 02503",342,"raw_material",506,"electronic_components","KG","buy","Y",2026-09-20 09:31:58.225711Z
2504,"P002504",29,46.3100,"SKU-PLA-002504",184,51.2100,"Plastic Product 02504",1137,"raw_material",612,"plastic","EA","buy","Y",2026-09-20 09:31:58.225711Z
2505,"P002505",14,32.0100,"SKU-STE-002505",141,39.0700,"Steel Product 02505",858,"raw_material",784,"steel","EA","buy","Y",2026-09-20 09:31:58.225711Z
2506,"P002506",12,70.2700,"SKU-ALU-002506",1006,95.9000,"Aluminium Product 02506",2069,"raw_material",553,"aluminium","EA","buy","Y",2026-09-20 09:31:58.225711Z
2507,"P002507",4,35.0900,"SKU-ELE-002507",925,46.4100,"Electronic Components Product 02507",3251,"raw_material",783,"electronic_components","EA","buy","Y",2026-09-20 09:31:58.225711Z
2508,"P002508",33,118.5800,"SKU-COP-002508",739,138.7400,"Copper Product 02508",1304,"raw_material",245,"copper","EA","buy","Y",2026-09-20 09:31:58.225711Z
2509,"P002509",27,80.9100,"SKU-STE-002509",1461,96.5800,"Steel Product 02509",3284,"packaging",95,"steel","EA","buy","Y",2026-09-20 09:31:58.225711Z
2510,"P002510",30,60.2400,"SKU-PLA-002510",410,80.5100,"Plastic Product 02510",209,"packaging",115,"plastic","L","buy","Y",2026-09-20 09:31:58.225711Z
2511,"P002511",21,85.6000,"SKU-FAS-002511",558,97.4900,"Fasteners Product 02511",1070,"raw_material",188,"fasteners","EA","buy","Y",2026-09-20 09:31:58.225711Z
2512,"P002512",32,31.2200,"SKU-PAC-002512",594,44.3200,"Packaging Product 02512",1698,"raw_material",456,"packaging","EA","buy","Y",2026-09-20 09:31:58.225711Z
2513,"P002513",25,52.2600,"SKU-ELE-002513",650,72.1100,"Electronic Components Product 02513",2038,"raw_material",234,"electronic_components","EA","buy","Y",2026-09-20 09:31:58.225711Z
2514,"P002514",30,71.4100,"SKU-PAC-002514",1238,103.0600,"Packaging Product 02514",3310,"packaging",113,"packaging","EA","buy","Y",2026-09-20 09:31:58.225711Z
2515,"P002515",20,49.8900,"SKU-ELE-002515",947,62.3000,"Electronic Components Product 02515",2167,"packaging",384,"electronic_components","EA","buy","Y",2026-09-20 09:31:58.225711Z
2516,"P002516",5,198.5700,"SKU-STE-002516",1179,265.1200,"Steel Product 02516",2940,"raw_material",465,"steel","EA","buy","Y",2026-09-20 09:31:58.225711Z
2517,"P002517",35,85.8100,"SKU-STE-002517",972,103.9400,"Steel Product 02517",3077,"packaging",82,"steel","EA","buy","Y",2026-09-20 09:31:58.225711Z
2518,"P002518",29,70.1400,"SKU-ELE-002518",336,96.0800,"Electronic Components Product 02518",3139,"raw_material",434,"electronic_components","KG","buy","Y",2026-09-20 09:31:58.225711Z
2519,"P002519",14,88.9700,"SKU-FAS-002519",837,115.1200,"Fasteners Product 02519",117,"raw_material",798,"fasteners","KG","buy","Y",2026-09-20 09:31:58.225711Z
2520,"P002520",8,106.2500,"SKU-FAS-002520",1307,125.5900,"Fasteners Product 02520",2374,"raw_material",693,"fasteners","M","buy","Y",2026-09-20 09:31:58.225711Z
2521,"P002521",20,45.0100,"SKU-FAS-002521",482,60.1800,"Fasteners Product 02521",2215,"raw_material",412,"fasteners","EA","buy","Y",2026-09-20 09:31:58.225711Z
2522,"P002522",28,147.5900,"SKU-STE-002522",579,209.7900,"Steel Product 02522",1585,"raw_material",227,"steel","EA","buy","Y",2026-09-20 09:31:58.225711Z
2523,"P002523",33,315.6400,"SKU-PAC-002523",1423,415.4400,"Packaging Product 02523",3357,"raw_material",612,"packaging","EA","buy","Y",2026-09-20 09:31:58.225711Z
2524,"P002524",33,286.5000,"SKU-STE-002524",123,345.1400,"Steel Product 02524",904,"raw_material",560,"steel","KG","buy","Y",2026-09-20 09:31:58.225711Z
2525,"P002525",5,37.2400,"SKU-STE-002525",750,48.4400,"Steel Product 02525",1886,"raw_material",559,"steel","KG","buy","Y",2026-09-20 09:31:58.225711Z
2526,"P002526",5,69.6300,"SKU-ELE-002526",1297,100.5800,"Electronic Components Product 02526",2820,"raw_material",581,"electronic_components","EA","buy","Y",2026-09-20 09:31:58.225711Z
2527,"P002527",23,62.6400,"SKU-PAC-002527",911,78.8000,"Packaging Product 02527",587,"raw_material",464,"packaging","EA","buy","Y",2026-09-20 09:31:58.225711Z
2528,"P002528",4,75.9200,"SKU-ELE-002528",1469,88.8400,"Electronic Components Product 02528",886,"raw_material",743,"electronic_components","EA","buy","Y",2026-09-20 09:31:58.225711Z
2529,"P002529",7,49.4300,"SKU-STE-002529",1109,54.8000,"Steel Product 02529",2190,"raw_material",233,"steel","EA","buy","Y",2026-09-20 09:31:58.225711Z
2530,"P002530",7,45.2700,"SKU-FAS-002530",1261,58.5200,"Fasteners Product 02530",2937,"raw_material",522,"fasteners","EA","buy","Y",2026-09-20 09:31:58.225711Z
2531,"P002531",36,336.5100,"SKU-STE-002531",644,482.4400,"Steel Product 02531",3037,"raw_material",748,"steel","EA","buy","Y",2026-09-20 09:31:58.225711Z
2532,"P002532",38,145.8600,"SKU-STE-002532",99,195.4200,"Steel Product 02532",1234,"raw_material",287,"steel","EA","buy","Y",2026-09-20 09:31:58.225711Z
2533,"P002533",25,114.7300,"SKU-FAS-002533",761,128.9400,"Fasteners Product 02533",2415,"raw_material",20,"fasteners","KG","buy","Y",2026-09-20 09:31:58.225711Z
2534,"P002534",17,121.9400,"SKU-FAS-002534",1346,156.3700,"Fasteners Product 02534",1700,"raw_material",555,"fasteners","EA","buy","Y",2026-09-20 09:31:58.225711Z
2535,"P002535",15,67.9900,"SKU-ALU-002535",1194,74.8000,"Aluminium Product 02535",3097,"raw_material",404,"aluminium","EA","buy","Y",2026-09-20 09:31:58.225711Z
2536,"P002536",19,15.8000,"SKU-STE-002536",919,22.1400,"Steel Product 02536",2098,"raw_material",342,"steel","EA","buy","Y",2026-09-20 09:31:58.225711Z
2537,"P002537",8,33.1500,"SKU-STE-002537",1137,42.7500,"Steel Product 02537",494,"raw_material",640,"steel","EA","buy","Y",2026-09-20 09:31:58.225711Z
2538,"P002538",7,103.9100,"SKU-PLA-002538",1416,140.1100,"Plastic Product 02538",2366,"raw_material",370,"plastic","EA","buy","Y",2026-09-20 09:31:58.225711Z
2539,"P002539",26,37.7400,"SKU-PLA-002539",397,50.0000,"Plastic Product 02539",2235,"packaging",17,"plastic","EA","buy","Y",2026-09-20 09:31:58.225711Z
2540,"P002540",8,134.0600,"SKU-FAS-002540",1141,171.4700,"Fasteners Product 02540",2571,"packaging",411,"fasteners","EA","buy","Y",2026-09-20 09:31:58.225711Z
2541,"P002541",24,28.0900,"SKU-ELE-002541",130,33.3600,"Electronic Components Product 02541",1931,"raw_material",271,"electronic_components","EA","buy","Y",2026-09-20 09:31:58.225711Z
2542,"P002542",30,54.2700,"SKU-PLA-002542",1480,71.4300,"Plastic Product 02542",195,"raw_material",690,"plastic","EA","buy","Y",2026-09-20 09:31:58.225711Z
2543,"P002543",17,91.0400,"SKU-STE-002543",1242,131.2700,"Steel Product 02543",583,"raw_material",625,"steel","EA","buy","Y",2026-09-20 09:31:58.225711Z
2544,"P002544",35,17.1400,"SKU-COP-002544",445,21.0700,"Copper Product 02544",3133,"packaging",410,"copper","KG","buy","Y",2026-09-20 09:31:58.225711Z
2545,"P002545",19,97.7300,"SKU-PLA-002545",1113,113.1000,"Plastic Product 02545",1924,"raw_material",517,"plastic","EA","buy","Y",2026-09-20 09:31:58.225711Z
2546,"P002546",35,48.5000,"SKU-ELE-002546",803,63.1700,"Electronic Components Product 02546",1711,"raw_material",206,"electronic_components","EA","buy","Y",2026-09-20 09:31:58.225711Z
2547,"P002547",4,49.0900,"SKU-ELE-002547",796,56.0700,"Electronic Components Product 02547",3489,"raw_material",138,"electronic_components","EA","buy","Y",2026-09-20 09:31:58.225711Z
2548,"P002548",14,104.8000,"SKU-PAC-002548",1046,124.2100,"Packaging Product 02548",967,"raw_material",78,"packaging","EA","buy","Y",2026-09-20 09:31:58.225711Z
2549,"P002549",20,39.9400,"SKU-PLA-002549",131,50.5600,"Plastic Product 02549",1714,"raw_material",122,"plastic","EA","buy","Y",2026-09-20 09:31:58.225711Z
2550,"P002550",32,178.1400,"SKU-ELE-002550",671,199.8400,"Electronic Components Product 02550",1348,"raw_material",772,"electronic_components","EA","buy","Y",2026-09-20 09:31:58.225711Z
2551,"P002551",29,95.1400,"SKU-PAC-002551",539,104.8000,"Packaging Product 02551",970,"raw_material",348,"packaging","M","buy","Y",2026-09-20 09:31:58.225711Z
2552,"P002552",26,68.9400,"SKU-ALU-002552",1361,99.5000,"Aluminium Product 02552",1860,"packaging",567,"aluminium","EA","buy","Y",2026-09-20 09:31:58.225711Z
2553,"P002553",21,75.2800,"SKU-STE-002553",1369,83.9700,"Steel Product 02553",2875,"raw_material",406,"steel","KG","buy","Y",2026-09-20 09:31:58.225711Z
2554,"P002554",5,16.7100,"SKU-PLA-002554",1128,19.3000,"Plastic Product 02554",1103,"raw_material",419,"plastic","EA","buy","Y",2026-09-20 09:31:58.225711Z
2555,"P002555",31,245.1300,"SKU-STE-002555",505,322.7400,"Steel Product 02555",2487,"raw_material",127,"steel","M","buy","Y",2026-09-20 09:31:58.225711Z
2556,"P002556",6,111.6900,"SKU-ELE-002556",1008,143.1800,"Electronic Components Product 02556",823,"raw_material",617,"electronic_components","EA","buy","Y",2026-09-20 09:31:58.225711Z
2557,"P002557",18,86.8000,"SKU-PLA-002557",961,109.7200,"Plastic Product 02557",2014,"raw_material",115,"plastic","L","buy","Y",2026-09-20 09:31:58.225711Z
2558,"P002558",34,47.9700,"SKU-PAC-002558",1215,62.3000,"Packaging Product 02558",3170,"raw_material",87,"packaging","KG","buy","Y",2026-09-20 09:31:58.225711Z
2559,"P002559",37,80.3800,"SKU-STE-002559",1498,110.1100,"Steel Product 02559",2420,"raw_material",100,"steel","KG","buy","Y",2026-09-20 09:31:58.225711Z
2560,"P002560",22,220.6100,"SKU-COP-002560",56,305.6000,"Copper Product 02560",2847,"raw_material",562,"copper","EA","buy","Y",2026-09-20 09:31:58.225711Z
2561,"P002561",36,14.4000,"SKU-ELE-002561",360,20.3600,"Electronic Components Product 02561",2941,"raw_material",722,"electronic_components","EA","buy","Y",2026-09-20 09:31:58.225711Z
2562,"P002562",21,89.4000,"SKU-STE-002562",150,106.6400,"Steel Product 02562",3459,"raw_material",208,"steel","KG","buy","Y",2026-09-20 09:31:58.225711Z
2563,"P002563",10,106.2100,"SKU-FAS-002563",1028,143.2400,"Fasteners Product 02563",990,"raw_material",390,"fasteners","EA","buy","Y",2026-09-20 09:31:58.225711Z
2564,"P002564",17,702.3800,"SKU-PAC-002564",898,876.6000,"Packaging Product 02564",1832,"raw_material",311,"packaging","EA","buy","Y",2026-09-20 09:31:58.225711Z
2565,"P002565",37,97.8500,"SKU-ELE-002565",332,139.7800,"Electronic Components Product 02565",802,"raw_material",113,"electronic_components","KG","buy","Y",2026-09-20 09:31:58.225711Z
2566,"P002566",23,101.5200,"SKU-STE-002566",1413,141.5200,"Steel Product 02566",3125,"raw_material",295,"steel","EA","buy","Y",2026-09-20 09:31:58.225711Z
2567,"P002567",28,86.2900,"SKU-STE-002567",1050,121.9100,"Steel Product 02567",2138,"raw_material",318,"steel","EA","buy","Y",2026-09-20 09:31:58.225711Z
2568,"P002568",11,69.3300,"SKU-STE-002568",805,87.1300,"Steel Product 02568",1201,"packaging",395,"steel","EA","buy","Y",2026-09-20 09:31:58.225711Z
2569,"P002569",27,134.7400,"SKU-PLA-002569",1322,181.1300,"Plastic Product 02569",2932,"raw_material",644,"plastic","EA","buy","Y",2026-09-20 09:31:58.225711Z
2570,"P002570",8,24.5200,"SKU-STE-002570",910,28.2800,"Steel Product 02570",1722,"raw_material",583,"steel","EA","buy","Y",2026-09-20 09:31:58.225711Z
2571,"P002571",5,19.1200,"SKU-FAS-002571",1482,27.6400,"Fasteners Product 02571",1495,"packaging",183,"fasteners","EA","buy","Y",2026-09-20 09:31:58.225711Z
2572,"P002572",26,18.1300,"SKU-FAS-002572",531,24.4900,"Fasteners Product 02572",2209,"raw_material",789,"fasteners","EA","buy","Y",2026-09-20 09:31:58.225711Z
2573,"P002573",37,26.6600,"SKU-COP-002573",872,29.9200,"Copper Product 02573",3381,"raw_material",492,"copper","KG","buy","Y",2026-09-20 09:31:58.225711Z
2574,"P002574",10,34.7800,"SKU-ALU-002574",271,39.0700,"Aluminium Product 02574",3160,"raw_material",351,"aluminium","EA","buy","Y",2026-09-20 09:31:58.225711Z
2575,"P002575",25,225.0400,"SKU-ALU-002575",984,284.4700,"Aluminium Product 02575",3452,"raw_material",622,"aluminium","EA","buy","Y",2026-09-20 09:31:58.225711Z
2576,"P002576",7,27.2600,"SKU-PLA-002576",1066,34.3900,"Plastic Product 02576",2446,"raw_material",349,"plastic","EA","buy","Y",2026-09-20 09:31:58.225711Z
2577,"P002577",16,88.5600,"SKU-ELE-002577",915,99.3900,"Electronic Components Product 02577",2621,"raw_material",579,"electronic_components","EA","buy","Y",2026-09-20 09:31:58.225711Z
2578,"P002578",12,26.4500,"SKU-ELE-002578",737,36.7900,"Electronic Components Product 02578",2112,"raw_material",111,"electronic_components","EA","buy","Y",2026-09-20 09:31:58.225711Z
2579,"P002579",11,116.2900,"SKU-PAC-002579",952,151.9100,"Packaging Product 02579",2721,"raw_material",590,"packaging","EA","buy","Y",2026-09-20 09:31:58.225711Z
2580,"P002580",13,120.0800,"SKU-ELE-002580",980,168.9500,"Electronic Components Product 02580",1856,"raw_material",557,"electronic_components","EA","buy","Y",2026-09-20 09:31:58.225711Z
2581,"P002581",14,27.9600,"SKU-STE-002581",1349,34.4700,"Steel Product 02581",3412,"raw_material",653,"steel","EA","buy","Y",2026-09-20 09:31:58.225711Z
2582,"P002582",28,27.4000,"SKU-PLA-002582",935,33.1700,"Plastic Product 02582",2729,"raw_material",39,"plastic","KG","buy","Y",2026-09-20 09:31:58.225711Z
2583,"P002583",20,93.8900,"SKU-STE-002583",1107,102.5900,"Steel Product 02583",2319,"raw_material",784,"steel","L","buy","Y",2026-09-20 09:31:58.225711Z
2584,"P002584",36,75.1000,"SKU-ELE-002584",23,96.4300,"Electronic Components Product 02584",2172,"raw_material",561,"electronic_components","M","buy","Y",2026-09-20 09:31:58.225711Z
2585,"P002585",33,93.7600,"SKU-ALU-002585",43,133.7300,"Aluminium Product 02585",3424,"raw_material",501,"aluminium","KG","buy","Y",2026-09-20 09:31:58.225711Z
2586,"P002586",38,202.7900,"SKU-PLA-002586",610,220.0000,"Plastic Product 02586",1009,"packaging",552,"plastic","EA","buy","Y",2026-09-20 09:31:58.225711Z
2587,"P002587",25,18.1800,"SKU-ALU-002587",363,19.8700,"Aluminium Product 02587",2906,"raw_material",795,"aluminium","EA","buy","Y",2026-09-20 09:31:58.225711Z
2588,"P002588",37,30.2800,"SKU-ALU-002588",187,37.8400,"Aluminium Product 02588",440,"raw_material",353,"aluminium","EA","buy","Y",2026-09-20 09:31:58.225711Z
2589,"P002589",33,29.4700,"SKU-ALU-002589",439,32.9000,"Aluminium Product 02589",1787,"raw_material",504,"aluminium","EA","buy","Y",2026-09-20 09:31:58.225711Z
2590,"P002590",29,124.2400,"SKU-PLA-002590",977,159.4200,"Plastic Product 02590",687,"packaging",725,"plastic","EA","buy","Y",2026-09-20 09:31:58.225711Z
2591,"P002591",20,43.1600,"SKU-PLA-002591",1475,49.8900,"Plastic Product 02591",2236,"packaging",86,"plastic","EA","buy","Y",2026-09-20 09:31:58.225711Z
2592,"P002592",5,202.5800,"SKU-STE-002592",325,265.0400,"Steel Product 02592",2067,"raw_material",362,"steel","EA","buy","Y",2026-09-20 09:31:58.225711Z
2593,"P002593",16,60.5200,"SKU-FAS-002593",337,80.9300,"Fasteners Product 02593",447,"raw_material",432,"fasteners","EA","buy","Y",2026-09-20 09:31:58.225711Z
2594,"P002594",18,51.6700,"SKU-ELE-002594",642,58.1700,"Electronic Components Product 02594",51,"raw_material",351,"electronic_components","KG","buy","Y",2026-09-20 09:31:58.225711Z
2595,"P002595",7,21.0700,"SKU-STE-002595",458,29.2800,"Steel Product 02595",2371,"raw_material",48,"steel","M","buy","Y",2026-09-20 09:31:58.225711Z
2596,"P002596",19,172.1800,"SKU-ALU-002596",564,197.4700,"Aluminium Product 02596",1287,"raw_material",396,"aluminium","EA","buy","Y",2026-09-20 09:31:58.225711Z
2597,"P002597",32,348.3200,"SKU-STE-002597",916,424.2900,"Steel Product 02597",794,"raw_material",770,"steel","EA","buy","Y",2026-09-20 09:31:58.225711Z
2598,"P002598",6,18.3400,"SKU-ALU-002598",770,25.2800,"Aluminium Product 02598",255,"packaging",179,"aluminium","EA","buy","Y",2026-09-20 09:31:58.225711Z
2599,"P002599",14,35.3100,"SKU-PAC-002599",1153,38.4100,"Packaging Product 02599",1861,"packaging",237,"packaging","EA","buy","Y",2026-09-20 09:31:58.225711Z
2600,"P002600",4,44.8200,"SKU-ELE-002600",263,63.8300,"Electronic Components Product 02600",1598,"raw_material",11,"electronic_components","KG","buy","Y",2026-09-20 09:31:58.225711Z
2601,"P002601",6,100.8800,"SKU-PLA-002601",1337,140.1500,"Plastic Product 02601",2706,"raw_material",276,"plastic","EA","buy","Y",2026-09-20 09:31:58.225711Z
2602,"P002602",36,57.5700,"SKU-FAS-002602",265,68.1000,"Fasteners Product 02602",82,"raw_material",248,"fasteners","EA","buy","Y",2026-09-20 09:31:58.225711Z
2603,"P002603",12,228.2800,"SKU-STE-002603",737,309.0700,"Steel Product 02603",1827,"raw_material",199,"steel","EA","buy","Y",2026-09-20 09:31:58.225711Z
2604,"P002604",24,106.9100,"SKU-ALU-002604",204,149.2200,"Aluminium Product 02604",948,"raw_material",34,"aluminium","EA","buy","Y",2026-09-20 09:31:58.225711Z
2605,"P002605",38,344.4800,"SKU-PLA-002605",1463,409.6600,"Plastic Product 02605",2178,"raw_material",657,"plastic","EA","buy","Y",2026-09-20 09:31:58.225711Z
2606,"P002606",16,52.7000,"SKU-COP-002606",589,66.5000,"Copper Product 02606",2702,"packaging",388,"copper","EA","buy","Y",2026-09-20 09:31:58.225711Z
2607,"P002607",18,107.4700,"SKU-STE-002607",206,122.6800,"Steel Product 02607",507,"raw_material",507,"steel","EA","buy","Y",2026-09-20 09:31:58.225711Z
2608,"P002608",32,102.8000,"SKU-ELE-002608",662,145.4200,"Electronic Components Product 02608",2545,"packaging",687,"electronic_components","EA","buy","Y",2026-09-20 09:31:58.225711Z
2609,"P002609",27,55.8700,"SKU-PAC-002609",333,66.0500,"Packaging Product 02609",934,"packaging",107,"packaging","EA","buy","Y",2026-09-20 09:31:58.225711Z
2610,"P002610",6,133.5200,"SKU-PLA-002610",809,188.2700,"Plastic Product 02610",3248,"raw_material",651,"plastic","KG","buy","Y",2026-09-20 09:31:58.225711Z
2611,"P002611",27,102.1800,"SKU-ALU-002611",880,139.6600,"Aluminium Product 02611",68,"raw_material",210,"aluminium","EA","buy","Y",2026-09-20 09:31:58.225711Z
2612,"P002612",32,70.4300,"SKU-PAC-002612",288,81.3100,"Packaging Product 02612",2255,"raw_material",577,"packaging","EA","buy","Y",2026-09-20 09:31:58.225711Z
2613,"P002613",11,140.8900,"SKU-PLA-002613",1061,201.2800,"Plastic Product 02613",729,"raw_material",484,"plastic","EA","buy","Y",2026-09-20 09:31:58.225711Z
2614,"P002614",23,32.4200,"SKU-STE-002614",1474,40.5800,"Steel Product 02614",1773,"packaging",543,"steel","EA","buy","Y",2026-09-20 09:31:58.225711Z
2615,"P002615",31,96.2400,"SKU-STE-002615",1157,109.2500,"Steel Product 02615",2848,"raw_material",674,"steel","EA","buy","Y",2026-09-20 09:31:58.225711Z
2616,"P002616",20,86.3200,"SKU-STE-002616",1378,123.6900,"Steel Product 02616",1972,"raw_material",63,"steel","EA","buy","Y",2026-09-20 09:31:58.225711Z
2617,"P002617",31,202.7600,"SKU-STE-002617",933,229.8600,"Steel Product 02617",521,"raw_material",563,"steel","EA","buy","Y",2026-09-20 09:31:58.225711Z
2618,"P002618",33,114.7500,"SKU-COP-002618",681,133.2800,"Copper Product 02618",1926,"packaging",310,"copper","EA","buy","Y",2026-09-20 09:31:58.225711Z
2619,"P002619",34,49.5800,"SKU-COP-002619",187,60.1200,"Copper Product 02619",691,"raw_material",189,"copper","KG","buy","Y",2026-09-20 09:31:58.225711Z
2620,"P002620",31,87.9700,"SKU-PLA-002620",861,95.9000,"Plastic Product 02620",2788,"raw_material",487,"plastic","L","buy","Y",2026-09-20 09:31:58.225711Z
2621,"P002621",15,45.1200,"SKU-ALU-002621",1249,56.7100,"Aluminium Product 02621",288,"raw_material",651,"aluminium","EA","buy","Y",2026-09-20 09:31:58.225711Z
2622,"P002622",29,109.4100,"SKU-FAS-002622",285,134.1100,"Fasteners Product 02622",1945,"raw_material",44,"fasteners","EA","buy","Y",2026-09-20 09:31:58.225711Z
2623,"P002623",24,78.2600,"SKU-COP-002623",982,100.9400,"Copper Product 02623",2636,"raw_material",116,"copper","EA","buy","Y",2026-09-20 09:31:58.225711Z
2624,"P002624",9,86.3700,"SKU-COP-002624",976,123.7600,"Copper Product 02624",1213,"raw_material",338,"copper","EA","buy","Y",2026-09-20 09:31:58.225711Z
2625,"P002625",22,90.2900,"SKU-ALU-002625",279,119.9500,"Aluminium Product 02625",992,"raw_material",593,"aluminium","EA","buy","Y",2026-09-20 09:31:58.225711Z
2626,"P002626",31,36.9500,"SKU-FAS-002626",1018,49.9300,"Fasteners Product 02626",3131,"raw_material",717,"fasteners","KG","buy","Y",2026-09-20 09:31:58.225711Z
2627,"P002627",15,24.4800,"SKU-PAC-002627",513,32.3600,"Packaging Product 02627",102,"raw_material",675,"packaging","EA","buy","Y",2026-09-20 09:31:58.225711Z
2628,"P002628",19,50.2700,"SKU-PLA-002628",717,68.7200,"Plastic Product 02628",3349,"raw_material",199,"plastic","EA","buy","Y",2026-09-20 09:31:58.225711Z
2629,"P002629",30,58.1100,"SKU-PLA-002629",466,83.2900,"Plastic Product 02629",1352,"raw_material",455,"plastic","EA","buy","Y",2026-09-20 09:31:58.225711Z
2630,"P002630",38,325.1200,"SKU-PLA-002630",754,376.2200,"Plastic Product 02630",2888,"raw_material",40,"plastic","EA","buy","Y",2026-09-20 09:31:58.225711Z
2631,"P002631",6,99.5600,"SKU-PLA-002631",1106,110.3200,"Plastic Product 02631",910,"raw_material",379,"plastic","EA","buy","Y",2026-09-20 09:31:58.225711Z
2632,"P002632",5,15.2200,"SKU-ALU-002632",434,21.8900,"Aluminium Product 02632",190,"raw_material",719,"aluminium","EA","buy","Y",2026-09-20 09:31:58.225711Z
2633,"P002633",6,53.8100,"SKU-STE-002633",775,76.3300,"Steel Product 02633",3090,"raw_material",489,"steel","EA","buy","Y",2026-09-20 09:31:58.225711Z
2634,"P002634",4,76.0700,"SKU-PLA-002634",732,108.8800,"Plastic Product 02634",2070,"raw_material",365,"plastic","EA","buy","Y",2026-09-20 09:31:58.225711Z
2635,"P002635",32,19.9000,"SKU-FAS-002635",1275,23.9800,"Fasteners Product 02635",2391,"raw_material",538,"fasteners","EA","buy","Y",2026-09-20 09:31:58.225711Z
2636,"P002636",14,98.3900,"SKU-PLA-002636",765,118.2600,"Plastic Product 02636",1831,"packaging",78,"plastic","KG","buy","Y",2026-09-20 09:31:58.225711Z
2637,"P002637",7,117.0900,"SKU-PLA-002637",1306,169.1500,"Plastic Product 02637",1718,"raw_material",126,"plastic","EA","buy","Y",2026-09-20 09:31:58.225711Z
2638,"P002638",17,89.4900,"SKU-ELE-002638",582,115.7400,"Electronic Components Product 02638",3439,"raw_material",653,"electronic_components","EA","buy","Y",2026-09-20 09:31:58.225711Z
2639,"P002639",38,49.5900,"SKU-ELE-002639",591,71.7000,"Electronic Components Product 02639",2871,"raw_material",591,"electronic_components","KG","buy","Y",2026-09-20 09:31:58.225711Z
2640,"P002640",20,58.9100,"SKU-ALU-002640",814,73.7800,"Aluminium Product 02640",1354,"raw_material",373,"aluminium","EA","buy","Y",2026-09-20 09:31:58.225711Z
2641,"P002641",18,88.8700,"SKU-STE-002641",346,110.6400,"Steel Product 02641",3298,"raw_material",227,"steel","EA","buy","Y",2026-09-20 09:31:58.225711Z
2642,"P002642",29,104.5600,"SKU-STE-002642",665,146.5400,"Steel Product 02642",3411,"packaging",264,"steel","EA","buy","Y",2026-09-20 09:31:58.225711Z
2643,"P002643",12,40.4700,"SKU-STE-002643",1254,53.7300,"Steel Product 02643",2982,"packaging",389,"steel","EA","buy","Y",2026-09-20 09:31:58.225711Z
2644,"P002644",18,85.1500,"SKU-FAS-002644",551,104.2100,"Fasteners Product 02644",1209,"raw_material",222,"fasteners","L","buy","Y",2026-09-20 09:31:58.225711Z
2645,"P002645",5,55.4400,"SKU-PLA-002645",369,72.7800,"Plastic Product 02645",3148,"raw_material",794,"plastic","EA","buy","Y",2026-09-20 09:31:58.225711Z
2646,"P002646",38,47.3700,"SKU-PLA-002646",510,58.2900,"Plastic Product 02646",2677,"raw_material",547,"plastic","EA","buy","Y",2026-09-20 09:31:58.225711Z
2647,"P002647",10,40.7600,"SKU-PLA-002647",844,52.3900,"Plastic Product 02647",45,"raw_material",213,"plastic","EA","buy","Y",2026-09-20 09:31:58.225711Z
2648,"P002648",37,208.1100,"SKU-PLA-002648",1039,277.7000,"Plastic Product 02648",1929,"raw_material",198,"plastic","KG","buy","Y",2026-09-20 09:31:58.225711Z
2649,"P002649",14,90.4100,"SKU-ELE-002649",419,107.4300,"Electronic Components Product 02649",1061,"raw_material",508,"electronic_components","EA","buy","Y",2026-09-20 09:31:58.225711Z
2650,"P002650",23,157.1100,"SKU-PAC-002650",570,186.1800,"Packaging Product 02650",3373,"packaging",741,"packaging","L","buy","Y",2026-09-20 09:31:58.225711Z
2651,"P002651",8,124.9200,"SKU-COP-002651",857,148.8600,"Copper Product 02651",1852,"raw_material",307,"copper","EA","buy","Y",2026-09-20 09:31:58.225711Z
2652,"P002652",11,80.2600,"SKU-PLA-002652",1224,91.6300,"Plastic Product 02652",420,"raw_material",89,"plastic","M","buy","Y",2026-09-20 09:31:58.225711Z
2653,"P002653",19,37.6600,"SKU-STE-002653",1358,47.3300,"Steel Product 02653",1920,"raw_material",376,"steel","EA","buy","Y",2026-09-20 09:31:58.225711Z
2654,"P002654",18,49.2800,"SKU-FAS-002654",1119,66.0700,"Fasteners Product 02654",2818,"raw_material",153,"fasteners","EA","buy","Y",2026-09-20 09:31:58.225711Z
2655,"P002655",7,96.9500,"SKU-ALU-002655",980,140.1600,"Aluminium Product 02655",2188,"raw_material",235,"aluminium","EA","buy","Y",2026-09-20 09:31:58.225711Z
2656,"P002656",12,30.6700,"SKU-PAC-002656",652,33.4200,"Packaging Product 02656",1559,"raw_material",264,"packaging","M","buy","Y",2026-09-20 09:31:58.225711Z
2657,"P002657",35,55.8400,"SKU-ALU-002657",247,61.5000,"Aluminium Product 02657",916,"raw_material",591,"aluminium","EA","buy","Y",2026-09-20 09:31:58.225711Z
2658,"P002658",38,79.3800,"SKU-PLA-002658",414,113.5300,"Plastic Product 02658",2968,"raw_material",668,"plastic","EA","buy","Y",2026-09-20 09:31:58.225711Z
2659,"P002659",33,81.9000,"SKU-PAC-002659",332,90.5600,"Packaging Product 02659",487,"raw_material",424,"packaging","EA","buy","Y",2026-09-20 09:31:58.225711Z
2660,"P002660",29,77.2500,"SKU-PLA-002660",1114,104.6400,"Plastic Product 02660",2809,"raw_material",791,"plastic","M","buy","Y",2026-09-20 09:31:58.225711Z
2661,"P002661",32,84.7600,"SKU-PLA-002661",516,119.6300,"Plastic Product 02661",759,"raw_material",214,"plastic","EA","buy","Y",2026-09-20 09:31:58.225711Z
2662,"P002662",9,102.9500,"SKU-STE-002662",736,127.0600,"Steel Product 02662",1071,"raw_material",721,"steel","EA","buy","Y",2026-09-20 09:31:58.225711Z
2663,"P002663",35,74.4800,"SKU-PLA-002663",261,98.8300,"Plastic Product 02663",2451,"packaging",457,"plastic","EA","buy","Y",2026-09-20 09:31:58.225711Z
2664,"P002664",18,65.7800,"SKU-ALU-002664",1133,87.8000,"Aluminium Product 02664",3408,"raw_material",301,"aluminium","EA","buy","Y",2026-09-20 09:31:58.225711Z
2665,"P002665",26,33.2200,"SKU-STE-002665",382,40.2700,"Steel Product 02665",2979,"raw_material",118,"steel","EA","buy","Y",2026-09-20 09:31:58.225711Z
2666,"P002666",16,64.2400,"SKU-ELE-002666",1003,79.6700,"Electronic Components Product 02666",760,"packaging",187,"electronic_components","KG","buy","Y",2026-09-20 09:31:58.225711Z
2667,"P002667",13,17.4600,"SKU-PAC-002667",988,21.4900,"Packaging Product 02667",2009,"raw_material",249,"packaging","EA","buy","Y",2026-09-20 09:31:58.225711Z
2668,"P002668",23,136.5500,"SKU-PLA-002668",1009,161.0900,"Plastic Product 02668",837,"raw_material",67,"plastic","EA","buy","Y",2026-09-20 09:31:58.225711Z
2669,"P002669",11,123.0400,"SKU-STE-002669",1449,132.9300,"Steel Product 02669",2456,"raw_material",724,"steel","EA","buy","Y",2026-09-20 09:31:58.225711Z
2670,"P002670",37,124.3500,"SKU-PLA-002670",1207,140.5800,"Plastic Product 02670",181,"raw_material",464,"plastic","EA","buy","Y",2026-09-20 09:31:58.225711Z
2671,"P002671",35,284.6700,"SKU-ALU-002671",50,350.2400,"Aluminium Product 02671",1667,"raw_material",220,"aluminium","EA","buy","Y",2026-09-20 09:31:58.225711Z
2672,"P002672",24,155.5000,"SKU-COP-002672",98,211.0200,"Copper Product 02672",1537,"raw_material",347,"copper","M","buy","Y",2026-09-20 09:31:58.225711Z
2673,"P002673",26,50.9200,"SKU-ELE-002673",397,66.0900,"Electronic Components Product 02673",2691,"raw_material",241,"electronic_components","EA","buy","Y",2026-09-20 09:31:58.225711Z
2674,"P002674",15,98.0800,"SKU-STE-002674",923,109.4400,"Steel Product 02674",1505,"raw_material",327,"steel","EA","buy","Y",2026-09-20 09:31:58.225711Z
2675,"P002675",22,25.1900,"SKU-STE-002675",996,35.6200,"Steel Product 02675",2911,"raw_material",609,"steel","EA","buy","Y",2026-09-20 09:31:58.225711Z
2676,"P002676",16,119.6600,"SKU-PAC-002676",1215,149.2800,"Packaging Product 02676",3213,"raw_material",561,"packaging","EA","buy","Y",2026-09-20 09:31:58.225711Z
2677,"P002677",24,71.2900,"SKU-ALU-002677",1315,91.3000,"Aluminium Product 02677",610,"packaging",405,"aluminium","EA","buy","Y",2026-09-20 09:31:58.225711Z
2678,"P002678",22,67.8200,"SKU-PAC-002678",1414,97.6100,"Packaging Product 02678",821,"raw_material",637,"packaging","EA","buy","Y",2026-09-20 09:31:58.225711Z
2679,"P002679",17,107.4100,"SKU-STE-002679",137,145.8400,"Steel Product 02679",562,"raw_material",386,"steel","KG","buy","Y",2026-09-20 09:31:58.225711Z
2680,"P002680",4,60.6100,"SKU-ALU-002680",289,86.8600,"Aluminium Product 02680",439,"raw_material",413,"aluminium","EA","buy","Y",2026-09-20 09:31:58.225711Z
2681,"P002681",37,70.0200,"SKU-COP-002681",686,85.8700,"Copper Product 02681",911,"packaging",261,"copper","EA","buy","Y",2026-09-20 09:31:58.225711Z
2682,"P002682",22,71.9200,"SKU-PAC-002682",676,94.5500,"Packaging Product 02682",1989,"raw_material",368,"packaging","EA","buy","Y",2026-09-20 09:31:58.225711Z
2683,"P002683",14,72.4800,"SKU-ELE-002683",646,93.1200,"Electronic Components Product 02683",2171,"raw_material",351,"electronic_components","EA","buy","Y",2026-09-20 09:31:58.225711Z
2684,"P002684",17,69.2800,"SKU-STE-002684",936,90.9100,"Steel Product 02684",2046,"raw_material",362,"steel","EA","buy","Y",2026-09-20 09:31:58.225711Z
2685,"P002685",25,47.4900,"SKU-PLA-002685",729,65.6400,"Plastic Product 02685",812,"raw_material",674,"plastic","EA","buy","Y",2026-09-20 09:31:58.225711Z
2686,"P002686",6,106.2000,"SKU-STE-002686",505,147.1500,"Steel Product 02686",1740,"raw_material",174,"steel","M","buy","Y",2026-09-20 09:31:58.225711Z
2687,"P002687",28,54.1100,"SKU-PAC-002687",546,64.5500,"Packaging Product 02687",2781,"raw_material",43,"packaging","EA","buy","Y",2026-09-20 09:31:58.225711Z
2688,"P002688",18,43.2400,"SKU-STE-002688",1412,58.7600,"Steel Product 02688",431,"raw_material",678,"steel","EA","buy","Y",2026-09-20 09:31:58.225711Z
2689,"P002689",9,165.3100,"SKU-ELE-002689",106,237.5400,"Electronic Components Product 02689",2367,"raw_material",68,"electronic_components","EA","buy","Y",2026-09-20 09:31:58.225711Z
2690,"P002690",31,195.1900,"SKU-PLA-002690",1226,234.9600,"Plastic Product 02690",1658,"raw_material",404,"plastic","EA","buy","Y",2026-09-20 09:31:58.225711Z
2691,"P002691",38,166.8000,"SKU-ELE-002691",919,225.5400,"Electronic Components Product 02691",2492,"raw_material",749,"electronic_components","EA","buy","Y",2026-09-20 09:31:58.225711Z
2692,"P002692",22,32.7300,"SKU-ELE-002692",1336,39.0600,"Electronic Components Product 02692",2370,"raw_material",349,"electronic_components","EA","buy","Y",2026-09-20 09:31:58.225711Z
2693,"P002693",10,112.5800,"SKU-ALU-002693",511,148.1900,"Aluminium Product 02693",1827,"raw_material",769,"aluminium","EA","buy","Y",2026-09-20 09:31:58.225711Z
2694,"P002694",16,75.5000,"SKU-PLA-002694",1206,107.7000,"Plastic Product 02694",904,"raw_material",314,"plastic","EA","buy","Y",2026-09-20 09:31:58.225711Z
2695,"P002695",13,102.1000,"SKU-ELE-002695",767,123.5200,"Electronic Components Product 02695",3293,"raw_material",208,"electronic_components","EA","buy","Y",2026-09-20 09:31:58.225711Z
2696,"P002696",10,56.1800,"SKU-ALU-002696",251,63.8400,"Aluminium Product 02696",2852,"raw_material",727,"aluminium","EA","buy","Y",2026-09-20 09:31:58.225711Z
2697,"P002697",14,70.1800,"SKU-ELE-002697",1272,98.1200,"Electronic Components Product 02697",3418,"raw_material",725,"electronic_components","EA","buy","Y",2026-09-20 09:31:58.225711Z
2698,"P002698",33,30.9700,"SKU-PAC-002698",993,38.8200,"Packaging Product 02698",3325,"packaging",330,"packaging","EA","buy","Y",2026-09-20 09:31:58.225711Z
2699,"P002699",33,37.5500,"SKU-PLA-002699",985,44.4000,"Plastic Product 02699",1027,"raw_material",550,"plastic","EA","buy","Y",2026-09-20 09:31:58.225711Z
2700,"P002700",30,65.3100,"SKU-STE-002700",966,77.3900,"Steel Product 02700",1807,"raw_material",27,"steel","EA","buy","Y",2026-09-20 09:31:58.225711Z
2701,"P002701",24,95.8700,"SKU-ALU-002701",202,108.9000,"Aluminium Product 02701",2377,"raw_material",140,"aluminium","KG","buy","Y",2026-09-20 09:31:58.225711Z
2702,"P002702",28,21.8800,"SKU-COP-002702",961,29.7600,"Copper Product 02702",3206,"raw_material",689,"copper","EA","buy","Y",2026-09-20 09:31:58.225711Z
2703,"P002703",23,134.3200,"SKU-PLA-002703",1342,192.4700,"Plastic Product 02703",2531,"raw_material",733,"plastic","EA","buy","Y",2026-09-20 09:31:58.225711Z
2704,"P002704",12,111.3100,"SKU-COP-002704",762,151.8200,"Copper Product 02704",2502,"raw_material",475,"copper","KG","buy","Y",2026-09-20 09:31:58.225711Z
2705,"P002705",21,146.5600,"SKU-ALU-002705",1291,204.2700,"Aluminium Product 02705",3084,"raw_material",625,"aluminium","EA","buy","Y",2026-09-20 09:31:58.225711Z
2706,"P002706",8,101.8800,"SKU-COP-002706",239,130.5700,"Copper Product 02706",834,"raw_material",164,"copper","KG","buy","Y",2026-09-20 09:31:58.225711Z
2707,"P002707",33,90.8900,"SKU-STE-002707",158,106.0800,"Steel Product 02707",2206,"raw_material",241,"steel","EA","buy","Y",2026-09-20 09:31:58.225711Z
2708,"P002708",35,108.8000,"SKU-PLA-002708",1310,129.6200,"Plastic Product 02708",2736,"packaging",122,"plastic","EA","buy","Y",2026-09-20 09:31:58.225711Z
2709,"P002709",4,40.9600,"SKU-STE-002709",830,44.7800,"Steel Product 02709",2187,"packaging",330,"steel","EA","buy","Y",2026-09-20 09:31:58.225711Z
2710,"P002710",31,43.5900,"SKU-FAS-002710",870,52.5000,"Fasteners Product 02710",1360,"packaging",245,"fasteners","EA","buy","Y",2026-09-20 09:31:58.225711Z
2711,"P002711",37,148.4000,"SKU-FAS-002711",1249,198.0000,"Fasteners Product 02711",1315,"packaging",30,"fasteners","EA","buy","Y",2026-09-20 09:31:58.225711Z
2712,"P002712",36,111.7600,"SKU-ALU-002712",160,143.5600,"Aluminium Product 02712",1058,"raw_material",39,"aluminium","EA","buy","Y",2026-09-20 09:31:58.225711Z
2713,"P002713",11,172.1600,"SKU-PAC-002713",660,240.3800,"Packaging Product 02713",3292,"raw_material",656,"packaging","EA","buy","Y",2026-09-20 09:31:58.225711Z
2714,"P002714",15,87.8800,"SKU-ELE-002714",1399,108.6600,"Electronic Components Product 02714",718,"raw_material",652,"electronic_components","L","buy","Y",2026-09-20 09:31:58.225711Z
2715,"P002715",5,47.7700,"SKU-FAS-002715",181,53.2300,"Fasteners Product 02715",2053,"raw_material",704,"fasteners","EA","buy","Y",2026-09-20 09:31:58.225711Z
2716,"P002716",32,81.7400,"SKU-STE-002716",1024,117.4000,"Steel Product 02716",1915,"raw_material",328,"steel","EA","buy","Y",2026-09-20 09:31:58.225711Z
2717,"P002717",28,117.6300,"SKU-FAS-002717",1192,160.3800,"Fasteners Product 02717",1228,"raw_material",231,"fasteners","EA","buy","Y",2026-09-20 09:31:58.225711Z
2718,"P002718",21,99.3400,"SKU-ALU-002718",614,129.7100,"Aluminium Product 02718",439,"packaging",55,"aluminium","EA","buy","Y",2026-09-20 09:31:58.225711Z
2719,"P002719",31,40.4200,"SKU-COP-002719",1168,54.4000,"Copper Product 02719",778,"raw_material",401,"copper","EA","buy","Y",2026-09-20 09:31:58.225711Z
2720,"P002720",7,65.1000,"SKU-PLA-002720",530,71.3200,"Plastic Product 02720",1101,"packaging",345,"plastic","EA","buy","Y",2026-09-20 09:31:58.225711Z
2721,"P002721",17,232.6100,"SKU-PAC-002721",241,272.0400,"Packaging Product 02721",3081,"raw_material",146,"packaging","EA","buy","Y",2026-09-20 09:31:58.225711Z
2722,"P002722",21,160.2400,"SKU-FAS-002722",202,194.6800,"Fasteners Product 02722",2799,"raw_material",460,"fasteners","EA","buy","Y",2026-09-20 09:31:58.225711Z
2723,"P002723",9,162.1300,"SKU-FAS-002723",224,220.0200,"Fasteners Product 02723",1589,"raw_material",532,"fasteners","EA","buy","Y",2026-09-20 09:31:58.225711Z
2724,"P002724",20,99.2600,"SKU-ALU-002724",357,140.6900,"Aluminium Product 02724",257,"raw_material",336,"aluminium","EA","buy","Y",2026-09-20 09:31:58.225711Z
2725,"P002725",11,35.8100,"SKU-ELE-002725",768,43.5000,"Electronic Components Product 02725",145,"packaging",268,"electronic_components","EA","buy","Y",2026-09-20 09:31:58.225711Z
2726,"P002726",25,48.7700,"SKU-STE-002726",106,65.7500,"Steel Product 02726",2667,"raw_material",459,"steel","KG","buy","Y",2026-09-20 09:31:58.225711Z
2727,"P002727",19,276.2500,"SKU-FAS-002727",704,379.4900,"Fasteners Product 02727",2750,"packaging",591,"fasteners","EA","buy","Y",2026-09-20 09:31:58.225711Z
2728,"P002728",22,138.2000,"SKU-COP-002728",570,161.0300,"Copper Product 02728",2047,"raw_material",221,"copper","EA","buy","Y",2026-09-20 09:31:58.225711Z
2729,"P002729",10,27.9900,"SKU-PLA-002729",278,33.8200,"Plastic Product 02729",151,"raw_material",34,"plastic","KG","buy","Y",2026-09-20 09:31:58.225711Z
2730,"P002730",32,69.5700,"SKU-COP-002730",1087,77.4300,"Copper Product 02730",3003,"raw_material",117,"copper","KG","buy","Y",2026-09-20 09:31:58.225711Z
2731,"P002731",22,75.0900,"SKU-COP-002731",725,106.3400,"Copper Product 02731",2076,"raw_material",281,"copper","L","buy","Y",2026-09-20 09:31:58.225711Z
2732,"P002732",21,20.5600,"SKU-PLA-002732",311,27.6600,"Plastic Product 02732",2086,"raw_material",344,"plastic","KG","buy","Y",2026-09-20 09:31:58.225711Z
2733,"P002733",33,33.7100,"SKU-PLA-002733",339,38.4400,"Plastic Product 02733",2212,"raw_material",720,"plastic","EA","buy","Y",2026-09-20 09:31:58.225711Z
2734,"P002734",14,37.7700,"SKU-PLA-002734",1292,46.1300,"Plastic Product 02734",1277,"packaging",76,"plastic","EA","buy","Y",2026-09-20 09:31:58.225711Z
2735,"P002735",36,112.8800,"SKU-ELE-002735",1425,155.5200,"Electronic Components Product 02735",768,"raw_material",322,"electronic_components","EA","buy","Y",2026-09-20 09:31:58.225711Z
2736,"P002736",20,51.3300,"SKU-PLA-002736",246,61.3500,"Plastic Product 02736",3273,"raw_material",775,"plastic","EA","buy","Y",2026-09-20 09:31:58.225711Z
2737,"P002737",17,47.6900,"SKU-COP-002737",588,64.1000,"Copper Product 02737",419,"packaging",150,"copper","EA","buy","Y",2026-09-20 09:31:58.225711Z
2738,"P002738",7,84.9400,"SKU-STE-002738",180,102.0500,"Steel Product 02738",3272,"raw_material",585,"steel","EA","buy","Y",2026-09-20 09:31:58.225711Z
2739,"P002739",16,34.5700,"SKU-ALU-002739",883,42.0300,"Aluminium Product 02739",2220,"raw_material",477,"aluminium","EA","buy","Y",2026-09-20 09:31:58.225711Z
2740,"P002740",37,37.8800,"SKU-STE-002740",978,54.5800,"Steel Product 02740",443,"raw_material",221,"steel","EA","buy","Y",2026-09-20 09:31:58.225711Z
2741,"P002741",20,14.3500,"SKU-ELE-002741",296,16.9100,"Electronic Components Product 02741",1408,"raw_material",151,"electronic_components","EA","buy","Y",2026-09-20 09:31:58.225711Z
2742,"P002742",33,96.9000,"SKU-ALU-002742",766,135.0400,"Aluminium Product 02742",338,"raw_material",629,"aluminium","EA","buy","Y",2026-09-20 09:31:58.225711Z
2743,"P002743",19,186.9600,"SKU-STE-002743",853,211.7600,"Steel Product 02743",475,"raw_material",661,"steel","EA","buy","Y",2026-09-20 09:31:58.225711Z
2744,"P002744",15,50.3500,"SKU-ALU-002744",323,63.1400,"Aluminium Product 02744",372,"raw_material",611,"aluminium","EA","buy","Y",2026-09-20 09:31:58.225711Z
2745,"P002745",6,234.6000,"SKU-FAS-002745",458,257.4700,"Fasteners Product 02745",2451,"packaging",132,"fasteners","EA","buy","Y",2026-09-20 09:31:58.225711Z
2746,"P002746",15,46.3500,"SKU-PLA-002746",1113,51.5700,"Plastic Product 02746",62,"raw_material",762,"plastic","KG","buy","Y",2026-09-20 09:31:58.225711Z
2747,"P002747",16,85.6100,"SKU-FAS-002747",347,102.9600,"Fasteners Product 02747",79,"raw_material",777,"fasteners","EA","buy","Y",2026-09-20 09:31:58.225711Z
2748,"P002748",5,60.8300,"SKU-STE-002748",701,73.5400,"Steel Product 02748",211,"raw_material",251,"steel","EA","buy","Y",2026-09-20 09:31:58.225711Z
2749,"P002749",32,216.3900,"SKU-ALU-002749",794,245.7300,"Aluminium Product 02749",1053,"raw_material",576,"aluminium","EA","buy","Y",2026-09-20 09:31:58.225711Z
2750,"P002750",30,106.3800,"SKU-ELE-002750",335,148.9000,"Electronic Components Product 02750",1531,"raw_material",479,"electronic_components","EA","buy","Y",2026-09-20 09:31:58.225711Z
2751,"P002751",31,60.0500,"SKU-STE-002751",1425,83.4500,"Steel Product 02751",2524,"raw_material",177,"steel","EA","buy","Y",2026-09-20 09:31:58.225711Z
2752,"P002752",30,58.6700,"SKU-ALU-002752",863,75.5900,"Aluminium Product 02752",3113,"raw_material",592,"aluminium","EA","buy","Y",2026-09-20 09:31:58.225711Z
2753,"P002753",15,151.3200,"SKU-PLA-002753",680,177.6300,"Plastic Product 02753",1862,"raw_material",324,"plastic","EA","buy","Y",2026-09-20 09:31:58.225711Z
2754,"P002754",31,226.5400,"SKU-PLA-002754",793,279.9200,"Plastic Product 02754",1063,"raw_material",195,"plastic","EA","buy","Y",2026-09-20 09:31:58.225711Z
2755,"P002755",19,43.4600,"SKU-ELE-002755",891,57.7600,"Electronic Components Product 02755",1522,"raw_material",303,"electronic_components","EA","buy","Y",2026-09-20 09:31:58.225711Z
2756,"P002756",18,69.8800,"SKU-ELE-002756",1384,97.3500,"Electronic Components Product 02756",2278,"raw_material",257,"electronic_components","L","buy","Y",2026-09-20 09:31:58.225711Z
2757,"P002757",19,60.9600,"SKU-ELE-002757",888,70.3200,"Electronic Components Product 02757",850,"raw_material",389,"electronic_components","EA","buy","Y",2026-09-20 09:31:58.225711Z
2758,"P002758",6,102.9300,"SKU-FAS-002758",639,120.6900,"Fasteners Product 02758",3454,"raw_material",556,"fasteners","L","buy","Y",2026-09-20 09:31:58.225711Z
2759,"P002759",30,45.0400,"SKU-PLA-002759",955,51.2000,"Plastic Product 02759",2490,"raw_material",18,"plastic","EA","buy","Y",2026-09-20 09:31:58.225711Z
2760,"P002760",20,72.6700,"SKU-ALU-002760",1095,81.7600,"Aluminium Product 02760",1648,"raw_material",502,"aluminium","EA","buy","Y",2026-09-20 09:31:58.225711Z
2761,"P002761",7,79.3700,"SKU-ALU-002761",1098,102.4600,"Aluminium Product 02761",2572,"raw_material",132,"aluminium","EA","buy","Y",2026-09-20 09:31:58.225711Z
2762,"P002762",4,37.4100,"SKU-ELE-002762",704,46.6800,"Electronic Components Product 02762",2566,"raw_material",179,"electronic_components","KG","buy","Y",2026-09-20 09:31:58.225711Z
2763,"P002763",34,111.3500,"SKU-STE-002763",1436,121.0100,"Steel Product 02763",1631,"packaging",643,"steel","EA","buy","Y",2026-09-20 09:31:58.225711Z
2764,"P002764",13,60.1300,"SKU-STE-002764",1117,72.6800,"Steel Product 02764",701,"raw_material",314,"steel","EA","buy","Y",2026-09-20 09:31:58.225711Z
2765,"P002765",11,118.4700,"SKU-STE-002765",71,143.6600,"Steel Product 02765",1304,"packaging",559,"steel","EA","buy","Y",2026-09-20 09:31:58.225711Z
2766,"P002766",6,26.6600,"SKU-ELE-002766",440,30.8800,"Electronic Components Product 02766",2031,"raw_material",81,"electronic_components","EA","buy","Y",2026-09-20 09:31:58.225711Z
2767,"P002767",5,36.2700,"SKU-STE-002767",379,44.0400,"Steel Product 02767",1008,"raw_material",725,"steel","L","buy","Y",2026-09-20 09:31:58.225711Z
2768,"P002768",35,41.8200,"SKU-PLA-002768",21,55.0800,"Plastic Product 02768",2414,"raw_material",80,"plastic","EA","buy","Y",2026-09-20 09:31:58.225711Z
2769,"P002769",23,27.2000,"SKU-ELE-002769",1315,38.6600,"Electronic Components Product 02769",3184,"raw_material",576,"electronic_components","EA","buy","Y",2026-09-20 09:31:58.225711Z
2770,"P002770",8,16.3800,"SKU-STE-002770",1316,23.0500,"Steel Product 02770",1654,"raw_material",368,"steel","EA","buy","Y",2026-09-20 09:31:58.225711Z
2771,"P002771",37,58.8500,"SKU-COP-002771",1308,80.0900,"Copper Product 02771",1473,"raw_material",24,"copper","EA","buy","Y",2026-09-20 09:31:58.225711Z
2772,"P002772",8,46.6800,"SKU-ELE-002772",1221,61.0700,"Electronic Components Product 02772",2079,"raw_material",40,"electronic_components","EA","buy","Y",2026-09-20 09:31:58.225711Z
2773,"P002773",22,31.7000,"SKU-STE-002773",25,44.4000,"Steel Product 02773",2814,"raw_material",538,"steel","EA","buy","Y",2026-09-20 09:31:58.225711Z
2774,"P002774",30,96.5200,"SKU-COP-002774",287,138.4800,"Copper Product 02774",2714,"raw_material",682,"copper","EA","buy","Y",2026-09-20 09:31:58.225711Z
2775,"P002775",29,111.8700,"SKU-STE-002775",781,139.7500,"Steel Product 02775",489,"raw_material",654,"steel","M","buy","Y",2026-09-20 09:31:58.225711Z
2776,"P002776",38,166.9800,"SKU-ALU-002776",1484,205.9700,"Aluminium Product 02776",2586,"packaging",295,"aluminium","EA","buy","Y",2026-09-20 09:31:58.225711Z
2777,"P002777",6,43.2100,"SKU-STE-002777",717,47.6900,"Steel Product 02777",2858,"packaging",162,"steel","EA","buy","Y",2026-09-20 09:31:58.225711Z
2778,"P002778",31,94.3100,"SKU-STE-002778",318,123.5600,"Steel Product 02778",71,"raw_material",271,"steel","EA","buy","Y",2026-09-20 09:31:58.225711Z
2779,"P002779",33,30.3200,"SKU-COP-002779",953,34.8100,"Copper Product 02779",3061,"raw_material",648,"copper","KG","buy","Y",2026-09-20 09:31:58.225711Z
2780,"P002780",12,63.1900,"SKU-FAS-002780",1113,89.7300,"Fasteners Product 02780",233,"packaging",726,"fasteners","M","buy","Y",2026-09-20 09:31:58.225711Z
2781,"P002781",5,102.2000,"SKU-ELE-002781",1459,128.3000,"Electronic Components Product 02781",1060,"packaging",494,"electronic_components","M","buy","Y",2026-09-20 09:31:58.225711Z
2782,"P002782",34,56.4800,"SKU-ALU-002782",872,71.4600,"Aluminium Product 02782",400,"raw_material",325,"aluminium","EA","buy","Y",2026-09-20 09:31:58.225711Z
2783,"P002783",7,31.7600,"SKU-PAC-002783",321,39.2300,"Packaging Product 02783",442,"packaging",393,"packaging","EA","buy","Y",2026-09-20 09:31:58.225711Z
2784,"P002784",10,54.6700,"SKU-COP-002784",508,75.5400,"Copper Product 02784",1818,"raw_material",409,"copper","EA","buy","Y",2026-09-20 09:31:58.225711Z
2785,"P002785",36,65.2100,"SKU-ALU-002785",946,73.1100,"Aluminium Product 02785",1387,"raw_material",478,"aluminium","EA","buy","Y",2026-09-20 09:31:58.225711Z
2786,"P002786",38,113.4900,"SKU-PAC-002786",599,150.5600,"Packaging Product 02786",1527,"raw_material",737,"packaging","KG","buy","Y",2026-09-20 09:31:58.225711Z
2787,"P002787",22,42.7400,"SKU-PAC-002787",1187,50.1700,"Packaging Product 02787",43,"raw_material",136,"packaging","KG","buy","Y",2026-09-20 09:31:58.225711Z
2788,"P002788",12,77.5400,"SKU-PLA-002788",856,87.1000,"Plastic Product 02788",1931,"raw_material",173,"plastic","EA","buy","Y",2026-09-20 09:31:58.225711Z
2789,"P002789",35,42.4000,"SKU-PLA-002789",908,52.3900,"Plastic Product 02789",260,"raw_material",33,"plastic","EA","buy","Y",2026-09-20 09:31:58.225711Z
2790,"P002790",17,31.0300,"SKU-PLA-002790",206,37.4700,"Plastic Product 02790",2080,"raw_material",375,"plastic","EA","buy","Y",2026-09-20 09:31:58.225711Z
2791,"P002791",4,51.0400,"SKU-FAS-002791",1127,59.7000,"Fasteners Product 02791",2893,"raw_material",318,"fasteners","EA","buy","Y",2026-09-20 09:31:58.225711Z
2792,"P002792",18,75.0400,"SKU-PLA-002792",91,86.1800,"Plastic Product 02792",1359,"raw_material",25,"plastic","EA","buy","Y",2026-09-20 09:31:58.225711Z
2793,"P002793",6,84.5500,"SKU-ELE-002793",392,109.9400,"Electronic Components Product 02793",1481,"raw_material",252,"electronic_components","EA","buy","Y",2026-09-20 09:31:58.225711Z
2794,"P002794",23,299.2900,"SKU-STE-002794",118,391.0400,"Steel Product 02794",1131,"raw_material",541,"steel","EA","buy","Y",2026-09-20 09:31:58.225711Z
2795,"P002795",30,65.0900,"SKU-FAS-002795",95,76.2000,"Fasteners Product 02795",1602,"raw_material",296,"fasteners","EA","buy","Y",2026-09-20 09:31:58.225711Z
2796,"P002796",35,141.6600,"SKU-ALU-002796",1415,156.5700,"Aluminium Product 02796",2564,"raw_material",611,"aluminium","KG","buy","Y",2026-09-20 09:31:58.225711Z
2797,"P002797",36,32.8400,"SKU-FAS-002797",1026,45.7700,"Fasteners Product 02797",2316,"raw_material",774,"fasteners","EA","buy","Y",2026-09-20 09:31:58.225711Z
2798,"P002798",16,93.4300,"SKU-STE-002798",1348,105.8900,"Steel Product 02798",2021,"raw_material",491,"steel","EA","buy","Y",2026-09-20 09:31:58.225711Z
2799,"P002799",17,28.7500,"SKU-PLA-002799",229,35.8600,"Plastic Product 02799",219,"raw_material",530,"plastic","EA","buy","Y",2026-09-20 09:31:58.225711Z
2800,"P002800",26,143.8100,"SKU-ALU-002800",774,191.3000,"Aluminium Product 02800",1281,"raw_material",298,"aluminium","KG","buy","Y",2026-09-20 09:31:58.225711Z
2801,"P002801",16,69.9500,"SKU-FAS-002801",1481,90.0900,"Fasteners Product 02801",1888,"raw_material",512,"fasteners","EA","buy","Y",2026-09-20 09:31:58.225711Z
2802,"P002802",7,112.8400,"SKU-ELE-002802",326,134.6600,"Electronic Components Product 02802",179,"packaging",747,"electronic_components","EA","buy","Y",2026-09-20 09:31:58.225711Z
2803,"P002803",21,26.2900,"SKU-STE-002803",1149,34.5100,"Steel Product 02803",3303,"packaging",788,"steel","EA","buy","Y",2026-09-20 09:31:58.225711Z
2804,"P002804",38,54.9000,"SKU-ALU-002804",502,76.2400,"Aluminium Product 02804",2327,"raw_material",99,"aluminium","EA","buy","Y",2026-09-20 09:31:58.225711Z
2805,"P002805",35,124.3100,"SKU-STE-002805",47,149.0600,"Steel Product 02805",1520,"raw_material",110,"steel","EA","buy","Y",2026-09-20 09:31:58.225711Z
2806,"P002806",23,84.3500,"SKU-PLA-002806",46,121.5900,"Plastic Product 02806",417,"raw_material",686,"plastic","L","buy","Y",2026-09-20 09:31:58.225711Z
2807,"P002807",29,53.2000,"SKU-STE-002807",843,67.3500,"Steel Product 02807",3094,"raw_material",190,"steel","EA","buy","Y",2026-09-20 09:31:58.225711Z
2808,"P002808",7,60.5900,"SKU-PLA-002808",1386,72.8500,"Plastic Product 02808",1037,"raw_material",358,"plastic","EA","buy","Y",2026-09-20 09:31:58.225711Z
2809,"P002809",9,91.9400,"SKU-ALU-002809",1368,111.2200,"Aluminium Product 02809",1952,"packaging",325,"aluminium","EA","buy","Y",2026-09-20 09:31:58.225711Z
2810,"P002810",34,231.4400,"SKU-FAS-002810",446,288.3000,"Fasteners Product 02810",1468,"raw_material",549,"fasteners","M","buy","Y",2026-09-20 09:31:58.225711Z
2811,"P002811",16,36.8300,"SKU-STE-002811",1194,47.8700,"Steel Product 02811",3272,"raw_material",701,"steel","KG","buy","Y",2026-09-20 09:31:58.225711Z
2812,"P002812",8,92.2500,"SKU-STE-002812",200,129.2300,"Steel Product 02812",166,"raw_material",216,"steel","EA","buy","Y",2026-09-20 09:31:58.225711Z
2813,"P002813",10,106.4100,"SKU-ELE-002813",1223,118.9900,"Electronic Components Product 02813",2350,"raw_material",383,"electronic_components","KG","buy","Y",2026-09-20 09:31:58.225711Z
2814,"P002814",23,57.7200,"SKU-ELE-002814",681,79.6600,"Electronic Components Product 02814",836,"raw_material",581,"electronic_components","EA","buy","Y",2026-09-20 09:31:58.225711Z
2815,"P002815",16,121.5900,"SKU-COP-002815",171,156.4900,"Copper Product 02815",3277,"raw_material",621,"copper","EA","buy","Y",2026-09-20 09:31:58.225711Z
2816,"P002816",30,110.8800,"SKU-STE-002816",278,149.4700,"Steel Product 02816",3001,"raw_material",399,"steel","EA","buy","Y",2026-09-20 09:31:58.225711Z
2817,"P002817",9,93.8300,"SKU-FAS-002817",235,132.0500,"Fasteners Product 02817",1609,"raw_material",363,"fasteners","EA","buy","Y",2026-09-20 09:31:58.225711Z
2818,"P002818",19,125.6900,"SKU-STE-002818",226,141.2000,"Steel Product 02818",1577,"packaging",275,"steel","EA","buy","Y",2026-09-20 09:31:58.225711Z
2819,"P002819",18,35.8800,"SKU-ELE-002819",1500,41.6400,"Electronic Components Product 02819",3177,"raw_material",753,"electronic_components","M","buy","Y",2026-09-20 09:31:58.225711Z
2820,"P002820",13,55.2000,"SKU-PLA-002820",121,66.8100,"Plastic Product 02820",2495,"raw_material",104,"plastic","EA","buy","Y",2026-09-20 09:31:58.225711Z
2821,"P002821",7,64.7000,"SKU-PAC-002821",1238,79.4100,"Packaging Product 02821",97,"raw_material",609,"packaging","EA","buy","Y",2026-09-20 09:31:58.225711Z
2822,"P002822",19,61.9700,"SKU-COP-002822",991,70.5800,"Copper Product 02822",487,"raw_material",586,"copper","EA","buy","Y",2026-09-20 09:31:58.225711Z
2823,"P002823",34,24.5100,"SKU-ELE-002823",1309,30.4900,"Electronic Components Product 02823",211,"raw_material",738,"electronic_components","EA","buy","Y",2026-09-20 09:31:58.225711Z
2824,"P002824",28,34.2000,"SKU-FAS-002824",1324,48.8400,"Fasteners Product 02824",2509,"raw_material",430,"fasteners","M","buy","Y",2026-09-20 09:31:58.225711Z
2825,"P002825",4,33.1300,"SKU-ALU-002825",1195,36.4500,"Aluminium Product 02825",3427,"packaging",602,"aluminium","EA","buy","Y",2026-09-20 09:31:58.225711Z
2826,"P002826",11,27.4500,"SKU-COP-002826",356,34.1000,"Copper Product 02826",1286,"raw_material",442,"copper","EA","buy","Y",2026-09-20 09:31:58.225711Z
2827,"P002827",29,101.4200,"SKU-FAS-002827",1084,111.5500,"Fasteners Product 02827",184,"raw_material",494,"fasteners","M","buy","Y",2026-09-20 09:31:58.225711Z
2828,"P002828",16,92.6500,"SKU-ALU-002828",292,111.2400,"Aluminium Product 02828",811,"raw_material",440,"aluminium","EA","buy","Y",2026-09-20 09:31:58.225711Z
2829,"P002829",25,19.0200,"SKU-COP-002829",1453,26.3600,"Copper Product 02829",707,"packaging",675,"copper","EA","buy","Y",2026-09-20 09:31:58.225711Z
2830,"P002830",5,230.2100,"SKU-STE-002830",898,310.4400,"Steel Product 02830",1014,"raw_material",58,"steel","EA","buy","Y",2026-09-20 09:31:58.225711Z
2831,"P002831",5,31.5100,"SKU-ELE-002831",493,37.5200,"Electronic Components Product 02831",3360,"raw_material",588,"electronic_components","EA","buy","Y",2026-09-20 09:31:58.225711Z
2832,"P002832",28,23.9800,"SKU-ALU-002832",1388,26.1000,"Aluminium Product 02832",647,"raw_material",224,"aluminium","EA","buy","Y",2026-09-20 09:31:58.225711Z
2833,"P002833",21,47.3300,"SKU-PAC-002833",182,57.2100,"Packaging Product 02833",2284,"raw_material",548,"packaging","EA","buy","Y",2026-09-20 09:31:58.225711Z
2834,"P002834",26,94.5000,"SKU-PLA-002834",1293,112.6800,"Plastic Product 02834",2591,"raw_material",371,"plastic","KG","buy","Y",2026-09-20 09:31:58.225711Z
2835,"P002835",23,69.4700,"SKU-ALU-002835",316,81.8300,"Aluminium Product 02835",3420,"raw_material",618,"aluminium","KG","buy","Y",2026-09-20 09:31:58.225711Z
2836,"P002836",24,78.6100,"SKU-ELE-002836",528,104.3400,"Electronic Components Product 02836",3265,"raw_material",777,"electronic_components","EA","buy","Y",2026-09-20 09:31:58.225711Z
2837,"P002837",19,99.6700,"SKU-ALU-002837",881,129.7900,"Aluminium Product 02837",1397,"raw_material",106,"aluminium","EA","buy","Y",2026-09-20 09:31:58.225711Z
2838,"P002838",30,26.6500,"SKU-ALU-002838",1039,36.3000,"Aluminium Product 02838",645,"raw_material",607,"aluminium","EA","buy","Y",2026-09-20 09:31:58.225711Z
2839,"P002839",15,31.7200,"SKU-PAC-002839",1036,39.8600,"Packaging Product 02839",199,"packaging",731,"packaging","EA","buy","Y",2026-09-20 09:31:58.225711Z
2840,"P002840",32,38.6500,"SKU-STE-002840",291,48.9000,"Steel Product 02840",2659,"packaging",409,"steel","EA","buy","Y",2026-09-20 09:31:58.225711Z
2841,"P002841",7,320.0100,"SKU-STE-002841",925,431.5800,"Steel Product 02841",1711,"raw_material",789,"steel","L","buy","Y",2026-09-20 09:31:58.225711Z
2842,"P002842",29,181.5100,"SKU-ELE-002842",1346,205.7000,"Electronic Components Product 02842",1270,"raw_material",672,"electronic_components","EA","buy","Y",2026-09-20 09:31:58.225711Z
2843,"P002843",37,49.2500,"SKU-ELE-002843",1375,57.6200,"Electronic Components Product 02843",3347,"raw_material",711,"electronic_components","M","buy","Y",2026-09-20 09:31:58.225711Z
2844,"P002844",8,28.2000,"SKU-PLA-002844",836,33.4600,"Plastic Product 02844",1020,"packaging",626,"plastic","EA","buy","Y",2026-09-20 09:31:58.225711Z
2845,"P002845",21,94.4000,"SKU-PLA-002845",1180,117.4800,"Plastic Product 02845",2136,"raw_material",712,"plastic","M","buy","Y",2026-09-20 09:31:58.225711Z
2846,"P002846",18,79.0700,"SKU-ALU-002846",1401,106.7100,"Aluminium Product 02846",1140,"raw_material",464,"aluminium","KG","buy","Y",2026-09-20 09:31:58.225711Z
2847,"P002847",27,97.4200,"SKU-ELE-002847",319,113.5600,"Electronic Components Product 02847",1997,"raw_material",251,"electronic_components","EA","buy","Y",2026-09-20 09:31:58.225711Z
2848,"P002848",24,33.2400,"SKU-STE-002848",770,42.8800,"Steel Product 02848",266,"packaging",402,"steel","EA","buy","Y",2026-09-20 09:31:58.225711Z
2849,"P002849",38,62.2600,"SKU-PLA-002849",1299,69.1000,"Plastic Product 02849",3168,"packaging",293,"plastic","KG","buy","Y",2026-09-20 09:31:58.225711Z
2850,"P002850",19,23.2800,"SKU-PLA-002850",1180,31.1600,"Plastic Product 02850",880,"raw_material",451,"plastic","EA","buy","Y",2026-09-20 09:31:58.225711Z
2851,"P002851",8,66.2700,"SKU-COP-002851",1389,72.2800,"Copper Product 02851",1158,"raw_material",624,"copper","EA","buy","Y",2026-09-20 09:31:58.225711Z
2852,"P002852",31,64.3000,"SKU-STE-002852",1346,71.9800,"Steel Product 02852",3096,"raw_material",16,"steel","EA","buy","Y",2026-09-20 09:31:58.225711Z
2853,"P002853",6,130.7100,"SKU-STE-002853",753,152.7100,"Steel Product 02853",3357,"raw_material",511,"steel","EA","buy","Y",2026-09-20 09:31:58.225711Z
2854,"P002854",14,53.8900,"SKU-FAS-002854",206,68.3300,"Fasteners Product 02854",1352,"raw_material",537,"fasteners","M","buy","Y",2026-09-20 09:31:58.225711Z
2855,"P002855",38,69.0600,"SKU-STE-002855",231,90.1200,"Steel Product 02855",3059,"raw_material",240,"steel","EA","buy","Y",2026-09-20 09:31:58.225711Z
2856,"P002856",9,17.6100,"SKU-ELE-002856",150,24.5600,"Electronic Components Product 02856",764,"raw_material",564,"electronic_components","EA","buy","Y",2026-09-20 09:31:58.225711Z
2857,"P002857",34,82.4500,"SKU-ELE-002857",667,90.7600,"Electronic Components Product 02857",3360,"raw_material",221,"electronic_components","EA","buy","Y",2026-09-20 09:31:58.225711Z
2858,"P002858",34,80.3900,"SKU-PLA-002858",537,110.4700,"Plastic Product 02858",2618,"raw_material",529,"plastic","EA","buy","Y",2026-09-20 09:31:58.225711Z
2859,"P002859",14,40.7900,"SKU-ELE-002859",323,45.9400,"Electronic Components Product 02859",2868,"raw_material",513,"electronic_components","EA","buy","Y",2026-09-20 09:31:58.225711Z
2860,"P002860",18,125.2200,"SKU-ELE-002860",114,168.9600,"Electronic Components Product 02860",1791,"packaging",548,"electronic_components","M","buy","Y",2026-09-20 09:31:58.225711Z
2861,"P002861",35,125.6700,"SKU-COP-002861",60,140.8500,"Copper Product 02861",510,"raw_material",115,"copper","M","buy","Y",2026-09-20 09:31:58.225711Z
2862,"P002862",29,66.3300,"SKU-PLA-002862",147,79.3800,"Plastic Product 02862",671,"raw_material",591,"plastic","EA","buy","Y",2026-09-20 09:31:58.225711Z
2863,"P002863",9,95.8500,"SKU-PLA-002863",1333,124.7400,"Plastic Product 02863",3478,"packaging",529,"plastic","EA","buy","Y",2026-09-20 09:31:58.225711Z
2864,"P002864",15,20.5200,"SKU-PLA-002864",1035,26.3000,"Plastic Product 02864",1314,"raw_material",644,"plastic","KG","buy","Y",2026-09-20 09:31:58.225711Z
2865,"P002865",25,33.1300,"SKU-COP-002865",698,41.2400,"Copper Product 02865",3246,"raw_material",187,"copper","EA","buy","Y",2026-09-20 09:31:58.225711Z
2866,"P002866",34,113.7500,"SKU-PAC-002866",299,129.4900,"Packaging Product 02866",1146,"raw_material",577,"packaging","KG","buy","Y",2026-09-20 09:31:58.225711Z
2867,"P002867",30,73.0900,"SKU-COP-002867",1401,80.1500,"Copper Product 02867",2391,"raw_material",684,"copper","EA","buy","Y",2026-09-20 09:31:58.225711Z
2868,"P002868",8,191.0300,"SKU-ALU-002868",255,273.1000,"Aluminium Product 02868",183,"raw_material",779,"aluminium","EA","buy","Y",2026-09-20 09:31:58.225711Z
2869,"P002869",21,399.4800,"SKU-ALU-002869",1143,486.4500,"Aluminium Product 02869",618,"raw_material",432,"aluminium","EA","buy","Y",2026-09-20 09:31:58.225711Z
2870,"P002870",32,93.5900,"SKU-PAC-002870",1427,122.8600,"Packaging Product 02870",1542,"packaging",676,"packaging","EA","buy","Y",2026-09-20 09:31:58.225711Z
2871,"P002871",11,207.5500,"SKU-PAC-002871",1227,247.4000,"Packaging Product 02871",553,"raw_material",318,"packaging","EA","buy","Y",2026-09-20 09:31:58.225711Z
2872,"P002872",15,86.2500,"SKU-ELE-002872",1344,124.9200,"Electronic Components Product 02872",2781,"raw_material",588,"electronic_components","KG","buy","Y",2026-09-20 09:31:58.225711Z
2873,"P002873",12,51.4600,"SKU-PAC-002873",572,57.8100,"Packaging Product 02873",3259,"raw_material",748,"packaging","EA","buy","Y",2026-09-20 09:31:58.225711Z
2874,"P002874",20,41.4000,"SKU-STE-002874",1482,46.2200,"Steel Product 02874",2347,"raw_material",572,"steel","EA","buy","Y",2026-09-20 09:31:58.225711Z
2875,"P002875",10,202.3600,"SKU-STE-002875",1375,268.4700,"Steel Product 02875",2119,"packaging",203,"steel","EA","buy","Y",2026-09-20 09:31:58.225711Z
2876,"P002876",16,47.7000,"SKU-FAS-002876",927,56.4100,"Fasteners Product 02876",3194,"raw_material",106,"fasteners","EA","buy","Y",2026-09-20 09:31:58.225711Z
2877,"P002877",7,34.0100,"SKU-PAC-002877",1213,40.1200,"Packaging Product 02877",2115,"raw_material",717,"packaging","EA","buy","Y",2026-09-20 09:31:58.225711Z
2878,"P002878",10,108.9700,"SKU-PAC-002878",1200,156.6800,"Packaging Product 02878",3383,"raw_material",178,"packaging","EA","buy","Y",2026-09-20 09:31:58.225711Z
2879,"P002879",21,58.8700,"SKU-PLA-002879",557,78.8400,"Plastic Product 02879",94,"raw_material",82,"plastic","M","buy","Y",2026-09-20 09:31:58.225711Z
2880,"P002880",31,14.6600,"SKU-FAS-002880",600,18.5400,"Fasteners Product 02880",265,"raw_material",519,"fasteners","EA","buy","Y",2026-09-20 09:31:58.225711Z
2881,"P002881",14,40.1000,"SKU-COP-002881",642,50.5300,"Copper Product 02881",3490,"packaging",392,"copper","EA","buy","Y",2026-09-20 09:31:58.225711Z
2882,"P002882",29,33.9300,"SKU-PLA-002882",421,37.9400,"Plastic Product 02882",501,"raw_material",98,"plastic","L","buy","Y",2026-09-20 09:31:58.225711Z
2883,"P002883",27,213.9300,"SKU-ELE-002883",373,240.4500,"Electronic Components Product 02883",2909,"raw_material",214,"electronic_components","EA","buy","Y",2026-09-20 09:31:58.225711Z
2884,"P002884",17,42.6100,"SKU-PLA-002884",1024,58.8900,"Plastic Product 02884",2166,"raw_material",752,"plastic","EA","buy","Y",2026-09-20 09:31:58.225711Z
2885,"P002885",10,84.5700,"SKU-ELE-002885",912,97.3600,"Electronic Components Product 02885",1119,"packaging",650,"electronic_components","EA","buy","Y",2026-09-20 09:31:58.225711Z
2886,"P002886",32,107.4700,"SKU-STE-002886",33,130.9300,"Steel Product 02886",2086,"raw_material",126,"steel","EA","buy","Y",2026-09-20 09:31:58.225711Z
2887,"P002887",15,32.2900,"SKU-PLA-002887",613,38.3800,"Plastic Product 02887",2452,"raw_material",250,"plastic","EA","buy","Y",2026-09-20 09:31:58.225711Z
2888,"P002888",5,94.2500,"SKU-PAC-002888",1177,103.5400,"Packaging Product 02888",2323,"raw_material",422,"packaging","M","buy","Y",2026-09-20 09:31:58.225711Z
2889,"P002889",9,44.0000,"SKU-PLA-002889",762,60.6300,"Plastic Product 02889",2108,"raw_material",363,"plastic","EA","buy","Y",2026-09-20 09:31:58.225711Z
2890,"P002890",12,45.7200,"SKU-COP-002890",915,52.8400,"Copper Product 02890",3239,"raw_material",667,"copper","EA","buy","Y",2026-09-20 09:31:58.225711Z
2891,"P002891",30,18.9500,"SKU-PLA-002891",602,25.8800,"Plastic Product 02891",1999,"raw_material",521,"plastic","EA","buy","Y",2026-09-20 09:31:58.225711Z
2892,"P002892",33,67.3200,"SKU-PLA-002892",410,72.7600,"Plastic Product 02892",850,"raw_material",784,"plastic","EA","buy","Y",2026-09-20 09:31:58.225711Z
2893,"P002893",29,147.8600,"SKU-STE-002893",719,171.1200,"Steel Product 02893",1564,"raw_material",739,"steel","M","buy","Y",2026-09-20 09:31:58.225711Z
2894,"P002894",16,44.5400,"SKU-PLA-002894",428,49.1800,"Plastic Product 02894",280,"raw_material",396,"plastic","M","buy","Y",2026-09-20 09:31:58.225711Z
2895,"P002895",20,355.7300,"SKU-PAC-002895",1046,465.1200,"Packaging Product 02895",1660,"raw_material",606,"packaging","KG","buy","Y",2026-09-20 09:31:58.225711Z
2896,"P002896",14,26.3800,"SKU-STE-002896",1131,35.6500,"Steel Product 02896",643,"raw_material",215,"steel","EA","buy","Y",2026-09-20 09:31:58.225711Z
2897,"P002897",29,111.3200,"SKU-ALU-002897",361,144.3500,"Aluminium Product 02897",2897,"packaging",608,"aluminium","EA","buy","Y",2026-09-20 09:31:58.225711Z
2898,"P002898",31,130.5500,"SKU-STE-002898",497,188.7500,"Steel Product 02898",2628,"raw_material",370,"steel","L","buy","Y",2026-09-20 09:31:58.225711Z
2899,"P002899",17,60.8500,"SKU-PAC-002899",749,87.7300,"Packaging Product 02899",1115,"raw_material",121,"packaging","EA","buy","Y",2026-09-20 09:31:58.225711Z
2900,"P002900",6,36.8800,"SKU-ELE-002900",583,48.5400,"Electronic Components Product 02900",585,"raw_material",137,"electronic_components","EA","buy","Y",2026-09-20 09:31:58.225711Z
2901,"P002901",8,24.4800,"SKU-ALU-002901",909,30.6700,"Aluminium Product 02901",986,"raw_material",285,"aluminium","L","buy","Y",2026-09-20 09:31:58.225711Z
2902,"P002902",29,80.5400,"SKU-ELE-002902",537,106.5200,"Electronic Components Product 02902",3306,"raw_material",190,"electronic_components","EA","buy","Y",2026-09-20 09:31:58.225711Z
2903,"P002903",8,98.1500,"SKU-COP-002903",1358,121.9800,"Copper Product 02903",2464,"raw_material",429,"copper","EA","buy","Y",2026-09-20 09:31:58.225711Z
2904,"P002904",34,139.4200,"SKU-ALU-002904",525,175.6900,"Aluminium Product 02904",2861,"packaging",552,"aluminium","KG","buy","Y",2026-09-20 09:31:58.225711Z
2905,"P002905",24,34.6800,"SKU-PAC-002905",682,47.3900,"Packaging Product 02905",2293,"raw_material",396,"packaging","EA","buy","Y",2026-09-20 09:31:58.225711Z
2906,"P002906",12,99.8800,"SKU-STE-002906",910,116.8000,"Steel Product 02906",1535,"raw_material",795,"steel","EA","buy","Y",2026-09-20 09:31:58.225711Z
2907,"P002907",26,22.4300,"SKU-PAC-002907",1020,30.0700,"Packaging Product 02907",880,"packaging",223,"packaging","EA","buy","Y",2026-09-20 09:31:58.225711Z
2908,"P002908",21,349.6000,"SKU-PAC-002908",1302,382.2600,"Packaging Product 02908",432,"raw_material",646,"packaging","EA","buy","Y",2026-09-20 09:31:58.225711Z
2909,"P002909",7,164.8900,"SKU-STE-002909",223,221.7800,"Steel Product 02909",2167,"raw_material",521,"steel","EA","buy","Y",2026-09-20 09:31:58.225711Z
2910,"P002910",4,42.0900,"SKU-FAS-002910",153,55.6600,"Fasteners Product 02910",1434,"raw_material",653,"fasteners","EA","buy","Y",2026-09-20 09:31:58.225711Z
2911,"P002911",38,18.1700,"SKU-COP-002911",572,25.7800,"Copper Product 02911",1808,"raw_material",462,"copper","EA","buy","Y",2026-09-20 09:31:58.225711Z
2912,"P002912",4,27.0900,"SKU-FAS-002912",1332,35.6100,"Fasteners Product 02912",995,"raw_material",662,"fasteners","M","buy","Y",2026-09-20 09:31:58.225711Z
2913,"P002913",21,21.5900,"SKU-STE-002913",67,27.3500,"Steel Product 02913",3246,"raw_material",378,"steel","EA","buy","Y",2026-09-20 09:31:58.225711Z
2914,"P002914",7,101.7300,"SKU-ALU-002914",1249,120.5700,"Aluminium Product 02914",2220,"raw_material",409,"aluminium","EA","buy","Y",2026-09-20 09:31:58.225711Z
2915,"P002915",5,95.8700,"SKU-STE-002915",137,132.8800,"Steel Product 02915",2517,"raw_material",709,"steel","KG","buy","Y",2026-09-20 09:31:58.225711Z
2916,"P002916",28,37.3300,"SKU-PLA-002916",1105,54.0100,"Plastic Product 02916",1104,"raw_material",490,"plastic","EA","buy","Y",2026-09-20 09:31:58.225711Z
2917,"P002917",22,150.0000,"SKU-FAS-002917",411,200.3300,"Fasteners Product 02917",2794,"raw_material",760,"fasteners","EA","buy","Y",2026-09-20 09:31:58.225711Z
2918,"P002918",25,38.2600,"SKU-ELE-002918",328,51.0600,"Electronic Components Product 02918",3130,"raw_material",211,"electronic_components","EA","buy","Y",2026-09-20 09:31:58.225711Z
2919,"P002919",36,54.8800,"SKU-STE-002919",296,64.5000,"Steel Product 02919",2423,"raw_material",631,"steel","EA","buy","Y",2026-09-20 09:31:58.225711Z
2920,"P002920",23,101.3500,"SKU-PLA-002920",270,123.0200,"Plastic Product 02920",1648,"raw_material",26,"plastic","EA","buy","Y",2026-09-20 09:31:58.225711Z
2921,"P002921",35,90.2300,"SKU-COP-002921",1225,121.0300,"Copper Product 02921",362,"raw_material",114,"copper","KG","buy","Y",2026-09-20 09:31:58.225711Z
2922,"P002922",35,68.3700,"SKU-PLA-002922",679,89.4200,"Plastic Product 02922",831,"raw_material",712,"plastic","EA","buy","Y",2026-09-20 09:31:58.225711Z
2923,"P002923",21,226.8800,"SKU-STE-002923",578,279.5900,"Steel Product 02923",2305,"raw_material",254,"steel","EA","buy","Y",2026-09-20 09:31:58.225711Z
2924,"P002924",11,101.2300,"SKU-ALU-002924",359,111.1400,"Aluminium Product 02924",380,"raw_material",104,"aluminium","EA","buy","Y",2026-09-20 09:31:58.225711Z
2925,"P002925",25,29.0600,"SKU-STE-002925",646,38.0700,"Steel Product 02925",2116,"raw_material",269,"steel","EA","buy","Y",2026-09-20 09:31:58.225711Z
2926,"P002926",8,129.9100,"SKU-PLA-002926",1467,171.7700,"Plastic Product 02926",1036,"raw_material",229,"plastic","EA","buy","Y",2026-09-20 09:31:58.225711Z
2927,"P002927",25,39.2300,"SKU-COP-002927",598,44.4600,"Copper Product 02927",448,"raw_material",139,"copper","EA","buy","Y",2026-09-20 09:31:58.225711Z
2928,"P002928",23,62.1000,"SKU-STE-002928",1279,82.7900,"Steel Product 02928",1686,"raw_material",581,"steel","EA","buy","Y",2026-09-20 09:31:58.225711Z
2929,"P002929",38,123.8400,"SKU-PLA-002929",130,135.7400,"Plastic Product 02929",658,"raw_material",79,"plastic","EA","buy","Y",2026-09-20 09:31:58.225711Z
2930,"P002930",35,44.2400,"SKU-COP-002930",1187,49.0700,"Copper Product 02930",1802,"raw_material",443,"copper","M","buy","Y",2026-09-20 09:31:58.225711Z
2931,"P002931",18,22.9300,"SKU-STE-002931",1360,29.2400,"Steel Product 02931",710,"raw_material",185,"steel","EA","buy","Y",2026-09-20 09:31:58.225711Z
2932,"P002932",6,68.0000,"SKU-FAS-002932",46,87.4200,"Fasteners Product 02932",1858,"raw_material",755,"fasteners","EA","buy","Y",2026-09-20 09:31:58.225711Z
2933,"P002933",22,77.4700,"SKU-ELE-002933",774,88.0200,"Electronic Components Product 02933",887,"raw_material",701,"electronic_components","KG","buy","Y",2026-09-20 09:31:58.225711Z
2934,"P002934",19,78.2400,"SKU-COP-002934",238,96.0400,"Copper Product 02934",597,"packaging",278,"copper","EA","buy","Y",2026-09-20 09:31:58.225711Z
2935,"P002935",37,214.2300,"SKU-PAC-002935",546,280.2300,"Packaging Product 02935",2937,"packaging",223,"packaging","EA","buy","Y",2026-09-20 09:31:58.225711Z
2936,"P002936",7,40.7100,"SKU-PLA-002936",1029,55.6500,"Plastic Product 02936",789,"raw_material",479,"plastic","EA","buy","Y",2026-09-20 09:31:58.225711Z
2937,"P002937",35,175.2800,"SKU-STE-002937",1022,210.7400,"Steel Product 02937",1539,"packaging",471,"steel","KG","buy","Y",2026-09-20 09:31:58.225711Z
2938,"P002938",13,162.3400,"SKU-FAS-002938",673,210.0300,"Fasteners Product 02938",1975,"raw_material",639,"fasteners","EA","buy","Y",2026-09-20 09:31:58.225711Z
2939,"P002939",10,43.4500,"SKU-STE-002939",788,62.5500,"Steel Product 02939",2078,"raw_material",112,"steel","EA","buy","Y",2026-09-20 09:31:58.225711Z
2940,"P002940",7,80.2600,"SKU-FAS-002940",176,92.5600,"Fasteners Product 02940",808,"packaging",309,"fasteners","EA","buy","Y",2026-09-20 09:31:58.225711Z
2941,"P002941",11,15.9600,"SKU-PLA-002941",721,18.3600,"Plastic Product 02941",765,"raw_material",315,"plastic","EA","buy","Y",2026-09-20 09:31:58.225711Z
2942,"P002942",15,168.6000,"SKU-PAC-002942",765,189.3000,"Packaging Product 02942",2445,"raw_material",409,"packaging","EA","buy","Y",2026-09-20 09:31:58.225711Z
2943,"P002943",16,138.2800,"SKU-ELE-002943",1441,170.4800,"Electronic Components Product 02943",1520,"raw_material",131,"electronic_components","EA","buy","Y",2026-09-20 09:31:58.225711Z
2944,"P002944",24,132.3800,"SKU-STE-002944",939,174.1200,"Steel Product 02944",225,"packaging",278,"steel","EA","buy","Y",2026-09-20 09:31:58.225711Z
2945,"P002945",28,105.5500,"SKU-ELE-002945",358,139.1100,"Electronic Components Product 02945",814,"raw_material",290,"electronic_components","EA","buy","Y",2026-09-20 09:31:58.225711Z
2946,"P002946",12,52.2400,"SKU-ELE-002946",502,74.9600,"Electronic Components Product 02946",1248,"raw_material",760,"electronic_components","EA","buy","Y",2026-09-20 09:31:58.225711Z
2947,"P002947",26,265.2300,"SKU-STE-002947",1472,347.7400,"Steel Product 02947",2942,"raw_material",112,"steel","M","buy","Y",2026-09-20 09:31:58.225711Z
2948,"P002948",22,36.7500,"SKU-ALU-002948",149,47.5600,"Aluminium Product 02948",1103,"raw_material",656,"aluminium","EA","buy","Y",2026-09-20 09:31:58.225711Z
2949,"P002949",27,54.3700,"SKU-ELE-002949",1233,59.3400,"Electronic Components Product 02949",95,"raw_material",232,"electronic_components","EA","buy","Y",2026-09-20 09:31:58.225711Z
2950,"P002950",29,42.8700,"SKU-COP-002950",1150,61.2800,"Copper Product 02950",2207,"raw_material",512,"copper","EA","buy","Y",2026-09-20 09:31:58.225711Z
2951,"P002951",15,84.4900,"SKU-COP-002951",1406,116.7400,"Copper Product 02951",2602,"raw_material",322,"copper","EA","buy","Y",2026-09-20 09:31:58.225711Z
2952,"P002952",30,156.6900,"SKU-COP-002952",495,179.2400,"Copper Product 02952",77,"raw_material",744,"copper","EA","buy","Y",2026-09-20 09:31:58.225711Z
2953,"P002953",12,53.9000,"SKU-ALU-002953",1480,71.0900,"Aluminium Product 02953",2493,"raw_material",479,"aluminium","EA","buy","Y",2026-09-20 09:31:58.225711Z
2954,"P002954",27,109.0900,"SKU-ALU-002954",204,147.0900,"Aluminium Product 02954",2297,"packaging",318,"aluminium","L","buy","Y",2026-09-20 09:31:58.225711Z
2955,"P002955",11,18.4900,"SKU-STE-002955",1302,20.2300,"Steel Product 02955",3316,"raw_material",471,"steel","EA","buy","Y",2026-09-20 09:31:58.225711Z
2956,"P002956",9,79.3400,"SKU-STE-002956",678,107.2400,"Steel Product 02956",3168,"packaging",561,"steel","M","buy","Y",2026-09-20 09:31:58.225711Z
2957,"P002957",18,109.3000,"SKU-PLA-002957",188,147.1900,"Plastic Product 02957",1806,"raw_material",406,"plastic","KG","buy","Y",2026-09-20 09:31:58.225711Z
2958,"P002958",13,127.5500,"SKU-FAS-002958",906,167.7400,"Fasteners Product 02958",1152,"raw_material",767,"fasteners","EA","buy","Y",2026-09-20 09:31:58.225711Z
2959,"P002959",21,50.4000,"SKU-PAC-002959",1450,67.3600,"Packaging Product 02959",591,"raw_material",594,"packaging","KG","buy","Y",2026-09-20 09:31:58.225711Z
2960,"P002960",36,60.8600,"SKU-ELE-002960",342,84.4600,"Electronic Components Product 02960",3200,"raw_material",420,"electronic_components","KG","buy","Y",2026-09-20 09:31:58.225711Z
2961,"P002961",10,98.9500,"SKU-ALU-002961",1298,133.7500,"Aluminium Product 02961",2897,"packaging",405,"aluminium","EA","buy","Y",2026-09-20 09:31:58.225711Z
2962,"P002962",29,69.9000,"SKU-ELE-002962",412,98.3800,"Electronic Components Product 02962",2228,"raw_material",163,"electronic_components","EA","buy","Y",2026-09-20 09:31:58.225711Z
2963,"P002963",14,28.3200,"SKU-ELE-002963",143,36.7700,"Electronic Components Product 02963",1285,"raw_material",799,"electronic_components","EA","buy","Y",2026-09-20 09:31:58.225711Z
2964,"P002964",22,48.1800,"SKU-ELE-002964",303,53.7600,"Electronic Components Product 02964",2487,"raw_material",121,"electronic_components","EA","buy","Y",2026-09-20 09:31:58.225711Z
2965,"P002965",4,40.4400,"SKU-ALU-002965",1145,43.7300,"Aluminium Product 02965",1713,"packaging",84,"aluminium","EA","buy","Y",2026-09-20 09:31:58.225711Z
2966,"P002966",34,78.0800,"SKU-ELE-002966",1178,90.6300,"Electronic Components Product 02966",2668,"raw_material",331,"electronic_components","KG","buy","Y",2026-09-20 09:31:58.225711Z
2967,"P002967",25,66.7700,"SKU-FAS-002967",618,91.2300,"Fasteners Product 02967",1601,"raw_material",631,"fasteners","EA","buy","Y",2026-09-20 09:31:58.225711Z
2968,"P002968",6,34.7500,"SKU-STE-002968",68,45.8800,"Steel Product 02968",303,"raw_material",587,"steel","M","buy","Y",2026-09-20 09:31:58.225711Z
2969,"P002969",17,108.3100,"SKU-STE-002969",70,130.3300,"Steel Product 02969",3154,"packaging",116,"steel","EA","buy","Y",2026-09-20 09:31:58.225711Z
2970,"P002970",14,36.2700,"SKU-ELE-002970",894,47.8100,"Electronic Components Product 02970",837,"packaging",239,"electronic_components","EA","buy","Y",2026-09-20 09:31:58.225711Z
2971,"P002971",37,38.4000,"SKU-PLA-002971",257,46.2800,"Plastic Product 02971",2812,"raw_material",621,"plastic","EA","buy","Y",2026-09-20 09:31:58.225711Z
2972,"P002972",15,90.4100,"SKU-ELE-002972",969,115.9300,"Electronic Components Product 02972",142,"packaging",306,"electronic_components","EA","buy","Y",2026-09-20 09:31:58.225711Z
2973,"P002973",18,72.1300,"SKU-STE-002973",443,87.3100,"Steel Product 02973",2506,"raw_material",134,"steel","M","buy","Y",2026-09-20 09:31:58.225711Z
2974,"P002974",12,63.5800,"SKU-PLA-002974",22,77.2000,"Plastic Product 02974",551,"raw_material",539,"plastic","EA","buy","Y",2026-09-20 09:31:58.225711Z
2975,"P002975",33,31.4600,"SKU-PLA-002975",1251,37.1200,"Plastic Product 02975",2920,"raw_material",410,"plastic","KG","buy","Y",2026-09-20 09:31:58.225711Z
2976,"P002976",12,93.8300,"SKU-PAC-002976",1168,126.4900,"Packaging Product 02976",1153,"raw_material",481,"packaging","EA","buy","Y",2026-09-20 09:31:58.225711Z
2977,"P002977",30,113.7200,"SKU-ALU-002977",548,148.4100,"Aluminium Product 02977",1484,"raw_material",607,"aluminium","EA","buy","Y",2026-09-20 09:31:58.225711Z
2978,"P002978",13,101.2300,"SKU-ELE-002978",751,139.1600,"Electronic Components Product 02978",59,"raw_material",362,"electronic_components","L","buy","Y",2026-09-20 09:31:58.225711Z
2979,"P002979",21,35.3300,"SKU-ALU-002979",907,42.0000,"Aluminium Product 02979",1351,"raw_material",81,"aluminium","L","buy","Y",2026-09-20 09:31:58.225711Z
2980,"P002980",4,172.4300,"SKU-ALU-002980",701,189.5100,"Aluminium Product 02980",3037,"raw_material",99,"aluminium","M","buy","Y",2026-09-20 09:31:58.225711Z
2981,"P002981",25,22.6200,"SKU-PLA-002981",154,30.7700,"Plastic Product 02981",2459,"raw_material",128,"plastic","EA","buy","Y",2026-09-20 09:31:58.225711Z
2982,"P002982",24,47.5700,"SKU-PAC-002982",795,56.8000,"Packaging Product 02982",3198,"raw_material",711,"packaging","EA","buy","Y",2026-09-20 09:31:58.225711Z
2983,"P002983",35,80.6200,"SKU-STE-002983",1320,95.8500,"Steel Product 02983",928,"raw_material",131,"steel","M","buy","Y",2026-09-20 09:31:58.225711Z
2984,"P002984",29,49.3900,"SKU-PAC-002984",1156,62.7900,"Packaging Product 02984",1493,"raw_material",712,"packaging","EA","buy","Y",2026-09-20 09:31:58.225711Z
2985,"P002985",20,94.6300,"SKU-STE-002985",337,122.3900,"Steel Product 02985",1622,"raw_material",575,"steel","EA","buy","Y",2026-09-20 09:31:58.225711Z
2986,"P002986",5,82.7400,"SKU-COP-002986",456,108.7300,"Copper Product 02986",1918,"raw_material",699,"copper","EA","buy","Y",2026-09-20 09:31:58.225711Z
2987,"P002987",38,61.9100,"SKU-PAC-002987",771,80.2800,"Packaging Product 02987",1018,"raw_material",441,"packaging","KG","buy","Y",2026-09-20 09:31:58.225711Z
2988,"P002988",5,74.2700,"SKU-PAC-002988",1028,104.2900,"Packaging Product 02988",2708,"raw_material",305,"packaging","EA","buy","Y",2026-09-20 09:31:58.225711Z
2989,"P002989",26,70.7300,"SKU-STE-002989",1277,93.4200,"Steel Product 02989",2094,"raw_material",597,"steel","EA","buy","Y",2026-09-20 09:31:58.225711Z
2990,"P002990",37,78.3600,"SKU-PLA-002990",559,109.0300,"Plastic Product 02990",964,"raw_material",599,"plastic","EA","buy","Y",2026-09-20 09:31:58.225711Z
2991,"P002991",6,59.7800,"SKU-ALU-002991",1076,81.1400,"Aluminium Product 02991",1563,"raw_material",308,"aluminium","KG","buy","Y",2026-09-20 09:31:58.225711Z
2992,"P002992",27,108.0400,"SKU-PAC-002992",1099,152.0700,"Packaging Product 02992",1629,"raw_material",61,"packaging","M","buy","Y",2026-09-20 09:31:58.225711Z
2993,"P002993",16,49.2800,"SKU-FAS-002993",432,66.3100,"Fasteners Product 02993",629,"raw_material",317,"fasteners","EA","buy","Y",2026-09-20 09:31:58.225711Z
2994,"P002994",19,78.0100,"SKU-FAS-002994",26,98.2200,"Fasteners Product 02994",1229,"raw_material",317,"fasteners","EA","buy","Y",2026-09-20 09:31:58.225711Z
2995,"P002995",37,154.0200,"SKU-PLA-002995",409,211.0300,"Plastic Product 02995",1894,"raw_material",786,"plastic","EA","buy","Y",2026-09-20 09:31:58.225711Z
2996,"P002996",14,38.4000,"SKU-PLA-002996",876,45.0900,"Plastic Product 02996",1810,"raw_material",554,"plastic","EA","buy","Y",2026-09-20 09:31:58.225711Z
2997,"P002997",32,341.5700,"SKU-STE-002997",743,381.2600,"Steel Product 02997",1725,"packaging",143,"steel","KG","buy","Y",2026-09-20 09:31:58.225711Z
2998,"P002998",20,18.7200,"SKU-COP-002998",1438,25.0000,"Copper Product 02998",1238,"packaging",274,"copper","KG","buy","Y",2026-09-20 09:31:58.225711Z
2999,"P002999",22,16.0600,"SKU-COP-002999",649,20.4300,"Copper Product 02999",2123,"raw_material",353,"copper","EA","buy","Y",2026-09-20 09:31:58.225711Z
3000,"P003000",21,19.5300,"SKU-STE-003000",241,24.2300,"Steel Product 03000",3131,"raw_material",752,"steel","EA","buy","Y",2026-09-20 09:31:58.225711Z
3001,"P003001",14,48.0700,"SKU-PLA-003001",581,68.5300,"Plastic Product 03001",1296,"raw_material",33,"plastic","EA","buy","Y",2026-09-20 09:31:58.225711Z
3002,"P003002",5,31.8000,"SKU-ALU-003002",651,36.6200,"Aluminium Product 03002",2665,"raw_material",245,"aluminium","EA","buy","Y",2026-09-20 09:31:58.225711Z
3003,"P003003",12,229.3900,"SKU-PLA-003003",226,267.8900,"Plastic Product 03003",2148,"raw_material",719,"plastic","EA","buy","Y",2026-09-20 09:31:58.225711Z
3004,"P003004",34,145.2400,"SKU-PLA-003004",1436,158.2900,"Plastic Product 03004",1951,"packaging",198,"plastic","KG","buy","Y",2026-09-20 09:31:58.225711Z
3005,"P003005",8,17.4000,"SKU-PAC-003005",1096,22.2100,"Packaging Product 03005",1567,"raw_material",741,"packaging","EA","buy","Y",2026-09-20 09:31:58.225711Z
3006,"P003006",26,30.3200,"SKU-ELE-003006",852,40.2200,"Electronic Components Product 03006",1244,"raw_material",109,"electronic_components","EA","buy","Y",2026-09-20 09:31:58.225711Z
3007,"P003007",34,224.4900,"SKU-PAC-003007",65,321.4600,"Packaging Product 03007",1082,"raw_material",582,"packaging","M","buy","Y",2026-09-20 09:31:58.225711Z
3008,"P003008",24,77.1200,"SKU-STE-003008",1486,100.9300,"Steel Product 03008",2818,"raw_material",463,"steel","EA","buy","Y",2026-09-20 09:31:58.225711Z
3009,"P003009",32,69.9700,"SKU-PAC-003009",535,95.6800,"Packaging Product 03009",2085,"packaging",213,"packaging","L","buy","Y",2026-09-20 09:31:58.225711Z
3010,"P003010",30,92.4600,"SKU-ELE-003010",1369,133.9500,"Electronic Components Product 03010",2576,"raw_material",223,"electronic_components","EA","buy","Y",2026-09-20 09:31:58.225711Z
3011,"P003011",29,8.0000,"SKU-STE-003011",73,10.2700,"Steel Product 03011",1885,"raw_material",199,"steel","L","buy","Y",2026-09-20 09:31:58.225711Z
3012,"P003012",15,16.2500,"SKU-ELE-003012",855,19.8300,"Electronic Components Product 03012",2584,"raw_material",15,"electronic_components","EA","buy","Y",2026-09-20 09:31:58.225711Z
3013,"P003013",37,59.0400,"SKU-ELE-003013",1094,75.2300,"Electronic Components Product 03013",3176,"raw_material",689,"electronic_components","EA","buy","Y",2026-09-20 09:31:58.225711Z
3014,"P003014",29,12.9400,"SKU-PAC-003014",395,14.4000,"Packaging Product 03014",3196,"packaging",178,"packaging","EA","buy","Y",2026-09-20 09:31:58.225711Z
3015,"P003015",33,34.3200,"SKU-COP-003015",764,45.5500,"Copper Product 03015",2379,"raw_material",481,"copper","EA","buy","Y",2026-09-20 09:31:58.225711Z
3016,"P003016",8,83.0400,"SKU-STE-003016",269,107.6800,"Steel Product 03016",1895,"raw_material",172,"steel","EA","buy","Y",2026-09-20 09:31:58.225711Z
3017,"P003017",18,114.2300,"SKU-ALU-003017",1138,161.0300,"Aluminium Product 03017",2124,"raw_material",327,"aluminium","EA","buy","Y",2026-09-20 09:31:58.225711Z
3018,"P003018",7,95.1400,"SKU-ELE-003018",1361,134.0500,"Electronic Components Product 03018",1672,"raw_material",568,"electronic_components","EA","buy","Y",2026-09-20 09:31:58.225711Z
3019,"P003019",32,124.6200,"SKU-ELE-003019",372,178.1000,"Electronic Components Product 03019",726,"raw_material",411,"electronic_components","EA","buy","Y",2026-09-20 09:31:58.225711Z
3020,"P003020",7,61.4500,"SKU-ELE-003020",1172,80.0200,"Electronic Components Product 03020",357,"raw_material",712,"electronic_components","EA","buy","Y",2026-09-20 09:31:58.225711Z
3021,"P003021",30,61.9900,"SKU-STE-003021",1441,78.8700,"Steel Product 03021",2841,"raw_material",381,"steel","KG","buy","Y",2026-09-20 09:31:58.225711Z
3022,"P003022",21,19.1600,"SKU-COP-003022",549,26.4300,"Copper Product 03022",1882,"raw_material",355,"copper","EA","buy","Y",2026-09-20 09:31:58.225711Z
3023,"P003023",21,52.7900,"SKU-FAS-003023",795,69.4700,"Fasteners Product 03023",2819,"raw_material",688,"fasteners","KG","buy","Y",2026-09-20 09:31:58.225711Z
3024,"P003024",35,63.8800,"SKU-FAS-003024",1319,89.7500,"Fasteners Product 03024",859,"raw_material",383,"fasteners","L","buy","Y",2026-09-20 09:31:58.225711Z
3025,"P003025",33,160.3700,"SKU-PAC-003025",1498,184.0500,"Packaging Product 03025",3265,"raw_material",477,"packaging","EA","buy","Y",2026-09-20 09:31:58.225711Z
3026,"P003026",7,66.0100,"SKU-PLA-003026",832,81.5400,"Plastic Product 03026",2710,"packaging",743,"plastic","EA","buy","Y",2026-09-20 09:31:58.225711Z
3027,"P003027",7,98.7900,"SKU-PLA-003027",951,118.2200,"Plastic Product 03027",1096,"raw_material",667,"plastic","EA","buy","Y",2026-09-20 09:31:58.225711Z
3028,"P003028",38,89.6600,"SKU-STE-003028",1005,99.3700,"Steel Product 03028",2181,"raw_material",44,"steel","EA","buy","Y",2026-09-20 09:31:58.225711Z
3029,"P003029",23,25.4000,"SKU-STE-003029",1111,31.1000,"Steel Product 03029",1510,"raw_material",335,"steel","EA","buy","Y",2026-09-20 09:31:58.225711Z
3030,"P003030",10,197.8600,"SKU-STE-003030",1374,241.0300,"Steel Product 03030",3313,"raw_material",207,"steel","L","buy","Y",2026-09-20 09:31:58.225711Z
3031,"P003031",37,215.4100,"SKU-ELE-003031",152,252.2200,"Electronic Components Product 03031",2973,"raw_material",274,"electronic_components","EA","buy","Y",2026-09-20 09:31:58.225711Z
3032,"P003032",33,86.3800,"SKU-ELE-003032",1212,114.5200,"Electronic Components Product 03032",2231,"packaging",390,"electronic_components","EA","buy","Y",2026-09-20 09:31:58.225711Z
3033,"P003033",37,86.9300,"SKU-ELE-003033",877,117.4600,"Electronic Components Product 03033",1046,"raw_material",660,"electronic_components","EA","buy","Y",2026-09-20 09:31:58.225711Z
3034,"P003034",9,27.4900,"SKU-COP-003034",519,38.6800,"Copper Product 03034",556,"raw_material",413,"copper","EA","buy","Y",2026-09-20 09:31:58.225711Z
3035,"P003035",7,77.4900,"SKU-PLA-003035",1172,88.0200,"Plastic Product 03035",2245,"raw_material",158,"plastic","M","buy","Y",2026-09-20 09:31:58.225711Z
3036,"P003036",19,30.8100,"SKU-ALU-003036",334,44.3700,"Aluminium Product 03036",3212,"raw_material",625,"aluminium","EA","buy","Y",2026-09-20 09:31:58.225711Z
3037,"P003037",21,57.3500,"SKU-ELE-003037",714,70.6700,"Electronic Components Product 03037",648,"raw_material",382,"electronic_components","EA","buy","Y",2026-09-20 09:31:58.225711Z
3038,"P003038",19,57.2400,"SKU-COP-003038",901,64.1500,"Copper Product 03038",3163,"raw_material",197,"copper","EA","buy","Y",2026-09-20 09:31:58.225711Z
3039,"P003039",38,35.0100,"SKU-ELE-003039",1404,45.8900,"Electronic Components Product 03039",2978,"raw_material",514,"electronic_components","EA","buy","Y",2026-09-20 09:31:58.225711Z
3040,"P003040",5,41.4200,"SKU-PAC-003040",54,52.3200,"Packaging Product 03040",542,"packaging",133,"packaging","EA","buy","Y",2026-09-20 09:31:58.225711Z
3041,"P003041",21,89.8000,"SKU-COP-003041",718,121.8300,"Copper Product 03041",2467,"packaging",172,"copper","EA","buy","Y",2026-09-20 09:31:58.225711Z
3042,"P003042",13,77.7300,"SKU-ALU-003042",1093,105.0600,"Aluminium Product 03042",1789,"raw_material",555,"aluminium","EA","buy","Y",2026-09-20 09:31:58.225711Z
3043,"P003043",35,162.1900,"SKU-PAC-003043",1174,182.5600,"Packaging Product 03043",1153,"packaging",556,"packaging","M","buy","Y",2026-09-20 09:31:58.225711Z
3044,"P003044",25,28.9300,"SKU-COP-003044",26,33.2700,"Copper Product 03044",476,"raw_material",722,"copper","EA","buy","Y",2026-09-20 09:31:58.225711Z
3045,"P003045",13,67.2900,"SKU-PLA-003045",801,82.9200,"Plastic Product 03045",1915,"raw_material",788,"plastic","M","buy","Y",2026-09-20 09:31:58.225711Z
3046,"P003046",19,55.1900,"SKU-ELE-003046",870,74.8600,"Electronic Components Product 03046",1755,"raw_material",122,"electronic_components","KG","buy","Y",2026-09-20 09:31:58.225711Z
3047,"P003047",34,68.2300,"SKU-ELE-003047",897,98.8500,"Electronic Components Product 03047",2021,"raw_material",639,"electronic_components","KG","buy","Y",2026-09-20 09:31:58.225711Z
3048,"P003048",16,88.8300,"SKU-ALU-003048",895,121.7800,"Aluminium Product 03048",780,"raw_material",559,"aluminium","L","buy","Y",2026-09-20 09:31:58.225711Z
3049,"P003049",16,26.5600,"SKU-COP-003049",643,32.6100,"Copper Product 03049",1086,"raw_material",624,"copper","EA","buy","Y",2026-09-20 09:31:58.225711Z
3050,"P003050",36,42.9700,"SKU-PLA-003050",1160,46.8500,"Plastic Product 03050",693,"raw_material",156,"plastic","EA","buy","Y",2026-09-20 09:31:58.225711Z
3051,"P003051",35,63.8200,"SKU-FAS-003051",758,71.5800,"Fasteners Product 03051",635,"raw_material",596,"fasteners","EA","buy","Y",2026-09-20 09:31:58.225711Z
3052,"P003052",16,36.3400,"SKU-ELE-003052",722,42.8500,"Electronic Components Product 03052",313,"packaging",612,"electronic_components","L","buy","Y",2026-09-20 09:31:58.225711Z
3053,"P003053",19,52.3800,"SKU-STE-003053",1183,69.0800,"Steel Product 03053",1181,"raw_material",481,"steel","EA","buy","Y",2026-09-20 09:31:58.225711Z
3054,"P003054",29,46.4600,"SKU-STE-003054",409,50.3400,"Steel Product 03054",2766,"raw_material",673,"steel","EA","buy","Y",2026-09-20 09:31:58.225711Z
3055,"P003055",9,39.7100,"SKU-ELE-003055",1414,42.9600,"Electronic Components Product 03055",1247,"raw_material",636,"electronic_components","L","buy","Y",2026-09-20 09:31:58.225711Z
3056,"P003056",21,92.3400,"SKU-ALU-003056",1352,124.2600,"Aluminium Product 03056",1702,"raw_material",346,"aluminium","EA","buy","Y",2026-09-20 09:31:58.225711Z
3057,"P003057",20,113.7500,"SKU-PLA-003057",1065,152.1700,"Plastic Product 03057",2641,"raw_material",100,"plastic","KG","buy","Y",2026-09-20 09:31:58.225711Z
3058,"P003058",28,178.2800,"SKU-ALU-003058",1400,208.5700,"Aluminium Product 03058",3302,"raw_material",786,"aluminium","EA","buy","Y",2026-09-20 09:31:58.225711Z
3059,"P003059",6,166.0900,"SKU-STE-003059",251,235.1400,"Steel Product 03059",2351,"raw_material",648,"steel","EA","buy","Y",2026-09-20 09:31:58.225711Z
3060,"P003060",22,52.8200,"SKU-PLA-003060",328,59.0300,"Plastic Product 03060",3228,"raw_material",469,"plastic","EA","buy","Y",2026-09-20 09:31:58.225711Z
3061,"P003061",20,39.0100,"SKU-ELE-003061",197,45.6200,"Electronic Components Product 03061",857,"packaging",570,"electronic_components","EA","buy","Y",2026-09-20 09:31:58.225711Z
3062,"P003062",18,117.9600,"SKU-PLA-003062",1457,136.5900,"Plastic Product 03062",205,"raw_material",317,"plastic","EA","buy","Y",2026-09-20 09:31:58.225711Z
3063,"P003063",19,114.2800,"SKU-PLA-003063",1155,139.0300,"Plastic Product 03063",3408,"raw_material",316,"plastic","KG","buy","Y",2026-09-20 09:31:58.225711Z
3064,"P003064",10,105.1900,"SKU-STE-003064",794,145.4500,"Steel Product 03064",2696,"raw_material",683,"steel","EA","buy","Y",2026-09-20 09:31:58.225711Z
3065,"P003065",7,35.2100,"SKU-ELE-003065",559,46.2700,"Electronic Components Product 03065",3439,"packaging",350,"electronic_components","EA","buy","Y",2026-09-20 09:31:58.225711Z
3066,"P003066",32,178.2000,"SKU-COP-003066",1389,214.9800,"Copper Product 03066",1895,"raw_material",378,"copper","EA","buy","Y",2026-09-20 09:31:58.225711Z
3067,"P003067",5,106.0500,"SKU-PAC-003067",945,142.0400,"Packaging Product 03067",2120,"raw_material",59,"packaging","EA","buy","Y",2026-09-20 09:31:58.225711Z
3068,"P003068",5,19.5800,"SKU-ALU-003068",235,28.3100,"Aluminium Product 03068",3289,"raw_material",407,"aluminium","KG","buy","Y",2026-09-20 09:31:58.225711Z
3069,"P003069",21,59.9700,"SKU-ELE-003069",1456,75.1900,"Electronic Components Product 03069",2709,"raw_material",799,"electronic_components","EA","buy","Y",2026-09-20 09:31:58.225711Z
3070,"P003070",10,233.5000,"SKU-STE-003070",1290,335.6300,"Steel Product 03070",625,"raw_material",428,"steel","KG","buy","Y",2026-09-20 09:31:58.225711Z
3071,"P003071",34,130.1200,"SKU-FAS-003071",624,186.0000,"Fasteners Product 03071",1416,"raw_material",496,"fasteners","EA","buy","Y",2026-09-20 09:31:58.225711Z
3072,"P003072",30,46.6900,"SKU-FAS-003072",730,55.3000,"Fasteners Product 03072",3330,"packaging",471,"fasteners","EA","buy","Y",2026-09-20 09:31:58.225711Z
3073,"P003073",25,86.1900,"SKU-ALU-003073",866,112.1200,"Aluminium Product 03073",1102,"packaging",109,"aluminium","KG","buy","Y",2026-09-20 09:31:58.225711Z
3074,"P003074",19,144.4700,"SKU-ALU-003074",199,164.6900,"Aluminium Product 03074",401,"raw_material",358,"aluminium","EA","buy","Y",2026-09-20 09:31:58.225711Z
3075,"P003075",14,19.7300,"SKU-FAS-003075",24,25.8500,"Fasteners Product 03075",3156,"raw_material",160,"fasteners","M","buy","Y",2026-09-20 09:31:58.225711Z
3076,"P003076",9,57.7200,"SKU-ALU-003076",447,77.8600,"Aluminium Product 03076",1466,"raw_material",105,"aluminium","EA","buy","Y",2026-09-20 09:31:58.225711Z
3077,"P003077",8,237.1100,"SKU-COP-003077",238,326.2700,"Copper Product 03077",2764,"raw_material",358,"copper","L","buy","Y",2026-09-20 09:31:58.225711Z
3078,"P003078",28,46.8700,"SKU-ELE-003078",67,64.4300,"Electronic Components Product 03078",1136,"raw_material",660,"electronic_components","EA","buy","Y",2026-09-20 09:31:58.225711Z
3079,"P003079",19,23.3400,"SKU-ELE-003079",345,29.1400,"Electronic Components Product 03079",586,"raw_material",696,"electronic_components","EA","buy","Y",2026-09-20 09:31:58.225711Z
3080,"P003080",10,50.4600,"SKU-ELE-003080",627,56.4800,"Electronic Components Product 03080",808,"raw_material",314,"electronic_components","EA","buy","Y",2026-09-20 09:31:58.225711Z
3081,"P003081",12,302.4200,"SKU-ELE-003081",708,428.5500,"Electronic Components Product 03081",1748,"packaging",427,"electronic_components","M","buy","Y",2026-09-20 09:31:58.225711Z
3082,"P003082",36,77.2500,"SKU-PLA-003082",211,106.7600,"Plastic Product 03082",1772,"raw_material",304,"plastic","EA","buy","Y",2026-09-20 09:31:58.225711Z
3083,"P003083",33,86.3100,"SKU-ELE-003083",834,96.4000,"Electronic Components Product 03083",2427,"raw_material",467,"electronic_components","EA","buy","Y",2026-09-20 09:31:58.225711Z
3084,"P003084",19,86.1700,"SKU-PLA-003084",351,108.0500,"Plastic Product 03084",1380,"raw_material",396,"plastic","L","buy","Y",2026-09-20 09:31:58.225711Z
3085,"P003085",19,43.5300,"SKU-STE-003085",467,59.3900,"Steel Product 03085",3270,"packaging",164,"steel","KG","buy","Y",2026-09-20 09:31:58.225711Z
3086,"P003086",15,153.6400,"SKU-ELE-003086",565,172.5200,"Electronic Components Product 03086",2781,"raw_material",549,"electronic_components","EA","buy","Y",2026-09-20 09:31:58.225711Z
3087,"P003087",33,95.8900,"SKU-PAC-003087",185,127.9300,"Packaging Product 03087",2504,"raw_material",757,"packaging","EA","buy","Y",2026-09-20 09:31:58.225711Z
3088,"P003088",31,42.6200,"SKU-STE-003088",217,54.6700,"Steel Product 03088",3371,"packaging",703,"steel","EA","buy","Y",2026-09-20 09:31:58.225711Z
3089,"P003089",9,76.9100,"SKU-STE-003089",151,99.9400,"Steel Product 03089",339,"raw_material",283,"steel","EA","buy","Y",2026-09-20 09:31:58.225711Z
3090,"P003090",36,34.8300,"SKU-ELE-003090",1346,38.3400,"Electronic Components Product 03090",2991,"raw_material",463,"electronic_components","EA","buy","Y",2026-09-20 09:31:58.225711Z
3091,"P003091",18,59.2100,"SKU-ELE-003091",820,76.5600,"Electronic Components Product 03091",1715,"raw_material",564,"electronic_components","EA","buy","Y",2026-09-20 09:31:58.225711Z
3092,"P003092",12,89.6700,"SKU-ALU-003092",702,99.2500,"Aluminium Product 03092",2390,"raw_material",213,"aluminium","EA","buy","Y",2026-09-20 09:31:58.225711Z
3093,"P003093",23,111.5400,"SKU-ELE-003093",150,152.5000,"Electronic Components Product 03093",496,"packaging",491,"electronic_components","EA","buy","Y",2026-09-20 09:31:58.225711Z
3094,"P003094",18,68.4500,"SKU-PAC-003094",1059,99.1900,"Packaging Product 03094",1186,"raw_material",175,"packaging","L","buy","Y",2026-09-20 09:31:58.225711Z
3095,"P003095",16,59.0100,"SKU-ELE-003095",1127,78.9200,"Electronic Components Product 03095",2337,"raw_material",707,"electronic_components","EA","buy","Y",2026-09-20 09:31:58.225711Z
3096,"P003096",10,320.4900,"SKU-ELE-003096",683,433.2700,"Electronic Components Product 03096",1000,"packaging",766,"electronic_components","EA","buy","Y",2026-09-20 09:31:58.225711Z
3097,"P003097",7,100.0100,"SKU-PLA-003097",1136,120.1200,"Plastic Product 03097",2506,"raw_material",59,"plastic","EA","buy","Y",2026-09-20 09:31:58.225711Z
3098,"P003098",25,35.1100,"SKU-FAS-003098",919,49.8000,"Fasteners Product 03098",158,"raw_material",647,"fasteners","KG","buy","Y",2026-09-20 09:31:58.225711Z
3099,"P003099",31,212.1100,"SKU-ALU-003099",80,285.6000,"Aluminium Product 03099",274,"raw_material",590,"aluminium","EA","buy","Y",2026-09-20 09:31:58.225711Z
3100,"P003100",25,163.1600,"SKU-PLA-003100",907,203.9000,"Plastic Product 03100",1303,"raw_material",421,"plastic","KG","buy","Y",2026-09-20 09:31:58.225711Z
3101,"P003101",22,15.5000,"SKU-STE-003101",801,20.3900,"Steel Product 03101",1554,"raw_material",214,"steel","M","buy","Y",2026-09-20 09:31:58.225711Z
3102,"P003102",18,103.0100,"SKU-PAC-003102",420,126.2300,"Packaging Product 03102",734,"raw_material",216,"packaging","EA","buy","Y",2026-09-20 09:31:58.225711Z
3103,"P003103",18,54.8900,"SKU-COP-003103",1408,75.9600,"Copper Product 03103",711,"raw_material",560,"copper","EA","buy","Y",2026-09-20 09:31:58.225711Z
3104,"P003104",8,28.3300,"SKU-STE-003104",1263,30.8800,"Steel Product 03104",3082,"raw_material",13,"steel","EA","buy","Y",2026-09-20 09:31:58.225711Z
3105,"P003105",17,96.1300,"SKU-ELE-003105",454,135.6400,"Electronic Components Product 03105",856,"raw_material",294,"electronic_components","EA","buy","Y",2026-09-20 09:31:58.225711Z
3106,"P003106",8,465.2200,"SKU-PAC-003106",1061,656.6400,"Packaging Product 03106",1487,"raw_material",771,"packaging","M","buy","Y",2026-09-20 09:31:58.225711Z
3107,"P003107",19,143.5900,"SKU-PAC-003107",44,190.8500,"Packaging Product 03107",1823,"raw_material",188,"packaging","EA","buy","Y",2026-09-20 09:31:58.225711Z
3108,"P003108",28,59.4700,"SKU-PLA-003108",799,78.2300,"Plastic Product 03108",1109,"raw_material",216,"plastic","EA","buy","Y",2026-09-20 09:31:58.225711Z
3109,"P003109",38,32.4000,"SKU-FAS-003109",256,37.5400,"Fasteners Product 03109",2985,"raw_material",633,"fasteners","EA","buy","Y",2026-09-20 09:31:58.225711Z
3110,"P003110",24,38.7200,"SKU-PLA-003110",779,46.6100,"Plastic Product 03110",1879,"raw_material",466,"plastic","KG","buy","Y",2026-09-20 09:31:58.225711Z
3111,"P003111",33,116.1000,"SKU-FAS-003111",247,167.0200,"Fasteners Product 03111",3213,"raw_material",425,"fasteners","EA","buy","Y",2026-09-20 09:31:58.225711Z
3112,"P003112",14,57.5000,"SKU-PAC-003112",106,73.4100,"Packaging Product 03112",501,"raw_material",284,"packaging","EA","buy","Y",2026-09-20 09:31:58.225711Z
3113,"P003113",23,66.8900,"SKU-ELE-003113",780,77.5900,"Electronic Components Product 03113",2454,"raw_material",134,"electronic_components","L","buy","Y",2026-09-20 09:31:58.225711Z
3114,"P003114",26,53.3400,"SKU-ALU-003114",589,59.6400,"Aluminium Product 03114",344,"raw_material",565,"aluminium","EA","buy","Y",2026-09-20 09:31:58.225711Z
3115,"P003115",27,56.7300,"SKU-PLA-003115",282,75.3800,"Plastic Product 03115",847,"raw_material",418,"plastic","EA","buy","Y",2026-09-20 09:31:58.225711Z
3116,"P003116",35,126.3200,"SKU-PLA-003116",127,180.5300,"Plastic Product 03116",614,"raw_material",648,"plastic","EA","buy","Y",2026-09-20 09:31:58.225711Z
3117,"P003117",15,135.6900,"SKU-FAS-003117",1328,171.6100,"Fasteners Product 03117",136,"packaging",336,"fasteners","M","buy","Y",2026-09-20 09:31:58.225711Z
3118,"P003118",36,443.2400,"SKU-STE-003118",361,594.6700,"Steel Product 03118",362,"raw_material",224,"steel","KG","buy","Y",2026-09-20 09:31:58.225711Z
3119,"P003119",17,34.5700,"SKU-PLA-003119",315,47.6200,"Plastic Product 03119",1839,"packaging",536,"plastic","EA","buy","Y",2026-09-20 09:31:58.225711Z
3120,"P003120",27,95.4800,"SKU-ELE-003120",121,123.3800,"Electronic Components Product 03120",373,"raw_material",736,"electronic_components","EA","buy","Y",2026-09-20 09:31:58.225711Z
3121,"P003121",30,92.5300,"SKU-COP-003121",192,116.7400,"Copper Product 03121",3424,"raw_material",139,"copper","EA","buy","Y",2026-09-20 09:31:58.225711Z
3122,"P003122",14,100.7800,"SKU-ALU-003122",794,127.3900,"Aluminium Product 03122",2378,"raw_material",406,"aluminium","KG","buy","Y",2026-09-20 09:31:58.225711Z
3123,"P003123",24,69.3600,"SKU-PLA-003123",135,91.7700,"Plastic Product 03123",2150,"raw_material",536,"plastic","EA","buy","Y",2026-09-20 09:31:58.225711Z
3124,"P003124",27,46.1300,"SKU-PLA-003124",1212,66.3300,"Plastic Product 03124",2407,"raw_material",714,"plastic","EA","buy","Y",2026-09-20 09:31:58.225711Z
3125,"P003125",37,412.5400,"SKU-STE-003125",1205,509.1100,"Steel Product 03125",1110,"packaging",173,"steel","EA","buy","Y",2026-09-20 09:31:58.225711Z
3126,"P003126",36,114.9400,"SKU-ELE-003126",1033,125.4000,"Electronic Components Product 03126",2242,"raw_material",483,"electronic_components","KG","buy","Y",2026-09-20 09:31:58.225711Z
3127,"P003127",36,35.2500,"SKU-ELE-003127",376,41.3200,"Electronic Components Product 03127",2562,"raw_material",54,"electronic_components","EA","buy","Y",2026-09-20 09:31:58.225711Z
3128,"P003128",35,93.3200,"SKU-PLA-003128",50,123.5700,"Plastic Product 03128",1663,"raw_material",86,"plastic","L","buy","Y",2026-09-20 09:31:58.225711Z
3129,"P003129",21,54.4500,"SKU-STE-003129",1154,72.9700,"Steel Product 03129",3067,"raw_material",159,"steel","EA","buy","Y",2026-09-20 09:31:58.225711Z
3130,"P003130",31,64.1800,"SKU-STE-003130",1018,78.0600,"Steel Product 03130",878,"raw_material",743,"steel","EA","buy","Y",2026-09-20 09:31:58.225711Z
3131,"P003131",18,71.4800,"SKU-ELE-003131",48,87.5600,"Electronic Components Product 03131",109,"raw_material",178,"electronic_components","KG","buy","Y",2026-09-20 09:31:58.225711Z
3132,"P003132",36,40.5900,"SKU-STE-003132",207,55.7900,"Steel Product 03132",2395,"raw_material",197,"steel","EA","buy","Y",2026-09-20 09:31:58.225711Z
3133,"P003133",23,151.5800,"SKU-ELE-003133",1133,193.5700,"Electronic Components Product 03133",75,"raw_material",88,"electronic_components","KG","buy","Y",2026-09-20 09:31:58.225711Z
3134,"P003134",25,81.8900,"SKU-STE-003134",713,97.8000,"Steel Product 03134",2647,"raw_material",208,"steel","M","buy","Y",2026-09-20 09:31:58.225711Z
3135,"P003135",23,71.9200,"SKU-COP-003135",275,96.3800,"Copper Product 03135",2907,"raw_material",135,"copper","EA","buy","Y",2026-09-20 09:31:58.225711Z
3136,"P003136",6,80.9600,"SKU-STE-003136",679,109.1700,"Steel Product 03136",2362,"raw_material",764,"steel","EA","buy","Y",2026-09-20 09:31:58.225711Z
3137,"P003137",17,49.0500,"SKU-COP-003137",920,67.3300,"Copper Product 03137",3125,"raw_material",123,"copper","EA","buy","Y",2026-09-20 09:31:58.225711Z
3138,"P003138",33,101.9300,"SKU-FAS-003138",1081,113.6700,"Fasteners Product 03138",980,"raw_material",466,"fasteners","EA","buy","Y",2026-09-20 09:31:58.225711Z
3139,"P003139",7,78.4900,"SKU-PLA-003139",1078,101.8100,"Plastic Product 03139",870,"raw_material",672,"plastic","EA","buy","Y",2026-09-20 09:31:58.225711Z
3140,"P003140",32,31.4900,"SKU-PAC-003140",1451,35.2700,"Packaging Product 03140",1567,"raw_material",763,"packaging","L","buy","Y",2026-09-20 09:31:58.225711Z
3141,"P003141",38,50.4500,"SKU-PLA-003141",148,62.6800,"Plastic Product 03141",3317,"raw_material",412,"plastic","EA","buy","Y",2026-09-20 09:31:58.225711Z
3142,"P003142",8,76.1800,"SKU-PLA-003142",275,99.3100,"Plastic Product 03142",2789,"raw_material",343,"plastic","EA","buy","Y",2026-09-20 09:31:58.225711Z
3143,"P003143",27,80.8300,"SKU-STE-003143",337,88.5100,"Steel Product 03143",1341,"packaging",773,"steel","L","buy","Y",2026-09-20 09:31:58.225711Z
3144,"P003144",37,52.1500,"SKU-ELE-003144",1007,58.4400,"Electronic Components Product 03144",2760,"raw_material",594,"electronic_components","EA","buy","Y",2026-09-20 09:31:58.225711Z
3145,"P003145",26,37.6900,"SKU-ALU-003145",389,52.8800,"Aluminium Product 03145",2510,"raw_material",643,"aluminium","EA","buy","Y",2026-09-20 09:31:58.225711Z
3146,"P003146",6,96.2600,"SKU-ALU-003146",824,115.3500,"Aluminium Product 03146",1849,"raw_material",63,"aluminium","EA","buy","Y",2026-09-20 09:31:58.225711Z
3147,"P003147",21,98.4900,"SKU-COP-003147",332,134.9900,"Copper Product 03147",2743,"raw_material",165,"copper","EA","buy","Y",2026-09-20 09:31:58.225711Z
3148,"P003148",8,82.7300,"SKU-ALU-003148",1342,107.9900,"Aluminium Product 03148",893,"raw_material",683,"aluminium","EA","buy","Y",2026-09-20 09:31:58.225711Z
3149,"P003149",31,75.8000,"SKU-PLA-003149",838,94.9100,"Plastic Product 03149",1178,"raw_material",472,"plastic","EA","buy","Y",2026-09-20 09:31:58.225711Z
3150,"P003150",22,59.6500,"SKU-ALU-003150",258,77.5900,"Aluminium Product 03150",272,"packaging",287,"aluminium","EA","buy","Y",2026-09-20 09:31:58.225711Z
3151,"P003151",17,91.7900,"SKU-PAC-003151",905,128.3000,"Packaging Product 03151",2020,"raw_material",559,"packaging","EA","buy","Y",2026-09-20 09:31:58.225711Z
3152,"P003152",20,60.5500,"SKU-ELE-003152",173,67.1100,"Electronic Components Product 03152",2912,"raw_material",735,"electronic_components","EA","buy","Y",2026-09-20 09:31:58.225711Z
3153,"P003153",37,17.5500,"SKU-STE-003153",1116,21.0700,"Steel Product 03153",1809,"raw_material",126,"steel","EA","buy","Y",2026-09-20 09:31:58.225711Z
3154,"P003154",7,111.2700,"SKU-STE-003154",471,124.4500,"Steel Product 03154",2490,"raw_material",322,"steel","EA","buy","Y",2026-09-20 09:31:58.225711Z
3155,"P003155",16,103.5000,"SKU-STE-003155",1490,143.9600,"Steel Product 03155",3114,"packaging",715,"steel","KG","buy","Y",2026-09-20 09:31:58.225711Z
3156,"P003156",16,15.5000,"SKU-PLA-003156",1322,20.7000,"Plastic Product 03156",1155,"raw_material",596,"plastic","EA","buy","Y",2026-09-20 09:31:58.225711Z
3157,"P003157",22,234.0400,"SKU-ALU-003157",131,292.5700,"Aluminium Product 03157",900,"raw_material",468,"aluminium","EA","buy","Y",2026-09-20 09:31:58.225711Z
3158,"P003158",36,55.4800,"SKU-ALU-003158",559,70.7000,"Aluminium Product 03158",2915,"raw_material",495,"aluminium","EA","buy","Y",2026-09-20 09:31:58.225711Z
3159,"P003159",18,73.9000,"SKU-PLA-003159",1189,82.2100,"Plastic Product 03159",85,"raw_material",379,"plastic","L","buy","Y",2026-09-20 09:31:58.225711Z
3160,"P003160",4,41.0800,"SKU-PLA-003160",257,46.2400,"Plastic Product 03160",109,"raw_material",593,"plastic","EA","buy","Y",2026-09-20 09:31:58.225711Z
3161,"P003161",32,136.6600,"SKU-ELE-003161",1357,169.9900,"Electronic Components Product 03161",1915,"packaging",497,"electronic_components","EA","buy","Y",2026-09-20 09:31:58.225711Z
3162,"P003162",18,91.6800,"SKU-ELE-003162",829,125.5000,"Electronic Components Product 03162",1743,"packaging",233,"electronic_components","EA","buy","Y",2026-09-20 09:31:58.225711Z
3163,"P003163",27,13.6000,"SKU-STE-003163",664,14.7700,"Steel Product 03163",2228,"raw_material",722,"steel","L","buy","Y",2026-09-20 09:31:58.225711Z
3164,"P003164",15,22.6200,"SKU-COP-003164",1203,32.1200,"Copper Product 03164",3096,"raw_material",621,"copper","KG","buy","Y",2026-09-20 09:31:58.225711Z
3165,"P003165",30,134.0100,"SKU-ELE-003165",373,171.0400,"Electronic Components Product 03165",632,"raw_material",757,"electronic_components","KG","buy","Y",2026-09-20 09:31:58.225711Z
3166,"P003166",26,49.6400,"SKU-ELE-003166",20,56.2100,"Electronic Components Product 03166",1922,"raw_material",492,"electronic_components","EA","buy","Y",2026-09-20 09:31:58.225711Z
3167,"P003167",19,79.6000,"SKU-ALU-003167",741,104.3300,"Aluminium Product 03167",2387,"raw_material",450,"aluminium","KG","buy","Y",2026-09-20 09:31:58.225711Z
3168,"P003168",38,79.8100,"SKU-STE-003168",993,100.5900,"Steel Product 03168",497,"raw_material",279,"steel","EA","buy","Y",2026-09-20 09:31:58.225711Z
3169,"P003169",27,64.9700,"SKU-STE-003169",1423,74.9700,"Steel Product 03169",3046,"packaging",13,"steel","EA","buy","Y",2026-09-20 09:31:58.225711Z
3170,"P003170",12,332.5500,"SKU-PAC-003170",432,376.2200,"Packaging Product 03170",2902,"raw_material",353,"packaging","EA","buy","Y",2026-09-20 09:31:58.225711Z
3171,"P003171",34,90.9000,"SKU-PLA-003171",243,127.9600,"Plastic Product 03171",2452,"packaging",187,"plastic","KG","buy","Y",2026-09-20 09:31:58.225711Z
3172,"P003172",23,79.7400,"SKU-STE-003172",1200,102.2300,"Steel Product 03172",3437,"raw_material",363,"steel","EA","buy","Y",2026-09-20 09:31:58.225711Z
3173,"P003173",17,81.7700,"SKU-ELE-003173",276,114.4100,"Electronic Components Product 03173",3238,"packaging",524,"electronic_components","EA","buy","Y",2026-09-20 09:31:58.225711Z
3174,"P003174",22,35.4500,"SKU-PLA-003174",1457,48.9800,"Plastic Product 03174",740,"raw_material",571,"plastic","EA","buy","Y",2026-09-20 09:31:58.225711Z
3175,"P003175",10,97.0400,"SKU-PLA-003175",170,132.0700,"Plastic Product 03175",2955,"packaging",106,"plastic","KG","buy","Y",2026-09-20 09:31:58.225711Z
3176,"P003176",29,29.3600,"SKU-STE-003176",1209,42.2600,"Steel Product 03176",1151,"raw_material",488,"steel","EA","buy","Y",2026-09-20 09:31:58.225711Z
3177,"P003177",22,37.3100,"SKU-ELE-003177",565,53.6700,"Electronic Components Product 03177",2530,"raw_material",795,"electronic_components","EA","buy","Y",2026-09-20 09:31:58.225711Z
3178,"P003178",9,260.2600,"SKU-COP-003178",1339,300.7500,"Copper Product 03178",1820,"raw_material",795,"copper","EA","buy","Y",2026-09-20 09:31:58.225711Z
3179,"P003179",38,112.9000,"SKU-ELE-003179",922,156.2900,"Electronic Components Product 03179",738,"raw_material",175,"electronic_components","EA","buy","Y",2026-09-20 09:31:58.225711Z
3180,"P003180",9,81.3000,"SKU-ELE-003180",938,117.6900,"Electronic Components Product 03180",743,"raw_material",444,"electronic_components","EA","buy","Y",2026-09-20 09:31:58.225711Z
3181,"P003181",28,89.1000,"SKU-STE-003181",1424,126.4400,"Steel Product 03181",1564,"raw_material",164,"steel","EA","buy","Y",2026-09-20 09:31:58.225711Z
3182,"P003182",18,62.3800,"SKU-ALU-003182",557,74.6900,"Aluminium Product 03182",2725,"raw_material",586,"aluminium","EA","buy","Y",2026-09-20 09:31:58.225711Z
3183,"P003183",33,90.2300,"SKU-ALU-003183",447,106.8600,"Aluminium Product 03183",1335,"raw_material",198,"aluminium","M","buy","Y",2026-09-20 09:31:58.225711Z
3184,"P003184",4,35.9700,"SKU-STE-003184",70,51.1300,"Steel Product 03184",185,"raw_material",265,"steel","EA","buy","Y",2026-09-20 09:31:58.225711Z
3185,"P003185",33,96.8200,"SKU-STE-003185",370,121.9900,"Steel Product 03185",362,"raw_material",383,"steel","EA","buy","Y",2026-09-20 09:31:58.225711Z
3186,"P003186",14,94.9000,"SKU-PLA-003186",67,115.4800,"Plastic Product 03186",1739,"raw_material",621,"plastic","EA","buy","Y",2026-09-20 09:31:58.225711Z
3187,"P003187",21,259.4100,"SKU-COP-003187",972,342.5800,"Copper Product 03187",158,"raw_material",167,"copper","EA","buy","Y",2026-09-20 09:31:58.225711Z
3188,"P003188",19,41.7800,"SKU-COP-003188",25,58.0200,"Copper Product 03188",508,"raw_material",659,"copper","L","buy","Y",2026-09-20 09:31:58.225711Z
3189,"P003189",8,68.4100,"SKU-PLA-003189",204,85.1900,"Plastic Product 03189",800,"raw_material",786,"plastic","EA","buy","Y",2026-09-20 09:31:58.225711Z
3190,"P003190",14,79.8500,"SKU-ALU-003190",1396,102.9700,"Aluminium Product 03190",2210,"raw_material",673,"aluminium","EA","buy","Y",2026-09-20 09:31:58.225711Z
3191,"P003191",25,69.4000,"SKU-FAS-003191",458,82.9600,"Fasteners Product 03191",2790,"raw_material",505,"fasteners","EA","buy","Y",2026-09-20 09:31:58.225711Z
3192,"P003192",33,196.1500,"SKU-FAS-003192",116,213.3500,"Fasteners Product 03192",2235,"raw_material",61,"fasteners","EA","buy","Y",2026-09-20 09:31:58.225711Z
3193,"P003193",9,37.9200,"SKU-COP-003193",622,43.9400,"Copper Product 03193",2977,"raw_material",290,"copper","EA","buy","Y",2026-09-20 09:31:58.225711Z
3194,"P003194",7,77.4900,"SKU-ELE-003194",945,112.1400,"Electronic Components Product 03194",1103,"packaging",34,"electronic_components","KG","buy","Y",2026-09-20 09:31:58.225711Z
3195,"P003195",11,64.7500,"SKU-PLA-003195",786,85.1000,"Plastic Product 03195",907,"raw_material",193,"plastic","EA","buy","Y",2026-09-20 09:31:58.225711Z
3196,"P003196",29,214.1300,"SKU-STE-003196",450,236.7900,"Steel Product 03196",2993,"raw_material",462,"steel","EA","buy","Y",2026-09-20 09:31:58.225711Z
3197,"P003197",17,25.3900,"SKU-ELE-003197",759,35.1400,"Electronic Components Product 03197",554,"raw_material",178,"electronic_components","KG","buy","Y",2026-09-20 09:31:58.225711Z
3198,"P003198",16,121.5500,"SKU-STE-003198",1347,142.7900,"Steel Product 03198",2905,"raw_material",793,"steel","M","buy","Y",2026-09-20 09:31:58.225711Z
3199,"P003199",7,83.4000,"SKU-FAS-003199",52,115.5000,"Fasteners Product 03199",370,"raw_material",767,"fasteners","EA","buy","Y",2026-09-20 09:31:58.225711Z
3200,"P003200",9,37.2400,"SKU-PLA-003200",495,46.7600,"Plastic Product 03200",3145,"packaging",374,"plastic","KG","buy","Y",2026-09-20 09:31:58.225711Z
