"supplier_key","supplier_id","supplier_code","supplier_name","supplier_type","city","state","country","payment_terms_days","on_time_baseline_pct","quality_baseline_pct","risk_tier","active_flag"
1,"SUP000001","SUP-000001","Surat Industrial Supply Co. 0001","approved","Surat","Gujarat","India",45,79.9300,97.3100,"C","Y"
2,"SUP000002","SUP-000002","Agra Industrial Supply Co. 0002","contract_manufacturer","Agra","Uttar Pradesh","India",30,99.8000,94.0000,"B","Y"
3,"SUP000003","SUP-000003","Vadodara Industrial Supply Co. 0003","spot","Vadodara","Gujarat","India",15,99.5700,96.3800,"B","Y"
4,"SUP000004","SUP-000004","Pune Industrial Supply Co. 0004","approved","Pune","Maharashtra","India",45,82.3000,99.9000,"B","Y"
5,"SUP000005","SUP-000005","Jaipur Industrial Supply Co. 0005","approved","Jaipur","Rajasthan","India",30,73.5100,96.8400,"C","Y"
6,"SUP000006","SUP-000006","Ahmedabad Industrial Supply Co. 0006","approved","Ahmedabad","Gujarat","India",30,93.4900,92.5000,"B","Y"
7,"SUP000007","SUP-000007","Nashik Industrial Supply Co. 0007","approved","Nashik","Maharashtra","India",30,93.9200,96.5900,"B","Y"
8,"SUP000008","SUP-000008","Noida Industrial Supply Co. 0008","contract_manufacturer","Noida","Uttar Pradesh","India",60,77.6500,98.5700,"C","Y"
9,"SUP000009","SUP-000009","Mangaluru Industrial Supply Co. 0009","approved","Mangaluru","Karnataka","India",30,94.4200,92.9500,"B","Y"
10,"SUP000010","SUP-000010","Mumbai Industrial Supply Co. 0010","strategic","Mumbai","Maharashtra","India",30,92.1200,98.9800,"A","Y"
11,"SUP000011","SUP-000011","Mysuru Industrial Supply Co. 0011","strategic","Mysuru","Karnataka","India",45,94.5600,96.2800,"B","Y"
12,"SUP000012","SUP-000012","Vijayawada Industrial Supply Co. 0012","approved","Vijayawada","Andhra Pradesh","India",30,69.3500,94.0900,"C","Y"
13,"SUP000013","SUP-000013","Mumbai Industrial Supply Co. 0013","approved","Mumbai","Maharashtra","India",30,77.5500,99.9000,"C","Y"
14,"SUP000014","SUP-000014","Jaipur Industrial Supply Co. 0014","strategic","Jaipur","Rajasthan","India",30,87.3200,93.3900,"B","Y"
15,"SUP000015","SUP-000015","Mysuru Industrial Supply Co. 0015","approved","Mysuru","Karnataka","India",45,94.4900,97.8100,"A","Y"
16,"SUP000016","SUP-000016","Jaipur Industrial Supply Co. 0016","approved","Jaipur","Rajasthan","India",45,93.5500,96.2200,"B","Y"
17,"SUP000017","SUP-000017","Surat Industrial Supply Co. 0017","approved","Surat","Gujarat","India",45,65.2300,97.4500,"C","Y"
18,"SUP000018","SUP-000018","Surat Industrial Supply Co. 0018","strategic","Surat","Gujarat","India",45,77.3400,93.6300,"C","Y"
19,"SUP000019","SUP-000019","Mumbai Industrial Supply Co. 0019","approved","Mumbai","Maharashtra","India",30,88.3300,99.3800,"B","Y"
20,"SUP000020","SUP-000020","Kolkata Industrial Supply Co. 0020","approved","Kolkata","West Bengal","India",30,94.3500,95.6000,"B","Y"
21,"SUP000021","SUP-000021","Mangaluru Industrial Supply Co. 0021","approved","Mangaluru","Karnataka","India",60,77.7800,97.4100,"C","Y"
22,"SUP000022","SUP-000022","Hyderabad Industrial Supply Co. 0022","approved","Hyderabad","Telangana","India",60,91.9000,96.7400,"B","Y"
23,"SUP000023","SUP-000023","Indore Industrial Supply Co. 0023","approved","Indore","Madhya Pradesh","India",45,74.0500,93.8700,"C","Y"
24,"SUP000024","SUP-000024","Ahmedabad Industrial Supply Co. 0024","strategic","Ahmedabad","Gujarat","India",30,88.3700,97.3500,"B","Y"
25,"SUP000025","SUP-000025","Chandigarh Industrial Supply Co. 0025","approved","Chandigarh","Chandigarh","India",30,79.5400,97.3100,"C","Y"
26,"SUP000026","SUP-000026","Chandigarh Industrial Supply Co. 0026","contract_manufacturer","Chandigarh","Chandigarh","India",45,89.6700,99.9000,"B","Y"
27,"SUP000027","SUP-000027","Mangaluru Industrial Supply Co. 0027","approved","Mangaluru","Karnataka","India",30,92.6700,93.7500,"B","Y"
28,"SUP000028","SUP-000028","Ahmedabad Industrial Supply Co. 0028","approved","Ahmedabad","Gujarat","India",45,96.5400,98.6100,"A","Y"
29,"SUP000029","SUP-000029","Bhubaneswar Industrial Supply Co. 0029","strategic","Bhubaneswar","Odisha","India",30,90.2500,94.7600,"B","Y"
30,"SUP000030","SUP-000030","Mysuru Industrial Supply Co. 0030","contract_manufacturer","Mysuru","Karnataka","India",30,68.6600,99.1900,"C","Y"
31,"SUP000031","SUP-000031","Jaipur Industrial Supply Co. 0031","contract_manufacturer","Jaipur","Rajasthan","India",45,78.2100,92.4200,"C","Y"
32,"SUP000032","SUP-000032","Jaipur Industrial Supply Co. 0032","approved","Jaipur","Rajasthan","India",30,86.7600,95.6100,"B","Y"
33,"SUP000033","SUP-000033","Bhubaneswar Industrial Supply Co. 0033","strategic","Bhubaneswar","Odisha","India",60,80.8500,97.2500,"B","Y"
34,"SUP000034","SUP-000034","Mumbai Industrial Supply Co. 0034","approved","Mumbai","Maharashtra","India",30,75.5100,99.4100,"C","Y"
35,"SUP000035","SUP-000035","Noida Industrial Supply Co. 0035","approved","Noida","Uttar Pradesh","India",45,99.8000,99.7100,"A","Y"
36,"SUP000036","SUP-000036","Noida Industrial Supply Co. 0036","contract_manufacturer","Noida","Uttar Pradesh","India",30,78.4700,93.0100,"C","Y"
37,"SUP000037","SUP-000037","Nashik Industrial Supply Co. 0037","contract_manufacturer","Nashik","Maharashtra","India",45,86.4200,94.1000,"B","Y"
38,"SUP000038","SUP-000038","Warangal Industrial Supply Co. 0038","contract_manufacturer","Warangal","Telangana","India",15,75.2600,96.2500,"C","Y"
39,"SUP000039","SUP-000039","Ahmedabad Industrial Supply Co. 0039","approved","Ahmedabad","Gujarat","India",30,80.4700,94.9500,"B","Y"
40,"SUP000040","SUP-000040","Ranchi Industrial Supply Co. 0040","approved","Ranchi","Jharkhand","India",30,92.4600,96.5800,"B","Y"
41,"SUP000041","SUP-000041","Lucknow Industrial Supply Co. 0041","approved","Lucknow","Uttar Pradesh","India",45,98.1100,99.9000,"A","Y"
42,"SUP000042","SUP-000042","Bengaluru Industrial Supply Co. 0042","approved","Bengaluru","Karnataka","India",30,79.5700,99.9000,"C","Y"
43,"SUP000043","SUP-000043","Jaipur Industrial Supply Co. 0043","approved","Jaipur","Rajasthan","India",30,77.4700,99.9000,"C","Y"
44,"SUP000044","SUP-000044","Nashik Industrial Supply Co. 0044","approved","Nashik","Maharashtra","India",30,81.5600,95.4500,"B","Y"
45,"SUP000045","SUP-000045","Lucknow Industrial Supply Co. 0045","approved","Lucknow","Uttar Pradesh","India",30,93.8000,96.1300,"B","Y"
46,"SUP000046","SUP-000046","Noida Industrial Supply Co. 0046","approved","Noida","Uttar Pradesh","India",30,82.2500,98.9700,"B","Y"
47,"SUP000047","SUP-000047","Ahmedabad Industrial Supply Co. 0047","approved","Ahmedabad","Gujarat","India",30,85.0500,88.6600,"C","Y"
48,"SUP000048","SUP-000048","Nashik Industrial Supply Co. 0048","contract_manufacturer","Nashik","Maharashtra","India",45,99.8000,95.8000,"B","Y"
49,"SUP000049","SUP-000049","Warangal Industrial Supply Co. 0049","strategic","Warangal","Telangana","India",45,89.6600,91.7400,"B","Y"
50,"SUP000050","SUP-000050","Mangaluru Industrial Supply Co. 0050","approved","Mangaluru","Karnataka","India",30,84.2200,94.8900,"B","Y"
51,"SUP000051","SUP-000051","Nashik Industrial Supply Co. 0051","contract_manufacturer","Nashik","Maharashtra","India",45,87.8900,96.2800,"B","Y"
52,"SUP000052","SUP-000052","Agra Industrial Supply Co. 0052","spot","Agra","Uttar Pradesh","India",30,86.5600,93.4900,"B","Y"
53,"SUP000053","SUP-000053","Nagpur Industrial Supply Co. 0053","approved","Nagpur","Maharashtra","India",30,94.5400,98.7400,"A","Y"
54,"SUP000054","SUP-000054","Agra Industrial Supply Co. 0054","contract_manufacturer","Agra","Uttar Pradesh","India",30,94.9900,93.6000,"B","Y"
55,"SUP000055","SUP-000055","Lucknow Industrial Supply Co. 0055","strategic","Lucknow","Uttar Pradesh","India",30,92.2800,97.1800,"A","Y"
56,"SUP000056","SUP-000056","Bhubaneswar Industrial Supply Co. 0056","approved","Bhubaneswar","Odisha","India",45,83.7400,92.1000,"B","Y"
57,"SUP000057","SUP-000057","Ahmedabad Industrial Supply Co. 0057","contract_manufacturer","Ahmedabad","Gujarat","India",30,82.6500,94.3700,"B","Y"
58,"SUP000058","SUP-000058","Indore Industrial Supply Co. 0058","strategic","Indore","Madhya Pradesh","India",30,96.8700,97.3700,"A","Y"
59,"SUP000059","SUP-000059","Ranchi Industrial Supply Co. 0059","approved","Ranchi","Jharkhand","India",60,87.8600,99.9000,"B","Y"
60,"SUP000060","SUP-000060","Ahmedabad Industrial Supply Co. 0060","approved","Ahmedabad","Gujarat","India",30,91.8300,93.7600,"B","Y"
61,"SUP000061","SUP-000061","Nagpur Industrial Supply Co. 0061","approved","Nagpur","Maharashtra","India",45,83.4400,91.1000,"B","Y"
62,"SUP000062","SUP-000062","Mumbai Industrial Supply Co. 0062","spot","Mumbai","Maharashtra","India",45,79.3900,96.8300,"C","Y"
63,"SUP000063","SUP-000063","Noida Industrial Supply Co. 0063","strategic","Noida","Uttar Pradesh","India",45,86.1000,94.8600,"B","Y"
64,"SUP000064","SUP-000064","Vijayawada Industrial Supply Co. 0064","approved","Vijayawada","Andhra Pradesh","India",30,90.8100,96.0900,"B","Y"
65,"SUP000065","SUP-000065","Kolkata Industrial Supply Co. 0065","spot","Kolkata","West Bengal","India",45,74.0800,94.9700,"C","Y"
66,"SUP000066","SUP-000066","Nagpur Industrial Supply Co. 0066","approved","Nagpur","Maharashtra","India",45,85.7600,97.9100,"B","Y"
67,"SUP000067","SUP-000067","Bhubaneswar Industrial Supply Co. 0067","spot","Bhubaneswar","Odisha","India",15,84.4700,97.4100,"B","Y"
68,"SUP000068","SUP-000068","Jaipur Industrial Supply Co. 0068","contract_manufacturer","Jaipur","Rajasthan","India",30,79.2100,94.5800,"C","Y"
69,"SUP000069","SUP-000069","Nashik Industrial Supply Co. 0069","approved","Nashik","Maharashtra","India",60,78.9200,96.3100,"C","Y"
70,"SUP000070","SUP-000070","Warangal Industrial Supply Co. 0070","contract_manufacturer","Warangal","Telangana","India",60,87.4100,92.7400,"B","Y"
71,"SUP000071","SUP-000071","Warangal Industrial Supply Co. 0071","approved","Warangal","Telangana","India",45,82.0400,90.2800,"C","Y"
72,"SUP000072","SUP-000072","Indore Industrial Supply Co. 0072","approved","Indore","Madhya Pradesh","India",30,83.8200,98.2900,"B","Y"
73,"SUP000073","SUP-000073","Agra Industrial Supply Co. 0073","spot","Agra","Uttar Pradesh","India",15,83.2600,96.4200,"B","Y"
74,"SUP000074","SUP-000074","Nashik Industrial Supply Co. 0074","approved","Nashik","Maharashtra","India",45,99.7100,94.5400,"B","Y"
75,"SUP000075","SUP-000075","Kolkata Industrial Supply Co. 0075","spot","Kolkata","West Bengal","India",30,89.0100,97.2100,"B","Y"
76,"SUP000076","SUP-000076","Noida Industrial Supply Co. 0076","contract_manufacturer","Noida","Uttar Pradesh","India",30,92.8600,97.2000,"A","Y"
77,"SUP000077","SUP-000077","Ahmedabad Industrial Supply Co. 0077","approved","Ahmedabad","Gujarat","India",30,80.7400,96.9300,"B","Y"
78,"SUP000078","SUP-000078","Chandigarh Industrial Supply Co. 0078","strategic","Chandigarh","Chandigarh","India",45,98.4200,97.5700,"A","Y"
79,"SUP000079","SUP-000079","Kolkata Industrial Supply Co. 0079","approved","Kolkata","West Bengal","India",30,99.8000,94.1100,"B","Y"
80,"SUP000080","SUP-000080","Vadodara Industrial Supply Co. 0080","strategic","Vadodara","Gujarat","India",45,92.3900,93.8700,"B","Y"
81,"SUP000081","SUP-000081","Bhopal Industrial Supply Co. 0081","approved","Bhopal","Madhya Pradesh","India",30,89.0600,89.2600,"C","Y"
82,"SUP000082","SUP-000082","Pune Industrial Supply Co. 0082","approved","Pune","Maharashtra","India",45,99.8000,92.6100,"B","Y"
83,"SUP000083","SUP-000083","Nashik Industrial Supply Co. 0083","approved","Nashik","Maharashtra","India",30,92.9900,97.6700,"A","Y"
84,"SUP000084","SUP-000084","Mumbai Industrial Supply Co. 0084","contract_manufacturer","Mumbai","Maharashtra","India",30,80.8800,94.4800,"B","Y"
85,"SUP000085","SUP-000085","Mangaluru Industrial Supply Co. 0085","spot","Mangaluru","Karnataka","India",60,86.3500,94.8300,"B","Y"
86,"SUP000086","SUP-000086","Kolkata Industrial Supply Co. 0086","approved","Kolkata","West Bengal","India",45,80.0000,91.6600,"B","Y"
87,"SUP000087","SUP-000087","Mumbai Industrial Supply Co. 0087","approved","Mumbai","Maharashtra","India",30,92.8300,92.5200,"B","Y"
88,"SUP000088","SUP-000088","Warangal Industrial Supply Co. 0088","approved","Warangal","Telangana","India",45,83.2400,98.7800,"B","Y"
89,"SUP000089","SUP-000089","Jaipur Industrial Supply Co. 0089","approved","Jaipur","Rajasthan","India",45,84.5900,90.5800,"C","Y"
90,"SUP000090","SUP-000090","Lucknow Industrial Supply Co. 0090","approved","Lucknow","Uttar Pradesh","India",60,86.3900,97.4600,"B","Y"
91,"SUP000091","SUP-000091","Nagpur Industrial Supply Co. 0091","approved","Nagpur","Maharashtra","India",30,75.8000,90.9200,"C","Y"
92,"SUP000092","SUP-000092","Surat Industrial Supply Co. 0092","approved","Surat","Gujarat","India",30,83.6000,96.5300,"B","Y"
93,"SUP000093","SUP-000093","Chandigarh Industrial Supply Co. 0093","approved","Chandigarh","Chandigarh","India",60,88.0500,99.9000,"B","Y"
94,"SUP000094","SUP-000094","Kolkata Industrial Supply Co. 0094","approved","Kolkata","West Bengal","India",30,87.6100,92.1600,"B","Y"
95,"SUP000095","SUP-000095","Pune Industrial Supply Co. 0095","contract_manufacturer","Pune","Maharashtra","India",30,88.2300,97.8100,"B","Y"
96,"SUP000096","SUP-000096","Surat Industrial Supply Co. 0096","approved","Surat","Gujarat","India",45,97.6800,99.9000,"A","Y"
97,"SUP000097","SUP-000097","Lucknow Industrial Supply Co. 0097","approved","Lucknow","Uttar Pradesh","India",30,74.8000,99.0300,"C","Y"
98,"SUP000098","SUP-000098","Mangaluru Industrial Supply Co. 0098","contract_manufacturer","Mangaluru","Karnataka","India",45,90.2400,99.7600,"B","Y"
99,"SUP000099","SUP-000099","Hyderabad Industrial Supply Co. 0099","strategic","Hyderabad","Telangana","India",60,84.8000,99.9000,"B","Y"
100,"SUP000100","SUP-000100","Mangaluru Industrial Supply Co. 0100","approved","Mangaluru","Karnataka","India",60,89.7200,94.2000,"B","Y"
101,"SUP000101","SUP-000101","Indore Industrial Supply Co. 0101","approved","Indore","Madhya Pradesh","India",45,93.1700,97.5300,"A","Y"
102,"SUP000102","SUP-000102","Kolkata Industrial Supply Co. 0102","approved","Kolkata","West Bengal","India",60,89.8900,99.9000,"B","Y"
103,"SUP000103","SUP-000103","Chandigarh Industrial Supply Co. 0103","approved","Chandigarh","Chandigarh","India",45,72.1200,96.2900,"C","Y"
104,"SUP000104","SUP-000104","Bhubaneswar Industrial Supply Co. 0104","approved","Bhubaneswar","Odisha","India",30,81.2800,99.9000,"B","Y"
105,"SUP000105","SUP-000105","Mangaluru Industrial Supply Co. 0105","strategic","Mangaluru","Karnataka","India",30,92.2600,99.5900,"A","Y"
106,"SUP000106","SUP-000106","Mumbai Industrial Supply Co. 0106","strategic","Mumbai","Maharashtra","India",30,83.3000,99.9000,"B","Y"
107,"SUP000107","SUP-000107","Vijayawada Industrial Supply Co. 0107","strategic","Vijayawada","Andhra Pradesh","India",15,83.5000,94.4300,"B","Y"
108,"SUP000108","SUP-000108","Nashik Industrial Supply Co. 0108","approved","Nashik","Maharashtra","India",15,90.5200,99.5800,"B","Y"
109,"SUP000109","SUP-000109","Noida Industrial Supply Co. 0109","approved","Noida","Uttar Pradesh","India",30,65.0200,89.9500,"C","Y"
110,"SUP000110","SUP-000110","Delhi Industrial Supply Co. 0110","approved","Delhi","Delhi","India",60,93.7300,92.3900,"B","Y"
111,"SUP000111","SUP-000111","Nashik Industrial Supply Co. 0111","strategic","Nashik","Maharashtra","India",60,79.1300,97.3100,"C","Y"
112,"SUP000112","SUP-000112","Jaipur Industrial Supply Co. 0112","approved","Jaipur","Rajasthan","India",60,91.0300,91.8700,"B","Y"
113,"SUP000113","SUP-000113","Kolkata Industrial Supply Co. 0113","spot","Kolkata","West Bengal","India",15,81.5100,90.3100,"C","Y"
114,"SUP000114","SUP-000114","Indore Industrial Supply Co. 0114","spot","Indore","Madhya Pradesh","India",30,98.1000,96.4800,"B","Y"
115,"SUP000115","SUP-000115","Nagpur Industrial Supply Co. 0115","contract_manufacturer","Nagpur","Maharashtra","India",60,83.4000,96.7800,"B","Y"
116,"SUP000116","SUP-000116","Ahmedabad Industrial Supply Co. 0116","approved","Ahmedabad","Gujarat","India",45,91.8800,94.7500,"B","Y"
117,"SUP000117","SUP-000117","Indore Industrial Supply Co. 0117","contract_manufacturer","Indore","Madhya Pradesh","India",45,83.4600,97.5400,"B","Y"
118,"SUP000118","SUP-000118","Bengaluru Industrial Supply Co. 0118","spot","Bengaluru","Karnataka","India",60,82.3500,94.8500,"B","Y"
119,"SUP000119","SUP-000119","Vijayawada Industrial Supply Co. 0119","strategic","Vijayawada","Andhra Pradesh","India",30,94.6900,95.8400,"B","Y"
120,"SUP000120","SUP-000120","Bhubaneswar Industrial Supply Co. 0120","approved","Bhubaneswar","Odisha","India",30,73.1600,99.9000,"C","Y"
121,"SUP000121","SUP-000121","Warangal Industrial Supply Co. 0121","approved","Warangal","Telangana","India",60,83.7200,98.7300,"B","Y"
122,"SUP000122","SUP-000122","Chandigarh Industrial Supply Co. 0122","contract_manufacturer","Chandigarh","Chandigarh","India",30,89.5300,90.2900,"C","Y"
123,"SUP000123","SUP-000123","Indore Industrial Supply Co. 0123","approved","Indore","Madhya Pradesh","India",30,91.6500,99.9000,"B","Y"
124,"SUP000124","SUP-000124","Bengaluru Industrial Supply Co. 0124","approved","Bengaluru","Karnataka","India",30,83.5400,99.9000,"B","Y"
125,"SUP000125","SUP-000125","Bhopal Industrial Supply Co. 0125","approved","Bhopal","Madhya Pradesh","India",30,93.6100,93.0500,"B","Y"
126,"SUP000126","SUP-000126","Kolkata Industrial Supply Co. 0126","contract_manufacturer","Kolkata","West Bengal","India",45,83.6900,94.1400,"B","Y"
127,"SUP000127","SUP-000127","Vadodara Industrial Supply Co. 0127","approved","Vadodara","Gujarat","India",30,72.1200,92.6100,"C","Y"
128,"SUP000128","SUP-000128","Delhi Industrial Supply Co. 0128","approved","Delhi","Delhi","India",45,93.9900,97.3400,"A","Y"
129,"SUP000129","SUP-000129","Chandigarh Industrial Supply Co. 0129","approved","Chandigarh","Chandigarh","India",30,83.4700,97.6700,"B","Y"
130,"SUP000130","SUP-000130","Agra Industrial Supply Co. 0130","approved","Agra","Uttar Pradesh","India",30,99.8000,95.3300,"B","Y"
131,"SUP000131","SUP-000131","Ahmedabad Industrial Supply Co. 0131","approved","Ahmedabad","Gujarat","India",30,96.5900,95.7600,"B","Y"
132,"SUP000132","SUP-000132","Bhopal Industrial Supply Co. 0132","strategic","Bhopal","Madhya Pradesh","India",45,94.1800,95.1000,"B","Y"
133,"SUP000133","SUP-000133","Bhubaneswar Industrial Supply Co. 0133","approved","Bhubaneswar","Odisha","India",60,84.3300,99.9000,"B","Y"
134,"SUP000134","SUP-000134","Hyderabad Industrial Supply Co. 0134","strategic","Hyderabad","Telangana","India",45,82.7100,95.6400,"B","Y"
135,"SUP000135","SUP-000135","Surat Industrial Supply Co. 0135","spot","Surat","Gujarat","India",45,79.1800,94.8200,"C","Y"
136,"SUP000136","SUP-000136","Ranchi Industrial Supply Co. 0136","strategic","Ranchi","Jharkhand","India",30,69.1900,93.4800,"C","Y"
137,"SUP000137","SUP-000137","Delhi Industrial Supply Co. 0137","approved","Delhi","Delhi","India",30,81.3500,97.4600,"B","Y"
138,"SUP000138","SUP-000138","Surat Industrial Supply Co. 0138","strategic","Surat","Gujarat","India",15,85.6800,94.6300,"B","Y"
139,"SUP000139","SUP-000139","Agra Industrial Supply Co. 0139","approved","Agra","Uttar Pradesh","India",45,95.9400,97.1800,"A","Y"
140,"SUP000140","SUP-000140","Noida Industrial Supply Co. 0140","approved","Noida","Uttar Pradesh","India",60,75.2500,96.5000,"C","Y"
141,"SUP000141","SUP-000141","Hyderabad Industrial Supply Co. 0141","spot","Hyderabad","Telangana","India",60,84.5300,89.1400,"C","Y"
142,"SUP000142","SUP-000142","Mangaluru Industrial Supply Co. 0142","approved","Mangaluru","Karnataka","India",30,87.6000,96.7800,"B","Y"
143,"SUP000143","SUP-000143","Delhi Industrial Supply Co. 0143","spot","Delhi","Delhi","India",60,99.6200,94.4300,"B","Y"
144,"SUP000144","SUP-000144","Bhubaneswar Industrial Supply Co. 0144","strategic","Bhubaneswar","Odisha","India",60,96.0900,99.9000,"A","Y"
145,"SUP000145","SUP-000145","Nagpur Industrial Supply Co. 0145","approved","Nagpur","Maharashtra","India",45,96.5200,97.4000,"A","Y"
146,"SUP000146","SUP-000146","Noida Industrial Supply Co. 0146","approved","Noida","Uttar Pradesh","India",45,75.9300,91.4100,"C","Y"
147,"SUP000147","SUP-000147","Vadodara Industrial Supply Co. 0147","approved","Vadodara","Gujarat","India",30,84.6700,97.2600,"B","Y"
148,"SUP000148","SUP-000148","Hyderabad Industrial Supply Co. 0148","strategic","Hyderabad","Telangana","India",45,89.3800,96.1400,"B","Y"
149,"SUP000149","SUP-000149","Vijayawada Industrial Supply Co. 0149","approved","Vijayawada","Andhra Pradesh","India",45,90.7200,94.8000,"B","Y"
150,"SUP000150","SUP-000150","Chandigarh Industrial Supply Co. 0150","strategic","Chandigarh","Chandigarh","India",45,92.5400,95.5300,"B","Y"
151,"SUP000151","SUP-000151","Nagpur Industrial Supply Co. 0151","approved","Nagpur","Maharashtra","India",45,75.5200,91.9100,"C","Y"
152,"SUP000152","SUP-000152","Noida Industrial Supply Co. 0152","approved","Noida","Uttar Pradesh","India",60,92.3700,95.0900,"B","Y"
153,"SUP000153","SUP-000153","Lucknow Industrial Supply Co. 0153","approved","Lucknow","Uttar Pradesh","India",45,97.0000,94.1100,"B","Y"
154,"SUP000154","SUP-000154","Chandigarh Industrial Supply Co. 0154","approved","Chandigarh","Chandigarh","India",30,97.0300,95.5400,"B","Y"
155,"SUP000155","SUP-000155","Delhi Industrial Supply Co. 0155","spot","Delhi","Delhi","India",60,99.8000,92.9200,"B","Y"
156,"SUP000156","SUP-000156","Delhi Industrial Supply Co. 0156","strategic","Delhi","Delhi","India",45,83.1100,97.2100,"B","Y"
157,"SUP000157","SUP-000157","Pune Industrial Supply Co. 0157","approved","Pune","Maharashtra","India",45,89.5600,97.4100,"B","Y"
158,"SUP000158","SUP-000158","Vijayawada Industrial Supply Co. 0158","approved","Vijayawada","Andhra Pradesh","India",45,80.7000,99.9000,"B","Y"
159,"SUP000159","SUP-000159","Lucknow Industrial Supply Co. 0159","approved","Lucknow","Uttar Pradesh","India",30,97.0700,94.4800,"B","Y"
160,"SUP000160","SUP-000160","Mumbai Industrial Supply Co. 0160","spot","Mumbai","Maharashtra","India",30,70.7200,99.9000,"C","Y"
161,"SUP000161","SUP-000161","Vijayawada Industrial Supply Co. 0161","approved","Vijayawada","Andhra Pradesh","India",30,99.3700,95.7100,"B","Y"
162,"SUP000162","SUP-000162","Noida Industrial Supply Co. 0162","approved","Noida","Uttar Pradesh","India",15,67.1100,99.9000,"C","Y"
163,"SUP000163","SUP-000163","Lucknow Industrial Supply Co. 0163","approved","Lucknow","Uttar Pradesh","India",45,84.3000,94.9900,"B","Y"
164,"SUP000164","SUP-000164","Vadodara Industrial Supply Co. 0164","strategic","Vadodara","Gujarat","India",15,77.6700,94.0900,"C","Y"
165,"SUP000165","SUP-000165","Jaipur Industrial Supply Co. 0165","approved","Jaipur","Rajasthan","India",45,80.7600,97.5800,"B","Y"
166,"SUP000166","SUP-000166","Mysuru Industrial Supply Co. 0166","approved","Mysuru","Karnataka","India",60,79.5100,92.3300,"C","Y"
167,"SUP000167","SUP-000167","Mumbai Industrial Supply Co. 0167","spot","Mumbai","Maharashtra","India",30,82.8100,94.1900,"B","Y"
168,"SUP000168","SUP-000168","Kolkata Industrial Supply Co. 0168","approved","Kolkata","West Bengal","India",45,98.9100,99.9000,"A","Y"
169,"SUP000169","SUP-000169","Bhopal Industrial Supply Co. 0169","approved","Bhopal","Madhya Pradesh","India",30,79.2400,96.5800,"C","Y"
170,"SUP000170","SUP-000170","Mysuru Industrial Supply Co. 0170","approved","Mysuru","Karnataka","India",60,96.5700,95.5300,"B","Y"
171,"SUP000171","SUP-000171","Jaipur Industrial Supply Co. 0171","approved","Jaipur","Rajasthan","India",30,97.3800,91.0400,"B","Y"
172,"SUP000172","SUP-000172","Lucknow Industrial Supply Co. 0172","spot","Lucknow","Uttar Pradesh","India",30,79.4200,93.5800,"C","Y"
173,"SUP000173","SUP-000173","Ahmedabad Industrial Supply Co. 0173","strategic","Ahmedabad","Gujarat","India",15,83.6200,91.5300,"B","Y"
174,"SUP000174","SUP-000174","Vadodara Industrial Supply Co. 0174","approved","Vadodara","Gujarat","India",30,96.6000,95.9900,"B","Y"
175,"SUP000175","SUP-000175","Surat Industrial Supply Co. 0175","approved","Surat","Gujarat","India",30,77.3700,89.5200,"C","Y"
176,"SUP000176","SUP-000176","Nashik Industrial Supply Co. 0176","approved","Nashik","Maharashtra","India",15,86.3700,95.6300,"B","Y"
177,"SUP000177","SUP-000177","Agra Industrial Supply Co. 0177","spot","Agra","Uttar Pradesh","India",15,88.6400,95.8800,"B","Y"
178,"SUP000178","SUP-000178","Bhopal Industrial Supply Co. 0178","strategic","Bhopal","Madhya Pradesh","India",60,83.4800,99.9000,"B","Y"
179,"SUP000179","SUP-000179","Mangaluru Industrial Supply Co. 0179","approved","Mangaluru","Karnataka","India",45,86.3800,95.2600,"B","Y"
180,"SUP000180","SUP-000180","Bengaluru Industrial Supply Co. 0180","strategic","Bengaluru","Karnataka","India",30,67.7600,97.8700,"C","Y"
181,"SUP000181","SUP-000181","Jaipur Industrial Supply Co. 0181","contract_manufacturer","Jaipur","Rajasthan","India",45,88.2700,99.9000,"B","Y"
182,"SUP000182","SUP-000182","Surat Industrial Supply Co. 0182","approved","Surat","Gujarat","India",45,79.8000,97.4800,"C","Y"
183,"SUP000183","SUP-000183","Nashik Industrial Supply Co. 0183","contract_manufacturer","Nashik","Maharashtra","India",30,89.9500,96.3800,"B","Y"
184,"SUP000184","SUP-000184","Warangal Industrial Supply Co. 0184","approved","Warangal","Telangana","India",45,91.1000,97.6900,"B","Y"
185,"SUP000185","SUP-000185","Jaipur Industrial Supply Co. 0185","approved","Jaipur","Rajasthan","India",45,72.8700,97.6500,"C","Y"
186,"SUP000186","SUP-000186","Ahmedabad Industrial Supply Co. 0186","approved","Ahmedabad","Gujarat","India",45,77.7800,93.4400,"C","Y"
187,"SUP000187","SUP-000187","Indore Industrial Supply Co. 0187","approved","Indore","Madhya Pradesh","India",60,86.3700,93.0700,"B","Y"
188,"SUP000188","SUP-000188","Mangaluru Industrial Supply Co. 0188","approved","Mangaluru","Karnataka","India",30,93.0300,95.8100,"B","Y"
189,"SUP000189","SUP-000189","Vijayawada Industrial Supply Co. 0189","spot","Vijayawada","Andhra Pradesh","India",30,95.8700,99.1700,"A","Y"
190,"SUP000190","SUP-000190","Agra Industrial Supply Co. 0190","spot","Agra","Uttar Pradesh","India",45,75.0700,98.4800,"C","Y"
191,"SUP000191","SUP-000191","Agra Industrial Supply Co. 0191","spot","Agra","Uttar Pradesh","India",30,84.9700,93.0400,"B","Y"
192,"SUP000192","SUP-000192","Mumbai Industrial Supply Co. 0192","contract_manufacturer","Mumbai","Maharashtra","India",45,70.0100,95.1300,"C","Y"
193,"SUP000193","SUP-000193","Bhubaneswar Industrial Supply Co. 0193","approved","Bhubaneswar","Odisha","India",45,97.8000,97.5800,"A","Y"
194,"SUP000194","SUP-000194","Kolkata Industrial Supply Co. 0194","strategic","Kolkata","West Bengal","India",45,92.4700,99.9000,"A","Y"
195,"SUP000195","SUP-000195","Agra Industrial Supply Co. 0195","approved","Agra","Uttar Pradesh","India",30,90.9600,99.9000,"B","Y"
196,"SUP000196","SUP-000196","Indore Industrial Supply Co. 0196","approved","Indore","Madhya Pradesh","India",30,93.1800,94.8400,"B","Y"
197,"SUP000197","SUP-000197","Nagpur Industrial Supply Co. 0197","approved","Nagpur","Maharashtra","India",30,85.9400,93.4600,"B","Y"
198,"SUP000198","SUP-000198","Ranchi Industrial Supply Co. 0198","strategic","Ranchi","Jharkhand","India",15,99.8000,98.9600,"A","Y"
199,"SUP000199","SUP-000199","Jaipur Industrial Supply Co. 0199","strategic","Jaipur","Rajasthan","India",15,82.6500,99.9000,"B","Y"
200,"SUP000200","SUP-000200","Jaipur Industrial Supply Co. 0200","contract_manufacturer","Jaipur","Rajasthan","India",60,88.3800,95.2300,"B","Y"
201,"SUP000201","SUP-000201","Kolkata Industrial Supply Co. 0201","spot","Kolkata","West Bengal","India",45,73.3000,99.9000,"C","Y"
202,"SUP000202","SUP-000202","Vijayawada Industrial Supply Co. 0202","strategic","Vijayawada","Andhra Pradesh","India",30,87.5200,97.5900,"B","Y"
203,"SUP000203","SUP-000203","Bhopal Industrial Supply Co. 0203","approved","Bhopal","Madhya Pradesh","India",30,86.8800,98.4000,"B","Y"
204,"SUP000204","SUP-000204","Jaipur Industrial Supply Co. 0204","approved","Jaipur","Rajasthan","India",45,84.3700,95.2200,"B","Y"
205,"SUP000205","SUP-000205","Mumbai Industrial Supply Co. 0205","approved","Mumbai","Maharashtra","India",30,96.3200,95.3500,"B","Y"
206,"SUP000206","SUP-000206","Surat Industrial Supply Co. 0206","approved","Surat","Gujarat","India",30,84.0300,92.5600,"B","Y"
207,"SUP000207","SUP-000207","Jaipur Industrial Supply Co. 0207","approved","Jaipur","Rajasthan","India",30,87.7100,97.3300,"B","Y"
208,"SUP000208","SUP-000208","Hyderabad Industrial Supply Co. 0208","approved","Hyderabad","Telangana","India",30,67.1400,98.0700,"C","Y"
209,"SUP000209","SUP-000209","Nashik Industrial Supply Co. 0209","approved","Nashik","Maharashtra","India",60,93.2400,99.9000,"A","Y"
210,"SUP000210","SUP-000210","Delhi Industrial Supply Co. 0210","contract_manufacturer","Delhi","Delhi","India",30,79.4100,97.9300,"C","Y"
211,"SUP000211","SUP-000211","Agra Industrial Supply Co. 0211","approved","Agra","Uttar Pradesh","India",30,83.8600,93.0800,"B","Y"
212,"SUP000212","SUP-000212","Lucknow Industrial Supply Co. 0212","strategic","Lucknow","Uttar Pradesh","India",30,80.9200,96.3500,"B","Y"
213,"SUP000213","SUP-000213","Ahmedabad Industrial Supply Co. 0213","approved","Ahmedabad","Gujarat","India",45,85.0400,99.9000,"B","Y"
214,"SUP000214","SUP-000214","Hyderabad Industrial Supply Co. 0214","strategic","Hyderabad","Telangana","India",30,80.1700,91.6600,"B","Y"
215,"SUP000215","SUP-000215","Mangaluru Industrial Supply Co. 0215","approved","Mangaluru","Karnataka","India",60,72.5600,98.7700,"C","Y"
216,"SUP000216","SUP-000216","Surat Industrial Supply Co. 0216","approved","Surat","Gujarat","India",30,86.1100,89.7000,"C","Y"
217,"SUP000217","SUP-000217","Nagpur Industrial Supply Co. 0217","strategic","Nagpur","Maharashtra","India",45,99.8000,98.8000,"A","Y"
218,"SUP000218","SUP-000218","Ahmedabad Industrial Supply Co. 0218","approved","Ahmedabad","Gujarat","India",45,71.0700,99.9000,"C","Y"
219,"SUP000219","SUP-000219","Chandigarh Industrial Supply Co. 0219","approved","Chandigarh","Chandigarh","India",45,84.4700,95.3600,"B","Y"
220,"SUP000220","SUP-000220","Bhopal Industrial Supply Co. 0220","approved","Bhopal","Madhya Pradesh","India",30,79.8400,98.2300,"C","Y"
221,"SUP000221","SUP-000221","Nashik Industrial Supply Co. 0221","contract_manufacturer","Nashik","Maharashtra","India",30,87.2100,96.7400,"B","Y"
222,"SUP000222","SUP-000222","Chandigarh Industrial Supply Co. 0222","approved","Chandigarh","Chandigarh","India",45,81.7400,97.6000,"B","Y"
223,"SUP000223","SUP-000223","Lucknow Industrial Supply Co. 0223","approved","Lucknow","Uttar Pradesh","India",30,92.1100,94.2600,"B","Y"
224,"SUP000224","SUP-000224","Mangaluru Industrial Supply Co. 0224","approved","Mangaluru","Karnataka","India",60,99.8000,99.9000,"A","Y"
225,"SUP000225","SUP-000225","Ranchi Industrial Supply Co. 0225","approved","Ranchi","Jharkhand","India",60,85.2800,96.9000,"B","Y"
226,"SUP000226","SUP-000226","Delhi Industrial Supply Co. 0226","spot","Delhi","Delhi","India",15,78.8600,95.7800,"C","Y"
227,"SUP000227","SUP-000227","Warangal Industrial Supply Co. 0227","approved","Warangal","Telangana","India",15,87.3100,96.5500,"B","Y"
228,"SUP000228","SUP-000228","Agra Industrial Supply Co. 0228","approved","Agra","Uttar Pradesh","India",60,76.6800,92.9100,"C","Y"
229,"SUP000229","SUP-000229","Bhubaneswar Industrial Supply Co. 0229","contract_manufacturer","Bhubaneswar","Odisha","India",30,90.0300,97.4900,"B","Y"
230,"SUP000230","SUP-000230","Nagpur Industrial Supply Co. 0230","approved","Nagpur","Maharashtra","India",45,92.5900,90.8600,"C","Y"
231,"SUP000231","SUP-000231","Kolkata Industrial Supply Co. 0231","approved","Kolkata","West Bengal","India",45,85.0900,90.3500,"C","Y"
232,"SUP000232","SUP-000232","Bengaluru Industrial Supply Co. 0232","strategic","Bengaluru","Karnataka","India",45,93.3700,99.4600,"A","Y"
233,"SUP000233","SUP-000233","Mysuru Industrial Supply Co. 0233","approved","Mysuru","Karnataka","India",30,94.5700,96.4200,"B","Y"
234,"SUP000234","SUP-000234","Mysuru Industrial Supply Co. 0234","approved","Mysuru","Karnataka","India",45,93.5600,89.2300,"C","Y"
235,"SUP000235","SUP-000235","Vadodara Industrial Supply Co. 0235","spot","Vadodara","Gujarat","India",45,78.9900,94.4500,"C","Y"
236,"SUP000236","SUP-000236","Lucknow Industrial Supply Co. 0236","strategic","Lucknow","Uttar Pradesh","India",30,99.8000,99.1200,"A","Y"
237,"SUP000237","SUP-000237","Vijayawada Industrial Supply Co. 0237","approved","Vijayawada","Andhra Pradesh","India",45,85.0400,91.7400,"B","Y"
238,"SUP000238","SUP-000238","Noida Industrial Supply Co. 0238","approved","Noida","Uttar Pradesh","India",30,89.8500,99.9000,"B","Y"
239,"SUP000239","SUP-000239","Bhubaneswar Industrial Supply Co. 0239","contract_manufacturer","Bhubaneswar","Odisha","India",45,94.4500,95.9600,"B","Y"
240,"SUP000240","SUP-000240","Pune Industrial Supply Co. 0240","approved","Pune","Maharashtra","India",30,65.9600,97.2600,"C","Y"
241,"SUP000241","SUP-000241","Nashik Industrial Supply Co. 0241","strategic","Nashik","Maharashtra","India",30,72.8400,94.7000,"C","Y"
242,"SUP000242","SUP-000242","Chandigarh Industrial Supply Co. 0242","strategic","Chandigarh","Chandigarh","India",30,91.2600,95.8300,"B","Y"
243,"SUP000243","SUP-000243","Agra Industrial Supply Co. 0243","spot","Agra","Uttar Pradesh","India",45,86.5600,94.7300,"B","Y"
244,"SUP000244","SUP-000244","Mysuru Industrial Supply Co. 0244","contract_manufacturer","Mysuru","Karnataka","India",30,95.3800,96.3000,"B","Y"
245,"SUP000245","SUP-000245","Warangal Industrial Supply Co. 0245","approved","Warangal","Telangana","India",45,93.3800,94.6600,"B","Y"
246,"SUP000246","SUP-000246","Hyderabad Industrial Supply Co. 0246","approved","Hyderabad","Telangana","India",30,73.7500,95.7700,"C","Y"
247,"SUP000247","SUP-000247","Chandigarh Industrial Supply Co. 0247","approved","Chandigarh","Chandigarh","India",30,99.8000,94.4800,"B","Y"
248,"SUP000248","SUP-000248","Lucknow Industrial Supply Co. 0248","approved","Lucknow","Uttar Pradesh","India",45,76.2300,93.7900,"C","Y"
249,"SUP000249","SUP-000249","Mysuru Industrial Supply Co. 0249","contract_manufacturer","Mysuru","Karnataka","India",45,82.8000,94.4000,"B","Y"
250,"SUP000250","SUP-000250","Ranchi Industrial Supply Co. 0250","spot","Ranchi","Jharkhand","India",60,85.4000,95.2100,"B","Y"
251,"SUP000251","SUP-000251","Ranchi Industrial Supply Co. 0251","contract_manufacturer","Ranchi","Jharkhand","India",45,88.9000,96.2800,"B","Y"
252,"SUP000252","SUP-000252","Ahmedabad Industrial Supply Co. 0252","strategic","Ahmedabad","Gujarat","India",45,81.1400,99.9000,"B","Y"
253,"SUP000253","SUP-000253","Pune Industrial Supply Co. 0253","contract_manufacturer","Pune","Maharashtra","India",60,99.8000,98.4900,"A","Y"
254,"SUP000254","SUP-000254","Pune Industrial Supply Co. 0254","strategic","Pune","Maharashtra","India",30,90.2100,95.7200,"B","Y"
255,"SUP000255","SUP-000255","Hyderabad Industrial Supply Co. 0255","approved","Hyderabad","Telangana","India",15,81.9400,97.6100,"B","Y"
256,"SUP000256","SUP-000256","Agra Industrial Supply Co. 0256","spot","Agra","Uttar Pradesh","India",15,87.7700,91.3900,"B","Y"
257,"SUP000257","SUP-000257","Vijayawada Industrial Supply Co. 0257","strategic","Vijayawada","Andhra Pradesh","India",45,77.6600,99.9000,"C","Y"
258,"SUP000258","SUP-000258","Ranchi Industrial Supply Co. 0258","approved","Ranchi","Jharkhand","India",30,92.7000,94.5500,"B","Y"
259,"SUP000259","SUP-000259","Bhubaneswar Industrial Supply Co. 0259","approved","Bhubaneswar","Odisha","India",30,74.7500,99.9000,"C","Y"
260,"SUP000260","SUP-000260","Bengaluru Industrial Supply Co. 0260","approved","Bengaluru","Karnataka","India",60,84.8400,94.7900,"B","Y"
261,"SUP000261","SUP-000261","Jaipur Industrial Supply Co. 0261","approved","Jaipur","Rajasthan","India",60,92.5700,96.3200,"B","Y"
262,"SUP000262","SUP-000262","Mumbai Industrial Supply Co. 0262","approved","Mumbai","Maharashtra","India",45,98.9200,91.8700,"B","Y"
263,"SUP000263","SUP-000263","Noida Industrial Supply Co. 0263","approved","Noida","Uttar Pradesh","India",45,77.8800,99.0400,"C","Y"
264,"SUP000264","SUP-000264","Bhubaneswar Industrial Supply Co. 0264","spot","Bhubaneswar","Odisha","India",45,81.6900,97.6100,"B","Y"
265,"SUP000265","SUP-000265","Agra Industrial Supply Co. 0265","strategic","Agra","Uttar Pradesh","India",30,85.5000,99.9000,"B","Y"
266,"SUP000266","SUP-000266","Nashik Industrial Supply Co. 0266","approved","Nashik","Maharashtra","India",30,86.5600,97.9000,"B","Y"
267,"SUP000267","SUP-000267","Pune Industrial Supply Co. 0267","approved","Pune","Maharashtra","India",60,72.6700,95.2900,"C","Y"
268,"SUP000268","SUP-000268","Nagpur Industrial Supply Co. 0268","approved","Nagpur","Maharashtra","India",30,92.7100,92.8000,"B","Y"
269,"SUP000269","SUP-000269","Indore Industrial Supply Co. 0269","contract_manufacturer","Indore","Madhya Pradesh","India",30,91.4300,96.2500,"B","Y"
270,"SUP000270","SUP-000270","Nagpur Industrial Supply Co. 0270","strategic","Nagpur","Maharashtra","India",30,68.3000,89.6600,"C","Y"
271,"SUP000271","SUP-000271","Ranchi Industrial Supply Co. 0271","approved","Ranchi","Jharkhand","India",30,99.0300,96.7600,"B","Y"
272,"SUP000272","SUP-000272","Pune Industrial Supply Co. 0272","strategic","Pune","Maharashtra","India",30,90.5700,91.6300,"B","Y"
273,"SUP000273","SUP-000273","Nagpur Industrial Supply Co. 0273","approved","Nagpur","Maharashtra","India",30,85.3400,93.8900,"B","Y"
274,"SUP000274","SUP-000274","Chandigarh Industrial Supply Co. 0274","approved","Chandigarh","Chandigarh","India",30,74.7600,93.5400,"C","Y"
275,"SUP000275","SUP-000275","Ranchi Industrial Supply Co. 0275","approved","Ranchi","Jharkhand","India",60,89.9000,98.5300,"B","Y"
276,"SUP000276","SUP-000276","Agra Industrial Supply Co. 0276","strategic","Agra","Uttar Pradesh","India",30,84.3800,95.4100,"B","Y"
277,"SUP000277","SUP-000277","Indore Industrial Supply Co. 0277","approved","Indore","Madhya Pradesh","India",45,87.0100,98.6600,"B","Y"
278,"SUP000278","SUP-000278","Hyderabad Industrial Supply Co. 0278","strategic","Hyderabad","Telangana","India",45,81.6800,96.7600,"B","Y"
279,"SUP000279","SUP-000279","Chandigarh Industrial Supply Co. 0279","contract_manufacturer","Chandigarh","Chandigarh","India",45,83.1300,97.7900,"B","Y"
280,"SUP000280","SUP-000280","Ranchi Industrial Supply Co. 0280","approved","Ranchi","Jharkhand","India",45,73.2500,98.5200,"C","Y"
281,"SUP000281","SUP-000281","Chandigarh Industrial Supply Co. 0281","approved","Chandigarh","Chandigarh","India",15,99.8000,96.1500,"B","Y"
282,"SUP000282","SUP-000282","Mumbai Industrial Supply Co. 0282","approved","Mumbai","Maharashtra","India",30,90.0300,96.6400,"B","Y"
283,"SUP000283","SUP-000283","Pune Industrial Supply Co. 0283","approved","Pune","Maharashtra","India",15,92.0500,94.1300,"B","Y"
284,"SUP000284","SUP-000284","Warangal Industrial Supply Co. 0284","contract_manufacturer","Warangal","Telangana","India",30,89.9100,94.9600,"B","Y"
285,"SUP000285","SUP-000285","Jaipur Industrial Supply Co. 0285","approved","Jaipur","Rajasthan","India",45,83.7700,95.9000,"B","Y"
286,"SUP000286","SUP-000286","Mysuru Industrial Supply Co. 0286","approved","Mysuru","Karnataka","India",30,81.7100,90.6400,"C","Y"
287,"SUP000287","SUP-000287","Hyderabad Industrial Supply Co. 0287","approved","Hyderabad","Telangana","India",30,93.7500,94.3500,"B","Y"
288,"SUP000288","SUP-000288","Agra Industrial Supply Co. 0288","approved","Agra","Uttar Pradesh","India",45,68.9900,92.1800,"C","Y"
289,"SUP000289","SUP-000289","Agra Industrial Supply Co. 0289","strategic","Agra","Uttar Pradesh","India",30,82.5900,99.9000,"B","Y"
290,"SUP000290","SUP-000290","Nashik Industrial Supply Co. 0290","approved","Nashik","Maharashtra","India",45,98.0100,96.1200,"B","Y"
291,"SUP000291","SUP-000291","Jaipur Industrial Supply Co. 0291","strategic","Jaipur","Rajasthan","India",45,99.8000,94.9600,"B","Y"
292,"SUP000292","SUP-000292","Lucknow Industrial Supply Co. 0292","contract_manufacturer","Lucknow","Uttar Pradesh","India",30,94.2400,98.1000,"A","Y"
293,"SUP000293","SUP-000293","Bhopal Industrial Supply Co. 0293","approved","Bhopal","Madhya Pradesh","India",45,99.8000,91.7000,"B","Y"
294,"SUP000294","SUP-000294","Nashik Industrial Supply Co. 0294","strategic","Nashik","Maharashtra","India",60,81.6300,93.7300,"B","Y"
295,"SUP000295","SUP-000295","Nagpur Industrial Supply Co. 0295","spot","Nagpur","Maharashtra","India",45,82.7300,96.9600,"B","Y"
296,"SUP000296","SUP-000296","Kolkata Industrial Supply Co. 0296","approved","Kolkata","West Bengal","India",45,91.8500,97.2500,"B","Y"
297,"SUP000297","SUP-000297","Ahmedabad Industrial Supply Co. 0297","strategic","Ahmedabad","Gujarat","India",30,90.7700,90.1400,"C","Y"
298,"SUP000298","SUP-000298","Vijayawada Industrial Supply Co. 0298","approved","Vijayawada","Andhra Pradesh","India",15,99.8000,93.8500,"B","Y"
299,"SUP000299","SUP-000299","Surat Industrial Supply Co. 0299","approved","Surat","Gujarat","India",30,83.6000,90.4000,"C","Y"
300,"SUP000300","SUP-000300","Lucknow Industrial Supply Co. 0300","approved","Lucknow","Uttar Pradesh","India",45,93.6200,94.3000,"B","Y"
301,"SUP000301","SUP-000301","Noida Industrial Supply Co. 0301","spot","Noida","Uttar Pradesh","India",30,77.2100,94.4200,"C","Y"
302,"SUP000302","SUP-000302","Vadodara Industrial Supply Co. 0302","approved","Vadodara","Gujarat","India",30,85.7800,94.2800,"B","Y"
303,"SUP000303","SUP-000303","Jaipur Industrial Supply Co. 0303","approved","Jaipur","Rajasthan","India",60,99.8000,99.9000,"A","Y"
304,"SUP000304","SUP-000304","Mangaluru Industrial Supply Co. 0304","contract_manufacturer","Mangaluru","Karnataka","India",45,70.9100,91.3700,"C","Y"
305,"SUP000305","SUP-000305","Vadodara Industrial Supply Co. 0305","spot","Vadodara","Gujarat","India",60,95.7100,91.9800,"B","Y"
306,"SUP000306","SUP-000306","Chandigarh Industrial Supply Co. 0306","approved","Chandigarh","Chandigarh","India",30,92.6100,97.5200,"A","Y"
307,"SUP000307","SUP-000307","Mumbai Industrial Supply Co. 0307","approved","Mumbai","Maharashtra","India",30,79.3600,94.2700,"C","Y"
308,"SUP000308","SUP-000308","Kolkata Industrial Supply Co. 0308","approved","Kolkata","West Bengal","India",60,99.8000,93.0900,"B","Y"
309,"SUP000309","SUP-000309","Warangal Industrial Supply Co. 0309","strategic","Warangal","Telangana","India",30,78.1800,96.5800,"C","Y"
310,"SUP000310","SUP-000310","Kolkata Industrial Supply Co. 0310","approved","Kolkata","West Bengal","India",60,99.8000,97.6000,"A","Y"
311,"SUP000311","SUP-000311","Indore Industrial Supply Co. 0311","approved","Indore","Madhya Pradesh","India",60,99.3200,95.7300,"B","Y"
312,"SUP000312","SUP-000312","Vadodara Industrial Supply Co. 0312","approved","Vadodara","Gujarat","India",30,99.8000,96.5400,"B","Y"
313,"SUP000313","SUP-000313","Ranchi Industrial Supply Co. 0313","spot","Ranchi","Jharkhand","India",60,86.6000,95.5400,"B","Y"
314,"SUP000314","SUP-000314","Kolkata Industrial Supply Co. 0314","approved","Kolkata","West Bengal","India",45,86.7600,93.7100,"B","Y"
315,"SUP000315","SUP-000315","Jaipur Industrial Supply Co. 0315","approved","Jaipur","Rajasthan","India",30,81.6300,98.7500,"B","Y"
316,"SUP000316","SUP-000316","Lucknow Industrial Supply Co. 0316","approved","Lucknow","Uttar Pradesh","India",30,92.4600,97.4600,"A","Y"
317,"SUP000317","SUP-000317","Nashik Industrial Supply Co. 0317","strategic","Nashik","Maharashtra","India",30,72.4300,97.2400,"C","Y"
318,"SUP000318","SUP-000318","Nagpur Industrial Supply Co. 0318","approved","Nagpur","Maharashtra","India",15,84.6800,99.7000,"B","Y"
319,"SUP000319","SUP-000319","Bhopal Industrial Supply Co. 0319","approved","Bhopal","Madhya Pradesh","India",45,93.7900,95.0400,"B","Y"
320,"SUP000320","SUP-000320","Delhi Industrial Supply Co. 0320","approved","Delhi","Delhi","India",30,92.1000,95.2100,"B","Y"
321,"SUP000321","SUP-000321","Warangal Industrial Supply Co. 0321","approved","Warangal","Telangana","India",30,93.6200,96.5000,"B","Y"
322,"SUP000322","SUP-000322","Mumbai Industrial Supply Co. 0322","approved","Mumbai","Maharashtra","India",30,87.8400,91.6900,"B","Y"
323,"SUP000323","SUP-000323","Jaipur Industrial Supply Co. 0323","approved","Jaipur","Rajasthan","India",60,77.1400,99.0300,"C","Y"
324,"SUP000324","SUP-000324","Bhubaneswar Industrial Supply Co. 0324","approved","Bhubaneswar","Odisha","India",60,88.6300,99.9000,"B","Y"
325,"SUP000325","SUP-000325","Hyderabad Industrial Supply Co. 0325","strategic","Hyderabad","Telangana","India",30,76.5100,95.4000,"C","Y"
326,"SUP000326","SUP-000326","Indore Industrial Supply Co. 0326","approved","Indore","Madhya Pradesh","India",30,86.4000,96.5700,"B","Y"
327,"SUP000327","SUP-000327","Kolkata Industrial Supply Co. 0327","strategic","Kolkata","West Bengal","India",30,82.5800,96.3800,"B","Y"
328,"SUP000328","SUP-000328","Vadodara Industrial Supply Co. 0328","approved","Vadodara","Gujarat","India",30,84.2900,99.9000,"B","Y"
329,"SUP000329","SUP-000329","Jaipur Industrial Supply Co. 0329","approved","Jaipur","Rajasthan","India",45,73.3800,92.9100,"C","Y"
330,"SUP000330","SUP-000330","Ahmedabad Industrial Supply Co. 0330","approved","Ahmedabad","Gujarat","India",15,98.4000,99.9000,"A","Y"
331,"SUP000331","SUP-000331","Mangaluru Industrial Supply Co. 0331","approved","Mangaluru","Karnataka","India",45,91.0100,99.9000,"B","Y"
332,"SUP000332","SUP-000332","Ahmedabad Industrial Supply Co. 0332","spot","Ahmedabad","Gujarat","India",15,83.8900,99.9000,"B","Y"
333,"SUP000333","SUP-000333","Bhopal Industrial Supply Co. 0333","approved","Bhopal","Madhya Pradesh","India",30,86.8300,99.0900,"B","Y"
334,"SUP000334","SUP-000334","Vijayawada Industrial Supply Co. 0334","contract_manufacturer","Vijayawada","Andhra Pradesh","India",15,91.6900,94.1700,"B","Y"
335,"SUP000335","SUP-000335","Mumbai Industrial Supply Co. 0335","strategic","Mumbai","Maharashtra","India",30,84.6100,94.8600,"B","Y"
336,"SUP000336","SUP-000336","Surat Industrial Supply Co. 0336","strategic","Surat","Gujarat","India",45,86.1000,95.9800,"B","Y"
337,"SUP000337","SUP-000337","Warangal Industrial Supply Co. 0337","approved","Warangal","Telangana","India",60,98.6500,95.2300,"B","Y"
338,"SUP000338","SUP-000338","Nagpur Industrial Supply Co. 0338","strategic","Nagpur","Maharashtra","India",45,89.4300,89.5200,"C","Y"
339,"SUP000339","SUP-000339","Hyderabad Industrial Supply Co. 0339","contract_manufacturer","Hyderabad","Telangana","India",30,73.8500,89.4400,"C","Y"
340,"SUP000340","SUP-000340","Warangal Industrial Supply Co. 0340","contract_manufacturer","Warangal","Telangana","India",45,87.3400,98.9000,"B","Y"
341,"SUP000341","SUP-000341","Kolkata Industrial Supply Co. 0341","approved","Kolkata","West Bengal","India",45,99.8000,91.0900,"B","Y"
342,"SUP000342","SUP-000342","Nashik Industrial Supply Co. 0342","contract_manufacturer","Nashik","Maharashtra","India",30,81.0400,93.9500,"B","Y"
343,"SUP000343","SUP-000343","Nagpur Industrial Supply Co. 0343","approved","Nagpur","Maharashtra","India",60,76.1700,99.9000,"C","Y"
344,"SUP000344","SUP-000344","Bengaluru Industrial Supply Co. 0344","strategic","Bengaluru","Karnataka","India",45,84.3900,99.9000,"B","Y"
345,"SUP000345","SUP-000345","Warangal Industrial Supply Co. 0345","spot","Warangal","Telangana","India",30,99.8000,97.9600,"A","Y"
346,"SUP000346","SUP-000346","Hyderabad Industrial Supply Co. 0346","approved","Hyderabad","Telangana","India",60,78.2300,90.0700,"C","Y"
347,"SUP000347","SUP-000347","Ranchi Industrial Supply Co. 0347","approved","Ranchi","Jharkhand","India",45,95.8500,95.3100,"B","Y"
348,"SUP000348","SUP-000348","Indore Industrial Supply Co. 0348","approved","Indore","Madhya Pradesh","India",45,88.4400,99.0600,"B","Y"
349,"SUP000349","SUP-000349","Indore Industrial Supply Co. 0349","approved","Indore","Madhya Pradesh","India",15,83.8500,95.4800,"B","Y"
350,"SUP000350","SUP-000350","Bhubaneswar Industrial Supply Co. 0350","spot","Bhubaneswar","Odisha","India",30,85.2400,95.4100,"B","Y"
351,"SUP000351","SUP-000351","Indore Industrial Supply Co. 0351","approved","Indore","Madhya Pradesh","India",30,80.8500,99.8600,"B","Y"
352,"SUP000352","SUP-000352","Nashik Industrial Supply Co. 0352","spot","Nashik","Maharashtra","India",30,96.4300,94.3400,"B","Y"
353,"SUP000353","SUP-000353","Ranchi Industrial Supply Co. 0353","approved","Ranchi","Jharkhand","India",30,65.0300,99.5100,"C","Y"
354,"SUP000354","SUP-000354","Agra Industrial Supply Co. 0354","contract_manufacturer","Agra","Uttar Pradesh","India",15,89.7300,98.7600,"B","Y"
355,"SUP000355","SUP-000355","Kolkata Industrial Supply Co. 0355","approved","Kolkata","West Bengal","India",60,99.8000,99.9000,"A","Y"
356,"SUP000356","SUP-000356","Hyderabad Industrial Supply Co. 0356","strategic","Hyderabad","Telangana","India",45,78.4800,96.7400,"C","Y"
357,"SUP000357","SUP-000357","Nashik Industrial Supply Co. 0357","strategic","Nashik","Maharashtra","India",45,85.3200,96.7800,"B","Y"
358,"SUP000358","SUP-000358","Noida Industrial Supply Co. 0358","strategic","Noida","Uttar Pradesh","India",45,99.8000,94.1300,"B","Y"
359,"SUP000359","SUP-000359","Vadodara Industrial Supply Co. 0359","approved","Vadodara","Gujarat","India",45,86.4500,94.7600,"B","Y"
360,"SUP000360","SUP-000360","Kolkata Industrial Supply Co. 0360","contract_manufacturer","Kolkata","West Bengal","India",60,97.4200,95.9500,"B","Y"
361,"SUP000361","SUP-000361","Delhi Industrial Supply Co. 0361","approved","Delhi","Delhi","India",30,90.3300,96.1500,"B","Y"
362,"SUP000362","SUP-000362","Kolkata Industrial Supply Co. 0362","approved","Kolkata","West Bengal","India",15,97.3700,94.9800,"B","Y"
363,"SUP000363","SUP-000363","Kolkata Industrial Supply Co. 0363","approved","Kolkata","West Bengal","India",45,90.7600,96.8900,"B","Y"
364,"SUP000364","SUP-000364","Vijayawada Industrial Supply Co. 0364","spot","Vijayawada","Andhra Pradesh","India",45,99.8000,92.1700,"B","Y"
365,"SUP000365","SUP-000365","Jaipur Industrial Supply Co. 0365","spot","Jaipur","Rajasthan","India",15,85.8000,99.4100,"B","Y"
366,"SUP000366","SUP-000366","Delhi Industrial Supply Co. 0366","approved","Delhi","Delhi","India",60,86.7100,92.2300,"B","Y"
367,"SUP000367","SUP-000367","Lucknow Industrial Supply Co. 0367","contract_manufacturer","Lucknow","Uttar Pradesh","India",45,88.3700,92.9400,"B","Y"
368,"SUP000368","SUP-000368","Lucknow Industrial Supply Co. 0368","approved","Lucknow","Uttar Pradesh","India",30,87.5300,95.2500,"B","Y"
369,"SUP000369","SUP-000369","Nagpur Industrial Supply Co. 0369","approved","Nagpur","Maharashtra","India",60,90.9900,94.3600,"B","Y"
370,"SUP000370","SUP-000370","Lucknow Industrial Supply Co. 0370","spot","Lucknow","Uttar Pradesh","India",30,87.8100,97.1100,"B","Y"
371,"SUP000371","SUP-000371","Warangal Industrial Supply Co. 0371","strategic","Warangal","Telangana","India",45,90.8000,98.1300,"B","Y"
372,"SUP000372","SUP-000372","Bengaluru Industrial Supply Co. 0372","approved","Bengaluru","Karnataka","India",45,72.8500,99.9000,"C","Y"
373,"SUP000373","SUP-000373","Vadodara Industrial Supply Co. 0373","approved","Vadodara","Gujarat","India",30,89.5800,96.0300,"B","Y"
374,"SUP000374","SUP-000374","Nashik Industrial Supply Co. 0374","approved","Nashik","Maharashtra","India",45,80.8800,89.9600,"C","Y"
375,"SUP000375","SUP-000375","Noida Industrial Supply Co. 0375","spot","Noida","Uttar Pradesh","India",45,94.6500,98.3500,"A","Y"
376,"SUP000376","SUP-000376","Vijayawada Industrial Supply Co. 0376","strategic","Vijayawada","Andhra Pradesh","India",45,99.8000,94.2800,"B","Y"
377,"SUP000377","SUP-000377","Nagpur Industrial Supply Co. 0377","spot","Nagpur","Maharashtra","India",30,85.7900,96.4000,"B","Y"
378,"SUP000378","SUP-000378","Jaipur Industrial Supply Co. 0378","strategic","Jaipur","Rajasthan","India",30,91.9100,95.5000,"B","Y"
379,"SUP000379","SUP-000379","Jaipur Industrial Supply Co. 0379","strategic","Jaipur","Rajasthan","India",15,70.1900,99.9000,"C","Y"
380,"SUP000380","SUP-000380","Mumbai Industrial Supply Co. 0380","approved","Mumbai","Maharashtra","India",30,87.3700,97.8700,"B","Y"
381,"SUP000381","SUP-000381","Lucknow Industrial Supply Co. 0381","approved","Lucknow","Uttar Pradesh","India",30,79.8800,99.0000,"C","Y"
382,"SUP000382","SUP-000382","Vadodara Industrial Supply Co. 0382","contract_manufacturer","Vadodara","Gujarat","India",30,81.8800,96.3000,"B","Y"
383,"SUP000383","SUP-000383","Ahmedabad Industrial Supply Co. 0383","approved","Ahmedabad","Gujarat","India",15,97.1100,96.5000,"B","Y"
384,"SUP000384","SUP-000384","Lucknow Industrial Supply Co. 0384","contract_manufacturer","Lucknow","Uttar Pradesh","India",45,99.8000,96.6700,"B","Y"
385,"SUP000385","SUP-000385","Mangaluru Industrial Supply Co. 0385","approved","Mangaluru","Karnataka","India",45,83.8500,93.4100,"B","Y"
386,"SUP000386","SUP-000386","Kolkata Industrial Supply Co. 0386","spot","Kolkata","West Bengal","India",45,61.3300,95.4600,"C","Y"
387,"SUP000387","SUP-000387","Kolkata Industrial Supply Co. 0387","approved","Kolkata","West Bengal","India",30,99.8000,99.9000,"A","Y"
388,"SUP000388","SUP-000388","Mumbai Industrial Supply Co. 0388","strategic","Mumbai","Maharashtra","India",45,99.8000,97.9900,"A","Y"
389,"SUP000389","SUP-000389","Ranchi Industrial Supply Co. 0389","approved","Ranchi","Jharkhand","India",45,70.1800,99.9000,"C","Y"
390,"SUP000390","SUP-000390","Indore Industrial Supply Co. 0390","approved","Indore","Madhya Pradesh","India",30,92.1100,96.9700,"B","Y"
391,"SUP000391","SUP-000391","Mysuru Industrial Supply Co. 0391","approved","Mysuru","Karnataka","India",45,87.3100,96.6200,"B","Y"
392,"SUP000392","SUP-000392","Indore Industrial Supply Co. 0392","contract_manufacturer","Indore","Madhya Pradesh","India",60,83.3700,92.6500,"B","Y"
393,"SUP000393","SUP-000393","Vijayawada Industrial Supply Co. 0393","spot","Vijayawada","Andhra Pradesh","India",45,89.7000,91.6800,"B","Y"
394,"SUP000394","SUP-000394","Vadodara Industrial Supply Co. 0394","approved","Vadodara","Gujarat","India",15,82.0200,99.9000,"B","Y"
395,"SUP000395","SUP-000395","Jaipur Industrial Supply Co. 0395","approved","Jaipur","Rajasthan","India",60,92.3200,97.4500,"A","Y"
396,"SUP000396","SUP-000396","Nashik Industrial Supply Co. 0396","spot","Nashik","Maharashtra","India",60,78.8100,92.2600,"C","Y"
397,"SUP000397","SUP-000397","Delhi Industrial Supply Co. 0397","approved","Delhi","Delhi","India",30,80.1900,96.3600,"B","Y"
398,"SUP000398","SUP-000398","Mangaluru Industrial Supply Co. 0398","approved","Mangaluru","Karnataka","India",45,94.0400,93.1400,"B","Y"
399,"SUP000399","SUP-000399","Hyderabad Industrial Supply Co. 0399","approved","Hyderabad","Telangana","India",45,94.7500,98.5500,"A","Y"
400,"SUP000400","SUP-000400","Mumbai Industrial Supply Co. 0400","contract_manufacturer","Mumbai","Maharashtra","India",30,75.8200,97.6900,"C","Y"
401,"SUP000401","SUP-000401","Indore Industrial Supply Co. 0401","approved","Indore","Madhya Pradesh","India",30,86.7500,94.8800,"B","Y"
402,"SUP000402","SUP-000402","Lucknow Industrial Supply Co. 0402","strategic","Lucknow","Uttar Pradesh","India",45,94.5000,92.8100,"B","Y"
403,"SUP000403","SUP-000403","Bengaluru Industrial Supply Co. 0403","approved","Bengaluru","Karnataka","India",30,77.2000,98.6600,"C","Y"
404,"SUP000404","SUP-000404","Bhubaneswar Industrial Supply Co. 0404","strategic","Bhubaneswar","Odisha","India",30,92.1700,95.3200,"B","Y"
405,"SUP000405","SUP-000405","Warangal Industrial Supply Co. 0405","approved","Warangal","Telangana","India",30,91.3200,98.8500,"B","Y"
406,"SUP000406","SUP-000406","Bhubaneswar Industrial Supply Co. 0406","contract_manufacturer","Bhubaneswar","Odisha","India",30,80.4900,94.5800,"B","Y"
407,"SUP000407","SUP-000407","Vadodara Industrial Supply Co. 0407","strategic","Vadodara","Gujarat","India",60,81.9400,97.2600,"B","Y"
408,"SUP000408","SUP-000408","Delhi Industrial Supply Co. 0408","contract_manufacturer","Delhi","Delhi","India",45,71.0300,91.6300,"C","Y"
409,"SUP000409","SUP-000409","Chandigarh Industrial Supply Co. 0409","approved","Chandigarh","Chandigarh","India",30,87.4800,90.6100,"C","Y"
410,"SUP000410","SUP-000410","Pune Industrial Supply Co. 0410","spot","Pune","Maharashtra","India",45,91.1500,98.8000,"B","Y"
411,"SUP000411","SUP-000411","Pune Industrial Supply Co. 0411","approved","Pune","Maharashtra","India",45,86.2600,94.3100,"B","Y"
412,"SUP000412","SUP-000412","Mysuru Industrial Supply Co. 0412","contract_manufacturer","Mysuru","Karnataka","India",30,90.3200,93.6600,"B","Y"
413,"SUP000413","SUP-000413","Nashik Industrial Supply Co. 0413","approved","Nashik","Maharashtra","India",30,84.1200,94.8800,"B","Y"
414,"SUP000414","SUP-000414","Pune Industrial Supply Co. 0414","approved","Pune","Maharashtra","India",60,74.5500,97.5500,"C","Y"
415,"SUP000415","SUP-000415","Agra Industrial Supply Co. 0415","contract_manufacturer","Agra","Uttar Pradesh","India",30,86.7600,94.1300,"B","Y"
416,"SUP000416","SUP-000416","Surat Industrial Supply Co. 0416","approved","Surat","Gujarat","India",15,87.4600,94.6200,"B","Y"
417,"SUP000417","SUP-000417","Mangaluru Industrial Supply Co. 0417","approved","Mangaluru","Karnataka","India",45,90.5700,95.1600,"B","Y"
418,"SUP000418","SUP-000418","Bengaluru Industrial Supply Co. 0418","strategic","Bengaluru","Karnataka","India",30,76.7300,90.0100,"C","Y"
419,"SUP000419","SUP-000419","Warangal Industrial Supply Co. 0419","spot","Warangal","Telangana","India",30,92.0200,99.9000,"A","Y"
420,"SUP000420","SUP-000420","Surat Industrial Supply Co. 0420","approved","Surat","Gujarat","India",60,79.7300,95.0100,"C","Y"
421,"SUP000421","SUP-000421","Delhi Industrial Supply Co. 0421","approved","Delhi","Delhi","India",15,96.9500,96.1800,"B","Y"
422,"SUP000422","SUP-000422","Pune Industrial Supply Co. 0422","strategic","Pune","Maharashtra","India",45,83.6500,96.9900,"B","Y"
423,"SUP000423","SUP-000423","Mysuru Industrial Supply Co. 0423","approved","Mysuru","Karnataka","India",60,92.8500,93.2200,"B","Y"
424,"SUP000424","SUP-000424","Vadodara Industrial Supply Co. 0424","contract_manufacturer","Vadodara","Gujarat","India",45,77.9200,98.8700,"C","Y"
425,"SUP000425","SUP-000425","Bhubaneswar Industrial Supply Co. 0425","approved","Bhubaneswar","Odisha","India",45,99.8000,98.3500,"A","Y"
426,"SUP000426","SUP-000426","Delhi Industrial Supply Co. 0426","approved","Delhi","Delhi","India",60,98.3500,99.9000,"A","Y"
427,"SUP000427","SUP-000427","Bhubaneswar Industrial Supply Co. 0427","approved","Bhubaneswar","Odisha","India",45,73.7400,91.3900,"C","Y"
428,"SUP000428","SUP-000428","Bhubaneswar Industrial Supply Co. 0428","approved","Bhubaneswar","Odisha","India",60,82.6300,98.0700,"B","Y"
429,"SUP000429","SUP-000429","Indore Industrial Supply Co. 0429","spot","Indore","Madhya Pradesh","India",45,82.2000,97.4100,"B","Y"
430,"SUP000430","SUP-000430","Chandigarh Industrial Supply Co. 0430","approved","Chandigarh","Chandigarh","India",15,99.8000,99.7800,"A","Y"
431,"SUP000431","SUP-000431","Bengaluru Industrial Supply Co. 0431","contract_manufacturer","Bengaluru","Karnataka","India",30,77.8200,97.3900,"C","Y"
432,"SUP000432","SUP-000432","Mumbai Industrial Supply Co. 0432","approved","Mumbai","Maharashtra","India",30,88.4900,93.6700,"B","Y"
433,"SUP000433","SUP-000433","Nashik Industrial Supply Co. 0433","spot","Nashik","Maharashtra","India",30,99.8000,99.9000,"A","Y"
434,"SUP000434","SUP-000434","Chandigarh Industrial Supply Co. 0434","contract_manufacturer","Chandigarh","Chandigarh","India",60,99.8000,98.5800,"A","Y"
435,"SUP000435","SUP-000435","Warangal Industrial Supply Co. 0435","approved","Warangal","Telangana","India",60,72.9700,99.1300,"C","Y"
436,"SUP000436","SUP-000436","Agra Industrial Supply Co. 0436","strategic","Agra","Uttar Pradesh","India",30,98.8200,93.5300,"B","Y"
437,"SUP000437","SUP-000437","Hyderabad Industrial Supply Co. 0437","approved","Hyderabad","Telangana","India",30,94.8400,96.4600,"B","Y"
438,"SUP000438","SUP-000438","Surat Industrial Supply Co. 0438","contract_manufacturer","Surat","Gujarat","India",45,93.6300,92.1900,"B","Y"
439,"SUP000439","SUP-000439","Nagpur Industrial Supply Co. 0439","approved","Nagpur","Maharashtra","India",30,81.1500,95.9900,"B","Y"
440,"SUP000440","SUP-000440","Nagpur Industrial Supply Co. 0440","strategic","Nagpur","Maharashtra","India",45,84.2600,94.9800,"B","Y"
441,"SUP000441","SUP-000441","Surat Industrial Supply Co. 0441","approved","Surat","Gujarat","India",30,99.8000,95.6800,"B","Y"
442,"SUP000442","SUP-000442","Nashik Industrial Supply Co. 0442","strategic","Nashik","Maharashtra","India",15,90.3900,99.9000,"B","Y"
443,"SUP000443","SUP-000443","Ranchi Industrial Supply Co. 0443","approved","Ranchi","Jharkhand","India",60,90.8300,92.7900,"B","Y"
444,"SUP000444","SUP-000444","Bhubaneswar Industrial Supply Co. 0444","approved","Bhubaneswar","Odisha","India",30,79.2700,98.7800,"C","Y"
445,"SUP000445","SUP-000445","Nashik Industrial Supply Co. 0445","strategic","Nashik","Maharashtra","India",45,83.4200,98.0700,"B","Y"
446,"SUP000446","SUP-000446","Chandigarh Industrial Supply Co. 0446","contract_manufacturer","Chandigarh","Chandigarh","India",30,82.4200,93.4300,"B","Y"
447,"SUP000447","SUP-000447","Lucknow Industrial Supply Co. 0447","approved","Lucknow","Uttar Pradesh","India",30,96.9500,96.7900,"B","Y"
448,"SUP000448","SUP-000448","Agra Industrial Supply Co. 0448","approved","Agra","Uttar Pradesh","India",45,95.9200,94.1400,"B","Y"
449,"SUP000449","SUP-000449","Warangal Industrial Supply Co. 0449","strategic","Warangal","Telangana","India",30,84.4900,93.7100,"B","Y"
450,"SUP000450","SUP-000450","Bengaluru Industrial Supply Co. 0450","contract_manufacturer","Bengaluru","Karnataka","India",30,79.5500,91.1500,"C","Y"
451,"SUP000451","SUP-000451","Chandigarh Industrial Supply Co. 0451","strategic","Chandigarh","Chandigarh","India",45,95.3500,99.6500,"A","Y"
452,"SUP000452","SUP-000452","Chandigarh Industrial Supply Co. 0452","strategic","Chandigarh","Chandigarh","India",30,86.3600,99.2800,"B","Y"
453,"SUP000453","SUP-000453","Ahmedabad Industrial Supply Co. 0453","approved","Ahmedabad","Gujarat","India",60,83.5900,95.9100,"B","Y"
454,"SUP000454","SUP-000454","Lucknow Industrial Supply Co. 0454","strategic","Lucknow","Uttar Pradesh","India",45,89.2000,92.9400,"B","Y"
455,"SUP000455","SUP-000455","Pune Industrial Supply Co. 0455","approved","Pune","Maharashtra","India",45,93.7300,94.7500,"B","Y"
456,"SUP000456","SUP-000456","Delhi Industrial Supply Co. 0456","approved","Delhi","Delhi","India",30,76.9600,91.9700,"C","Y"
457,"SUP000457","SUP-000457","Bhubaneswar Industrial Supply Co. 0457","spot","Bhubaneswar","Odisha","India",60,78.7700,98.3400,"C","Y"
458,"SUP000458","SUP-000458","Delhi Industrial Supply Co. 0458","spot","Delhi","Delhi","India",45,90.4200,97.3500,"B","Y"
459,"SUP000459","SUP-000459","Warangal Industrial Supply Co. 0459","spot","Warangal","Telangana","India",45,90.4100,94.8400,"B","Y"
460,"SUP000460","SUP-000460","Hyderabad Industrial Supply Co. 0460","spot","Hyderabad","Telangana","India",60,88.6100,95.1300,"B","Y"
461,"SUP000461","SUP-000461","Noida Industrial Supply Co. 0461","approved","Noida","Uttar Pradesh","India",15,75.0800,95.1300,"C","Y"
462,"SUP000462","SUP-000462","Nashik Industrial Supply Co. 0462","approved","Nashik","Maharashtra","India",30,81.8300,94.4700,"B","Y"
463,"SUP000463","SUP-000463","Jaipur Industrial Supply Co. 0463","strategic","Jaipur","Rajasthan","India",30,67.9800,96.2900,"C","Y"
464,"SUP000464","SUP-000464","Surat Industrial Supply Co. 0464","contract_manufacturer","Surat","Gujarat","India",60,81.5700,97.5300,"B","Y"
465,"SUP000465","SUP-000465","Ranchi Industrial Supply Co. 0465","approved","Ranchi","Jharkhand","India",60,90.7000,98.0300,"B","Y"
466,"SUP000466","SUP-000466","Ahmedabad Industrial Supply Co. 0466","approved","Ahmedabad","Gujarat","India",15,79.7600,94.3300,"C","Y"
467,"SUP000467","SUP-000467","Agra Industrial Supply Co. 0467","approved","Agra","Uttar Pradesh","India",30,98.3500,96.5000,"B","Y"
468,"SUP000468","SUP-000468","Mangaluru Industrial Supply Co. 0468","approved","Mangaluru","Karnataka","India",30,91.8400,91.9800,"B","Y"
469,"SUP000469","SUP-000469","Bengaluru Industrial Supply Co. 0469","approved","Bengaluru","Karnataka","India",30,97.0800,97.2400,"A","Y"
470,"SUP000470","SUP-000470","Jaipur Industrial Supply Co. 0470","contract_manufacturer","Jaipur","Rajasthan","India",45,82.3700,94.1800,"B","Y"
471,"SUP000471","SUP-000471","Kolkata Industrial Supply Co. 0471","approved","Kolkata","West Bengal","India",45,85.1700,95.4700,"B","Y"
472,"SUP000472","SUP-000472","Surat Industrial Supply Co. 0472","spot","Surat","Gujarat","India",15,92.0100,99.9000,"A","Y"
473,"SUP000473","SUP-000473","Lucknow Industrial Supply Co. 0473","approved","Lucknow","Uttar Pradesh","India",60,99.8000,97.9600,"A","Y"
474,"SUP000474","SUP-000474","Lucknow Industrial Supply Co. 0474","approved","Lucknow","Uttar Pradesh","India",30,89.0800,99.4400,"B","Y"
475,"SUP000475","SUP-000475","Warangal Industrial Supply Co. 0475","strategic","Warangal","Telangana","India",30,71.1300,99.9000,"C","Y"
476,"SUP000476","SUP-000476","Pune Industrial Supply Co. 0476","contract_manufacturer","Pune","Maharashtra","India",30,82.0900,96.1600,"B","Y"
477,"SUP000477","SUP-000477","Ranchi Industrial Supply Co. 0477","approved","Ranchi","Jharkhand","India",45,82.7700,93.0400,"B","Y"
478,"SUP000478","SUP-000478","Vijayawada Industrial Supply Co. 0478","approved","Vijayawada","Andhra Pradesh","India",45,96.2500,92.8300,"B","Y"
479,"SUP000479","SUP-000479","Bengaluru Industrial Supply Co. 0479","spot","Bengaluru","Karnataka","India",15,89.4700,96.8300,"B","Y"
480,"SUP000480","SUP-000480","Mumbai Industrial Supply Co. 0480","contract_manufacturer","Mumbai","Maharashtra","India",15,79.3500,95.8800,"C","Y"
481,"SUP000481","SUP-000481","Chandigarh Industrial Supply Co. 0481","strategic","Chandigarh","Chandigarh","India",15,91.3100,98.8700,"B","Y"
482,"SUP000482","SUP-000482","Agra Industrial Supply Co. 0482","approved","Agra","Uttar Pradesh","India",60,72.3400,94.7400,"C","Y"
483,"SUP000483","SUP-000483","Nashik Industrial Supply Co. 0483","contract_manufacturer","Nashik","Maharashtra","India",45,82.1500,98.1400,"B","Y"
484,"SUP000484","SUP-000484","Lucknow Industrial Supply Co. 0484","approved","Lucknow","Uttar Pradesh","India",30,79.2900,97.1300,"C","Y"
485,"SUP000485","SUP-000485","Bengaluru Industrial Supply Co. 0485","approved","Bengaluru","Karnataka","India",60,96.4400,97.0400,"A","Y"
486,"SUP000486","SUP-000486","Mangaluru Industrial Supply Co. 0486","contract_manufacturer","Mangaluru","Karnataka","India",60,99.8000,99.9000,"A","Y"
487,"SUP000487","SUP-000487","Bengaluru Industrial Supply Co. 0487","approved","Bengaluru","Karnataka","India",30,79.6300,98.4100,"C","Y"
488,"SUP000488","SUP-000488","Nagpur Industrial Supply Co. 0488","approved","Nagpur","Maharashtra","India",60,86.3100,90.3100,"C","Y"
489,"SUP000489","SUP-000489","Nagpur Industrial Supply Co. 0489","strategic","Nagpur","Maharashtra","India",30,82.5400,93.5200,"B","Y"
490,"SUP000490","SUP-000490","Ahmedabad Industrial Supply Co. 0490","approved","Ahmedabad","Gujarat","India",30,73.1400,92.7900,"C","Y"
491,"SUP000491","SUP-000491","Ranchi Industrial Supply Co. 0491","approved","Ranchi","Jharkhand","India",30,96.9000,91.3000,"B","Y"
492,"SUP000492","SUP-000492","Indore Industrial Supply Co. 0492","approved","Indore","Madhya Pradesh","India",60,84.6900,99.9000,"B","Y"
493,"SUP000493","SUP-000493","Vijayawada Industrial Supply Co. 0493","strategic","Vijayawada","Andhra Pradesh","India",45,86.0700,98.0100,"B","Y"
494,"SUP000494","SUP-000494","Mumbai Industrial Supply Co. 0494","approved","Mumbai","Maharashtra","India",15,89.3100,92.3600,"B","Y"
495,"SUP000495","SUP-000495","Nagpur Industrial Supply Co. 0495","approved","Nagpur","Maharashtra","India",30,96.7900,93.2700,"B","Y"
496,"SUP000496","SUP-000496","Bengaluru Industrial Supply Co. 0496","approved","Bengaluru","Karnataka","India",30,75.2500,94.0700,"C","Y"
497,"SUP000497","SUP-000497","Nagpur Industrial Supply Co. 0497","approved","Nagpur","Maharashtra","India",30,82.4600,95.9800,"B","Y"
498,"SUP000498","SUP-000498","Mumbai Industrial Supply Co. 0498","approved","Mumbai","Maharashtra","India",45,95.2700,94.5400,"B","Y"
499,"SUP000499","SUP-000499","Lucknow Industrial Supply Co. 0499","approved","Lucknow","Uttar Pradesh","India",30,99.8000,97.6200,"A","Y"
500,"SUP000500","SUP-000500","Delhi Industrial Supply Co. 0500","approved","Delhi","Delhi","India",30,76.2000,98.5700,"C","Y"
501,"SUP000501","SUP-000501","Vijayawada Industrial Supply Co. 0501","approved","Vijayawada","Andhra Pradesh","India",45,99.8000,99.9000,"A","Y"
502,"SUP000502","SUP-000502","Lucknow Industrial Supply Co. 0502","strategic","Lucknow","Uttar Pradesh","India",30,91.7200,92.4500,"B","Y"
503,"SUP000503","SUP-000503","Kolkata Industrial Supply Co. 0503","contract_manufacturer","Kolkata","West Bengal","India",45,94.1900,99.9000,"A","Y"
504,"SUP000504","SUP-000504","Vadodara Industrial Supply Co. 0504","approved","Vadodara","Gujarat","India",45,83.1100,96.4700,"B","Y"
505,"SUP000505","SUP-000505","Lucknow Industrial Supply Co. 0505","approved","Lucknow","Uttar Pradesh","India",30,82.7200,90.4900,"C","Y"
506,"SUP000506","SUP-000506","Mysuru Industrial Supply Co. 0506","approved","Mysuru","Karnataka","India",60,99.8000,99.9000,"A","Y"
507,"SUP000507","SUP-000507","Agra Industrial Supply Co. 0507","spot","Agra","Uttar Pradesh","India",30,85.4200,97.7800,"B","Y"
508,"SUP000508","SUP-000508","Ahmedabad Industrial Supply Co. 0508","strategic","Ahmedabad","Gujarat","India",45,90.3900,93.1900,"B","Y"
509,"SUP000509","SUP-000509","Agra Industrial Supply Co. 0509","approved","Agra","Uttar Pradesh","India",30,99.8000,93.7800,"B","Y"
510,"SUP000510","SUP-000510","Vijayawada Industrial Supply Co. 0510","approved","Vijayawada","Andhra Pradesh","India",30,84.3400,94.8200,"B","Y"
511,"SUP000511","SUP-000511","Delhi Industrial Supply Co. 0511","approved","Delhi","Delhi","India",15,63.8800,99.9000,"C","Y"
512,"SUP000512","SUP-000512","Bhubaneswar Industrial Supply Co. 0512","approved","Bhubaneswar","Odisha","India",45,97.2500,96.6700,"B","Y"
513,"SUP000513","SUP-000513","Warangal Industrial Supply Co. 0513","spot","Warangal","Telangana","India",30,81.4400,94.7100,"B","Y"
514,"SUP000514","SUP-000514","Ahmedabad Industrial Supply Co. 0514","approved","Ahmedabad","Gujarat","India",45,64.1700,93.2500,"C","Y"
515,"SUP000515","SUP-000515","Vadodara Industrial Supply Co. 0515","contract_manufacturer","Vadodara","Gujarat","India",30,81.5400,99.9000,"B","Y"
516,"SUP000516","SUP-000516","Indore Industrial Supply Co. 0516","approved","Indore","Madhya Pradesh","India",45,88.6100,99.5600,"B","Y"
517,"SUP000517","SUP-000517","Agra Industrial Supply Co. 0517","approved","Agra","Uttar Pradesh","India",30,88.2700,93.8700,"B","Y"
518,"SUP000518","SUP-000518","Mysuru Industrial Supply Co. 0518","approved","Mysuru","Karnataka","India",30,97.1900,93.3500,"B","Y"
519,"SUP000519","SUP-000519","Vijayawada Industrial Supply Co. 0519","approved","Vijayawada","Andhra Pradesh","India",60,99.5800,90.7500,"C","Y"
520,"SUP000520","SUP-000520","Ahmedabad Industrial Supply Co. 0520","contract_manufacturer","Ahmedabad","Gujarat","India",45,69.8500,94.7100,"C","Y"
521,"SUP000521","SUP-000521","Lucknow Industrial Supply Co. 0521","strategic","Lucknow","Uttar Pradesh","India",30,92.8100,94.0000,"B","Y"
522,"SUP000522","SUP-000522","Bengaluru Industrial Supply Co. 0522","approved","Bengaluru","Karnataka","India",45,76.6300,93.5300,"C","Y"
523,"SUP000523","SUP-000523","Ahmedabad Industrial Supply Co. 0523","approved","Ahmedabad","Gujarat","India",30,93.4800,96.9600,"B","Y"
524,"SUP000524","SUP-000524","Agra Industrial Supply Co. 0524","approved","Agra","Uttar Pradesh","India",15,86.6400,93.8800,"B","Y"
525,"SUP000525","SUP-000525","Mysuru Industrial Supply Co. 0525","strategic","Mysuru","Karnataka","India",30,78.8800,97.6000,"C","Y"
526,"SUP000526","SUP-000526","Delhi Industrial Supply Co. 0526","approved","Delhi","Delhi","India",45,76.5500,93.3100,"C","Y"
527,"SUP000527","SUP-000527","Mangaluru Industrial Supply Co. 0527","contract_manufacturer","Mangaluru","Karnataka","India",30,77.0500,94.8800,"C","Y"
528,"SUP000528","SUP-000528","Jaipur Industrial Supply Co. 0528","spot","Jaipur","Rajasthan","India",30,82.4700,94.6800,"B","Y"
529,"SUP000529","SUP-000529","Nashik Industrial Supply Co. 0529","approved","Nashik","Maharashtra","India",15,99.8000,90.3500,"C","Y"
530,"SUP000530","SUP-000530","Kolkata Industrial Supply Co. 0530","spot","Kolkata","West Bengal","India",45,70.8800,95.0000,"C","Y"
531,"SUP000531","SUP-000531","Ahmedabad Industrial Supply Co. 0531","contract_manufacturer","Ahmedabad","Gujarat","India",30,88.7100,94.8000,"B","Y"
532,"SUP000532","SUP-000532","Jaipur Industrial Supply Co. 0532","strategic","Jaipur","Rajasthan","India",30,96.9000,94.8200,"B","Y"
533,"SUP000533","SUP-000533","Nagpur Industrial Supply Co. 0533","strategic","Nagpur","Maharashtra","India",30,87.5800,99.9000,"B","Y"
534,"SUP000534","SUP-000534","Vadodara Industrial Supply Co. 0534","approved","Vadodara","Gujarat","India",45,87.7200,94.2900,"B","Y"
535,"SUP000535","SUP-000535","Bhopal Industrial Supply Co. 0535","approved","Bhopal","Madhya Pradesh","India",45,86.7000,95.1400,"B","Y"
536,"SUP000536","SUP-000536","Agra Industrial Supply Co. 0536","approved","Agra","Uttar Pradesh","India",30,68.2000,94.3900,"C","Y"
537,"SUP000537","SUP-000537","Nashik Industrial Supply Co. 0537","approved","Nashik","Maharashtra","India",15,81.0900,98.0300,"B","Y"
538,"SUP000538","SUP-000538","Nashik Industrial Supply Co. 0538","spot","Nashik","Maharashtra","India",45,75.5500,98.4800,"C","Y"
539,"SUP000539","SUP-000539","Nagpur Industrial Supply Co. 0539","strategic","Nagpur","Maharashtra","India",30,84.7300,96.5200,"B","Y"
540,"SUP000540","SUP-000540","Bengaluru Industrial Supply Co. 0540","approved","Bengaluru","Karnataka","India",60,92.2800,96.9200,"B","Y"
541,"SUP000541","SUP-000541","Kolkata Industrial Supply Co. 0541","spot","Kolkata","West Bengal","India",30,96.1200,95.4400,"B","Y"
542,"SUP000542","SUP-000542","Mysuru Industrial Supply Co. 0542","approved","Mysuru","Karnataka","India",30,86.1900,90.2600,"C","Y"
543,"SUP000543","SUP-000543","Hyderabad Industrial Supply Co. 0543","spot","Hyderabad","Telangana","India",30,89.5000,98.8900,"B","Y"
544,"SUP000544","SUP-000544","Noida Industrial Supply Co. 0544","strategic","Noida","Uttar Pradesh","India",45,76.5900,97.8700,"C","Y"
545,"SUP000545","SUP-000545","Bhubaneswar Industrial Supply Co. 0545","strategic","Bhubaneswar","Odisha","India",45,91.9500,93.1300,"B","Y"
546,"SUP000546","SUP-000546","Warangal Industrial Supply Co. 0546","approved","Warangal","Telangana","India",15,90.3900,89.7000,"C","Y"
547,"SUP000547","SUP-000547","Vijayawada Industrial Supply Co. 0547","approved","Vijayawada","Andhra Pradesh","India",45,86.5900,99.3000,"B","Y"
548,"SUP000548","SUP-000548","Warangal Industrial Supply Co. 0548","approved","Warangal","Telangana","India",30,65.3500,96.4000,"C","Y"
549,"SUP000549","SUP-000549","Warangal Industrial Supply Co. 0549","approved","Warangal","Telangana","India",15,80.2900,97.5500,"B","Y"
550,"SUP000550","SUP-000550","Noida Industrial Supply Co. 0550","strategic","Noida","Uttar Pradesh","India",30,96.8600,95.7700,"B","Y"
551,"SUP000551","SUP-000551","Delhi Industrial Supply Co. 0551","strategic","Delhi","Delhi","India",60,90.9500,97.7600,"B","Y"
552,"SUP000552","SUP-000552","Ranchi Industrial Supply Co. 0552","contract_manufacturer","Ranchi","Jharkhand","India",45,80.3200,99.9000,"B","Y"
553,"SUP000553","SUP-000553","Agra Industrial Supply Co. 0553","approved","Agra","Uttar Pradesh","India",45,92.4400,91.6600,"B","Y"
554,"SUP000554","SUP-000554","Indore Industrial Supply Co. 0554","contract_manufacturer","Indore","Madhya Pradesh","India",30,98.6000,99.9000,"A","Y"
555,"SUP000555","SUP-000555","Lucknow Industrial Supply Co. 0555","contract_manufacturer","Lucknow","Uttar Pradesh","India",45,91.9100,93.8900,"B","Y"
556,"SUP000556","SUP-000556","Indore Industrial Supply Co. 0556","approved","Indore","Madhya Pradesh","India",30,79.9900,93.4700,"C","Y"
557,"SUP000557","SUP-000557","Bengaluru Industrial Supply Co. 0557","approved","Bengaluru","Karnataka","India",45,90.1400,94.0400,"B","Y"
558,"SUP000558","SUP-000558","Vijayawada Industrial Supply Co. 0558","approved","Vijayawada","Andhra Pradesh","India",30,74.7100,94.2200,"C","Y"
559,"SUP000559","SUP-000559","Kolkata Industrial Supply Co. 0559","contract_manufacturer","Kolkata","West Bengal","India",45,83.7200,96.9900,"B","Y"
560,"SUP000560","SUP-000560","Nashik Industrial Supply Co. 0560","strategic","Nashik","Maharashtra","India",45,90.5600,93.5800,"B","Y"
561,"SUP000561","SUP-000561","Vijayawada Industrial Supply Co. 0561","approved","Vijayawada","Andhra Pradesh","India",30,81.2200,99.9000,"B","Y"
562,"SUP000562","SUP-000562","Indore Industrial Supply Co. 0562","approved","Indore","Madhya Pradesh","India",30,98.7000,93.3000,"B","Y"
563,"SUP000563","SUP-000563","Bhubaneswar Industrial Supply Co. 0563","strategic","Bhubaneswar","Odisha","India",45,97.4700,99.9000,"A","Y"
564,"SUP000564","SUP-000564","Warangal Industrial Supply Co. 0564","approved","Warangal","Telangana","India",45,90.3900,97.8000,"B","Y"
565,"SUP000565","SUP-000565","Pune Industrial Supply Co. 0565","approved","Pune","Maharashtra","India",15,70.3200,91.8000,"C","Y"
566,"SUP000566","SUP-000566","Agra Industrial Supply Co. 0566","approved","Agra","Uttar Pradesh","India",45,87.6700,95.9100,"B","Y"
567,"SUP000567","SUP-000567","Vadodara Industrial Supply Co. 0567","strategic","Vadodara","Gujarat","India",45,90.2300,91.7900,"B","Y"
568,"SUP000568","SUP-000568","Surat Industrial Supply Co. 0568","contract_manufacturer","Surat","Gujarat","India",45,80.3500,95.7000,"B","Y"
569,"SUP000569","SUP-000569","Agra Industrial Supply Co. 0569","strategic","Agra","Uttar Pradesh","India",60,84.0600,96.9300,"B","Y"
570,"SUP000570","SUP-000570","Bengaluru Industrial Supply Co. 0570","approved","Bengaluru","Karnataka","India",60,80.2200,97.3900,"B","Y"
571,"SUP000571","SUP-000571","Ahmedabad Industrial Supply Co. 0571","strategic","Ahmedabad","Gujarat","India",30,65.3300,99.9000,"C","Y"
572,"SUP000572","SUP-000572","Kolkata Industrial Supply Co. 0572","approved","Kolkata","West Bengal","India",30,98.4600,99.9000,"A","Y"
573,"SUP000573","SUP-000573","Surat Industrial Supply Co. 0573","contract_manufacturer","Surat","Gujarat","India",30,99.4700,96.2900,"B","Y"
574,"SUP000574","SUP-000574","Vijayawada Industrial Supply Co. 0574","contract_manufacturer","Vijayawada","Andhra Pradesh","India",15,70.7500,93.8200,"C","Y"
575,"SUP000575","SUP-000575","Vijayawada Industrial Supply Co. 0575","contract_manufacturer","Vijayawada","Andhra Pradesh","India",30,75.5900,90.3000,"C","Y"
576,"SUP000576","SUP-000576","Jaipur Industrial Supply Co. 0576","approved","Jaipur","Rajasthan","India",30,82.2100,95.9500,"B","Y"
577,"SUP000577","SUP-000577","Nashik Industrial Supply Co. 0577","strategic","Nashik","Maharashtra","India",60,99.8000,98.5000,"A","Y"
578,"SUP000578","SUP-000578","Delhi Industrial Supply Co. 0578","approved","Delhi","Delhi","India",30,73.8100,90.3500,"C","Y"
579,"SUP000579","SUP-000579","Bengaluru Industrial Supply Co. 0579","contract_manufacturer","Bengaluru","Karnataka","India",30,91.0000,94.3600,"B","Y"
580,"SUP000580","SUP-000580","Nashik Industrial Supply Co. 0580","approved","Nashik","Maharashtra","India",30,97.6400,94.4600,"B","Y"
581,"SUP000581","SUP-000581","Kolkata Industrial Supply Co. 0581","strategic","Kolkata","West Bengal","India",30,97.4900,91.9200,"B","Y"
582,"SUP000582","SUP-000582","Kolkata Industrial Supply Co. 0582","approved","Kolkata","West Bengal","India",30,88.9800,89.7100,"C","Y"
583,"SUP000583","SUP-000583","Surat Industrial Supply Co. 0583","contract_manufacturer","Surat","Gujarat","India",30,75.5900,99.9000,"C","Y"
584,"SUP000584","SUP-000584","Indore Industrial Supply Co. 0584","approved","Indore","Madhya Pradesh","India",15,86.0900,92.4800,"B","Y"
585,"SUP000585","SUP-000585","Pune Industrial Supply Co. 0585","strategic","Pune","Maharashtra","India",30,91.6000,99.9000,"B","Y"
586,"SUP000586","SUP-000586","Nashik Industrial Supply Co. 0586","approved","Nashik","Maharashtra","India",30,93.9900,94.0900,"B","Y"
587,"SUP000587","SUP-000587","Mumbai Industrial Supply Co. 0587","approved","Mumbai","Maharashtra","India",45,86.4700,89.9600,"C","Y"
588,"SUP000588","SUP-000588","Mysuru Industrial Supply Co. 0588","spot","Mysuru","Karnataka","India",30,86.2600,97.5200,"B","Y"
589,"SUP000589","SUP-000589","Warangal Industrial Supply Co. 0589","strategic","Warangal","Telangana","India",15,86.3900,97.2200,"B","Y"
590,"SUP000590","SUP-000590","Delhi Industrial Supply Co. 0590","approved","Delhi","Delhi","India",45,72.5200,99.9000,"C","Y"
591,"SUP000591","SUP-000591","Noida Industrial Supply Co. 0591","approved","Noida","Uttar Pradesh","India",45,96.6200,95.5800,"B","Y"
592,"SUP000592","SUP-000592","Bengaluru Industrial Supply Co. 0592","spot","Bengaluru","Karnataka","India",45,91.1600,96.8800,"B","Y"
593,"SUP000593","SUP-000593","Chandigarh Industrial Supply Co. 0593","approved","Chandigarh","Chandigarh","India",15,91.3800,95.3000,"B","Y"
594,"SUP000594","SUP-000594","Bhopal Industrial Supply Co. 0594","approved","Bhopal","Madhya Pradesh","India",30,87.2500,93.7700,"B","Y"
595,"SUP000595","SUP-000595","Warangal Industrial Supply Co. 0595","approved","Warangal","Telangana","India",60,95.5300,95.4100,"B","Y"
596,"SUP000596","SUP-000596","Nagpur Industrial Supply Co. 0596","approved","Nagpur","Maharashtra","India",30,84.7000,93.6600,"B","Y"
597,"SUP000597","SUP-000597","Noida Industrial Supply Co. 0597","approved","Noida","Uttar Pradesh","India",30,88.0800,92.1600,"B","Y"
598,"SUP000598","SUP-000598","Bengaluru Industrial Supply Co. 0598","approved","Bengaluru","Karnataka","India",45,79.2500,95.5100,"C","Y"
599,"SUP000599","SUP-000599","Lucknow Industrial Supply Co. 0599","approved","Lucknow","Uttar Pradesh","India",30,79.4500,99.9000,"C","Y"
600,"SUP000600","SUP-000600","Vadodara Industrial Supply Co. 0600","contract_manufacturer","Vadodara","Gujarat","India",45,95.6400,96.2000,"B","Y"
601,"SUP000601","SUP-000601","Bhopal Industrial Supply Co. 0601","contract_manufacturer","Bhopal","Madhya Pradesh","India",45,84.9500,92.8900,"B","Y"
602,"SUP000602","SUP-000602","Bhubaneswar Industrial Supply Co. 0602","approved","Bhubaneswar","Odisha","India",30,77.9000,99.3100,"C","Y"
603,"SUP000603","SUP-000603","Mysuru Industrial Supply Co. 0603","contract_manufacturer","Mysuru","Karnataka","India",60,99.8000,90.3300,"C","Y"
604,"SUP000604","SUP-000604","Vijayawada Industrial Supply Co. 0604","strategic","Vijayawada","Andhra Pradesh","India",45,99.8000,94.6300,"B","Y"
605,"SUP000605","SUP-000605","Mysuru Industrial Supply Co. 0605","strategic","Mysuru","Karnataka","India",45,67.4500,97.5400,"C","Y"
606,"SUP000606","SUP-000606","Bhubaneswar Industrial Supply Co. 0606","spot","Bhubaneswar","Odisha","India",30,82.0800,95.9100,"B","Y"
607,"SUP000607","SUP-000607","Jaipur Industrial Supply Co. 0607","approved","Jaipur","Rajasthan","India",30,78.5300,99.9000,"C","Y"
608,"SUP000608","SUP-000608","Bengaluru Industrial Supply Co. 0608","strategic","Bengaluru","Karnataka","India",45,99.8000,94.2900,"B","Y"
609,"SUP000609","SUP-000609","Surat Industrial Supply Co. 0609","spot","Surat","Gujarat","India",30,73.5200,99.9000,"C","Y"
610,"SUP000610","SUP-000610","Delhi Industrial Supply Co. 0610","contract_manufacturer","Delhi","Delhi","India",45,81.5900,94.3100,"B","Y"
611,"SUP000611","SUP-000611","Pune Industrial Supply Co. 0611","strategic","Pune","Maharashtra","India",30,95.2800,96.5000,"B","Y"
612,"SUP000612","SUP-000612","Agra Industrial Supply Co. 0612","contract_manufacturer","Agra","Uttar Pradesh","India",45,88.0000,92.5800,"B","Y"
613,"SUP000613","SUP-000613","Pune Industrial Supply Co. 0613","approved","Pune","Maharashtra","India",30,81.8800,96.9900,"B","Y"
614,"SUP000614","SUP-000614","Pune Industrial Supply Co. 0614","approved","Pune","Maharashtra","India",45,85.6000,91.3100,"B","Y"
615,"SUP000615","SUP-000615","Noida Industrial Supply Co. 0615","contract_manufacturer","Noida","Uttar Pradesh","India",45,96.3600,91.9100,"B","Y"
616,"SUP000616","SUP-000616","Agra Industrial Supply Co. 0616","strategic","Agra","Uttar Pradesh","India",45,92.3300,89.7200,"C","Y"
617,"SUP000617","SUP-000617","Hyderabad Industrial Supply Co. 0617","strategic","Hyderabad","Telangana","India",45,92.8100,95.1900,"B","Y"
618,"SUP000618","SUP-000618","Agra Industrial Supply Co. 0618","strategic","Agra","Uttar Pradesh","India",45,77.4100,98.1200,"C","Y"
619,"SUP000619","SUP-000619","Warangal Industrial Supply Co. 0619","approved","Warangal","Telangana","India",60,81.8500,94.2300,"B","Y"
620,"SUP000620","SUP-000620","Mangaluru Industrial Supply Co. 0620","approved","Mangaluru","Karnataka","India",45,65.3100,97.7300,"C","Y"
621,"SUP000621","SUP-000621","Mangaluru Industrial Supply Co. 0621","approved","Mangaluru","Karnataka","India",45,94.6900,96.6100,"B","Y"
622,"SUP000622","SUP-000622","Nagpur Industrial Supply Co. 0622","approved","Nagpur","Maharashtra","India",45,82.6600,96.7600,"B","Y"
623,"SUP000623","SUP-000623","Warangal Industrial Supply Co. 0623","approved","Warangal","Telangana","India",30,80.9100,95.2300,"B","Y"
624,"SUP000624","SUP-000624","Agra Industrial Supply Co. 0624","strategic","Agra","Uttar Pradesh","India",30,99.8000,99.9000,"A","Y"
625,"SUP000625","SUP-000625","Bhubaneswar Industrial Supply Co. 0625","approved","Bhubaneswar","Odisha","India",60,87.6700,95.0800,"B","Y"
626,"SUP000626","SUP-000626","Jaipur Industrial Supply Co. 0626","contract_manufacturer","Jaipur","Rajasthan","India",45,95.0300,97.1600,"A","Y"
627,"SUP000627","SUP-000627","Ahmedabad Industrial Supply Co. 0627","approved","Ahmedabad","Gujarat","India",60,93.7900,99.3700,"A","Y"
628,"SUP000628","SUP-000628","Ranchi Industrial Supply Co. 0628","spot","Ranchi","Jharkhand","India",60,93.6000,99.9000,"A","Y"
629,"SUP000629","SUP-000629","Chandigarh Industrial Supply Co. 0629","spot","Chandigarh","Chandigarh","India",30,94.5100,95.1300,"B","Y"
630,"SUP000630","SUP-000630","Agra Industrial Supply Co. 0630","contract_manufacturer","Agra","Uttar Pradesh","India",45,95.4500,92.4600,"B","Y"
631,"SUP000631","SUP-000631","Ahmedabad Industrial Supply Co. 0631","spot","Ahmedabad","Gujarat","India",30,88.2500,93.0800,"B","Y"
632,"SUP000632","SUP-000632","Pune Industrial Supply Co. 0632","approved","Pune","Maharashtra","India",45,94.8200,91.1900,"B","Y"
633,"SUP000633","SUP-000633","Delhi Industrial Supply Co. 0633","strategic","Delhi","Delhi","India",30,80.3300,99.2500,"B","Y"
634,"SUP000634","SUP-000634","Pune Industrial Supply Co. 0634","strategic","Pune","Maharashtra","India",45,90.8800,97.0400,"B","Y"
635,"SUP000635","SUP-000635","Indore Industrial Supply Co. 0635","approved","Indore","Madhya Pradesh","India",45,90.1800,93.8800,"B","Y"
636,"SUP000636","SUP-000636","Mangaluru Industrial Supply Co. 0636","approved","Mangaluru","Karnataka","India",30,92.1200,95.1100,"B","Y"
637,"SUP000637","SUP-000637","Surat Industrial Supply Co. 0637","approved","Surat","Gujarat","India",30,73.4300,95.0100,"C","Y"
638,"SUP000638","SUP-000638","Delhi Industrial Supply Co. 0638","strategic","Delhi","Delhi","India",30,73.4900,99.9000,"C","Y"
639,"SUP000639","SUP-000639","Pune Industrial Supply Co. 0639","approved","Pune","Maharashtra","India",30,85.7200,94.2700,"B","Y"
640,"SUP000640","SUP-000640","Surat Industrial Supply Co. 0640","strategic","Surat","Gujarat","India",60,80.8100,93.6900,"B","Y"
641,"SUP000641","SUP-000641","Pune Industrial Supply Co. 0641","approved","Pune","Maharashtra","India",15,99.8000,97.0900,"A","Y"
642,"SUP000642","SUP-000642","Agra Industrial Supply Co. 0642","contract_manufacturer","Agra","Uttar Pradesh","India",30,90.4600,99.4300,"B","Y"
643,"SUP000643","SUP-000643","Bhubaneswar Industrial Supply Co. 0643","contract_manufacturer","Bhubaneswar","Odisha","India",30,78.2600,93.0000,"C","Y"
644,"SUP000644","SUP-000644","Vadodara Industrial Supply Co. 0644","approved","Vadodara","Gujarat","India",30,86.6500,96.0000,"B","Y"
645,"SUP000645","SUP-000645","Ranchi Industrial Supply Co. 0645","strategic","Ranchi","Jharkhand","India",30,88.0500,89.4600,"C","Y"
646,"SUP000646","SUP-000646","Vijayawada Industrial Supply Co. 0646","approved","Vijayawada","Andhra Pradesh","India",45,91.9100,99.9000,"B","Y"
647,"SUP000647","SUP-000647","Vijayawada Industrial Supply Co. 0647","approved","Vijayawada","Andhra Pradesh","India",60,79.2000,93.0300,"C","Y"
648,"SUP000648","SUP-000648","Mangaluru Industrial Supply Co. 0648","contract_manufacturer","Mangaluru","Karnataka","India",60,98.5800,91.1800,"B","Y"
649,"SUP000649","SUP-000649","Hyderabad Industrial Supply Co. 0649","approved","Hyderabad","Telangana","India",30,96.4700,92.6400,"B","Y"
650,"SUP000650","SUP-000650","Noida Industrial Supply Co. 0650","strategic","Noida","Uttar Pradesh","India",15,91.0500,94.6000,"B","Y"
651,"SUP000651","SUP-000651","Ahmedabad Industrial Supply Co. 0651","approved","Ahmedabad","Gujarat","India",30,86.0600,91.8800,"B","Y"
652,"SUP000652","SUP-000652","Mumbai Industrial Supply Co. 0652","approved","Mumbai","Maharashtra","India",30,97.0000,91.3800,"B","Y"
653,"SUP000653","SUP-000653","Ahmedabad Industrial Supply Co. 0653","strategic","Ahmedabad","Gujarat","India",45,96.5900,99.9000,"A","Y"
654,"SUP000654","SUP-000654","Chandigarh Industrial Supply Co. 0654","approved","Chandigarh","Chandigarh","India",30,84.5500,97.0000,"B","Y"
655,"SUP000655","SUP-000655","Pune Industrial Supply Co. 0655","approved","Pune","Maharashtra","India",45,95.2800,95.8300,"B","Y"
656,"SUP000656","SUP-000656","Bhopal Industrial Supply Co. 0656","contract_manufacturer","Bhopal","Madhya Pradesh","India",30,73.7600,93.6900,"C","Y"
657,"SUP000657","SUP-000657","Vijayawada Industrial Supply Co. 0657","approved","Vijayawada","Andhra Pradesh","India",15,92.4400,95.7500,"B","Y"
658,"SUP000658","SUP-000658","Mangaluru Industrial Supply Co. 0658","spot","Mangaluru","Karnataka","India",60,76.1200,92.9600,"C","Y"
659,"SUP000659","SUP-000659","Warangal Industrial Supply Co. 0659","approved","Warangal","Telangana","India",15,84.1100,98.0600,"B","Y"
660,"SUP000660","SUP-000660","Bhubaneswar Industrial Supply Co. 0660","spot","Bhubaneswar","Odisha","India",45,83.3500,99.7600,"B","Y"
661,"SUP000661","SUP-000661","Ahmedabad Industrial Supply Co. 0661","approved","Ahmedabad","Gujarat","India",60,83.1300,95.0400,"B","Y"
662,"SUP000662","SUP-000662","Vadodara Industrial Supply Co. 0662","strategic","Vadodara","Gujarat","India",45,77.9000,90.2100,"C","Y"
663,"SUP000663","SUP-000663","Mangaluru Industrial Supply Co. 0663","spot","Mangaluru","Karnataka","India",45,92.4900,97.3000,"A","Y"
664,"SUP000664","SUP-000664","Hyderabad Industrial Supply Co. 0664","contract_manufacturer","Hyderabad","Telangana","India",30,93.2000,99.5100,"A","Y"
665,"SUP000665","SUP-000665","Mumbai Industrial Supply Co. 0665","approved","Mumbai","Maharashtra","India",30,95.3700,93.3600,"B","Y"
666,"SUP000666","SUP-000666","Nashik Industrial Supply Co. 0666","contract_manufacturer","Nashik","Maharashtra","India",45,98.2900,93.5800,"B","Y"
667,"SUP000667","SUP-000667","Vadodara Industrial Supply Co. 0667","approved","Vadodara","Gujarat","India",30,97.5200,99.0500,"A","Y"
668,"SUP000668","SUP-000668","Noida Industrial Supply Co. 0668","approved","Noida","Uttar Pradesh","India",15,86.9400,93.6300,"B","Y"
669,"SUP000669","SUP-000669","Vijayawada Industrial Supply Co. 0669","approved","Vijayawada","Andhra Pradesh","India",45,92.4200,98.2500,"A","Y"
670,"SUP000670","SUP-000670","Agra Industrial Supply Co. 0670","approved","Agra","Uttar Pradesh","India",30,91.5000,89.9200,"C","Y"
671,"SUP000671","SUP-000671","Bengaluru Industrial Supply Co. 0671","contract_manufacturer","Bengaluru","Karnataka","India",15,99.8000,95.6100,"B","Y"
672,"SUP000672","SUP-000672","Bhubaneswar Industrial Supply Co. 0672","contract_manufacturer","Bhubaneswar","Odisha","India",30,87.8600,95.9300,"B","Y"
673,"SUP000673","SUP-000673","Jaipur Industrial Supply Co. 0673","spot","Jaipur","Rajasthan","India",45,91.9900,92.4600,"B","Y"
674,"SUP000674","SUP-000674","Pune Industrial Supply Co. 0674","approved","Pune","Maharashtra","India",30,87.6500,98.1700,"B","Y"
675,"SUP000675","SUP-000675","Vadodara Industrial Supply Co. 0675","contract_manufacturer","Vadodara","Gujarat","India",30,84.8500,96.8600,"B","Y"
676,"SUP000676","SUP-000676","Agra Industrial Supply Co. 0676","strategic","Agra","Uttar Pradesh","India",45,99.8000,89.6500,"C","Y"
677,"SUP000677","SUP-000677","Mumbai Industrial Supply Co. 0677","strategic","Mumbai","Maharashtra","India",60,90.3400,96.8200,"B","Y"
678,"SUP000678","SUP-000678","Warangal Industrial Supply Co. 0678","strategic","Warangal","Telangana","India",45,84.1600,94.2700,"B","Y"
679,"SUP000679","SUP-000679","Lucknow Industrial Supply Co. 0679","approved","Lucknow","Uttar Pradesh","India",60,84.5300,97.6300,"B","Y"
680,"SUP000680","SUP-000680","Mysuru Industrial Supply Co. 0680","approved","Mysuru","Karnataka","India",60,79.1200,98.3400,"C","Y"
681,"SUP000681","SUP-000681","Mysuru Industrial Supply Co. 0681","strategic","Mysuru","Karnataka","India",45,99.8000,94.3600,"B","Y"
682,"SUP000682","SUP-000682","Indore Industrial Supply Co. 0682","spot","Indore","Madhya Pradesh","India",30,82.2000,96.5100,"B","Y"
683,"SUP000683","SUP-000683","Bhopal Industrial Supply Co. 0683","strategic","Bhopal","Madhya Pradesh","India",45,91.6600,99.7400,"B","Y"
684,"SUP000684","SUP-000684","Lucknow Industrial Supply Co. 0684","contract_manufacturer","Lucknow","Uttar Pradesh","India",30,87.9500,95.9700,"B","Y"
685,"SUP000685","SUP-000685","Ahmedabad Industrial Supply Co. 0685","approved","Ahmedabad","Gujarat","India",45,94.5200,92.2600,"B","Y"
686,"SUP000686","SUP-000686","Vadodara Industrial Supply Co. 0686","approved","Vadodara","Gujarat","India",60,98.2100,99.9000,"A","Y"
687,"SUP000687","SUP-000687","Mumbai Industrial Supply Co. 0687","approved","Mumbai","Maharashtra","India",30,93.4500,97.2200,"A","Y"
688,"SUP000688","SUP-000688","Vijayawada Industrial Supply Co. 0688","approved","Vijayawada","Andhra Pradesh","India",45,74.2200,91.6000,"C","Y"
689,"SUP000689","SUP-000689","Ahmedabad Industrial Supply Co. 0689","approved","Ahmedabad","Gujarat","India",60,99.8000,97.4500,"A","Y"
690,"SUP000690","SUP-000690","Noida Industrial Supply Co. 0690","approved","Noida","Uttar Pradesh","India",30,84.0200,93.4900,"B","Y"
691,"SUP000691","SUP-000691","Jaipur Industrial Supply Co. 0691","approved","Jaipur","Rajasthan","India",30,94.0700,95.3500,"B","Y"
692,"SUP000692","SUP-000692","Ahmedabad Industrial Supply Co. 0692","contract_manufacturer","Ahmedabad","Gujarat","India",45,98.1300,96.6100,"B","Y"
693,"SUP000693","SUP-000693","Noida Industrial Supply Co. 0693","spot","Noida","Uttar Pradesh","India",30,73.4000,90.4300,"C","Y"
694,"SUP000694","SUP-000694","Mysuru Industrial Supply Co. 0694","approved","Mysuru","Karnataka","India",30,77.1100,99.5600,"C","Y"
695,"SUP000695","SUP-000695","Kolkata Industrial Supply Co. 0695","spot","Kolkata","West Bengal","India",60,90.1500,94.8000,"B","Y"
696,"SUP000696","SUP-000696","Indore Industrial Supply Co. 0696","approved","Indore","Madhya Pradesh","India",30,90.1300,99.6500,"B","Y"
697,"SUP000697","SUP-000697","Indore Industrial Supply Co. 0697","approved","Indore","Madhya Pradesh","India",45,99.8000,97.8600,"A","Y"
698,"SUP000698","SUP-000698","Hyderabad Industrial Supply Co. 0698","contract_manufacturer","Hyderabad","Telangana","India",45,92.9200,98.1600,"A","Y"
699,"SUP000699","SUP-000699","Mumbai Industrial Supply Co. 0699","approved","Mumbai","Maharashtra","India",30,74.6400,96.9600,"C","Y"
700,"SUP000700","SUP-000700","Lucknow Industrial Supply Co. 0700","strategic","Lucknow","Uttar Pradesh","India",45,85.9500,98.8900,"B","Y"
701,"SUP000701","SUP-000701","Bhopal Industrial Supply Co. 0701","approved","Bhopal","Madhya Pradesh","India",45,79.6800,95.5600,"C","Y"
702,"SUP000702","SUP-000702","Agra Industrial Supply Co. 0702","approved","Agra","Uttar Pradesh","India",30,99.8000,96.3500,"B","Y"
703,"SUP000703","SUP-000703","Bengaluru Industrial Supply Co. 0703","contract_manufacturer","Bengaluru","Karnataka","India",30,83.1200,98.8100,"B","Y"
704,"SUP000704","SUP-000704","Delhi Industrial Supply Co. 0704","strategic","Delhi","Delhi","India",45,92.6900,93.3300,"B","Y"
705,"SUP000705","SUP-000705","Nagpur Industrial Supply Co. 0705","approved","Nagpur","Maharashtra","India",30,83.2700,99.9000,"B","Y"
706,"SUP000706","SUP-000706","Mysuru Industrial Supply Co. 0706","approved","Mysuru","Karnataka","India",30,69.5400,98.1700,"C","Y"
707,"SUP000707","SUP-000707","Nagpur Industrial Supply Co. 0707","approved","Nagpur","Maharashtra","India",30,99.8000,94.9700,"B","Y"
708,"SUP000708","SUP-000708","Mumbai Industrial Supply Co. 0708","approved","Mumbai","Maharashtra","India",30,85.2800,95.3800,"B","Y"
709,"SUP000709","SUP-000709","Vadodara Industrial Supply Co. 0709","approved","Vadodara","Gujarat","India",30,80.8500,95.2800,"B","Y"
710,"SUP000710","SUP-000710","Mysuru Industrial Supply Co. 0710","approved","Mysuru","Karnataka","India",15,79.7900,98.2700,"C","Y"
711,"SUP000711","SUP-000711","Ahmedabad Industrial Supply Co. 0711","spot","Ahmedabad","Gujarat","India",60,93.1300,99.9000,"A","Y"
712,"SUP000712","SUP-000712","Bhubaneswar Industrial Supply Co. 0712","spot","Bhubaneswar","Odisha","India",15,87.7700,89.7900,"C","Y"
713,"SUP000713","SUP-000713","Jaipur Industrial Supply Co. 0713","approved","Jaipur","Rajasthan","India",45,84.9800,99.9000,"B","Y"
714,"SUP000714","SUP-000714","Bhubaneswar Industrial Supply Co. 0714","strategic","Bhubaneswar","Odisha","India",30,91.3200,98.1700,"B","Y"
715,"SUP000715","SUP-000715","Jaipur Industrial Supply Co. 0715","approved","Jaipur","Rajasthan","India",60,86.9800,97.9100,"B","Y"
716,"SUP000716","SUP-000716","Delhi Industrial Supply Co. 0716","contract_manufacturer","Delhi","Delhi","India",60,88.8800,92.8100,"B","Y"
717,"SUP000717","SUP-000717","Hyderabad Industrial Supply Co. 0717","strategic","Hyderabad","Telangana","India",15,99.8000,93.9500,"B","Y"
718,"SUP000718","SUP-000718","Indore Industrial Supply Co. 0718","spot","Indore","Madhya Pradesh","India",30,99.8000,97.8100,"A","Y"
719,"SUP000719","SUP-000719","Noida Industrial Supply Co. 0719","spot","Noida","Uttar Pradesh","India",30,90.9600,97.6800,"B","Y"
720,"SUP000720","SUP-000720","Noida Industrial Supply Co. 0720","approved","Noida","Uttar Pradesh","India",15,72.3300,93.3500,"C","Y"
721,"SUP000721","SUP-000721","Ranchi Industrial Supply Co. 0721","contract_manufacturer","Ranchi","Jharkhand","India",30,83.9500,94.3200,"B","Y"
722,"SUP000722","SUP-000722","Warangal Industrial Supply Co. 0722","approved","Warangal","Telangana","India",45,89.5600,97.7700,"B","Y"
723,"SUP000723","SUP-000723","Warangal Industrial Supply Co. 0723","approved","Warangal","Telangana","India",30,95.9000,98.4000,"A","Y"
724,"SUP000724","SUP-000724","Warangal Industrial Supply Co. 0724","contract_manufacturer","Warangal","Telangana","India",30,67.1300,95.3200,"C","Y"
725,"SUP000725","SUP-000725","Nashik Industrial Supply Co. 0725","approved","Nashik","Maharashtra","India",60,86.4200,97.4200,"B","Y"
726,"SUP000726","SUP-000726","Noida Industrial Supply Co. 0726","approved","Noida","Uttar Pradesh","India",15,69.6000,91.6800,"C","Y"
727,"SUP000727","SUP-000727","Nagpur Industrial Supply Co. 0727","approved","Nagpur","Maharashtra","India",45,79.0500,90.3200,"C","Y"
728,"SUP000728","SUP-000728","Mangaluru Industrial Supply Co. 0728","approved","Mangaluru","Karnataka","India",60,94.2300,94.8800,"B","Y"
729,"SUP000729","SUP-000729","Jaipur Industrial Supply Co. 0729","strategic","Jaipur","Rajasthan","India",15,93.4200,99.9000,"A","Y"
730,"SUP000730","SUP-000730","Surat Industrial Supply Co. 0730","contract_manufacturer","Surat","Gujarat","India",45,68.6800,94.0700,"C","Y"
731,"SUP000731","SUP-000731","Jaipur Industrial Supply Co. 0731","strategic","Jaipur","Rajasthan","India",30,83.1200,92.3600,"B","Y"
732,"SUP000732","SUP-000732","Delhi Industrial Supply Co. 0732","contract_manufacturer","Delhi","Delhi","India",60,82.9500,99.9000,"B","Y"
733,"SUP000733","SUP-000733","Hyderabad Industrial Supply Co. 0733","strategic","Hyderabad","Telangana","India",45,88.0800,95.2000,"B","Y"
734,"SUP000734","SUP-000734","Surat Industrial Supply Co. 0734","contract_manufacturer","Surat","Gujarat","India",60,73.3500,99.4100,"C","Y"
735,"SUP000735","SUP-000735","Kolkata Industrial Supply Co. 0735","approved","Kolkata","West Bengal","India",30,81.0500,91.5100,"B","Y"
736,"SUP000736","SUP-000736","Mangaluru Industrial Supply Co. 0736","approved","Mangaluru","Karnataka","India",30,85.9300,99.9000,"B","Y"
737,"SUP000737","SUP-000737","Ranchi Industrial Supply Co. 0737","strategic","Ranchi","Jharkhand","India",45,74.9300,94.9900,"C","Y"
738,"SUP000738","SUP-000738","Delhi Industrial Supply Co. 0738","spot","Delhi","Delhi","India",30,99.8000,99.9000,"A","Y"
739,"SUP000739","SUP-000739","Hyderabad Industrial Supply Co. 0739","approved","Hyderabad","Telangana","India",45,82.3400,97.8300,"B","Y"
740,"SUP000740","SUP-000740","Pune Industrial Supply Co. 0740","approved","Pune","Maharashtra","India",30,88.4300,90.7300,"C","Y"
741,"SUP000741","SUP-000741","Surat Industrial Supply Co. 0741","approved","Surat","Gujarat","India",30,97.4200,92.8400,"B","Y"
742,"SUP000742","SUP-000742","Ranchi Industrial Supply Co. 0742","approved","Ranchi","Jharkhand","India",60,85.2500,97.1300,"B","Y"
743,"SUP000743","SUP-000743","Lucknow Industrial Supply Co. 0743","strategic","Lucknow","Uttar Pradesh","India",45,85.4100,96.0900,"B","Y"
744,"SUP000744","SUP-000744","Nashik Industrial Supply Co. 0744","approved","Nashik","Maharashtra","India",45,87.9700,96.6600,"B","Y"
745,"SUP000745","SUP-000745","Bengaluru Industrial Supply Co. 0745","approved","Bengaluru","Karnataka","India",30,92.0400,95.5600,"B","Y"
746,"SUP000746","SUP-000746","Bengaluru Industrial Supply Co. 0746","approved","Bengaluru","Karnataka","India",30,78.8600,99.9000,"C","Y"
747,"SUP000747","SUP-000747","Ranchi Industrial Supply Co. 0747","approved","Ranchi","Jharkhand","India",60,99.8000,95.6300,"B","Y"
748,"SUP000748","SUP-000748","Vijayawada Industrial Supply Co. 0748","approved","Vijayawada","Andhra Pradesh","India",30,93.3200,99.9000,"A","Y"
749,"SUP000749","SUP-000749","Warangal Industrial Supply Co. 0749","approved","Warangal","Telangana","India",45,58.7800,99.9000,"C","Y"
750,"SUP000750","SUP-000750","Nagpur Industrial Supply Co. 0750","spot","Nagpur","Maharashtra","India",30,85.4300,97.1100,"B","Y"
751,"SUP000751","SUP-000751","Mysuru Industrial Supply Co. 0751","approved","Mysuru","Karnataka","India",45,99.2800,95.9400,"B","Y"
752,"SUP000752","SUP-000752","Vijayawada Industrial Supply Co. 0752","approved","Vijayawada","Andhra Pradesh","India",60,99.8000,96.0000,"B","Y"
753,"SUP000753","SUP-000753","Bengaluru Industrial Supply Co. 0753","contract_manufacturer","Bengaluru","Karnataka","India",30,82.0200,99.6500,"B","Y"
754,"SUP000754","SUP-000754","Bhopal Industrial Supply Co. 0754","contract_manufacturer","Bhopal","Madhya Pradesh","India",15,72.7000,97.1300,"C","Y"
755,"SUP000755","SUP-000755","Bengaluru Industrial Supply Co. 0755","strategic","Bengaluru","Karnataka","India",15,96.4600,90.3200,"C","Y"
756,"SUP000756","SUP-000756","Ahmedabad Industrial Supply Co. 0756","approved","Ahmedabad","Gujarat","India",45,86.1400,93.7700,"B","Y"
757,"SUP000757","SUP-000757","Mumbai Industrial Supply Co. 0757","approved","Mumbai","Maharashtra","India",45,72.9400,95.2700,"C","Y"
758,"SUP000758","SUP-000758","Vijayawada Industrial Supply Co. 0758","strategic","Vijayawada","Andhra Pradesh","India",15,99.8000,94.3200,"B","Y"
759,"SUP000759","SUP-000759","Kolkata Industrial Supply Co. 0759","approved","Kolkata","West Bengal","India",30,89.5100,99.9000,"B","Y"
760,"SUP000760","SUP-000760","Jaipur Industrial Supply Co. 0760","approved","Jaipur","Rajasthan","India",45,89.5800,99.9000,"B","Y"
761,"SUP000761","SUP-000761","Delhi Industrial Supply Co. 0761","contract_manufacturer","Delhi","Delhi","India",45,81.0100,99.9000,"B","Y"
762,"SUP000762","SUP-000762","Lucknow Industrial Supply Co. 0762","contract_manufacturer","Lucknow","Uttar Pradesh","India",45,89.3700,95.2000,"B","Y"
763,"SUP000763","SUP-000763","Bengaluru Industrial Supply Co. 0763","approved","Bengaluru","Karnataka","India",30,82.8800,90.3400,"C","Y"
764,"SUP000764","SUP-000764","Bengaluru Industrial Supply Co. 0764","contract_manufacturer","Bengaluru","Karnataka","India",45,81.2100,97.1700,"B","Y"
765,"SUP000765","SUP-000765","Mangaluru Industrial Supply Co. 0765","spot","Mangaluru","Karnataka","India",30,78.2100,91.3900,"C","Y"
766,"SUP000766","SUP-000766","Mangaluru Industrial Supply Co. 0766","contract_manufacturer","Mangaluru","Karnataka","India",30,84.9100,99.6500,"B","Y"
767,"SUP000767","SUP-000767","Mysuru Industrial Supply Co. 0767","contract_manufacturer","Mysuru","Karnataka","India",45,87.3000,91.0500,"B","Y"
768,"SUP000768","SUP-000768","Ranchi Industrial Supply Co. 0768","contract_manufacturer","Ranchi","Jharkhand","India",15,89.8800,97.5900,"B","Y"
769,"SUP000769","SUP-000769","Bhopal Industrial Supply Co. 0769","approved","Bhopal","Madhya Pradesh","India",30,82.2000,97.4500,"B","Y"
770,"SUP000770","SUP-000770","Agra Industrial Supply Co. 0770","approved","Agra","Uttar Pradesh","India",45,93.0300,90.2300,"C","Y"
771,"SUP000771","SUP-000771","Indore Industrial Supply Co. 0771","approved","Indore","Madhya Pradesh","India",45,92.5800,94.9900,"B","Y"
772,"SUP000772","SUP-000772","Hyderabad Industrial Supply Co. 0772","approved","Hyderabad","Telangana","India",30,99.8000,98.7400,"A","Y"
773,"SUP000773","SUP-000773","Nagpur Industrial Supply Co. 0773","strategic","Nagpur","Maharashtra","India",60,84.8300,93.7600,"B","Y"
774,"SUP000774","SUP-000774","Nashik Industrial Supply Co. 0774","approved","Nashik","Maharashtra","India",30,95.4900,95.8300,"B","Y"
775,"SUP000775","SUP-000775","Delhi Industrial Supply Co. 0775","approved","Delhi","Delhi","India",60,92.2200,97.9500,"A","Y"
776,"SUP000776","SUP-000776","Noida Industrial Supply Co. 0776","strategic","Noida","Uttar Pradesh","India",30,76.2700,93.4700,"C","Y"
777,"SUP000777","SUP-000777","Vadodara Industrial Supply Co. 0777","approved","Vadodara","Gujarat","India",30,91.7100,95.4700,"B","Y"
778,"SUP000778","SUP-000778","Indore Industrial Supply Co. 0778","spot","Indore","Madhya Pradesh","India",15,91.4400,95.0100,"B","Y"
779,"SUP000779","SUP-000779","Vijayawada Industrial Supply Co. 0779","spot","Vijayawada","Andhra Pradesh","India",15,99.8000,94.3100,"B","Y"
780,"SUP000780","SUP-000780","Indore Industrial Supply Co. 0780","strategic","Indore","Madhya Pradesh","India",30,94.4700,99.1600,"A","Y"
781,"SUP000781","SUP-000781","Vijayawada Industrial Supply Co. 0781","approved","Vijayawada","Andhra Pradesh","India",30,94.5400,95.5500,"B","Y"
782,"SUP000782","SUP-000782","Warangal Industrial Supply Co. 0782","contract_manufacturer","Warangal","Telangana","India",45,99.8000,97.0900,"A","Y"
783,"SUP000783","SUP-000783","Vadodara Industrial Supply Co. 0783","approved","Vadodara","Gujarat","India",30,87.1100,95.3700,"B","Y"
784,"SUP000784","SUP-000784","Nagpur Industrial Supply Co. 0784","spot","Nagpur","Maharashtra","India",30,99.8000,96.5200,"B","Y"
785,"SUP000785","SUP-000785","Indore Industrial Supply Co. 0785","approved","Indore","Madhya Pradesh","India",30,86.4400,92.3000,"B","Y"
786,"SUP000786","SUP-000786","Surat Industrial Supply Co. 0786","approved","Surat","Gujarat","India",30,86.7500,98.8100,"B","Y"
787,"SUP000787","SUP-000787","Mysuru Industrial Supply Co. 0787","approved","Mysuru","Karnataka","India",15,83.8400,95.2000,"B","Y"
788,"SUP000788","SUP-000788","Hyderabad Industrial Supply Co. 0788","spot","Hyderabad","Telangana","India",45,74.3900,99.9000,"C","Y"
789,"SUP000789","SUP-000789","Bhopal Industrial Supply Co. 0789","approved","Bhopal","Madhya Pradesh","India",45,78.2700,95.9500,"C","Y"
790,"SUP000790","SUP-000790","Mumbai Industrial Supply Co. 0790","approved","Mumbai","Maharashtra","India",45,86.7400,99.0600,"B","Y"
791,"SUP000791","SUP-000791","Lucknow Industrial Supply Co. 0791","strategic","Lucknow","Uttar Pradesh","India",45,86.9500,95.5500,"B","Y"
792,"SUP000792","SUP-000792","Noida Industrial Supply Co. 0792","approved","Noida","Uttar Pradesh","India",45,80.4800,95.6100,"B","Y"
793,"SUP000793","SUP-000793","Noida Industrial Supply Co. 0793","approved","Noida","Uttar Pradesh","India",30,75.5300,96.5100,"C","Y"
794,"SUP000794","SUP-000794","Lucknow Industrial Supply Co. 0794","strategic","Lucknow","Uttar Pradesh","India",45,87.5100,98.6400,"B","Y"
795,"SUP000795","SUP-000795","Hyderabad Industrial Supply Co. 0795","spot","Hyderabad","Telangana","India",30,69.0800,97.5100,"C","Y"
796,"SUP000796","SUP-000796","Pune Industrial Supply Co. 0796","spot","Pune","Maharashtra","India",45,99.8000,95.7600,"B","Y"
797,"SUP000797","SUP-000797","Mangaluru Industrial Supply Co. 0797","contract_manufacturer","Mangaluru","Karnataka","India",60,83.9200,91.7600,"B","Y"
798,"SUP000798","SUP-000798","Vadodara Industrial Supply Co. 0798","approved","Vadodara","Gujarat","India",60,85.7700,95.1800,"B","Y"
799,"SUP000799","SUP-000799","Nashik Industrial Supply Co. 0799","spot","Nashik","Maharashtra","India",30,98.4100,98.2600,"A","Y"
800,"SUP000800","SUP-000800","Pune Industrial Supply Co. 0800","strategic","Pune","Maharashtra","India",30,86.8700,97.9100,"B","Y"
801,"SUP000801","SUP-000801","Chandigarh Industrial Supply Co. 0801","approved","Chandigarh","Chandigarh","India",45,87.0900,90.4400,"C","Y"
802,"SUP000802","SUP-000802","Agra Industrial Supply Co. 0802","contract_manufacturer","Agra","Uttar Pradesh","India",45,83.9900,93.6800,"B","Y"
803,"SUP000803","SUP-000803","Nagpur Industrial Supply Co. 0803","spot","Nagpur","Maharashtra","India",45,86.2700,92.3300,"B","Y"
804,"SUP000804","SUP-000804","Bhopal Industrial Supply Co. 0804","approved","Bhopal","Madhya Pradesh","India",45,99.8000,89.0800,"C","Y"
805,"SUP000805","SUP-000805","Mangaluru Industrial Supply Co. 0805","approved","Mangaluru","Karnataka","India",45,97.2300,94.8200,"B","Y"
806,"SUP000806","SUP-000806","Warangal Industrial Supply Co. 0806","approved","Warangal","Telangana","India",30,85.3300,99.9000,"B","Y"
807,"SUP000807","SUP-000807","Noida Industrial Supply Co. 0807","spot","Noida","Uttar Pradesh","India",30,88.2400,98.8100,"B","Y"
808,"SUP000808","SUP-000808","Nagpur Industrial Supply Co. 0808","approved","Nagpur","Maharashtra","India",45,92.2300,94.1100,"B","Y"
809,"SUP000809","SUP-000809","Mysuru Industrial Supply Co. 0809","contract_manufacturer","Mysuru","Karnataka","India",30,63.5200,94.2800,"C","Y"
810,"SUP000810","SUP-000810","Kolkata Industrial Supply Co. 0810","contract_manufacturer","Kolkata","West Bengal","India",15,93.9300,94.7700,"B","Y"
811,"SUP000811","SUP-000811","Mangaluru Industrial Supply Co. 0811","approved","Mangaluru","Karnataka","India",30,99.8000,92.4800,"B","Y"
812,"SUP000812","SUP-000812","Indore Industrial Supply Co. 0812","contract_manufacturer","Indore","Madhya Pradesh","India",30,59.0800,95.3900,"C","Y"
813,"SUP000813","SUP-000813","Bhopal Industrial Supply Co. 0813","contract_manufacturer","Bhopal","Madhya Pradesh","India",45,99.8000,93.7900,"B","Y"
814,"SUP000814","SUP-000814","Mangaluru Industrial Supply Co. 0814","approved","Mangaluru","Karnataka","India",45,98.2700,96.9300,"B","Y"
815,"SUP000815","SUP-000815","Surat Industrial Supply Co. 0815","approved","Surat","Gujarat","India",15,94.5800,97.3900,"A","Y"
816,"SUP000816","SUP-000816","Ahmedabad Industrial Supply Co. 0816","approved","Ahmedabad","Gujarat","India",30,87.6600,99.9000,"B","Y"
817,"SUP000817","SUP-000817","Lucknow Industrial Supply Co. 0817","contract_manufacturer","Lucknow","Uttar Pradesh","India",30,83.3800,88.1300,"C","Y"
818,"SUP000818","SUP-000818","Bhubaneswar Industrial Supply Co. 0818","approved","Bhubaneswar","Odisha","India",45,82.6200,95.5000,"B","Y"
819,"SUP000819","SUP-000819","Surat Industrial Supply Co. 0819","approved","Surat","Gujarat","India",45,88.0600,96.5900,"B","Y"
820,"SUP000820","SUP-000820","Vadodara Industrial Supply Co. 0820","approved","Vadodara","Gujarat","India",30,86.0200,95.0000,"B","Y"
821,"SUP000821","SUP-000821","Jaipur Industrial Supply Co. 0821","contract_manufacturer","Jaipur","Rajasthan","India",45,91.1300,96.5700,"B","Y"
822,"SUP000822","SUP-000822","Warangal Industrial Supply Co. 0822","strategic","Warangal","Telangana","India",15,85.9000,98.2400,"B","Y"
823,"SUP000823","SUP-000823","Mangaluru Industrial Supply Co. 0823","approved","Mangaluru","Karnataka","India",45,68.8500,99.9000,"C","Y"
824,"SUP000824","SUP-000824","Vijayawada Industrial Supply Co. 0824","strategic","Vijayawada","Andhra Pradesh","India",45,91.2500,93.0500,"B","Y"
825,"SUP000825","SUP-000825","Pune Industrial Supply Co. 0825","strategic","Pune","Maharashtra","India",30,80.9500,97.2400,"B","Y"
826,"SUP000826","SUP-000826","Delhi Industrial Supply Co. 0826","approved","Delhi","Delhi","India",45,99.8000,95.7100,"B","Y"
827,"SUP000827","SUP-000827","Lucknow Industrial Supply Co. 0827","approved","Lucknow","Uttar Pradesh","India",45,99.8000,94.0900,"B","Y"
828,"SUP000828","SUP-000828","Agra Industrial Supply Co. 0828","contract_manufacturer","Agra","Uttar Pradesh","India",30,65.2100,99.6700,"C","Y"
829,"SUP000829","SUP-000829","Mangaluru Industrial Supply Co. 0829","strategic","Mangaluru","Karnataka","India",45,79.7600,92.9700,"C","Y"
830,"SUP000830","SUP-000830","Delhi Industrial Supply Co. 0830","approved","Delhi","Delhi","India",15,99.8000,96.2700,"B","Y"
831,"SUP000831","SUP-000831","Surat Industrial Supply Co. 0831","approved","Surat","Gujarat","India",30,85.5900,95.9000,"B","Y"
832,"SUP000832","SUP-000832","Warangal Industrial Supply Co. 0832","approved","Warangal","Telangana","India",30,72.7700,95.9900,"C","Y"
833,"SUP000833","SUP-000833","Surat Industrial Supply Co. 0833","spot","Surat","Gujarat","India",30,72.7700,99.7900,"C","Y"
834,"SUP000834","SUP-000834","Ahmedabad Industrial Supply Co. 0834","strategic","Ahmedabad","Gujarat","India",45,83.8500,98.6000,"B","Y"
835,"SUP000835","SUP-000835","Delhi Industrial Supply Co. 0835","approved","Delhi","Delhi","India",60,81.3500,97.2100,"B","Y"
836,"SUP000836","SUP-000836","Indore Industrial Supply Co. 0836","approved","Indore","Madhya Pradesh","India",45,97.6300,96.1400,"B","Y"
837,"SUP000837","SUP-000837","Noida Industrial Supply Co. 0837","approved","Noida","Uttar Pradesh","India",45,92.4300,94.4600,"B","Y"
838,"SUP000838","SUP-000838","Mangaluru Industrial Supply Co. 0838","spot","Mangaluru","Karnataka","India",30,87.3500,95.6200,"B","Y"
839,"SUP000839","SUP-000839","Mumbai Industrial Supply Co. 0839","approved","Mumbai","Maharashtra","India",60,85.7600,95.5900,"B","Y"
840,"SUP000840","SUP-000840","Agra Industrial Supply Co. 0840","strategic","Agra","Uttar Pradesh","India",60,99.8000,97.3400,"A","Y"
841,"SUP000841","SUP-000841","Ahmedabad Industrial Supply Co. 0841","approved","Ahmedabad","Gujarat","India",30,75.0500,97.6200,"C","Y"
842,"SUP000842","SUP-000842","Kolkata Industrial Supply Co. 0842","contract_manufacturer","Kolkata","West Bengal","India",60,61.8100,97.0700,"C","Y"
843,"SUP000843","SUP-000843","Vijayawada Industrial Supply Co. 0843","strategic","Vijayawada","Andhra Pradesh","India",45,83.1200,92.0600,"B","Y"
844,"SUP000844","SUP-000844","Agra Industrial Supply Co. 0844","contract_manufacturer","Agra","Uttar Pradesh","India",30,96.9200,97.2300,"A","Y"
845,"SUP000845","SUP-000845","Indore Industrial Supply Co. 0845","approved","Indore","Madhya Pradesh","India",30,83.7600,98.8200,"B","Y"
846,"SUP000846","SUP-000846","Kolkata Industrial Supply Co. 0846","contract_manufacturer","Kolkata","West Bengal","India",45,81.7900,96.5400,"B","Y"
847,"SUP000847","SUP-000847","Indore Industrial Supply Co. 0847","approved","Indore","Madhya Pradesh","India",15,93.1800,98.0100,"A","Y"
848,"SUP000848","SUP-000848","Nagpur Industrial Supply Co. 0848","strategic","Nagpur","Maharashtra","India",30,86.3300,99.9000,"B","Y"
849,"SUP000849","SUP-000849","Jaipur Industrial Supply Co. 0849","approved","Jaipur","Rajasthan","India",45,76.1300,97.7700,"C","Y"
850,"SUP000850","SUP-000850","Mangaluru Industrial Supply Co. 0850","contract_manufacturer","Mangaluru","Karnataka","India",45,67.0900,97.3900,"C","Y"
851,"SUP000851","SUP-000851","Ranchi Industrial Supply Co. 0851","spot","Ranchi","Jharkhand","India",45,84.8800,96.0100,"B","Y"
852,"SUP000852","SUP-000852","Ahmedabad Industrial Supply Co. 0852","strategic","Ahmedabad","Gujarat","India",45,84.7800,97.5400,"B","Y"
853,"SUP000853","SUP-000853","Mangaluru Industrial Supply Co. 0853","approved","Mangaluru","Karnataka","India",30,67.9900,95.1400,"C","Y"
854,"SUP000854","SUP-000854","Warangal Industrial Supply Co. 0854","approved","Warangal","Telangana","India",60,99.8000,97.4500,"A","Y"
855,"SUP000855","SUP-000855","Delhi Industrial Supply Co. 0855","approved","Delhi","Delhi","India",30,83.9000,95.6700,"B","Y"
856,"SUP000856","SUP-000856","Bhubaneswar Industrial Supply Co. 0856","approved","Bhubaneswar","Odisha","India",60,96.5300,93.5700,"B","Y"
857,"SUP000857","SUP-000857","Nashik Industrial Supply Co. 0857","approved","Nashik","Maharashtra","India",30,98.2700,98.1100,"A","Y"
858,"SUP000858","SUP-000858","Mangaluru Industrial Supply Co. 0858","spot","Mangaluru","Karnataka","India",15,78.2100,94.7600,"C","Y"
859,"SUP000859","SUP-000859","Bhubaneswar Industrial Supply Co. 0859","approved","Bhubaneswar","Odisha","India",30,80.7600,99.9000,"B","Y"
860,"SUP000860","SUP-000860","Mumbai Industrial Supply Co. 0860","approved","Mumbai","Maharashtra","India",45,73.6400,98.6300,"C","Y"
861,"SUP000861","SUP-000861","Agra Industrial Supply Co. 0861","approved","Agra","Uttar Pradesh","India",30,84.8800,94.6400,"B","Y"
862,"SUP000862","SUP-000862","Bengaluru Industrial Supply Co. 0862","spot","Bengaluru","Karnataka","India",45,96.7100,92.1000,"B","Y"
863,"SUP000863","SUP-000863","Bhopal Industrial Supply Co. 0863","approved","Bhopal","Madhya Pradesh","India",30,84.8800,92.7500,"B","Y"
864,"SUP000864","SUP-000864","Vadodara Industrial Supply Co. 0864","contract_manufacturer","Vadodara","Gujarat","India",30,68.0400,90.9900,"C","Y"
865,"SUP000865","SUP-000865","Nagpur Industrial Supply Co. 0865","approved","Nagpur","Maharashtra","India",60,88.4500,96.2200,"B","Y"
866,"SUP000866","SUP-000866","Ranchi Industrial Supply Co. 0866","contract_manufacturer","Ranchi","Jharkhand","India",30,83.2600,99.4400,"B","Y"
867,"SUP000867","SUP-000867","Noida Industrial Supply Co. 0867","approved","Noida","Uttar Pradesh","India",30,99.1600,95.6800,"B","Y"
868,"SUP000868","SUP-000868","Vijayawada Industrial Supply Co. 0868","approved","Vijayawada","Andhra Pradesh","India",15,87.3200,99.9000,"B","Y"
869,"SUP000869","SUP-000869","Chandigarh Industrial Supply Co. 0869","approved","Chandigarh","Chandigarh","India",45,83.4100,94.9300,"B","Y"
870,"SUP000870","SUP-000870","Noida Industrial Supply Co. 0870","spot","Noida","Uttar Pradesh","India",30,97.7300,99.9000,"A","Y"
871,"SUP000871","SUP-000871","Ranchi Industrial Supply Co. 0871","approved","Ranchi","Jharkhand","India",60,95.0800,92.0000,"B","Y"
872,"SUP000872","SUP-000872","Mangaluru Industrial Supply Co. 0872","contract_manufacturer","Mangaluru","Karnataka","India",45,88.6000,84.3800,"C","Y"
873,"SUP000873","SUP-000873","Ranchi Industrial Supply Co. 0873","strategic","Ranchi","Jharkhand","India",30,83.2200,96.8700,"B","Y"
874,"SUP000874","SUP-000874","Bhubaneswar Industrial Supply Co. 0874","contract_manufacturer","Bhubaneswar","Odisha","India",30,87.0300,98.3100,"B","Y"
875,"SUP000875","SUP-000875","Kolkata Industrial Supply Co. 0875","approved","Kolkata","West Bengal","India",45,77.8200,95.3500,"C","Y"
876,"SUP000876","SUP-000876","Kolkata Industrial Supply Co. 0876","approved","Kolkata","West Bengal","India",45,95.1900,92.7300,"B","Y"
877,"SUP000877","SUP-000877","Bhopal Industrial Supply Co. 0877","strategic","Bhopal","Madhya Pradesh","India",15,77.1000,95.9800,"C","Y"
878,"SUP000878","SUP-000878","Vadodara Industrial Supply Co. 0878","approved","Vadodara","Gujarat","India",45,85.4700,97.2300,"B","Y"
879,"SUP000879","SUP-000879","Noida Industrial Supply Co. 0879","spot","Noida","Uttar Pradesh","India",30,86.4800,97.8300,"B","Y"
880,"SUP000880","SUP-000880","Mysuru Industrial Supply Co. 0880","contract_manufacturer","Mysuru","Karnataka","India",45,75.3600,96.9100,"C","Y"
881,"SUP000881","SUP-000881","Noida Industrial Supply Co. 0881","approved","Noida","Uttar Pradesh","India",60,88.0300,95.1300,"B","Y"
882,"SUP000882","SUP-000882","Jaipur Industrial Supply Co. 0882","strategic","Jaipur","Rajasthan","India",45,98.4100,97.5500,"A","Y"
883,"SUP000883","SUP-000883","Surat Industrial Supply Co. 0883","strategic","Surat","Gujarat","India",30,79.4600,98.8000,"C","Y"
884,"SUP000884","SUP-000884","Indore Industrial Supply Co. 0884","strategic","Indore","Madhya Pradesh","India",15,95.7700,98.9900,"A","Y"
885,"SUP000885","SUP-000885","Jaipur Industrial Supply Co. 0885","approved","Jaipur","Rajasthan","India",60,77.0200,97.9100,"C","Y"
886,"SUP000886","SUP-000886","Indore Industrial Supply Co. 0886","approved","Indore","Madhya Pradesh","India",30,80.7000,93.3300,"B","Y"
887,"SUP000887","SUP-000887","Hyderabad Industrial Supply Co. 0887","spot","Hyderabad","Telangana","India",30,84.8100,99.9000,"B","Y"
888,"SUP000888","SUP-000888","Jaipur Industrial Supply Co. 0888","approved","Jaipur","Rajasthan","India",15,85.6300,96.4400,"B","Y"
889,"SUP000889","SUP-000889","Vijayawada Industrial Supply Co. 0889","approved","Vijayawada","Andhra Pradesh","India",30,86.3700,96.3400,"B","Y"
890,"SUP000890","SUP-000890","Bhubaneswar Industrial Supply Co. 0890","contract_manufacturer","Bhubaneswar","Odisha","India",30,94.5700,99.9000,"A","Y"
891,"SUP000891","SUP-000891","Pune Industrial Supply Co. 0891","spot","Pune","Maharashtra","India",45,82.7400,95.0700,"B","Y"
892,"SUP000892","SUP-000892","Ranchi Industrial Supply Co. 0892","strategic","Ranchi","Jharkhand","India",30,92.7200,95.4400,"B","Y"
893,"SUP000893","SUP-000893","Hyderabad Industrial Supply Co. 0893","approved","Hyderabad","Telangana","India",30,99.8000,92.9500,"B","Y"
894,"SUP000894","SUP-000894","Noida Industrial Supply Co. 0894","spot","Noida","Uttar Pradesh","India",45,86.3100,93.4700,"B","Y"
895,"SUP000895","SUP-000895","Agra Industrial Supply Co. 0895","approved","Agra","Uttar Pradesh","India",45,78.8800,99.9000,"C","Y"
896,"SUP000896","SUP-000896","Nashik Industrial Supply Co. 0896","contract_manufacturer","Nashik","Maharashtra","India",15,90.3800,92.9800,"B","Y"
897,"SUP000897","SUP-000897","Hyderabad Industrial Supply Co. 0897","contract_manufacturer","Hyderabad","Telangana","India",30,77.3700,98.0600,"C","Y"
898,"SUP000898","SUP-000898","Pune Industrial Supply Co. 0898","strategic","Pune","Maharashtra","India",45,76.2800,95.6300,"C","Y"
899,"SUP000899","SUP-000899","Mumbai Industrial Supply Co. 0899","approved","Mumbai","Maharashtra","India",45,93.7700,99.9000,"A","Y"
900,"SUP000900","SUP-000900","Noida Industrial Supply Co. 0900","strategic","Noida","Uttar Pradesh","India",45,87.3500,90.4700,"C","Y"
901,"SUP000901","SUP-000901","Ranchi Industrial Supply Co. 0901","approved","Ranchi","Jharkhand","India",30,89.0300,96.7600,"B","Y"
902,"SUP000902","SUP-000902","Mumbai Industrial Supply Co. 0902","approved","Mumbai","Maharashtra","India",15,97.9300,97.6100,"A","Y"
903,"SUP000903","SUP-000903","Mysuru Industrial Supply Co. 0903","approved","Mysuru","Karnataka","India",30,81.2400,95.9300,"B","Y"
904,"SUP000904","SUP-000904","Bhubaneswar Industrial Supply Co. 0904","strategic","Bhubaneswar","Odisha","India",60,76.5200,89.1900,"C","Y"
905,"SUP000905","SUP-000905","Vadodara Industrial Supply Co. 0905","strategic","Vadodara","Gujarat","India",30,86.5800,94.9100,"B","Y"
906,"SUP000906","SUP-000906","Jaipur Industrial Supply Co. 0906","approved","Jaipur","Rajasthan","India",60,82.2800,98.2000,"B","Y"
907,"SUP000907","SUP-000907","Bhopal Industrial Supply Co. 0907","approved","Bhopal","Madhya Pradesh","India",30,90.1600,92.2400,"B","Y"
908,"SUP000908","SUP-000908","Delhi Industrial Supply Co. 0908","strategic","Delhi","Delhi","India",60,85.3800,97.9600,"B","Y"
909,"SUP000909","SUP-000909","Agra Industrial Supply Co. 0909","approved","Agra","Uttar Pradesh","India",45,89.4200,94.8200,"B","Y"
910,"SUP000910","SUP-000910","Pune Industrial Supply Co. 0910","strategic","Pune","Maharashtra","India",45,76.2600,91.3800,"C","Y"
911,"SUP000911","SUP-000911","Nagpur Industrial Supply Co. 0911","contract_manufacturer","Nagpur","Maharashtra","India",60,89.3500,99.9000,"B","Y"
912,"SUP000912","SUP-000912","Indore Industrial Supply Co. 0912","spot","Indore","Madhya Pradesh","India",30,92.5200,93.3400,"B","Y"
913,"SUP000913","SUP-000913","Noida Industrial Supply Co. 0913","approved","Noida","Uttar Pradesh","India",30,81.9700,95.7700,"B","Y"
914,"SUP000914","SUP-000914","Noida Industrial Supply Co. 0914","strategic","Noida","Uttar Pradesh","India",30,90.1000,96.2300,"B","Y"
915,"SUP000915","SUP-000915","Mangaluru Industrial Supply Co. 0915","approved","Mangaluru","Karnataka","India",30,72.5500,95.7400,"C","Y"
916,"SUP000916","SUP-000916","Warangal Industrial Supply Co. 0916","approved","Warangal","Telangana","India",30,86.4200,97.5300,"B","Y"
917,"SUP000917","SUP-000917","Vadodara Industrial Supply Co. 0917","approved","Vadodara","Gujarat","India",30,89.6100,97.9600,"B","Y"
918,"SUP000918","SUP-000918","Warangal Industrial Supply Co. 0918","approved","Warangal","Telangana","India",45,81.2900,95.5700,"B","Y"
919,"SUP000919","SUP-000919","Warangal Industrial Supply Co. 0919","approved","Warangal","Telangana","India",45,79.8700,93.3700,"C","Y"
920,"SUP000920","SUP-000920","Nagpur Industrial Supply Co. 0920","approved","Nagpur","Maharashtra","India",45,92.5100,91.1900,"B","Y"
921,"SUP000921","SUP-000921","Pune Industrial Supply Co. 0921","approved","Pune","Maharashtra","India",45,82.9700,99.9000,"B","Y"
922,"SUP000922","SUP-000922","Bhopal Industrial Supply Co. 0922","approved","Bhopal","Madhya Pradesh","India",30,73.3300,95.2400,"C","Y"
923,"SUP000923","SUP-000923","Chandigarh Industrial Supply Co. 0923","contract_manufacturer","Chandigarh","Chandigarh","India",30,98.9800,95.5900,"B","Y"
924,"SUP000924","SUP-000924","Nagpur Industrial Supply Co. 0924","approved","Nagpur","Maharashtra","India",60,89.9500,94.8800,"B","Y"
925,"SUP000925","SUP-000925","Mysuru Industrial Supply Co. 0925","approved","Mysuru","Karnataka","India",15,75.1500,95.8200,"C","Y"
926,"SUP000926","SUP-000926","Hyderabad Industrial Supply Co. 0926","approved","Hyderabad","Telangana","India",45,77.1100,97.9800,"C","Y"
927,"SUP000927","SUP-000927","Kolkata Industrial Supply Co. 0927","approved","Kolkata","West Bengal","India",45,80.0600,97.2800,"B","Y"
928,"SUP000928","SUP-000928","Vadodara Industrial Supply Co. 0928","approved","Vadodara","Gujarat","India",60,98.6000,91.1100,"B","Y"
929,"SUP000929","SUP-000929","Kolkata Industrial Supply Co. 0929","strategic","Kolkata","West Bengal","India",30,87.4100,97.1300,"B","Y"
930,"SUP000930","SUP-000930","Mangaluru Industrial Supply Co. 0930","spot","Mangaluru","Karnataka","India",45,93.4500,93.6400,"B","Y"
931,"SUP000931","SUP-000931","Bhubaneswar Industrial Supply Co. 0931","approved","Bhubaneswar","Odisha","India",45,92.4900,93.6600,"B","Y"
932,"SUP000932","SUP-000932","Vadodara Industrial Supply Co. 0932","strategic","Vadodara","Gujarat","India",45,75.2000,96.4900,"C","Y"
933,"SUP000933","SUP-000933","Chandigarh Industrial Supply Co. 0933","contract_manufacturer","Chandigarh","Chandigarh","India",30,90.1600,96.2300,"B","Y"
934,"SUP000934","SUP-000934","Indore Industrial Supply Co. 0934","spot","Indore","Madhya Pradesh","India",45,97.1100,94.4400,"B","Y"
935,"SUP000935","SUP-000935","Surat Industrial Supply Co. 0935","strategic","Surat","Gujarat","India",60,78.9900,98.1000,"C","Y"
936,"SUP000936","SUP-000936","Mumbai Industrial Supply Co. 0936","strategic","Mumbai","Maharashtra","India",60,79.8800,98.1000,"C","Y"
937,"SUP000937","SUP-000937","Bhopal Industrial Supply Co. 0937","approved","Bhopal","Madhya Pradesh","India",60,86.0500,87.9600,"C","Y"
938,"SUP000938","SUP-000938","Vadodara Industrial Supply Co. 0938","approved","Vadodara","Gujarat","India",45,99.8000,98.7600,"A","Y"
939,"SUP000939","SUP-000939","Mysuru Industrial Supply Co. 0939","strategic","Mysuru","Karnataka","India",30,91.2200,95.0700,"B","Y"
940,"SUP000940","SUP-000940","Jaipur Industrial Supply Co. 0940","approved","Jaipur","Rajasthan","India",45,81.7800,98.1800,"B","Y"
941,"SUP000941","SUP-000941","Lucknow Industrial Supply Co. 0941","approved","Lucknow","Uttar Pradesh","India",45,88.3100,91.3200,"B","Y"
942,"SUP000942","SUP-000942","Bhubaneswar Industrial Supply Co. 0942","approved","Bhubaneswar","Odisha","India",60,79.2100,93.9400,"C","Y"
943,"SUP000943","SUP-000943","Mumbai Industrial Supply Co. 0943","approved","Mumbai","Maharashtra","India",45,87.6300,99.0800,"B","Y"
944,"SUP000944","SUP-000944","Hyderabad Industrial Supply Co. 0944","approved","Hyderabad","Telangana","India",30,62.4000,98.5400,"C","Y"
945,"SUP000945","SUP-000945","Vadodara Industrial Supply Co. 0945","approved","Vadodara","Gujarat","India",45,70.5300,97.0600,"C","Y"
946,"SUP000946","SUP-000946","Kolkata Industrial Supply Co. 0946","approved","Kolkata","West Bengal","India",45,90.2500,93.9600,"B","Y"
947,"SUP000947","SUP-000947","Vijayawada Industrial Supply Co. 0947","strategic","Vijayawada","Andhra Pradesh","India",30,84.0300,95.4200,"B","Y"
948,"SUP000948","SUP-000948","Mysuru Industrial Supply Co. 0948","approved","Mysuru","Karnataka","India",30,79.7700,95.7700,"C","Y"
949,"SUP000949","SUP-000949","Delhi Industrial Supply Co. 0949","approved","Delhi","Delhi","India",30,79.3100,92.6100,"C","Y"
950,"SUP000950","SUP-000950","Ranchi Industrial Supply Co. 0950","approved","Ranchi","Jharkhand","India",60,99.8000,97.2300,"A","Y"
951,"SUP000951","SUP-000951","Bengaluru Industrial Supply Co. 0951","strategic","Bengaluru","Karnataka","India",30,69.6000,96.0500,"C","Y"
952,"SUP000952","SUP-000952","Nashik Industrial Supply Co. 0952","approved","Nashik","Maharashtra","India",30,99.8000,96.0200,"B","Y"
953,"SUP000953","SUP-000953","Pune Industrial Supply Co. 0953","approved","Pune","Maharashtra","India",15,91.7100,99.9000,"B","Y"
954,"SUP000954","SUP-000954","Bengaluru Industrial Supply Co. 0954","approved","Bengaluru","Karnataka","India",45,96.1400,95.5100,"B","Y"
955,"SUP000955","SUP-000955","Indore Industrial Supply Co. 0955","contract_manufacturer","Indore","Madhya Pradesh","India",45,76.5300,96.9400,"C","Y"
956,"SUP000956","SUP-000956","Mysuru Industrial Supply Co. 0956","approved","Mysuru","Karnataka","India",60,95.1000,89.4800,"C","Y"
957,"SUP000957","SUP-000957","Noida Industrial Supply Co. 0957","approved","Noida","Uttar Pradesh","India",45,84.4400,93.8900,"B","Y"
958,"SUP000958","SUP-000958","Bhubaneswar Industrial Supply Co. 0958","strategic","Bhubaneswar","Odisha","India",30,99.8000,90.7300,"C","Y"
959,"SUP000959","SUP-000959","Hyderabad Industrial Supply Co. 0959","contract_manufacturer","Hyderabad","Telangana","India",45,79.6000,93.0100,"C","Y"
960,"SUP000960","SUP-000960","Pune Industrial Supply Co. 0960","spot","Pune","Maharashtra","India",30,88.8800,91.0500,"B","Y"
961,"SUP000961","SUP-000961","Hyderabad Industrial Supply Co. 0961","approved","Hyderabad","Telangana","India",30,77.8800,94.4000,"C","Y"
962,"SUP000962","SUP-000962","Chandigarh Industrial Supply Co. 0962","approved","Chandigarh","Chandigarh","India",30,88.5200,98.7400,"B","Y"
963,"SUP000963","SUP-000963","Mumbai Industrial Supply Co. 0963","approved","Mumbai","Maharashtra","India",30,80.4400,96.2600,"B","Y"
964,"SUP000964","SUP-000964","Surat Industrial Supply Co. 0964","approved","Surat","Gujarat","India",60,97.2100,96.0600,"B","Y"
965,"SUP000965","SUP-000965","Mysuru Industrial Supply Co. 0965","approved","Mysuru","Karnataka","India",45,92.6900,97.3700,"A","Y"
966,"SUP000966","SUP-000966","Pune Industrial Supply Co. 0966","strategic","Pune","Maharashtra","India",45,83.8100,95.1600,"B","Y"
967,"SUP000967","SUP-000967","Vijayawada Industrial Supply Co. 0967","spot","Vijayawada","Andhra Pradesh","India",15,79.7200,94.0800,"C","Y"
968,"SUP000968","SUP-000968","Kolkata Industrial Supply Co. 0968","strategic","Kolkata","West Bengal","India",60,92.0300,96.4200,"B","Y"
969,"SUP000969","SUP-000969","Vadodara Industrial Supply Co. 0969","contract_manufacturer","Vadodara","Gujarat","India",45,91.4900,96.8600,"B","Y"
970,"SUP000970","SUP-000970","Jaipur Industrial Supply Co. 0970","approved","Jaipur","Rajasthan","India",30,77.7400,98.1000,"C","Y"
971,"SUP000971","SUP-000971","Chandigarh Industrial Supply Co. 0971","approved","Chandigarh","Chandigarh","India",30,97.2800,99.9000,"A","Y"
972,"SUP000972","SUP-000972","Warangal Industrial Supply Co. 0972","approved","Warangal","Telangana","India",30,91.1300,93.4300,"B","Y"
973,"SUP000973","SUP-000973","Vijayawada Industrial Supply Co. 0973","strategic","Vijayawada","Andhra Pradesh","India",30,86.6700,99.9000,"B","Y"
974,"SUP000974","SUP-000974","Surat Industrial Supply Co. 0974","strategic","Surat","Gujarat","India",60,83.7200,91.5600,"B","Y"
975,"SUP000975","SUP-000975","Mangaluru Industrial Supply Co. 0975","strategic","Mangaluru","Karnataka","India",45,88.7600,98.8300,"B","Y"
976,"SUP000976","SUP-000976","Indore Industrial Supply Co. 0976","approved","Indore","Madhya Pradesh","India",60,80.4900,98.0000,"B","Y"
977,"SUP000977","SUP-000977","Jaipur Industrial Supply Co. 0977","approved","Jaipur","Rajasthan","India",45,82.3200,91.9300,"B","Y"
978,"SUP000978","SUP-000978","Jaipur Industrial Supply Co. 0978","approved","Jaipur","Rajasthan","India",30,82.9200,98.7500,"B","Y"
979,"SUP000979","SUP-000979","Bhubaneswar Industrial Supply Co. 0979","approved","Bhubaneswar","Odisha","India",45,90.8400,96.2300,"B","Y"
980,"SUP000980","SUP-000980","Indore Industrial Supply Co. 0980","approved","Indore","Madhya Pradesh","India",45,80.0100,91.7800,"B","Y"
981,"SUP000981","SUP-000981","Ahmedabad Industrial Supply Co. 0981","approved","Ahmedabad","Gujarat","India",30,85.1900,99.9000,"B","Y"
982,"SUP000982","SUP-000982","Warangal Industrial Supply Co. 0982","strategic","Warangal","Telangana","India",45,88.6700,93.5200,"B","Y"
983,"SUP000983","SUP-000983","Lucknow Industrial Supply Co. 0983","spot","Lucknow","Uttar Pradesh","India",45,78.4000,92.9800,"C","Y"
984,"SUP000984","SUP-000984","Mysuru Industrial Supply Co. 0984","spot","Mysuru","Karnataka","India",60,83.6300,95.9800,"B","Y"
985,"SUP000985","SUP-000985","Agra Industrial Supply Co. 0985","strategic","Agra","Uttar Pradesh","India",60,97.1700,99.9000,"A","Y"
986,"SUP000986","SUP-000986","Bhubaneswar Industrial Supply Co. 0986","strategic","Bhubaneswar","Odisha","India",45,99.8000,94.3200,"B","Y"
987,"SUP000987","SUP-000987","Mumbai Industrial Supply Co. 0987","contract_manufacturer","Mumbai","Maharashtra","India",30,96.3800,99.9000,"A","Y"
988,"SUP000988","SUP-000988","Jaipur Industrial Supply Co. 0988","spot","Jaipur","Rajasthan","India",30,90.3200,95.6800,"B","Y"
989,"SUP000989","SUP-000989","Hyderabad Industrial Supply Co. 0989","strategic","Hyderabad","Telangana","India",15,78.2300,95.1500,"C","Y"
990,"SUP000990","SUP-000990","Bengaluru Industrial Supply Co. 0990","contract_manufacturer","Bengaluru","Karnataka","India",45,80.7800,96.2300,"B","Y"
991,"SUP000991","SUP-000991","Ranchi Industrial Supply Co. 0991","strategic","Ranchi","Jharkhand","India",30,85.8900,95.4600,"B","Y"
992,"SUP000992","SUP-000992","Mangaluru Industrial Supply Co. 0992","approved","Mangaluru","Karnataka","India",45,91.9500,93.4300,"B","Y"
993,"SUP000993","SUP-000993","Kolkata Industrial Supply Co. 0993","spot","Kolkata","West Bengal","India",45,94.2900,99.3200,"A","Y"
994,"SUP000994","SUP-000994","Ranchi Industrial Supply Co. 0994","spot","Ranchi","Jharkhand","India",30,96.4700,90.7500,"C","Y"
995,"SUP000995","SUP-000995","Mysuru Industrial Supply Co. 0995","approved","Mysuru","Karnataka","India",45,74.2200,96.7900,"C","Y"
996,"SUP000996","SUP-000996","Indore Industrial Supply Co. 0996","strategic","Indore","Madhya Pradesh","India",45,93.4600,98.1200,"A","Y"
997,"SUP000997","SUP-000997","Surat Industrial Supply Co. 0997","contract_manufacturer","Surat","Gujarat","India",45,65.5600,93.6100,"C","Y"
998,"SUP000998","SUP-000998","Ahmedabad Industrial Supply Co. 0998","approved","Ahmedabad","Gujarat","India",30,97.5700,95.2700,"B","Y"
999,"SUP000999","SUP-000999","Kolkata Industrial Supply Co. 0999","approved","Kolkata","West Bengal","India",30,80.8100,99.9000,"B","Y"
1000,"SUP001000","SUP-001000","Vadodara Industrial Supply Co. 1000","approved","Vadodara","Gujarat","India",45,77.2300,93.8000,"C","Y"
1001,"SUP001001","SUP-001001","Delhi Industrial Supply Co. 1001","contract_manufacturer","Delhi","Delhi","India",30,81.5000,99.7800,"B","Y"
1002,"SUP001002","SUP-001002","Bhubaneswar Industrial Supply Co. 1002","approved","Bhubaneswar","Odisha","India",60,82.9300,95.7700,"B","Y"
1003,"SUP001003","SUP-001003","Pune Industrial Supply Co. 1003","spot","Pune","Maharashtra","India",45,79.0200,95.7000,"C","Y"
1004,"SUP001004","SUP-001004","Vadodara Industrial Supply Co. 1004","spot","Vadodara","Gujarat","India",30,99.8000,94.8200,"B","Y"
1005,"SUP001005","SUP-001005","Chandigarh Industrial Supply Co. 1005","strategic","Chandigarh","Chandigarh","India",60,99.8000,88.6500,"C","Y"
1006,"SUP001006","SUP-001006","Agra Industrial Supply Co. 1006","strategic","Agra","Uttar Pradesh","India",30,99.8000,94.3400,"B","Y"
1007,"SUP001007","SUP-001007","Bhubaneswar Industrial Supply Co. 1007","approved","Bhubaneswar","Odisha","India",30,92.5900,99.9000,"A","Y"
1008,"SUP001008","SUP-001008","Hyderabad Industrial Supply Co. 1008","spot","Hyderabad","Telangana","India",30,83.1700,96.2600,"B","Y"
1009,"SUP001009","SUP-001009","Vadodara Industrial Supply Co. 1009","spot","Vadodara","Gujarat","India",15,84.3900,92.4700,"B","Y"
1010,"SUP001010","SUP-001010","Agra Industrial Supply Co. 1010","approved","Agra","Uttar Pradesh","India",30,96.6300,93.8600,"B","Y"
1011,"SUP001011","SUP-001011","Hyderabad Industrial Supply Co. 1011","strategic","Hyderabad","Telangana","India",30,93.6300,94.2800,"B","Y"
1012,"SUP001012","SUP-001012","Lucknow Industrial Supply Co. 1012","strategic","Lucknow","Uttar Pradesh","India",30,99.8000,95.6900,"B","Y"
1013,"SUP001013","SUP-001013","Chandigarh Industrial Supply Co. 1013","approved","Chandigarh","Chandigarh","India",45,90.5700,98.6400,"B","Y"
1014,"SUP001014","SUP-001014","Bhubaneswar Industrial Supply Co. 1014","approved","Bhubaneswar","Odisha","India",60,93.6600,97.3700,"A","Y"
1015,"SUP001015","SUP-001015","Vijayawada Industrial Supply Co. 1015","contract_manufacturer","Vijayawada","Andhra Pradesh","India",45,89.4800,97.9800,"B","Y"
1016,"SUP001016","SUP-001016","Ahmedabad Industrial Supply Co. 1016","approved","Ahmedabad","Gujarat","India",60,93.0300,98.3300,"A","Y"
1017,"SUP001017","SUP-001017","Noida Industrial Supply Co. 1017","strategic","Noida","Uttar Pradesh","India",30,92.6200,94.8500,"B","Y"
1018,"SUP001018","SUP-001018","Delhi Industrial Supply Co. 1018","contract_manufacturer","Delhi","Delhi","India",45,74.2900,97.3500,"C","Y"
1019,"SUP001019","SUP-001019","Warangal Industrial Supply Co. 1019","approved","Warangal","Telangana","India",30,95.8200,94.6100,"B","Y"
1020,"SUP001020","SUP-001020","Vijayawada Industrial Supply Co. 1020","approved","Vijayawada","Andhra Pradesh","India",15,94.5700,99.9000,"A","Y"
1021,"SUP001021","SUP-001021","Lucknow Industrial Supply Co. 1021","spot","Lucknow","Uttar Pradesh","India",15,86.8600,94.0000,"B","Y"
1022,"SUP001022","SUP-001022","Pune Industrial Supply Co. 1022","spot","Pune","Maharashtra","India",30,85.5100,94.9300,"B","Y"
1023,"SUP001023","SUP-001023","Indore Industrial Supply Co. 1023","spot","Indore","Madhya Pradesh","India",30,87.0300,99.9000,"B","Y"
1024,"SUP001024","SUP-001024","Jaipur Industrial Supply Co. 1024","contract_manufacturer","Jaipur","Rajasthan","India",30,85.7500,98.0000,"B","Y"
1025,"SUP001025","SUP-001025","Lucknow Industrial Supply Co. 1025","strategic","Lucknow","Uttar Pradesh","India",30,93.0100,99.0800,"A","Y"
1026,"SUP001026","SUP-001026","Bhopal Industrial Supply Co. 1026","approved","Bhopal","Madhya Pradesh","India",30,69.7200,95.1500,"C","Y"
1027,"SUP001027","SUP-001027","Hyderabad Industrial Supply Co. 1027","contract_manufacturer","Hyderabad","Telangana","India",30,84.6000,90.8100,"C","Y"
1028,"SUP001028","SUP-001028","Indore Industrial Supply Co. 1028","approved","Indore","Madhya Pradesh","India",45,89.6500,88.8900,"C","Y"
1029,"SUP001029","SUP-001029","Mysuru Industrial Supply Co. 1029","approved","Mysuru","Karnataka","India",30,91.6700,98.5400,"B","Y"
1030,"SUP001030","SUP-001030","Mumbai Industrial Supply Co. 1030","approved","Mumbai","Maharashtra","India",30,74.7000,94.2600,"C","Y"
1031,"SUP001031","SUP-001031","Agra Industrial Supply Co. 1031","approved","Agra","Uttar Pradesh","India",15,97.0400,91.4900,"B","Y"
1032,"SUP001032","SUP-001032","Mysuru Industrial Supply Co. 1032","spot","Mysuru","Karnataka","India",60,83.7800,99.9000,"B","Y"
1033,"SUP001033","SUP-001033","Mumbai Industrial Supply Co. 1033","spot","Mumbai","Maharashtra","India",30,78.2100,99.9000,"C","Y"
1034,"SUP001034","SUP-001034","Lucknow Industrial Supply Co. 1034","strategic","Lucknow","Uttar Pradesh","India",15,83.3000,96.8500,"B","Y"
1035,"SUP001035","SUP-001035","Pune Industrial Supply Co. 1035","strategic","Pune","Maharashtra","India",30,86.6700,96.7800,"B","Y"
1036,"SUP001036","SUP-001036","Bhubaneswar Industrial Supply Co. 1036","approved","Bhubaneswar","Odisha","India",30,97.4400,97.6600,"A","Y"
1037,"SUP001037","SUP-001037","Nagpur Industrial Supply Co. 1037","approved","Nagpur","Maharashtra","India",15,77.8900,95.7900,"C","Y"
1038,"SUP001038","SUP-001038","Noida Industrial Supply Co. 1038","spot","Noida","Uttar Pradesh","India",30,85.0600,95.2900,"B","Y"
1039,"SUP001039","SUP-001039","Agra Industrial Supply Co. 1039","approved","Agra","Uttar Pradesh","India",30,99.1900,96.3100,"B","Y"
1040,"SUP001040","SUP-001040","Pune Industrial Supply Co. 1040","approved","Pune","Maharashtra","India",30,79.2000,96.1400,"C","Y"
1041,"SUP001041","SUP-001041","Ranchi Industrial Supply Co. 1041","approved","Ranchi","Jharkhand","India",15,95.4300,94.5000,"B","Y"
1042,"SUP001042","SUP-001042","Indore Industrial Supply Co. 1042","approved","Indore","Madhya Pradesh","India",45,83.2000,99.1400,"B","Y"
1043,"SUP001043","SUP-001043","Hyderabad Industrial Supply Co. 1043","approved","Hyderabad","Telangana","India",30,99.8000,98.0000,"A","Y"
1044,"SUP001044","SUP-001044","Bengaluru Industrial Supply Co. 1044","spot","Bengaluru","Karnataka","India",30,98.3700,95.4000,"B","Y"
1045,"SUP001045","SUP-001045","Vijayawada Industrial Supply Co. 1045","spot","Vijayawada","Andhra Pradesh","India",45,82.2900,93.5100,"B","Y"
1046,"SUP001046","SUP-001046","Mumbai Industrial Supply Co. 1046","contract_manufacturer","Mumbai","Maharashtra","India",45,94.5600,93.2500,"B","Y"
1047,"SUP001047","SUP-001047","Jaipur Industrial Supply Co. 1047","approved","Jaipur","Rajasthan","India",30,89.9600,99.9000,"B","Y"
1048,"SUP001048","SUP-001048","Hyderabad Industrial Supply Co. 1048","strategic","Hyderabad","Telangana","India",15,75.8000,91.7600,"C","Y"
1049,"SUP001049","SUP-001049","Agra Industrial Supply Co. 1049","approved","Agra","Uttar Pradesh","India",60,86.5900,97.3100,"B","Y"
1050,"SUP001050","SUP-001050","Nagpur Industrial Supply Co. 1050","approved","Nagpur","Maharashtra","India",45,82.9900,96.3200,"B","Y"
1051,"SUP001051","SUP-001051","Kolkata Industrial Supply Co. 1051","spot","Kolkata","West Bengal","India",15,74.4800,96.2700,"C","Y"
1052,"SUP001052","SUP-001052","Jaipur Industrial Supply Co. 1052","contract_manufacturer","Jaipur","Rajasthan","India",45,78.0400,94.5200,"C","Y"
1053,"SUP001053","SUP-001053","Hyderabad Industrial Supply Co. 1053","contract_manufacturer","Hyderabad","Telangana","India",45,92.6300,99.9000,"A","Y"
1054,"SUP001054","SUP-001054","Mumbai Industrial Supply Co. 1054","approved","Mumbai","Maharashtra","India",45,89.5800,91.3900,"B","Y"
1055,"SUP001055","SUP-001055","Ahmedabad Industrial Supply Co. 1055","spot","Ahmedabad","Gujarat","India",45,81.4800,96.8700,"B","Y"
1056,"SUP001056","SUP-001056","Bengaluru Industrial Supply Co. 1056","contract_manufacturer","Bengaluru","Karnataka","India",45,86.6900,96.7800,"B","Y"
1057,"SUP001057","SUP-001057","Ahmedabad Industrial Supply Co. 1057","approved","Ahmedabad","Gujarat","India",60,87.6600,96.0000,"B","Y"
1058,"SUP001058","SUP-001058","Jaipur Industrial Supply Co. 1058","contract_manufacturer","Jaipur","Rajasthan","India",30,88.6700,96.1200,"B","Y"
1059,"SUP001059","SUP-001059","Ranchi Industrial Supply Co. 1059","spot","Ranchi","Jharkhand","India",30,91.0400,93.2300,"B","Y"
1060,"SUP001060","SUP-001060","Chandigarh Industrial Supply Co. 1060","approved","Chandigarh","Chandigarh","India",30,99.2300,91.3600,"B","Y"
1061,"SUP001061","SUP-001061","Surat Industrial Supply Co. 1061","strategic","Surat","Gujarat","India",30,71.7900,91.3000,"C","Y"
1062,"SUP001062","SUP-001062","Mysuru Industrial Supply Co. 1062","strategic","Mysuru","Karnataka","India",45,94.3900,91.4700,"B","Y"
1063,"SUP001063","SUP-001063","Kolkata Industrial Supply Co. 1063","approved","Kolkata","West Bengal","India",45,92.1400,99.7800,"A","Y"
1064,"SUP001064","SUP-001064","Chandigarh Industrial Supply Co. 1064","approved","Chandigarh","Chandigarh","India",30,89.3600,98.7300,"B","Y"
1065,"SUP001065","SUP-001065","Ahmedabad Industrial Supply Co. 1065","approved","Ahmedabad","Gujarat","India",60,83.9100,96.1000,"B","Y"
1066,"SUP001066","SUP-001066","Vijayawada Industrial Supply Co. 1066","approved","Vijayawada","Andhra Pradesh","India",30,71.4200,96.1900,"C","Y"
1067,"SUP001067","SUP-001067","Hyderabad Industrial Supply Co. 1067","approved","Hyderabad","Telangana","India",45,87.5100,99.9000,"B","Y"
1068,"SUP001068","SUP-001068","Warangal Industrial Supply Co. 1068","spot","Warangal","Telangana","India",30,87.2400,95.4300,"B","Y"
1069,"SUP001069","SUP-001069","Indore Industrial Supply Co. 1069","approved","Indore","Madhya Pradesh","India",15,88.8200,94.1800,"B","Y"
1070,"SUP001070","SUP-001070","Agra Industrial Supply Co. 1070","approved","Agra","Uttar Pradesh","India",30,77.1200,93.8400,"C","Y"
1071,"SUP001071","SUP-001071","Vijayawada Industrial Supply Co. 1071","approved","Vijayawada","Andhra Pradesh","India",30,88.7500,99.5200,"B","Y"
1072,"SUP001072","SUP-001072","Indore Industrial Supply Co. 1072","spot","Indore","Madhya Pradesh","India",45,92.2300,95.3800,"B","Y"
1073,"SUP001073","SUP-001073","Warangal Industrial Supply Co. 1073","spot","Warangal","Telangana","India",45,89.7100,96.2800,"B","Y"
1074,"SUP001074","SUP-001074","Nashik Industrial Supply Co. 1074","approved","Nashik","Maharashtra","India",30,80.6400,93.5600,"B","Y"
1075,"SUP001075","SUP-001075","Ranchi Industrial Supply Co. 1075","contract_manufacturer","Ranchi","Jharkhand","India",30,79.6500,97.6400,"C","Y"
1076,"SUP001076","SUP-001076","Jaipur Industrial Supply Co. 1076","approved","Jaipur","Rajasthan","India",45,86.8400,95.6600,"B","Y"
1077,"SUP001077","SUP-001077","Mangaluru Industrial Supply Co. 1077","strategic","Mangaluru","Karnataka","India",30,93.4100,97.9300,"A","Y"
1078,"SUP001078","SUP-001078","Mumbai Industrial Supply Co. 1078","approved","Mumbai","Maharashtra","India",45,77.9200,93.7300,"C","Y"
1079,"SUP001079","SUP-001079","Agra Industrial Supply Co. 1079","approved","Agra","Uttar Pradesh","India",45,96.4500,94.5200,"B","Y"
1080,"SUP001080","SUP-001080","Agra Industrial Supply Co. 1080","approved","Agra","Uttar Pradesh","India",60,91.8300,91.6400,"B","Y"
1081,"SUP001081","SUP-001081","Surat Industrial Supply Co. 1081","spot","Surat","Gujarat","India",45,86.6000,95.7600,"B","Y"
1082,"SUP001082","SUP-001082","Bhubaneswar Industrial Supply Co. 1082","spot","Bhubaneswar","Odisha","India",45,96.8300,89.2400,"C","Y"
1083,"SUP001083","SUP-001083","Bhopal Industrial Supply Co. 1083","contract_manufacturer","Bhopal","Madhya Pradesh","India",60,87.5700,99.9000,"B","Y"
1084,"SUP001084","SUP-001084","Delhi Industrial Supply Co. 1084","approved","Delhi","Delhi","India",30,78.5400,95.0000,"C","Y"
1085,"SUP001085","SUP-001085","Indore Industrial Supply Co. 1085","strategic","Indore","Madhya Pradesh","India",45,86.8000,99.9000,"B","Y"
1086,"SUP001086","SUP-001086","Lucknow Industrial Supply Co. 1086","approved","Lucknow","Uttar Pradesh","India",30,84.8100,94.4700,"B","Y"
1087,"SUP001087","SUP-001087","Bhopal Industrial Supply Co. 1087","strategic","Bhopal","Madhya Pradesh","India",45,89.1200,99.9000,"B","Y"
1088,"SUP001088","SUP-001088","Agra Industrial Supply Co. 1088","spot","Agra","Uttar Pradesh","India",15,77.3100,95.2500,"C","Y"
1089,"SUP001089","SUP-001089","Chandigarh Industrial Supply Co. 1089","approved","Chandigarh","Chandigarh","India",30,91.3100,99.1300,"B","Y"
1090,"SUP001090","SUP-001090","Agra Industrial Supply Co. 1090","strategic","Agra","Uttar Pradesh","India",45,99.8000,97.7800,"A","Y"
1091,"SUP001091","SUP-001091","Indore Industrial Supply Co. 1091","approved","Indore","Madhya Pradesh","India",45,84.4500,93.5200,"B","Y"
1092,"SUP001092","SUP-001092","Mangaluru Industrial Supply Co. 1092","approved","Mangaluru","Karnataka","India",45,85.9300,97.0600,"B","Y"
1093,"SUP001093","SUP-001093","Kolkata Industrial Supply Co. 1093","approved","Kolkata","West Bengal","India",45,88.9000,95.1100,"B","Y"
1094,"SUP001094","SUP-001094","Nagpur Industrial Supply Co. 1094","approved","Nagpur","Maharashtra","India",45,84.5300,98.2200,"B","Y"
1095,"SUP001095","SUP-001095","Delhi Industrial Supply Co. 1095","contract_manufacturer","Delhi","Delhi","India",30,83.2700,96.8300,"B","Y"
1096,"SUP001096","SUP-001096","Noida Industrial Supply Co. 1096","approved","Noida","Uttar Pradesh","India",45,83.6700,93.7100,"B","Y"
1097,"SUP001097","SUP-001097","Kolkata Industrial Supply Co. 1097","approved","Kolkata","West Bengal","India",45,75.0000,98.7800,"C","Y"
1098,"SUP001098","SUP-001098","Ahmedabad Industrial Supply Co. 1098","strategic","Ahmedabad","Gujarat","India",30,87.5300,94.6700,"B","Y"
1099,"SUP001099","SUP-001099","Jaipur Industrial Supply Co. 1099","approved","Jaipur","Rajasthan","India",45,91.3500,94.0400,"B","Y"
1100,"SUP001100","SUP-001100","Chandigarh Industrial Supply Co. 1100","approved","Chandigarh","Chandigarh","India",60,83.6500,98.9500,"B","Y"
1101,"SUP001101","SUP-001101","Bengaluru Industrial Supply Co. 1101","strategic","Bengaluru","Karnataka","India",60,92.9000,99.9000,"A","Y"
1102,"SUP001102","SUP-001102","Bhubaneswar Industrial Supply Co. 1102","approved","Bhubaneswar","Odisha","India",15,93.4900,99.4000,"A","Y"
1103,"SUP001103","SUP-001103","Indore Industrial Supply Co. 1103","contract_manufacturer","Indore","Madhya Pradesh","India",30,88.0100,99.9000,"B","Y"
1104,"SUP001104","SUP-001104","Nashik Industrial Supply Co. 1104","strategic","Nashik","Maharashtra","India",30,90.6600,95.7300,"B","Y"
1105,"SUP001105","SUP-001105","Indore Industrial Supply Co. 1105","approved","Indore","Madhya Pradesh","India",45,90.4600,93.8600,"B","Y"
1106,"SUP001106","SUP-001106","Mumbai Industrial Supply Co. 1106","approved","Mumbai","Maharashtra","India",30,88.0000,93.8500,"B","Y"
1107,"SUP001107","SUP-001107","Warangal Industrial Supply Co. 1107","approved","Warangal","Telangana","India",30,67.2000,99.9000,"C","Y"
1108,"SUP001108","SUP-001108","Lucknow Industrial Supply Co. 1108","strategic","Lucknow","Uttar Pradesh","India",45,64.1000,96.7500,"C","Y"
1109,"SUP001109","SUP-001109","Bengaluru Industrial Supply Co. 1109","spot","Bengaluru","Karnataka","India",45,84.2200,92.7200,"B","Y"
1110,"SUP001110","SUP-001110","Bhubaneswar Industrial Supply Co. 1110","contract_manufacturer","Bhubaneswar","Odisha","India",30,84.6300,97.0900,"B","Y"
1111,"SUP001111","SUP-001111","Nashik Industrial Supply Co. 1111","approved","Nashik","Maharashtra","India",30,68.3200,95.4900,"C","Y"
1112,"SUP001112","SUP-001112","Mysuru Industrial Supply Co. 1112","contract_manufacturer","Mysuru","Karnataka","India",30,76.0600,96.7400,"C","Y"
1113,"SUP001113","SUP-001113","Nagpur Industrial Supply Co. 1113","approved","Nagpur","Maharashtra","India",30,92.2500,96.7900,"B","Y"
1114,"SUP001114","SUP-001114","Bhubaneswar Industrial Supply Co. 1114","approved","Bhubaneswar","Odisha","India",60,86.7700,99.9000,"B","Y"
1115,"SUP001115","SUP-001115","Bengaluru Industrial Supply Co. 1115","spot","Bengaluru","Karnataka","India",30,99.8000,92.8900,"B","Y"
1116,"SUP001116","SUP-001116","Mysuru Industrial Supply Co. 1116","contract_manufacturer","Mysuru","Karnataka","India",45,88.5600,95.9700,"B","Y"
1117,"SUP001117","SUP-001117","Mysuru Industrial Supply Co. 1117","strategic","Mysuru","Karnataka","India",30,93.6700,94.4400,"B","Y"
1118,"SUP001118","SUP-001118","Noida Industrial Supply Co. 1118","strategic","Noida","Uttar Pradesh","India",15,98.6100,96.2100,"B","Y"
1119,"SUP001119","SUP-001119","Ranchi Industrial Supply Co. 1119","approved","Ranchi","Jharkhand","India",45,89.9000,92.7100,"B","Y"
1120,"SUP001120","SUP-001120","Lucknow Industrial Supply Co. 1120","approved","Lucknow","Uttar Pradesh","India",45,92.2100,99.9000,"A","Y"
1121,"SUP001121","SUP-001121","Vadodara Industrial Supply Co. 1121","approved","Vadodara","Gujarat","India",30,98.7300,94.7000,"B","Y"
1122,"SUP001122","SUP-001122","Kolkata Industrial Supply Co. 1122","contract_manufacturer","Kolkata","West Bengal","India",30,87.8900,99.9000,"B","Y"
1123,"SUP001123","SUP-001123","Bhubaneswar Industrial Supply Co. 1123","approved","Bhubaneswar","Odisha","India",60,90.2700,99.5400,"B","Y"
1124,"SUP001124","SUP-001124","Delhi Industrial Supply Co. 1124","spot","Delhi","Delhi","India",45,94.3500,89.9300,"C","Y"
1125,"SUP001125","SUP-001125","Bhubaneswar Industrial Supply Co. 1125","contract_manufacturer","Bhubaneswar","Odisha","India",45,85.2400,91.1300,"B","Y"
1126,"SUP001126","SUP-001126","Mangaluru Industrial Supply Co. 1126","strategic","Mangaluru","Karnataka","India",30,86.7700,92.4300,"B","Y"
1127,"SUP001127","SUP-001127","Indore Industrial Supply Co. 1127","approved","Indore","Madhya Pradesh","India",60,92.5200,97.9100,"A","Y"
1128,"SUP001128","SUP-001128","Chandigarh Industrial Supply Co. 1128","approved","Chandigarh","Chandigarh","India",45,84.2800,96.2300,"B","Y"
1129,"SUP001129","SUP-001129","Indore Industrial Supply Co. 1129","contract_manufacturer","Indore","Madhya Pradesh","India",15,95.9700,95.5500,"B","Y"
1130,"SUP001130","SUP-001130","Surat Industrial Supply Co. 1130","spot","Surat","Gujarat","India",30,86.8600,96.3000,"B","Y"
1131,"SUP001131","SUP-001131","Bengaluru Industrial Supply Co. 1131","approved","Bengaluru","Karnataka","India",15,84.5200,97.8900,"B","Y"
1132,"SUP001132","SUP-001132","Chandigarh Industrial Supply Co. 1132","spot","Chandigarh","Chandigarh","India",30,59.3900,95.5500,"C","Y"
1133,"SUP001133","SUP-001133","Bengaluru Industrial Supply Co. 1133","spot","Bengaluru","Karnataka","India",30,85.4000,95.5100,"B","Y"
1134,"SUP001134","SUP-001134","Mangaluru Industrial Supply Co. 1134","approved","Mangaluru","Karnataka","India",45,89.0500,95.0000,"B","Y"
1135,"SUP001135","SUP-001135","Surat Industrial Supply Co. 1135","contract_manufacturer","Surat","Gujarat","India",45,79.2300,92.0200,"C","Y"
1136,"SUP001136","SUP-001136","Delhi Industrial Supply Co. 1136","approved","Delhi","Delhi","India",30,99.8000,94.6300,"B","Y"
1137,"SUP001137","SUP-001137","Vadodara Industrial Supply Co. 1137","approved","Vadodara","Gujarat","India",45,85.6800,94.3800,"B","Y"
1138,"SUP001138","SUP-001138","Agra Industrial Supply Co. 1138","approved","Agra","Uttar Pradesh","India",45,85.0400,99.9000,"B","Y"
1139,"SUP001139","SUP-001139","Indore Industrial Supply Co. 1139","strategic","Indore","Madhya Pradesh","India",45,86.7100,99.1300,"B","Y"
1140,"SUP001140","SUP-001140","Vadodara Industrial Supply Co. 1140","spot","Vadodara","Gujarat","India",30,92.2800,98.4700,"A","Y"
1141,"SUP001141","SUP-001141","Vijayawada Industrial Supply Co. 1141","approved","Vijayawada","Andhra Pradesh","India",45,99.8000,92.8800,"B","Y"
1142,"SUP001142","SUP-001142","Ahmedabad Industrial Supply Co. 1142","strategic","Ahmedabad","Gujarat","India",30,67.5700,95.0600,"C","Y"
1143,"SUP001143","SUP-001143","Bhopal Industrial Supply Co. 1143","contract_manufacturer","Bhopal","Madhya Pradesh","India",45,91.0900,97.0500,"B","Y"
1144,"SUP001144","SUP-001144","Warangal Industrial Supply Co. 1144","strategic","Warangal","Telangana","India",45,93.8000,99.9000,"A","Y"
1145,"SUP001145","SUP-001145","Noida Industrial Supply Co. 1145","approved","Noida","Uttar Pradesh","India",15,92.4700,99.9000,"A","Y"
1146,"SUP001146","SUP-001146","Ranchi Industrial Supply Co. 1146","spot","Ranchi","Jharkhand","India",30,90.7100,99.2300,"B","Y"
1147,"SUP001147","SUP-001147","Surat Industrial Supply Co. 1147","approved","Surat","Gujarat","India",45,84.5900,92.4400,"B","Y"
1148,"SUP001148","SUP-001148","Ahmedabad Industrial Supply Co. 1148","contract_manufacturer","Ahmedabad","Gujarat","India",30,90.9200,97.6700,"B","Y"
1149,"SUP001149","SUP-001149","Agra Industrial Supply Co. 1149","approved","Agra","Uttar Pradesh","India",60,88.0800,98.5600,"B","Y"
1150,"SUP001150","SUP-001150","Agra Industrial Supply Co. 1150","approved","Agra","Uttar Pradesh","India",30,96.0400,97.7600,"A","Y"
1151,"SUP001151","SUP-001151","Delhi Industrial Supply Co. 1151","approved","Delhi","Delhi","India",60,90.0100,99.9000,"B","Y"
1152,"SUP001152","SUP-001152","Nagpur Industrial Supply Co. 1152","contract_manufacturer","Nagpur","Maharashtra","India",45,81.7200,96.1600,"B","Y"
1153,"SUP001153","SUP-001153","Noida Industrial Supply Co. 1153","approved","Noida","Uttar Pradesh","India",30,99.8000,93.5700,"B","Y"
1154,"SUP001154","SUP-001154","Mangaluru Industrial Supply Co. 1154","approved","Mangaluru","Karnataka","India",30,74.9100,94.2700,"C","Y"
1155,"SUP001155","SUP-001155","Jaipur Industrial Supply Co. 1155","approved","Jaipur","Rajasthan","India",15,81.5200,97.2000,"B","Y"
1156,"SUP001156","SUP-001156","Mangaluru Industrial Supply Co. 1156","approved","Mangaluru","Karnataka","India",45,87.4100,99.0000,"B","Y"
1157,"SUP001157","SUP-001157","Nagpur Industrial Supply Co. 1157","approved","Nagpur","Maharashtra","India",60,90.8500,93.3100,"B","Y"
1158,"SUP001158","SUP-001158","Mangaluru Industrial Supply Co. 1158","strategic","Mangaluru","Karnataka","India",30,78.2800,92.3500,"C","Y"
1159,"SUP001159","SUP-001159","Kolkata Industrial Supply Co. 1159","approved","Kolkata","West Bengal","India",30,82.4800,96.9000,"B","Y"
1160,"SUP001160","SUP-001160","Ranchi Industrial Supply Co. 1160","approved","Ranchi","Jharkhand","India",45,90.6200,99.9000,"B","Y"
1161,"SUP001161","SUP-001161","Bhopal Industrial Supply Co. 1161","strategic","Bhopal","Madhya Pradesh","India",30,77.9400,92.2000,"C","Y"
1162,"SUP001162","SUP-001162","Kolkata Industrial Supply Co. 1162","approved","Kolkata","West Bengal","India",45,97.4000,95.9500,"B","Y"
1163,"SUP001163","SUP-001163","Delhi Industrial Supply Co. 1163","approved","Delhi","Delhi","India",45,97.0100,94.9600,"B","Y"
1164,"SUP001164","SUP-001164","Ahmedabad Industrial Supply Co. 1164","approved","Ahmedabad","Gujarat","India",45,93.2600,93.8100,"B","Y"
1165,"SUP001165","SUP-001165","Pune Industrial Supply Co. 1165","approved","Pune","Maharashtra","India",45,82.7000,99.9000,"B","Y"
1166,"SUP001166","SUP-001166","Mangaluru Industrial Supply Co. 1166","approved","Mangaluru","Karnataka","India",30,78.2900,95.7200,"C","Y"
1167,"SUP001167","SUP-001167","Indore Industrial Supply Co. 1167","approved","Indore","Madhya Pradesh","India",45,84.8100,92.7300,"B","Y"
1168,"SUP001168","SUP-001168","Mangaluru Industrial Supply Co. 1168","strategic","Mangaluru","Karnataka","India",30,99.2000,97.3900,"A","Y"
1169,"SUP001169","SUP-001169","Indore Industrial Supply Co. 1169","approved","Indore","Madhya Pradesh","India",45,83.9400,99.8100,"B","Y"
1170,"SUP001170","SUP-001170","Nashik Industrial Supply Co. 1170","approved","Nashik","Maharashtra","India",45,73.9100,97.6900,"C","Y"
1171,"SUP001171","SUP-001171","Lucknow Industrial Supply Co. 1171","approved","Lucknow","Uttar Pradesh","India",45,83.3700,95.6900,"B","Y"
1172,"SUP001172","SUP-001172","Jaipur Industrial Supply Co. 1172","approved","Jaipur","Rajasthan","India",30,85.4700,94.9600,"B","Y"
1173,"SUP001173","SUP-001173","Mangaluru Industrial Supply Co. 1173","approved","Mangaluru","Karnataka","India",30,90.8100,89.5500,"C","Y"
1174,"SUP001174","SUP-001174","Nagpur Industrial Supply Co. 1174","strategic","Nagpur","Maharashtra","India",30,83.1500,99.5700,"B","Y"
1175,"SUP001175","SUP-001175","Pune Industrial Supply Co. 1175","contract_manufacturer","Pune","Maharashtra","India",30,79.5500,97.2300,"C","Y"
1176,"SUP001176","SUP-001176","Nagpur Industrial Supply Co. 1176","strategic","Nagpur","Maharashtra","India",30,79.8700,97.3100,"C","Y"
1177,"SUP001177","SUP-001177","Surat Industrial Supply Co. 1177","approved","Surat","Gujarat","India",30,94.6800,94.1900,"B","Y"
1178,"SUP001178","SUP-001178","Jaipur Industrial Supply Co. 1178","approved","Jaipur","Rajasthan","India",60,88.6200,94.0600,"B","Y"
1179,"SUP001179","SUP-001179","Agra Industrial Supply Co. 1179","approved","Agra","Uttar Pradesh","India",45,89.1600,91.3500,"B","Y"
1180,"SUP001180","SUP-001180","Nagpur Industrial Supply Co. 1180","approved","Nagpur","Maharashtra","India",45,84.6200,99.9000,"B","Y"
1181,"SUP001181","SUP-001181","Delhi Industrial Supply Co. 1181","strategic","Delhi","Delhi","India",15,87.5300,98.4800,"B","Y"
1182,"SUP001182","SUP-001182","Bengaluru Industrial Supply Co. 1182","spot","Bengaluru","Karnataka","India",45,90.4500,96.8400,"B","Y"
1183,"SUP001183","SUP-001183","Mangaluru Industrial Supply Co. 1183","approved","Mangaluru","Karnataka","India",45,95.0900,90.3400,"C","Y"
1184,"SUP001184","SUP-001184","Chandigarh Industrial Supply Co. 1184","approved","Chandigarh","Chandigarh","India",30,90.6000,98.1000,"B","Y"
1185,"SUP001185","SUP-001185","Pune Industrial Supply Co. 1185","approved","Pune","Maharashtra","India",45,92.4000,96.7200,"B","Y"
1186,"SUP001186","SUP-001186","Vijayawada Industrial Supply Co. 1186","approved","Vijayawada","Andhra Pradesh","India",30,91.8800,99.9000,"B","Y"
1187,"SUP001187","SUP-001187","Mumbai Industrial Supply Co. 1187","spot","Mumbai","Maharashtra","India",60,99.8000,97.7100,"A","Y"
1188,"SUP001188","SUP-001188","Mangaluru Industrial Supply Co. 1188","approved","Mangaluru","Karnataka","India",30,86.7900,95.2900,"B","Y"
1189,"SUP001189","SUP-001189","Ahmedabad Industrial Supply Co. 1189","contract_manufacturer","Ahmedabad","Gujarat","India",30,89.1300,95.1200,"B","Y"
1190,"SUP001190","SUP-001190","Pune Industrial Supply Co. 1190","approved","Pune","Maharashtra","India",30,75.2500,92.4600,"C","Y"
1191,"SUP001191","SUP-001191","Chandigarh Industrial Supply Co. 1191","approved","Chandigarh","Chandigarh","India",30,91.2100,96.4100,"B","Y"
1192,"SUP001192","SUP-001192","Bhubaneswar Industrial Supply Co. 1192","spot","Bhubaneswar","Odisha","India",30,69.6600,94.9600,"C","Y"
1193,"SUP001193","SUP-001193","Pune Industrial Supply Co. 1193","strategic","Pune","Maharashtra","India",60,75.4600,99.8000,"C","Y"
1194,"SUP001194","SUP-001194","Jaipur Industrial Supply Co. 1194","strategic","Jaipur","Rajasthan","India",45,75.7200,93.3900,"C","Y"
1195,"SUP001195","SUP-001195","Nashik Industrial Supply Co. 1195","approved","Nashik","Maharashtra","India",45,84.7100,95.6100,"B","Y"
1196,"SUP001196","SUP-001196","Indore Industrial Supply Co. 1196","approved","Indore","Madhya Pradesh","India",45,79.5100,89.9200,"C","Y"
1197,"SUP001197","SUP-001197","Jaipur Industrial Supply Co. 1197","strategic","Jaipur","Rajasthan","India",30,84.7400,99.4700,"B","Y"
1198,"SUP001198","SUP-001198","Indore Industrial Supply Co. 1198","contract_manufacturer","Indore","Madhya Pradesh","India",30,99.8000,96.3000,"B","Y"
1199,"SUP001199","SUP-001199","Nagpur Industrial Supply Co. 1199","strategic","Nagpur","Maharashtra","India",30,68.1800,94.1400,"C","Y"
1200,"SUP001200","SUP-001200","Bengaluru Industrial Supply Co. 1200","approved","Bengaluru","Karnataka","India",30,99.8000,95.3700,"B","Y"
1201,"SUP001201","SUP-001201","Nashik Industrial Supply Co. 1201","approved","Nashik","Maharashtra","India",60,99.3300,94.3100,"B","Y"
1202,"SUP001202","SUP-001202","Nashik Industrial Supply Co. 1202","strategic","Nashik","Maharashtra","India",30,82.9300,96.0000,"B","Y"
1203,"SUP001203","SUP-001203","Vijayawada Industrial Supply Co. 1203","spot","Vijayawada","Andhra Pradesh","India",30,94.9000,96.5800,"B","Y"
1204,"SUP001204","SUP-001204","Delhi Industrial Supply Co. 1204","approved","Delhi","Delhi","India",30,93.2500,91.3800,"B","Y"
1205,"SUP001205","SUP-001205","Mumbai Industrial Supply Co. 1205","contract_manufacturer","Mumbai","Maharashtra","India",45,97.4600,93.3700,"B","Y"
1206,"SUP001206","SUP-001206","Delhi Industrial Supply Co. 1206","approved","Delhi","Delhi","India",45,78.7900,93.3900,"C","Y"
1207,"SUP001207","SUP-001207","Mysuru Industrial Supply Co. 1207","approved","Mysuru","Karnataka","India",15,92.7300,95.7900,"B","Y"
1208,"SUP001208","SUP-001208","Lucknow Industrial Supply Co. 1208","approved","Lucknow","Uttar Pradesh","India",60,85.9300,95.4200,"B","Y"
1209,"SUP001209","SUP-001209","Jaipur Industrial Supply Co. 1209","contract_manufacturer","Jaipur","Rajasthan","India",30,88.1100,98.4100,"B","Y"
1210,"SUP001210","SUP-001210","Nagpur Industrial Supply Co. 1210","approved","Nagpur","Maharashtra","India",15,91.6500,93.0700,"B","Y"
1211,"SUP001211","SUP-001211","Ranchi Industrial Supply Co. 1211","contract_manufacturer","Ranchi","Jharkhand","India",45,70.7300,92.6500,"C","Y"
1212,"SUP001212","SUP-001212","Lucknow Industrial Supply Co. 1212","approved","Lucknow","Uttar Pradesh","India",30,89.6200,99.9000,"B","Y"
1213,"SUP001213","SUP-001213","Pune Industrial Supply Co. 1213","strategic","Pune","Maharashtra","India",45,98.7300,90.5500,"C","Y"
1214,"SUP001214","SUP-001214","Noida Industrial Supply Co. 1214","contract_manufacturer","Noida","Uttar Pradesh","India",60,78.9500,96.8600,"C","Y"
1215,"SUP001215","SUP-001215","Mangaluru Industrial Supply Co. 1215","approved","Mangaluru","Karnataka","India",60,95.7800,98.7100,"A","Y"
1216,"SUP001216","SUP-001216","Nashik Industrial Supply Co. 1216","approved","Nashik","Maharashtra","India",30,79.6100,98.6400,"C","Y"
1217,"SUP001217","SUP-001217","Chandigarh Industrial Supply Co. 1217","strategic","Chandigarh","Chandigarh","India",60,69.3900,94.5900,"C","Y"
1218,"SUP001218","SUP-001218","Indore Industrial Supply Co. 1218","approved","Indore","Madhya Pradesh","India",30,87.3800,99.4600,"B","Y"
1219,"SUP001219","SUP-001219","Mangaluru Industrial Supply Co. 1219","strategic","Mangaluru","Karnataka","India",45,83.5000,90.7400,"C","Y"
1220,"SUP001220","SUP-001220","Bengaluru Industrial Supply Co. 1220","strategic","Bengaluru","Karnataka","India",60,80.9200,90.7200,"C","Y"
1221,"SUP001221","SUP-001221","Ranchi Industrial Supply Co. 1221","approved","Ranchi","Jharkhand","India",30,90.9000,97.3500,"B","Y"
1222,"SUP001222","SUP-001222","Ahmedabad Industrial Supply Co. 1222","strategic","Ahmedabad","Gujarat","India",45,90.0400,97.4500,"B","Y"
1223,"SUP001223","SUP-001223","Noida Industrial Supply Co. 1223","spot","Noida","Uttar Pradesh","India",15,88.3200,98.5200,"B","Y"
1224,"SUP001224","SUP-001224","Agra Industrial Supply Co. 1224","spot","Agra","Uttar Pradesh","India",45,95.5100,93.8000,"B","Y"
1225,"SUP001225","SUP-001225","Vijayawada Industrial Supply Co. 1225","approved","Vijayawada","Andhra Pradesh","India",15,97.9000,94.1300,"B","Y"
1226,"SUP001226","SUP-001226","Indore Industrial Supply Co. 1226","approved","Indore","Madhya Pradesh","India",30,69.3600,97.6200,"C","Y"
1227,"SUP001227","SUP-001227","Bhopal Industrial Supply Co. 1227","strategic","Bhopal","Madhya Pradesh","India",60,91.1400,95.9200,"B","Y"
1228,"SUP001228","SUP-001228","Hyderabad Industrial Supply Co. 1228","strategic","Hyderabad","Telangana","India",15,93.0700,93.7700,"B","Y"
1229,"SUP001229","SUP-001229","Agra Industrial Supply Co. 1229","approved","Agra","Uttar Pradesh","India",60,93.0000,93.6800,"B","Y"
1230,"SUP001230","SUP-001230","Warangal Industrial Supply Co. 1230","approved","Warangal","Telangana","India",60,76.2200,99.9000,"C","Y"
1231,"SUP001231","SUP-001231","Lucknow Industrial Supply Co. 1231","approved","Lucknow","Uttar Pradesh","India",45,83.6100,94.1600,"B","Y"
1232,"SUP001232","SUP-001232","Warangal Industrial Supply Co. 1232","spot","Warangal","Telangana","India",30,74.0700,97.5500,"C","Y"
1233,"SUP001233","SUP-001233","Jaipur Industrial Supply Co. 1233","approved","Jaipur","Rajasthan","India",45,68.6600,94.2500,"C","Y"
1234,"SUP001234","SUP-001234","Nashik Industrial Supply Co. 1234","contract_manufacturer","Nashik","Maharashtra","India",60,99.8000,97.4900,"A","Y"
1235,"SUP001235","SUP-001235","Jaipur Industrial Supply Co. 1235","approved","Jaipur","Rajasthan","India",45,74.5200,92.1300,"C","Y"
1236,"SUP001236","SUP-001236","Mysuru Industrial Supply Co. 1236","approved","Mysuru","Karnataka","India",45,70.1000,94.2400,"C","Y"
1237,"SUP001237","SUP-001237","Ahmedabad Industrial Supply Co. 1237","strategic","Ahmedabad","Gujarat","India",60,82.4900,99.3400,"B","Y"
1238,"SUP001238","SUP-001238","Mangaluru Industrial Supply Co. 1238","approved","Mangaluru","Karnataka","India",45,95.7600,98.3700,"A","Y"
1239,"SUP001239","SUP-001239","Mumbai Industrial Supply Co. 1239","approved","Mumbai","Maharashtra","India",30,90.2400,95.1200,"B","Y"
1240,"SUP001240","SUP-001240","Bhubaneswar Industrial Supply Co. 1240","approved","Bhubaneswar","Odisha","India",30,99.8000,98.7000,"A","Y"
1241,"SUP001241","SUP-001241","Delhi Industrial Supply Co. 1241","approved","Delhi","Delhi","India",45,93.5000,98.4000,"A","Y"
1242,"SUP001242","SUP-001242","Nashik Industrial Supply Co. 1242","contract_manufacturer","Nashik","Maharashtra","India",60,75.7900,95.1300,"C","Y"
1243,"SUP001243","SUP-001243","Pune Industrial Supply Co. 1243","strategic","Pune","Maharashtra","India",60,90.6200,92.7100,"B","Y"
1244,"SUP001244","SUP-001244","Agra Industrial Supply Co. 1244","approved","Agra","Uttar Pradesh","India",30,92.3800,90.0500,"C","Y"
1245,"SUP001245","SUP-001245","Vadodara Industrial Supply Co. 1245","contract_manufacturer","Vadodara","Gujarat","India",60,79.4600,94.0600,"C","Y"
1246,"SUP001246","SUP-001246","Lucknow Industrial Supply Co. 1246","approved","Lucknow","Uttar Pradesh","India",15,93.8100,99.0100,"A","Y"
1247,"SUP001247","SUP-001247","Nashik Industrial Supply Co. 1247","contract_manufacturer","Nashik","Maharashtra","India",45,95.9000,92.5600,"B","Y"
1248,"SUP001248","SUP-001248","Vadodara Industrial Supply Co. 1248","spot","Vadodara","Gujarat","India",30,76.2200,92.3800,"C","Y"
1249,"SUP001249","SUP-001249","Kolkata Industrial Supply Co. 1249","approved","Kolkata","West Bengal","India",45,80.7300,95.8400,"B","Y"
1250,"SUP001250","SUP-001250","Indore Industrial Supply Co. 1250","approved","Indore","Madhya Pradesh","India",30,96.6500,95.2900,"B","Y"
1251,"SUP001251","SUP-001251","Chandigarh Industrial Supply Co. 1251","approved","Chandigarh","Chandigarh","India",15,99.4500,92.9400,"B","Y"
1252,"SUP001252","SUP-001252","Mysuru Industrial Supply Co. 1252","contract_manufacturer","Mysuru","Karnataka","India",30,99.8000,97.0500,"A","Y"
1253,"SUP001253","SUP-001253","Ahmedabad Industrial Supply Co. 1253","spot","Ahmedabad","Gujarat","India",30,85.4000,94.1700,"B","Y"
1254,"SUP001254","SUP-001254","Noida Industrial Supply Co. 1254","approved","Noida","Uttar Pradesh","India",60,99.8000,92.5800,"B","Y"
1255,"SUP001255","SUP-001255","Noida Industrial Supply Co. 1255","strategic","Noida","Uttar Pradesh","India",30,97.6700,98.6100,"A","Y"
1256,"SUP001256","SUP-001256","Mumbai Industrial Supply Co. 1256","contract_manufacturer","Mumbai","Maharashtra","India",45,94.3700,98.8600,"A","Y"
1257,"SUP001257","SUP-001257","Agra Industrial Supply Co. 1257","approved","Agra","Uttar Pradesh","India",60,86.2700,91.9300,"B","Y"
1258,"SUP001258","SUP-001258","Lucknow Industrial Supply Co. 1258","approved","Lucknow","Uttar Pradesh","India",30,82.7000,97.9700,"B","Y"
1259,"SUP001259","SUP-001259","Lucknow Industrial Supply Co. 1259","approved","Lucknow","Uttar Pradesh","India",30,91.0600,98.9100,"B","Y"
1260,"SUP001260","SUP-001260","Lucknow Industrial Supply Co. 1260","approved","Lucknow","Uttar Pradesh","India",45,80.9600,96.3500,"B","Y"
1261,"SUP001261","SUP-001261","Pune Industrial Supply Co. 1261","approved","Pune","Maharashtra","India",45,80.6100,94.6500,"B","Y"
1262,"SUP001262","SUP-001262","Kolkata Industrial Supply Co. 1262","approved","Kolkata","West Bengal","India",30,78.3900,99.9000,"C","Y"
1263,"SUP001263","SUP-001263","Mangaluru Industrial Supply Co. 1263","strategic","Mangaluru","Karnataka","India",45,86.7800,98.1500,"B","Y"
1264,"SUP001264","SUP-001264","Indore Industrial Supply Co. 1264","approved","Indore","Madhya Pradesh","India",30,78.9300,93.7500,"C","Y"
1265,"SUP001265","SUP-001265","Kolkata Industrial Supply Co. 1265","approved","Kolkata","West Bengal","India",60,90.1500,99.9000,"B","Y"
1266,"SUP001266","SUP-001266","Pune Industrial Supply Co. 1266","approved","Pune","Maharashtra","India",30,99.1700,99.9000,"A","Y"
1267,"SUP001267","SUP-001267","Ahmedabad Industrial Supply Co. 1267","approved","Ahmedabad","Gujarat","India",30,99.8000,95.3800,"B","Y"
1268,"SUP001268","SUP-001268","Indore Industrial Supply Co. 1268","approved","Indore","Madhya Pradesh","India",60,92.4600,94.7300,"B","Y"
1269,"SUP001269","SUP-001269","Ranchi Industrial Supply Co. 1269","contract_manufacturer","Ranchi","Jharkhand","India",60,81.9400,94.3600,"B","Y"
1270,"SUP001270","SUP-001270","Bhopal Industrial Supply Co. 1270","approved","Bhopal","Madhya Pradesh","India",30,85.0600,93.9800,"B","Y"
1271,"SUP001271","SUP-001271","Noida Industrial Supply Co. 1271","strategic","Noida","Uttar Pradesh","India",60,92.5600,93.5300,"B","Y"
1272,"SUP001272","SUP-001272","Pune Industrial Supply Co. 1272","approved","Pune","Maharashtra","India",15,81.0200,97.8000,"B","Y"
1273,"SUP001273","SUP-001273","Agra Industrial Supply Co. 1273","approved","Agra","Uttar Pradesh","India",30,88.0100,99.9000,"B","Y"
1274,"SUP001274","SUP-001274","Hyderabad Industrial Supply Co. 1274","contract_manufacturer","Hyderabad","Telangana","India",30,95.7700,94.8900,"B","Y"
1275,"SUP001275","SUP-001275","Mangaluru Industrial Supply Co. 1275","approved","Mangaluru","Karnataka","India",30,99.8000,96.9200,"B","Y"
1276,"SUP001276","SUP-001276","Warangal Industrial Supply Co. 1276","approved","Warangal","Telangana","India",60,94.0300,91.7300,"B","Y"
1277,"SUP001277","SUP-001277","Kolkata Industrial Supply Co. 1277","spot","Kolkata","West Bengal","India",30,82.4700,92.7700,"B","Y"
1278,"SUP001278","SUP-001278","Mangaluru Industrial Supply Co. 1278","approved","Mangaluru","Karnataka","India",45,98.8500,94.7100,"B","Y"
1279,"SUP001279","SUP-001279","Nashik Industrial Supply Co. 1279","approved","Nashik","Maharashtra","India",45,73.6300,99.9000,"C","Y"
1280,"SUP001280","SUP-001280","Vadodara Industrial Supply Co. 1280","approved","Vadodara","Gujarat","India",60,85.6500,99.9000,"B","Y"
1281,"SUP001281","SUP-001281","Ahmedabad Industrial Supply Co. 1281","approved","Ahmedabad","Gujarat","India",45,99.0700,95.7300,"B","Y"
1282,"SUP001282","SUP-001282","Ahmedabad Industrial Supply Co. 1282","strategic","Ahmedabad","Gujarat","India",30,81.9300,92.5100,"B","Y"
1283,"SUP001283","SUP-001283","Vijayawada Industrial Supply Co. 1283","spot","Vijayawada","Andhra Pradesh","India",30,95.4800,98.2900,"A","Y"
1284,"SUP001284","SUP-001284","Mysuru Industrial Supply Co. 1284","approved","Mysuru","Karnataka","India",30,99.8000,99.9000,"A","Y"
1285,"SUP001285","SUP-001285","Delhi Industrial Supply Co. 1285","contract_manufacturer","Delhi","Delhi","India",60,93.1200,94.0800,"B","Y"
1286,"SUP001286","SUP-001286","Kolkata Industrial Supply Co. 1286","approved","Kolkata","West Bengal","India",30,86.8900,96.4800,"B","Y"
1287,"SUP001287","SUP-001287","Warangal Industrial Supply Co. 1287","approved","Warangal","Telangana","India",30,83.5900,89.9400,"C","Y"
1288,"SUP001288","SUP-001288","Kolkata Industrial Supply Co. 1288","strategic","Kolkata","West Bengal","India",30,73.4200,95.4700,"C","Y"
1289,"SUP001289","SUP-001289","Nashik Industrial Supply Co. 1289","strategic","Nashik","Maharashtra","India",15,86.0100,93.9800,"B","Y"
1290,"SUP001290","SUP-001290","Warangal Industrial Supply Co. 1290","approved","Warangal","Telangana","India",30,99.8000,97.6700,"A","Y"
1291,"SUP001291","SUP-001291","Ahmedabad Industrial Supply Co. 1291","approved","Ahmedabad","Gujarat","India",45,81.8100,96.8400,"B","Y"
1292,"SUP001292","SUP-001292","Pune Industrial Supply Co. 1292","contract_manufacturer","Pune","Maharashtra","India",15,85.6500,94.2700,"B","Y"
1293,"SUP001293","SUP-001293","Indore Industrial Supply Co. 1293","approved","Indore","Madhya Pradesh","India",30,81.8000,97.0100,"B","Y"
1294,"SUP001294","SUP-001294","Vijayawada Industrial Supply Co. 1294","approved","Vijayawada","Andhra Pradesh","India",30,88.7700,94.8400,"B","Y"
1295,"SUP001295","SUP-001295","Ahmedabad Industrial Supply Co. 1295","approved","Ahmedabad","Gujarat","India",60,85.4200,96.5100,"B","Y"
1296,"SUP001296","SUP-001296","Pune Industrial Supply Co. 1296","approved","Pune","Maharashtra","India",45,88.0700,93.1900,"B","Y"
1297,"SUP001297","SUP-001297","Bhubaneswar Industrial Supply Co. 1297","approved","Bhubaneswar","Odisha","India",45,77.6700,97.7800,"C","Y"
1298,"SUP001298","SUP-001298","Mumbai Industrial Supply Co. 1298","approved","Mumbai","Maharashtra","India",60,87.1200,97.9400,"B","Y"
1299,"SUP001299","SUP-001299","Mangaluru Industrial Supply Co. 1299","approved","Mangaluru","Karnataka","India",30,77.7900,94.1200,"C","Y"
1300,"SUP001300","SUP-001300","Mumbai Industrial Supply Co. 1300","strategic","Mumbai","Maharashtra","India",45,96.7900,95.3800,"B","Y"
1301,"SUP001301","SUP-001301","Vijayawada Industrial Supply Co. 1301","approved","Vijayawada","Andhra Pradesh","India",15,90.6300,96.2100,"B","Y"
1302,"SUP001302","SUP-001302","Pune Industrial Supply Co. 1302","strategic","Pune","Maharashtra","India",30,72.3900,95.2400,"C","Y"
1303,"SUP001303","SUP-001303","Agra Industrial Supply Co. 1303","approved","Agra","Uttar Pradesh","India",30,70.4700,94.4500,"C","Y"
1304,"SUP001304","SUP-001304","Surat Industrial Supply Co. 1304","approved","Surat","Gujarat","India",45,71.0200,93.9100,"C","Y"
1305,"SUP001305","SUP-001305","Jaipur Industrial Supply Co. 1305","approved","Jaipur","Rajasthan","India",30,88.8500,97.8100,"B","Y"
1306,"SUP001306","SUP-001306","Nagpur Industrial Supply Co. 1306","strategic","Nagpur","Maharashtra","India",45,79.8100,96.6000,"C","Y"
1307,"SUP001307","SUP-001307","Ahmedabad Industrial Supply Co. 1307","spot","Ahmedabad","Gujarat","India",45,94.4000,95.4000,"B","Y"
1308,"SUP001308","SUP-001308","Nashik Industrial Supply Co. 1308","strategic","Nashik","Maharashtra","India",30,73.4700,99.9000,"C","Y"
1309,"SUP001309","SUP-001309","Mysuru Industrial Supply Co. 1309","strategic","Mysuru","Karnataka","India",45,87.5100,97.1000,"B","Y"
1310,"SUP001310","SUP-001310","Warangal Industrial Supply Co. 1310","approved","Warangal","Telangana","India",30,88.3100,93.6800,"B","Y"
1311,"SUP001311","SUP-001311","Nagpur Industrial Supply Co. 1311","approved","Nagpur","Maharashtra","India",45,71.3900,90.5700,"C","Y"
1312,"SUP001312","SUP-001312","Mysuru Industrial Supply Co. 1312","spot","Mysuru","Karnataka","India",60,99.8000,98.4900,"A","Y"
1313,"SUP001313","SUP-001313","Chandigarh Industrial Supply Co. 1313","strategic","Chandigarh","Chandigarh","India",60,94.0000,96.3500,"B","Y"
1314,"SUP001314","SUP-001314","Jaipur Industrial Supply Co. 1314","contract_manufacturer","Jaipur","Rajasthan","India",30,80.5000,97.8800,"B","Y"
1315,"SUP001315","SUP-001315","Warangal Industrial Supply Co. 1315","approved","Warangal","Telangana","India",45,85.4700,92.5500,"B","Y"
1316,"SUP001316","SUP-001316","Ranchi Industrial Supply Co. 1316","strategic","Ranchi","Jharkhand","India",45,98.1800,97.8700,"A","Y"
1317,"SUP001317","SUP-001317","Hyderabad Industrial Supply Co. 1317","approved","Hyderabad","Telangana","India",60,84.7600,97.5100,"B","Y"
1318,"SUP001318","SUP-001318","Indore Industrial Supply Co. 1318","approved","Indore","Madhya Pradesh","India",30,89.3800,97.1700,"B","Y"
1319,"SUP001319","SUP-001319","Nashik Industrial Supply Co. 1319","spot","Nashik","Maharashtra","India",30,80.3600,95.3700,"B","Y"
1320,"SUP001320","SUP-001320","Bhopal Industrial Supply Co. 1320","approved","Bhopal","Madhya Pradesh","India",45,88.8900,95.8200,"B","Y"
1321,"SUP001321","SUP-001321","Indore Industrial Supply Co. 1321","strategic","Indore","Madhya Pradesh","India",60,99.8000,92.1700,"B","Y"
1322,"SUP001322","SUP-001322","Pune Industrial Supply Co. 1322","approved","Pune","Maharashtra","India",45,92.8200,95.8300,"B","Y"
1323,"SUP001323","SUP-001323","Nagpur Industrial Supply Co. 1323","spot","Nagpur","Maharashtra","India",30,81.4300,94.2000,"B","Y"
1324,"SUP001324","SUP-001324","Bhopal Industrial Supply Co. 1324","approved","Bhopal","Madhya Pradesh","India",45,75.4000,96.8100,"C","Y"
1325,"SUP001325","SUP-001325","Delhi Industrial Supply Co. 1325","approved","Delhi","Delhi","India",30,89.1800,98.4700,"B","Y"
1326,"SUP001326","SUP-001326","Ranchi Industrial Supply Co. 1326","strategic","Ranchi","Jharkhand","India",30,80.2500,92.3800,"B","Y"
1327,"SUP001327","SUP-001327","Mangaluru Industrial Supply Co. 1327","approved","Mangaluru","Karnataka","India",60,99.8000,93.1100,"B","Y"
1328,"SUP001328","SUP-001328","Jaipur Industrial Supply Co. 1328","approved","Jaipur","Rajasthan","India",30,86.1000,99.9000,"B","Y"
1329,"SUP001329","SUP-001329","Pune Industrial Supply Co. 1329","approved","Pune","Maharashtra","India",45,92.1800,98.8000,"A","Y"
1330,"SUP001330","SUP-001330","Surat Industrial Supply Co. 1330","contract_manufacturer","Surat","Gujarat","India",45,77.4700,93.1400,"C","Y"
1331,"SUP001331","SUP-001331","Vijayawada Industrial Supply Co. 1331","approved","Vijayawada","Andhra Pradesh","India",60,92.3000,96.7800,"B","Y"
1332,"SUP001332","SUP-001332","Pune Industrial Supply Co. 1332","approved","Pune","Maharashtra","India",30,81.4900,97.9500,"B","Y"
1333,"SUP001333","SUP-001333","Delhi Industrial Supply Co. 1333","strategic","Delhi","Delhi","India",15,79.3100,96.7400,"C","Y"
1334,"SUP001334","SUP-001334","Hyderabad Industrial Supply Co. 1334","spot","Hyderabad","Telangana","India",45,71.3400,90.1600,"C","Y"
1335,"SUP001335","SUP-001335","Delhi Industrial Supply Co. 1335","approved","Delhi","Delhi","India",15,82.5300,96.5600,"B","Y"
1336,"SUP001336","SUP-001336","Noida Industrial Supply Co. 1336","strategic","Noida","Uttar Pradesh","India",45,84.7200,89.3500,"C","Y"
1337,"SUP001337","SUP-001337","Bhopal Industrial Supply Co. 1337","approved","Bhopal","Madhya Pradesh","India",60,99.8000,94.2700,"B","Y"
1338,"SUP001338","SUP-001338","Vadodara Industrial Supply Co. 1338","strategic","Vadodara","Gujarat","India",30,99.8000,94.6200,"B","Y"
1339,"SUP001339","SUP-001339","Mangaluru Industrial Supply Co. 1339","approved","Mangaluru","Karnataka","India",30,90.1200,99.0600,"B","Y"
1340,"SUP001340","SUP-001340","Vadodara Industrial Supply Co. 1340","contract_manufacturer","Vadodara","Gujarat","India",45,90.2800,94.4100,"B","Y"
1341,"SUP001341","SUP-001341","Delhi Industrial Supply Co. 1341","approved","Delhi","Delhi","India",60,95.5900,91.6600,"B","Y"
1342,"SUP001342","SUP-001342","Hyderabad Industrial Supply Co. 1342","strategic","Hyderabad","Telangana","India",60,83.4400,99.7600,"B","Y"
1343,"SUP001343","SUP-001343","Surat Industrial Supply Co. 1343","spot","Surat","Gujarat","India",60,76.4300,92.7900,"C","Y"
1344,"SUP001344","SUP-001344","Surat Industrial Supply Co. 1344","approved","Surat","Gujarat","India",30,78.7700,95.2600,"C","Y"
1345,"SUP001345","SUP-001345","Kolkata Industrial Supply Co. 1345","approved","Kolkata","West Bengal","India",15,81.6800,99.9000,"B","Y"
1346,"SUP001346","SUP-001346","Nashik Industrial Supply Co. 1346","spot","Nashik","Maharashtra","India",30,75.2900,97.2300,"C","Y"
1347,"SUP001347","SUP-001347","Nagpur Industrial Supply Co. 1347","strategic","Nagpur","Maharashtra","India",30,79.8600,97.4800,"C","Y"
1348,"SUP001348","SUP-001348","Bengaluru Industrial Supply Co. 1348","approved","Bengaluru","Karnataka","India",30,81.8500,93.6500,"B","Y"
1349,"SUP001349","SUP-001349","Jaipur Industrial Supply Co. 1349","approved","Jaipur","Rajasthan","India",30,81.6400,91.8100,"B","Y"
1350,"SUP001350","SUP-001350","Delhi Industrial Supply Co. 1350","strategic","Delhi","Delhi","India",15,78.8400,98.1100,"C","Y"
1351,"SUP001351","SUP-001351","Ranchi Industrial Supply Co. 1351","contract_manufacturer","Ranchi","Jharkhand","India",30,89.9300,98.3000,"B","Y"
1352,"SUP001352","SUP-001352","Warangal Industrial Supply Co. 1352","approved","Warangal","Telangana","India",45,73.2100,89.8500,"C","Y"
1353,"SUP001353","SUP-001353","Indore Industrial Supply Co. 1353","approved","Indore","Madhya Pradesh","India",30,82.0300,99.6100,"B","Y"
1354,"SUP001354","SUP-001354","Bhopal Industrial Supply Co. 1354","contract_manufacturer","Bhopal","Madhya Pradesh","India",60,87.1300,99.4000,"B","Y"
1355,"SUP001355","SUP-001355","Bhopal Industrial Supply Co. 1355","approved","Bhopal","Madhya Pradesh","India",15,99.8000,94.5100,"B","Y"
1356,"SUP001356","SUP-001356","Surat Industrial Supply Co. 1356","approved","Surat","Gujarat","India",30,91.0800,94.7100,"B","Y"
1357,"SUP001357","SUP-001357","Agra Industrial Supply Co. 1357","approved","Agra","Uttar Pradesh","India",45,86.9600,94.9500,"B","Y"
1358,"SUP001358","SUP-001358","Mangaluru Industrial Supply Co. 1358","approved","Mangaluru","Karnataka","India",45,88.2200,95.9500,"B","Y"
1359,"SUP001359","SUP-001359","Kolkata Industrial Supply Co. 1359","spot","Kolkata","West Bengal","India",60,78.5400,97.4500,"C","Y"
1360,"SUP001360","SUP-001360","Surat Industrial Supply Co. 1360","approved","Surat","Gujarat","India",60,82.6400,92.4600,"B","Y"
1361,"SUP001361","SUP-001361","Mysuru Industrial Supply Co. 1361","spot","Mysuru","Karnataka","India",30,84.6700,94.4900,"B","Y"
1362,"SUP001362","SUP-001362","Warangal Industrial Supply Co. 1362","contract_manufacturer","Warangal","Telangana","India",45,99.8000,93.8400,"B","Y"
1363,"SUP001363","SUP-001363","Lucknow Industrial Supply Co. 1363","approved","Lucknow","Uttar Pradesh","India",30,89.2700,99.9000,"B","Y"
1364,"SUP001364","SUP-001364","Mumbai Industrial Supply Co. 1364","approved","Mumbai","Maharashtra","India",60,79.6800,99.9000,"C","Y"
1365,"SUP001365","SUP-001365","Indore Industrial Supply Co. 1365","spot","Indore","Madhya Pradesh","India",60,86.4000,98.9300,"B","Y"
1366,"SUP001366","SUP-001366","Vijayawada Industrial Supply Co. 1366","approved","Vijayawada","Andhra Pradesh","India",45,87.7600,97.2300,"B","Y"
1367,"SUP001367","SUP-001367","Indore Industrial Supply Co. 1367","strategic","Indore","Madhya Pradesh","India",30,92.5700,98.8200,"A","Y"
1368,"SUP001368","SUP-001368","Lucknow Industrial Supply Co. 1368","strategic","Lucknow","Uttar Pradesh","India",60,74.4700,90.3500,"C","Y"
1369,"SUP001369","SUP-001369","Mangaluru Industrial Supply Co. 1369","spot","Mangaluru","Karnataka","India",30,85.9500,98.0200,"B","Y"
1370,"SUP001370","SUP-001370","Bengaluru Industrial Supply Co. 1370","approved","Bengaluru","Karnataka","India",45,81.9500,95.1600,"B","Y"
1371,"SUP001371","SUP-001371","Nagpur Industrial Supply Co. 1371","approved","Nagpur","Maharashtra","India",30,78.3400,95.8700,"C","Y"
1372,"SUP001372","SUP-001372","Vijayawada Industrial Supply Co. 1372","approved","Vijayawada","Andhra Pradesh","India",30,86.6000,99.3400,"B","Y"
1373,"SUP001373","SUP-001373","Bengaluru Industrial Supply Co. 1373","spot","Bengaluru","Karnataka","India",60,95.5900,92.3200,"B","Y"
1374,"SUP001374","SUP-001374","Kolkata Industrial Supply Co. 1374","strategic","Kolkata","West Bengal","India",60,90.7100,93.9400,"B","Y"
1375,"SUP001375","SUP-001375","Mangaluru Industrial Supply Co. 1375","approved","Mangaluru","Karnataka","India",30,97.9800,97.3300,"A","Y"
1376,"SUP001376","SUP-001376","Noida Industrial Supply Co. 1376","approved","Noida","Uttar Pradesh","India",30,79.7000,95.1300,"C","Y"
1377,"SUP001377","SUP-001377","Nashik Industrial Supply Co. 1377","approved","Nashik","Maharashtra","India",30,83.0700,98.1100,"B","Y"
1378,"SUP001378","SUP-001378","Pune Industrial Supply Co. 1378","approved","Pune","Maharashtra","India",60,86.5900,90.1900,"C","Y"
1379,"SUP001379","SUP-001379","Indore Industrial Supply Co. 1379","contract_manufacturer","Indore","Madhya Pradesh","India",45,90.0700,93.8700,"B","Y"
1380,"SUP001380","SUP-001380","Hyderabad Industrial Supply Co. 1380","contract_manufacturer","Hyderabad","Telangana","India",30,81.8300,98.0600,"B","Y"
1381,"SUP001381","SUP-001381","Delhi Industrial Supply Co. 1381","approved","Delhi","Delhi","India",15,96.2600,94.7500,"B","Y"
1382,"SUP001382","SUP-001382","Lucknow Industrial Supply Co. 1382","contract_manufacturer","Lucknow","Uttar Pradesh","India",30,90.4200,94.8800,"B","Y"
1383,"SUP001383","SUP-001383","Bhubaneswar Industrial Supply Co. 1383","approved","Bhubaneswar","Odisha","India",30,90.3600,99.4500,"B","Y"
1384,"SUP001384","SUP-001384","Nashik Industrial Supply Co. 1384","approved","Nashik","Maharashtra","India",30,72.4100,95.1500,"C","Y"
1385,"SUP001385","SUP-001385","Delhi Industrial Supply Co. 1385","approved","Delhi","Delhi","India",30,99.8000,93.6600,"B","Y"
1386,"SUP001386","SUP-001386","Bhubaneswar Industrial Supply Co. 1386","spot","Bhubaneswar","Odisha","India",45,99.8000,94.7400,"B","Y"
1387,"SUP001387","SUP-001387","Ranchi Industrial Supply Co. 1387","contract_manufacturer","Ranchi","Jharkhand","India",30,88.8900,91.3600,"B","Y"
1388,"SUP001388","SUP-001388","Agra Industrial Supply Co. 1388","strategic","Agra","Uttar Pradesh","India",30,99.8000,91.3500,"B","Y"
1389,"SUP001389","SUP-001389","Hyderabad Industrial Supply Co. 1389","contract_manufacturer","Hyderabad","Telangana","India",15,99.8000,95.0400,"B","Y"
1390,"SUP001390","SUP-001390","Delhi Industrial Supply Co. 1390","approved","Delhi","Delhi","India",60,88.9600,97.4400,"B","Y"
1391,"SUP001391","SUP-001391","Noida Industrial Supply Co. 1391","approved","Noida","Uttar Pradesh","India",30,72.0800,90.0300,"C","Y"
1392,"SUP001392","SUP-001392","Hyderabad Industrial Supply Co. 1392","approved","Hyderabad","Telangana","India",30,83.1700,88.7500,"C","Y"
1393,"SUP001393","SUP-001393","Surat Industrial Supply Co. 1393","approved","Surat","Gujarat","India",30,77.9600,96.7200,"C","Y"
1394,"SUP001394","SUP-001394","Warangal Industrial Supply Co. 1394","strategic","Warangal","Telangana","India",15,82.9600,91.7200,"B","Y"
1395,"SUP001395","SUP-001395","Ahmedabad Industrial Supply Co. 1395","approved","Ahmedabad","Gujarat","India",30,82.8200,99.9000,"B","Y"
1396,"SUP001396","SUP-001396","Indore Industrial Supply Co. 1396","strategic","Indore","Madhya Pradesh","India",30,82.5000,94.8400,"B","Y"
1397,"SUP001397","SUP-001397","Bengaluru Industrial Supply Co. 1397","approved","Bengaluru","Karnataka","India",30,85.6600,96.4500,"B","Y"
1398,"SUP001398","SUP-001398","Mumbai Industrial Supply Co. 1398","strategic","Mumbai","Maharashtra","India",60,97.0700,97.4900,"A","Y"
1399,"SUP001399","SUP-001399","Noida Industrial Supply Co. 1399","strategic","Noida","Uttar Pradesh","India",30,97.5500,99.9000,"A","Y"
1400,"SUP001400","SUP-001400","Noida Industrial Supply Co. 1400","approved","Noida","Uttar Pradesh","India",30,96.3000,98.8200,"A","Y"
1401,"SUP001401","SUP-001401","Nagpur Industrial Supply Co. 1401","approved","Nagpur","Maharashtra","India",15,88.3000,99.9000,"B","Y"
1402,"SUP001402","SUP-001402","Bengaluru Industrial Supply Co. 1402","contract_manufacturer","Bengaluru","Karnataka","India",30,75.3300,95.5800,"C","Y"
1403,"SUP001403","SUP-001403","Chandigarh Industrial Supply Co. 1403","approved","Chandigarh","Chandigarh","India",60,80.8400,91.0500,"B","Y"
1404,"SUP001404","SUP-001404","Delhi Industrial Supply Co. 1404","approved","Delhi","Delhi","India",60,93.4000,98.1300,"A","Y"
1405,"SUP001405","SUP-001405","Delhi Industrial Supply Co. 1405","strategic","Delhi","Delhi","India",15,90.3200,93.6300,"B","Y"
1406,"SUP001406","SUP-001406","Agra Industrial Supply Co. 1406","contract_manufacturer","Agra","Uttar Pradesh","India",45,88.1600,98.1800,"B","Y"
1407,"SUP001407","SUP-001407","Agra Industrial Supply Co. 1407","approved","Agra","Uttar Pradesh","India",30,75.0700,96.7400,"C","Y"
1408,"SUP001408","SUP-001408","Lucknow Industrial Supply Co. 1408","approved","Lucknow","Uttar Pradesh","India",45,78.0700,96.2400,"C","Y"
1409,"SUP001409","SUP-001409","Nagpur Industrial Supply Co. 1409","strategic","Nagpur","Maharashtra","India",30,95.3000,92.5600,"B","Y"
1410,"SUP001410","SUP-001410","Kolkata Industrial Supply Co. 1410","approved","Kolkata","West Bengal","India",15,79.7200,93.9400,"C","Y"
1411,"SUP001411","SUP-001411","Mangaluru Industrial Supply Co. 1411","approved","Mangaluru","Karnataka","India",30,81.9200,95.1600,"B","Y"
1412,"SUP001412","SUP-001412","Mangaluru Industrial Supply Co. 1412","strategic","Mangaluru","Karnataka","India",15,80.4900,99.9000,"B","Y"
1413,"SUP001413","SUP-001413","Noida Industrial Supply Co. 1413","approved","Noida","Uttar Pradesh","India",30,82.0600,92.9500,"B","Y"
1414,"SUP001414","SUP-001414","Jaipur Industrial Supply Co. 1414","spot","Jaipur","Rajasthan","India",60,61.9700,97.8400,"C","Y"
1415,"SUP001415","SUP-001415","Bhopal Industrial Supply Co. 1415","strategic","Bhopal","Madhya Pradesh","India",45,99.8000,99.7300,"A","Y"
1416,"SUP001416","SUP-001416","Lucknow Industrial Supply Co. 1416","strategic","Lucknow","Uttar Pradesh","India",30,68.5400,93.9700,"C","Y"
1417,"SUP001417","SUP-001417","Jaipur Industrial Supply Co. 1417","approved","Jaipur","Rajasthan","India",45,87.2600,93.7600,"B","Y"
1418,"SUP001418","SUP-001418","Noida Industrial Supply Co. 1418","strategic","Noida","Uttar Pradesh","India",30,87.7300,96.9300,"B","Y"
1419,"SUP001419","SUP-001419","Nashik Industrial Supply Co. 1419","approved","Nashik","Maharashtra","India",45,92.7600,88.9000,"C","Y"
1420,"SUP001420","SUP-001420","Agra Industrial Supply Co. 1420","approved","Agra","Uttar Pradesh","India",30,98.9300,95.7200,"B","Y"
1421,"SUP001421","SUP-001421","Kolkata Industrial Supply Co. 1421","approved","Kolkata","West Bengal","India",30,80.7400,99.9000,"B","Y"
1422,"SUP001422","SUP-001422","Warangal Industrial Supply Co. 1422","approved","Warangal","Telangana","India",30,87.2300,99.3600,"B","Y"
1423,"SUP001423","SUP-001423","Agra Industrial Supply Co. 1423","spot","Agra","Uttar Pradesh","India",15,84.2300,93.2400,"B","Y"
1424,"SUP001424","SUP-001424","Chandigarh Industrial Supply Co. 1424","contract_manufacturer","Chandigarh","Chandigarh","India",45,99.8000,96.8900,"B","Y"
1425,"SUP001425","SUP-001425","Surat Industrial Supply Co. 1425","spot","Surat","Gujarat","India",30,88.1500,90.7500,"C","Y"
1426,"SUP001426","SUP-001426","Vadodara Industrial Supply Co. 1426","spot","Vadodara","Gujarat","India",30,91.6100,95.3600,"B","Y"
1427,"SUP001427","SUP-001427","Lucknow Industrial Supply Co. 1427","contract_manufacturer","Lucknow","Uttar Pradesh","India",60,91.7600,97.1700,"B","Y"
1428,"SUP001428","SUP-001428","Bhubaneswar Industrial Supply Co. 1428","spot","Bhubaneswar","Odisha","India",60,93.2900,89.9800,"C","Y"
1429,"SUP001429","SUP-001429","Chandigarh Industrial Supply Co. 1429","strategic","Chandigarh","Chandigarh","India",30,72.6200,96.8600,"C","Y"
1430,"SUP001430","SUP-001430","Surat Industrial Supply Co. 1430","approved","Surat","Gujarat","India",30,93.7100,99.7400,"A","Y"
1431,"SUP001431","SUP-001431","Noida Industrial Supply Co. 1431","approved","Noida","Uttar Pradesh","India",45,85.0800,91.4600,"B","Y"
1432,"SUP001432","SUP-001432","Warangal Industrial Supply Co. 1432","spot","Warangal","Telangana","India",30,80.3000,97.9700,"B","Y"
1433,"SUP001433","SUP-001433","Delhi Industrial Supply Co. 1433","approved","Delhi","Delhi","India",30,80.1300,96.0100,"B","Y"
1434,"SUP001434","SUP-001434","Chandigarh Industrial Supply Co. 1434","strategic","Chandigarh","Chandigarh","India",45,82.1500,95.1500,"B","Y"
1435,"SUP001435","SUP-001435","Hyderabad Industrial Supply Co. 1435","approved","Hyderabad","Telangana","India",60,76.5100,93.3800,"C","Y"
1436,"SUP001436","SUP-001436","Vadodara Industrial Supply Co. 1436","approved","Vadodara","Gujarat","India",45,96.7100,99.9000,"A","Y"
1437,"SUP001437","SUP-001437","Noida Industrial Supply Co. 1437","approved","Noida","Uttar Pradesh","India",30,99.8000,96.7400,"B","Y"
1438,"SUP001438","SUP-001438","Pune Industrial Supply Co. 1438","approved","Pune","Maharashtra","India",60,79.4600,96.3600,"C","Y"
1439,"SUP001439","SUP-001439","Noida Industrial Supply Co. 1439","approved","Noida","Uttar Pradesh","India",30,92.4200,95.6600,"B","Y"
1440,"SUP001440","SUP-001440","Bhubaneswar Industrial Supply Co. 1440","approved","Bhubaneswar","Odisha","India",45,89.0800,93.5800,"B","Y"
1441,"SUP001441","SUP-001441","Indore Industrial Supply Co. 1441","approved","Indore","Madhya Pradesh","India",30,75.1600,94.3800,"C","Y"
1442,"SUP001442","SUP-001442","Pune Industrial Supply Co. 1442","approved","Pune","Maharashtra","India",60,86.8700,95.5100,"B","Y"
1443,"SUP001443","SUP-001443","Kolkata Industrial Supply Co. 1443","strategic","Kolkata","West Bengal","India",30,74.6100,92.7300,"C","Y"
1444,"SUP001444","SUP-001444","Chandigarh Industrial Supply Co. 1444","approved","Chandigarh","Chandigarh","India",45,87.5700,98.0000,"B","Y"
1445,"SUP001445","SUP-001445","Mysuru Industrial Supply Co. 1445","contract_manufacturer","Mysuru","Karnataka","India",60,86.3100,89.7000,"C","Y"
1446,"SUP001446","SUP-001446","Warangal Industrial Supply Co. 1446","approved","Warangal","Telangana","India",45,76.6000,89.1200,"C","Y"
1447,"SUP001447","SUP-001447","Nashik Industrial Supply Co. 1447","approved","Nashik","Maharashtra","India",15,93.0800,93.9800,"B","Y"
1448,"SUP001448","SUP-001448","Delhi Industrial Supply Co. 1448","approved","Delhi","Delhi","India",30,88.6500,94.8000,"B","Y"
1449,"SUP001449","SUP-001449","Indore Industrial Supply Co. 1449","approved","Indore","Madhya Pradesh","India",45,84.1700,97.1500,"B","Y"
1450,"SUP001450","SUP-001450","Warangal Industrial Supply Co. 1450","strategic","Warangal","Telangana","India",30,83.0200,95.9300,"B","Y"
1451,"SUP001451","SUP-001451","Bengaluru Industrial Supply Co. 1451","approved","Bengaluru","Karnataka","India",30,84.6600,99.8800,"B","Y"
1452,"SUP001452","SUP-001452","Ranchi Industrial Supply Co. 1452","approved","Ranchi","Jharkhand","India",60,75.2900,95.1000,"C","Y"
1453,"SUP001453","SUP-001453","Vijayawada Industrial Supply Co. 1453","approved","Vijayawada","Andhra Pradesh","India",30,88.7800,98.3000,"B","Y"
1454,"SUP001454","SUP-001454","Vijayawada Industrial Supply Co. 1454","approved","Vijayawada","Andhra Pradesh","India",45,99.8000,98.1100,"A","Y"
1455,"SUP001455","SUP-001455","Mangaluru Industrial Supply Co. 1455","strategic","Mangaluru","Karnataka","India",15,93.4900,96.5700,"B","Y"
1456,"SUP001456","SUP-001456","Mysuru Industrial Supply Co. 1456","strategic","Mysuru","Karnataka","India",30,94.9000,94.2200,"B","Y"
1457,"SUP001457","SUP-001457","Delhi Industrial Supply Co. 1457","approved","Delhi","Delhi","India",15,74.7300,97.6200,"C","Y"
1458,"SUP001458","SUP-001458","Vadodara Industrial Supply Co. 1458","approved","Vadodara","Gujarat","India",45,87.4300,91.9100,"B","Y"
1459,"SUP001459","SUP-001459","Warangal Industrial Supply Co. 1459","contract_manufacturer","Warangal","Telangana","India",45,81.8500,96.2600,"B","Y"
1460,"SUP001460","SUP-001460","Jaipur Industrial Supply Co. 1460","strategic","Jaipur","Rajasthan","India",30,93.1000,96.4100,"B","Y"
1461,"SUP001461","SUP-001461","Bhopal Industrial Supply Co. 1461","approved","Bhopal","Madhya Pradesh","India",30,77.2000,92.6800,"C","Y"
1462,"SUP001462","SUP-001462","Chandigarh Industrial Supply Co. 1462","spot","Chandigarh","Chandigarh","India",30,90.1700,96.5600,"B","Y"
1463,"SUP001463","SUP-001463","Vijayawada Industrial Supply Co. 1463","approved","Vijayawada","Andhra Pradesh","India",45,99.8000,99.9000,"A","Y"
1464,"SUP001464","SUP-001464","Bengaluru Industrial Supply Co. 1464","approved","Bengaluru","Karnataka","India",60,99.8000,95.1700,"B","Y"
1465,"SUP001465","SUP-001465","Warangal Industrial Supply Co. 1465","spot","Warangal","Telangana","India",45,94.6400,92.6600,"B","Y"
1466,"SUP001466","SUP-001466","Mangaluru Industrial Supply Co. 1466","spot","Mangaluru","Karnataka","India",30,83.6200,92.4700,"B","Y"
1467,"SUP001467","SUP-001467","Bhopal Industrial Supply Co. 1467","approved","Bhopal","Madhya Pradesh","India",30,98.9700,97.0200,"A","Y"
1468,"SUP001468","SUP-001468","Bengaluru Industrial Supply Co. 1468","approved","Bengaluru","Karnataka","India",45,77.8000,92.5800,"C","Y"
1469,"SUP001469","SUP-001469","Noida Industrial Supply Co. 1469","approved","Noida","Uttar Pradesh","India",45,83.3900,95.9000,"B","Y"
1470,"SUP001470","SUP-001470","Mangaluru Industrial Supply Co. 1470","approved","Mangaluru","Karnataka","India",15,98.9300,96.8700,"B","Y"
1471,"SUP001471","SUP-001471","Nagpur Industrial Supply Co. 1471","contract_manufacturer","Nagpur","Maharashtra","India",45,97.5700,99.9000,"A","Y"
1472,"SUP001472","SUP-001472","Delhi Industrial Supply Co. 1472","approved","Delhi","Delhi","India",30,85.3800,97.3600,"B","Y"
1473,"SUP001473","SUP-001473","Delhi Industrial Supply Co. 1473","approved","Delhi","Delhi","India",15,84.8100,96.9000,"B","Y"
1474,"SUP001474","SUP-001474","Mumbai Industrial Supply Co. 1474","approved","Mumbai","Maharashtra","India",45,93.1000,92.8500,"B","Y"
1475,"SUP001475","SUP-001475","Lucknow Industrial Supply Co. 1475","approved","Lucknow","Uttar Pradesh","India",15,91.8800,95.6500,"B","Y"
1476,"SUP001476","SUP-001476","Delhi Industrial Supply Co. 1476","approved","Delhi","Delhi","India",45,90.1800,87.9000,"C","Y"
1477,"SUP001477","SUP-001477","Jaipur Industrial Supply Co. 1477","approved","Jaipur","Rajasthan","India",45,85.7500,94.5400,"B","Y"
1478,"SUP001478","SUP-001478","Hyderabad Industrial Supply Co. 1478","contract_manufacturer","Hyderabad","Telangana","India",45,90.3700,96.2200,"B","Y"
1479,"SUP001479","SUP-001479","Bengaluru Industrial Supply Co. 1479","spot","Bengaluru","Karnataka","India",45,75.8200,95.5800,"C","Y"
1480,"SUP001480","SUP-001480","Nashik Industrial Supply Co. 1480","contract_manufacturer","Nashik","Maharashtra","India",30,90.3100,93.7400,"B","Y"
1481,"SUP001481","SUP-001481","Surat Industrial Supply Co. 1481","contract_manufacturer","Surat","Gujarat","India",30,86.7300,93.7400,"B","Y"
1482,"SUP001482","SUP-001482","Vadodara Industrial Supply Co. 1482","contract_manufacturer","Vadodara","Gujarat","India",30,86.6800,98.1300,"B","Y"
1483,"SUP001483","SUP-001483","Bengaluru Industrial Supply Co. 1483","approved","Bengaluru","Karnataka","India",30,99.8000,95.3500,"B","Y"
1484,"SUP001484","SUP-001484","Mumbai Industrial Supply Co. 1484","approved","Mumbai","Maharashtra","India",15,80.9300,90.9900,"C","Y"
1485,"SUP001485","SUP-001485","Pune Industrial Supply Co. 1485","spot","Pune","Maharashtra","India",45,99.8000,93.7100,"B","Y"
1486,"SUP001486","SUP-001486","Hyderabad Industrial Supply Co. 1486","approved","Hyderabad","Telangana","India",60,80.2800,92.9900,"B","Y"
1487,"SUP001487","SUP-001487","Bhubaneswar Industrial Supply Co. 1487","approved","Bhubaneswar","Odisha","India",30,85.3000,99.9000,"B","Y"
1488,"SUP001488","SUP-001488","Hyderabad Industrial Supply Co. 1488","approved","Hyderabad","Telangana","India",15,87.7100,97.7100,"B","Y"
1489,"SUP001489","SUP-001489","Vadodara Industrial Supply Co. 1489","approved","Vadodara","Gujarat","India",30,77.4100,94.8600,"C","Y"
1490,"SUP001490","SUP-001490","Vijayawada Industrial Supply Co. 1490","spot","Vijayawada","Andhra Pradesh","India",60,95.8400,93.8100,"B","Y"
1491,"SUP001491","SUP-001491","Pune Industrial Supply Co. 1491","strategic","Pune","Maharashtra","India",30,94.3000,99.7400,"A","Y"
1492,"SUP001492","SUP-001492","Kolkata Industrial Supply Co. 1492","spot","Kolkata","West Bengal","India",45,84.6000,99.4900,"B","Y"
1493,"SUP001493","SUP-001493","Indore Industrial Supply Co. 1493","approved","Indore","Madhya Pradesh","India",30,74.5800,99.9000,"C","Y"
1494,"SUP001494","SUP-001494","Vadodara Industrial Supply Co. 1494","approved","Vadodara","Gujarat","India",30,85.3900,95.6000,"B","Y"
1495,"SUP001495","SUP-001495","Lucknow Industrial Supply Co. 1495","strategic","Lucknow","Uttar Pradesh","India",30,99.8000,97.4500,"A","Y"
1496,"SUP001496","SUP-001496","Indore Industrial Supply Co. 1496","approved","Indore","Madhya Pradesh","India",30,88.3600,98.7100,"B","Y"
1497,"SUP001497","SUP-001497","Warangal Industrial Supply Co. 1497","approved","Warangal","Telangana","India",60,75.1600,95.3700,"C","Y"
1498,"SUP001498","SUP-001498","Nashik Industrial Supply Co. 1498","spot","Nashik","Maharashtra","India",60,85.4500,95.7000,"B","Y"
1499,"SUP001499","SUP-001499","Kolkata Industrial Supply Co. 1499","approved","Kolkata","West Bengal","India",30,83.0800,94.7600,"B","Y"
1500,"SUP001500","SUP-001500","Delhi Industrial Supply Co. 1500","spot","Delhi","Delhi","India",30,92.1800,91.9000,"B","Y"
1501,"SUP001501","SUP-001501","Warangal Industrial Supply Co. 1501","contract_manufacturer","Warangal","Telangana","India",45,89.1600,95.4700,"B","Y"
1502,"SUP001502","SUP-001502","Agra Industrial Supply Co. 1502","strategic","Agra","Uttar Pradesh","India",45,99.8000,96.9400,"B","Y"
1503,"SUP001503","SUP-001503","Chandigarh Industrial Supply Co. 1503","approved","Chandigarh","Chandigarh","India",60,82.6200,94.3600,"B","Y"
1504,"SUP001504","SUP-001504","Kolkata Industrial Supply Co. 1504","approved","Kolkata","West Bengal","India",60,81.4900,95.5400,"B","Y"
1505,"SUP001505","SUP-001505","Warangal Industrial Supply Co. 1505","approved","Warangal","Telangana","India",15,84.6500,95.3900,"B","Y"
1506,"SUP001506","SUP-001506","Bhopal Industrial Supply Co. 1506","approved","Bhopal","Madhya Pradesh","India",45,93.1500,96.6700,"B","Y"
1507,"SUP001507","SUP-001507","Bengaluru Industrial Supply Co. 1507","approved","Bengaluru","Karnataka","India",45,84.8500,97.8000,"B","Y"
1508,"SUP001508","SUP-001508","Bhubaneswar Industrial Supply Co. 1508","approved","Bhubaneswar","Odisha","India",45,97.8000,98.1200,"A","Y"
1509,"SUP001509","SUP-001509","Lucknow Industrial Supply Co. 1509","approved","Lucknow","Uttar Pradesh","India",30,74.4400,97.1800,"C","Y"
1510,"SUP001510","SUP-001510","Hyderabad Industrial Supply Co. 1510","approved","Hyderabad","Telangana","India",45,78.7900,99.4800,"C","Y"
1511,"SUP001511","SUP-001511","Bhopal Industrial Supply Co. 1511","strategic","Bhopal","Madhya Pradesh","India",45,90.4500,99.9000,"B","Y"
1512,"SUP001512","SUP-001512","Kolkata Industrial Supply Co. 1512","strategic","Kolkata","West Bengal","India",45,84.6900,94.7300,"B","Y"
1513,"SUP001513","SUP-001513","Nagpur Industrial Supply Co. 1513","strategic","Nagpur","Maharashtra","India",30,94.0300,99.0500,"A","Y"
1514,"SUP001514","SUP-001514","Vadodara Industrial Supply Co. 1514","spot","Vadodara","Gujarat","India",45,97.2700,87.7600,"C","Y"
1515,"SUP001515","SUP-001515","Noida Industrial Supply Co. 1515","strategic","Noida","Uttar Pradesh","India",30,78.2500,93.4600,"C","Y"
1516,"SUP001516","SUP-001516","Bhopal Industrial Supply Co. 1516","approved","Bhopal","Madhya Pradesh","India",45,80.2800,95.6200,"B","Y"
1517,"SUP001517","SUP-001517","Nagpur Industrial Supply Co. 1517","approved","Nagpur","Maharashtra","India",60,82.6900,91.2000,"B","Y"
1518,"SUP001518","SUP-001518","Delhi Industrial Supply Co. 1518","contract_manufacturer","Delhi","Delhi","India",30,80.9800,97.3900,"B","Y"
1519,"SUP001519","SUP-001519","Kolkata Industrial Supply Co. 1519","strategic","Kolkata","West Bengal","India",45,85.5900,96.0900,"B","Y"
1520,"SUP001520","SUP-001520","Jaipur Industrial Supply Co. 1520","approved","Jaipur","Rajasthan","India",60,89.2500,94.2600,"B","Y"
1521,"SUP001521","SUP-001521","Ahmedabad Industrial Supply Co. 1521","approved","Ahmedabad","Gujarat","India",45,83.0700,90.7100,"C","Y"
1522,"SUP001522","SUP-001522","Nagpur Industrial Supply Co. 1522","strategic","Nagpur","Maharashtra","India",60,81.4800,96.3900,"B","Y"
1523,"SUP001523","SUP-001523","Vadodara Industrial Supply Co. 1523","approved","Vadodara","Gujarat","India",30,83.2800,93.1900,"B","Y"
1524,"SUP001524","SUP-001524","Bhopal Industrial Supply Co. 1524","approved","Bhopal","Madhya Pradesh","India",15,89.1000,94.9600,"B","Y"
1525,"SUP001525","SUP-001525","Kolkata Industrial Supply Co. 1525","approved","Kolkata","West Bengal","India",45,80.1800,98.5600,"B","Y"
1526,"SUP001526","SUP-001526","Pune Industrial Supply Co. 1526","spot","Pune","Maharashtra","India",60,78.5600,96.7600,"C","Y"
1527,"SUP001527","SUP-001527","Noida Industrial Supply Co. 1527","approved","Noida","Uttar Pradesh","India",30,92.3600,95.5700,"B","Y"
1528,"SUP001528","SUP-001528","Delhi Industrial Supply Co. 1528","approved","Delhi","Delhi","India",30,84.5800,94.6000,"B","Y"
1529,"SUP001529","SUP-001529","Nagpur Industrial Supply Co. 1529","contract_manufacturer","Nagpur","Maharashtra","India",15,83.7000,99.2600,"B","Y"
1530,"SUP001530","SUP-001530","Lucknow Industrial Supply Co. 1530","contract_manufacturer","Lucknow","Uttar Pradesh","India",45,80.5400,95.8300,"B","Y"
1531,"SUP001531","SUP-001531","Mysuru Industrial Supply Co. 1531","approved","Mysuru","Karnataka","India",30,99.8000,93.1400,"B","Y"
1532,"SUP001532","SUP-001532","Hyderabad Industrial Supply Co. 1532","contract_manufacturer","Hyderabad","Telangana","India",30,92.5700,93.9000,"B","Y"
1533,"SUP001533","SUP-001533","Vadodara Industrial Supply Co. 1533","approved","Vadodara","Gujarat","India",45,81.4200,93.6900,"B","Y"
1534,"SUP001534","SUP-001534","Delhi Industrial Supply Co. 1534","approved","Delhi","Delhi","India",15,89.4000,93.5700,"B","Y"
1535,"SUP001535","SUP-001535","Chandigarh Industrial Supply Co. 1535","approved","Chandigarh","Chandigarh","India",30,89.0700,95.8400,"B","Y"
1536,"SUP001536","SUP-001536","Delhi Industrial Supply Co. 1536","contract_manufacturer","Delhi","Delhi","India",45,76.6200,96.8100,"C","Y"
1537,"SUP001537","SUP-001537","Vadodara Industrial Supply Co. 1537","spot","Vadodara","Gujarat","India",30,93.8200,96.9500,"B","Y"
1538,"SUP001538","SUP-001538","Agra Industrial Supply Co. 1538","strategic","Agra","Uttar Pradesh","India",15,99.8000,91.4400,"B","Y"
1539,"SUP001539","SUP-001539","Hyderabad Industrial Supply Co. 1539","approved","Hyderabad","Telangana","India",30,83.0500,97.3500,"B","Y"
1540,"SUP001540","SUP-001540","Surat Industrial Supply Co. 1540","approved","Surat","Gujarat","India",30,99.8000,91.2100,"B","Y"
1541,"SUP001541","SUP-001541","Surat Industrial Supply Co. 1541","strategic","Surat","Gujarat","India",60,88.1400,95.7500,"B","Y"
1542,"SUP001542","SUP-001542","Jaipur Industrial Supply Co. 1542","spot","Jaipur","Rajasthan","India",60,90.7900,99.2300,"B","Y"
1543,"SUP001543","SUP-001543","Chandigarh Industrial Supply Co. 1543","approved","Chandigarh","Chandigarh","India",15,94.0700,96.7100,"B","Y"
1544,"SUP001544","SUP-001544","Nashik Industrial Supply Co. 1544","spot","Nashik","Maharashtra","India",15,80.4400,97.1200,"B","Y"
1545,"SUP001545","SUP-001545","Jaipur Industrial Supply Co. 1545","contract_manufacturer","Jaipur","Rajasthan","India",45,71.7200,99.1900,"C","Y"
1546,"SUP001546","SUP-001546","Delhi Industrial Supply Co. 1546","approved","Delhi","Delhi","India",60,89.4900,95.7900,"B","Y"
1547,"SUP001547","SUP-001547","Hyderabad Industrial Supply Co. 1547","approved","Hyderabad","Telangana","India",15,78.7700,93.7700,"C","Y"
1548,"SUP001548","SUP-001548","Pune Industrial Supply Co. 1548","approved","Pune","Maharashtra","India",60,77.2800,92.5200,"C","Y"
1549,"SUP001549","SUP-001549","Jaipur Industrial Supply Co. 1549","strategic","Jaipur","Rajasthan","India",30,79.3300,98.2300,"C","Y"
1550,"SUP001550","SUP-001550","Nashik Industrial Supply Co. 1550","approved","Nashik","Maharashtra","India",60,96.8200,98.6900,"A","Y"
1551,"SUP001551","SUP-001551","Kolkata Industrial Supply Co. 1551","contract_manufacturer","Kolkata","West Bengal","India",45,79.0000,95.4400,"C","Y"
1552,"SUP001552","SUP-001552","Bhubaneswar Industrial Supply Co. 1552","approved","Bhubaneswar","Odisha","India",30,98.4900,95.1100,"B","Y"
1553,"SUP001553","SUP-001553","Agra Industrial Supply Co. 1553","approved","Agra","Uttar Pradesh","India",45,97.6200,88.0500,"C","Y"
1554,"SUP001554","SUP-001554","Nagpur Industrial Supply Co. 1554","contract_manufacturer","Nagpur","Maharashtra","India",30,89.4600,96.5600,"B","Y"
1555,"SUP001555","SUP-001555","Agra Industrial Supply Co. 1555","spot","Agra","Uttar Pradesh","India",30,77.7200,96.7900,"C","Y"
1556,"SUP001556","SUP-001556","Nashik Industrial Supply Co. 1556","strategic","Nashik","Maharashtra","India",30,84.8700,95.0100,"B","Y"
1557,"SUP001557","SUP-001557","Pune Industrial Supply Co. 1557","approved","Pune","Maharashtra","India",45,87.9500,99.9000,"B","Y"
1558,"SUP001558","SUP-001558","Surat Industrial Supply Co. 1558","approved","Surat","Gujarat","India",45,95.9800,93.9300,"B","Y"
1559,"SUP001559","SUP-001559","Kolkata Industrial Supply Co. 1559","strategic","Kolkata","West Bengal","India",15,93.0700,98.3700,"A","Y"
1560,"SUP001560","SUP-001560","Kolkata Industrial Supply Co. 1560","approved","Kolkata","West Bengal","India",45,75.3200,93.0000,"C","Y"
1561,"SUP001561","SUP-001561","Noida Industrial Supply Co. 1561","strategic","Noida","Uttar Pradesh","India",45,94.7600,93.2500,"B","Y"
1562,"SUP001562","SUP-001562","Pune Industrial Supply Co. 1562","approved","Pune","Maharashtra","India",30,97.0700,91.7500,"B","Y"
1563,"SUP001563","SUP-001563","Bhopal Industrial Supply Co. 1563","approved","Bhopal","Madhya Pradesh","India",45,92.3300,95.1300,"B","Y"
1564,"SUP001564","SUP-001564","Hyderabad Industrial Supply Co. 1564","approved","Hyderabad","Telangana","India",60,99.8000,95.3800,"B","Y"
1565,"SUP001565","SUP-001565","Noida Industrial Supply Co. 1565","spot","Noida","Uttar Pradesh","India",30,99.6200,92.3400,"B","Y"
1566,"SUP001566","SUP-001566","Bengaluru Industrial Supply Co. 1566","strategic","Bengaluru","Karnataka","India",60,98.9300,98.6800,"A","Y"
1567,"SUP001567","SUP-001567","Agra Industrial Supply Co. 1567","approved","Agra","Uttar Pradesh","India",30,87.9900,97.6600,"B","Y"
1568,"SUP001568","SUP-001568","Bhubaneswar Industrial Supply Co. 1568","approved","Bhubaneswar","Odisha","India",30,88.4700,95.6500,"B","Y"
1569,"SUP001569","SUP-001569","Nagpur Industrial Supply Co. 1569","strategic","Nagpur","Maharashtra","India",30,81.6600,89.7500,"C","Y"
1570,"SUP001570","SUP-001570","Pune Industrial Supply Co. 1570","approved","Pune","Maharashtra","India",45,76.6200,97.0300,"C","Y"
1571,"SUP001571","SUP-001571","Kolkata Industrial Supply Co. 1571","spot","Kolkata","West Bengal","India",30,99.6100,98.8700,"A","Y"
1572,"SUP001572","SUP-001572","Noida Industrial Supply Co. 1572","strategic","Noida","Uttar Pradesh","India",45,68.8300,93.8200,"C","Y"
1573,"SUP001573","SUP-001573","Ranchi Industrial Supply Co. 1573","strategic","Ranchi","Jharkhand","India",30,72.6500,99.9000,"C","Y"
1574,"SUP001574","SUP-001574","Bhubaneswar Industrial Supply Co. 1574","approved","Bhubaneswar","Odisha","India",15,90.7600,95.4800,"B","Y"
1575,"SUP001575","SUP-001575","Agra Industrial Supply Co. 1575","approved","Agra","Uttar Pradesh","India",15,87.3400,96.7500,"B","Y"
1576,"SUP001576","SUP-001576","Lucknow Industrial Supply Co. 1576","strategic","Lucknow","Uttar Pradesh","India",15,85.2000,99.9000,"B","Y"
1577,"SUP001577","SUP-001577","Noida Industrial Supply Co. 1577","approved","Noida","Uttar Pradesh","India",15,83.5400,95.0600,"B","Y"
1578,"SUP001578","SUP-001578","Chandigarh Industrial Supply Co. 1578","approved","Chandigarh","Chandigarh","India",30,79.1900,95.0400,"C","Y"
1579,"SUP001579","SUP-001579","Nagpur Industrial Supply Co. 1579","approved","Nagpur","Maharashtra","India",45,90.0900,91.8300,"B","Y"
1580,"SUP001580","SUP-001580","Warangal Industrial Supply Co. 1580","approved","Warangal","Telangana","India",60,99.8000,96.8900,"B","Y"
1581,"SUP001581","SUP-001581","Vadodara Industrial Supply Co. 1581","approved","Vadodara","Gujarat","India",45,97.9500,95.8000,"B","Y"
1582,"SUP001582","SUP-001582","Nagpur Industrial Supply Co. 1582","approved","Nagpur","Maharashtra","India",30,85.7100,91.1900,"B","Y"
1583,"SUP001583","SUP-001583","Indore Industrial Supply Co. 1583","approved","Indore","Madhya Pradesh","India",60,84.7800,95.8500,"B","Y"
1584,"SUP001584","SUP-001584","Chandigarh Industrial Supply Co. 1584","approved","Chandigarh","Chandigarh","India",45,80.3900,95.8300,"B","Y"
1585,"SUP001585","SUP-001585","Mangaluru Industrial Supply Co. 1585","approved","Mangaluru","Karnataka","India",45,90.9500,99.9000,"B","Y"
1586,"SUP001586","SUP-001586","Bhopal Industrial Supply Co. 1586","approved","Bhopal","Madhya Pradesh","India",60,99.8000,94.4200,"B","Y"
1587,"SUP001587","SUP-001587","Delhi Industrial Supply Co. 1587","spot","Delhi","Delhi","India",30,89.7200,92.5900,"B","Y"
1588,"SUP001588","SUP-001588","Mysuru Industrial Supply Co. 1588","contract_manufacturer","Mysuru","Karnataka","India",45,79.3100,93.4100,"C","Y"
1589,"SUP001589","SUP-001589","Hyderabad Industrial Supply Co. 1589","approved","Hyderabad","Telangana","India",30,86.3400,95.9400,"B","Y"
1590,"SUP001590","SUP-001590","Vijayawada Industrial Supply Co. 1590","approved","Vijayawada","Andhra Pradesh","India",30,68.9600,95.3000,"C","Y"
1591,"SUP001591","SUP-001591","Hyderabad Industrial Supply Co. 1591","contract_manufacturer","Hyderabad","Telangana","India",45,90.5200,95.2100,"B","Y"
1592,"SUP001592","SUP-001592","Kolkata Industrial Supply Co. 1592","spot","Kolkata","West Bengal","India",45,93.7700,95.2700,"B","Y"
1593,"SUP001593","SUP-001593","Bhubaneswar Industrial Supply Co. 1593","spot","Bhubaneswar","Odisha","India",60,95.3800,98.4400,"A","Y"
1594,"SUP001594","SUP-001594","Mumbai Industrial Supply Co. 1594","contract_manufacturer","Mumbai","Maharashtra","India",30,91.1900,94.3400,"B","Y"
1595,"SUP001595","SUP-001595","Nagpur Industrial Supply Co. 1595","contract_manufacturer","Nagpur","Maharashtra","India",30,82.4700,99.9000,"B","Y"
1596,"SUP001596","SUP-001596","Delhi Industrial Supply Co. 1596","approved","Delhi","Delhi","India",30,84.0500,98.2500,"B","Y"
1597,"SUP001597","SUP-001597","Chandigarh Industrial Supply Co. 1597","spot","Chandigarh","Chandigarh","India",30,96.0400,93.5100,"B","Y"
1598,"SUP001598","SUP-001598","Chandigarh Industrial Supply Co. 1598","approved","Chandigarh","Chandigarh","India",30,77.8000,92.6000,"C","Y"
1599,"SUP001599","SUP-001599","Jaipur Industrial Supply Co. 1599","approved","Jaipur","Rajasthan","India",15,95.5900,94.5000,"B","Y"
1600,"SUP001600","SUP-001600","Noida Industrial Supply Co. 1600","approved","Noida","Uttar Pradesh","India",15,91.1600,99.9000,"B","Y"
1601,"SUP001601","SUP-001601","Vadodara Industrial Supply Co. 1601","approved","Vadodara","Gujarat","India",15,69.7200,99.9000,"C","Y"
1602,"SUP001602","SUP-001602","Pune Industrial Supply Co. 1602","strategic","Pune","Maharashtra","India",15,93.5300,93.8400,"B","Y"
1603,"SUP001603","SUP-001603","Ranchi Industrial Supply Co. 1603","spot","Ranchi","Jharkhand","India",45,71.3400,99.9000,"C","Y"
1604,"SUP001604","SUP-001604","Mangaluru Industrial Supply Co. 1604","approved","Mangaluru","Karnataka","India",30,64.7800,96.4500,"C","Y"
1605,"SUP001605","SUP-001605","Ranchi Industrial Supply Co. 1605","approved","Ranchi","Jharkhand","India",30,89.3900,96.2400,"B","Y"
1606,"SUP001606","SUP-001606","Nashik Industrial Supply Co. 1606","approved","Nashik","Maharashtra","India",15,86.1500,98.7100,"B","Y"
1607,"SUP001607","SUP-001607","Nashik Industrial Supply Co. 1607","approved","Nashik","Maharashtra","India",45,75.1400,98.6300,"C","Y"
1608,"SUP001608","SUP-001608","Surat Industrial Supply Co. 1608","strategic","Surat","Gujarat","India",45,88.1600,96.6600,"B","Y"
1609,"SUP001609","SUP-001609","Chandigarh Industrial Supply Co. 1609","approved","Chandigarh","Chandigarh","India",30,88.0800,93.4600,"B","Y"
1610,"SUP001610","SUP-001610","Ahmedabad Industrial Supply Co. 1610","contract_manufacturer","Ahmedabad","Gujarat","India",45,84.6900,94.2000,"B","Y"
1611,"SUP001611","SUP-001611","Ahmedabad Industrial Supply Co. 1611","approved","Ahmedabad","Gujarat","India",30,86.5600,95.0100,"B","Y"
1612,"SUP001612","SUP-001612","Ranchi Industrial Supply Co. 1612","strategic","Ranchi","Jharkhand","India",45,86.3600,99.9000,"B","Y"
1613,"SUP001613","SUP-001613","Lucknow Industrial Supply Co. 1613","strategic","Lucknow","Uttar Pradesh","India",15,99.8000,97.3800,"A","Y"
1614,"SUP001614","SUP-001614","Bhopal Industrial Supply Co. 1614","approved","Bhopal","Madhya Pradesh","India",30,99.0200,96.0500,"B","Y"
1615,"SUP001615","SUP-001615","Indore Industrial Supply Co. 1615","strategic","Indore","Madhya Pradesh","India",60,91.2600,98.4600,"B","Y"
1616,"SUP001616","SUP-001616","Pune Industrial Supply Co. 1616","approved","Pune","Maharashtra","India",15,85.8300,98.8500,"B","Y"
1617,"SUP001617","SUP-001617","Surat Industrial Supply Co. 1617","strategic","Surat","Gujarat","India",30,93.6700,94.6000,"B","Y"
1618,"SUP001618","SUP-001618","Warangal Industrial Supply Co. 1618","strategic","Warangal","Telangana","India",15,94.3500,97.0500,"A","Y"
1619,"SUP001619","SUP-001619","Indore Industrial Supply Co. 1619","approved","Indore","Madhya Pradesh","India",30,99.8000,97.3500,"A","Y"
1620,"SUP001620","SUP-001620","Nashik Industrial Supply Co. 1620","contract_manufacturer","Nashik","Maharashtra","India",60,83.1900,96.5900,"B","Y"
1621,"SUP001621","SUP-001621","Nagpur Industrial Supply Co. 1621","approved","Nagpur","Maharashtra","India",45,86.8600,95.3000,"B","Y"
1622,"SUP001622","SUP-001622","Lucknow Industrial Supply Co. 1622","contract_manufacturer","Lucknow","Uttar Pradesh","India",60,99.8000,94.5200,"B","Y"
1623,"SUP001623","SUP-001623","Kolkata Industrial Supply Co. 1623","approved","Kolkata","West Bengal","India",30,90.7600,99.0200,"B","Y"
1624,"SUP001624","SUP-001624","Warangal Industrial Supply Co. 1624","approved","Warangal","Telangana","India",30,93.1200,98.4000,"A","Y"
1625,"SUP001625","SUP-001625","Bhubaneswar Industrial Supply Co. 1625","strategic","Bhubaneswar","Odisha","India",30,99.8000,91.1300,"B","Y"
1626,"SUP001626","SUP-001626","Bhubaneswar Industrial Supply Co. 1626","approved","Bhubaneswar","Odisha","India",45,87.0800,98.1200,"B","Y"
1627,"SUP001627","SUP-001627","Mysuru Industrial Supply Co. 1627","strategic","Mysuru","Karnataka","India",30,99.8000,98.8500,"A","Y"
1628,"SUP001628","SUP-001628","Nagpur Industrial Supply Co. 1628","approved","Nagpur","Maharashtra","India",15,71.7600,96.9500,"C","Y"
1629,"SUP001629","SUP-001629","Chandigarh Industrial Supply Co. 1629","approved","Chandigarh","Chandigarh","India",15,73.4100,99.0900,"C","Y"
1630,"SUP001630","SUP-001630","Kolkata Industrial Supply Co. 1630","approved","Kolkata","West Bengal","India",30,92.0200,93.2700,"B","Y"
1631,"SUP001631","SUP-001631","Mumbai Industrial Supply Co. 1631","strategic","Mumbai","Maharashtra","India",30,93.7200,91.9300,"B","Y"
1632,"SUP001632","SUP-001632","Nashik Industrial Supply Co. 1632","approved","Nashik","Maharashtra","India",30,99.8000,97.0700,"A","Y"
1633,"SUP001633","SUP-001633","Noida Industrial Supply Co. 1633","approved","Noida","Uttar Pradesh","India",30,94.6400,93.5700,"B","Y"
1634,"SUP001634","SUP-001634","Delhi Industrial Supply Co. 1634","approved","Delhi","Delhi","India",45,89.2600,90.4000,"C","Y"
1635,"SUP001635","SUP-001635","Lucknow Industrial Supply Co. 1635","approved","Lucknow","Uttar Pradesh","India",15,94.5900,91.3800,"B","Y"
1636,"SUP001636","SUP-001636","Bhopal Industrial Supply Co. 1636","approved","Bhopal","Madhya Pradesh","India",30,84.5500,96.1600,"B","Y"
1637,"SUP001637","SUP-001637","Delhi Industrial Supply Co. 1637","approved","Delhi","Delhi","India",30,78.3700,96.1700,"C","Y"
1638,"SUP001638","SUP-001638","Mumbai Industrial Supply Co. 1638","contract_manufacturer","Mumbai","Maharashtra","India",30,94.7000,98.3600,"A","Y"
1639,"SUP001639","SUP-001639","Lucknow Industrial Supply Co. 1639","spot","Lucknow","Uttar Pradesh","India",60,94.8300,95.2900,"B","Y"
1640,"SUP001640","SUP-001640","Ranchi Industrial Supply Co. 1640","spot","Ranchi","Jharkhand","India",45,99.7600,94.0700,"B","Y"
1641,"SUP001641","SUP-001641","Nagpur Industrial Supply Co. 1641","contract_manufacturer","Nagpur","Maharashtra","India",15,92.2900,99.9000,"A","Y"
1642,"SUP001642","SUP-001642","Lucknow Industrial Supply Co. 1642","spot","Lucknow","Uttar Pradesh","India",30,80.9300,92.8800,"B","Y"
1643,"SUP001643","SUP-001643","Kolkata Industrial Supply Co. 1643","approved","Kolkata","West Bengal","India",45,87.7600,93.8600,"B","Y"
1644,"SUP001644","SUP-001644","Lucknow Industrial Supply Co. 1644","approved","Lucknow","Uttar Pradesh","India",45,85.0900,99.2600,"B","Y"
1645,"SUP001645","SUP-001645","Kolkata Industrial Supply Co. 1645","approved","Kolkata","West Bengal","India",30,92.3700,94.5500,"B","Y"
1646,"SUP001646","SUP-001646","Indore Industrial Supply Co. 1646","approved","Indore","Madhya Pradesh","India",45,85.5800,90.3500,"C","Y"
1647,"SUP001647","SUP-001647","Lucknow Industrial Supply Co. 1647","approved","Lucknow","Uttar Pradesh","India",30,83.0900,95.9000,"B","Y"
1648,"SUP001648","SUP-001648","Mangaluru Industrial Supply Co. 1648","contract_manufacturer","Mangaluru","Karnataka","India",30,80.1000,99.2900,"B","Y"
1649,"SUP001649","SUP-001649","Nagpur Industrial Supply Co. 1649","contract_manufacturer","Nagpur","Maharashtra","India",45,99.8000,96.2000,"B","Y"
1650,"SUP001650","SUP-001650","Ahmedabad Industrial Supply Co. 1650","approved","Ahmedabad","Gujarat","India",45,88.4200,92.5800,"B","Y"
1651,"SUP001651","SUP-001651","Nashik Industrial Supply Co. 1651","contract_manufacturer","Nashik","Maharashtra","India",30,85.2800,95.8300,"B","Y"
1652,"SUP001652","SUP-001652","Pune Industrial Supply Co. 1652","approved","Pune","Maharashtra","India",45,78.7100,96.0500,"C","Y"
1653,"SUP001653","SUP-001653","Vijayawada Industrial Supply Co. 1653","approved","Vijayawada","Andhra Pradesh","India",30,78.2800,95.5600,"C","Y"
1654,"SUP001654","SUP-001654","Ranchi Industrial Supply Co. 1654","approved","Ranchi","Jharkhand","India",30,99.8000,99.9000,"A","Y"
1655,"SUP001655","SUP-001655","Vadodara Industrial Supply Co. 1655","contract_manufacturer","Vadodara","Gujarat","India",60,89.1900,96.1100,"B","Y"
1656,"SUP001656","SUP-001656","Nashik Industrial Supply Co. 1656","approved","Nashik","Maharashtra","India",45,82.9300,97.2900,"B","Y"
1657,"SUP001657","SUP-001657","Noida Industrial Supply Co. 1657","spot","Noida","Uttar Pradesh","India",30,87.0600,94.9700,"B","Y"
1658,"SUP001658","SUP-001658","Mumbai Industrial Supply Co. 1658","strategic","Mumbai","Maharashtra","India",30,86.8500,99.1100,"B","Y"
1659,"SUP001659","SUP-001659","Lucknow Industrial Supply Co. 1659","strategic","Lucknow","Uttar Pradesh","India",15,71.6800,97.5600,"C","Y"
1660,"SUP001660","SUP-001660","Mysuru Industrial Supply Co. 1660","strategic","Mysuru","Karnataka","India",60,93.4100,98.6000,"A","Y"
1661,"SUP001661","SUP-001661","Surat Industrial Supply Co. 1661","approved","Surat","Gujarat","India",15,93.1600,98.1800,"A","Y"
1662,"SUP001662","SUP-001662","Jaipur Industrial Supply Co. 1662","approved","Jaipur","Rajasthan","India",30,82.9900,88.2500,"C","Y"
1663,"SUP001663","SUP-001663","Nagpur Industrial Supply Co. 1663","approved","Nagpur","Maharashtra","India",45,77.2200,94.4900,"C","Y"
1664,"SUP001664","SUP-001664","Surat Industrial Supply Co. 1664","strategic","Surat","Gujarat","India",30,87.0200,98.4900,"B","Y"
1665,"SUP001665","SUP-001665","Jaipur Industrial Supply Co. 1665","contract_manufacturer","Jaipur","Rajasthan","India",30,99.8000,95.9100,"B","Y"
1666,"SUP001666","SUP-001666","Nashik Industrial Supply Co. 1666","contract_manufacturer","Nashik","Maharashtra","India",15,85.7600,94.0000,"B","Y"
1667,"SUP001667","SUP-001667","Nashik Industrial Supply Co. 1667","approved","Nashik","Maharashtra","India",15,89.1900,91.1900,"B","Y"
1668,"SUP001668","SUP-001668","Mumbai Industrial Supply Co. 1668","contract_manufacturer","Mumbai","Maharashtra","India",45,85.8100,94.0700,"B","Y"
1669,"SUP001669","SUP-001669","Bhopal Industrial Supply Co. 1669","strategic","Bhopal","Madhya Pradesh","India",45,94.2000,92.6400,"B","Y"
1670,"SUP001670","SUP-001670","Mysuru Industrial Supply Co. 1670","contract_manufacturer","Mysuru","Karnataka","India",30,76.7400,99.6100,"C","Y"
1671,"SUP001671","SUP-001671","Bengaluru Industrial Supply Co. 1671","strategic","Bengaluru","Karnataka","India",30,99.8000,88.0700,"C","Y"
1672,"SUP001672","SUP-001672","Mysuru Industrial Supply Co. 1672","approved","Mysuru","Karnataka","India",45,94.4400,99.9000,"A","Y"
1673,"SUP001673","SUP-001673","Delhi Industrial Supply Co. 1673","approved","Delhi","Delhi","India",60,77.3600,91.8200,"C","Y"
1674,"SUP001674","SUP-001674","Noida Industrial Supply Co. 1674","approved","Noida","Uttar Pradesh","India",30,81.4700,93.2000,"B","Y"
1675,"SUP001675","SUP-001675","Vadodara Industrial Supply Co. 1675","contract_manufacturer","Vadodara","Gujarat","India",30,95.9400,94.8500,"B","Y"
1676,"SUP001676","SUP-001676","Jaipur Industrial Supply Co. 1676","contract_manufacturer","Jaipur","Rajasthan","India",15,87.3500,96.5700,"B","Y"
1677,"SUP001677","SUP-001677","Bengaluru Industrial Supply Co. 1677","approved","Bengaluru","Karnataka","India",30,71.3200,99.9000,"C","Y"
1678,"SUP001678","SUP-001678","Noida Industrial Supply Co. 1678","strategic","Noida","Uttar Pradesh","India",60,80.5800,96.5000,"B","Y"
1679,"SUP001679","SUP-001679","Jaipur Industrial Supply Co. 1679","contract_manufacturer","Jaipur","Rajasthan","India",30,76.4300,97.2400,"C","Y"
1680,"SUP001680","SUP-001680","Indore Industrial Supply Co. 1680","contract_manufacturer","Indore","Madhya Pradesh","India",60,70.5000,98.8900,"C","Y"
1681,"SUP001681","SUP-001681","Bhubaneswar Industrial Supply Co. 1681","strategic","Bhubaneswar","Odisha","India",45,77.3800,95.9600,"C","Y"
1682,"SUP001682","SUP-001682","Nagpur Industrial Supply Co. 1682","approved","Nagpur","Maharashtra","India",30,73.0900,99.9000,"C","Y"
1683,"SUP001683","SUP-001683","Bhubaneswar Industrial Supply Co. 1683","approved","Bhubaneswar","Odisha","India",30,99.3500,99.9000,"A","Y"
1684,"SUP001684","SUP-001684","Delhi Industrial Supply Co. 1684","approved","Delhi","Delhi","India",60,99.8000,89.7700,"C","Y"
1685,"SUP001685","SUP-001685","Mangaluru Industrial Supply Co. 1685","spot","Mangaluru","Karnataka","India",45,77.2200,95.6300,"C","Y"
1686,"SUP001686","SUP-001686","Kolkata Industrial Supply Co. 1686","approved","Kolkata","West Bengal","India",60,90.9300,98.5900,"B","Y"
1687,"SUP001687","SUP-001687","Bhubaneswar Industrial Supply Co. 1687","strategic","Bhubaneswar","Odisha","India",30,90.9200,97.9300,"B","Y"
1688,"SUP001688","SUP-001688","Mangaluru Industrial Supply Co. 1688","approved","Mangaluru","Karnataka","India",30,99.8000,97.5800,"A","Y"
1689,"SUP001689","SUP-001689","Bengaluru Industrial Supply Co. 1689","approved","Bengaluru","Karnataka","India",45,91.8900,92.8700,"B","Y"
1690,"SUP001690","SUP-001690","Mumbai Industrial Supply Co. 1690","spot","Mumbai","Maharashtra","India",45,84.8600,99.6900,"B","Y"
1691,"SUP001691","SUP-001691","Surat Industrial Supply Co. 1691","approved","Surat","Gujarat","India",45,68.9000,95.5700,"C","Y"
1692,"SUP001692","SUP-001692","Bengaluru Industrial Supply Co. 1692","strategic","Bengaluru","Karnataka","India",45,99.8000,92.9000,"B","Y"
1693,"SUP001693","SUP-001693","Kolkata Industrial Supply Co. 1693","approved","Kolkata","West Bengal","India",30,87.7900,99.9000,"B","Y"
1694,"SUP001694","SUP-001694","Vadodara Industrial Supply Co. 1694","spot","Vadodara","Gujarat","India",60,87.8300,95.7900,"B","Y"
1695,"SUP001695","SUP-001695","Chandigarh Industrial Supply Co. 1695","approved","Chandigarh","Chandigarh","India",30,79.2700,96.4300,"C","Y"
1696,"SUP001696","SUP-001696","Mumbai Industrial Supply Co. 1696","contract_manufacturer","Mumbai","Maharashtra","India",30,93.0700,95.0900,"B","Y"
1697,"SUP001697","SUP-001697","Vijayawada Industrial Supply Co. 1697","spot","Vijayawada","Andhra Pradesh","India",45,92.9200,97.6500,"A","Y"
1698,"SUP001698","SUP-001698","Nashik Industrial Supply Co. 1698","strategic","Nashik","Maharashtra","India",15,89.1400,93.4400,"B","Y"
1699,"SUP001699","SUP-001699","Delhi Industrial Supply Co. 1699","approved","Delhi","Delhi","India",30,84.5200,98.9700,"B","Y"
1700,"SUP001700","SUP-001700","Warangal Industrial Supply Co. 1700","approved","Warangal","Telangana","India",30,89.8400,90.5300,"C","Y"
1701,"SUP001701","SUP-001701","Jaipur Industrial Supply Co. 1701","strategic","Jaipur","Rajasthan","India",60,99.8000,99.9000,"A","Y"
1702,"SUP001702","SUP-001702","Bhopal Industrial Supply Co. 1702","strategic","Bhopal","Madhya Pradesh","India",60,95.3000,93.2900,"B","Y"
1703,"SUP001703","SUP-001703","Mangaluru Industrial Supply Co. 1703","approved","Mangaluru","Karnataka","India",15,88.2100,93.6800,"B","Y"
1704,"SUP001704","SUP-001704","Kolkata Industrial Supply Co. 1704","approved","Kolkata","West Bengal","India",30,83.3400,96.1500,"B","Y"
1705,"SUP001705","SUP-001705","Bhopal Industrial Supply Co. 1705","spot","Bhopal","Madhya Pradesh","India",15,90.7100,93.0300,"B","Y"
1706,"SUP001706","SUP-001706","Vadodara Industrial Supply Co. 1706","approved","Vadodara","Gujarat","India",30,99.8000,91.7300,"B","Y"
1707,"SUP001707","SUP-001707","Chandigarh Industrial Supply Co. 1707","spot","Chandigarh","Chandigarh","India",45,83.6700,94.9400,"B","Y"
1708,"SUP001708","SUP-001708","Mangaluru Industrial Supply Co. 1708","approved","Mangaluru","Karnataka","India",30,84.2300,98.6500,"B","Y"
1709,"SUP001709","SUP-001709","Nagpur Industrial Supply Co. 1709","approved","Nagpur","Maharashtra","India",45,99.8000,95.9400,"B","Y"
1710,"SUP001710","SUP-001710","Chandigarh Industrial Supply Co. 1710","strategic","Chandigarh","Chandigarh","India",45,81.9500,98.9600,"B","Y"
1711,"SUP001711","SUP-001711","Indore Industrial Supply Co. 1711","contract_manufacturer","Indore","Madhya Pradesh","India",15,87.3100,89.4800,"C","Y"
1712,"SUP001712","SUP-001712","Ahmedabad Industrial Supply Co. 1712","approved","Ahmedabad","Gujarat","India",30,73.0900,94.9900,"C","Y"
1713,"SUP001713","SUP-001713","Pune Industrial Supply Co. 1713","approved","Pune","Maharashtra","India",30,95.4000,96.6500,"B","Y"
1714,"SUP001714","SUP-001714","Indore Industrial Supply Co. 1714","spot","Indore","Madhya Pradesh","India",45,75.5900,94.2200,"C","Y"
1715,"SUP001715","SUP-001715","Bhubaneswar Industrial Supply Co. 1715","approved","Bhubaneswar","Odisha","India",30,84.9800,92.8200,"B","Y"
1716,"SUP001716","SUP-001716","Noida Industrial Supply Co. 1716","approved","Noida","Uttar Pradesh","India",45,83.1800,95.7800,"B","Y"
1717,"SUP001717","SUP-001717","Nagpur Industrial Supply Co. 1717","strategic","Nagpur","Maharashtra","India",45,75.3500,99.2500,"C","Y"
1718,"SUP001718","SUP-001718","Mysuru Industrial Supply Co. 1718","approved","Mysuru","Karnataka","India",15,99.8000,99.5100,"A","Y"
1719,"SUP001719","SUP-001719","Lucknow Industrial Supply Co. 1719","approved","Lucknow","Uttar Pradesh","India",30,71.0500,91.9100,"C","Y"
1720,"SUP001720","SUP-001720","Nagpur Industrial Supply Co. 1720","spot","Nagpur","Maharashtra","India",30,75.2400,98.3500,"C","Y"
1721,"SUP001721","SUP-001721","Mangaluru Industrial Supply Co. 1721","strategic","Mangaluru","Karnataka","India",30,95.3900,96.6900,"B","Y"
1722,"SUP001722","SUP-001722","Warangal Industrial Supply Co. 1722","strategic","Warangal","Telangana","India",60,76.7100,97.5800,"C","Y"
1723,"SUP001723","SUP-001723","Chandigarh Industrial Supply Co. 1723","approved","Chandigarh","Chandigarh","India",30,94.5100,94.1300,"B","Y"
1724,"SUP001724","SUP-001724","Mangaluru Industrial Supply Co. 1724","approved","Mangaluru","Karnataka","India",45,90.9300,91.1600,"B","Y"
1725,"SUP001725","SUP-001725","Vijayawada Industrial Supply Co. 1725","approved","Vijayawada","Andhra Pradesh","India",45,98.1800,98.1500,"A","Y"
1726,"SUP001726","SUP-001726","Hyderabad Industrial Supply Co. 1726","approved","Hyderabad","Telangana","India",30,88.0100,94.7800,"B","Y"
1727,"SUP001727","SUP-001727","Pune Industrial Supply Co. 1727","strategic","Pune","Maharashtra","India",45,76.5700,99.9000,"C","Y"
1728,"SUP001728","SUP-001728","Surat Industrial Supply Co. 1728","approved","Surat","Gujarat","India",30,83.7600,97.2800,"B","Y"
1729,"SUP001729","SUP-001729","Bhopal Industrial Supply Co. 1729","approved","Bhopal","Madhya Pradesh","India",60,81.3200,99.9000,"B","Y"
1730,"SUP001730","SUP-001730","Lucknow Industrial Supply Co. 1730","approved","Lucknow","Uttar Pradesh","India",45,99.2600,98.4700,"A","Y"
1731,"SUP001731","SUP-001731","Ranchi Industrial Supply Co. 1731","strategic","Ranchi","Jharkhand","India",60,85.3100,97.1800,"B","Y"
1732,"SUP001732","SUP-001732","Ahmedabad Industrial Supply Co. 1732","strategic","Ahmedabad","Gujarat","India",45,87.1500,98.1600,"B","Y"
1733,"SUP001733","SUP-001733","Indore Industrial Supply Co. 1733","approved","Indore","Madhya Pradesh","India",60,91.4100,90.7000,"C","Y"
1734,"SUP001734","SUP-001734","Lucknow Industrial Supply Co. 1734","approved","Lucknow","Uttar Pradesh","India",15,86.2000,95.6700,"B","Y"
1735,"SUP001735","SUP-001735","Vadodara Industrial Supply Co. 1735","spot","Vadodara","Gujarat","India",45,84.6700,98.2900,"B","Y"
1736,"SUP001736","SUP-001736","Chandigarh Industrial Supply Co. 1736","contract_manufacturer","Chandigarh","Chandigarh","India",30,71.9200,90.6200,"C","Y"
1737,"SUP001737","SUP-001737","Indore Industrial Supply Co. 1737","contract_manufacturer","Indore","Madhya Pradesh","India",60,81.8300,95.8400,"B","Y"
1738,"SUP001738","SUP-001738","Vijayawada Industrial Supply Co. 1738","strategic","Vijayawada","Andhra Pradesh","India",30,81.3000,92.1100,"B","Y"
1739,"SUP001739","SUP-001739","Indore Industrial Supply Co. 1739","approved","Indore","Madhya Pradesh","India",45,83.6800,97.6600,"B","Y"
1740,"SUP001740","SUP-001740","Ranchi Industrial Supply Co. 1740","approved","Ranchi","Jharkhand","India",30,99.8000,96.5800,"B","Y"
1741,"SUP001741","SUP-001741","Bhopal Industrial Supply Co. 1741","spot","Bhopal","Madhya Pradesh","India",45,80.1600,94.3400,"B","Y"
1742,"SUP001742","SUP-001742","Noida Industrial Supply Co. 1742","approved","Noida","Uttar Pradesh","India",45,85.2200,97.8900,"B","Y"
1743,"SUP001743","SUP-001743","Indore Industrial Supply Co. 1743","approved","Indore","Madhya Pradesh","India",60,92.7700,98.5800,"A","Y"
1744,"SUP001744","SUP-001744","Pune Industrial Supply Co. 1744","spot","Pune","Maharashtra","India",30,78.1400,99.9000,"C","Y"
1745,"SUP001745","SUP-001745","Surat Industrial Supply Co. 1745","spot","Surat","Gujarat","India",30,99.8000,92.5000,"B","Y"
1746,"SUP001746","SUP-001746","Bengaluru Industrial Supply Co. 1746","approved","Bengaluru","Karnataka","India",30,74.3200,96.2900,"C","Y"
1747,"SUP001747","SUP-001747","Jaipur Industrial Supply Co. 1747","strategic","Jaipur","Rajasthan","India",30,95.0700,95.2600,"B","Y"
1748,"SUP001748","SUP-001748","Agra Industrial Supply Co. 1748","approved","Agra","Uttar Pradesh","India",45,81.5000,98.3500,"B","Y"
1749,"SUP001749","SUP-001749","Mangaluru Industrial Supply Co. 1749","contract_manufacturer","Mangaluru","Karnataka","India",60,83.7100,93.8600,"B","Y"
1750,"SUP001750","SUP-001750","Ahmedabad Industrial Supply Co. 1750","contract_manufacturer","Ahmedabad","Gujarat","India",60,82.1900,92.2800,"B","Y"
1751,"SUP001751","SUP-001751","Delhi Industrial Supply Co. 1751","approved","Delhi","Delhi","India",30,72.7300,97.4100,"C","Y"
1752,"SUP001752","SUP-001752","Indore Industrial Supply Co. 1752","contract_manufacturer","Indore","Madhya Pradesh","India",45,73.5200,93.3000,"C","Y"
1753,"SUP001753","SUP-001753","Chandigarh Industrial Supply Co. 1753","spot","Chandigarh","Chandigarh","India",45,85.0900,92.1700,"B","Y"
1754,"SUP001754","SUP-001754","Mangaluru Industrial Supply Co. 1754","approved","Mangaluru","Karnataka","India",45,97.3900,90.3300,"C","Y"
1755,"SUP001755","SUP-001755","Lucknow Industrial Supply Co. 1755","contract_manufacturer","Lucknow","Uttar Pradesh","India",45,99.8000,98.8300,"A","Y"
1756,"SUP001756","SUP-001756","Nagpur Industrial Supply Co. 1756","approved","Nagpur","Maharashtra","India",30,94.3900,95.1000,"B","Y"
1757,"SUP001757","SUP-001757","Vijayawada Industrial Supply Co. 1757","spot","Vijayawada","Andhra Pradesh","India",30,81.8900,99.2500,"B","Y"
1758,"SUP001758","SUP-001758","Mangaluru Industrial Supply Co. 1758","strategic","Mangaluru","Karnataka","India",30,77.7500,98.6600,"C","Y"
1759,"SUP001759","SUP-001759","Bengaluru Industrial Supply Co. 1759","contract_manufacturer","Bengaluru","Karnataka","India",30,85.1500,99.9000,"B","Y"
1760,"SUP001760","SUP-001760","Delhi Industrial Supply Co. 1760","approved","Delhi","Delhi","India",30,89.1900,97.0000,"B","Y"
1761,"SUP001761","SUP-001761","Ranchi Industrial Supply Co. 1761","approved","Ranchi","Jharkhand","India",60,75.2100,93.8000,"C","Y"
1762,"SUP001762","SUP-001762","Noida Industrial Supply Co. 1762","approved","Noida","Uttar Pradesh","India",30,99.8000,96.0200,"B","Y"
1763,"SUP001763","SUP-001763","Delhi Industrial Supply Co. 1763","approved","Delhi","Delhi","India",30,91.3300,90.4800,"C","Y"
1764,"SUP001764","SUP-001764","Vadodara Industrial Supply Co. 1764","approved","Vadodara","Gujarat","India",45,97.3800,95.2400,"B","Y"
1765,"SUP001765","SUP-001765","Ranchi Industrial Supply Co. 1765","approved","Ranchi","Jharkhand","India",30,75.8800,96.3400,"C","Y"
1766,"SUP001766","SUP-001766","Nagpur Industrial Supply Co. 1766","approved","Nagpur","Maharashtra","India",30,98.3200,99.0400,"A","Y"
1767,"SUP001767","SUP-001767","Indore Industrial Supply Co. 1767","approved","Indore","Madhya Pradesh","India",60,80.0100,99.9000,"B","Y"
1768,"SUP001768","SUP-001768","Indore Industrial Supply Co. 1768","approved","Indore","Madhya Pradesh","India",30,73.7100,98.0500,"C","Y"
1769,"SUP001769","SUP-001769","Hyderabad Industrial Supply Co. 1769","strategic","Hyderabad","Telangana","India",15,91.5200,97.0800,"B","Y"
1770,"SUP001770","SUP-001770","Agra Industrial Supply Co. 1770","contract_manufacturer","Agra","Uttar Pradesh","India",60,85.9900,99.9000,"B","Y"
1771,"SUP001771","SUP-001771","Ranchi Industrial Supply Co. 1771","strategic","Ranchi","Jharkhand","India",30,86.0400,97.9000,"B","Y"
1772,"SUP001772","SUP-001772","Vijayawada Industrial Supply Co. 1772","contract_manufacturer","Vijayawada","Andhra Pradesh","India",30,74.8500,91.7400,"C","Y"
1773,"SUP001773","SUP-001773","Jaipur Industrial Supply Co. 1773","approved","Jaipur","Rajasthan","India",15,83.0200,93.6100,"B","Y"
1774,"SUP001774","SUP-001774","Hyderabad Industrial Supply Co. 1774","approved","Hyderabad","Telangana","India",60,99.3300,96.7700,"B","Y"
1775,"SUP001775","SUP-001775","Bhubaneswar Industrial Supply Co. 1775","approved","Bhubaneswar","Odisha","India",45,86.9600,91.9000,"B","Y"
1776,"SUP001776","SUP-001776","Mysuru Industrial Supply Co. 1776","strategic","Mysuru","Karnataka","India",60,81.7300,95.5200,"B","Y"
1777,"SUP001777","SUP-001777","Bhubaneswar Industrial Supply Co. 1777","approved","Bhubaneswar","Odisha","India",30,80.1000,96.0100,"B","Y"
1778,"SUP001778","SUP-001778","Pune Industrial Supply Co. 1778","spot","Pune","Maharashtra","India",30,89.9800,92.7500,"B","Y"
1779,"SUP001779","SUP-001779","Mumbai Industrial Supply Co. 1779","contract_manufacturer","Mumbai","Maharashtra","India",15,94.0400,96.4000,"B","Y"
1780,"SUP001780","SUP-001780","Nashik Industrial Supply Co. 1780","approved","Nashik","Maharashtra","India",30,91.4900,99.9000,"B","Y"
1781,"SUP001781","SUP-001781","Kolkata Industrial Supply Co. 1781","approved","Kolkata","West Bengal","India",45,96.9300,97.4300,"A","Y"
1782,"SUP001782","SUP-001782","Vadodara Industrial Supply Co. 1782","strategic","Vadodara","Gujarat","India",45,92.4100,98.9500,"A","Y"
1783,"SUP001783","SUP-001783","Noida Industrial Supply Co. 1783","strategic","Noida","Uttar Pradesh","India",60,99.8000,96.4100,"B","Y"
1784,"SUP001784","SUP-001784","Bhubaneswar Industrial Supply Co. 1784","approved","Bhubaneswar","Odisha","India",45,88.4700,92.1800,"B","Y"
1785,"SUP001785","SUP-001785","Hyderabad Industrial Supply Co. 1785","approved","Hyderabad","Telangana","India",15,99.8000,95.6300,"B","Y"
1786,"SUP001786","SUP-001786","Pune Industrial Supply Co. 1786","approved","Pune","Maharashtra","India",45,89.3100,95.1800,"B","Y"
1787,"SUP001787","SUP-001787","Lucknow Industrial Supply Co. 1787","spot","Lucknow","Uttar Pradesh","India",30,91.5700,93.0800,"B","Y"
1788,"SUP001788","SUP-001788","Mumbai Industrial Supply Co. 1788","strategic","Mumbai","Maharashtra","India",30,84.8200,94.5300,"B","Y"
1789,"SUP001789","SUP-001789","Vijayawada Industrial Supply Co. 1789","approved","Vijayawada","Andhra Pradesh","India",30,82.9100,90.1100,"C","Y"
1790,"SUP001790","SUP-001790","Bhopal Industrial Supply Co. 1790","approved","Bhopal","Madhya Pradesh","India",45,86.4900,94.0400,"B","Y"
1791,"SUP001791","SUP-001791","Surat Industrial Supply Co. 1791","approved","Surat","Gujarat","India",60,82.7600,97.6300,"B","Y"
1792,"SUP001792","SUP-001792","Vijayawada Industrial Supply Co. 1792","approved","Vijayawada","Andhra Pradesh","India",60,91.6500,97.6700,"B","Y"
1793,"SUP001793","SUP-001793","Bengaluru Industrial Supply Co. 1793","spot","Bengaluru","Karnataka","India",60,87.3200,98.8500,"B","Y"
1794,"SUP001794","SUP-001794","Vijayawada Industrial Supply Co. 1794","approved","Vijayawada","Andhra Pradesh","India",60,73.1500,96.8600,"C","Y"
1795,"SUP001795","SUP-001795","Vadodara Industrial Supply Co. 1795","approved","Vadodara","Gujarat","India",15,97.8400,92.5000,"B","Y"
1796,"SUP001796","SUP-001796","Nagpur Industrial Supply Co. 1796","approved","Nagpur","Maharashtra","India",45,80.1500,97.3000,"B","Y"
1797,"SUP001797","SUP-001797","Indore Industrial Supply Co. 1797","approved","Indore","Madhya Pradesh","India",15,81.0400,99.4400,"B","Y"
1798,"SUP001798","SUP-001798","Nashik Industrial Supply Co. 1798","approved","Nashik","Maharashtra","India",15,94.7600,91.9600,"B","Y"
1799,"SUP001799","SUP-001799","Nashik Industrial Supply Co. 1799","spot","Nashik","Maharashtra","India",15,86.5800,95.4700,"B","Y"
1800,"SUP001800","SUP-001800","Mysuru Industrial Supply Co. 1800","strategic","Mysuru","Karnataka","India",45,87.7100,95.6200,"B","Y"
1801,"SUP001801","SUP-001801","Nagpur Industrial Supply Co. 1801","approved","Nagpur","Maharashtra","India",30,99.8000,95.2000,"B","Y"
1802,"SUP001802","SUP-001802","Nagpur Industrial Supply Co. 1802","spot","Nagpur","Maharashtra","India",30,78.9100,96.6800,"C","Y"
1803,"SUP001803","SUP-001803","Mysuru Industrial Supply Co. 1803","contract_manufacturer","Mysuru","Karnataka","India",30,99.8000,92.3700,"B","Y"
1804,"SUP001804","SUP-001804","Pune Industrial Supply Co. 1804","contract_manufacturer","Pune","Maharashtra","India",30,86.1800,93.2800,"B","Y"
1805,"SUP001805","SUP-001805","Vijayawada Industrial Supply Co. 1805","approved","Vijayawada","Andhra Pradesh","India",30,96.8800,94.3400,"B","Y"
1806,"SUP001806","SUP-001806","Warangal Industrial Supply Co. 1806","approved","Warangal","Telangana","India",45,80.6300,92.9100,"B","Y"
1807,"SUP001807","SUP-001807","Lucknow Industrial Supply Co. 1807","strategic","Lucknow","Uttar Pradesh","India",30,89.5900,93.5500,"B","Y"
1808,"SUP001808","SUP-001808","Lucknow Industrial Supply Co. 1808","strategic","Lucknow","Uttar Pradesh","India",45,74.3300,99.9000,"C","Y"
1809,"SUP001809","SUP-001809","Pune Industrial Supply Co. 1809","strategic","Pune","Maharashtra","India",15,78.1800,92.2400,"C","Y"
1810,"SUP001810","SUP-001810","Agra Industrial Supply Co. 1810","approved","Agra","Uttar Pradesh","India",30,94.7700,97.5500,"A","Y"
1811,"SUP001811","SUP-001811","Nagpur Industrial Supply Co. 1811","spot","Nagpur","Maharashtra","India",30,89.0800,93.6400,"B","Y"
1812,"SUP001812","SUP-001812","Pune Industrial Supply Co. 1812","approved","Pune","Maharashtra","India",30,99.6800,89.0300,"C","Y"
1813,"SUP001813","SUP-001813","Bengaluru Industrial Supply Co. 1813","contract_manufacturer","Bengaluru","Karnataka","India",30,88.8100,93.3300,"B","Y"
1814,"SUP001814","SUP-001814","Kolkata Industrial Supply Co. 1814","approved","Kolkata","West Bengal","India",30,79.2200,98.4500,"C","Y"
1815,"SUP001815","SUP-001815","Vijayawada Industrial Supply Co. 1815","approved","Vijayawada","Andhra Pradesh","India",30,79.0500,96.6800,"C","Y"
1816,"SUP001816","SUP-001816","Warangal Industrial Supply Co. 1816","spot","Warangal","Telangana","India",15,91.3300,99.8400,"B","Y"
1817,"SUP001817","SUP-001817","Nashik Industrial Supply Co. 1817","strategic","Nashik","Maharashtra","India",30,80.8500,94.3000,"B","Y"
1818,"SUP001818","SUP-001818","Mangaluru Industrial Supply Co. 1818","approved","Mangaluru","Karnataka","India",45,90.8200,97.7500,"B","Y"
1819,"SUP001819","SUP-001819","Mysuru Industrial Supply Co. 1819","strategic","Mysuru","Karnataka","India",45,85.6800,89.8000,"C","Y"
1820,"SUP001820","SUP-001820","Vadodara Industrial Supply Co. 1820","strategic","Vadodara","Gujarat","India",30,82.4500,94.9700,"B","Y"
1821,"SUP001821","SUP-001821","Mangaluru Industrial Supply Co. 1821","approved","Mangaluru","Karnataka","India",45,92.6100,94.5000,"B","Y"
1822,"SUP001822","SUP-001822","Lucknow Industrial Supply Co. 1822","approved","Lucknow","Uttar Pradesh","India",30,84.9000,91.3200,"B","Y"
1823,"SUP001823","SUP-001823","Jaipur Industrial Supply Co. 1823","spot","Jaipur","Rajasthan","India",15,91.0400,94.1800,"B","Y"
1824,"SUP001824","SUP-001824","Agra Industrial Supply Co. 1824","spot","Agra","Uttar Pradesh","India",45,82.7700,99.9000,"B","Y"
1825,"SUP001825","SUP-001825","Pune Industrial Supply Co. 1825","approved","Pune","Maharashtra","India",45,94.4100,98.1800,"A","Y"
1826,"SUP001826","SUP-001826","Warangal Industrial Supply Co. 1826","approved","Warangal","Telangana","India",30,76.9800,95.1700,"C","Y"
1827,"SUP001827","SUP-001827","Pune Industrial Supply Co. 1827","approved","Pune","Maharashtra","India",60,94.1000,95.8100,"B","Y"
1828,"SUP001828","SUP-001828","Bhopal Industrial Supply Co. 1828","approved","Bhopal","Madhya Pradesh","India",30,85.8700,93.5300,"B","Y"
1829,"SUP001829","SUP-001829","Surat Industrial Supply Co. 1829","approved","Surat","Gujarat","India",30,85.8600,97.6100,"B","Y"
1830,"SUP001830","SUP-001830","Surat Industrial Supply Co. 1830","spot","Surat","Gujarat","India",30,97.8700,86.6100,"C","Y"
1831,"SUP001831","SUP-001831","Bhubaneswar Industrial Supply Co. 1831","approved","Bhubaneswar","Odisha","India",60,87.4000,97.5700,"B","Y"
1832,"SUP001832","SUP-001832","Ranchi Industrial Supply Co. 1832","strategic","Ranchi","Jharkhand","India",15,90.9500,92.0100,"B","Y"
1833,"SUP001833","SUP-001833","Hyderabad Industrial Supply Co. 1833","contract_manufacturer","Hyderabad","Telangana","India",45,77.6200,99.9000,"C","Y"
1834,"SUP001834","SUP-001834","Ranchi Industrial Supply Co. 1834","contract_manufacturer","Ranchi","Jharkhand","India",30,78.4900,95.2400,"C","Y"
1835,"SUP001835","SUP-001835","Mangaluru Industrial Supply Co. 1835","approved","Mangaluru","Karnataka","India",30,90.1800,99.9000,"B","Y"
1836,"SUP001836","SUP-001836","Nashik Industrial Supply Co. 1836","approved","Nashik","Maharashtra","India",45,93.6200,99.2600,"A","Y"
1837,"SUP001837","SUP-001837","Warangal Industrial Supply Co. 1837","approved","Warangal","Telangana","India",30,74.7400,92.7100,"C","Y"
1838,"SUP001838","SUP-001838","Nagpur Industrial Supply Co. 1838","approved","Nagpur","Maharashtra","India",30,74.5900,99.9000,"C","Y"
1839,"SUP001839","SUP-001839","Pune Industrial Supply Co. 1839","approved","Pune","Maharashtra","India",30,90.2400,95.6500,"B","Y"
1840,"SUP001840","SUP-001840","Warangal Industrial Supply Co. 1840","approved","Warangal","Telangana","India",15,90.0800,94.7500,"B","Y"
1841,"SUP001841","SUP-001841","Lucknow Industrial Supply Co. 1841","approved","Lucknow","Uttar Pradesh","India",30,77.0100,98.4200,"C","Y"
1842,"SUP001842","SUP-001842","Bengaluru Industrial Supply Co. 1842","approved","Bengaluru","Karnataka","India",60,88.2900,96.6200,"B","Y"
1843,"SUP001843","SUP-001843","Hyderabad Industrial Supply Co. 1843","approved","Hyderabad","Telangana","India",15,90.6500,93.6800,"B","Y"
1844,"SUP001844","SUP-001844","Bengaluru Industrial Supply Co. 1844","contract_manufacturer","Bengaluru","Karnataka","India",45,87.2600,93.4700,"B","Y"
1845,"SUP001845","SUP-001845","Surat Industrial Supply Co. 1845","approved","Surat","Gujarat","India",45,78.7400,99.0800,"C","Y"
1846,"SUP001846","SUP-001846","Lucknow Industrial Supply Co. 1846","approved","Lucknow","Uttar Pradesh","India",45,75.8800,99.6400,"C","Y"
1847,"SUP001847","SUP-001847","Vijayawada Industrial Supply Co. 1847","contract_manufacturer","Vijayawada","Andhra Pradesh","India",15,71.5800,92.4500,"C","Y"
1848,"SUP001848","SUP-001848","Lucknow Industrial Supply Co. 1848","approved","Lucknow","Uttar Pradesh","India",30,99.8000,98.5300,"A","Y"
1849,"SUP001849","SUP-001849","Delhi Industrial Supply Co. 1849","approved","Delhi","Delhi","India",45,70.9500,99.9000,"C","Y"
1850,"SUP001850","SUP-001850","Bengaluru Industrial Supply Co. 1850","strategic","Bengaluru","Karnataka","India",30,89.4500,98.2300,"B","Y"
1851,"SUP001851","SUP-001851","Bhopal Industrial Supply Co. 1851","spot","Bhopal","Madhya Pradesh","India",30,79.2600,96.9100,"C","Y"
1852,"SUP001852","SUP-001852","Noida Industrial Supply Co. 1852","contract_manufacturer","Noida","Uttar Pradesh","India",30,97.9500,95.3000,"B","Y"
1853,"SUP001853","SUP-001853","Warangal Industrial Supply Co. 1853","approved","Warangal","Telangana","India",45,91.7500,93.0000,"B","Y"
1854,"SUP001854","SUP-001854","Indore Industrial Supply Co. 1854","spot","Indore","Madhya Pradesh","India",30,98.4800,92.1000,"B","Y"
1855,"SUP001855","SUP-001855","Nashik Industrial Supply Co. 1855","approved","Nashik","Maharashtra","India",15,85.7500,95.2200,"B","Y"
1856,"SUP001856","SUP-001856","Vadodara Industrial Supply Co. 1856","spot","Vadodara","Gujarat","India",45,87.1900,94.5300,"B","Y"
1857,"SUP001857","SUP-001857","Vijayawada Industrial Supply Co. 1857","strategic","Vijayawada","Andhra Pradesh","India",45,92.0400,99.2300,"A","Y"
1858,"SUP001858","SUP-001858","Mumbai Industrial Supply Co. 1858","approved","Mumbai","Maharashtra","India",30,99.8000,94.1900,"B","Y"
1859,"SUP001859","SUP-001859","Vadodara Industrial Supply Co. 1859","strategic","Vadodara","Gujarat","India",45,95.9900,95.2800,"B","Y"
1860,"SUP001860","SUP-001860","Ranchi Industrial Supply Co. 1860","approved","Ranchi","Jharkhand","India",60,83.1700,93.6200,"B","Y"
1861,"SUP001861","SUP-001861","Delhi Industrial Supply Co. 1861","spot","Delhi","Delhi","India",15,89.8800,95.5000,"B","Y"
1862,"SUP001862","SUP-001862","Lucknow Industrial Supply Co. 1862","approved","Lucknow","Uttar Pradesh","India",60,91.7600,96.7500,"B","Y"
1863,"SUP001863","SUP-001863","Ahmedabad Industrial Supply Co. 1863","contract_manufacturer","Ahmedabad","Gujarat","India",45,95.4300,97.4100,"A","Y"
1864,"SUP001864","SUP-001864","Nagpur Industrial Supply Co. 1864","approved","Nagpur","Maharashtra","India",30,99.8000,99.2400,"A","Y"
1865,"SUP001865","SUP-001865","Hyderabad Industrial Supply Co. 1865","approved","Hyderabad","Telangana","India",60,76.0000,99.9000,"C","Y"
1866,"SUP001866","SUP-001866","Warangal Industrial Supply Co. 1866","approved","Warangal","Telangana","India",45,77.5300,93.2400,"C","Y"
1867,"SUP001867","SUP-001867","Mumbai Industrial Supply Co. 1867","approved","Mumbai","Maharashtra","India",30,81.2600,97.6400,"B","Y"
1868,"SUP001868","SUP-001868","Nagpur Industrial Supply Co. 1868","approved","Nagpur","Maharashtra","India",30,99.4600,92.8600,"B","Y"
1869,"SUP001869","SUP-001869","Vadodara Industrial Supply Co. 1869","strategic","Vadodara","Gujarat","India",15,76.4900,95.1200,"C","Y"
1870,"SUP001870","SUP-001870","Nashik Industrial Supply Co. 1870","approved","Nashik","Maharashtra","India",45,96.8600,93.7700,"B","Y"
1871,"SUP001871","SUP-001871","Lucknow Industrial Supply Co. 1871","approved","Lucknow","Uttar Pradesh","India",30,84.7100,93.2800,"B","Y"
1872,"SUP001872","SUP-001872","Vadodara Industrial Supply Co. 1872","strategic","Vadodara","Gujarat","India",30,97.1300,98.8100,"A","Y"
1873,"SUP001873","SUP-001873","Delhi Industrial Supply Co. 1873","approved","Delhi","Delhi","India",30,98.8400,95.0000,"B","Y"
1874,"SUP001874","SUP-001874","Bengaluru Industrial Supply Co. 1874","approved","Bengaluru","Karnataka","India",60,83.5600,99.9000,"B","Y"
1875,"SUP001875","SUP-001875","Bengaluru Industrial Supply Co. 1875","approved","Bengaluru","Karnataka","India",45,94.1300,97.9000,"A","Y"
1876,"SUP001876","SUP-001876","Jaipur Industrial Supply Co. 1876","approved","Jaipur","Rajasthan","India",30,84.9200,98.8800,"B","Y"
1877,"SUP001877","SUP-001877","Nashik Industrial Supply Co. 1877","approved","Nashik","Maharashtra","India",30,87.2100,96.5300,"B","Y"
1878,"SUP001878","SUP-001878","Mysuru Industrial Supply Co. 1878","approved","Mysuru","Karnataka","India",60,78.3100,92.3600,"C","Y"
1879,"SUP001879","SUP-001879","Mangaluru Industrial Supply Co. 1879","approved","Mangaluru","Karnataka","India",45,88.4500,96.2900,"B","Y"
1880,"SUP001880","SUP-001880","Mangaluru Industrial Supply Co. 1880","strategic","Mangaluru","Karnataka","India",45,89.7000,99.4400,"B","Y"
1881,"SUP001881","SUP-001881","Lucknow Industrial Supply Co. 1881","strategic","Lucknow","Uttar Pradesh","India",30,90.8800,92.7300,"B","Y"
1882,"SUP001882","SUP-001882","Kolkata Industrial Supply Co. 1882","approved","Kolkata","West Bengal","India",45,77.9300,89.1300,"C","Y"
1883,"SUP001883","SUP-001883","Agra Industrial Supply Co. 1883","approved","Agra","Uttar Pradesh","India",60,92.4700,96.2200,"B","Y"
1884,"SUP001884","SUP-001884","Agra Industrial Supply Co. 1884","approved","Agra","Uttar Pradesh","India",60,96.8600,97.5700,"A","Y"
1885,"SUP001885","SUP-001885","Bhubaneswar Industrial Supply Co. 1885","approved","Bhubaneswar","Odisha","India",45,81.2400,99.9000,"B","Y"
1886,"SUP001886","SUP-001886","Agra Industrial Supply Co. 1886","strategic","Agra","Uttar Pradesh","India",45,83.9700,99.0100,"B","Y"
1887,"SUP001887","SUP-001887","Ahmedabad Industrial Supply Co. 1887","spot","Ahmedabad","Gujarat","India",30,71.0500,92.7700,"C","Y"
1888,"SUP001888","SUP-001888","Ahmedabad Industrial Supply Co. 1888","approved","Ahmedabad","Gujarat","India",45,96.3400,92.5400,"B","Y"
1889,"SUP001889","SUP-001889","Delhi Industrial Supply Co. 1889","approved","Delhi","Delhi","India",60,68.7600,93.1900,"C","Y"
1890,"SUP001890","SUP-001890","Vadodara Industrial Supply Co. 1890","approved","Vadodara","Gujarat","India",60,84.5900,93.0100,"B","Y"
1891,"SUP001891","SUP-001891","Surat Industrial Supply Co. 1891","approved","Surat","Gujarat","India",30,91.0400,95.7400,"B","Y"
1892,"SUP001892","SUP-001892","Delhi Industrial Supply Co. 1892","strategic","Delhi","Delhi","India",60,85.4600,99.9000,"B","Y"
1893,"SUP001893","SUP-001893","Mysuru Industrial Supply Co. 1893","approved","Mysuru","Karnataka","India",30,92.3900,96.0600,"B","Y"
1894,"SUP001894","SUP-001894","Nashik Industrial Supply Co. 1894","approved","Nashik","Maharashtra","India",15,99.8000,90.8200,"C","Y"
1895,"SUP001895","SUP-001895","Mumbai Industrial Supply Co. 1895","approved","Mumbai","Maharashtra","India",45,76.6900,94.8400,"C","Y"
1896,"SUP001896","SUP-001896","Bengaluru Industrial Supply Co. 1896","approved","Bengaluru","Karnataka","India",60,82.1000,99.9000,"B","Y"
1897,"SUP001897","SUP-001897","Ahmedabad Industrial Supply Co. 1897","strategic","Ahmedabad","Gujarat","India",60,82.1500,91.5900,"B","Y"
1898,"SUP001898","SUP-001898","Lucknow Industrial Supply Co. 1898","approved","Lucknow","Uttar Pradesh","India",30,83.7700,99.9000,"B","Y"
1899,"SUP001899","SUP-001899","Lucknow Industrial Supply Co. 1899","contract_manufacturer","Lucknow","Uttar Pradesh","India",30,84.4400,96.0900,"B","Y"
1900,"SUP001900","SUP-001900","Bengaluru Industrial Supply Co. 1900","contract_manufacturer","Bengaluru","Karnataka","India",15,82.5200,93.4700,"B","Y"
1901,"SUP001901","SUP-001901","Noida Industrial Supply Co. 1901","contract_manufacturer","Noida","Uttar Pradesh","India",30,89.2700,95.9500,"B","Y"
1902,"SUP001902","SUP-001902","Hyderabad Industrial Supply Co. 1902","strategic","Hyderabad","Telangana","India",30,93.5600,96.9900,"B","Y"
1903,"SUP001903","SUP-001903","Lucknow Industrial Supply Co. 1903","spot","Lucknow","Uttar Pradesh","India",45,79.8600,95.8700,"C","Y"
1904,"SUP001904","SUP-001904","Nashik Industrial Supply Co. 1904","approved","Nashik","Maharashtra","India",30,93.0900,98.7300,"A","Y"
1905,"SUP001905","SUP-001905","Vadodara Industrial Supply Co. 1905","approved","Vadodara","Gujarat","India",60,77.9200,92.8100,"C","Y"
1906,"SUP001906","SUP-001906","Pune Industrial Supply Co. 1906","approved","Pune","Maharashtra","India",45,91.5700,93.8300,"B","Y"
1907,"SUP001907","SUP-001907","Bhopal Industrial Supply Co. 1907","strategic","Bhopal","Madhya Pradesh","India",45,88.7500,96.2100,"B","Y"
1908,"SUP001908","SUP-001908","Delhi Industrial Supply Co. 1908","strategic","Delhi","Delhi","India",15,99.8000,90.8800,"C","Y"
1909,"SUP001909","SUP-001909","Indore Industrial Supply Co. 1909","approved","Indore","Madhya Pradesh","India",15,77.2500,96.0700,"C","Y"
1910,"SUP001910","SUP-001910","Nashik Industrial Supply Co. 1910","strategic","Nashik","Maharashtra","India",30,75.7700,97.1700,"C","Y"
1911,"SUP001911","SUP-001911","Pune Industrial Supply Co. 1911","approved","Pune","Maharashtra","India",30,99.8000,94.4800,"B","Y"
1912,"SUP001912","SUP-001912","Warangal Industrial Supply Co. 1912","contract_manufacturer","Warangal","Telangana","India",30,66.6900,99.9000,"C","Y"
1913,"SUP001913","SUP-001913","Surat Industrial Supply Co. 1913","contract_manufacturer","Surat","Gujarat","India",45,90.8700,97.6300,"B","Y"
1914,"SUP001914","SUP-001914","Mangaluru Industrial Supply Co. 1914","approved","Mangaluru","Karnataka","India",45,90.8500,94.1400,"B","Y"
1915,"SUP001915","SUP-001915","Vadodara Industrial Supply Co. 1915","approved","Vadodara","Gujarat","India",45,86.4500,93.4200,"B","Y"
1916,"SUP001916","SUP-001916","Noida Industrial Supply Co. 1916","strategic","Noida","Uttar Pradesh","India",45,96.2500,99.1200,"A","Y"
1917,"SUP001917","SUP-001917","Lucknow Industrial Supply Co. 1917","approved","Lucknow","Uttar Pradesh","India",30,90.5000,97.6800,"B","Y"
1918,"SUP001918","SUP-001918","Chandigarh Industrial Supply Co. 1918","strategic","Chandigarh","Chandigarh","India",30,86.9600,97.1800,"B","Y"
1919,"SUP001919","SUP-001919","Pune Industrial Supply Co. 1919","approved","Pune","Maharashtra","India",45,99.8000,95.9300,"B","Y"
1920,"SUP001920","SUP-001920","Lucknow Industrial Supply Co. 1920","approved","Lucknow","Uttar Pradesh","India",45,85.7000,96.0200,"B","Y"
1921,"SUP001921","SUP-001921","Hyderabad Industrial Supply Co. 1921","contract_manufacturer","Hyderabad","Telangana","India",30,93.9300,94.4200,"B","Y"
1922,"SUP001922","SUP-001922","Bhubaneswar Industrial Supply Co. 1922","contract_manufacturer","Bhubaneswar","Odisha","India",30,77.7800,98.3800,"C","Y"
1923,"SUP001923","SUP-001923","Mangaluru Industrial Supply Co. 1923","approved","Mangaluru","Karnataka","India",45,69.6900,97.2000,"C","Y"
1924,"SUP001924","SUP-001924","Warangal Industrial Supply Co. 1924","approved","Warangal","Telangana","India",30,92.9000,91.4200,"B","Y"
1925,"SUP001925","SUP-001925","Indore Industrial Supply Co. 1925","approved","Indore","Madhya Pradesh","India",15,79.2400,95.9100,"C","Y"
1926,"SUP001926","SUP-001926","Bengaluru Industrial Supply Co. 1926","approved","Bengaluru","Karnataka","India",30,93.6100,97.1200,"A","Y"
1927,"SUP001927","SUP-001927","Bhubaneswar Industrial Supply Co. 1927","approved","Bhubaneswar","Odisha","India",15,81.3600,91.4400,"B","Y"
1928,"SUP001928","SUP-001928","Vadodara Industrial Supply Co. 1928","approved","Vadodara","Gujarat","India",60,99.8000,94.0900,"B","Y"
1929,"SUP001929","SUP-001929","Pune Industrial Supply Co. 1929","strategic","Pune","Maharashtra","India",45,86.9900,99.2200,"B","Y"
1930,"SUP001930","SUP-001930","Bhopal Industrial Supply Co. 1930","approved","Bhopal","Madhya Pradesh","India",60,95.8800,98.3800,"A","Y"
1931,"SUP001931","SUP-001931","Nashik Industrial Supply Co. 1931","spot","Nashik","Maharashtra","India",45,93.0400,97.0300,"A","Y"
1932,"SUP001932","SUP-001932","Nagpur Industrial Supply Co. 1932","approved","Nagpur","Maharashtra","India",30,93.0000,98.2900,"A","Y"
1933,"SUP001933","SUP-001933","Nagpur Industrial Supply Co. 1933","spot","Nagpur","Maharashtra","India",15,93.9800,94.8600,"B","Y"
1934,"SUP001934","SUP-001934","Delhi Industrial Supply Co. 1934","spot","Delhi","Delhi","India",30,96.4000,92.4900,"B","Y"
1935,"SUP001935","SUP-001935","Kolkata Industrial Supply Co. 1935","approved","Kolkata","West Bengal","India",45,77.9100,92.2500,"C","Y"
1936,"SUP001936","SUP-001936","Mumbai Industrial Supply Co. 1936","spot","Mumbai","Maharashtra","India",15,80.0900,92.6800,"B","Y"
1937,"SUP001937","SUP-001937","Pune Industrial Supply Co. 1937","contract_manufacturer","Pune","Maharashtra","India",45,91.3100,94.8900,"B","Y"
1938,"SUP001938","SUP-001938","Nagpur Industrial Supply Co. 1938","strategic","Nagpur","Maharashtra","India",30,87.3900,96.0700,"B","Y"
1939,"SUP001939","SUP-001939","Kolkata Industrial Supply Co. 1939","strategic","Kolkata","West Bengal","India",60,88.3900,99.6400,"B","Y"
1940,"SUP001940","SUP-001940","Warangal Industrial Supply Co. 1940","approved","Warangal","Telangana","India",45,80.2300,94.3300,"B","Y"
1941,"SUP001941","SUP-001941","Pune Industrial Supply Co. 1941","strategic","Pune","Maharashtra","India",30,87.0800,96.5800,"B","Y"
1942,"SUP001942","SUP-001942","Chandigarh Industrial Supply Co. 1942","approved","Chandigarh","Chandigarh","India",60,94.7200,99.9000,"A","Y"
1943,"SUP001943","SUP-001943","Nashik Industrial Supply Co. 1943","spot","Nashik","Maharashtra","India",15,83.5700,95.5300,"B","Y"
1944,"SUP001944","SUP-001944","Delhi Industrial Supply Co. 1944","approved","Delhi","Delhi","India",30,82.6800,98.3000,"B","Y"
1945,"SUP001945","SUP-001945","Nagpur Industrial Supply Co. 1945","strategic","Nagpur","Maharashtra","India",15,89.2200,96.7300,"B","Y"
1946,"SUP001946","SUP-001946","Vadodara Industrial Supply Co. 1946","approved","Vadodara","Gujarat","India",45,85.7100,96.7900,"B","Y"
1947,"SUP001947","SUP-001947","Agra Industrial Supply Co. 1947","strategic","Agra","Uttar Pradesh","India",15,84.7700,95.7600,"B","Y"
1948,"SUP001948","SUP-001948","Ahmedabad Industrial Supply Co. 1948","approved","Ahmedabad","Gujarat","India",30,82.5400,98.2800,"B","Y"
1949,"SUP001949","SUP-001949","Mysuru Industrial Supply Co. 1949","approved","Mysuru","Karnataka","India",45,97.3300,99.9000,"A","Y"
1950,"SUP001950","SUP-001950","Indore Industrial Supply Co. 1950","strategic","Indore","Madhya Pradesh","India",45,90.3600,97.0500,"B","Y"
1951,"SUP001951","SUP-001951","Bengaluru Industrial Supply Co. 1951","approved","Bengaluru","Karnataka","India",30,97.2000,97.0000,"A","Y"
1952,"SUP001952","SUP-001952","Kolkata Industrial Supply Co. 1952","approved","Kolkata","West Bengal","India",30,77.9600,97.7800,"C","Y"
1953,"SUP001953","SUP-001953","Mumbai Industrial Supply Co. 1953","strategic","Mumbai","Maharashtra","India",15,96.0700,94.6400,"B","Y"
1954,"SUP001954","SUP-001954","Delhi Industrial Supply Co. 1954","approved","Delhi","Delhi","India",15,93.9000,97.6600,"A","Y"
1955,"SUP001955","SUP-001955","Surat Industrial Supply Co. 1955","spot","Surat","Gujarat","India",60,87.4400,98.7900,"B","Y"
1956,"SUP001956","SUP-001956","Chandigarh Industrial Supply Co. 1956","approved","Chandigarh","Chandigarh","India",30,79.4900,94.8100,"C","Y"
1957,"SUP001957","SUP-001957","Agra Industrial Supply Co. 1957","spot","Agra","Uttar Pradesh","India",30,96.9100,95.6400,"B","Y"
1958,"SUP001958","SUP-001958","Agra Industrial Supply Co. 1958","approved","Agra","Uttar Pradesh","India",30,96.8000,92.1400,"B","Y"
1959,"SUP001959","SUP-001959","Vadodara Industrial Supply Co. 1959","spot","Vadodara","Gujarat","India",30,93.6100,95.8300,"B","Y"
1960,"SUP001960","SUP-001960","Lucknow Industrial Supply Co. 1960","contract_manufacturer","Lucknow","Uttar Pradesh","India",30,78.5700,93.5300,"C","Y"
1961,"SUP001961","SUP-001961","Chandigarh Industrial Supply Co. 1961","approved","Chandigarh","Chandigarh","India",30,99.8000,97.1400,"A","Y"
1962,"SUP001962","SUP-001962","Nagpur Industrial Supply Co. 1962","approved","Nagpur","Maharashtra","India",30,96.1600,99.9000,"A","Y"
1963,"SUP001963","SUP-001963","Pune Industrial Supply Co. 1963","contract_manufacturer","Pune","Maharashtra","India",60,75.1200,92.0700,"C","Y"
1964,"SUP001964","SUP-001964","Agra Industrial Supply Co. 1964","contract_manufacturer","Agra","Uttar Pradesh","India",45,80.2100,93.5500,"B","Y"
1965,"SUP001965","SUP-001965","Warangal Industrial Supply Co. 1965","contract_manufacturer","Warangal","Telangana","India",30,87.8500,94.7000,"B","Y"
1966,"SUP001966","SUP-001966","Ranchi Industrial Supply Co. 1966","contract_manufacturer","Ranchi","Jharkhand","India",45,74.9800,90.0200,"C","Y"
1967,"SUP001967","SUP-001967","Delhi Industrial Supply Co. 1967","contract_manufacturer","Delhi","Delhi","India",30,78.5200,99.9000,"C","Y"
1968,"SUP001968","SUP-001968","Warangal Industrial Supply Co. 1968","contract_manufacturer","Warangal","Telangana","India",30,99.8000,99.1300,"A","Y"
1969,"SUP001969","SUP-001969","Noida Industrial Supply Co. 1969","approved","Noida","Uttar Pradesh","India",60,72.5800,95.8600,"C","Y"
1970,"SUP001970","SUP-001970","Vijayawada Industrial Supply Co. 1970","approved","Vijayawada","Andhra Pradesh","India",60,98.6200,99.9000,"A","Y"
1971,"SUP001971","SUP-001971","Nashik Industrial Supply Co. 1971","approved","Nashik","Maharashtra","India",30,73.7300,96.5500,"C","Y"
1972,"SUP001972","SUP-001972","Hyderabad Industrial Supply Co. 1972","strategic","Hyderabad","Telangana","India",45,92.4100,95.0800,"B","Y"
1973,"SUP001973","SUP-001973","Nashik Industrial Supply Co. 1973","contract_manufacturer","Nashik","Maharashtra","India",45,89.6900,98.7300,"B","Y"
1974,"SUP001974","SUP-001974","Mumbai Industrial Supply Co. 1974","approved","Mumbai","Maharashtra","India",45,69.5400,93.1100,"C","Y"
1975,"SUP001975","SUP-001975","Jaipur Industrial Supply Co. 1975","approved","Jaipur","Rajasthan","India",45,99.0200,97.9500,"A","Y"
1976,"SUP001976","SUP-001976","Nashik Industrial Supply Co. 1976","spot","Nashik","Maharashtra","India",45,82.3300,94.5000,"B","Y"
1977,"SUP001977","SUP-001977","Indore Industrial Supply Co. 1977","contract_manufacturer","Indore","Madhya Pradesh","India",45,82.2800,95.0300,"B","Y"
1978,"SUP001978","SUP-001978","Ahmedabad Industrial Supply Co. 1978","approved","Ahmedabad","Gujarat","India",45,86.4400,96.7200,"B","Y"
1979,"SUP001979","SUP-001979","Mysuru Industrial Supply Co. 1979","approved","Mysuru","Karnataka","India",30,81.6600,93.6400,"B","Y"
1980,"SUP001980","SUP-001980","Bhopal Industrial Supply Co. 1980","approved","Bhopal","Madhya Pradesh","India",60,92.7500,99.3700,"A","Y"
1981,"SUP001981","SUP-001981","Lucknow Industrial Supply Co. 1981","approved","Lucknow","Uttar Pradesh","India",30,83.6300,97.9800,"B","Y"
1982,"SUP001982","SUP-001982","Bhubaneswar Industrial Supply Co. 1982","approved","Bhubaneswar","Odisha","India",30,98.6000,95.4800,"B","Y"
1983,"SUP001983","SUP-001983","Lucknow Industrial Supply Co. 1983","approved","Lucknow","Uttar Pradesh","India",45,78.0700,99.9000,"C","Y"
1984,"SUP001984","SUP-001984","Vijayawada Industrial Supply Co. 1984","spot","Vijayawada","Andhra Pradesh","India",15,73.2700,95.7400,"C","Y"
1985,"SUP001985","SUP-001985","Pune Industrial Supply Co. 1985","approved","Pune","Maharashtra","India",30,91.2400,94.6500,"B","Y"
1986,"SUP001986","SUP-001986","Bhubaneswar Industrial Supply Co. 1986","contract_manufacturer","Bhubaneswar","Odisha","India",60,99.8000,96.9400,"B","Y"
1987,"SUP001987","SUP-001987","Noida Industrial Supply Co. 1987","strategic","Noida","Uttar Pradesh","India",30,88.2500,99.1900,"B","Y"
1988,"SUP001988","SUP-001988","Hyderabad Industrial Supply Co. 1988","approved","Hyderabad","Telangana","India",45,73.6600,98.5100,"C","Y"
1989,"SUP001989","SUP-001989","Noida Industrial Supply Co. 1989","contract_manufacturer","Noida","Uttar Pradesh","India",30,77.6100,96.8600,"C","Y"
1990,"SUP001990","SUP-001990","Ranchi Industrial Supply Co. 1990","approved","Ranchi","Jharkhand","India",45,78.3200,97.7000,"C","Y"
1991,"SUP001991","SUP-001991","Warangal Industrial Supply Co. 1991","approved","Warangal","Telangana","India",60,98.6100,93.7600,"B","Y"
1992,"SUP001992","SUP-001992","Jaipur Industrial Supply Co. 1992","spot","Jaipur","Rajasthan","India",45,85.6700,96.3400,"B","Y"
1993,"SUP001993","SUP-001993","Lucknow Industrial Supply Co. 1993","approved","Lucknow","Uttar Pradesh","India",30,99.2600,96.4800,"B","Y"
1994,"SUP001994","SUP-001994","Mysuru Industrial Supply Co. 1994","contract_manufacturer","Mysuru","Karnataka","India",45,87.6400,92.6600,"B","Y"
1995,"SUP001995","SUP-001995","Bhubaneswar Industrial Supply Co. 1995","spot","Bhubaneswar","Odisha","India",45,74.7100,96.9600,"C","Y"
1996,"SUP001996","SUP-001996","Ranchi Industrial Supply Co. 1996","approved","Ranchi","Jharkhand","India",15,96.6400,98.9600,"A","Y"
1997,"SUP001997","SUP-001997","Warangal Industrial Supply Co. 1997","approved","Warangal","Telangana","India",30,74.1800,92.1400,"C","Y"
1998,"SUP001998","SUP-001998","Hyderabad Industrial Supply Co. 1998","approved","Hyderabad","Telangana","India",45,82.1500,92.4200,"B","Y"
1999,"SUP001999","SUP-001999","Warangal Industrial Supply Co. 1999","spot","Warangal","Telangana","India",60,97.8100,99.9000,"A","Y"
2000,"SUP002000","SUP-002000","Noida Industrial Supply Co. 2000","approved","Noida","Uttar Pradesh","India",45,82.5000,94.2600,"B","Y"
2001,"SUP002001","SUP-002001","Hyderabad Industrial Supply Co. 2001","approved","Hyderabad","Telangana","India",30,83.5400,99.9000,"B","Y"
2002,"SUP002002","SUP-002002","Jaipur Industrial Supply Co. 2002","spot","Jaipur","Rajasthan","India",15,86.2300,90.9000,"C","Y"
2003,"SUP002003","SUP-002003","Ranchi Industrial Supply Co. 2003","strategic","Ranchi","Jharkhand","India",30,66.1100,93.3600,"C","Y"
2004,"SUP002004","SUP-002004","Delhi Industrial Supply Co. 2004","contract_manufacturer","Delhi","Delhi","India",45,82.9200,93.7800,"B","Y"
2005,"SUP002005","SUP-002005","Warangal Industrial Supply Co. 2005","strategic","Warangal","Telangana","India",45,86.5900,99.9000,"B","Y"
2006,"SUP002006","SUP-002006","Noida Industrial Supply Co. 2006","spot","Noida","Uttar Pradesh","India",60,82.9400,95.4800,"B","Y"
2007,"SUP002007","SUP-002007","Ahmedabad Industrial Supply Co. 2007","spot","Ahmedabad","Gujarat","India",45,77.1100,93.1000,"C","Y"
2008,"SUP002008","SUP-002008","Warangal Industrial Supply Co. 2008","approved","Warangal","Telangana","India",45,68.5400,95.1900,"C","Y"
2009,"SUP002009","SUP-002009","Mumbai Industrial Supply Co. 2009","strategic","Mumbai","Maharashtra","India",30,68.4400,99.0900,"C","Y"
2010,"SUP002010","SUP-002010","Vadodara Industrial Supply Co. 2010","approved","Vadodara","Gujarat","India",15,76.3200,97.5100,"C","Y"
2011,"SUP002011","SUP-002011","Nagpur Industrial Supply Co. 2011","strategic","Nagpur","Maharashtra","India",30,73.7400,99.3500,"C","Y"
2012,"SUP002012","SUP-002012","Bhopal Industrial Supply Co. 2012","approved","Bhopal","Madhya Pradesh","India",30,93.0800,91.8900,"B","Y"
2013,"SUP002013","SUP-002013","Bengaluru Industrial Supply Co. 2013","approved","Bengaluru","Karnataka","India",30,86.3500,96.2200,"B","Y"
2014,"SUP002014","SUP-002014","Mumbai Industrial Supply Co. 2014","approved","Mumbai","Maharashtra","India",30,80.1100,99.6500,"B","Y"
2015,"SUP002015","SUP-002015","Pune Industrial Supply Co. 2015","contract_manufacturer","Pune","Maharashtra","India",30,95.8400,97.3000,"A","Y"
2016,"SUP002016","SUP-002016","Bhubaneswar Industrial Supply Co. 2016","spot","Bhubaneswar","Odisha","India",30,74.4600,99.9000,"C","Y"
2017,"SUP002017","SUP-002017","Lucknow Industrial Supply Co. 2017","strategic","Lucknow","Uttar Pradesh","India",15,94.5700,94.0500,"B","Y"
2018,"SUP002018","SUP-002018","Pune Industrial Supply Co. 2018","contract_manufacturer","Pune","Maharashtra","India",45,69.7100,99.9000,"C","Y"
2019,"SUP002019","SUP-002019","Chandigarh Industrial Supply Co. 2019","strategic","Chandigarh","Chandigarh","India",30,92.0400,95.1400,"B","Y"
2020,"SUP002020","SUP-002020","Kolkata Industrial Supply Co. 2020","strategic","Kolkata","West Bengal","India",30,71.2000,99.7900,"C","Y"
2021,"SUP002021","SUP-002021","Delhi Industrial Supply Co. 2021","approved","Delhi","Delhi","India",45,86.5800,93.6200,"B","Y"
2022,"SUP002022","SUP-002022","Bhopal Industrial Supply Co. 2022","approved","Bhopal","Madhya Pradesh","India",45,99.8000,93.0900,"B","Y"
2023,"SUP002023","SUP-002023","Ranchi Industrial Supply Co. 2023","contract_manufacturer","Ranchi","Jharkhand","India",15,99.8000,95.4400,"B","Y"
2024,"SUP002024","SUP-002024","Delhi Industrial Supply Co. 2024","strategic","Delhi","Delhi","India",30,79.3300,90.0500,"C","Y"
2025,"SUP002025","SUP-002025","Hyderabad Industrial Supply Co. 2025","approved","Hyderabad","Telangana","India",60,88.4400,99.9000,"B","Y"
2026,"SUP002026","SUP-002026","Chandigarh Industrial Supply Co. 2026","strategic","Chandigarh","Chandigarh","India",30,70.7800,99.3600,"C","Y"
2027,"SUP002027","SUP-002027","Bhubaneswar Industrial Supply Co. 2027","approved","Bhubaneswar","Odisha","India",30,81.1600,98.9500,"B","Y"
2028,"SUP002028","SUP-002028","Lucknow Industrial Supply Co. 2028","spot","Lucknow","Uttar Pradesh","India",30,73.0300,94.8300,"C","Y"
2029,"SUP002029","SUP-002029","Vadodara Industrial Supply Co. 2029","spot","Vadodara","Gujarat","India",15,92.6900,98.5600,"A","Y"
2030,"SUP002030","SUP-002030","Surat Industrial Supply Co. 2030","strategic","Surat","Gujarat","India",30,64.8700,92.6700,"C","Y"
2031,"SUP002031","SUP-002031","Vadodara Industrial Supply Co. 2031","contract_manufacturer","Vadodara","Gujarat","India",30,73.9100,95.0100,"C","Y"
2032,"SUP002032","SUP-002032","Bhopal Industrial Supply Co. 2032","approved","Bhopal","Madhya Pradesh","India",60,88.7400,97.4200,"B","Y"
2033,"SUP002033","SUP-002033","Vijayawada Industrial Supply Co. 2033","approved","Vijayawada","Andhra Pradesh","India",60,97.3700,99.9000,"A","Y"
2034,"SUP002034","SUP-002034","Ranchi Industrial Supply Co. 2034","strategic","Ranchi","Jharkhand","India",45,95.1800,92.0400,"B","Y"
2035,"SUP002035","SUP-002035","Nagpur Industrial Supply Co. 2035","approved","Nagpur","Maharashtra","India",30,90.3900,95.4300,"B","Y"
2036,"SUP002036","SUP-002036","Vijayawada Industrial Supply Co. 2036","strategic","Vijayawada","Andhra Pradesh","India",30,99.0800,94.1200,"B","Y"
2037,"SUP002037","SUP-002037","Chandigarh Industrial Supply Co. 2037","approved","Chandigarh","Chandigarh","India",30,94.4700,94.6000,"B","Y"
2038,"SUP002038","SUP-002038","Surat Industrial Supply Co. 2038","approved","Surat","Gujarat","India",60,96.3300,99.9000,"A","Y"
2039,"SUP002039","SUP-002039","Mangaluru Industrial Supply Co. 2039","approved","Mangaluru","Karnataka","India",15,93.0900,90.3900,"C","Y"
2040,"SUP002040","SUP-002040","Surat Industrial Supply Co. 2040","spot","Surat","Gujarat","India",30,84.6200,91.0100,"B","Y"
2041,"SUP002041","SUP-002041","Hyderabad Industrial Supply Co. 2041","spot","Hyderabad","Telangana","India",30,80.1400,94.8200,"B","Y"
2042,"SUP002042","SUP-002042","Warangal Industrial Supply Co. 2042","spot","Warangal","Telangana","India",30,99.8000,99.9000,"A","Y"
2043,"SUP002043","SUP-002043","Agra Industrial Supply Co. 2043","approved","Agra","Uttar Pradesh","India",30,83.9700,98.4000,"B","Y"
2044,"SUP002044","SUP-002044","Hyderabad Industrial Supply Co. 2044","strategic","Hyderabad","Telangana","India",45,84.6700,99.9000,"B","Y"
2045,"SUP002045","SUP-002045","Hyderabad Industrial Supply Co. 2045","approved","Hyderabad","Telangana","India",30,89.0200,97.2600,"B","Y"
2046,"SUP002046","SUP-002046","Bengaluru Industrial Supply Co. 2046","approved","Bengaluru","Karnataka","India",30,87.0300,97.2500,"B","Y"
2047,"SUP002047","SUP-002047","Kolkata Industrial Supply Co. 2047","approved","Kolkata","West Bengal","India",45,78.1700,99.4600,"C","Y"
2048,"SUP002048","SUP-002048","Delhi Industrial Supply Co. 2048","approved","Delhi","Delhi","India",45,87.6100,94.9100,"B","Y"
2049,"SUP002049","SUP-002049","Nashik Industrial Supply Co. 2049","contract_manufacturer","Nashik","Maharashtra","India",60,71.1500,99.0300,"C","Y"
2050,"SUP002050","SUP-002050","Indore Industrial Supply Co. 2050","approved","Indore","Madhya Pradesh","India",45,93.9800,96.6100,"B","Y"
2051,"SUP002051","SUP-002051","Jaipur Industrial Supply Co. 2051","approved","Jaipur","Rajasthan","India",60,92.3500,92.8500,"B","Y"
2052,"SUP002052","SUP-002052","Agra Industrial Supply Co. 2052","approved","Agra","Uttar Pradesh","India",45,96.8800,97.3900,"A","Y"
2053,"SUP002053","SUP-002053","Bhubaneswar Industrial Supply Co. 2053","spot","Bhubaneswar","Odisha","India",45,85.8400,94.0400,"B","Y"
2054,"SUP002054","SUP-002054","Warangal Industrial Supply Co. 2054","strategic","Warangal","Telangana","India",45,77.4800,93.2700,"C","Y"
2055,"SUP002055","SUP-002055","Warangal Industrial Supply Co. 2055","contract_manufacturer","Warangal","Telangana","India",45,98.1000,95.8200,"B","Y"
2056,"SUP002056","SUP-002056","Ranchi Industrial Supply Co. 2056","approved","Ranchi","Jharkhand","India",45,88.9300,99.9000,"B","Y"
2057,"SUP002057","SUP-002057","Bhubaneswar Industrial Supply Co. 2057","contract_manufacturer","Bhubaneswar","Odisha","India",45,91.8400,95.5200,"B","Y"
2058,"SUP002058","SUP-002058","Bhubaneswar Industrial Supply Co. 2058","contract_manufacturer","Bhubaneswar","Odisha","India",30,90.8000,97.0300,"B","Y"
2059,"SUP002059","SUP-002059","Nagpur Industrial Supply Co. 2059","approved","Nagpur","Maharashtra","India",45,87.0000,96.2000,"B","Y"
2060,"SUP002060","SUP-002060","Bhopal Industrial Supply Co. 2060","spot","Bhopal","Madhya Pradesh","India",30,99.8000,97.6400,"A","Y"
2061,"SUP002061","SUP-002061","Lucknow Industrial Supply Co. 2061","approved","Lucknow","Uttar Pradesh","India",45,82.7100,99.5700,"B","Y"
2062,"SUP002062","SUP-002062","Vijayawada Industrial Supply Co. 2062","approved","Vijayawada","Andhra Pradesh","India",30,77.5300,97.3300,"C","Y"
2063,"SUP002063","SUP-002063","Ahmedabad Industrial Supply Co. 2063","strategic","Ahmedabad","Gujarat","India",30,93.6800,94.8600,"B","Y"
2064,"SUP002064","SUP-002064","Indore Industrial Supply Co. 2064","approved","Indore","Madhya Pradesh","India",45,99.8000,98.6800,"A","Y"
2065,"SUP002065","SUP-002065","Mysuru Industrial Supply Co. 2065","approved","Mysuru","Karnataka","India",45,77.4300,95.1900,"C","Y"
2066,"SUP002066","SUP-002066","Bhubaneswar Industrial Supply Co. 2066","contract_manufacturer","Bhubaneswar","Odisha","India",30,66.8800,92.0900,"C","Y"
2067,"SUP002067","SUP-002067","Nashik Industrial Supply Co. 2067","approved","Nashik","Maharashtra","India",30,84.4100,96.3800,"B","Y"
2068,"SUP002068","SUP-002068","Mumbai Industrial Supply Co. 2068","approved","Mumbai","Maharashtra","India",30,87.8600,96.3900,"B","Y"
2069,"SUP002069","SUP-002069","Vadodara Industrial Supply Co. 2069","approved","Vadodara","Gujarat","India",15,84.4300,98.1900,"B","Y"
2070,"SUP002070","SUP-002070","Jaipur Industrial Supply Co. 2070","contract_manufacturer","Jaipur","Rajasthan","India",30,87.1800,94.1500,"B","Y"
2071,"SUP002071","SUP-002071","Bhubaneswar Industrial Supply Co. 2071","approved","Bhubaneswar","Odisha","India",30,84.0100,97.8400,"B","Y"
2072,"SUP002072","SUP-002072","Vadodara Industrial Supply Co. 2072","strategic","Vadodara","Gujarat","India",60,72.6500,92.2600,"C","Y"
2073,"SUP002073","SUP-002073","Mangaluru Industrial Supply Co. 2073","approved","Mangaluru","Karnataka","India",30,86.3300,93.9000,"B","Y"
2074,"SUP002074","SUP-002074","Vijayawada Industrial Supply Co. 2074","strategic","Vijayawada","Andhra Pradesh","India",45,81.6100,96.1700,"B","Y"
2075,"SUP002075","SUP-002075","Ahmedabad Industrial Supply Co. 2075","approved","Ahmedabad","Gujarat","India",30,92.3600,91.3800,"B","Y"
2076,"SUP002076","SUP-002076","Bengaluru Industrial Supply Co. 2076","approved","Bengaluru","Karnataka","India",60,87.2500,99.9000,"B","Y"
2077,"SUP002077","SUP-002077","Mangaluru Industrial Supply Co. 2077","approved","Mangaluru","Karnataka","India",60,70.7700,96.4500,"C","Y"
2078,"SUP002078","SUP-002078","Pune Industrial Supply Co. 2078","approved","Pune","Maharashtra","India",30,64.7700,99.9000,"C","Y"
2079,"SUP002079","SUP-002079","Pune Industrial Supply Co. 2079","approved","Pune","Maharashtra","India",30,99.8000,99.9000,"A","Y"
2080,"SUP002080","SUP-002080","Bhubaneswar Industrial Supply Co. 2080","spot","Bhubaneswar","Odisha","India",15,83.2700,93.9900,"B","Y"
2081,"SUP002081","SUP-002081","Nagpur Industrial Supply Co. 2081","contract_manufacturer","Nagpur","Maharashtra","India",30,96.3500,96.1600,"B","Y"
2082,"SUP002082","SUP-002082","Hyderabad Industrial Supply Co. 2082","contract_manufacturer","Hyderabad","Telangana","India",15,92.8200,94.1600,"B","Y"
2083,"SUP002083","SUP-002083","Delhi Industrial Supply Co. 2083","approved","Delhi","Delhi","India",30,89.4500,95.0100,"B","Y"
2084,"SUP002084","SUP-002084","Vijayawada Industrial Supply Co. 2084","contract_manufacturer","Vijayawada","Andhra Pradesh","India",30,86.5500,95.6800,"B","Y"
2085,"SUP002085","SUP-002085","Surat Industrial Supply Co. 2085","approved","Surat","Gujarat","India",30,98.0900,91.9500,"B","Y"
2086,"SUP002086","SUP-002086","Nashik Industrial Supply Co. 2086","approved","Nashik","Maharashtra","India",30,75.7200,92.8300,"C","Y"
2087,"SUP002087","SUP-002087","Ahmedabad Industrial Supply Co. 2087","approved","Ahmedabad","Gujarat","India",45,77.2100,99.4500,"C","Y"
2088,"SUP002088","SUP-002088","Mumbai Industrial Supply Co. 2088","approved","Mumbai","Maharashtra","India",45,80.5900,96.4000,"B","Y"
2089,"SUP002089","SUP-002089","Pune Industrial Supply Co. 2089","strategic","Pune","Maharashtra","India",30,90.9300,94.9500,"B","Y"
2090,"SUP002090","SUP-002090","Noida Industrial Supply Co. 2090","approved","Noida","Uttar Pradesh","India",30,96.1100,90.7700,"C","Y"
2091,"SUP002091","SUP-002091","Mysuru Industrial Supply Co. 2091","strategic","Mysuru","Karnataka","India",30,71.4300,91.7400,"C","Y"
2092,"SUP002092","SUP-002092","Pune Industrial Supply Co. 2092","approved","Pune","Maharashtra","India",15,97.1500,95.2500,"B","Y"
2093,"SUP002093","SUP-002093","Noida Industrial Supply Co. 2093","contract_manufacturer","Noida","Uttar Pradesh","India",30,89.1800,94.7800,"B","Y"
2094,"SUP002094","SUP-002094","Vadodara Industrial Supply Co. 2094","contract_manufacturer","Vadodara","Gujarat","India",45,68.5200,99.9000,"C","Y"
2095,"SUP002095","SUP-002095","Lucknow Industrial Supply Co. 2095","approved","Lucknow","Uttar Pradesh","India",30,88.1000,99.5100,"B","Y"
2096,"SUP002096","SUP-002096","Surat Industrial Supply Co. 2096","approved","Surat","Gujarat","India",45,90.6800,99.8000,"B","Y"
2097,"SUP002097","SUP-002097","Lucknow Industrial Supply Co. 2097","approved","Lucknow","Uttar Pradesh","India",60,82.6900,99.9000,"B","Y"
2098,"SUP002098","SUP-002098","Mysuru Industrial Supply Co. 2098","contract_manufacturer","Mysuru","Karnataka","India",30,85.1800,92.8900,"B","Y"
2099,"SUP002099","SUP-002099","Ahmedabad Industrial Supply Co. 2099","approved","Ahmedabad","Gujarat","India",45,83.0900,98.8600,"B","Y"
2100,"SUP002100","SUP-002100","Bengaluru Industrial Supply Co. 2100","spot","Bengaluru","Karnataka","India",30,77.6000,95.8700,"C","Y"
2101,"SUP002101","SUP-002101","Bhopal Industrial Supply Co. 2101","approved","Bhopal","Madhya Pradesh","India",45,93.0400,94.2800,"B","Y"
2102,"SUP002102","SUP-002102","Mysuru Industrial Supply Co. 2102","strategic","Mysuru","Karnataka","India",15,98.4200,92.8700,"B","Y"
2103,"SUP002103","SUP-002103","Bhopal Industrial Supply Co. 2103","approved","Bhopal","Madhya Pradesh","India",60,83.5600,97.7500,"B","Y"
2104,"SUP002104","SUP-002104","Ranchi Industrial Supply Co. 2104","contract_manufacturer","Ranchi","Jharkhand","India",45,83.2300,96.1800,"B","Y"
2105,"SUP002105","SUP-002105","Bengaluru Industrial Supply Co. 2105","approved","Bengaluru","Karnataka","India",45,91.1600,91.6900,"B","Y"
2106,"SUP002106","SUP-002106","Indore Industrial Supply Co. 2106","strategic","Indore","Madhya Pradesh","India",30,77.5300,98.9200,"C","Y"
2107,"SUP002107","SUP-002107","Nashik Industrial Supply Co. 2107","strategic","Nashik","Maharashtra","India",15,67.3300,91.2300,"C","Y"
2108,"SUP002108","SUP-002108","Vadodara Industrial Supply Co. 2108","approved","Vadodara","Gujarat","India",30,93.4400,91.1800,"B","Y"
2109,"SUP002109","SUP-002109","Nagpur Industrial Supply Co. 2109","spot","Nagpur","Maharashtra","India",30,92.2700,93.8600,"B","Y"
2110,"SUP002110","SUP-002110","Hyderabad Industrial Supply Co. 2110","approved","Hyderabad","Telangana","India",30,78.3100,90.8600,"C","Y"
2111,"SUP002111","SUP-002111","Mumbai Industrial Supply Co. 2111","strategic","Mumbai","Maharashtra","India",30,75.7200,98.5800,"C","Y"
2112,"SUP002112","SUP-002112","Kolkata Industrial Supply Co. 2112","approved","Kolkata","West Bengal","India",30,86.6500,98.2500,"B","Y"
2113,"SUP002113","SUP-002113","Noida Industrial Supply Co. 2113","approved","Noida","Uttar Pradesh","India",45,91.3500,92.2300,"B","Y"
2114,"SUP002114","SUP-002114","Jaipur Industrial Supply Co. 2114","contract_manufacturer","Jaipur","Rajasthan","India",30,93.6900,92.9700,"B","Y"
2115,"SUP002115","SUP-002115","Jaipur Industrial Supply Co. 2115","approved","Jaipur","Rajasthan","India",30,81.2300,86.1900,"C","Y"
2116,"SUP002116","SUP-002116","Bhubaneswar Industrial Supply Co. 2116","spot","Bhubaneswar","Odisha","India",15,99.8000,96.9400,"B","Y"
2117,"SUP002117","SUP-002117","Warangal Industrial Supply Co. 2117","approved","Warangal","Telangana","India",45,77.1200,93.7900,"C","Y"
2118,"SUP002118","SUP-002118","Hyderabad Industrial Supply Co. 2118","approved","Hyderabad","Telangana","India",30,93.4100,95.3300,"B","Y"
2119,"SUP002119","SUP-002119","Bhopal Industrial Supply Co. 2119","approved","Bhopal","Madhya Pradesh","India",15,99.1200,94.9200,"B","Y"
2120,"SUP002120","SUP-002120","Nashik Industrial Supply Co. 2120","approved","Nashik","Maharashtra","India",45,80.8600,98.3300,"B","Y"
2121,"SUP002121","SUP-002121","Jaipur Industrial Supply Co. 2121","approved","Jaipur","Rajasthan","India",60,99.8000,99.3100,"A","Y"
2122,"SUP002122","SUP-002122","Warangal Industrial Supply Co. 2122","contract_manufacturer","Warangal","Telangana","India",60,98.3700,97.8500,"A","Y"
2123,"SUP002123","SUP-002123","Jaipur Industrial Supply Co. 2123","approved","Jaipur","Rajasthan","India",30,82.1700,96.8000,"B","Y"
2124,"SUP002124","SUP-002124","Mysuru Industrial Supply Co. 2124","spot","Mysuru","Karnataka","India",45,88.7000,98.1200,"B","Y"
2125,"SUP002125","SUP-002125","Jaipur Industrial Supply Co. 2125","approved","Jaipur","Rajasthan","India",30,72.4800,97.3100,"C","Y"
2126,"SUP002126","SUP-002126","Noida Industrial Supply Co. 2126","contract_manufacturer","Noida","Uttar Pradesh","India",60,86.1600,99.9000,"B","Y"
2127,"SUP002127","SUP-002127","Bhopal Industrial Supply Co. 2127","approved","Bhopal","Madhya Pradesh","India",60,81.7900,92.3500,"B","Y"
2128,"SUP002128","SUP-002128","Hyderabad Industrial Supply Co. 2128","strategic","Hyderabad","Telangana","India",30,86.7400,99.8100,"B","Y"
2129,"SUP002129","SUP-002129","Pune Industrial Supply Co. 2129","approved","Pune","Maharashtra","India",45,82.5800,94.7000,"B","Y"
2130,"SUP002130","SUP-002130","Surat Industrial Supply Co. 2130","spot","Surat","Gujarat","India",30,99.8000,90.1000,"C","Y"
2131,"SUP002131","SUP-002131","Ahmedabad Industrial Supply Co. 2131","approved","Ahmedabad","Gujarat","India",45,66.8300,96.1200,"C","Y"
2132,"SUP002132","SUP-002132","Vijayawada Industrial Supply Co. 2132","approved","Vijayawada","Andhra Pradesh","India",30,87.7600,98.7400,"B","Y"
2133,"SUP002133","SUP-002133","Bengaluru Industrial Supply Co. 2133","approved","Bengaluru","Karnataka","India",30,78.4400,99.0500,"C","Y"
2134,"SUP002134","SUP-002134","Vijayawada Industrial Supply Co. 2134","approved","Vijayawada","Andhra Pradesh","India",60,83.6700,99.9000,"B","Y"
2135,"SUP002135","SUP-002135","Bhubaneswar Industrial Supply Co. 2135","approved","Bhubaneswar","Odisha","India",45,85.1400,93.4100,"B","Y"
2136,"SUP002136","SUP-002136","Noida Industrial Supply Co. 2136","approved","Noida","Uttar Pradesh","India",15,99.8000,98.4600,"A","Y"
2137,"SUP002137","SUP-002137","Bhopal Industrial Supply Co. 2137","approved","Bhopal","Madhya Pradesh","India",45,80.5200,94.8900,"B","Y"
2138,"SUP002138","SUP-002138","Nagpur Industrial Supply Co. 2138","approved","Nagpur","Maharashtra","India",60,76.2800,97.0000,"C","Y"
2139,"SUP002139","SUP-002139","Pune Industrial Supply Co. 2139","approved","Pune","Maharashtra","India",30,72.4500,99.9000,"C","Y"
2140,"SUP002140","SUP-002140","Warangal Industrial Supply Co. 2140","approved","Warangal","Telangana","India",45,84.8600,97.7700,"B","Y"
2141,"SUP002141","SUP-002141","Mysuru Industrial Supply Co. 2141","strategic","Mysuru","Karnataka","India",45,96.5100,99.9000,"A","Y"
2142,"SUP002142","SUP-002142","Noida Industrial Supply Co. 2142","strategic","Noida","Uttar Pradesh","India",30,90.2900,99.9000,"B","Y"
2143,"SUP002143","SUP-002143","Mangaluru Industrial Supply Co. 2143","strategic","Mangaluru","Karnataka","India",30,98.0400,92.3200,"B","Y"
2144,"SUP002144","SUP-002144","Surat Industrial Supply Co. 2144","approved","Surat","Gujarat","India",45,89.7600,90.5400,"C","Y"
2145,"SUP002145","SUP-002145","Surat Industrial Supply Co. 2145","approved","Surat","Gujarat","India",30,94.1700,94.0100,"B","Y"
2146,"SUP002146","SUP-002146","Ranchi Industrial Supply Co. 2146","strategic","Ranchi","Jharkhand","India",30,77.7900,98.5300,"C","Y"
2147,"SUP002147","SUP-002147","Chandigarh Industrial Supply Co. 2147","approved","Chandigarh","Chandigarh","India",30,79.9600,95.6400,"C","Y"
2148,"SUP002148","SUP-002148","Mumbai Industrial Supply Co. 2148","approved","Mumbai","Maharashtra","India",30,77.7400,94.6300,"C","Y"
2149,"SUP002149","SUP-002149","Ranchi Industrial Supply Co. 2149","strategic","Ranchi","Jharkhand","India",30,96.3000,95.6300,"B","Y"
2150,"SUP002150","SUP-002150","Mumbai Industrial Supply Co. 2150","approved","Mumbai","Maharashtra","India",15,82.1000,97.0100,"B","Y"
2151,"SUP002151","SUP-002151","Noida Industrial Supply Co. 2151","approved","Noida","Uttar Pradesh","India",30,89.2500,95.3100,"B","Y"
2152,"SUP002152","SUP-002152","Delhi Industrial Supply Co. 2152","approved","Delhi","Delhi","India",45,66.2200,91.6600,"C","Y"
2153,"SUP002153","SUP-002153","Kolkata Industrial Supply Co. 2153","approved","Kolkata","West Bengal","India",30,79.9200,93.5700,"C","Y"
2154,"SUP002154","SUP-002154","Indore Industrial Supply Co. 2154","contract_manufacturer","Indore","Madhya Pradesh","India",30,84.4400,99.9000,"B","Y"
2155,"SUP002155","SUP-002155","Vijayawada Industrial Supply Co. 2155","approved","Vijayawada","Andhra Pradesh","India",30,86.3300,92.2700,"B","Y"
2156,"SUP002156","SUP-002156","Mangaluru Industrial Supply Co. 2156","contract_manufacturer","Mangaluru","Karnataka","India",45,66.5200,92.1300,"C","Y"
2157,"SUP002157","SUP-002157","Bhubaneswar Industrial Supply Co. 2157","approved","Bhubaneswar","Odisha","India",45,84.1700,90.6700,"C","Y"
2158,"SUP002158","SUP-002158","Chandigarh Industrial Supply Co. 2158","spot","Chandigarh","Chandigarh","India",30,83.3100,97.7300,"B","Y"
2159,"SUP002159","SUP-002159","Mangaluru Industrial Supply Co. 2159","strategic","Mangaluru","Karnataka","India",15,98.6200,96.6000,"B","Y"
2160,"SUP002160","SUP-002160","Mangaluru Industrial Supply Co. 2160","strategic","Mangaluru","Karnataka","India",30,97.1500,91.7400,"B","Y"
2161,"SUP002161","SUP-002161","Agra Industrial Supply Co. 2161","approved","Agra","Uttar Pradesh","India",30,82.5000,98.8200,"B","Y"
2162,"SUP002162","SUP-002162","Surat Industrial Supply Co. 2162","spot","Surat","Gujarat","India",45,78.9600,90.9200,"C","Y"
2163,"SUP002163","SUP-002163","Vadodara Industrial Supply Co. 2163","contract_manufacturer","Vadodara","Gujarat","India",45,95.3600,91.7200,"B","Y"
2164,"SUP002164","SUP-002164","Mysuru Industrial Supply Co. 2164","approved","Mysuru","Karnataka","India",30,79.3900,95.4500,"C","Y"
2165,"SUP002165","SUP-002165","Mumbai Industrial Supply Co. 2165","spot","Mumbai","Maharashtra","India",30,94.7300,91.7700,"B","Y"
2166,"SUP002166","SUP-002166","Mangaluru Industrial Supply Co. 2166","spot","Mangaluru","Karnataka","India",45,95.3300,98.8600,"A","Y"
2167,"SUP002167","SUP-002167","Bhubaneswar Industrial Supply Co. 2167","approved","Bhubaneswar","Odisha","India",60,90.1400,92.2100,"B","Y"
2168,"SUP002168","SUP-002168","Mumbai Industrial Supply Co. 2168","spot","Mumbai","Maharashtra","India",30,99.8000,93.7100,"B","Y"
2169,"SUP002169","SUP-002169","Nashik Industrial Supply Co. 2169","approved","Nashik","Maharashtra","India",30,83.7100,98.0200,"B","Y"
2170,"SUP002170","SUP-002170","Bhopal Industrial Supply Co. 2170","spot","Bhopal","Madhya Pradesh","India",30,84.6700,98.5800,"B","Y"
2171,"SUP002171","SUP-002171","Bhopal Industrial Supply Co. 2171","strategic","Bhopal","Madhya Pradesh","India",30,78.0600,99.9000,"C","Y"
2172,"SUP002172","SUP-002172","Noida Industrial Supply Co. 2172","approved","Noida","Uttar Pradesh","India",45,80.6800,99.7700,"B","Y"
2173,"SUP002173","SUP-002173","Lucknow Industrial Supply Co. 2173","spot","Lucknow","Uttar Pradesh","India",30,80.6900,93.9700,"B","Y"
2174,"SUP002174","SUP-002174","Mumbai Industrial Supply Co. 2174","approved","Mumbai","Maharashtra","India",15,82.0700,94.9600,"B","Y"
2175,"SUP002175","SUP-002175","Lucknow Industrial Supply Co. 2175","approved","Lucknow","Uttar Pradesh","India",45,86.0000,98.1300,"B","Y"
2176,"SUP002176","SUP-002176","Kolkata Industrial Supply Co. 2176","approved","Kolkata","West Bengal","India",30,99.8000,99.0200,"A","Y"
2177,"SUP002177","SUP-002177","Warangal Industrial Supply Co. 2177","approved","Warangal","Telangana","India",45,81.0000,92.2700,"B","Y"
2178,"SUP002178","SUP-002178","Indore Industrial Supply Co. 2178","approved","Indore","Madhya Pradesh","India",30,81.1900,89.1700,"C","Y"
2179,"SUP002179","SUP-002179","Ahmedabad Industrial Supply Co. 2179","strategic","Ahmedabad","Gujarat","India",45,99.8000,98.0000,"A","Y"
2180,"SUP002180","SUP-002180","Agra Industrial Supply Co. 2180","approved","Agra","Uttar Pradesh","India",30,96.9900,93.2800,"B","Y"
2181,"SUP002181","SUP-002181","Ahmedabad Industrial Supply Co. 2181","contract_manufacturer","Ahmedabad","Gujarat","India",30,88.7000,90.7200,"C","Y"
2182,"SUP002182","SUP-002182","Jaipur Industrial Supply Co. 2182","strategic","Jaipur","Rajasthan","India",30,89.9100,95.4200,"B","Y"
2183,"SUP002183","SUP-002183","Indore Industrial Supply Co. 2183","contract_manufacturer","Indore","Madhya Pradesh","India",30,99.8000,99.9000,"A","Y"
2184,"SUP002184","SUP-002184","Vadodara Industrial Supply Co. 2184","strategic","Vadodara","Gujarat","India",45,87.9700,97.3100,"B","Y"
2185,"SUP002185","SUP-002185","Bhubaneswar Industrial Supply Co. 2185","spot","Bhubaneswar","Odisha","India",15,86.7600,96.5200,"B","Y"
2186,"SUP002186","SUP-002186","Warangal Industrial Supply Co. 2186","strategic","Warangal","Telangana","India",45,70.3600,91.5900,"C","Y"
2187,"SUP002187","SUP-002187","Mysuru Industrial Supply Co. 2187","approved","Mysuru","Karnataka","India",45,94.5000,98.9200,"A","Y"
2188,"SUP002188","SUP-002188","Lucknow Industrial Supply Co. 2188","approved","Lucknow","Uttar Pradesh","India",45,99.8000,93.4600,"B","Y"
2189,"SUP002189","SUP-002189","Mangaluru Industrial Supply Co. 2189","approved","Mangaluru","Karnataka","India",15,99.8000,94.8400,"B","Y"
2190,"SUP002190","SUP-002190","Mumbai Industrial Supply Co. 2190","contract_manufacturer","Mumbai","Maharashtra","India",30,82.6700,98.1500,"B","Y"
2191,"SUP002191","SUP-002191","Chandigarh Industrial Supply Co. 2191","approved","Chandigarh","Chandigarh","India",30,77.6800,97.2800,"C","Y"
2192,"SUP002192","SUP-002192","Vadodara Industrial Supply Co. 2192","approved","Vadodara","Gujarat","India",30,86.7600,92.1200,"B","Y"
2193,"SUP002193","SUP-002193","Mumbai Industrial Supply Co. 2193","strategic","Mumbai","Maharashtra","India",15,97.2100,93.2700,"B","Y"
2194,"SUP002194","SUP-002194","Warangal Industrial Supply Co. 2194","contract_manufacturer","Warangal","Telangana","India",45,99.8000,98.4400,"A","Y"
2195,"SUP002195","SUP-002195","Bengaluru Industrial Supply Co. 2195","approved","Bengaluru","Karnataka","India",60,87.9200,94.1700,"B","Y"
2196,"SUP002196","SUP-002196","Hyderabad Industrial Supply Co. 2196","strategic","Hyderabad","Telangana","India",30,91.2900,91.4400,"B","Y"
2197,"SUP002197","SUP-002197","Surat Industrial Supply Co. 2197","approved","Surat","Gujarat","India",15,95.5100,93.5500,"B","Y"
2198,"SUP002198","SUP-002198","Ranchi Industrial Supply Co. 2198","approved","Ranchi","Jharkhand","India",30,87.0800,99.9000,"B","Y"
2199,"SUP002199","SUP-002199","Mumbai Industrial Supply Co. 2199","strategic","Mumbai","Maharashtra","India",45,99.8000,95.9200,"B","Y"
2200,"SUP002200","SUP-002200","Bhubaneswar Industrial Supply Co. 2200","strategic","Bhubaneswar","Odisha","India",30,84.3600,94.2600,"B","Y"
2201,"SUP002201","SUP-002201","Mangaluru Industrial Supply Co. 2201","approved","Mangaluru","Karnataka","India",30,96.1400,95.5800,"B","Y"
2202,"SUP002202","SUP-002202","Mysuru Industrial Supply Co. 2202","approved","Mysuru","Karnataka","India",45,99.1700,98.8800,"A","Y"
2203,"SUP002203","SUP-002203","Lucknow Industrial Supply Co. 2203","approved","Lucknow","Uttar Pradesh","India",30,99.8000,93.3700,"B","Y"
2204,"SUP002204","SUP-002204","Hyderabad Industrial Supply Co. 2204","approved","Hyderabad","Telangana","India",60,74.6100,99.2900,"C","Y"
2205,"SUP002205","SUP-002205","Mangaluru Industrial Supply Co. 2205","contract_manufacturer","Mangaluru","Karnataka","India",30,86.3700,93.8800,"B","Y"
2206,"SUP002206","SUP-002206","Jaipur Industrial Supply Co. 2206","approved","Jaipur","Rajasthan","India",60,86.6300,95.1500,"B","Y"
2207,"SUP002207","SUP-002207","Jaipur Industrial Supply Co. 2207","approved","Jaipur","Rajasthan","India",15,78.7100,99.9000,"C","Y"
2208,"SUP002208","SUP-002208","Ahmedabad Industrial Supply Co. 2208","approved","Ahmedabad","Gujarat","India",60,96.9400,92.7500,"B","Y"
2209,"SUP002209","SUP-002209","Mumbai Industrial Supply Co. 2209","spot","Mumbai","Maharashtra","India",30,89.1100,98.9200,"B","Y"
2210,"SUP002210","SUP-002210","Chandigarh Industrial Supply Co. 2210","strategic","Chandigarh","Chandigarh","India",45,92.9000,97.2500,"A","Y"
2211,"SUP002211","SUP-002211","Ahmedabad Industrial Supply Co. 2211","approved","Ahmedabad","Gujarat","India",45,82.4600,98.1900,"B","Y"
2212,"SUP002212","SUP-002212","Delhi Industrial Supply Co. 2212","approved","Delhi","Delhi","India",60,87.7100,94.9100,"B","Y"
2213,"SUP002213","SUP-002213","Jaipur Industrial Supply Co. 2213","spot","Jaipur","Rajasthan","India",60,83.2100,97.1800,"B","Y"
2214,"SUP002214","SUP-002214","Bengaluru Industrial Supply Co. 2214","spot","Bengaluru","Karnataka","India",30,99.8000,96.2100,"B","Y"
2215,"SUP002215","SUP-002215","Mangaluru Industrial Supply Co. 2215","contract_manufacturer","Mangaluru","Karnataka","India",60,91.9000,95.8100,"B","Y"
2216,"SUP002216","SUP-002216","Kolkata Industrial Supply Co. 2216","approved","Kolkata","West Bengal","India",30,73.2100,93.2700,"C","Y"
2217,"SUP002217","SUP-002217","Noida Industrial Supply Co. 2217","approved","Noida","Uttar Pradesh","India",30,83.5900,94.7300,"B","Y"
2218,"SUP002218","SUP-002218","Ranchi Industrial Supply Co. 2218","spot","Ranchi","Jharkhand","India",30,74.3400,92.3100,"C","Y"
2219,"SUP002219","SUP-002219","Ahmedabad Industrial Supply Co. 2219","approved","Ahmedabad","Gujarat","India",30,79.8800,99.7400,"C","Y"
2220,"SUP002220","SUP-002220","Indore Industrial Supply Co. 2220","contract_manufacturer","Indore","Madhya Pradesh","India",60,81.5500,96.9100,"B","Y"
2221,"SUP002221","SUP-002221","Ranchi Industrial Supply Co. 2221","strategic","Ranchi","Jharkhand","India",60,89.5200,99.1400,"B","Y"
2222,"SUP002222","SUP-002222","Mysuru Industrial Supply Co. 2222","approved","Mysuru","Karnataka","India",45,84.6300,96.1300,"B","Y"
2223,"SUP002223","SUP-002223","Noida Industrial Supply Co. 2223","strategic","Noida","Uttar Pradesh","India",60,76.2900,95.6300,"C","Y"
2224,"SUP002224","SUP-002224","Jaipur Industrial Supply Co. 2224","spot","Jaipur","Rajasthan","India",30,99.8000,98.7900,"A","Y"
2225,"SUP002225","SUP-002225","Delhi Industrial Supply Co. 2225","contract_manufacturer","Delhi","Delhi","India",30,84.0700,97.2700,"B","Y"
2226,"SUP002226","SUP-002226","Lucknow Industrial Supply Co. 2226","spot","Lucknow","Uttar Pradesh","India",45,93.4200,97.6500,"A","Y"
2227,"SUP002227","SUP-002227","Lucknow Industrial Supply Co. 2227","strategic","Lucknow","Uttar Pradesh","India",30,96.8500,92.2000,"B","Y"
2228,"SUP002228","SUP-002228","Mumbai Industrial Supply Co. 2228","strategic","Mumbai","Maharashtra","India",45,79.3400,92.7300,"C","Y"
2229,"SUP002229","SUP-002229","Mysuru Industrial Supply Co. 2229","approved","Mysuru","Karnataka","India",30,77.2900,94.5400,"C","Y"
2230,"SUP002230","SUP-002230","Bhubaneswar Industrial Supply Co. 2230","strategic","Bhubaneswar","Odisha","India",15,71.4500,99.3000,"C","Y"
2231,"SUP002231","SUP-002231","Lucknow Industrial Supply Co. 2231","strategic","Lucknow","Uttar Pradesh","India",30,89.4700,93.7400,"B","Y"
2232,"SUP002232","SUP-002232","Bengaluru Industrial Supply Co. 2232","contract_manufacturer","Bengaluru","Karnataka","India",15,89.6200,96.4400,"B","Y"
2233,"SUP002233","SUP-002233","Nashik Industrial Supply Co. 2233","contract_manufacturer","Nashik","Maharashtra","India",15,83.9200,99.9000,"B","Y"
2234,"SUP002234","SUP-002234","Ranchi Industrial Supply Co. 2234","approved","Ranchi","Jharkhand","India",45,77.2500,90.6500,"C","Y"
2235,"SUP002235","SUP-002235","Agra Industrial Supply Co. 2235","strategic","Agra","Uttar Pradesh","India",15,99.8000,97.2900,"A","Y"
2236,"SUP002236","SUP-002236","Surat Industrial Supply Co. 2236","approved","Surat","Gujarat","India",45,82.6400,96.0700,"B","Y"
2237,"SUP002237","SUP-002237","Vadodara Industrial Supply Co. 2237","spot","Vadodara","Gujarat","India",60,74.4100,96.7700,"C","Y"
2238,"SUP002238","SUP-002238","Chandigarh Industrial Supply Co. 2238","approved","Chandigarh","Chandigarh","India",30,90.1600,96.0500,"B","Y"
2239,"SUP002239","SUP-002239","Agra Industrial Supply Co. 2239","approved","Agra","Uttar Pradesh","India",30,92.0000,96.6500,"B","Y"
2240,"SUP002240","SUP-002240","Ranchi Industrial Supply Co. 2240","approved","Ranchi","Jharkhand","India",60,90.5700,99.9000,"B","Y"
2241,"SUP002241","SUP-002241","Vadodara Industrial Supply Co. 2241","approved","Vadodara","Gujarat","India",45,74.3600,96.3800,"C","Y"
2242,"SUP002242","SUP-002242","Indore Industrial Supply Co. 2242","contract_manufacturer","Indore","Madhya Pradesh","India",15,93.8400,90.6400,"C","Y"
2243,"SUP002243","SUP-002243","Chandigarh Industrial Supply Co. 2243","approved","Chandigarh","Chandigarh","India",30,99.6700,95.3700,"B","Y"
2244,"SUP002244","SUP-002244","Ahmedabad Industrial Supply Co. 2244","approved","Ahmedabad","Gujarat","India",45,88.0300,94.8500,"B","Y"
2245,"SUP002245","SUP-002245","Bhubaneswar Industrial Supply Co. 2245","approved","Bhubaneswar","Odisha","India",30,84.3100,96.2700,"B","Y"
2246,"SUP002246","SUP-002246","Warangal Industrial Supply Co. 2246","strategic","Warangal","Telangana","India",30,89.5300,99.4000,"B","Y"
2247,"SUP002247","SUP-002247","Ahmedabad Industrial Supply Co. 2247","approved","Ahmedabad","Gujarat","India",30,93.0700,92.3600,"B","Y"
2248,"SUP002248","SUP-002248","Mangaluru Industrial Supply Co. 2248","strategic","Mangaluru","Karnataka","India",30,93.8300,95.2400,"B","Y"
2249,"SUP002249","SUP-002249","Warangal Industrial Supply Co. 2249","approved","Warangal","Telangana","India",45,98.6000,95.4500,"B","Y"
2250,"SUP002250","SUP-002250","Nashik Industrial Supply Co. 2250","approved","Nashik","Maharashtra","India",15,88.1600,95.8100,"B","Y"
2251,"SUP002251","SUP-002251","Mysuru Industrial Supply Co. 2251","approved","Mysuru","Karnataka","India",30,88.9400,99.5600,"B","Y"
2252,"SUP002252","SUP-002252","Mumbai Industrial Supply Co. 2252","contract_manufacturer","Mumbai","Maharashtra","India",30,99.8000,94.7700,"B","Y"
2253,"SUP002253","SUP-002253","Indore Industrial Supply Co. 2253","approved","Indore","Madhya Pradesh","India",45,94.4100,98.3300,"A","Y"
2254,"SUP002254","SUP-002254","Warangal Industrial Supply Co. 2254","contract_manufacturer","Warangal","Telangana","India",30,93.4600,97.3500,"A","Y"
2255,"SUP002255","SUP-002255","Indore Industrial Supply Co. 2255","strategic","Indore","Madhya Pradesh","India",45,89.5300,92.7600,"B","Y"
2256,"SUP002256","SUP-002256","Lucknow Industrial Supply Co. 2256","strategic","Lucknow","Uttar Pradesh","India",15,89.7000,94.8300,"B","Y"
2257,"SUP002257","SUP-002257","Indore Industrial Supply Co. 2257","approved","Indore","Madhya Pradesh","India",45,89.0700,95.3800,"B","Y"
2258,"SUP002258","SUP-002258","Indore Industrial Supply Co. 2258","strategic","Indore","Madhya Pradesh","India",30,73.6400,92.4000,"C","Y"
2259,"SUP002259","SUP-002259","Hyderabad Industrial Supply Co. 2259","approved","Hyderabad","Telangana","India",60,93.1700,93.6100,"B","Y"
2260,"SUP002260","SUP-002260","Ranchi Industrial Supply Co. 2260","approved","Ranchi","Jharkhand","India",30,93.0800,99.9000,"A","Y"
2261,"SUP002261","SUP-002261","Bengaluru Industrial Supply Co. 2261","approved","Bengaluru","Karnataka","India",30,71.2100,98.6900,"C","Y"
2262,"SUP002262","SUP-002262","Lucknow Industrial Supply Co. 2262","strategic","Lucknow","Uttar Pradesh","India",30,78.4900,96.9800,"C","Y"
2263,"SUP002263","SUP-002263","Agra Industrial Supply Co. 2263","approved","Agra","Uttar Pradesh","India",45,96.4200,97.1900,"A","Y"
2264,"SUP002264","SUP-002264","Pune Industrial Supply Co. 2264","spot","Pune","Maharashtra","India",30,72.7900,99.8700,"C","Y"
2265,"SUP002265","SUP-002265","Mangaluru Industrial Supply Co. 2265","strategic","Mangaluru","Karnataka","India",45,78.7500,98.5200,"C","Y"
2266,"SUP002266","SUP-002266","Nashik Industrial Supply Co. 2266","approved","Nashik","Maharashtra","India",30,84.4700,91.1700,"B","Y"
2267,"SUP002267","SUP-002267","Surat Industrial Supply Co. 2267","approved","Surat","Gujarat","India",15,78.0200,92.3400,"C","Y"
2268,"SUP002268","SUP-002268","Mumbai Industrial Supply Co. 2268","strategic","Mumbai","Maharashtra","India",30,99.8000,97.1000,"A","Y"
2269,"SUP002269","SUP-002269","Delhi Industrial Supply Co. 2269","approved","Delhi","Delhi","India",60,81.2800,92.8600,"B","Y"
2270,"SUP002270","SUP-002270","Ahmedabad Industrial Supply Co. 2270","approved","Ahmedabad","Gujarat","India",45,91.5500,99.9000,"B","Y"
2271,"SUP002271","SUP-002271","Bengaluru Industrial Supply Co. 2271","approved","Bengaluru","Karnataka","India",60,70.3900,97.3700,"C","Y"
2272,"SUP002272","SUP-002272","Nashik Industrial Supply Co. 2272","approved","Nashik","Maharashtra","India",60,84.2600,96.6400,"B","Y"
2273,"SUP002273","SUP-002273","Indore Industrial Supply Co. 2273","approved","Indore","Madhya Pradesh","India",45,95.4200,99.9000,"A","Y"
2274,"SUP002274","SUP-002274","Chandigarh Industrial Supply Co. 2274","spot","Chandigarh","Chandigarh","India",15,81.6800,91.5900,"B","Y"
2275,"SUP002275","SUP-002275","Lucknow Industrial Supply Co. 2275","approved","Lucknow","Uttar Pradesh","India",30,99.3300,96.3500,"B","Y"
2276,"SUP002276","SUP-002276","Pune Industrial Supply Co. 2276","strategic","Pune","Maharashtra","India",45,93.6400,89.9200,"C","Y"
2277,"SUP002277","SUP-002277","Pune Industrial Supply Co. 2277","spot","Pune","Maharashtra","India",60,77.1800,97.0800,"C","Y"
2278,"SUP002278","SUP-002278","Pune Industrial Supply Co. 2278","approved","Pune","Maharashtra","India",45,95.9700,95.0900,"B","Y"
2279,"SUP002279","SUP-002279","Bengaluru Industrial Supply Co. 2279","approved","Bengaluru","Karnataka","India",45,89.6600,97.9300,"B","Y"
2280,"SUP002280","SUP-002280","Bengaluru Industrial Supply Co. 2280","approved","Bengaluru","Karnataka","India",30,77.9900,96.8400,"C","Y"
2281,"SUP002281","SUP-002281","Vijayawada Industrial Supply Co. 2281","contract_manufacturer","Vijayawada","Andhra Pradesh","India",45,89.8700,94.3800,"B","Y"
2282,"SUP002282","SUP-002282","Nagpur Industrial Supply Co. 2282","approved","Nagpur","Maharashtra","India",30,77.2200,98.1700,"C","Y"
2283,"SUP002283","SUP-002283","Hyderabad Industrial Supply Co. 2283","approved","Hyderabad","Telangana","India",45,92.3600,93.4500,"B","Y"
2284,"SUP002284","SUP-002284","Mangaluru Industrial Supply Co. 2284","contract_manufacturer","Mangaluru","Karnataka","India",60,99.8000,97.1900,"A","Y"
2285,"SUP002285","SUP-002285","Nagpur Industrial Supply Co. 2285","contract_manufacturer","Nagpur","Maharashtra","India",30,98.7700,97.7900,"A","Y"
2286,"SUP002286","SUP-002286","Bhubaneswar Industrial Supply Co. 2286","approved","Bhubaneswar","Odisha","India",60,88.5600,96.8700,"B","Y"
2287,"SUP002287","SUP-002287","Bhopal Industrial Supply Co. 2287","approved","Bhopal","Madhya Pradesh","India",15,84.0700,96.8400,"B","Y"
2288,"SUP002288","SUP-002288","Nagpur Industrial Supply Co. 2288","spot","Nagpur","Maharashtra","India",45,85.7400,90.6800,"C","Y"
2289,"SUP002289","SUP-002289","Bengaluru Industrial Supply Co. 2289","spot","Bengaluru","Karnataka","India",30,85.1600,99.6200,"B","Y"
2290,"SUP002290","SUP-002290","Lucknow Industrial Supply Co. 2290","contract_manufacturer","Lucknow","Uttar Pradesh","India",30,88.3200,99.9000,"B","Y"
2291,"SUP002291","SUP-002291","Vadodara Industrial Supply Co. 2291","approved","Vadodara","Gujarat","India",30,89.6500,96.5000,"B","Y"
2292,"SUP002292","SUP-002292","Jaipur Industrial Supply Co. 2292","strategic","Jaipur","Rajasthan","India",45,72.4500,94.4100,"C","Y"
2293,"SUP002293","SUP-002293","Ahmedabad Industrial Supply Co. 2293","approved","Ahmedabad","Gujarat","India",45,86.0400,99.9000,"B","Y"
2294,"SUP002294","SUP-002294","Surat Industrial Supply Co. 2294","strategic","Surat","Gujarat","India",45,89.5700,96.4800,"B","Y"
2295,"SUP002295","SUP-002295","Bengaluru Industrial Supply Co. 2295","approved","Bengaluru","Karnataka","India",30,89.1700,93.1400,"B","Y"
2296,"SUP002296","SUP-002296","Chandigarh Industrial Supply Co. 2296","strategic","Chandigarh","Chandigarh","India",45,89.0500,94.0400,"B","Y"
2297,"SUP002297","SUP-002297","Ahmedabad Industrial Supply Co. 2297","approved","Ahmedabad","Gujarat","India",45,88.2200,96.2700,"B","Y"
2298,"SUP002298","SUP-002298","Pune Industrial Supply Co. 2298","contract_manufacturer","Pune","Maharashtra","India",15,85.1200,98.3100,"B","Y"
2299,"SUP002299","SUP-002299","Warangal Industrial Supply Co. 2299","spot","Warangal","Telangana","India",30,87.7700,95.9100,"B","Y"
2300,"SUP002300","SUP-002300","Bengaluru Industrial Supply Co. 2300","strategic","Bengaluru","Karnataka","India",60,84.0600,98.2700,"B","Y"
2301,"SUP002301","SUP-002301","Lucknow Industrial Supply Co. 2301","approved","Lucknow","Uttar Pradesh","India",45,88.4300,95.7800,"B","Y"
2302,"SUP002302","SUP-002302","Delhi Industrial Supply Co. 2302","contract_manufacturer","Delhi","Delhi","India",45,86.4800,95.1400,"B","Y"
2303,"SUP002303","SUP-002303","Hyderabad Industrial Supply Co. 2303","approved","Hyderabad","Telangana","India",30,75.6500,95.4500,"C","Y"
2304,"SUP002304","SUP-002304","Nagpur Industrial Supply Co. 2304","approved","Nagpur","Maharashtra","India",30,80.9600,93.5300,"B","Y"
2305,"SUP002305","SUP-002305","Nashik Industrial Supply Co. 2305","approved","Nashik","Maharashtra","India",15,77.3300,96.8600,"C","Y"
2306,"SUP002306","SUP-002306","Ranchi Industrial Supply Co. 2306","strategic","Ranchi","Jharkhand","India",15,78.5500,90.8800,"C","Y"
2307,"SUP002307","SUP-002307","Mysuru Industrial Supply Co. 2307","approved","Mysuru","Karnataka","India",60,88.8600,89.8100,"C","Y"
2308,"SUP002308","SUP-002308","Jaipur Industrial Supply Co. 2308","approved","Jaipur","Rajasthan","India",45,77.4800,99.4400,"C","Y"
2309,"SUP002309","SUP-002309","Mangaluru Industrial Supply Co. 2309","approved","Mangaluru","Karnataka","India",30,69.0400,96.4600,"C","Y"
2310,"SUP002310","SUP-002310","Agra Industrial Supply Co. 2310","approved","Agra","Uttar Pradesh","India",45,92.3800,97.6600,"A","Y"
2311,"SUP002311","SUP-002311","Nagpur Industrial Supply Co. 2311","approved","Nagpur","Maharashtra","India",30,93.9500,90.7500,"C","Y"
2312,"SUP002312","SUP-002312","Nagpur Industrial Supply Co. 2312","approved","Nagpur","Maharashtra","India",45,84.5100,97.1800,"B","Y"
2313,"SUP002313","SUP-002313","Indore Industrial Supply Co. 2313","strategic","Indore","Madhya Pradesh","India",15,99.8000,89.2600,"C","Y"
2314,"SUP002314","SUP-002314","Bhopal Industrial Supply Co. 2314","approved","Bhopal","Madhya Pradesh","India",30,93.0900,92.7700,"B","Y"
2315,"SUP002315","SUP-002315","Nashik Industrial Supply Co. 2315","approved","Nashik","Maharashtra","India",60,85.2900,98.4800,"B","Y"
2316,"SUP002316","SUP-002316","Mangaluru Industrial Supply Co. 2316","strategic","Mangaluru","Karnataka","India",60,80.9100,93.4500,"B","Y"
2317,"SUP002317","SUP-002317","Agra Industrial Supply Co. 2317","contract_manufacturer","Agra","Uttar Pradesh","India",30,91.2600,99.4000,"B","Y"
2318,"SUP002318","SUP-002318","Kolkata Industrial Supply Co. 2318","approved","Kolkata","West Bengal","India",45,95.9500,97.4100,"A","Y"
2319,"SUP002319","SUP-002319","Nagpur Industrial Supply Co. 2319","contract_manufacturer","Nagpur","Maharashtra","India",60,80.8600,98.7500,"B","Y"
2320,"SUP002320","SUP-002320","Mangaluru Industrial Supply Co. 2320","approved","Mangaluru","Karnataka","India",30,86.9700,98.2400,"B","Y"
2321,"SUP002321","SUP-002321","Delhi Industrial Supply Co. 2321","contract_manufacturer","Delhi","Delhi","India",45,85.2200,98.2600,"B","Y"
2322,"SUP002322","SUP-002322","Bengaluru Industrial Supply Co. 2322","approved","Bengaluru","Karnataka","India",45,76.1100,93.0900,"C","Y"
2323,"SUP002323","SUP-002323","Kolkata Industrial Supply Co. 2323","spot","Kolkata","West Bengal","India",30,99.8000,96.4400,"B","Y"
2324,"SUP002324","SUP-002324","Kolkata Industrial Supply Co. 2324","approved","Kolkata","West Bengal","India",45,85.6600,91.6700,"B","Y"
2325,"SUP002325","SUP-002325","Chandigarh Industrial Supply Co. 2325","spot","Chandigarh","Chandigarh","India",30,99.8000,99.9000,"A","Y"
2326,"SUP002326","SUP-002326","Noida Industrial Supply Co. 2326","approved","Noida","Uttar Pradesh","India",45,85.3400,97.6900,"B","Y"
2327,"SUP002327","SUP-002327","Nashik Industrial Supply Co. 2327","approved","Nashik","Maharashtra","India",30,97.7300,97.2300,"A","Y"
2328,"SUP002328","SUP-002328","Mumbai Industrial Supply Co. 2328","spot","Mumbai","Maharashtra","India",45,81.8900,97.7500,"B","Y"
2329,"SUP002329","SUP-002329","Nashik Industrial Supply Co. 2329","approved","Nashik","Maharashtra","India",15,96.3500,99.9000,"A","Y"
2330,"SUP002330","SUP-002330","Nagpur Industrial Supply Co. 2330","approved","Nagpur","Maharashtra","India",15,82.0300,94.9800,"B","Y"
2331,"SUP002331","SUP-002331","Vadodara Industrial Supply Co. 2331","approved","Vadodara","Gujarat","India",45,93.7900,94.8200,"B","Y"
2332,"SUP002332","SUP-002332","Delhi Industrial Supply Co. 2332","strategic","Delhi","Delhi","India",15,74.8900,95.8800,"C","Y"
2333,"SUP002333","SUP-002333","Agra Industrial Supply Co. 2333","approved","Agra","Uttar Pradesh","India",60,82.9600,92.1400,"B","Y"
2334,"SUP002334","SUP-002334","Mysuru Industrial Supply Co. 2334","contract_manufacturer","Mysuru","Karnataka","India",45,99.8000,92.0900,"B","Y"
2335,"SUP002335","SUP-002335","Ahmedabad Industrial Supply Co. 2335","approved","Ahmedabad","Gujarat","India",60,87.8300,96.5500,"B","Y"
2336,"SUP002336","SUP-002336","Mangaluru Industrial Supply Co. 2336","spot","Mangaluru","Karnataka","India",30,94.5400,92.7400,"B","Y"
2337,"SUP002337","SUP-002337","Bhopal Industrial Supply Co. 2337","strategic","Bhopal","Madhya Pradesh","India",30,81.4900,96.5400,"B","Y"
2338,"SUP002338","SUP-002338","Bengaluru Industrial Supply Co. 2338","approved","Bengaluru","Karnataka","India",45,91.7300,98.1500,"B","Y"
2339,"SUP002339","SUP-002339","Indore Industrial Supply Co. 2339","approved","Indore","Madhya Pradesh","India",45,93.6200,96.9500,"B","Y"
2340,"SUP002340","SUP-002340","Lucknow Industrial Supply Co. 2340","approved","Lucknow","Uttar Pradesh","India",30,95.4600,99.9000,"A","Y"
2341,"SUP002341","SUP-002341","Mumbai Industrial Supply Co. 2341","spot","Mumbai","Maharashtra","India",30,97.1600,97.3000,"A","Y"
2342,"SUP002342","SUP-002342","Pune Industrial Supply Co. 2342","approved","Pune","Maharashtra","India",30,90.9300,94.9900,"B","Y"
2343,"SUP002343","SUP-002343","Vijayawada Industrial Supply Co. 2343","approved","Vijayawada","Andhra Pradesh","India",30,94.6900,95.5000,"B","Y"
2344,"SUP002344","SUP-002344","Indore Industrial Supply Co. 2344","spot","Indore","Madhya Pradesh","India",45,99.8000,94.8200,"B","Y"
2345,"SUP002345","SUP-002345","Mysuru Industrial Supply Co. 2345","approved","Mysuru","Karnataka","India",45,79.5900,95.5800,"C","Y"
2346,"SUP002346","SUP-002346","Nagpur Industrial Supply Co. 2346","approved","Nagpur","Maharashtra","India",30,79.1800,98.0800,"C","Y"
2347,"SUP002347","SUP-002347","Nashik Industrial Supply Co. 2347","contract_manufacturer","Nashik","Maharashtra","India",45,93.8300,94.2200,"B","Y"
2348,"SUP002348","SUP-002348","Chandigarh Industrial Supply Co. 2348","approved","Chandigarh","Chandigarh","India",15,87.4200,93.2700,"B","Y"
2349,"SUP002349","SUP-002349","Ranchi Industrial Supply Co. 2349","approved","Ranchi","Jharkhand","India",45,89.5900,94.4600,"B","Y"
2350,"SUP002350","SUP-002350","Hyderabad Industrial Supply Co. 2350","approved","Hyderabad","Telangana","India",45,92.6600,96.5400,"B","Y"
2351,"SUP002351","SUP-002351","Mysuru Industrial Supply Co. 2351","strategic","Mysuru","Karnataka","India",45,94.2700,92.9200,"B","Y"
2352,"SUP002352","SUP-002352","Chandigarh Industrial Supply Co. 2352","spot","Chandigarh","Chandigarh","India",45,85.7000,90.5500,"C","Y"
2353,"SUP002353","SUP-002353","Surat Industrial Supply Co. 2353","strategic","Surat","Gujarat","India",60,97.0000,96.9100,"B","Y"
2354,"SUP002354","SUP-002354","Bengaluru Industrial Supply Co. 2354","contract_manufacturer","Bengaluru","Karnataka","India",60,92.1600,95.5800,"B","Y"
2355,"SUP002355","SUP-002355","Warangal Industrial Supply Co. 2355","strategic","Warangal","Telangana","India",45,71.3900,92.9500,"C","Y"
2356,"SUP002356","SUP-002356","Lucknow Industrial Supply Co. 2356","approved","Lucknow","Uttar Pradesh","India",15,95.3200,98.0000,"A","Y"
2357,"SUP002357","SUP-002357","Jaipur Industrial Supply Co. 2357","strategic","Jaipur","Rajasthan","India",30,90.1600,95.3600,"B","Y"
2358,"SUP002358","SUP-002358","Vijayawada Industrial Supply Co. 2358","approved","Vijayawada","Andhra Pradesh","India",30,78.0300,98.3000,"C","Y"
2359,"SUP002359","SUP-002359","Bhopal Industrial Supply Co. 2359","spot","Bhopal","Madhya Pradesh","India",60,96.2700,97.6100,"A","Y"
2360,"SUP002360","SUP-002360","Kolkata Industrial Supply Co. 2360","approved","Kolkata","West Bengal","India",45,88.2500,95.7500,"B","Y"
2361,"SUP002361","SUP-002361","Mumbai Industrial Supply Co. 2361","spot","Mumbai","Maharashtra","India",60,74.2900,95.2300,"C","Y"
2362,"SUP002362","SUP-002362","Surat Industrial Supply Co. 2362","approved","Surat","Gujarat","India",45,78.8400,94.5800,"C","Y"
2363,"SUP002363","SUP-002363","Bengaluru Industrial Supply Co. 2363","approved","Bengaluru","Karnataka","India",45,81.7600,88.4100,"C","Y"
2364,"SUP002364","SUP-002364","Agra Industrial Supply Co. 2364","approved","Agra","Uttar Pradesh","India",30,85.5500,97.2600,"B","Y"
2365,"SUP002365","SUP-002365","Ahmedabad Industrial Supply Co. 2365","contract_manufacturer","Ahmedabad","Gujarat","India",30,95.9700,91.6100,"B","Y"
2366,"SUP002366","SUP-002366","Jaipur Industrial Supply Co. 2366","contract_manufacturer","Jaipur","Rajasthan","India",30,83.1200,93.8000,"B","Y"
2367,"SUP002367","SUP-002367","Chandigarh Industrial Supply Co. 2367","approved","Chandigarh","Chandigarh","India",45,86.3300,99.3800,"B","Y"
2368,"SUP002368","SUP-002368","Vijayawada Industrial Supply Co. 2368","approved","Vijayawada","Andhra Pradesh","India",30,95.6000,93.6700,"B","Y"
2369,"SUP002369","SUP-002369","Mangaluru Industrial Supply Co. 2369","approved","Mangaluru","Karnataka","India",45,96.0700,94.6300,"B","Y"
2370,"SUP002370","SUP-002370","Noida Industrial Supply Co. 2370","strategic","Noida","Uttar Pradesh","India",30,71.8400,94.4000,"C","Y"
2371,"SUP002371","SUP-002371","Nagpur Industrial Supply Co. 2371","approved","Nagpur","Maharashtra","India",45,73.6900,98.0800,"C","Y"
2372,"SUP002372","SUP-002372","Nagpur Industrial Supply Co. 2372","approved","Nagpur","Maharashtra","India",30,75.5000,99.9000,"C","Y"
2373,"SUP002373","SUP-002373","Vadodara Industrial Supply Co. 2373","approved","Vadodara","Gujarat","India",30,85.4600,96.1700,"B","Y"
2374,"SUP002374","SUP-002374","Pune Industrial Supply Co. 2374","approved","Pune","Maharashtra","India",60,86.3000,91.0400,"B","Y"
2375,"SUP002375","SUP-002375","Kolkata Industrial Supply Co. 2375","approved","Kolkata","West Bengal","India",15,79.7700,92.2500,"C","Y"
2376,"SUP002376","SUP-002376","Nashik Industrial Supply Co. 2376","spot","Nashik","Maharashtra","India",45,93.9300,93.2200,"B","Y"
2377,"SUP002377","SUP-002377","Ranchi Industrial Supply Co. 2377","approved","Ranchi","Jharkhand","India",30,74.2200,95.4000,"C","Y"
2378,"SUP002378","SUP-002378","Pune Industrial Supply Co. 2378","contract_manufacturer","Pune","Maharashtra","India",30,78.2500,99.2900,"C","Y"
2379,"SUP002379","SUP-002379","Ahmedabad Industrial Supply Co. 2379","approved","Ahmedabad","Gujarat","India",15,84.0800,97.6800,"B","Y"
2380,"SUP002380","SUP-002380","Bengaluru Industrial Supply Co. 2380","strategic","Bengaluru","Karnataka","India",60,76.5100,94.2300,"C","Y"
2381,"SUP002381","SUP-002381","Surat Industrial Supply Co. 2381","strategic","Surat","Gujarat","India",45,83.0200,93.0100,"B","Y"
2382,"SUP002382","SUP-002382","Ranchi Industrial Supply Co. 2382","approved","Ranchi","Jharkhand","India",60,75.4500,96.5400,"C","Y"
2383,"SUP002383","SUP-002383","Mumbai Industrial Supply Co. 2383","contract_manufacturer","Mumbai","Maharashtra","India",45,93.1100,99.9000,"A","Y"
2384,"SUP002384","SUP-002384","Bengaluru Industrial Supply Co. 2384","contract_manufacturer","Bengaluru","Karnataka","India",30,77.8400,97.2400,"C","Y"
2385,"SUP002385","SUP-002385","Nagpur Industrial Supply Co. 2385","strategic","Nagpur","Maharashtra","India",30,76.5900,92.6200,"C","Y"
2386,"SUP002386","SUP-002386","Mumbai Industrial Supply Co. 2386","spot","Mumbai","Maharashtra","India",45,67.2100,99.1300,"C","Y"
2387,"SUP002387","SUP-002387","Agra Industrial Supply Co. 2387","contract_manufacturer","Agra","Uttar Pradesh","India",30,96.7600,99.9000,"A","Y"
2388,"SUP002388","SUP-002388","Vadodara Industrial Supply Co. 2388","spot","Vadodara","Gujarat","India",15,91.3900,94.6800,"B","Y"
2389,"SUP002389","SUP-002389","Pune Industrial Supply Co. 2389","strategic","Pune","Maharashtra","India",30,92.7200,90.3000,"C","Y"
2390,"SUP002390","SUP-002390","Indore Industrial Supply Co. 2390","spot","Indore","Madhya Pradesh","India",30,93.0000,94.9800,"B","Y"
2391,"SUP002391","SUP-002391","Nashik Industrial Supply Co. 2391","approved","Nashik","Maharashtra","India",45,96.9400,99.2700,"A","Y"
2392,"SUP002392","SUP-002392","Bhubaneswar Industrial Supply Co. 2392","approved","Bhubaneswar","Odisha","India",45,78.2100,99.9000,"C","Y"
2393,"SUP002393","SUP-002393","Nagpur Industrial Supply Co. 2393","strategic","Nagpur","Maharashtra","India",30,96.9400,95.1900,"B","Y"
2394,"SUP002394","SUP-002394","Jaipur Industrial Supply Co. 2394","contract_manufacturer","Jaipur","Rajasthan","India",45,92.3900,99.9000,"A","Y"
2395,"SUP002395","SUP-002395","Noida Industrial Supply Co. 2395","approved","Noida","Uttar Pradesh","India",30,86.7100,96.4800,"B","Y"
2396,"SUP002396","SUP-002396","Vijayawada Industrial Supply Co. 2396","contract_manufacturer","Vijayawada","Andhra Pradesh","India",45,73.5500,92.1300,"C","Y"
2397,"SUP002397","SUP-002397","Noida Industrial Supply Co. 2397","approved","Noida","Uttar Pradesh","India",45,92.6500,92.9200,"B","Y"
2398,"SUP002398","SUP-002398","Warangal Industrial Supply Co. 2398","approved","Warangal","Telangana","India",45,93.5700,92.4900,"B","Y"
2399,"SUP002399","SUP-002399","Noida Industrial Supply Co. 2399","strategic","Noida","Uttar Pradesh","India",30,90.2300,91.1400,"B","Y"
2400,"SUP002400","SUP-002400","Mysuru Industrial Supply Co. 2400","approved","Mysuru","Karnataka","India",60,84.8900,96.9200,"B","Y"
2401,"SUP002401","SUP-002401","Mangaluru Industrial Supply Co. 2401","approved","Mangaluru","Karnataka","India",30,70.8500,91.9900,"C","Y"
2402,"SUP002402","SUP-002402","Bengaluru Industrial Supply Co. 2402","approved","Bengaluru","Karnataka","India",45,92.5900,99.9000,"A","Y"
2403,"SUP002403","SUP-002403","Nashik Industrial Supply Co. 2403","approved","Nashik","Maharashtra","India",30,98.4600,95.8000,"B","Y"
2404,"SUP002404","SUP-002404","Ranchi Industrial Supply Co. 2404","strategic","Ranchi","Jharkhand","India",45,93.8900,97.0000,"A","Y"
2405,"SUP002405","SUP-002405","Hyderabad Industrial Supply Co. 2405","approved","Hyderabad","Telangana","India",30,84.7000,96.9800,"B","Y"
2406,"SUP002406","SUP-002406","Ranchi Industrial Supply Co. 2406","spot","Ranchi","Jharkhand","India",30,95.9400,93.6700,"B","Y"
2407,"SUP002407","SUP-002407","Ranchi Industrial Supply Co. 2407","spot","Ranchi","Jharkhand","India",60,86.9500,93.3600,"B","Y"
2408,"SUP002408","SUP-002408","Mysuru Industrial Supply Co. 2408","contract_manufacturer","Mysuru","Karnataka","India",30,86.6600,91.4200,"B","Y"
2409,"SUP002409","SUP-002409","Surat Industrial Supply Co. 2409","strategic","Surat","Gujarat","India",45,96.5700,95.5100,"B","Y"
2410,"SUP002410","SUP-002410","Nagpur Industrial Supply Co. 2410","approved","Nagpur","Maharashtra","India",30,86.7300,96.8900,"B","Y"
2411,"SUP002411","SUP-002411","Warangal Industrial Supply Co. 2411","spot","Warangal","Telangana","India",60,87.6400,91.5300,"B","Y"
2412,"SUP002412","SUP-002412","Ranchi Industrial Supply Co. 2412","strategic","Ranchi","Jharkhand","India",30,83.3300,94.8900,"B","Y"
2413,"SUP002413","SUP-002413","Noida Industrial Supply Co. 2413","approved","Noida","Uttar Pradesh","India",15,92.7400,97.3000,"A","Y"
2414,"SUP002414","SUP-002414","Mumbai Industrial Supply Co. 2414","approved","Mumbai","Maharashtra","India",15,99.8000,93.8300,"B","Y"
2415,"SUP002415","SUP-002415","Mangaluru Industrial Supply Co. 2415","contract_manufacturer","Mangaluru","Karnataka","India",45,74.1500,94.5000,"C","Y"
2416,"SUP002416","SUP-002416","Vadodara Industrial Supply Co. 2416","approved","Vadodara","Gujarat","India",15,92.0700,90.3900,"C","Y"
2417,"SUP002417","SUP-002417","Vijayawada Industrial Supply Co. 2417","strategic","Vijayawada","Andhra Pradesh","India",60,78.8600,98.5600,"C","Y"
2418,"SUP002418","SUP-002418","Vijayawada Industrial Supply Co. 2418","strategic","Vijayawada","Andhra Pradesh","India",60,91.8300,90.9900,"C","Y"
2419,"SUP002419","SUP-002419","Warangal Industrial Supply Co. 2419","strategic","Warangal","Telangana","India",30,92.1200,94.9600,"B","Y"
2420,"SUP002420","SUP-002420","Hyderabad Industrial Supply Co. 2420","strategic","Hyderabad","Telangana","India",45,85.5100,92.9800,"B","Y"
2421,"SUP002421","SUP-002421","Mumbai Industrial Supply Co. 2421","approved","Mumbai","Maharashtra","India",30,84.9900,91.4600,"B","Y"
2422,"SUP002422","SUP-002422","Noida Industrial Supply Co. 2422","strategic","Noida","Uttar Pradesh","India",45,75.9900,96.9400,"C","Y"
2423,"SUP002423","SUP-002423","Delhi Industrial Supply Co. 2423","contract_manufacturer","Delhi","Delhi","India",45,93.8000,94.7600,"B","Y"
2424,"SUP002424","SUP-002424","Agra Industrial Supply Co. 2424","approved","Agra","Uttar Pradesh","India",30,80.7800,95.6700,"B","Y"
2425,"SUP002425","SUP-002425","Bhubaneswar Industrial Supply Co. 2425","spot","Bhubaneswar","Odisha","India",30,86.7800,95.8000,"B","Y"
2426,"SUP002426","SUP-002426","Ranchi Industrial Supply Co. 2426","contract_manufacturer","Ranchi","Jharkhand","India",15,99.7800,93.5000,"B","Y"
2427,"SUP002427","SUP-002427","Pune Industrial Supply Co. 2427","contract_manufacturer","Pune","Maharashtra","India",30,98.2800,90.4600,"C","Y"
2428,"SUP002428","SUP-002428","Mumbai Industrial Supply Co. 2428","strategic","Mumbai","Maharashtra","India",30,72.4000,97.5300,"C","Y"
2429,"SUP002429","SUP-002429","Pune Industrial Supply Co. 2429","approved","Pune","Maharashtra","India",15,83.1500,96.1700,"B","Y"
2430,"SUP002430","SUP-002430","Ranchi Industrial Supply Co. 2430","approved","Ranchi","Jharkhand","India",45,73.2900,99.9000,"C","Y"
2431,"SUP002431","SUP-002431","Vadodara Industrial Supply Co. 2431","contract_manufacturer","Vadodara","Gujarat","India",45,78.3800,97.2300,"C","Y"
2432,"SUP002432","SUP-002432","Hyderabad Industrial Supply Co. 2432","contract_manufacturer","Hyderabad","Telangana","India",15,84.6600,99.6100,"B","Y"
2433,"SUP002433","SUP-002433","Pune Industrial Supply Co. 2433","approved","Pune","Maharashtra","India",30,76.5500,94.3700,"C","Y"
2434,"SUP002434","SUP-002434","Lucknow Industrial Supply Co. 2434","contract_manufacturer","Lucknow","Uttar Pradesh","India",15,80.8800,99.9000,"B","Y"
2435,"SUP002435","SUP-002435","Nashik Industrial Supply Co. 2435","strategic","Nashik","Maharashtra","India",30,97.8700,92.3100,"B","Y"
2436,"SUP002436","SUP-002436","Hyderabad Industrial Supply Co. 2436","approved","Hyderabad","Telangana","India",45,99.8000,93.4600,"B","Y"
2437,"SUP002437","SUP-002437","Warangal Industrial Supply Co. 2437","approved","Warangal","Telangana","India",30,80.5700,96.6500,"B","Y"
2438,"SUP002438","SUP-002438","Agra Industrial Supply Co. 2438","strategic","Agra","Uttar Pradesh","India",30,99.8000,99.1300,"A","Y"
2439,"SUP002439","SUP-002439","Mumbai Industrial Supply Co. 2439","spot","Mumbai","Maharashtra","India",45,97.9400,95.7000,"B","Y"
2440,"SUP002440","SUP-002440","Mumbai Industrial Supply Co. 2440","spot","Mumbai","Maharashtra","India",15,67.7400,95.9000,"C","Y"
2441,"SUP002441","SUP-002441","Surat Industrial Supply Co. 2441","approved","Surat","Gujarat","India",30,75.0900,99.9000,"C","Y"
2442,"SUP002442","SUP-002442","Ranchi Industrial Supply Co. 2442","approved","Ranchi","Jharkhand","India",45,88.9600,94.2300,"B","Y"
2443,"SUP002443","SUP-002443","Kolkata Industrial Supply Co. 2443","approved","Kolkata","West Bengal","India",60,99.6200,92.5700,"B","Y"
2444,"SUP002444","SUP-002444","Ranchi Industrial Supply Co. 2444","approved","Ranchi","Jharkhand","India",30,85.2500,98.8100,"B","Y"
2445,"SUP002445","SUP-002445","Kolkata Industrial Supply Co. 2445","approved","Kolkata","West Bengal","India",30,83.1100,97.2600,"B","Y"
2446,"SUP002446","SUP-002446","Indore Industrial Supply Co. 2446","approved","Indore","Madhya Pradesh","India",30,99.8000,93.3600,"B","Y"
2447,"SUP002447","SUP-002447","Vijayawada Industrial Supply Co. 2447","spot","Vijayawada","Andhra Pradesh","India",30,81.0100,97.0700,"B","Y"
2448,"SUP002448","SUP-002448","Ahmedabad Industrial Supply Co. 2448","approved","Ahmedabad","Gujarat","India",45,85.9400,96.4400,"B","Y"
2449,"SUP002449","SUP-002449","Kolkata Industrial Supply Co. 2449","approved","Kolkata","West Bengal","India",45,94.5000,96.8600,"B","Y"
2450,"SUP002450","SUP-002450","Bengaluru Industrial Supply Co. 2450","spot","Bengaluru","Karnataka","India",45,91.6600,99.9000,"B","Y"
2451,"SUP002451","SUP-002451","Bengaluru Industrial Supply Co. 2451","approved","Bengaluru","Karnataka","India",60,99.8000,95.3300,"B","Y"
2452,"SUP002452","SUP-002452","Pune Industrial Supply Co. 2452","contract_manufacturer","Pune","Maharashtra","India",30,94.4100,98.9600,"A","Y"
2453,"SUP002453","SUP-002453","Ahmedabad Industrial Supply Co. 2453","approved","Ahmedabad","Gujarat","India",45,77.5900,97.4900,"C","Y"
2454,"SUP002454","SUP-002454","Mumbai Industrial Supply Co. 2454","contract_manufacturer","Mumbai","Maharashtra","India",30,78.7100,94.5900,"C","Y"
2455,"SUP002455","SUP-002455","Hyderabad Industrial Supply Co. 2455","strategic","Hyderabad","Telangana","India",30,91.1800,91.6700,"B","Y"
2456,"SUP002456","SUP-002456","Jaipur Industrial Supply Co. 2456","approved","Jaipur","Rajasthan","India",30,90.9400,90.2300,"C","Y"
2457,"SUP002457","SUP-002457","Mumbai Industrial Supply Co. 2457","approved","Mumbai","Maharashtra","India",45,97.4500,98.5700,"A","Y"
2458,"SUP002458","SUP-002458","Jaipur Industrial Supply Co. 2458","spot","Jaipur","Rajasthan","India",60,99.7900,99.9000,"A","Y"
2459,"SUP002459","SUP-002459","Mysuru Industrial Supply Co. 2459","approved","Mysuru","Karnataka","India",45,89.9000,99.1300,"B","Y"
2460,"SUP002460","SUP-002460","Vadodara Industrial Supply Co. 2460","approved","Vadodara","Gujarat","India",45,83.3800,99.4900,"B","Y"
2461,"SUP002461","SUP-002461","Mangaluru Industrial Supply Co. 2461","approved","Mangaluru","Karnataka","India",60,76.3500,97.3200,"C","Y"
2462,"SUP002462","SUP-002462","Delhi Industrial Supply Co. 2462","approved","Delhi","Delhi","India",45,75.9500,94.2000,"C","Y"
2463,"SUP002463","SUP-002463","Kolkata Industrial Supply Co. 2463","approved","Kolkata","West Bengal","India",30,95.8300,97.6900,"A","Y"
2464,"SUP002464","SUP-002464","Lucknow Industrial Supply Co. 2464","spot","Lucknow","Uttar Pradesh","India",45,77.8500,94.0000,"C","Y"
2465,"SUP002465","SUP-002465","Nashik Industrial Supply Co. 2465","contract_manufacturer","Nashik","Maharashtra","India",30,99.8000,98.3300,"A","Y"
2466,"SUP002466","SUP-002466","Pune Industrial Supply Co. 2466","approved","Pune","Maharashtra","India",45,90.8500,97.0100,"B","Y"
2467,"SUP002467","SUP-002467","Noida Industrial Supply Co. 2467","approved","Noida","Uttar Pradesh","India",30,79.6200,95.3100,"C","Y"
2468,"SUP002468","SUP-002468","Hyderabad Industrial Supply Co. 2468","strategic","Hyderabad","Telangana","India",45,86.4200,98.3900,"B","Y"
2469,"SUP002469","SUP-002469","Vadodara Industrial Supply Co. 2469","approved","Vadodara","Gujarat","India",30,83.6100,95.8500,"B","Y"
2470,"SUP002470","SUP-002470","Jaipur Industrial Supply Co. 2470","approved","Jaipur","Rajasthan","India",30,75.6600,95.1000,"C","Y"
2471,"SUP002471","SUP-002471","Ahmedabad Industrial Supply Co. 2471","approved","Ahmedabad","Gujarat","India",60,83.9500,97.5700,"B","Y"
2472,"SUP002472","SUP-002472","Delhi Industrial Supply Co. 2472","contract_manufacturer","Delhi","Delhi","India",30,65.7100,97.5600,"C","Y"
2473,"SUP002473","SUP-002473","Agra Industrial Supply Co. 2473","approved","Agra","Uttar Pradesh","India",45,95.6800,95.2000,"B","Y"
2474,"SUP002474","SUP-002474","Agra Industrial Supply Co. 2474","spot","Agra","Uttar Pradesh","India",45,88.3300,97.9100,"B","Y"
2475,"SUP002475","SUP-002475","Nagpur Industrial Supply Co. 2475","spot","Nagpur","Maharashtra","India",30,78.5600,94.9900,"C","Y"
2476,"SUP002476","SUP-002476","Vijayawada Industrial Supply Co. 2476","approved","Vijayawada","Andhra Pradesh","India",30,77.7200,91.7500,"C","Y"
2477,"SUP002477","SUP-002477","Mangaluru Industrial Supply Co. 2477","approved","Mangaluru","Karnataka","India",30,70.4300,92.9400,"C","Y"
2478,"SUP002478","SUP-002478","Noida Industrial Supply Co. 2478","approved","Noida","Uttar Pradesh","India",45,84.5900,98.0700,"B","Y"
2479,"SUP002479","SUP-002479","Mysuru Industrial Supply Co. 2479","approved","Mysuru","Karnataka","India",45,88.4900,97.8100,"B","Y"
2480,"SUP002480","SUP-002480","Hyderabad Industrial Supply Co. 2480","approved","Hyderabad","Telangana","India",30,90.3900,98.7200,"B","Y"
2481,"SUP002481","SUP-002481","Chandigarh Industrial Supply Co. 2481","strategic","Chandigarh","Chandigarh","India",30,99.8000,95.0800,"B","Y"
2482,"SUP002482","SUP-002482","Chandigarh Industrial Supply Co. 2482","approved","Chandigarh","Chandigarh","India",45,77.3000,97.5800,"C","Y"
2483,"SUP002483","SUP-002483","Noida Industrial Supply Co. 2483","approved","Noida","Uttar Pradesh","India",30,92.1400,98.2900,"A","Y"
2484,"SUP002484","SUP-002484","Indore Industrial Supply Co. 2484","approved","Indore","Madhya Pradesh","India",30,81.4100,93.4100,"B","Y"
2485,"SUP002485","SUP-002485","Vijayawada Industrial Supply Co. 2485","approved","Vijayawada","Andhra Pradesh","India",45,82.5200,94.1000,"B","Y"
2486,"SUP002486","SUP-002486","Chandigarh Industrial Supply Co. 2486","approved","Chandigarh","Chandigarh","India",45,99.5600,91.7700,"B","Y"
2487,"SUP002487","SUP-002487","Lucknow Industrial Supply Co. 2487","approved","Lucknow","Uttar Pradesh","India",30,83.8000,90.9900,"C","Y"
2488,"SUP002488","SUP-002488","Bhopal Industrial Supply Co. 2488","approved","Bhopal","Madhya Pradesh","India",45,91.5100,95.1600,"B","Y"
2489,"SUP002489","SUP-002489","Surat Industrial Supply Co. 2489","approved","Surat","Gujarat","India",45,93.1400,98.5300,"A","Y"
2490,"SUP002490","SUP-002490","Lucknow Industrial Supply Co. 2490","approved","Lucknow","Uttar Pradesh","India",45,92.9300,97.4400,"A","Y"
2491,"SUP002491","SUP-002491","Noida Industrial Supply Co. 2491","approved","Noida","Uttar Pradesh","India",30,84.3200,96.0600,"B","Y"
2492,"SUP002492","SUP-002492","Nashik Industrial Supply Co. 2492","strategic","Nashik","Maharashtra","India",30,94.6500,92.3000,"B","Y"
2493,"SUP002493","SUP-002493","Bhopal Industrial Supply Co. 2493","approved","Bhopal","Madhya Pradesh","India",15,99.1300,96.2700,"B","Y"
2494,"SUP002494","SUP-002494","Warangal Industrial Supply Co. 2494","contract_manufacturer","Warangal","Telangana","India",30,91.1500,99.9000,"B","Y"
2495,"SUP002495","SUP-002495","Bhubaneswar Industrial Supply Co. 2495","approved","Bhubaneswar","Odisha","India",30,96.3700,95.9300,"B","Y"
2496,"SUP002496","SUP-002496","Agra Industrial Supply Co. 2496","spot","Agra","Uttar Pradesh","India",30,70.4600,96.0500,"C","Y"
2497,"SUP002497","SUP-002497","Chandigarh Industrial Supply Co. 2497","spot","Chandigarh","Chandigarh","India",15,74.1900,94.7500,"C","Y"
2498,"SUP002498","SUP-002498","Ranchi Industrial Supply Co. 2498","approved","Ranchi","Jharkhand","India",30,74.2200,99.9000,"C","Y"
2499,"SUP002499","SUP-002499","Kolkata Industrial Supply Co. 2499","strategic","Kolkata","West Bengal","India",30,89.1600,99.9000,"B","Y"
2500,"SUP002500","SUP-002500","Agra Industrial Supply Co. 2500","strategic","Agra","Uttar Pradesh","India",60,89.2900,93.3000,"B","Y"
2501,"SUP002501","SUP-002501","Nagpur Industrial Supply Co. 2501","approved","Nagpur","Maharashtra","India",60,80.6400,94.5200,"B","Y"
2502,"SUP002502","SUP-002502","Pune Industrial Supply Co. 2502","approved","Pune","Maharashtra","India",30,82.7900,94.3300,"B","Y"
2503,"SUP002503","SUP-002503","Mysuru Industrial Supply Co. 2503","approved","Mysuru","Karnataka","India",30,75.1300,94.0200,"C","Y"
2504,"SUP002504","SUP-002504","Vadodara Industrial Supply Co. 2504","contract_manufacturer","Vadodara","Gujarat","India",30,93.1900,93.3200,"B","Y"
2505,"SUP002505","SUP-002505","Jaipur Industrial Supply Co. 2505","approved","Jaipur","Rajasthan","India",30,86.1100,96.3000,"B","Y"
2506,"SUP002506","SUP-002506","Mumbai Industrial Supply Co. 2506","approved","Mumbai","Maharashtra","India",60,95.4500,97.5600,"A","Y"
2507,"SUP002507","SUP-002507","Bhopal Industrial Supply Co. 2507","spot","Bhopal","Madhya Pradesh","India",60,80.2900,92.7600,"B","Y"
2508,"SUP002508","SUP-002508","Vijayawada Industrial Supply Co. 2508","approved","Vijayawada","Andhra Pradesh","India",30,82.7100,97.3300,"B","Y"
2509,"SUP002509","SUP-002509","Hyderabad Industrial Supply Co. 2509","spot","Hyderabad","Telangana","India",60,78.5300,98.1900,"C","Y"
2510,"SUP002510","SUP-002510","Ahmedabad Industrial Supply Co. 2510","approved","Ahmedabad","Gujarat","India",30,88.4800,96.8000,"B","Y"
2511,"SUP002511","SUP-002511","Mangaluru Industrial Supply Co. 2511","contract_manufacturer","Mangaluru","Karnataka","India",30,86.4300,95.1600,"B","Y"
2512,"SUP002512","SUP-002512","Hyderabad Industrial Supply Co. 2512","approved","Hyderabad","Telangana","India",30,89.2400,96.7300,"B","Y"
2513,"SUP002513","SUP-002513","Pune Industrial Supply Co. 2513","approved","Pune","Maharashtra","India",45,78.3900,94.0900,"C","Y"
2514,"SUP002514","SUP-002514","Bengaluru Industrial Supply Co. 2514","contract_manufacturer","Bengaluru","Karnataka","India",30,91.5800,99.9000,"B","Y"
2515,"SUP002515","SUP-002515","Pune Industrial Supply Co. 2515","contract_manufacturer","Pune","Maharashtra","India",15,99.8000,94.7800,"B","Y"
2516,"SUP002516","SUP-002516","Indore Industrial Supply Co. 2516","contract_manufacturer","Indore","Madhya Pradesh","India",45,75.1500,94.8600,"C","Y"
2517,"SUP002517","SUP-002517","Chandigarh Industrial Supply Co. 2517","strategic","Chandigarh","Chandigarh","India",30,74.7000,96.9100,"C","Y"
2518,"SUP002518","SUP-002518","Kolkata Industrial Supply Co. 2518","approved","Kolkata","West Bengal","India",60,75.1500,96.7400,"C","Y"
2519,"SUP002519","SUP-002519","Hyderabad Industrial Supply Co. 2519","contract_manufacturer","Hyderabad","Telangana","India",30,98.1500,95.2000,"B","Y"
2520,"SUP002520","SUP-002520","Indore Industrial Supply Co. 2520","strategic","Indore","Madhya Pradesh","India",45,89.6100,95.8200,"B","Y"
2521,"SUP002521","SUP-002521","Delhi Industrial Supply Co. 2521","contract_manufacturer","Delhi","Delhi","India",45,88.3400,99.7000,"B","Y"
2522,"SUP002522","SUP-002522","Nashik Industrial Supply Co. 2522","strategic","Nashik","Maharashtra","India",60,74.4800,99.6400,"C","Y"
2523,"SUP002523","SUP-002523","Bhubaneswar Industrial Supply Co. 2523","approved","Bhubaneswar","Odisha","India",30,78.8500,90.1800,"C","Y"
2524,"SUP002524","SUP-002524","Surat Industrial Supply Co. 2524","approved","Surat","Gujarat","India",30,59.0000,95.7800,"C","Y"
2525,"SUP002525","SUP-002525","Nagpur Industrial Supply Co. 2525","approved","Nagpur","Maharashtra","India",60,93.1100,97.6900,"A","Y"
2526,"SUP002526","SUP-002526","Jaipur Industrial Supply Co. 2526","spot","Jaipur","Rajasthan","India",60,87.2300,99.9000,"B","Y"
2527,"SUP002527","SUP-002527","Ahmedabad Industrial Supply Co. 2527","approved","Ahmedabad","Gujarat","India",45,83.2100,97.1400,"B","Y"
2528,"SUP002528","SUP-002528","Delhi Industrial Supply Co. 2528","spot","Delhi","Delhi","India",60,99.8000,98.3000,"A","Y"
2529,"SUP002529","SUP-002529","Noida Industrial Supply Co. 2529","approved","Noida","Uttar Pradesh","India",60,84.1700,98.2700,"B","Y"
2530,"SUP002530","SUP-002530","Ahmedabad Industrial Supply Co. 2530","contract_manufacturer","Ahmedabad","Gujarat","India",45,83.3800,98.6100,"B","Y"
2531,"SUP002531","SUP-002531","Kolkata Industrial Supply Co. 2531","approved","Kolkata","West Bengal","India",60,86.7200,98.6300,"B","Y"
2532,"SUP002532","SUP-002532","Mumbai Industrial Supply Co. 2532","spot","Mumbai","Maharashtra","India",30,82.6000,94.2200,"B","Y"
2533,"SUP002533","SUP-002533","Noida Industrial Supply Co. 2533","approved","Noida","Uttar Pradesh","India",30,79.6100,92.3600,"C","Y"
2534,"SUP002534","SUP-002534","Mangaluru Industrial Supply Co. 2534","approved","Mangaluru","Karnataka","India",45,95.1700,95.1100,"B","Y"
2535,"SUP002535","SUP-002535","Bengaluru Industrial Supply Co. 2535","approved","Bengaluru","Karnataka","India",30,96.0400,92.9400,"B","Y"
2536,"SUP002536","SUP-002536","Delhi Industrial Supply Co. 2536","contract_manufacturer","Delhi","Delhi","India",60,76.0500,97.9400,"C","Y"
2537,"SUP002537","SUP-002537","Bhopal Industrial Supply Co. 2537","spot","Bhopal","Madhya Pradesh","India",60,93.6900,97.2500,"A","Y"
2538,"SUP002538","SUP-002538","Mumbai Industrial Supply Co. 2538","strategic","Mumbai","Maharashtra","India",15,68.1100,94.5100,"C","Y"
2539,"SUP002539","SUP-002539","Jaipur Industrial Supply Co. 2539","approved","Jaipur","Rajasthan","India",45,91.5800,93.8600,"B","Y"
2540,"SUP002540","SUP-002540","Pune Industrial Supply Co. 2540","strategic","Pune","Maharashtra","India",30,84.5700,97.6300,"B","Y"
2541,"SUP002541","SUP-002541","Kolkata Industrial Supply Co. 2541","contract_manufacturer","Kolkata","West Bengal","India",45,98.9300,94.8100,"B","Y"
2542,"SUP002542","SUP-002542","Bhubaneswar Industrial Supply Co. 2542","approved","Bhubaneswar","Odisha","India",45,89.2500,96.9600,"B","Y"
2543,"SUP002543","SUP-002543","Indore Industrial Supply Co. 2543","spot","Indore","Madhya Pradesh","India",30,99.5200,95.5400,"B","Y"
2544,"SUP002544","SUP-002544","Mysuru Industrial Supply Co. 2544","strategic","Mysuru","Karnataka","India",60,78.5800,92.0700,"C","Y"
2545,"SUP002545","SUP-002545","Indore Industrial Supply Co. 2545","approved","Indore","Madhya Pradesh","India",15,99.8000,98.8700,"A","Y"
2546,"SUP002546","SUP-002546","Vijayawada Industrial Supply Co. 2546","strategic","Vijayawada","Andhra Pradesh","India",15,82.7900,89.4700,"C","Y"
2547,"SUP002547","SUP-002547","Pune Industrial Supply Co. 2547","spot","Pune","Maharashtra","India",45,80.6100,93.7300,"B","Y"
2548,"SUP002548","SUP-002548","Bhubaneswar Industrial Supply Co. 2548","approved","Bhubaneswar","Odisha","India",45,98.3200,96.2400,"B","Y"
2549,"SUP002549","SUP-002549","Chandigarh Industrial Supply Co. 2549","approved","Chandigarh","Chandigarh","India",30,85.2000,98.2300,"B","Y"
2550,"SUP002550","SUP-002550","Noida Industrial Supply Co. 2550","approved","Noida","Uttar Pradesh","India",30,70.5700,97.5600,"C","Y"
2551,"SUP002551","SUP-002551","Ahmedabad Industrial Supply Co. 2551","contract_manufacturer","Ahmedabad","Gujarat","India",30,81.6300,96.3800,"B","Y"
2552,"SUP002552","SUP-002552","Bhopal Industrial Supply Co. 2552","approved","Bhopal","Madhya Pradesh","India",30,88.8700,97.4100,"B","Y"
2553,"SUP002553","SUP-002553","Mangaluru Industrial Supply Co. 2553","approved","Mangaluru","Karnataka","India",45,90.9000,91.8100,"B","Y"
2554,"SUP002554","SUP-002554","Noida Industrial Supply Co. 2554","spot","Noida","Uttar Pradesh","India",60,94.0300,99.2900,"A","Y"
2555,"SUP002555","SUP-002555","Indore Industrial Supply Co. 2555","approved","Indore","Madhya Pradesh","India",60,92.8400,97.8900,"A","Y"
2556,"SUP002556","SUP-002556","Vijayawada Industrial Supply Co. 2556","strategic","Vijayawada","Andhra Pradesh","India",30,93.8500,95.6800,"B","Y"
2557,"SUP002557","SUP-002557","Nashik Industrial Supply Co. 2557","approved","Nashik","Maharashtra","India",30,76.2700,99.9000,"C","Y"
2558,"SUP002558","SUP-002558","Chandigarh Industrial Supply Co. 2558","approved","Chandigarh","Chandigarh","India",30,82.3500,96.0200,"B","Y"
2559,"SUP002559","SUP-002559","Delhi Industrial Supply Co. 2559","approved","Delhi","Delhi","India",45,79.6500,95.0100,"C","Y"
2560,"SUP002560","SUP-002560","Noida Industrial Supply Co. 2560","approved","Noida","Uttar Pradesh","India",45,77.5000,96.4100,"C","Y"
2561,"SUP002561","SUP-002561","Lucknow Industrial Supply Co. 2561","strategic","Lucknow","Uttar Pradesh","India",45,73.9000,95.1800,"C","Y"
2562,"SUP002562","SUP-002562","Pune Industrial Supply Co. 2562","strategic","Pune","Maharashtra","India",30,90.4300,99.8000,"B","Y"
2563,"SUP002563","SUP-002563","Ahmedabad Industrial Supply Co. 2563","approved","Ahmedabad","Gujarat","India",30,83.3900,96.0800,"B","Y"
2564,"SUP002564","SUP-002564","Chandigarh Industrial Supply Co. 2564","spot","Chandigarh","Chandigarh","India",45,99.3800,92.2400,"B","Y"
2565,"SUP002565","SUP-002565","Vadodara Industrial Supply Co. 2565","approved","Vadodara","Gujarat","India",45,95.2500,98.0900,"A","Y"
2566,"SUP002566","SUP-002566","Bhubaneswar Industrial Supply Co. 2566","contract_manufacturer","Bhubaneswar","Odisha","India",15,97.6300,96.6600,"B","Y"
2567,"SUP002567","SUP-002567","Lucknow Industrial Supply Co. 2567","approved","Lucknow","Uttar Pradesh","India",60,94.8000,96.3800,"B","Y"
2568,"SUP002568","SUP-002568","Jaipur Industrial Supply Co. 2568","strategic","Jaipur","Rajasthan","India",30,91.0600,91.9400,"B","Y"
2569,"SUP002569","SUP-002569","Mysuru Industrial Supply Co. 2569","spot","Mysuru","Karnataka","India",30,98.6500,94.2700,"B","Y"
2570,"SUP002570","SUP-002570","Surat Industrial Supply Co. 2570","strategic","Surat","Gujarat","India",30,99.3200,98.6400,"A","Y"
2571,"SUP002571","SUP-002571","Bengaluru Industrial Supply Co. 2571","approved","Bengaluru","Karnataka","India",30,96.6000,94.1300,"B","Y"
2572,"SUP002572","SUP-002572","Vijayawada Industrial Supply Co. 2572","strategic","Vijayawada","Andhra Pradesh","India",15,80.0300,97.7400,"B","Y"
2573,"SUP002573","SUP-002573","Nagpur Industrial Supply Co. 2573","approved","Nagpur","Maharashtra","India",30,98.4300,92.4100,"B","Y"
2574,"SUP002574","SUP-002574","Noida Industrial Supply Co. 2574","strategic","Noida","Uttar Pradesh","India",30,79.9600,95.1500,"C","Y"
2575,"SUP002575","SUP-002575","Kolkata Industrial Supply Co. 2575","spot","Kolkata","West Bengal","India",30,91.7200,93.7500,"B","Y"
2576,"SUP002576","SUP-002576","Ranchi Industrial Supply Co. 2576","strategic","Ranchi","Jharkhand","India",30,89.6000,97.0000,"B","Y"
2577,"SUP002577","SUP-002577","Bengaluru Industrial Supply Co. 2577","contract_manufacturer","Bengaluru","Karnataka","India",60,86.6900,98.3400,"B","Y"
2578,"SUP002578","SUP-002578","Nagpur Industrial Supply Co. 2578","strategic","Nagpur","Maharashtra","India",30,81.2900,99.9000,"B","Y"
2579,"SUP002579","SUP-002579","Pune Industrial Supply Co. 2579","approved","Pune","Maharashtra","India",30,78.8900,95.3100,"C","Y"
2580,"SUP002580","SUP-002580","Vadodara Industrial Supply Co. 2580","approved","Vadodara","Gujarat","India",15,74.3000,97.6900,"C","Y"
2581,"SUP002581","SUP-002581","Chandigarh Industrial Supply Co. 2581","strategic","Chandigarh","Chandigarh","India",30,80.9600,96.6700,"B","Y"
2582,"SUP002582","SUP-002582","Mangaluru Industrial Supply Co. 2582","approved","Mangaluru","Karnataka","India",30,81.9500,97.5100,"B","Y"
2583,"SUP002583","SUP-002583","Bengaluru Industrial Supply Co. 2583","strategic","Bengaluru","Karnataka","India",30,89.6600,96.7500,"B","Y"
2584,"SUP002584","SUP-002584","Indore Industrial Supply Co. 2584","approved","Indore","Madhya Pradesh","India",30,79.7700,99.9000,"C","Y"
2585,"SUP002585","SUP-002585","Bhopal Industrial Supply Co. 2585","approved","Bhopal","Madhya Pradesh","India",30,86.7700,99.1500,"B","Y"
2586,"SUP002586","SUP-002586","Delhi Industrial Supply Co. 2586","spot","Delhi","Delhi","India",60,88.6400,95.0100,"B","Y"
2587,"SUP002587","SUP-002587","Warangal Industrial Supply Co. 2587","approved","Warangal","Telangana","India",15,99.8000,95.8600,"B","Y"
2588,"SUP002588","SUP-002588","Jaipur Industrial Supply Co. 2588","approved","Jaipur","Rajasthan","India",60,81.4500,95.6100,"B","Y"
2589,"SUP002589","SUP-002589","Mysuru Industrial Supply Co. 2589","strategic","Mysuru","Karnataka","India",60,83.8500,93.9900,"B","Y"
2590,"SUP002590","SUP-002590","Ahmedabad Industrial Supply Co. 2590","approved","Ahmedabad","Gujarat","India",30,88.2900,96.1600,"B","Y"
2591,"SUP002591","SUP-002591","Indore Industrial Supply Co. 2591","contract_manufacturer","Indore","Madhya Pradesh","India",45,79.8600,97.7200,"C","Y"
2592,"SUP002592","SUP-002592","Kolkata Industrial Supply Co. 2592","approved","Kolkata","West Bengal","India",30,76.4500,96.9300,"C","Y"
2593,"SUP002593","SUP-002593","Bhubaneswar Industrial Supply Co. 2593","contract_manufacturer","Bhubaneswar","Odisha","India",30,97.2700,93.8800,"B","Y"
2594,"SUP002594","SUP-002594","Surat Industrial Supply Co. 2594","spot","Surat","Gujarat","India",30,96.3800,95.2600,"B","Y"
2595,"SUP002595","SUP-002595","Hyderabad Industrial Supply Co. 2595","approved","Hyderabad","Telangana","India",30,88.1000,99.9000,"B","Y"
2596,"SUP002596","SUP-002596","Mysuru Industrial Supply Co. 2596","approved","Mysuru","Karnataka","India",15,97.3000,96.6000,"B","Y"
2597,"SUP002597","SUP-002597","Surat Industrial Supply Co. 2597","strategic","Surat","Gujarat","India",45,76.9000,96.5000,"C","Y"
2598,"SUP002598","SUP-002598","Vijayawada Industrial Supply Co. 2598","approved","Vijayawada","Andhra Pradesh","India",45,99.8000,96.4800,"B","Y"
2599,"SUP002599","SUP-002599","Ahmedabad Industrial Supply Co. 2599","approved","Ahmedabad","Gujarat","India",60,75.2200,97.3600,"C","Y"
2600,"SUP002600","SUP-002600","Agra Industrial Supply Co. 2600","strategic","Agra","Uttar Pradesh","India",30,58.6100,94.0600,"C","Y"
2601,"SUP002601","SUP-002601","Nagpur Industrial Supply Co. 2601","approved","Nagpur","Maharashtra","India",30,94.4100,96.8400,"B","Y"
2602,"SUP002602","SUP-002602","Mysuru Industrial Supply Co. 2602","contract_manufacturer","Mysuru","Karnataka","India",45,97.2800,95.3100,"B","Y"
2603,"SUP002603","SUP-002603","Lucknow Industrial Supply Co. 2603","approved","Lucknow","Uttar Pradesh","India",60,88.6100,97.6600,"B","Y"
2604,"SUP002604","SUP-002604","Agra Industrial Supply Co. 2604","approved","Agra","Uttar Pradesh","India",45,84.6300,97.6400,"B","Y"
2605,"SUP002605","SUP-002605","Nagpur Industrial Supply Co. 2605","strategic","Nagpur","Maharashtra","India",30,84.9500,97.3000,"B","Y"
2606,"SUP002606","SUP-002606","Bengaluru Industrial Supply Co. 2606","strategic","Bengaluru","Karnataka","India",30,85.6700,93.1000,"B","Y"
2607,"SUP002607","SUP-002607","Noida Industrial Supply Co. 2607","approved","Noida","Uttar Pradesh","India",45,76.7100,99.4000,"C","Y"
2608,"SUP002608","SUP-002608","Jaipur Industrial Supply Co. 2608","approved","Jaipur","Rajasthan","India",45,99.8000,95.7600,"B","Y"
2609,"SUP002609","SUP-002609","Delhi Industrial Supply Co. 2609","strategic","Delhi","Delhi","India",60,86.4000,95.5700,"B","Y"
2610,"SUP002610","SUP-002610","Pune Industrial Supply Co. 2610","approved","Pune","Maharashtra","India",15,81.6800,97.6100,"B","Y"
2611,"SUP002611","SUP-002611","Bhubaneswar Industrial Supply Co. 2611","approved","Bhubaneswar","Odisha","India",30,72.7300,97.3400,"C","Y"
2612,"SUP002612","SUP-002612","Hyderabad Industrial Supply Co. 2612","approved","Hyderabad","Telangana","India",30,89.7400,98.7200,"B","Y"
2613,"SUP002613","SUP-002613","Mangaluru Industrial Supply Co. 2613","strategic","Mangaluru","Karnataka","India",60,96.6400,99.9000,"A","Y"
2614,"SUP002614","SUP-002614","Agra Industrial Supply Co. 2614","contract_manufacturer","Agra","Uttar Pradesh","India",60,80.1500,98.6600,"B","Y"
2615,"SUP002615","SUP-002615","Ahmedabad Industrial Supply Co. 2615","approved","Ahmedabad","Gujarat","India",30,99.7700,92.8200,"B","Y"
2616,"SUP002616","SUP-002616","Indore Industrial Supply Co. 2616","approved","Indore","Madhya Pradesh","India",45,82.8200,97.5700,"B","Y"
2617,"SUP002617","SUP-002617","Nagpur Industrial Supply Co. 2617","approved","Nagpur","Maharashtra","India",60,84.2100,94.5300,"B","Y"
2618,"SUP002618","SUP-002618","Kolkata Industrial Supply Co. 2618","approved","Kolkata","West Bengal","India",45,77.4000,94.1000,"C","Y"
2619,"SUP002619","SUP-002619","Kolkata Industrial Supply Co. 2619","spot","Kolkata","West Bengal","India",60,73.1600,98.3200,"C","Y"
2620,"SUP002620","SUP-002620","Nagpur Industrial Supply Co. 2620","approved","Nagpur","Maharashtra","India",45,93.2000,96.9100,"B","Y"
2621,"SUP002621","SUP-002621","Mumbai Industrial Supply Co. 2621","approved","Mumbai","Maharashtra","India",15,77.6000,92.0300,"C","Y"
2622,"SUP002622","SUP-002622","Jaipur Industrial Supply Co. 2622","approved","Jaipur","Rajasthan","India",30,74.1800,91.5000,"C","Y"
2623,"SUP002623","SUP-002623","Vijayawada Industrial Supply Co. 2623","approved","Vijayawada","Andhra Pradesh","India",45,91.3100,92.7200,"B","Y"
2624,"SUP002624","SUP-002624","Pune Industrial Supply Co. 2624","approved","Pune","Maharashtra","India",30,74.6000,95.6700,"C","Y"
2625,"SUP002625","SUP-002625","Pune Industrial Supply Co. 2625","strategic","Pune","Maharashtra","India",45,96.7700,95.7200,"B","Y"
2626,"SUP002626","SUP-002626","Bengaluru Industrial Supply Co. 2626","contract_manufacturer","Bengaluru","Karnataka","India",30,87.9300,97.4300,"B","Y"
2627,"SUP002627","SUP-002627","Noida Industrial Supply Co. 2627","approved","Noida","Uttar Pradesh","India",45,86.3300,99.3800,"B","Y"
2628,"SUP002628","SUP-002628","Nashik Industrial Supply Co. 2628","approved","Nashik","Maharashtra","India",45,77.6000,91.7500,"C","Y"
2629,"SUP002629","SUP-002629","Mysuru Industrial Supply Co. 2629","strategic","Mysuru","Karnataka","India",60,92.2500,97.3800,"A","Y"
2630,"SUP002630","SUP-002630","Vijayawada Industrial Supply Co. 2630","approved","Vijayawada","Andhra Pradesh","India",45,98.0500,99.9000,"A","Y"
2631,"SUP002631","SUP-002631","Bengaluru Industrial Supply Co. 2631","strategic","Bengaluru","Karnataka","India",45,94.0200,96.8800,"B","Y"
2632,"SUP002632","SUP-002632","Mysuru Industrial Supply Co. 2632","contract_manufacturer","Mysuru","Karnataka","India",30,80.8300,99.9000,"B","Y"
2633,"SUP002633","SUP-002633","Surat Industrial Supply Co. 2633","spot","Surat","Gujarat","India",45,75.2300,98.3000,"C","Y"
2634,"SUP002634","SUP-002634","Nashik Industrial Supply Co. 2634","approved","Nashik","Maharashtra","India",30,79.3400,98.4400,"C","Y"
2635,"SUP002635","SUP-002635","Mumbai Industrial Supply Co. 2635","approved","Mumbai","Maharashtra","India",30,64.7500,92.0400,"C","Y"
2636,"SUP002636","SUP-002636","Agra Industrial Supply Co. 2636","strategic","Agra","Uttar Pradesh","India",60,90.8200,96.9200,"B","Y"
2637,"SUP002637","SUP-002637","Mangaluru Industrial Supply Co. 2637","approved","Mangaluru","Karnataka","India",45,78.2000,97.0500,"C","Y"
2638,"SUP002638","SUP-002638","Nashik Industrial Supply Co. 2638","approved","Nashik","Maharashtra","India",15,78.4200,93.0400,"C","Y"
2639,"SUP002639","SUP-002639","Bengaluru Industrial Supply Co. 2639","approved","Bengaluru","Karnataka","India",45,91.7600,95.2900,"B","Y"
2640,"SUP002640","SUP-002640","Warangal Industrial Supply Co. 2640","approved","Warangal","Telangana","India",45,92.8100,92.1000,"B","Y"
2641,"SUP002641","SUP-002641","Bhubaneswar Industrial Supply Co. 2641","approved","Bhubaneswar","Odisha","India",15,91.8800,97.5200,"B","Y"
2642,"SUP002642","SUP-002642","Vadodara Industrial Supply Co. 2642","approved","Vadodara","Gujarat","India",30,87.8000,90.5800,"C","Y"
2643,"SUP002643","SUP-002643","Mysuru Industrial Supply Co. 2643","contract_manufacturer","Mysuru","Karnataka","India",45,99.8000,92.6700,"B","Y"
2644,"SUP002644","SUP-002644","Ahmedabad Industrial Supply Co. 2644","approved","Ahmedabad","Gujarat","India",45,99.8000,91.2700,"B","Y"
2645,"SUP002645","SUP-002645","Kolkata Industrial Supply Co. 2645","approved","Kolkata","West Bengal","India",45,82.9600,99.0800,"B","Y"
2646,"SUP002646","SUP-002646","Chandigarh Industrial Supply Co. 2646","approved","Chandigarh","Chandigarh","India",45,87.8300,94.7600,"B","Y"
2647,"SUP002647","SUP-002647","Ranchi Industrial Supply Co. 2647","approved","Ranchi","Jharkhand","India",30,99.8000,97.4400,"A","Y"
2648,"SUP002648","SUP-002648","Nagpur Industrial Supply Co. 2648","spot","Nagpur","Maharashtra","India",45,88.1400,93.2300,"B","Y"
2649,"SUP002649","SUP-002649","Vijayawada Industrial Supply Co. 2649","strategic","Vijayawada","Andhra Pradesh","India",30,86.8800,97.6800,"B","Y"
2650,"SUP002650","SUP-002650","Mangaluru Industrial Supply Co. 2650","strategic","Mangaluru","Karnataka","India",30,81.8200,96.3900,"B","Y"
2651,"SUP002651","SUP-002651","Bhubaneswar Industrial Supply Co. 2651","strategic","Bhubaneswar","Odisha","India",30,70.1500,98.2400,"C","Y"
2652,"SUP002652","SUP-002652","Jaipur Industrial Supply Co. 2652","contract_manufacturer","Jaipur","Rajasthan","India",15,99.8000,92.5900,"B","Y"
2653,"SUP002653","SUP-002653","Chandigarh Industrial Supply Co. 2653","spot","Chandigarh","Chandigarh","India",30,85.8400,96.9000,"B","Y"
2654,"SUP002654","SUP-002654","Vadodara Industrial Supply Co. 2654","approved","Vadodara","Gujarat","India",30,78.9500,95.6200,"C","Y"
2655,"SUP002655","SUP-002655","Jaipur Industrial Supply Co. 2655","strategic","Jaipur","Rajasthan","India",45,80.7200,91.4000,"B","Y"
2656,"SUP002656","SUP-002656","Warangal Industrial Supply Co. 2656","contract_manufacturer","Warangal","Telangana","India",60,82.9600,99.9000,"B","Y"
2657,"SUP002657","SUP-002657","Indore Industrial Supply Co. 2657","approved","Indore","Madhya Pradesh","India",45,84.6800,98.7400,"B","Y"
2658,"SUP002658","SUP-002658","Delhi Industrial Supply Co. 2658","approved","Delhi","Delhi","India",30,89.7900,95.2700,"B","Y"
2659,"SUP002659","SUP-002659","Agra Industrial Supply Co. 2659","strategic","Agra","Uttar Pradesh","India",45,75.6200,94.8500,"C","Y"
2660,"SUP002660","SUP-002660","Mumbai Industrial Supply Co. 2660","strategic","Mumbai","Maharashtra","India",45,89.5000,92.3500,"B","Y"
2661,"SUP002661","SUP-002661","Kolkata Industrial Supply Co. 2661","contract_manufacturer","Kolkata","West Bengal","India",60,76.0200,94.3800,"C","Y"
2662,"SUP002662","SUP-002662","Vijayawada Industrial Supply Co. 2662","contract_manufacturer","Vijayawada","Andhra Pradesh","India",45,89.2000,96.7500,"B","Y"
2663,"SUP002663","SUP-002663","Mumbai Industrial Supply Co. 2663","approved","Mumbai","Maharashtra","India",15,87.4000,95.6200,"B","Y"
2664,"SUP002664","SUP-002664","Vadodara Industrial Supply Co. 2664","spot","Vadodara","Gujarat","India",30,93.5600,97.5300,"A","Y"
2665,"SUP002665","SUP-002665","Jaipur Industrial Supply Co. 2665","spot","Jaipur","Rajasthan","India",30,83.2500,97.5100,"B","Y"
2666,"SUP002666","SUP-002666","Warangal Industrial Supply Co. 2666","contract_manufacturer","Warangal","Telangana","India",15,87.8200,94.0800,"B","Y"
2667,"SUP002667","SUP-002667","Lucknow Industrial Supply Co. 2667","approved","Lucknow","Uttar Pradesh","India",45,84.3900,97.5000,"B","Y"
2668,"SUP002668","SUP-002668","Kolkata Industrial Supply Co. 2668","approved","Kolkata","West Bengal","India",30,87.7100,99.2900,"B","Y"
2669,"SUP002669","SUP-002669","Bengaluru Industrial Supply Co. 2669","approved","Bengaluru","Karnataka","India",45,76.0900,92.5000,"C","Y"
2670,"SUP002670","SUP-002670","Bhopal Industrial Supply Co. 2670","approved","Bhopal","Madhya Pradesh","India",45,79.9800,97.3800,"C","Y"
2671,"SUP002671","SUP-002671","Bengaluru Industrial Supply Co. 2671","approved","Bengaluru","Karnataka","India",60,93.3600,95.5700,"B","Y"
2672,"SUP002672","SUP-002672","Mysuru Industrial Supply Co. 2672","strategic","Mysuru","Karnataka","India",30,93.0200,94.7900,"B","Y"
2673,"SUP002673","SUP-002673","Surat Industrial Supply Co. 2673","approved","Surat","Gujarat","India",45,72.8000,96.4400,"C","Y"
2674,"SUP002674","SUP-002674","Kolkata Industrial Supply Co. 2674","spot","Kolkata","West Bengal","India",45,82.4700,99.9000,"B","Y"
2675,"SUP002675","SUP-002675","Mumbai Industrial Supply Co. 2675","approved","Mumbai","Maharashtra","India",15,66.4900,93.8000,"C","Y"
2676,"SUP002676","SUP-002676","Vadodara Industrial Supply Co. 2676","spot","Vadodara","Gujarat","India",45,96.6300,90.5200,"C","Y"
2677,"SUP002677","SUP-002677","Bengaluru Industrial Supply Co. 2677","approved","Bengaluru","Karnataka","India",60,78.0900,98.3000,"C","Y"
2678,"SUP002678","SUP-002678","Chandigarh Industrial Supply Co. 2678","strategic","Chandigarh","Chandigarh","India",45,83.8100,96.6000,"B","Y"
2679,"SUP002679","SUP-002679","Vadodara Industrial Supply Co. 2679","contract_manufacturer","Vadodara","Gujarat","India",60,85.4300,91.4400,"B","Y"
2680,"SUP002680","SUP-002680","Vadodara Industrial Supply Co. 2680","approved","Vadodara","Gujarat","India",45,99.8000,93.5600,"B","Y"
2681,"SUP002681","SUP-002681","Mumbai Industrial Supply Co. 2681","approved","Mumbai","Maharashtra","India",45,99.8000,98.3500,"A","Y"
2682,"SUP002682","SUP-002682","Warangal Industrial Supply Co. 2682","approved","Warangal","Telangana","India",30,99.8000,95.7000,"B","Y"
2683,"SUP002683","SUP-002683","Ranchi Industrial Supply Co. 2683","approved","Ranchi","Jharkhand","India",45,91.6400,98.8400,"B","Y"
2684,"SUP002684","SUP-002684","Kolkata Industrial Supply Co. 2684","approved","Kolkata","West Bengal","India",30,87.7100,95.1000,"B","Y"
2685,"SUP002685","SUP-002685","Surat Industrial Supply Co. 2685","approved","Surat","Gujarat","India",45,95.4100,92.0400,"B","Y"
2686,"SUP002686","SUP-002686","Bengaluru Industrial Supply Co. 2686","spot","Bengaluru","Karnataka","India",45,89.2400,97.6400,"B","Y"
2687,"SUP002687","SUP-002687","Bhopal Industrial Supply Co. 2687","approved","Bhopal","Madhya Pradesh","India",30,81.3200,93.0500,"B","Y"
2688,"SUP002688","SUP-002688","Kolkata Industrial Supply Co. 2688","approved","Kolkata","West Bengal","India",30,77.9900,96.5300,"C","Y"
2689,"SUP002689","SUP-002689","Bhubaneswar Industrial Supply Co. 2689","approved","Bhubaneswar","Odisha","India",45,82.1900,92.7400,"B","Y"
2690,"SUP002690","SUP-002690","Delhi Industrial Supply Co. 2690","spot","Delhi","Delhi","India",60,88.5500,90.3400,"C","Y"
2691,"SUP002691","SUP-002691","Ahmedabad Industrial Supply Co. 2691","contract_manufacturer","Ahmedabad","Gujarat","India",60,75.7200,99.9000,"C","Y"
2692,"SUP002692","SUP-002692","Surat Industrial Supply Co. 2692","approved","Surat","Gujarat","India",15,80.0300,95.9700,"B","Y"
2693,"SUP002693","SUP-002693","Lucknow Industrial Supply Co. 2693","contract_manufacturer","Lucknow","Uttar Pradesh","India",30,93.3800,97.6000,"A","Y"
2694,"SUP002694","SUP-002694","Mangaluru Industrial Supply Co. 2694","strategic","Mangaluru","Karnataka","India",30,83.7000,92.4500,"B","Y"
2695,"SUP002695","SUP-002695","Kolkata Industrial Supply Co. 2695","approved","Kolkata","West Bengal","India",30,84.3400,91.4700,"B","Y"
2696,"SUP002696","SUP-002696","Chandigarh Industrial Supply Co. 2696","approved","Chandigarh","Chandigarh","India",15,82.0700,98.6200,"B","Y"
2697,"SUP002697","SUP-002697","Nagpur Industrial Supply Co. 2697","approved","Nagpur","Maharashtra","India",45,93.6900,92.1700,"B","Y"
2698,"SUP002698","SUP-002698","Warangal Industrial Supply Co. 2698","approved","Warangal","Telangana","India",30,87.2100,93.8600,"B","Y"
2699,"SUP002699","SUP-002699","Chandigarh Industrial Supply Co. 2699","approved","Chandigarh","Chandigarh","India",45,84.5600,99.2500,"B","Y"
2700,"SUP002700","SUP-002700","Pune Industrial Supply Co. 2700","approved","Pune","Maharashtra","India",30,68.1600,97.4100,"C","Y"
2701,"SUP002701","SUP-002701","Bhubaneswar Industrial Supply Co. 2701","approved","Bhubaneswar","Odisha","India",60,84.5800,95.7200,"B","Y"
2702,"SUP002702","SUP-002702","Vadodara Industrial Supply Co. 2702","approved","Vadodara","Gujarat","India",30,99.8000,99.9000,"A","Y"
2703,"SUP002703","SUP-002703","Surat Industrial Supply Co. 2703","contract_manufacturer","Surat","Gujarat","India",45,83.4000,94.4900,"B","Y"
2704,"SUP002704","SUP-002704","Warangal Industrial Supply Co. 2704","approved","Warangal","Telangana","India",30,86.5800,91.0800,"B","Y"
2705,"SUP002705","SUP-002705","Mumbai Industrial Supply Co. 2705","spot","Mumbai","Maharashtra","India",60,88.9100,92.6800,"B","Y"
2706,"SUP002706","SUP-002706","Bhopal Industrial Supply Co. 2706","strategic","Bhopal","Madhya Pradesh","India",30,85.1600,92.6000,"B","Y"
2707,"SUP002707","SUP-002707","Indore Industrial Supply Co. 2707","contract_manufacturer","Indore","Madhya Pradesh","India",30,84.7100,98.3800,"B","Y"
2708,"SUP002708","SUP-002708","Ahmedabad Industrial Supply Co. 2708","approved","Ahmedabad","Gujarat","India",60,95.4800,87.9400,"C","Y"
2709,"SUP002709","SUP-002709","Chandigarh Industrial Supply Co. 2709","approved","Chandigarh","Chandigarh","India",60,78.9800,97.3000,"C","Y"
2710,"SUP002710","SUP-002710","Mangaluru Industrial Supply Co. 2710","approved","Mangaluru","Karnataka","India",30,72.8200,93.3100,"C","Y"
2711,"SUP002711","SUP-002711","Jaipur Industrial Supply Co. 2711","approved","Jaipur","Rajasthan","India",45,99.3600,93.2000,"B","Y"
2712,"SUP002712","SUP-002712","Noida Industrial Supply Co. 2712","contract_manufacturer","Noida","Uttar Pradesh","India",30,86.1000,94.9700,"B","Y"
2713,"SUP002713","SUP-002713","Pune Industrial Supply Co. 2713","approved","Pune","Maharashtra","India",30,99.8000,99.9000,"A","Y"
2714,"SUP002714","SUP-002714","Bhopal Industrial Supply Co. 2714","approved","Bhopal","Madhya Pradesh","India",30,88.0200,94.9500,"B","Y"
2715,"SUP002715","SUP-002715","Vijayawada Industrial Supply Co. 2715","approved","Vijayawada","Andhra Pradesh","India",45,80.5000,95.1400,"B","Y"
2716,"SUP002716","SUP-002716","Agra Industrial Supply Co. 2716","approved","Agra","Uttar Pradesh","India",30,98.1700,95.6800,"B","Y"
2717,"SUP002717","SUP-002717","Mumbai Industrial Supply Co. 2717","approved","Mumbai","Maharashtra","India",60,76.7400,96.2900,"C","Y"
2718,"SUP002718","SUP-002718","Bhubaneswar Industrial Supply Co. 2718","approved","Bhubaneswar","Odisha","India",30,85.2500,98.9300,"B","Y"
2719,"SUP002719","SUP-002719","Ranchi Industrial Supply Co. 2719","approved","Ranchi","Jharkhand","India",45,89.9700,91.3500,"B","Y"
2720,"SUP002720","SUP-002720","Jaipur Industrial Supply Co. 2720","contract_manufacturer","Jaipur","Rajasthan","India",15,97.7700,93.0100,"B","Y"
2721,"SUP002721","SUP-002721","Kolkata Industrial Supply Co. 2721","strategic","Kolkata","West Bengal","India",30,93.8500,94.5800,"B","Y"
2722,"SUP002722","SUP-002722","Jaipur Industrial Supply Co. 2722","approved","Jaipur","Rajasthan","India",60,85.6800,93.4700,"B","Y"
2723,"SUP002723","SUP-002723","Mysuru Industrial Supply Co. 2723","approved","Mysuru","Karnataka","India",45,99.7200,97.5000,"A","Y"
2724,"SUP002724","SUP-002724","Vadodara Industrial Supply Co. 2724","approved","Vadodara","Gujarat","India",45,85.9100,96.0800,"B","Y"
2725,"SUP002725","SUP-002725","Ahmedabad Industrial Supply Co. 2725","approved","Ahmedabad","Gujarat","India",45,80.2100,96.1300,"B","Y"
2726,"SUP002726","SUP-002726","Chandigarh Industrial Supply Co. 2726","approved","Chandigarh","Chandigarh","India",30,95.3600,95.7400,"B","Y"
2727,"SUP002727","SUP-002727","Jaipur Industrial Supply Co. 2727","approved","Jaipur","Rajasthan","India",45,83.4900,97.0100,"B","Y"
2728,"SUP002728","SUP-002728","Hyderabad Industrial Supply Co. 2728","contract_manufacturer","Hyderabad","Telangana","India",45,81.1900,99.7300,"B","Y"
2729,"SUP002729","SUP-002729","Surat Industrial Supply Co. 2729","spot","Surat","Gujarat","India",45,84.2200,97.1100,"B","Y"
2730,"SUP002730","SUP-002730","Hyderabad Industrial Supply Co. 2730","spot","Hyderabad","Telangana","India",30,87.5500,95.6900,"B","Y"
2731,"SUP002731","SUP-002731","Mysuru Industrial Supply Co. 2731","approved","Mysuru","Karnataka","India",30,88.3900,99.3700,"B","Y"
2732,"SUP002732","SUP-002732","Pune Industrial Supply Co. 2732","contract_manufacturer","Pune","Maharashtra","India",60,73.1000,93.6900,"C","Y"
2733,"SUP002733","SUP-002733","Jaipur Industrial Supply Co. 2733","strategic","Jaipur","Rajasthan","India",15,81.5100,99.9000,"B","Y"
2734,"SUP002734","SUP-002734","Vadodara Industrial Supply Co. 2734","approved","Vadodara","Gujarat","India",60,69.7100,93.6900,"C","Y"
2735,"SUP002735","SUP-002735","Ahmedabad Industrial Supply Co. 2735","approved","Ahmedabad","Gujarat","India",60,86.1600,94.3100,"B","Y"
2736,"SUP002736","SUP-002736","Vijayawada Industrial Supply Co. 2736","approved","Vijayawada","Andhra Pradesh","India",30,83.7400,94.9600,"B","Y"
2737,"SUP002737","SUP-002737","Mysuru Industrial Supply Co. 2737","approved","Mysuru","Karnataka","India",15,81.1000,96.6700,"B","Y"
2738,"SUP002738","SUP-002738","Surat Industrial Supply Co. 2738","approved","Surat","Gujarat","India",30,72.5300,96.8300,"C","Y"
2739,"SUP002739","SUP-002739","Pune Industrial Supply Co. 2739","contract_manufacturer","Pune","Maharashtra","India",45,90.8600,99.0700,"B","Y"
2740,"SUP002740","SUP-002740","Hyderabad Industrial Supply Co. 2740","approved","Hyderabad","Telangana","India",15,95.1900,97.4000,"A","Y"
2741,"SUP002741","SUP-002741","Indore Industrial Supply Co. 2741","approved","Indore","Madhya Pradesh","India",60,77.4700,95.5500,"C","Y"
2742,"SUP002742","SUP-002742","Hyderabad Industrial Supply Co. 2742","approved","Hyderabad","Telangana","India",15,89.5600,99.0700,"B","Y"
2743,"SUP002743","SUP-002743","Chandigarh Industrial Supply Co. 2743","approved","Chandigarh","Chandigarh","India",30,87.2400,99.9000,"B","Y"
2744,"SUP002744","SUP-002744","Mangaluru Industrial Supply Co. 2744","approved","Mangaluru","Karnataka","India",45,98.2600,96.6200,"B","Y"
2745,"SUP002745","SUP-002745","Vadodara Industrial Supply Co. 2745","approved","Vadodara","Gujarat","India",60,68.7600,95.1900,"C","Y"
2746,"SUP002746","SUP-002746","Indore Industrial Supply Co. 2746","approved","Indore","Madhya Pradesh","India",60,74.8100,97.6200,"C","Y"
2747,"SUP002747","SUP-002747","Nashik Industrial Supply Co. 2747","strategic","Nashik","Maharashtra","India",30,92.6100,95.8100,"B","Y"
2748,"SUP002748","SUP-002748","Noida Industrial Supply Co. 2748","strategic","Noida","Uttar Pradesh","India",45,78.5000,94.9200,"C","Y"
2749,"SUP002749","SUP-002749","Nagpur Industrial Supply Co. 2749","approved","Nagpur","Maharashtra","India",45,85.2100,96.1300,"B","Y"
2750,"SUP002750","SUP-002750","Vijayawada Industrial Supply Co. 2750","spot","Vijayawada","Andhra Pradesh","India",30,80.6900,99.4300,"B","Y"
2751,"SUP002751","SUP-002751","Kolkata Industrial Supply Co. 2751","contract_manufacturer","Kolkata","West Bengal","India",30,61.7800,97.1600,"C","Y"
2752,"SUP002752","SUP-002752","Chandigarh Industrial Supply Co. 2752","contract_manufacturer","Chandigarh","Chandigarh","India",30,74.8100,97.6300,"C","Y"
2753,"SUP002753","SUP-002753","Kolkata Industrial Supply Co. 2753","contract_manufacturer","Kolkata","West Bengal","India",30,99.8000,95.6400,"B","Y"
2754,"SUP002754","SUP-002754","Jaipur Industrial Supply Co. 2754","approved","Jaipur","Rajasthan","India",30,96.0800,92.7100,"B","Y"
2755,"SUP002755","SUP-002755","Ranchi Industrial Supply Co. 2755","approved","Ranchi","Jharkhand","India",30,93.1700,95.9900,"B","Y"
2756,"SUP002756","SUP-002756","Ranchi Industrial Supply Co. 2756","approved","Ranchi","Jharkhand","India",60,85.3100,95.5800,"B","Y"
2757,"SUP002757","SUP-002757","Hyderabad Industrial Supply Co. 2757","approved","Hyderabad","Telangana","India",30,78.2800,99.9000,"C","Y"
2758,"SUP002758","SUP-002758","Vijayawada Industrial Supply Co. 2758","approved","Vijayawada","Andhra Pradesh","India",45,99.8000,97.5100,"A","Y"
2759,"SUP002759","SUP-002759","Mysuru Industrial Supply Co. 2759","approved","Mysuru","Karnataka","India",45,97.7600,99.1300,"A","Y"
2760,"SUP002760","SUP-002760","Bhubaneswar Industrial Supply Co. 2760","approved","Bhubaneswar","Odisha","India",45,91.3500,97.5700,"B","Y"
2761,"SUP002761","SUP-002761","Hyderabad Industrial Supply Co. 2761","contract_manufacturer","Hyderabad","Telangana","India",45,79.4800,98.3400,"C","Y"
2762,"SUP002762","SUP-002762","Mangaluru Industrial Supply Co. 2762","contract_manufacturer","Mangaluru","Karnataka","India",45,80.7300,98.6300,"B","Y"
2763,"SUP002763","SUP-002763","Ahmedabad Industrial Supply Co. 2763","spot","Ahmedabad","Gujarat","India",30,84.2400,99.9000,"B","Y"
2764,"SUP002764","SUP-002764","Bengaluru Industrial Supply Co. 2764","spot","Bengaluru","Karnataka","India",30,99.8000,94.6300,"B","Y"
2765,"SUP002765","SUP-002765","Agra Industrial Supply Co. 2765","approved","Agra","Uttar Pradesh","India",30,87.2700,92.7300,"B","Y"
2766,"SUP002766","SUP-002766","Pune Industrial Supply Co. 2766","approved","Pune","Maharashtra","India",15,76.7000,93.5500,"C","Y"
2767,"SUP002767","SUP-002767","Nagpur Industrial Supply Co. 2767","approved","Nagpur","Maharashtra","India",45,72.8200,98.4300,"C","Y"
2768,"SUP002768","SUP-002768","Nashik Industrial Supply Co. 2768","spot","Nashik","Maharashtra","India",45,98.0300,95.8500,"B","Y"
2769,"SUP002769","SUP-002769","Bhopal Industrial Supply Co. 2769","contract_manufacturer","Bhopal","Madhya Pradesh","India",45,72.0900,93.8800,"C","Y"
2770,"SUP002770","SUP-002770","Mumbai Industrial Supply Co. 2770","spot","Mumbai","Maharashtra","India",45,98.4900,93.1900,"B","Y"
2771,"SUP002771","SUP-002771","Jaipur Industrial Supply Co. 2771","spot","Jaipur","Rajasthan","India",30,85.4700,93.9100,"B","Y"
2772,"SUP002772","SUP-002772","Nagpur Industrial Supply Co. 2772","approved","Nagpur","Maharashtra","India",60,77.8800,96.4800,"C","Y"
2773,"SUP002773","SUP-002773","Hyderabad Industrial Supply Co. 2773","approved","Hyderabad","Telangana","India",30,99.8000,93.1800,"B","Y"
2774,"SUP002774","SUP-002774","Ahmedabad Industrial Supply Co. 2774","approved","Ahmedabad","Gujarat","India",30,93.9600,91.5700,"B","Y"
2775,"SUP002775","SUP-002775","Agra Industrial Supply Co. 2775","strategic","Agra","Uttar Pradesh","India",30,81.2000,92.8800,"B","Y"
2776,"SUP002776","SUP-002776","Vijayawada Industrial Supply Co. 2776","approved","Vijayawada","Andhra Pradesh","India",15,82.2100,94.8400,"B","Y"
2777,"SUP002777","SUP-002777","Bhopal Industrial Supply Co. 2777","approved","Bhopal","Madhya Pradesh","India",30,78.3600,94.7000,"C","Y"
2778,"SUP002778","SUP-002778","Bengaluru Industrial Supply Co. 2778","contract_manufacturer","Bengaluru","Karnataka","India",30,97.8400,94.8700,"B","Y"
2779,"SUP002779","SUP-002779","Bhopal Industrial Supply Co. 2779","spot","Bhopal","Madhya Pradesh","India",15,89.0100,93.8700,"B","Y"
2780,"SUP002780","SUP-002780","Mangaluru Industrial Supply Co. 2780","approved","Mangaluru","Karnataka","India",45,83.9600,94.9800,"B","Y"
2781,"SUP002781","SUP-002781","Lucknow Industrial Supply Co. 2781","contract_manufacturer","Lucknow","Uttar Pradesh","India",60,90.5900,94.9900,"B","Y"
2782,"SUP002782","SUP-002782","Bhubaneswar Industrial Supply Co. 2782","approved","Bhubaneswar","Odisha","India",45,80.6600,97.5000,"B","Y"
2783,"SUP002783","SUP-002783","Mysuru Industrial Supply Co. 2783","contract_manufacturer","Mysuru","Karnataka","India",30,89.5400,94.4600,"B","Y"
2784,"SUP002784","SUP-002784","Mumbai Industrial Supply Co. 2784","approved","Mumbai","Maharashtra","India",30,87.1000,92.2800,"B","Y"
2785,"SUP002785","SUP-002785","Kolkata Industrial Supply Co. 2785","spot","Kolkata","West Bengal","India",45,99.8000,92.4400,"B","Y"
2786,"SUP002786","SUP-002786","Agra Industrial Supply Co. 2786","approved","Agra","Uttar Pradesh","India",30,93.2900,96.3400,"B","Y"
2787,"SUP002787","SUP-002787","Indore Industrial Supply Co. 2787","spot","Indore","Madhya Pradesh","India",45,90.3400,97.9400,"B","Y"
2788,"SUP002788","SUP-002788","Agra Industrial Supply Co. 2788","spot","Agra","Uttar Pradesh","India",45,90.9100,94.2200,"B","Y"
2789,"SUP002789","SUP-002789","Noida Industrial Supply Co. 2789","spot","Noida","Uttar Pradesh","India",60,85.5300,99.9000,"B","Y"
2790,"SUP002790","SUP-002790","Delhi Industrial Supply Co. 2790","spot","Delhi","Delhi","India",30,99.8000,99.9000,"A","Y"
2791,"SUP002791","SUP-002791","Delhi Industrial Supply Co. 2791","approved","Delhi","Delhi","India",30,76.8900,91.9600,"C","Y"
2792,"SUP002792","SUP-002792","Kolkata Industrial Supply Co. 2792","strategic","Kolkata","West Bengal","India",60,89.9800,96.5100,"B","Y"
2793,"SUP002793","SUP-002793","Bengaluru Industrial Supply Co. 2793","approved","Bengaluru","Karnataka","India",30,94.6100,90.9500,"C","Y"
2794,"SUP002794","SUP-002794","Nagpur Industrial Supply Co. 2794","approved","Nagpur","Maharashtra","India",45,84.9900,93.7300,"B","Y"
2795,"SUP002795","SUP-002795","Agra Industrial Supply Co. 2795","approved","Agra","Uttar Pradesh","India",30,73.2300,92.6700,"C","Y"
2796,"SUP002796","SUP-002796","Warangal Industrial Supply Co. 2796","approved","Warangal","Telangana","India",60,99.8000,96.3200,"B","Y"
2797,"SUP002797","SUP-002797","Mangaluru Industrial Supply Co. 2797","strategic","Mangaluru","Karnataka","India",30,88.7400,97.3200,"B","Y"
2798,"SUP002798","SUP-002798","Indore Industrial Supply Co. 2798","approved","Indore","Madhya Pradesh","India",45,96.0100,95.5100,"B","Y"
2799,"SUP002799","SUP-002799","Mysuru Industrial Supply Co. 2799","approved","Mysuru","Karnataka","India",45,84.1500,92.2800,"B","Y"
2800,"SUP002800","SUP-002800","Mangaluru Industrial Supply Co. 2800","strategic","Mangaluru","Karnataka","India",30,88.4000,96.1700,"B","Y"
2801,"SUP002801","SUP-002801","Indore Industrial Supply Co. 2801","strategic","Indore","Madhya Pradesh","India",15,87.7900,92.6300,"B","Y"
2802,"SUP002802","SUP-002802","Bengaluru Industrial Supply Co. 2802","strategic","Bengaluru","Karnataka","India",45,83.8600,99.8100,"B","Y"
2803,"SUP002803","SUP-002803","Warangal Industrial Supply Co. 2803","approved","Warangal","Telangana","India",30,80.8600,99.9000,"B","Y"
2804,"SUP002804","SUP-002804","Hyderabad Industrial Supply Co. 2804","contract_manufacturer","Hyderabad","Telangana","India",45,95.8900,92.5200,"B","Y"
2805,"SUP002805","SUP-002805","Hyderabad Industrial Supply Co. 2805","approved","Hyderabad","Telangana","India",45,87.0500,96.7100,"B","Y"
2806,"SUP002806","SUP-002806","Lucknow Industrial Supply Co. 2806","strategic","Lucknow","Uttar Pradesh","India",45,81.8300,95.5200,"B","Y"
2807,"SUP002807","SUP-002807","Nagpur Industrial Supply Co. 2807","strategic","Nagpur","Maharashtra","India",30,99.8000,96.2700,"B","Y"
2808,"SUP002808","SUP-002808","Jaipur Industrial Supply Co. 2808","approved","Jaipur","Rajasthan","India",60,76.7800,93.2000,"C","Y"
2809,"SUP002809","SUP-002809","Vijayawada Industrial Supply Co. 2809","contract_manufacturer","Vijayawada","Andhra Pradesh","India",30,99.1000,93.9800,"B","Y"
2810,"SUP002810","SUP-002810","Warangal Industrial Supply Co. 2810","contract_manufacturer","Warangal","Telangana","India",30,60.7400,98.5100,"C","Y"
2811,"SUP002811","SUP-002811","Nagpur Industrial Supply Co. 2811","contract_manufacturer","Nagpur","Maharashtra","India",30,87.9300,92.2500,"B","Y"
2812,"SUP002812","SUP-002812","Warangal Industrial Supply Co. 2812","strategic","Warangal","Telangana","India",30,99.8000,97.0400,"A","Y"
2813,"SUP002813","SUP-002813","Indore Industrial Supply Co. 2813","strategic","Indore","Madhya Pradesh","India",60,83.7300,99.9000,"B","Y"
2814,"SUP002814","SUP-002814","Bhubaneswar Industrial Supply Co. 2814","approved","Bhubaneswar","Odisha","India",45,80.7800,93.7200,"B","Y"
2815,"SUP002815","SUP-002815","Delhi Industrial Supply Co. 2815","approved","Delhi","Delhi","India",45,90.2400,91.7700,"B","Y"
2816,"SUP002816","SUP-002816","Nagpur Industrial Supply Co. 2816","spot","Nagpur","Maharashtra","India",30,74.7200,94.2200,"C","Y"
2817,"SUP002817","SUP-002817","Ranchi Industrial Supply Co. 2817","approved","Ranchi","Jharkhand","India",30,76.0600,97.6500,"C","Y"
2818,"SUP002818","SUP-002818","Vijayawada Industrial Supply Co. 2818","approved","Vijayawada","Andhra Pradesh","India",45,99.8000,95.4500,"B","Y"
2819,"SUP002819","SUP-002819","Nashik Industrial Supply Co. 2819","spot","Nashik","Maharashtra","India",30,94.5100,95.4100,"B","Y"
2820,"SUP002820","SUP-002820","Mangaluru Industrial Supply Co. 2820","approved","Mangaluru","Karnataka","India",60,83.3600,96.6300,"B","Y"
2821,"SUP002821","SUP-002821","Vadodara Industrial Supply Co. 2821","spot","Vadodara","Gujarat","India",30,79.6300,90.6800,"C","Y"
2822,"SUP002822","SUP-002822","Nagpur Industrial Supply Co. 2822","approved","Nagpur","Maharashtra","India",15,84.4400,95.7700,"B","Y"
2823,"SUP002823","SUP-002823","Surat Industrial Supply Co. 2823","approved","Surat","Gujarat","India",30,79.4000,90.8000,"C","Y"
2824,"SUP002824","SUP-002824","Bhubaneswar Industrial Supply Co. 2824","approved","Bhubaneswar","Odisha","India",30,95.6300,96.1500,"B","Y"
2825,"SUP002825","SUP-002825","Vijayawada Industrial Supply Co. 2825","approved","Vijayawada","Andhra Pradesh","India",45,79.8800,95.8600,"C","Y"
2826,"SUP002826","SUP-002826","Nagpur Industrial Supply Co. 2826","approved","Nagpur","Maharashtra","India",45,96.6600,93.3600,"B","Y"
2827,"SUP002827","SUP-002827","Surat Industrial Supply Co. 2827","approved","Surat","Gujarat","India",30,87.5000,93.2400,"B","Y"
2828,"SUP002828","SUP-002828","Bhopal Industrial Supply Co. 2828","approved","Bhopal","Madhya Pradesh","India",45,80.0000,95.9900,"B","Y"
2829,"SUP002829","SUP-002829","Nagpur Industrial Supply Co. 2829","approved","Nagpur","Maharashtra","India",45,78.7700,96.1400,"C","Y"
2830,"SUP002830","SUP-002830","Hyderabad Industrial Supply Co. 2830","approved","Hyderabad","Telangana","India",60,77.1100,96.5400,"C","Y"
2831,"SUP002831","SUP-002831","Warangal Industrial Supply Co. 2831","approved","Warangal","Telangana","India",45,82.8100,99.9000,"B","Y"
2832,"SUP002832","SUP-002832","Hyderabad Industrial Supply Co. 2832","approved","Hyderabad","Telangana","India",30,93.5000,99.9000,"A","Y"
2833,"SUP002833","SUP-002833","Kolkata Industrial Supply Co. 2833","contract_manufacturer","Kolkata","West Bengal","India",60,95.3400,94.2700,"B","Y"
2834,"SUP002834","SUP-002834","Kolkata Industrial Supply Co. 2834","strategic","Kolkata","West Bengal","India",30,79.7400,99.9000,"C","Y"
2835,"SUP002835","SUP-002835","Bhopal Industrial Supply Co. 2835","approved","Bhopal","Madhya Pradesh","India",60,95.0400,93.3700,"B","Y"
2836,"SUP002836","SUP-002836","Ranchi Industrial Supply Co. 2836","approved","Ranchi","Jharkhand","India",45,82.7900,95.9500,"B","Y"
2837,"SUP002837","SUP-002837","Noida Industrial Supply Co. 2837","approved","Noida","Uttar Pradesh","India",30,97.7600,95.7800,"B","Y"
2838,"SUP002838","SUP-002838","Pune Industrial Supply Co. 2838","approved","Pune","Maharashtra","India",60,84.0400,90.5500,"C","Y"
2839,"SUP002839","SUP-002839","Ranchi Industrial Supply Co. 2839","strategic","Ranchi","Jharkhand","India",30,90.3100,93.0500,"B","Y"
2840,"SUP002840","SUP-002840","Pune Industrial Supply Co. 2840","strategic","Pune","Maharashtra","India",60,78.2600,94.0800,"C","Y"
2841,"SUP002841","SUP-002841","Vadodara Industrial Supply Co. 2841","approved","Vadodara","Gujarat","India",30,99.8000,94.2000,"B","Y"
2842,"SUP002842","SUP-002842","Lucknow Industrial Supply Co. 2842","spot","Lucknow","Uttar Pradesh","India",45,98.6000,95.0200,"B","Y"
2843,"SUP002843","SUP-002843","Nashik Industrial Supply Co. 2843","strategic","Nashik","Maharashtra","India",30,85.7300,96.4000,"B","Y"
2844,"SUP002844","SUP-002844","Jaipur Industrial Supply Co. 2844","approved","Jaipur","Rajasthan","India",60,84.0500,93.0900,"B","Y"
2845,"SUP002845","SUP-002845","Chandigarh Industrial Supply Co. 2845","approved","Chandigarh","Chandigarh","India",30,96.6200,99.9000,"A","Y"
2846,"SUP002846","SUP-002846","Chandigarh Industrial Supply Co. 2846","strategic","Chandigarh","Chandigarh","India",45,95.7300,90.3500,"C","Y"
2847,"SUP002847","SUP-002847","Vadodara Industrial Supply Co. 2847","spot","Vadodara","Gujarat","India",45,86.4900,94.8400,"B","Y"
2848,"SUP002848","SUP-002848","Nagpur Industrial Supply Co. 2848","approved","Nagpur","Maharashtra","India",60,98.7600,99.9000,"A","Y"
2849,"SUP002849","SUP-002849","Bhopal Industrial Supply Co. 2849","approved","Bhopal","Madhya Pradesh","India",45,80.6900,92.4500,"B","Y"
2850,"SUP002850","SUP-002850","Warangal Industrial Supply Co. 2850","approved","Warangal","Telangana","India",45,99.8000,96.2400,"B","Y"
2851,"SUP002851","SUP-002851","Hyderabad Industrial Supply Co. 2851","approved","Hyderabad","Telangana","India",45,81.4000,99.4800,"B","Y"
2852,"SUP002852","SUP-002852","Kolkata Industrial Supply Co. 2852","approved","Kolkata","West Bengal","India",30,74.5900,99.9000,"C","Y"
2853,"SUP002853","SUP-002853","Ahmedabad Industrial Supply Co. 2853","approved","Ahmedabad","Gujarat","India",45,99.3600,96.2700,"B","Y"
2854,"SUP002854","SUP-002854","Nashik Industrial Supply Co. 2854","approved","Nashik","Maharashtra","India",15,90.8800,93.4300,"B","Y"
2855,"SUP002855","SUP-002855","Vadodara Industrial Supply Co. 2855","contract_manufacturer","Vadodara","Gujarat","India",30,86.0400,93.5100,"B","Y"
2856,"SUP002856","SUP-002856","Mumbai Industrial Supply Co. 2856","approved","Mumbai","Maharashtra","India",45,81.7900,96.7200,"B","Y"
2857,"SUP002857","SUP-002857","Warangal Industrial Supply Co. 2857","approved","Warangal","Telangana","India",45,83.2100,95.9600,"B","Y"
2858,"SUP002858","SUP-002858","Warangal Industrial Supply Co. 2858","approved","Warangal","Telangana","India",30,77.4400,98.5500,"C","Y"
2859,"SUP002859","SUP-002859","Surat Industrial Supply Co. 2859","approved","Surat","Gujarat","India",15,73.5500,96.4500,"C","Y"
2860,"SUP002860","SUP-002860","Agra Industrial Supply Co. 2860","contract_manufacturer","Agra","Uttar Pradesh","India",30,98.9500,95.9700,"B","Y"
2861,"SUP002861","SUP-002861","Agra Industrial Supply Co. 2861","contract_manufacturer","Agra","Uttar Pradesh","India",30,87.9100,95.8000,"B","Y"
2862,"SUP002862","SUP-002862","Warangal Industrial Supply Co. 2862","strategic","Warangal","Telangana","India",30,86.5800,99.2300,"B","Y"
2863,"SUP002863","SUP-002863","Noida Industrial Supply Co. 2863","contract_manufacturer","Noida","Uttar Pradesh","India",60,85.7200,96.3000,"B","Y"
2864,"SUP002864","SUP-002864","Pune Industrial Supply Co. 2864","contract_manufacturer","Pune","Maharashtra","India",30,86.8200,95.8600,"B","Y"
2865,"SUP002865","SUP-002865","Bhubaneswar Industrial Supply Co. 2865","spot","Bhubaneswar","Odisha","India",30,92.9500,95.7600,"B","Y"
2866,"SUP002866","SUP-002866","Delhi Industrial Supply Co. 2866","strategic","Delhi","Delhi","India",60,87.5100,99.9000,"B","Y"
2867,"SUP002867","SUP-002867","Pune Industrial Supply Co. 2867","approved","Pune","Maharashtra","India",60,84.2600,96.4100,"B","Y"
2868,"SUP002868","SUP-002868","Chandigarh Industrial Supply Co. 2868","approved","Chandigarh","Chandigarh","India",30,84.7000,95.9100,"B","Y"
2869,"SUP002869","SUP-002869","Ahmedabad Industrial Supply Co. 2869","approved","Ahmedabad","Gujarat","India",45,86.9000,97.0100,"B","Y"
2870,"SUP002870","SUP-002870","Mangaluru Industrial Supply Co. 2870","approved","Mangaluru","Karnataka","India",45,79.9700,97.1600,"C","Y"
2871,"SUP002871","SUP-002871","Delhi Industrial Supply Co. 2871","contract_manufacturer","Delhi","Delhi","India",60,74.4800,99.9000,"C","Y"
2872,"SUP002872","SUP-002872","Kolkata Industrial Supply Co. 2872","spot","Kolkata","West Bengal","India",30,92.3200,92.5200,"B","Y"
2873,"SUP002873","SUP-002873","Mysuru Industrial Supply Co. 2873","strategic","Mysuru","Karnataka","India",15,74.3400,99.1200,"C","Y"
2874,"SUP002874","SUP-002874","Kolkata Industrial Supply Co. 2874","strategic","Kolkata","West Bengal","India",30,92.6500,91.9800,"B","Y"
2875,"SUP002875","SUP-002875","Pune Industrial Supply Co. 2875","strategic","Pune","Maharashtra","India",30,94.1700,97.4600,"A","Y"
2876,"SUP002876","SUP-002876","Kolkata Industrial Supply Co. 2876","approved","Kolkata","West Bengal","India",60,85.0800,94.4400,"B","Y"
2877,"SUP002877","SUP-002877","Nashik Industrial Supply Co. 2877","strategic","Nashik","Maharashtra","India",60,91.3800,93.2300,"B","Y"
2878,"SUP002878","SUP-002878","Chandigarh Industrial Supply Co. 2878","approved","Chandigarh","Chandigarh","India",45,71.7300,91.5700,"C","Y"
2879,"SUP002879","SUP-002879","Ranchi Industrial Supply Co. 2879","strategic","Ranchi","Jharkhand","India",30,99.3400,99.9000,"A","Y"
2880,"SUP002880","SUP-002880","Surat Industrial Supply Co. 2880","spot","Surat","Gujarat","India",30,91.4900,91.8800,"B","Y"
2881,"SUP002881","SUP-002881","Mysuru Industrial Supply Co. 2881","approved","Mysuru","Karnataka","India",30,87.8600,98.0700,"B","Y"
2882,"SUP002882","SUP-002882","Chandigarh Industrial Supply Co. 2882","approved","Chandigarh","Chandigarh","India",30,89.6400,95.5600,"B","Y"
2883,"SUP002883","SUP-002883","Warangal Industrial Supply Co. 2883","approved","Warangal","Telangana","India",30,78.1300,95.7300,"C","Y"
2884,"SUP002884","SUP-002884","Ahmedabad Industrial Supply Co. 2884","approved","Ahmedabad","Gujarat","India",60,99.8000,91.6600,"B","Y"
2885,"SUP002885","SUP-002885","Nashik Industrial Supply Co. 2885","spot","Nashik","Maharashtra","India",60,82.9100,97.9300,"B","Y"
2886,"SUP002886","SUP-002886","Nagpur Industrial Supply Co. 2886","strategic","Nagpur","Maharashtra","India",15,81.0300,96.8500,"B","Y"
2887,"SUP002887","SUP-002887","Chandigarh Industrial Supply Co. 2887","approved","Chandigarh","Chandigarh","India",45,97.2100,99.6300,"A","Y"
2888,"SUP002888","SUP-002888","Ahmedabad Industrial Supply Co. 2888","approved","Ahmedabad","Gujarat","India",45,91.0700,96.4600,"B","Y"
2889,"SUP002889","SUP-002889","Pune Industrial Supply Co. 2889","approved","Pune","Maharashtra","India",30,81.7700,96.6300,"B","Y"
2890,"SUP002890","SUP-002890","Agra Industrial Supply Co. 2890","strategic","Agra","Uttar Pradesh","India",60,86.3800,92.7100,"B","Y"
2891,"SUP002891","SUP-002891","Ahmedabad Industrial Supply Co. 2891","contract_manufacturer","Ahmedabad","Gujarat","India",30,99.8000,96.0800,"B","Y"
2892,"SUP002892","SUP-002892","Indore Industrial Supply Co. 2892","strategic","Indore","Madhya Pradesh","India",45,91.7400,95.9100,"B","Y"
2893,"SUP002893","SUP-002893","Bhopal Industrial Supply Co. 2893","approved","Bhopal","Madhya Pradesh","India",45,93.9000,95.0200,"B","Y"
2894,"SUP002894","SUP-002894","Kolkata Industrial Supply Co. 2894","contract_manufacturer","Kolkata","West Bengal","India",30,88.0700,94.2400,"B","Y"
2895,"SUP002895","SUP-002895","Bhubaneswar Industrial Supply Co. 2895","contract_manufacturer","Bhubaneswar","Odisha","India",45,87.7300,99.5400,"B","Y"
2896,"SUP002896","SUP-002896","Mysuru Industrial Supply Co. 2896","strategic","Mysuru","Karnataka","India",30,91.2100,99.6700,"B","Y"
2897,"SUP002897","SUP-002897","Bhubaneswar Industrial Supply Co. 2897","contract_manufacturer","Bhubaneswar","Odisha","India",30,78.4900,96.4700,"C","Y"
2898,"SUP002898","SUP-002898","Kolkata Industrial Supply Co. 2898","spot","Kolkata","West Bengal","India",45,94.1600,95.6700,"B","Y"
2899,"SUP002899","SUP-002899","Indore Industrial Supply Co. 2899","approved","Indore","Madhya Pradesh","India",30,85.8100,99.9000,"B","Y"
2900,"SUP002900","SUP-002900","Mumbai Industrial Supply Co. 2900","approved","Mumbai","Maharashtra","India",60,90.6500,91.7400,"B","Y"
2901,"SUP002901","SUP-002901","Vijayawada Industrial Supply Co. 2901","spot","Vijayawada","Andhra Pradesh","India",15,89.1100,95.1900,"B","Y"
2902,"SUP002902","SUP-002902","Mysuru Industrial Supply Co. 2902","approved","Mysuru","Karnataka","India",45,83.9500,99.9000,"B","Y"
2903,"SUP002903","SUP-002903","Hyderabad Industrial Supply Co. 2903","approved","Hyderabad","Telangana","India",15,93.3000,96.4400,"B","Y"
2904,"SUP002904","SUP-002904","Chandigarh Industrial Supply Co. 2904","contract_manufacturer","Chandigarh","Chandigarh","India",30,79.4600,99.9000,"C","Y"
2905,"SUP002905","SUP-002905","Jaipur Industrial Supply Co. 2905","spot","Jaipur","Rajasthan","India",30,77.4800,95.6200,"C","Y"
2906,"SUP002906","SUP-002906","Bhopal Industrial Supply Co. 2906","spot","Bhopal","Madhya Pradesh","India",60,93.1400,97.7300,"A","Y"
2907,"SUP002907","SUP-002907","Jaipur Industrial Supply Co. 2907","spot","Jaipur","Rajasthan","India",45,99.8000,97.8800,"A","Y"
2908,"SUP002908","SUP-002908","Bengaluru Industrial Supply Co. 2908","approved","Bengaluru","Karnataka","India",30,99.8000,97.2000,"A","Y"
2909,"SUP002909","SUP-002909","Hyderabad Industrial Supply Co. 2909","strategic","Hyderabad","Telangana","India",60,93.1600,99.9000,"A","Y"
2910,"SUP002910","SUP-002910","Nashik Industrial Supply Co. 2910","contract_manufacturer","Nashik","Maharashtra","India",45,87.8300,95.1500,"B","Y"
2911,"SUP002911","SUP-002911","Bengaluru Industrial Supply Co. 2911","approved","Bengaluru","Karnataka","India",45,97.6600,98.3000,"A","Y"
2912,"SUP002912","SUP-002912","Vadodara Industrial Supply Co. 2912","approved","Vadodara","Gujarat","India",45,90.5900,97.3900,"B","Y"
2913,"SUP002913","SUP-002913","Pune Industrial Supply Co. 2913","strategic","Pune","Maharashtra","India",60,94.1100,91.5600,"B","Y"
2914,"SUP002914","SUP-002914","Pune Industrial Supply Co. 2914","approved","Pune","Maharashtra","India",45,99.8000,98.5200,"A","Y"
2915,"SUP002915","SUP-002915","Lucknow Industrial Supply Co. 2915","approved","Lucknow","Uttar Pradesh","India",15,82.8600,94.2800,"B","Y"
2916,"SUP002916","SUP-002916","Mumbai Industrial Supply Co. 2916","approved","Mumbai","Maharashtra","India",45,89.7100,97.9500,"B","Y"
2917,"SUP002917","SUP-002917","Agra Industrial Supply Co. 2917","approved","Agra","Uttar Pradesh","India",45,73.9000,95.1100,"C","Y"
2918,"SUP002918","SUP-002918","Hyderabad Industrial Supply Co. 2918","contract_manufacturer","Hyderabad","Telangana","India",60,98.2200,94.4800,"B","Y"
2919,"SUP002919","SUP-002919","Hyderabad Industrial Supply Co. 2919","approved","Hyderabad","Telangana","India",15,68.9900,98.4600,"C","Y"
2920,"SUP002920","SUP-002920","Lucknow Industrial Supply Co. 2920","approved","Lucknow","Uttar Pradesh","India",30,76.3800,90.1200,"C","Y"
2921,"SUP002921","SUP-002921","Bhopal Industrial Supply Co. 2921","approved","Bhopal","Madhya Pradesh","India",30,82.1000,92.0800,"B","Y"
2922,"SUP002922","SUP-002922","Vadodara Industrial Supply Co. 2922","approved","Vadodara","Gujarat","India",45,93.4200,99.0300,"A","Y"
2923,"SUP002923","SUP-002923","Mysuru Industrial Supply Co. 2923","approved","Mysuru","Karnataka","India",30,85.1400,94.5900,"B","Y"
2924,"SUP002924","SUP-002924","Mumbai Industrial Supply Co. 2924","strategic","Mumbai","Maharashtra","India",30,84.2700,97.7800,"B","Y"
2925,"SUP002925","SUP-002925","Pune Industrial Supply Co. 2925","approved","Pune","Maharashtra","India",30,71.5600,97.2800,"C","Y"
2926,"SUP002926","SUP-002926","Vadodara Industrial Supply Co. 2926","approved","Vadodara","Gujarat","India",45,89.9900,95.1500,"B","Y"
2927,"SUP002927","SUP-002927","Bhubaneswar Industrial Supply Co. 2927","strategic","Bhubaneswar","Odisha","India",30,94.5500,99.9000,"A","Y"
2928,"SUP002928","SUP-002928","Lucknow Industrial Supply Co. 2928","approved","Lucknow","Uttar Pradesh","India",30,96.1800,92.1700,"B","Y"
2929,"SUP002929","SUP-002929","Kolkata Industrial Supply Co. 2929","approved","Kolkata","West Bengal","India",60,86.7600,91.0800,"B","Y"
2930,"SUP002930","SUP-002930","Indore Industrial Supply Co. 2930","strategic","Indore","Madhya Pradesh","India",45,84.4600,97.0900,"B","Y"
2931,"SUP002931","SUP-002931","Mumbai Industrial Supply Co. 2931","approved","Mumbai","Maharashtra","India",60,93.2900,99.9000,"A","Y"
2932,"SUP002932","SUP-002932","Pune Industrial Supply Co. 2932","strategic","Pune","Maharashtra","India",30,87.9400,91.3800,"B","Y"
2933,"SUP002933","SUP-002933","Delhi Industrial Supply Co. 2933","strategic","Delhi","Delhi","India",45,85.5300,96.2700,"B","Y"
2934,"SUP002934","SUP-002934","Hyderabad Industrial Supply Co. 2934","spot","Hyderabad","Telangana","India",45,99.8000,96.8600,"B","Y"
2935,"SUP002935","SUP-002935","Vadodara Industrial Supply Co. 2935","approved","Vadodara","Gujarat","India",15,77.6000,93.9400,"C","Y"
2936,"SUP002936","SUP-002936","Vadodara Industrial Supply Co. 2936","approved","Vadodara","Gujarat","India",45,76.1100,99.8400,"C","Y"
2937,"SUP002937","SUP-002937","Delhi Industrial Supply Co. 2937","contract_manufacturer","Delhi","Delhi","India",45,80.6900,97.6700,"B","Y"
2938,"SUP002938","SUP-002938","Indore Industrial Supply Co. 2938","contract_manufacturer","Indore","Madhya Pradesh","India",30,86.3600,97.6200,"B","Y"
2939,"SUP002939","SUP-002939","Bhubaneswar Industrial Supply Co. 2939","strategic","Bhubaneswar","Odisha","India",45,74.1400,99.9000,"C","Y"
2940,"SUP002940","SUP-002940","Jaipur Industrial Supply Co. 2940","strategic","Jaipur","Rajasthan","India",45,98.0400,95.4800,"B","Y"
2941,"SUP002941","SUP-002941","Hyderabad Industrial Supply Co. 2941","strategic","Hyderabad","Telangana","India",30,84.9400,93.7400,"B","Y"
2942,"SUP002942","SUP-002942","Jaipur Industrial Supply Co. 2942","contract_manufacturer","Jaipur","Rajasthan","India",30,88.9100,99.9000,"B","Y"
2943,"SUP002943","SUP-002943","Vijayawada Industrial Supply Co. 2943","spot","Vijayawada","Andhra Pradesh","India",30,99.3000,93.7400,"B","Y"
2944,"SUP002944","SUP-002944","Vadodara Industrial Supply Co. 2944","approved","Vadodara","Gujarat","India",60,83.1400,96.3700,"B","Y"
2945,"SUP002945","SUP-002945","Mumbai Industrial Supply Co. 2945","contract_manufacturer","Mumbai","Maharashtra","India",15,98.5700,96.7400,"B","Y"
2946,"SUP002946","SUP-002946","Ranchi Industrial Supply Co. 2946","approved","Ranchi","Jharkhand","India",60,89.8300,95.0800,"B","Y"
2947,"SUP002947","SUP-002947","Ranchi Industrial Supply Co. 2947","contract_manufacturer","Ranchi","Jharkhand","India",30,86.2000,96.3700,"B","Y"
2948,"SUP002948","SUP-002948","Warangal Industrial Supply Co. 2948","approved","Warangal","Telangana","India",15,77.6400,91.7000,"C","Y"
2949,"SUP002949","SUP-002949","Noida Industrial Supply Co. 2949","approved","Noida","Uttar Pradesh","India",45,99.1000,99.9000,"A","Y"
2950,"SUP002950","SUP-002950","Nagpur Industrial Supply Co. 2950","approved","Nagpur","Maharashtra","India",15,80.0200,92.5700,"B","Y"
2951,"SUP002951","SUP-002951","Ranchi Industrial Supply Co. 2951","strategic","Ranchi","Jharkhand","India",30,83.6900,97.7400,"B","Y"
2952,"SUP002952","SUP-002952","Pune Industrial Supply Co. 2952","approved","Pune","Maharashtra","India",15,91.7400,99.9000,"B","Y"
2953,"SUP002953","SUP-002953","Agra Industrial Supply Co. 2953","approved","Agra","Uttar Pradesh","India",30,88.6500,92.9900,"B","Y"
2954,"SUP002954","SUP-002954","Surat Industrial Supply Co. 2954","approved","Surat","Gujarat","India",30,84.6000,93.8100,"B","Y"
2955,"SUP002955","SUP-002955","Agra Industrial Supply Co. 2955","contract_manufacturer","Agra","Uttar Pradesh","India",30,86.6800,94.2700,"B","Y"
2956,"SUP002956","SUP-002956","Surat Industrial Supply Co. 2956","contract_manufacturer","Surat","Gujarat","India",30,99.8000,95.8000,"B","Y"
2957,"SUP002957","SUP-002957","Pune Industrial Supply Co. 2957","approved","Pune","Maharashtra","India",30,91.7900,96.5200,"B","Y"
2958,"SUP002958","SUP-002958","Bengaluru Industrial Supply Co. 2958","spot","Bengaluru","Karnataka","India",45,98.2800,93.6500,"B","Y"
2959,"SUP002959","SUP-002959","Mumbai Industrial Supply Co. 2959","approved","Mumbai","Maharashtra","India",45,89.0400,91.7200,"B","Y"
2960,"SUP002960","SUP-002960","Indore Industrial Supply Co. 2960","approved","Indore","Madhya Pradesh","India",45,99.8000,97.2200,"A","Y"
2961,"SUP002961","SUP-002961","Ahmedabad Industrial Supply Co. 2961","approved","Ahmedabad","Gujarat","India",60,88.5100,99.6700,"B","Y"
2962,"SUP002962","SUP-002962","Vijayawada Industrial Supply Co. 2962","contract_manufacturer","Vijayawada","Andhra Pradesh","India",45,82.5100,97.8100,"B","Y"
2963,"SUP002963","SUP-002963","Mangaluru Industrial Supply Co. 2963","approved","Mangaluru","Karnataka","India",45,79.3900,97.8400,"C","Y"
2964,"SUP002964","SUP-002964","Pune Industrial Supply Co. 2964","strategic","Pune","Maharashtra","India",45,80.3900,96.0800,"B","Y"
2965,"SUP002965","SUP-002965","Agra Industrial Supply Co. 2965","approved","Agra","Uttar Pradesh","India",15,99.8000,97.3100,"A","Y"
2966,"SUP002966","SUP-002966","Warangal Industrial Supply Co. 2966","strategic","Warangal","Telangana","India",30,87.8000,96.4400,"B","Y"
2967,"SUP002967","SUP-002967","Warangal Industrial Supply Co. 2967","contract_manufacturer","Warangal","Telangana","India",60,91.1300,99.6200,"B","Y"
2968,"SUP002968","SUP-002968","Kolkata Industrial Supply Co. 2968","approved","Kolkata","West Bengal","India",30,69.7100,91.2000,"C","Y"
2969,"SUP002969","SUP-002969","Mumbai Industrial Supply Co. 2969","contract_manufacturer","Mumbai","Maharashtra","India",15,71.9100,97.5100,"C","Y"
2970,"SUP002970","SUP-002970","Mangaluru Industrial Supply Co. 2970","approved","Mangaluru","Karnataka","India",30,80.4600,95.4900,"B","Y"
2971,"SUP002971","SUP-002971","Mangaluru Industrial Supply Co. 2971","approved","Mangaluru","Karnataka","India",15,83.2100,99.9000,"B","Y"
2972,"SUP002972","SUP-002972","Bhopal Industrial Supply Co. 2972","strategic","Bhopal","Madhya Pradesh","India",30,93.2700,89.3300,"C","Y"
2973,"SUP002973","SUP-002973","Lucknow Industrial Supply Co. 2973","contract_manufacturer","Lucknow","Uttar Pradesh","India",30,95.1400,93.3400,"B","Y"
2974,"SUP002974","SUP-002974","Bengaluru Industrial Supply Co. 2974","approved","Bengaluru","Karnataka","India",30,99.8000,97.7700,"A","Y"
2975,"SUP002975","SUP-002975","Ranchi Industrial Supply Co. 2975","spot","Ranchi","Jharkhand","India",30,99.8000,96.9400,"B","Y"
2976,"SUP002976","SUP-002976","Bengaluru Industrial Supply Co. 2976","strategic","Bengaluru","Karnataka","India",45,77.0200,95.7600,"C","Y"
2977,"SUP002977","SUP-002977","Vijayawada Industrial Supply Co. 2977","spot","Vijayawada","Andhra Pradesh","India",60,92.1500,94.5200,"B","Y"
2978,"SUP002978","SUP-002978","Nashik Industrial Supply Co. 2978","contract_manufacturer","Nashik","Maharashtra","India",45,89.1700,94.4100,"B","Y"
2979,"SUP002979","SUP-002979","Pune Industrial Supply Co. 2979","approved","Pune","Maharashtra","India",60,99.8000,98.7700,"A","Y"
2980,"SUP002980","SUP-002980","Mysuru Industrial Supply Co. 2980","strategic","Mysuru","Karnataka","India",30,90.1400,98.1100,"B","Y"
2981,"SUP002981","SUP-002981","Vijayawada Industrial Supply Co. 2981","strategic","Vijayawada","Andhra Pradesh","India",30,84.8600,95.1400,"B","Y"
2982,"SUP002982","SUP-002982","Noida Industrial Supply Co. 2982","approved","Noida","Uttar Pradesh","India",30,76.7300,98.1000,"C","Y"
2983,"SUP002983","SUP-002983","Ahmedabad Industrial Supply Co. 2983","contract_manufacturer","Ahmedabad","Gujarat","India",15,84.2100,94.1300,"B","Y"
2984,"SUP002984","SUP-002984","Bhopal Industrial Supply Co. 2984","spot","Bhopal","Madhya Pradesh","India",45,80.3700,95.5800,"B","Y"
2985,"SUP002985","SUP-002985","Delhi Industrial Supply Co. 2985","spot","Delhi","Delhi","India",30,83.7700,99.9000,"B","Y"
2986,"SUP002986","SUP-002986","Kolkata Industrial Supply Co. 2986","strategic","Kolkata","West Bengal","India",45,81.3600,98.1100,"B","Y"
2987,"SUP002987","SUP-002987","Pune Industrial Supply Co. 2987","approved","Pune","Maharashtra","India",45,83.0400,99.6600,"B","Y"
2988,"SUP002988","SUP-002988","Bhubaneswar Industrial Supply Co. 2988","approved","Bhubaneswar","Odisha","India",15,78.2700,95.3900,"C","Y"
2989,"SUP002989","SUP-002989","Bhopal Industrial Supply Co. 2989","approved","Bhopal","Madhya Pradesh","India",30,90.2000,93.7700,"B","Y"
2990,"SUP002990","SUP-002990","Kolkata Industrial Supply Co. 2990","approved","Kolkata","West Bengal","India",60,78.4000,95.4400,"C","Y"
2991,"SUP002991","SUP-002991","Ahmedabad Industrial Supply Co. 2991","strategic","Ahmedabad","Gujarat","India",30,86.7700,97.5400,"B","Y"
2992,"SUP002992","SUP-002992","Agra Industrial Supply Co. 2992","approved","Agra","Uttar Pradesh","India",30,99.8000,96.4000,"B","Y"
2993,"SUP002993","SUP-002993","Ahmedabad Industrial Supply Co. 2993","approved","Ahmedabad","Gujarat","India",45,74.7900,93.5200,"C","Y"
2994,"SUP002994","SUP-002994","Agra Industrial Supply Co. 2994","spot","Agra","Uttar Pradesh","India",30,85.4300,96.0300,"B","Y"
2995,"SUP002995","SUP-002995","Surat Industrial Supply Co. 2995","approved","Surat","Gujarat","India",15,85.7900,96.0300,"B","Y"
2996,"SUP002996","SUP-002996","Mysuru Industrial Supply Co. 2996","approved","Mysuru","Karnataka","India",30,91.7400,96.9100,"B","Y"
2997,"SUP002997","SUP-002997","Nashik Industrial Supply Co. 2997","contract_manufacturer","Nashik","Maharashtra","India",30,84.6300,95.6400,"B","Y"
2998,"SUP002998","SUP-002998","Mysuru Industrial Supply Co. 2998","approved","Mysuru","Karnataka","India",30,77.4600,97.5400,"C","Y"
2999,"SUP002999","SUP-002999","Mysuru Industrial Supply Co. 2999","approved","Mysuru","Karnataka","India",45,84.7100,96.4300,"B","Y"
3000,"SUP003000","SUP-003000","Vadodara Industrial Supply Co. 3000","approved","Vadodara","Gujarat","India",30,99.8000,91.5900,"B","Y"
3001,"SUP003001","SUP-003001","Lucknow Industrial Supply Co. 3001","strategic","Lucknow","Uttar Pradesh","India",60,88.1800,96.7100,"B","Y"
3002,"SUP003002","SUP-003002","Warangal Industrial Supply Co. 3002","strategic","Warangal","Telangana","India",45,90.7200,94.3500,"B","Y"
3003,"SUP003003","SUP-003003","Ahmedabad Industrial Supply Co. 3003","approved","Ahmedabad","Gujarat","India",30,88.1000,91.4300,"B","Y"
3004,"SUP003004","SUP-003004","Jaipur Industrial Supply Co. 3004","spot","Jaipur","Rajasthan","India",30,91.0900,94.2700,"B","Y"
3005,"SUP003005","SUP-003005","Vadodara Industrial Supply Co. 3005","approved","Vadodara","Gujarat","India",30,88.3300,94.9000,"B","Y"
3006,"SUP003006","SUP-003006","Ahmedabad Industrial Supply Co. 3006","spot","Ahmedabad","Gujarat","India",30,88.7300,96.8400,"B","Y"
3007,"SUP003007","SUP-003007","Hyderabad Industrial Supply Co. 3007","approved","Hyderabad","Telangana","India",60,86.8400,94.6500,"B","Y"
3008,"SUP003008","SUP-003008","Bhubaneswar Industrial Supply Co. 3008","approved","Bhubaneswar","Odisha","India",60,76.5100,94.7600,"C","Y"
3009,"SUP003009","SUP-003009","Chandigarh Industrial Supply Co. 3009","approved","Chandigarh","Chandigarh","India",45,93.7100,97.6700,"A","Y"
3010,"SUP003010","SUP-003010","Noida Industrial Supply Co. 3010","approved","Noida","Uttar Pradesh","India",30,98.3600,99.9000,"A","Y"
3011,"SUP003011","SUP-003011","Lucknow Industrial Supply Co. 3011","approved","Lucknow","Uttar Pradesh","India",60,80.5700,98.6000,"B","Y"
3012,"SUP003012","SUP-003012","Noida Industrial Supply Co. 3012","approved","Noida","Uttar Pradesh","India",30,91.7600,97.1500,"B","Y"
3013,"SUP003013","SUP-003013","Vijayawada Industrial Supply Co. 3013","contract_manufacturer","Vijayawada","Andhra Pradesh","India",30,92.9000,97.9400,"A","Y"
3014,"SUP003014","SUP-003014","Nashik Industrial Supply Co. 3014","approved","Nashik","Maharashtra","India",15,81.9900,91.5200,"B","Y"
3015,"SUP003015","SUP-003015","Noida Industrial Supply Co. 3015","strategic","Noida","Uttar Pradesh","India",15,89.4400,96.2300,"B","Y"
3016,"SUP003016","SUP-003016","Noida Industrial Supply Co. 3016","approved","Noida","Uttar Pradesh","India",60,86.8800,99.9000,"B","Y"
3017,"SUP003017","SUP-003017","Surat Industrial Supply Co. 3017","strategic","Surat","Gujarat","India",30,81.2600,94.4500,"B","Y"
3018,"SUP003018","SUP-003018","Bhopal Industrial Supply Co. 3018","strategic","Bhopal","Madhya Pradesh","India",45,96.7500,99.5800,"A","Y"
3019,"SUP003019","SUP-003019","Kolkata Industrial Supply Co. 3019","approved","Kolkata","West Bengal","India",45,89.8000,91.2600,"B","Y"
3020,"SUP003020","SUP-003020","Bhubaneswar Industrial Supply Co. 3020","contract_manufacturer","Bhubaneswar","Odisha","India",30,88.4000,95.0300,"B","Y"
3021,"SUP003021","SUP-003021","Noida Industrial Supply Co. 3021","approved","Noida","Uttar Pradesh","India",60,84.3400,99.9000,"B","Y"
3022,"SUP003022","SUP-003022","Kolkata Industrial Supply Co. 3022","approved","Kolkata","West Bengal","India",30,92.7600,93.0400,"B","Y"
3023,"SUP003023","SUP-003023","Kolkata Industrial Supply Co. 3023","contract_manufacturer","Kolkata","West Bengal","India",45,89.0400,92.4200,"B","Y"
3024,"SUP003024","SUP-003024","Bhubaneswar Industrial Supply Co. 3024","approved","Bhubaneswar","Odisha","India",45,84.8500,99.9000,"B","Y"
3025,"SUP003025","SUP-003025","Delhi Industrial Supply Co. 3025","contract_manufacturer","Delhi","Delhi","India",30,77.5600,92.2900,"C","Y"
3026,"SUP003026","SUP-003026","Noida Industrial Supply Co. 3026","approved","Noida","Uttar Pradesh","India",30,88.2900,93.0700,"B","Y"
3027,"SUP003027","SUP-003027","Hyderabad Industrial Supply Co. 3027","approved","Hyderabad","Telangana","India",30,84.9900,97.6200,"B","Y"
3028,"SUP003028","SUP-003028","Agra Industrial Supply Co. 3028","strategic","Agra","Uttar Pradesh","India",45,87.6700,90.3100,"C","Y"
3029,"SUP003029","SUP-003029","Indore Industrial Supply Co. 3029","strategic","Indore","Madhya Pradesh","India",15,96.1400,93.5600,"B","Y"
3030,"SUP003030","SUP-003030","Lucknow Industrial Supply Co. 3030","approved","Lucknow","Uttar Pradesh","India",15,98.0800,96.5800,"B","Y"
3031,"SUP003031","SUP-003031","Bhubaneswar Industrial Supply Co. 3031","approved","Bhubaneswar","Odisha","India",45,88.4800,96.0400,"B","Y"
3032,"SUP003032","SUP-003032","Pune Industrial Supply Co. 3032","approved","Pune","Maharashtra","India",30,92.0500,91.5100,"B","Y"
3033,"SUP003033","SUP-003033","Surat Industrial Supply Co. 3033","contract_manufacturer","Surat","Gujarat","India",30,71.3200,94.9500,"C","Y"
3034,"SUP003034","SUP-003034","Surat Industrial Supply Co. 3034","approved","Surat","Gujarat","India",30,79.4600,94.8300,"C","Y"
3035,"SUP003035","SUP-003035","Delhi Industrial Supply Co. 3035","contract_manufacturer","Delhi","Delhi","India",30,95.6200,99.9000,"A","Y"
3036,"SUP003036","SUP-003036","Warangal Industrial Supply Co. 3036","strategic","Warangal","Telangana","India",15,87.4900,93.9200,"B","Y"
3037,"SUP003037","SUP-003037","Agra Industrial Supply Co. 3037","contract_manufacturer","Agra","Uttar Pradesh","India",30,97.1600,91.4700,"B","Y"
3038,"SUP003038","SUP-003038","Noida Industrial Supply Co. 3038","approved","Noida","Uttar Pradesh","India",45,84.9500,98.7300,"B","Y"
3039,"SUP003039","SUP-003039","Mysuru Industrial Supply Co. 3039","contract_manufacturer","Mysuru","Karnataka","India",45,80.1200,96.0800,"B","Y"
3040,"SUP003040","SUP-003040","Mysuru Industrial Supply Co. 3040","approved","Mysuru","Karnataka","India",30,94.9700,99.9000,"A","Y"
3041,"SUP003041","SUP-003041","Indore Industrial Supply Co. 3041","approved","Indore","Madhya Pradesh","India",45,79.1300,91.6500,"C","Y"
3042,"SUP003042","SUP-003042","Ahmedabad Industrial Supply Co. 3042","approved","Ahmedabad","Gujarat","India",30,93.8500,98.3300,"A","Y"
3043,"SUP003043","SUP-003043","Indore Industrial Supply Co. 3043","approved","Indore","Madhya Pradesh","India",15,81.5500,98.0600,"B","Y"
3044,"SUP003044","SUP-003044","Ranchi Industrial Supply Co. 3044","approved","Ranchi","Jharkhand","India",30,90.3300,95.1000,"B","Y"
3045,"SUP003045","SUP-003045","Lucknow Industrial Supply Co. 3045","approved","Lucknow","Uttar Pradesh","India",30,87.6700,98.2500,"B","Y"
3046,"SUP003046","SUP-003046","Kolkata Industrial Supply Co. 3046","contract_manufacturer","Kolkata","West Bengal","India",45,77.5200,95.8800,"C","Y"
3047,"SUP003047","SUP-003047","Vadodara Industrial Supply Co. 3047","strategic","Vadodara","Gujarat","India",45,77.8900,98.5300,"C","Y"
3048,"SUP003048","SUP-003048","Nashik Industrial Supply Co. 3048","approved","Nashik","Maharashtra","India",30,99.8000,99.9000,"A","Y"
3049,"SUP003049","SUP-003049","Ahmedabad Industrial Supply Co. 3049","contract_manufacturer","Ahmedabad","Gujarat","India",60,92.8700,96.5900,"B","Y"
3050,"SUP003050","SUP-003050","Pune Industrial Supply Co. 3050","strategic","Pune","Maharashtra","India",45,99.2500,93.7600,"B","Y"
3051,"SUP003051","SUP-003051","Vijayawada Industrial Supply Co. 3051","contract_manufacturer","Vijayawada","Andhra Pradesh","India",45,91.3600,91.5400,"B","Y"
3052,"SUP003052","SUP-003052","Bengaluru Industrial Supply Co. 3052","approved","Bengaluru","Karnataka","India",60,83.5200,92.8500,"B","Y"
3053,"SUP003053","SUP-003053","Indore Industrial Supply Co. 3053","approved","Indore","Madhya Pradesh","India",45,80.6600,98.1300,"B","Y"
3054,"SUP003054","SUP-003054","Bhubaneswar Industrial Supply Co. 3054","spot","Bhubaneswar","Odisha","India",45,82.2500,96.6500,"B","Y"
3055,"SUP003055","SUP-003055","Warangal Industrial Supply Co. 3055","approved","Warangal","Telangana","India",45,81.2200,89.5300,"C","Y"
3056,"SUP003056","SUP-003056","Chandigarh Industrial Supply Co. 3056","spot","Chandigarh","Chandigarh","India",30,98.6700,96.7800,"B","Y"
3057,"SUP003057","SUP-003057","Pune Industrial Supply Co. 3057","approved","Pune","Maharashtra","India",45,77.7000,93.6100,"C","Y"
3058,"SUP003058","SUP-003058","Surat Industrial Supply Co. 3058","contract_manufacturer","Surat","Gujarat","India",30,94.7500,97.6100,"A","Y"
3059,"SUP003059","SUP-003059","Surat Industrial Supply Co. 3059","spot","Surat","Gujarat","India",15,90.4700,94.9000,"B","Y"
3060,"SUP003060","SUP-003060","Kolkata Industrial Supply Co. 3060","spot","Kolkata","West Bengal","India",30,84.9800,98.2400,"B","Y"
3061,"SUP003061","SUP-003061","Kolkata Industrial Supply Co. 3061","approved","Kolkata","West Bengal","India",60,78.7600,96.2300,"C","Y"
3062,"SUP003062","SUP-003062","Vijayawada Industrial Supply Co. 3062","spot","Vijayawada","Andhra Pradesh","India",45,76.0100,99.9000,"C","Y"
3063,"SUP003063","SUP-003063","Noida Industrial Supply Co. 3063","contract_manufacturer","Noida","Uttar Pradesh","India",15,84.1700,96.5700,"B","Y"
3064,"SUP003064","SUP-003064","Agra Industrial Supply Co. 3064","approved","Agra","Uttar Pradesh","India",45,82.7900,99.9000,"B","Y"
3065,"SUP003065","SUP-003065","Vadodara Industrial Supply Co. 3065","approved","Vadodara","Gujarat","India",30,87.7700,96.4400,"B","Y"
3066,"SUP003066","SUP-003066","Lucknow Industrial Supply Co. 3066","approved","Lucknow","Uttar Pradesh","India",30,84.1100,98.8400,"B","Y"
3067,"SUP003067","SUP-003067","Surat Industrial Supply Co. 3067","approved","Surat","Gujarat","India",30,84.0100,97.9500,"B","Y"
3068,"SUP003068","SUP-003068","Warangal Industrial Supply Co. 3068","contract_manufacturer","Warangal","Telangana","India",30,93.8400,93.6900,"B","Y"
3069,"SUP003069","SUP-003069","Mumbai Industrial Supply Co. 3069","strategic","Mumbai","Maharashtra","India",30,95.9800,99.9000,"A","Y"
3070,"SUP003070","SUP-003070","Agra Industrial Supply Co. 3070","contract_manufacturer","Agra","Uttar Pradesh","India",30,84.7200,97.0300,"B","Y"
3071,"SUP003071","SUP-003071","Mangaluru Industrial Supply Co. 3071","contract_manufacturer","Mangaluru","Karnataka","India",45,78.0400,98.4600,"C","Y"
3072,"SUP003072","SUP-003072","Chandigarh Industrial Supply Co. 3072","approved","Chandigarh","Chandigarh","India",45,93.7500,95.2500,"B","Y"
3073,"SUP003073","SUP-003073","Hyderabad Industrial Supply Co. 3073","strategic","Hyderabad","Telangana","India",15,90.4300,99.9000,"B","Y"
3074,"SUP003074","SUP-003074","Bengaluru Industrial Supply Co. 3074","approved","Bengaluru","Karnataka","India",30,83.3800,96.4100,"B","Y"
3075,"SUP003075","SUP-003075","Lucknow Industrial Supply Co. 3075","approved","Lucknow","Uttar Pradesh","India",45,83.4900,95.4200,"B","Y"
3076,"SUP003076","SUP-003076","Nashik Industrial Supply Co. 3076","spot","Nashik","Maharashtra","India",30,82.1900,94.7400,"B","Y"
3077,"SUP003077","SUP-003077","Agra Industrial Supply Co. 3077","spot","Agra","Uttar Pradesh","India",45,84.8400,99.9000,"B","Y"
3078,"SUP003078","SUP-003078","Surat Industrial Supply Co. 3078","strategic","Surat","Gujarat","India",30,96.3000,94.0600,"B","Y"
3079,"SUP003079","SUP-003079","Lucknow Industrial Supply Co. 3079","approved","Lucknow","Uttar Pradesh","India",30,77.6500,96.4200,"C","Y"
3080,"SUP003080","SUP-003080","Jaipur Industrial Supply Co. 3080","approved","Jaipur","Rajasthan","India",15,83.8300,92.0300,"B","Y"
3081,"SUP003081","SUP-003081","Kolkata Industrial Supply Co. 3081","approved","Kolkata","West Bengal","India",30,81.6600,95.9200,"B","Y"
3082,"SUP003082","SUP-003082","Vadodara Industrial Supply Co. 3082","approved","Vadodara","Gujarat","India",30,84.4200,96.0500,"B","Y"
3083,"SUP003083","SUP-003083","Chandigarh Industrial Supply Co. 3083","approved","Chandigarh","Chandigarh","India",45,84.9900,97.6700,"B","Y"
3084,"SUP003084","SUP-003084","Nagpur Industrial Supply Co. 3084","strategic","Nagpur","Maharashtra","India",30,81.0800,99.9000,"B","Y"
3085,"SUP003085","SUP-003085","Hyderabad Industrial Supply Co. 3085","approved","Hyderabad","Telangana","India",30,90.2700,98.7700,"B","Y"
3086,"SUP003086","SUP-003086","Surat Industrial Supply Co. 3086","spot","Surat","Gujarat","India",60,73.2700,99.2000,"C","Y"
3087,"SUP003087","SUP-003087","Mysuru Industrial Supply Co. 3087","approved","Mysuru","Karnataka","India",60,77.7700,99.1800,"C","Y"
3088,"SUP003088","SUP-003088","Mangaluru Industrial Supply Co. 3088","approved","Mangaluru","Karnataka","India",45,78.6800,98.2300,"C","Y"
3089,"SUP003089","SUP-003089","Surat Industrial Supply Co. 3089","strategic","Surat","Gujarat","India",45,89.9400,91.4100,"B","Y"
3090,"SUP003090","SUP-003090","Kolkata Industrial Supply Co. 3090","spot","Kolkata","West Bengal","India",45,92.3700,99.1000,"A","Y"
3091,"SUP003091","SUP-003091","Hyderabad Industrial Supply Co. 3091","approved","Hyderabad","Telangana","India",60,89.6700,92.3300,"B","Y"
3092,"SUP003092","SUP-003092","Bhopal Industrial Supply Co. 3092","approved","Bhopal","Madhya Pradesh","India",45,91.7900,95.2500,"B","Y"
3093,"SUP003093","SUP-003093","Warangal Industrial Supply Co. 3093","strategic","Warangal","Telangana","India",30,90.9300,98.0200,"B","Y"
3094,"SUP003094","SUP-003094","Bhubaneswar Industrial Supply Co. 3094","spot","Bhubaneswar","Odisha","India",30,83.9300,99.9000,"B","Y"
3095,"SUP003095","SUP-003095","Pune Industrial Supply Co. 3095","strategic","Pune","Maharashtra","India",45,99.8000,95.1700,"B","Y"
3096,"SUP003096","SUP-003096","Agra Industrial Supply Co. 3096","approved","Agra","Uttar Pradesh","India",45,81.7900,95.0400,"B","Y"
3097,"SUP003097","SUP-003097","Hyderabad Industrial Supply Co. 3097","contract_manufacturer","Hyderabad","Telangana","India",30,95.8800,98.3200,"A","Y"
3098,"SUP003098","SUP-003098","Hyderabad Industrial Supply Co. 3098","strategic","Hyderabad","Telangana","India",30,92.9200,94.1700,"B","Y"
3099,"SUP003099","SUP-003099","Vijayawada Industrial Supply Co. 3099","approved","Vijayawada","Andhra Pradesh","India",45,93.1000,97.1500,"A","Y"
3100,"SUP003100","SUP-003100","Chandigarh Industrial Supply Co. 3100","approved","Chandigarh","Chandigarh","India",60,80.1500,96.3100,"B","Y"
3101,"SUP003101","SUP-003101","Vijayawada Industrial Supply Co. 3101","approved","Vijayawada","Andhra Pradesh","India",30,99.8000,92.6300,"B","Y"
3102,"SUP003102","SUP-003102","Vadodara Industrial Supply Co. 3102","strategic","Vadodara","Gujarat","India",45,95.9900,95.2300,"B","Y"
3103,"SUP003103","SUP-003103","Bengaluru Industrial Supply Co. 3103","approved","Bengaluru","Karnataka","India",45,99.8000,98.0400,"A","Y"
3104,"SUP003104","SUP-003104","Jaipur Industrial Supply Co. 3104","approved","Jaipur","Rajasthan","India",45,80.3500,95.3500,"B","Y"
3105,"SUP003105","SUP-003105","Nashik Industrial Supply Co. 3105","approved","Nashik","Maharashtra","India",45,88.8500,99.9000,"B","Y"
3106,"SUP003106","SUP-003106","Ranchi Industrial Supply Co. 3106","spot","Ranchi","Jharkhand","India",30,77.4800,99.6900,"C","Y"
3107,"SUP003107","SUP-003107","Bengaluru Industrial Supply Co. 3107","strategic","Bengaluru","Karnataka","India",30,73.4100,95.3900,"C","Y"
3108,"SUP003108","SUP-003108","Agra Industrial Supply Co. 3108","spot","Agra","Uttar Pradesh","India",60,74.3900,93.3500,"C","Y"
3109,"SUP003109","SUP-003109","Mumbai Industrial Supply Co. 3109","contract_manufacturer","Mumbai","Maharashtra","India",30,99.8000,98.6300,"A","Y"
3110,"SUP003110","SUP-003110","Agra Industrial Supply Co. 3110","contract_manufacturer","Agra","Uttar Pradesh","India",45,78.7800,95.4800,"C","Y"
3111,"SUP003111","SUP-003111","Indore Industrial Supply Co. 3111","contract_manufacturer","Indore","Madhya Pradesh","India",60,91.4500,99.9000,"B","Y"
3112,"SUP003112","SUP-003112","Jaipur Industrial Supply Co. 3112","approved","Jaipur","Rajasthan","India",30,89.5800,96.0600,"B","Y"
3113,"SUP003113","SUP-003113","Indore Industrial Supply Co. 3113","approved","Indore","Madhya Pradesh","India",30,73.4600,98.4400,"C","Y"
3114,"SUP003114","SUP-003114","Noida Industrial Supply Co. 3114","approved","Noida","Uttar Pradesh","India",45,64.6400,96.1700,"C","Y"
3115,"SUP003115","SUP-003115","Lucknow Industrial Supply Co. 3115","strategic","Lucknow","Uttar Pradesh","India",30,88.2100,94.8700,"B","Y"
3116,"SUP003116","SUP-003116","Mysuru Industrial Supply Co. 3116","strategic","Mysuru","Karnataka","India",30,86.9300,92.5800,"B","Y"
3117,"SUP003117","SUP-003117","Mangaluru Industrial Supply Co. 3117","spot","Mangaluru","Karnataka","India",45,99.8000,97.2700,"A","Y"
3118,"SUP003118","SUP-003118","Bhopal Industrial Supply Co. 3118","approved","Bhopal","Madhya Pradesh","India",45,90.8100,99.9000,"B","Y"
3119,"SUP003119","SUP-003119","Surat Industrial Supply Co. 3119","approved","Surat","Gujarat","India",30,94.8800,92.4300,"B","Y"
3120,"SUP003120","SUP-003120","Mysuru Industrial Supply Co. 3120","spot","Mysuru","Karnataka","India",60,78.2300,91.2700,"C","Y"
3121,"SUP003121","SUP-003121","Hyderabad Industrial Supply Co. 3121","strategic","Hyderabad","Telangana","India",30,95.6300,96.3600,"B","Y"
3122,"SUP003122","SUP-003122","Bengaluru Industrial Supply Co. 3122","approved","Bengaluru","Karnataka","India",30,99.8000,98.0300,"A","Y"
3123,"SUP003123","SUP-003123","Surat Industrial Supply Co. 3123","approved","Surat","Gujarat","India",30,88.6500,90.8100,"C","Y"
3124,"SUP003124","SUP-003124","Hyderabad Industrial Supply Co. 3124","approved","Hyderabad","Telangana","India",45,93.2900,95.3800,"B","Y"
3125,"SUP003125","SUP-003125","Vijayawada Industrial Supply Co. 3125","approved","Vijayawada","Andhra Pradesh","India",60,78.5800,95.8700,"C","Y"
3126,"SUP003126","SUP-003126","Mangaluru Industrial Supply Co. 3126","approved","Mangaluru","Karnataka","India",45,84.5600,99.9000,"B","Y"
3127,"SUP003127","SUP-003127","Bengaluru Industrial Supply Co. 3127","approved","Bengaluru","Karnataka","India",45,94.8400,98.9400,"A","Y"
3128,"SUP003128","SUP-003128","Bengaluru Industrial Supply Co. 3128","approved","Bengaluru","Karnataka","India",45,94.1800,95.7600,"B","Y"
3129,"SUP003129","SUP-003129","Vadodara Industrial Supply Co. 3129","contract_manufacturer","Vadodara","Gujarat","India",30,90.6700,93.0800,"B","Y"
3130,"SUP003130","SUP-003130","Jaipur Industrial Supply Co. 3130","spot","Jaipur","Rajasthan","India",60,78.0100,98.0300,"C","Y"
3131,"SUP003131","SUP-003131","Bhopal Industrial Supply Co. 3131","strategic","Bhopal","Madhya Pradesh","India",30,76.0100,98.6300,"C","Y"
3132,"SUP003132","SUP-003132","Pune Industrial Supply Co. 3132","strategic","Pune","Maharashtra","India",60,65.5300,93.2600,"C","Y"
3133,"SUP003133","SUP-003133","Noida Industrial Supply Co. 3133","approved","Noida","Uttar Pradesh","India",45,99.8000,91.4700,"B","Y"
3134,"SUP003134","SUP-003134","Chandigarh Industrial Supply Co. 3134","approved","Chandigarh","Chandigarh","India",45,94.6200,97.4800,"A","Y"
3135,"SUP003135","SUP-003135","Bhubaneswar Industrial Supply Co. 3135","approved","Bhubaneswar","Odisha","India",30,90.8600,99.9000,"B","Y"
3136,"SUP003136","SUP-003136","Noida Industrial Supply Co. 3136","strategic","Noida","Uttar Pradesh","India",30,91.9500,93.6100,"B","Y"
3137,"SUP003137","SUP-003137","Kolkata Industrial Supply Co. 3137","approved","Kolkata","West Bengal","India",45,80.1300,97.0600,"B","Y"
3138,"SUP003138","SUP-003138","Nashik Industrial Supply Co. 3138","approved","Nashik","Maharashtra","India",30,99.8000,96.9500,"B","Y"
3139,"SUP003139","SUP-003139","Ranchi Industrial Supply Co. 3139","contract_manufacturer","Ranchi","Jharkhand","India",45,99.8000,98.5500,"A","Y"
3140,"SUP003140","SUP-003140","Vijayawada Industrial Supply Co. 3140","approved","Vijayawada","Andhra Pradesh","India",45,79.6600,95.9100,"C","Y"
3141,"SUP003141","SUP-003141","Kolkata Industrial Supply Co. 3141","strategic","Kolkata","West Bengal","India",45,86.0300,92.2400,"B","Y"
3142,"SUP003142","SUP-003142","Jaipur Industrial Supply Co. 3142","approved","Jaipur","Rajasthan","India",30,84.2200,98.1900,"B","Y"
3143,"SUP003143","SUP-003143","Bhubaneswar Industrial Supply Co. 3143","contract_manufacturer","Bhubaneswar","Odisha","India",45,80.0800,97.3700,"B","Y"
3144,"SUP003144","SUP-003144","Chandigarh Industrial Supply Co. 3144","contract_manufacturer","Chandigarh","Chandigarh","India",60,92.4900,97.6600,"A","Y"
3145,"SUP003145","SUP-003145","Mumbai Industrial Supply Co. 3145","spot","Mumbai","Maharashtra","India",30,64.3700,96.5600,"C","Y"
3146,"SUP003146","SUP-003146","Vadodara Industrial Supply Co. 3146","approved","Vadodara","Gujarat","India",45,91.1800,93.5600,"B","Y"
3147,"SUP003147","SUP-003147","Vijayawada Industrial Supply Co. 3147","spot","Vijayawada","Andhra Pradesh","India",15,90.0400,94.3700,"B","Y"
3148,"SUP003148","SUP-003148","Nashik Industrial Supply Co. 3148","strategic","Nashik","Maharashtra","India",45,86.2900,95.9000,"B","Y"
3149,"SUP003149","SUP-003149","Vadodara Industrial Supply Co. 3149","contract_manufacturer","Vadodara","Gujarat","India",45,83.1200,96.2700,"B","Y"
3150,"SUP003150","SUP-003150","Kolkata Industrial Supply Co. 3150","approved","Kolkata","West Bengal","India",45,80.8200,95.6100,"B","Y"
3151,"SUP003151","SUP-003151","Pune Industrial Supply Co. 3151","approved","Pune","Maharashtra","India",45,95.4700,90.2400,"C","Y"
3152,"SUP003152","SUP-003152","Bengaluru Industrial Supply Co. 3152","contract_manufacturer","Bengaluru","Karnataka","India",45,68.0900,98.1500,"C","Y"
3153,"SUP003153","SUP-003153","Chandigarh Industrial Supply Co. 3153","approved","Chandigarh","Chandigarh","India",60,85.4800,96.2600,"B","Y"
3154,"SUP003154","SUP-003154","Ahmedabad Industrial Supply Co. 3154","contract_manufacturer","Ahmedabad","Gujarat","India",15,73.0600,97.9300,"C","Y"
3155,"SUP003155","SUP-003155","Surat Industrial Supply Co. 3155","contract_manufacturer","Surat","Gujarat","India",45,99.8000,93.4600,"B","Y"
3156,"SUP003156","SUP-003156","Bhubaneswar Industrial Supply Co. 3156","spot","Bhubaneswar","Odisha","India",15,98.7000,99.9000,"A","Y"
3157,"SUP003157","SUP-003157","Chandigarh Industrial Supply Co. 3157","approved","Chandigarh","Chandigarh","India",30,94.3800,98.0800,"A","Y"
3158,"SUP003158","SUP-003158","Bengaluru Industrial Supply Co. 3158","approved","Bengaluru","Karnataka","India",45,91.4800,99.9000,"B","Y"
3159,"SUP003159","SUP-003159","Chandigarh Industrial Supply Co. 3159","spot","Chandigarh","Chandigarh","India",30,77.2400,87.5800,"C","Y"
3160,"SUP003160","SUP-003160","Vijayawada Industrial Supply Co. 3160","spot","Vijayawada","Andhra Pradesh","India",45,82.2800,95.2800,"B","Y"
3161,"SUP003161","SUP-003161","Chandigarh Industrial Supply Co. 3161","approved","Chandigarh","Chandigarh","India",45,96.5300,97.7400,"A","Y"
3162,"SUP003162","SUP-003162","Jaipur Industrial Supply Co. 3162","strategic","Jaipur","Rajasthan","India",45,86.1700,93.6700,"B","Y"
3163,"SUP003163","SUP-003163","Bengaluru Industrial Supply Co. 3163","contract_manufacturer","Bengaluru","Karnataka","India",60,76.0100,92.7600,"C","Y"
3164,"SUP003164","SUP-003164","Pune Industrial Supply Co. 3164","approved","Pune","Maharashtra","India",30,86.1700,95.6900,"B","Y"
3165,"SUP003165","SUP-003165","Ahmedabad Industrial Supply Co. 3165","spot","Ahmedabad","Gujarat","India",30,72.3500,96.4100,"C","Y"
3166,"SUP003166","SUP-003166","Mumbai Industrial Supply Co. 3166","strategic","Mumbai","Maharashtra","India",15,99.8000,97.4900,"A","Y"
3167,"SUP003167","SUP-003167","Kolkata Industrial Supply Co. 3167","approved","Kolkata","West Bengal","India",45,87.6600,97.8800,"B","Y"
3168,"SUP003168","SUP-003168","Agra Industrial Supply Co. 3168","approved","Agra","Uttar Pradesh","India",30,88.0500,99.9000,"B","Y"
3169,"SUP003169","SUP-003169","Chandigarh Industrial Supply Co. 3169","approved","Chandigarh","Chandigarh","India",30,85.3900,94.8400,"B","Y"
3170,"SUP003170","SUP-003170","Mumbai Industrial Supply Co. 3170","contract_manufacturer","Mumbai","Maharashtra","India",30,94.6700,95.3600,"B","Y"
3171,"SUP003171","SUP-003171","Agra Industrial Supply Co. 3171","strategic","Agra","Uttar Pradesh","India",30,83.7200,98.2200,"B","Y"
3172,"SUP003172","SUP-003172","Nagpur Industrial Supply Co. 3172","approved","Nagpur","Maharashtra","India",30,86.3000,96.2100,"B","Y"
3173,"SUP003173","SUP-003173","Mumbai Industrial Supply Co. 3173","approved","Mumbai","Maharashtra","India",30,82.1000,95.7300,"B","Y"
3174,"SUP003174","SUP-003174","Mysuru Industrial Supply Co. 3174","approved","Mysuru","Karnataka","India",30,81.8600,94.3100,"B","Y"
3175,"SUP003175","SUP-003175","Mysuru Industrial Supply Co. 3175","approved","Mysuru","Karnataka","India",15,98.5100,92.8700,"B","Y"
3176,"SUP003176","SUP-003176","Mysuru Industrial Supply Co. 3176","approved","Mysuru","Karnataka","India",45,86.1900,94.5600,"B","Y"
3177,"SUP003177","SUP-003177","Nagpur Industrial Supply Co. 3177","approved","Nagpur","Maharashtra","India",45,99.8000,97.8400,"A","Y"
3178,"SUP003178","SUP-003178","Bhubaneswar Industrial Supply Co. 3178","approved","Bhubaneswar","Odisha","India",30,85.9400,95.9400,"B","Y"
3179,"SUP003179","SUP-003179","Ahmedabad Industrial Supply Co. 3179","spot","Ahmedabad","Gujarat","India",60,79.4100,90.6400,"C","Y"
3180,"SUP003180","SUP-003180","Vijayawada Industrial Supply Co. 3180","approved","Vijayawada","Andhra Pradesh","India",45,90.0200,98.2500,"B","Y"
3181,"SUP003181","SUP-003181","Mangaluru Industrial Supply Co. 3181","contract_manufacturer","Mangaluru","Karnataka","India",15,81.7900,97.4600,"B","Y"
3182,"SUP003182","SUP-003182","Mangaluru Industrial Supply Co. 3182","approved","Mangaluru","Karnataka","India",15,99.8000,94.4200,"B","Y"
3183,"SUP003183","SUP-003183","Hyderabad Industrial Supply Co. 3183","strategic","Hyderabad","Telangana","India",45,84.0700,96.1600,"B","Y"
3184,"SUP003184","SUP-003184","Mangaluru Industrial Supply Co. 3184","approved","Mangaluru","Karnataka","India",45,94.6200,94.9500,"B","Y"
3185,"SUP003185","SUP-003185","Chandigarh Industrial Supply Co. 3185","approved","Chandigarh","Chandigarh","India",15,76.5100,99.9000,"C","Y"
3186,"SUP003186","SUP-003186","Mysuru Industrial Supply Co. 3186","approved","Mysuru","Karnataka","India",30,91.1200,91.7900,"B","Y"
3187,"SUP003187","SUP-003187","Mangaluru Industrial Supply Co. 3187","approved","Mangaluru","Karnataka","India",60,95.3000,94.9800,"B","Y"
3188,"SUP003188","SUP-003188","Vadodara Industrial Supply Co. 3188","contract_manufacturer","Vadodara","Gujarat","India",45,73.9800,90.8300,"C","Y"
3189,"SUP003189","SUP-003189","Chandigarh Industrial Supply Co. 3189","approved","Chandigarh","Chandigarh","India",30,80.5500,90.6000,"C","Y"
3190,"SUP003190","SUP-003190","Kolkata Industrial Supply Co. 3190","contract_manufacturer","Kolkata","West Bengal","India",30,92.2000,97.9200,"A","Y"
3191,"SUP003191","SUP-003191","Warangal Industrial Supply Co. 3191","strategic","Warangal","Telangana","India",30,99.8000,99.9000,"A","Y"
3192,"SUP003192","SUP-003192","Agra Industrial Supply Co. 3192","approved","Agra","Uttar Pradesh","India",30,82.5700,99.1600,"B","Y"
3193,"SUP003193","SUP-003193","Chandigarh Industrial Supply Co. 3193","approved","Chandigarh","Chandigarh","India",60,88.1900,95.9500,"B","Y"
3194,"SUP003194","SUP-003194","Lucknow Industrial Supply Co. 3194","approved","Lucknow","Uttar Pradesh","India",30,95.3600,93.2000,"B","Y"
3195,"SUP003195","SUP-003195","Nagpur Industrial Supply Co. 3195","spot","Nagpur","Maharashtra","India",30,93.6500,99.9000,"A","Y"
3196,"SUP003196","SUP-003196","Hyderabad Industrial Supply Co. 3196","strategic","Hyderabad","Telangana","India",45,84.4700,95.3100,"B","Y"
3197,"SUP003197","SUP-003197","Ranchi Industrial Supply Co. 3197","approved","Ranchi","Jharkhand","India",45,87.9900,99.9000,"B","Y"
3198,"SUP003198","SUP-003198","Indore Industrial Supply Co. 3198","strategic","Indore","Madhya Pradesh","India",15,93.0300,97.6000,"A","Y"
3199,"SUP003199","SUP-003199","Agra Industrial Supply Co. 3199","approved","Agra","Uttar Pradesh","India",45,89.4300,97.3900,"B","Y"
3200,"SUP003200","SUP-003200","Bengaluru Industrial Supply Co. 3200","contract_manufacturer","Bengaluru","Karnataka","India",60,74.5500,95.2900,"C","Y"
3201,"SUP003201","SUP-003201","Kolkata Industrial Supply Co. 3201","approved","Kolkata","West Bengal","India",30,90.4400,94.2300,"B","Y"
3202,"SUP003202","SUP-003202","Agra Industrial Supply Co. 3202","approved","Agra","Uttar Pradesh","India",15,83.5800,99.9000,"B","Y"
3203,"SUP003203","SUP-003203","Hyderabad Industrial Supply Co. 3203","approved","Hyderabad","Telangana","India",30,85.2900,90.1400,"C","Y"
3204,"SUP003204","SUP-003204","Noida Industrial Supply Co. 3204","approved","Noida","Uttar Pradesh","India",45,99.8000,97.8300,"A","Y"
3205,"SUP003205","SUP-003205","Mangaluru Industrial Supply Co. 3205","approved","Mangaluru","Karnataka","India",30,99.3500,92.3800,"B","Y"
3206,"SUP003206","SUP-003206","Nagpur Industrial Supply Co. 3206","approved","Nagpur","Maharashtra","India",15,91.1600,90.9700,"C","Y"
3207,"SUP003207","SUP-003207","Mangaluru Industrial Supply Co. 3207","approved","Mangaluru","Karnataka","India",15,93.9200,91.3100,"B","Y"
3208,"SUP003208","SUP-003208","Hyderabad Industrial Supply Co. 3208","strategic","Hyderabad","Telangana","India",45,91.4000,99.9000,"B","Y"
3209,"SUP003209","SUP-003209","Hyderabad Industrial Supply Co. 3209","spot","Hyderabad","Telangana","India",30,69.5400,98.3800,"C","Y"
3210,"SUP003210","SUP-003210","Noida Industrial Supply Co. 3210","strategic","Noida","Uttar Pradesh","India",60,88.4200,99.7900,"B","Y"
3211,"SUP003211","SUP-003211","Hyderabad Industrial Supply Co. 3211","spot","Hyderabad","Telangana","India",45,88.2100,93.9600,"B","Y"
3212,"SUP003212","SUP-003212","Ranchi Industrial Supply Co. 3212","approved","Ranchi","Jharkhand","India",45,83.8800,99.5200,"B","Y"
3213,"SUP003213","SUP-003213","Bhubaneswar Industrial Supply Co. 3213","approved","Bhubaneswar","Odisha","India",45,85.9400,94.8500,"B","Y"
3214,"SUP003214","SUP-003214","Mysuru Industrial Supply Co. 3214","contract_manufacturer","Mysuru","Karnataka","India",60,91.9300,96.0200,"B","Y"
3215,"SUP003215","SUP-003215","Mysuru Industrial Supply Co. 3215","approved","Mysuru","Karnataka","India",45,85.7500,96.3100,"B","Y"
3216,"SUP003216","SUP-003216","Indore Industrial Supply Co. 3216","approved","Indore","Madhya Pradesh","India",45,87.6500,94.5900,"B","Y"
3217,"SUP003217","SUP-003217","Jaipur Industrial Supply Co. 3217","approved","Jaipur","Rajasthan","India",60,83.6400,95.3900,"B","Y"
3218,"SUP003218","SUP-003218","Hyderabad Industrial Supply Co. 3218","spot","Hyderabad","Telangana","India",30,89.7300,94.5900,"B","Y"
3219,"SUP003219","SUP-003219","Lucknow Industrial Supply Co. 3219","spot","Lucknow","Uttar Pradesh","India",30,84.3700,94.2900,"B","Y"
3220,"SUP003220","SUP-003220","Nagpur Industrial Supply Co. 3220","spot","Nagpur","Maharashtra","India",30,73.6500,95.8600,"C","Y"
3221,"SUP003221","SUP-003221","Nagpur Industrial Supply Co. 3221","spot","Nagpur","Maharashtra","India",30,90.2200,92.0800,"B","Y"
3222,"SUP003222","SUP-003222","Nagpur Industrial Supply Co. 3222","approved","Nagpur","Maharashtra","India",45,92.8200,96.2400,"B","Y"
3223,"SUP003223","SUP-003223","Jaipur Industrial Supply Co. 3223","spot","Jaipur","Rajasthan","India",30,83.0600,93.6600,"B","Y"
3224,"SUP003224","SUP-003224","Indore Industrial Supply Co. 3224","contract_manufacturer","Indore","Madhya Pradesh","India",30,98.5000,93.0000,"B","Y"
3225,"SUP003225","SUP-003225","Mysuru Industrial Supply Co. 3225","approved","Mysuru","Karnataka","India",30,84.7000,96.5300,"B","Y"
3226,"SUP003226","SUP-003226","Chandigarh Industrial Supply Co. 3226","strategic","Chandigarh","Chandigarh","India",45,86.4700,95.2900,"B","Y"
3227,"SUP003227","SUP-003227","Ranchi Industrial Supply Co. 3227","contract_manufacturer","Ranchi","Jharkhand","India",45,83.6100,94.5700,"B","Y"
3228,"SUP003228","SUP-003228","Delhi Industrial Supply Co. 3228","approved","Delhi","Delhi","India",30,79.2700,94.2300,"C","Y"
3229,"SUP003229","SUP-003229","Mysuru Industrial Supply Co. 3229","approved","Mysuru","Karnataka","India",45,90.7500,89.8100,"C","Y"
3230,"SUP003230","SUP-003230","Agra Industrial Supply Co. 3230","approved","Agra","Uttar Pradesh","India",30,91.2500,88.9700,"C","Y"
3231,"SUP003231","SUP-003231","Bengaluru Industrial Supply Co. 3231","approved","Bengaluru","Karnataka","India",60,99.8000,97.3700,"A","Y"
3232,"SUP003232","SUP-003232","Surat Industrial Supply Co. 3232","strategic","Surat","Gujarat","India",30,85.0100,99.8300,"B","Y"
3233,"SUP003233","SUP-003233","Agra Industrial Supply Co. 3233","approved","Agra","Uttar Pradesh","India",45,89.7400,95.3900,"B","Y"
3234,"SUP003234","SUP-003234","Bhopal Industrial Supply Co. 3234","contract_manufacturer","Bhopal","Madhya Pradesh","India",30,83.1800,97.1300,"B","Y"
3235,"SUP003235","SUP-003235","Indore Industrial Supply Co. 3235","strategic","Indore","Madhya Pradesh","India",30,87.3700,95.1100,"B","Y"
3236,"SUP003236","SUP-003236","Nagpur Industrial Supply Co. 3236","approved","Nagpur","Maharashtra","India",45,80.7400,89.3600,"C","Y"
3237,"SUP003237","SUP-003237","Chandigarh Industrial Supply Co. 3237","spot","Chandigarh","Chandigarh","India",15,99.8000,95.6100,"B","Y"
3238,"SUP003238","SUP-003238","Bengaluru Industrial Supply Co. 3238","contract_manufacturer","Bengaluru","Karnataka","India",30,73.2000,93.2500,"C","Y"
3239,"SUP003239","SUP-003239","Jaipur Industrial Supply Co. 3239","spot","Jaipur","Rajasthan","India",45,97.7400,94.9300,"B","Y"
3240,"SUP003240","SUP-003240","Agra Industrial Supply Co. 3240","approved","Agra","Uttar Pradesh","India",45,91.0000,95.1700,"B","Y"
3241,"SUP003241","SUP-003241","Warangal Industrial Supply Co. 3241","approved","Warangal","Telangana","India",60,74.9900,92.4900,"C","Y"
3242,"SUP003242","SUP-003242","Bengaluru Industrial Supply Co. 3242","spot","Bengaluru","Karnataka","India",45,80.0100,99.7500,"B","Y"
3243,"SUP003243","SUP-003243","Warangal Industrial Supply Co. 3243","approved","Warangal","Telangana","India",30,79.3300,95.8400,"C","Y"
3244,"SUP003244","SUP-003244","Mumbai Industrial Supply Co. 3244","spot","Mumbai","Maharashtra","India",30,77.4400,98.9400,"C","Y"
3245,"SUP003245","SUP-003245","Bhubaneswar Industrial Supply Co. 3245","contract_manufacturer","Bhubaneswar","Odisha","India",30,90.5800,99.4800,"B","Y"
3246,"SUP003246","SUP-003246","Pune Industrial Supply Co. 3246","approved","Pune","Maharashtra","India",60,99.8000,94.9200,"B","Y"
3247,"SUP003247","SUP-003247","Delhi Industrial Supply Co. 3247","approved","Delhi","Delhi","India",30,80.7200,92.6800,"B","Y"
3248,"SUP003248","SUP-003248","Pune Industrial Supply Co. 3248","approved","Pune","Maharashtra","India",45,92.2900,96.9700,"B","Y"
3249,"SUP003249","SUP-003249","Bengaluru Industrial Supply Co. 3249","strategic","Bengaluru","Karnataka","India",60,85.4600,97.8000,"B","Y"
3250,"SUP003250","SUP-003250","Bhopal Industrial Supply Co. 3250","contract_manufacturer","Bhopal","Madhya Pradesh","India",30,75.7300,94.1200,"C","Y"
3251,"SUP003251","SUP-003251","Noida Industrial Supply Co. 3251","strategic","Noida","Uttar Pradesh","India",30,77.0600,99.9000,"C","Y"
3252,"SUP003252","SUP-003252","Vijayawada Industrial Supply Co. 3252","approved","Vijayawada","Andhra Pradesh","India",30,94.7500,96.3000,"B","Y"
3253,"SUP003253","SUP-003253","Pune Industrial Supply Co. 3253","approved","Pune","Maharashtra","India",30,94.9100,96.0400,"B","Y"
3254,"SUP003254","SUP-003254","Vadodara Industrial Supply Co. 3254","spot","Vadodara","Gujarat","India",60,89.5500,99.9000,"B","Y"
3255,"SUP003255","SUP-003255","Chandigarh Industrial Supply Co. 3255","strategic","Chandigarh","Chandigarh","India",60,86.5000,97.7700,"B","Y"
3256,"SUP003256","SUP-003256","Vijayawada Industrial Supply Co. 3256","approved","Vijayawada","Andhra Pradesh","India",60,86.6800,98.1600,"B","Y"
3257,"SUP003257","SUP-003257","Bengaluru Industrial Supply Co. 3257","spot","Bengaluru","Karnataka","India",30,99.8000,90.7600,"C","Y"
3258,"SUP003258","SUP-003258","Lucknow Industrial Supply Co. 3258","strategic","Lucknow","Uttar Pradesh","India",15,78.8900,87.5800,"C","Y"
3259,"SUP003259","SUP-003259","Agra Industrial Supply Co. 3259","spot","Agra","Uttar Pradesh","India",30,94.3700,98.2200,"A","Y"
3260,"SUP003260","SUP-003260","Chandigarh Industrial Supply Co. 3260","contract_manufacturer","Chandigarh","Chandigarh","India",30,95.6600,94.7200,"B","Y"
3261,"SUP003261","SUP-003261","Pune Industrial Supply Co. 3261","strategic","Pune","Maharashtra","India",30,92.0800,96.3100,"B","Y"
3262,"SUP003262","SUP-003262","Kolkata Industrial Supply Co. 3262","approved","Kolkata","West Bengal","India",45,77.3200,94.4300,"C","Y"
3263,"SUP003263","SUP-003263","Delhi Industrial Supply Co. 3263","strategic","Delhi","Delhi","India",30,89.5500,98.2100,"B","Y"
3264,"SUP003264","SUP-003264","Surat Industrial Supply Co. 3264","approved","Surat","Gujarat","India",30,86.6400,92.3200,"B","Y"
3265,"SUP003265","SUP-003265","Mysuru Industrial Supply Co. 3265","strategic","Mysuru","Karnataka","India",45,81.9800,96.3700,"B","Y"
3266,"SUP003266","SUP-003266","Kolkata Industrial Supply Co. 3266","approved","Kolkata","West Bengal","India",30,85.4600,97.5900,"B","Y"
3267,"SUP003267","SUP-003267","Lucknow Industrial Supply Co. 3267","strategic","Lucknow","Uttar Pradesh","India",30,74.0100,98.3800,"C","Y"
3268,"SUP003268","SUP-003268","Pune Industrial Supply Co. 3268","approved","Pune","Maharashtra","India",30,79.4700,94.7500,"C","Y"
3269,"SUP003269","SUP-003269","Hyderabad Industrial Supply Co. 3269","strategic","Hyderabad","Telangana","India",30,82.6200,96.4100,"B","Y"
3270,"SUP003270","SUP-003270","Nashik Industrial Supply Co. 3270","strategic","Nashik","Maharashtra","India",30,83.8700,91.6800,"B","Y"
3271,"SUP003271","SUP-003271","Agra Industrial Supply Co. 3271","spot","Agra","Uttar Pradesh","India",15,88.0300,95.6600,"B","Y"
3272,"SUP003272","SUP-003272","Mysuru Industrial Supply Co. 3272","spot","Mysuru","Karnataka","India",60,95.5600,96.7900,"B","Y"
3273,"SUP003273","SUP-003273","Mysuru Industrial Supply Co. 3273","contract_manufacturer","Mysuru","Karnataka","India",60,73.3700,93.4600,"C","Y"
3274,"SUP003274","SUP-003274","Lucknow Industrial Supply Co. 3274","approved","Lucknow","Uttar Pradesh","India",60,89.4900,94.8400,"B","Y"
3275,"SUP003275","SUP-003275","Hyderabad Industrial Supply Co. 3275","approved","Hyderabad","Telangana","India",30,94.8400,94.2600,"B","Y"
3276,"SUP003276","SUP-003276","Bhopal Industrial Supply Co. 3276","strategic","Bhopal","Madhya Pradesh","India",45,99.8000,98.7300,"A","Y"
3277,"SUP003277","SUP-003277","Ranchi Industrial Supply Co. 3277","spot","Ranchi","Jharkhand","India",60,94.4500,94.6100,"B","Y"
3278,"SUP003278","SUP-003278","Surat Industrial Supply Co. 3278","approved","Surat","Gujarat","India",15,98.5400,98.2700,"A","Y"
3279,"SUP003279","SUP-003279","Bhopal Industrial Supply Co. 3279","contract_manufacturer","Bhopal","Madhya Pradesh","India",60,75.3100,97.2400,"C","Y"
3280,"SUP003280","SUP-003280","Mysuru Industrial Supply Co. 3280","strategic","Mysuru","Karnataka","India",45,91.2300,94.3900,"B","Y"
3281,"SUP003281","SUP-003281","Mysuru Industrial Supply Co. 3281","approved","Mysuru","Karnataka","India",30,93.9900,99.9000,"A","Y"
3282,"SUP003282","SUP-003282","Mumbai Industrial Supply Co. 3282","spot","Mumbai","Maharashtra","India",45,74.6200,99.7700,"C","Y"
3283,"SUP003283","SUP-003283","Agra Industrial Supply Co. 3283","approved","Agra","Uttar Pradesh","India",45,95.0500,95.1700,"B","Y"
3284,"SUP003284","SUP-003284","Bhopal Industrial Supply Co. 3284","approved","Bhopal","Madhya Pradesh","India",30,74.9300,92.2400,"C","Y"
3285,"SUP003285","SUP-003285","Hyderabad Industrial Supply Co. 3285","spot","Hyderabad","Telangana","India",45,73.6400,91.2400,"C","Y"
3286,"SUP003286","SUP-003286","Hyderabad Industrial Supply Co. 3286","approved","Hyderabad","Telangana","India",60,85.8200,93.0400,"B","Y"
3287,"SUP003287","SUP-003287","Chandigarh Industrial Supply Co. 3287","spot","Chandigarh","Chandigarh","India",60,82.2600,92.4100,"B","Y"
3288,"SUP003288","SUP-003288","Agra Industrial Supply Co. 3288","approved","Agra","Uttar Pradesh","India",45,69.1300,95.6600,"C","Y"
3289,"SUP003289","SUP-003289","Bengaluru Industrial Supply Co. 3289","approved","Bengaluru","Karnataka","India",30,93.8300,92.6500,"B","Y"
3290,"SUP003290","SUP-003290","Jaipur Industrial Supply Co. 3290","approved","Jaipur","Rajasthan","India",60,95.6000,99.3100,"A","Y"
3291,"SUP003291","SUP-003291","Pune Industrial Supply Co. 3291","strategic","Pune","Maharashtra","India",45,88.5600,96.4300,"B","Y"
3292,"SUP003292","SUP-003292","Kolkata Industrial Supply Co. 3292","contract_manufacturer","Kolkata","West Bengal","India",30,85.4300,93.4900,"B","Y"
3293,"SUP003293","SUP-003293","Vadodara Industrial Supply Co. 3293","spot","Vadodara","Gujarat","India",45,80.3100,97.0300,"B","Y"
3294,"SUP003294","SUP-003294","Bengaluru Industrial Supply Co. 3294","strategic","Bengaluru","Karnataka","India",45,93.9100,97.4600,"A","Y"
3295,"SUP003295","SUP-003295","Mangaluru Industrial Supply Co. 3295","spot","Mangaluru","Karnataka","India",30,87.1700,92.7600,"B","Y"
3296,"SUP003296","SUP-003296","Mangaluru Industrial Supply Co. 3296","spot","Mangaluru","Karnataka","India",15,99.7400,91.0400,"B","Y"
3297,"SUP003297","SUP-003297","Chandigarh Industrial Supply Co. 3297","approved","Chandigarh","Chandigarh","India",45,87.1100,98.2900,"B","Y"
3298,"SUP003298","SUP-003298","Vijayawada Industrial Supply Co. 3298","strategic","Vijayawada","Andhra Pradesh","India",30,86.1300,97.3300,"B","Y"
3299,"SUP003299","SUP-003299","Kolkata Industrial Supply Co. 3299","approved","Kolkata","West Bengal","India",45,99.8000,95.2100,"B","Y"
3300,"SUP003300","SUP-003300","Mangaluru Industrial Supply Co. 3300","approved","Mangaluru","Karnataka","India",15,77.1800,93.9400,"C","Y"
3301,"SUP003301","SUP-003301","Pune Industrial Supply Co. 3301","strategic","Pune","Maharashtra","India",30,78.3400,98.2200,"C","Y"
3302,"SUP003302","SUP-003302","Nagpur Industrial Supply Co. 3302","approved","Nagpur","Maharashtra","India",30,86.5900,98.6800,"B","Y"
3303,"SUP003303","SUP-003303","Pune Industrial Supply Co. 3303","approved","Pune","Maharashtra","India",45,94.9600,96.2600,"B","Y"
3304,"SUP003304","SUP-003304","Hyderabad Industrial Supply Co. 3304","strategic","Hyderabad","Telangana","India",45,92.7100,94.2500,"B","Y"
3305,"SUP003305","SUP-003305","Warangal Industrial Supply Co. 3305","spot","Warangal","Telangana","India",30,94.6400,94.4200,"B","Y"
3306,"SUP003306","SUP-003306","Hyderabad Industrial Supply Co. 3306","contract_manufacturer","Hyderabad","Telangana","India",30,99.8000,96.5900,"B","Y"
3307,"SUP003307","SUP-003307","Bengaluru Industrial Supply Co. 3307","approved","Bengaluru","Karnataka","India",45,87.8300,92.6800,"B","Y"
3308,"SUP003308","SUP-003308","Chandigarh Industrial Supply Co. 3308","approved","Chandigarh","Chandigarh","India",30,77.7000,93.9900,"C","Y"
3309,"SUP003309","SUP-003309","Pune Industrial Supply Co. 3309","contract_manufacturer","Pune","Maharashtra","India",30,92.9700,92.7400,"B","Y"
3310,"SUP003310","SUP-003310","Ranchi Industrial Supply Co. 3310","approved","Ranchi","Jharkhand","India",30,70.8200,96.9300,"C","Y"
3311,"SUP003311","SUP-003311","Warangal Industrial Supply Co. 3311","strategic","Warangal","Telangana","India",45,93.9600,93.8600,"B","Y"
3312,"SUP003312","SUP-003312","Ahmedabad Industrial Supply Co. 3312","approved","Ahmedabad","Gujarat","India",45,95.6300,94.3300,"B","Y"
3313,"SUP003313","SUP-003313","Nashik Industrial Supply Co. 3313","strategic","Nashik","Maharashtra","India",15,99.3300,94.9200,"B","Y"
3314,"SUP003314","SUP-003314","Indore Industrial Supply Co. 3314","contract_manufacturer","Indore","Madhya Pradesh","India",45,89.5600,94.5700,"B","Y"
3315,"SUP003315","SUP-003315","Surat Industrial Supply Co. 3315","approved","Surat","Gujarat","India",60,89.7300,99.9000,"B","Y"
3316,"SUP003316","SUP-003316","Indore Industrial Supply Co. 3316","approved","Indore","Madhya Pradesh","India",30,78.7300,98.3600,"C","Y"
3317,"SUP003317","SUP-003317","Jaipur Industrial Supply Co. 3317","contract_manufacturer","Jaipur","Rajasthan","India",30,88.8600,92.8300,"B","Y"
3318,"SUP003318","SUP-003318","Vadodara Industrial Supply Co. 3318","approved","Vadodara","Gujarat","India",45,86.9700,92.7500,"B","Y"
3319,"SUP003319","SUP-003319","Mysuru Industrial Supply Co. 3319","spot","Mysuru","Karnataka","India",30,67.9600,92.5300,"C","Y"
3320,"SUP003320","SUP-003320","Indore Industrial Supply Co. 3320","contract_manufacturer","Indore","Madhya Pradesh","India",30,86.3600,93.8800,"B","Y"
3321,"SUP003321","SUP-003321","Bhubaneswar Industrial Supply Co. 3321","spot","Bhubaneswar","Odisha","India",30,84.2000,96.9500,"B","Y"
3322,"SUP003322","SUP-003322","Indore Industrial Supply Co. 3322","approved","Indore","Madhya Pradesh","India",30,88.8200,86.8700,"C","Y"
3323,"SUP003323","SUP-003323","Bhubaneswar Industrial Supply Co. 3323","spot","Bhubaneswar","Odisha","India",30,77.9400,93.3200,"C","Y"
3324,"SUP003324","SUP-003324","Mangaluru Industrial Supply Co. 3324","approved","Mangaluru","Karnataka","India",30,89.4400,99.9000,"B","Y"
3325,"SUP003325","SUP-003325","Nashik Industrial Supply Co. 3325","strategic","Nashik","Maharashtra","India",60,80.4300,96.8300,"B","Y"
3326,"SUP003326","SUP-003326","Warangal Industrial Supply Co. 3326","approved","Warangal","Telangana","India",60,86.3200,90.6800,"C","Y"
3327,"SUP003327","SUP-003327","Agra Industrial Supply Co. 3327","approved","Agra","Uttar Pradesh","India",15,91.1300,91.0600,"B","Y"
3328,"SUP003328","SUP-003328","Agra Industrial Supply Co. 3328","approved","Agra","Uttar Pradesh","India",30,78.1100,94.0100,"C","Y"
3329,"SUP003329","SUP-003329","Ranchi Industrial Supply Co. 3329","approved","Ranchi","Jharkhand","India",15,89.8500,97.1700,"B","Y"
3330,"SUP003330","SUP-003330","Jaipur Industrial Supply Co. 3330","approved","Jaipur","Rajasthan","India",15,94.7400,91.7000,"B","Y"
3331,"SUP003331","SUP-003331","Ahmedabad Industrial Supply Co. 3331","approved","Ahmedabad","Gujarat","India",45,96.4900,92.9700,"B","Y"
3332,"SUP003332","SUP-003332","Bhopal Industrial Supply Co. 3332","approved","Bhopal","Madhya Pradesh","India",60,88.5500,97.8200,"B","Y"
3333,"SUP003333","SUP-003333","Delhi Industrial Supply Co. 3333","contract_manufacturer","Delhi","Delhi","India",15,91.3600,94.4800,"B","Y"
3334,"SUP003334","SUP-003334","Chandigarh Industrial Supply Co. 3334","approved","Chandigarh","Chandigarh","India",15,80.7500,97.5100,"B","Y"
3335,"SUP003335","SUP-003335","Chandigarh Industrial Supply Co. 3335","approved","Chandigarh","Chandigarh","India",45,82.2700,93.1000,"B","Y"
3336,"SUP003336","SUP-003336","Bhubaneswar Industrial Supply Co. 3336","approved","Bhubaneswar","Odisha","India",15,98.9800,98.0400,"A","Y"
3337,"SUP003337","SUP-003337","Jaipur Industrial Supply Co. 3337","strategic","Jaipur","Rajasthan","India",30,88.5400,98.6900,"B","Y"
3338,"SUP003338","SUP-003338","Ahmedabad Industrial Supply Co. 3338","approved","Ahmedabad","Gujarat","India",30,86.1600,91.4300,"B","Y"
3339,"SUP003339","SUP-003339","Indore Industrial Supply Co. 3339","contract_manufacturer","Indore","Madhya Pradesh","India",45,84.7100,96.3000,"B","Y"
3340,"SUP003340","SUP-003340","Kolkata Industrial Supply Co. 3340","approved","Kolkata","West Bengal","India",45,99.8000,96.8300,"B","Y"
3341,"SUP003341","SUP-003341","Kolkata Industrial Supply Co. 3341","approved","Kolkata","West Bengal","India",30,82.5100,93.6400,"B","Y"
3342,"SUP003342","SUP-003342","Hyderabad Industrial Supply Co. 3342","approved","Hyderabad","Telangana","India",45,83.9400,97.1400,"B","Y"
3343,"SUP003343","SUP-003343","Kolkata Industrial Supply Co. 3343","approved","Kolkata","West Bengal","India",30,74.0200,97.7600,"C","Y"
3344,"SUP003344","SUP-003344","Lucknow Industrial Supply Co. 3344","contract_manufacturer","Lucknow","Uttar Pradesh","India",60,78.4900,97.9200,"C","Y"
3345,"SUP003345","SUP-003345","Nashik Industrial Supply Co. 3345","approved","Nashik","Maharashtra","India",45,70.3200,89.9300,"C","Y"
3346,"SUP003346","SUP-003346","Lucknow Industrial Supply Co. 3346","approved","Lucknow","Uttar Pradesh","India",45,81.1200,96.4500,"B","Y"
3347,"SUP003347","SUP-003347","Kolkata Industrial Supply Co. 3347","approved","Kolkata","West Bengal","India",15,87.9800,99.9000,"B","Y"
3348,"SUP003348","SUP-003348","Noida Industrial Supply Co. 3348","strategic","Noida","Uttar Pradesh","India",45,89.1300,97.6500,"B","Y"
3349,"SUP003349","SUP-003349","Vijayawada Industrial Supply Co. 3349","approved","Vijayawada","Andhra Pradesh","India",30,89.4400,96.0700,"B","Y"
3350,"SUP003350","SUP-003350","Kolkata Industrial Supply Co. 3350","strategic","Kolkata","West Bengal","India",30,89.8800,97.5800,"B","Y"
3351,"SUP003351","SUP-003351","Pune Industrial Supply Co. 3351","contract_manufacturer","Pune","Maharashtra","India",30,90.9600,97.9400,"B","Y"
3352,"SUP003352","SUP-003352","Mysuru Industrial Supply Co. 3352","strategic","Mysuru","Karnataka","India",15,76.7300,99.9000,"C","Y"
3353,"SUP003353","SUP-003353","Vadodara Industrial Supply Co. 3353","strategic","Vadodara","Gujarat","India",30,66.2200,95.3400,"C","Y"
3354,"SUP003354","SUP-003354","Bengaluru Industrial Supply Co. 3354","approved","Bengaluru","Karnataka","India",30,82.5000,92.2800,"B","Y"
3355,"SUP003355","SUP-003355","Lucknow Industrial Supply Co. 3355","approved","Lucknow","Uttar Pradesh","India",45,99.6600,92.5400,"B","Y"
3356,"SUP003356","SUP-003356","Pune Industrial Supply Co. 3356","approved","Pune","Maharashtra","India",45,97.5700,95.0900,"B","Y"
3357,"SUP003357","SUP-003357","Pune Industrial Supply Co. 3357","approved","Pune","Maharashtra","India",15,91.1600,96.4900,"B","Y"
3358,"SUP003358","SUP-003358","Jaipur Industrial Supply Co. 3358","approved","Jaipur","Rajasthan","India",45,87.6900,92.9300,"B","Y"
3359,"SUP003359","SUP-003359","Vijayawada Industrial Supply Co. 3359","spot","Vijayawada","Andhra Pradesh","India",30,99.8000,96.3600,"B","Y"
3360,"SUP003360","SUP-003360","Nagpur Industrial Supply Co. 3360","approved","Nagpur","Maharashtra","India",30,96.7500,97.0800,"A","Y"
3361,"SUP003361","SUP-003361","Surat Industrial Supply Co. 3361","contract_manufacturer","Surat","Gujarat","India",45,91.0600,95.7300,"B","Y"
3362,"SUP003362","SUP-003362","Mumbai Industrial Supply Co. 3362","strategic","Mumbai","Maharashtra","India",45,95.4800,99.9000,"A","Y"
3363,"SUP003363","SUP-003363","Vadodara Industrial Supply Co. 3363","approved","Vadodara","Gujarat","India",30,93.7300,97.7800,"A","Y"
3364,"SUP003364","SUP-003364","Pune Industrial Supply Co. 3364","approved","Pune","Maharashtra","India",15,76.9200,95.9100,"C","Y"
3365,"SUP003365","SUP-003365","Pune Industrial Supply Co. 3365","contract_manufacturer","Pune","Maharashtra","India",30,80.9500,91.2800,"B","Y"
3366,"SUP003366","SUP-003366","Vijayawada Industrial Supply Co. 3366","approved","Vijayawada","Andhra Pradesh","India",30,91.5700,94.8000,"B","Y"
3367,"SUP003367","SUP-003367","Noida Industrial Supply Co. 3367","spot","Noida","Uttar Pradesh","India",45,90.7600,90.4800,"C","Y"
3368,"SUP003368","SUP-003368","Hyderabad Industrial Supply Co. 3368","approved","Hyderabad","Telangana","India",60,80.7300,95.6600,"B","Y"
3369,"SUP003369","SUP-003369","Bhubaneswar Industrial Supply Co. 3369","strategic","Bhubaneswar","Odisha","India",15,81.9900,93.7400,"B","Y"
3370,"SUP003370","SUP-003370","Hyderabad Industrial Supply Co. 3370","approved","Hyderabad","Telangana","India",60,86.6800,95.3200,"B","Y"
3371,"SUP003371","SUP-003371","Bhopal Industrial Supply Co. 3371","approved","Bhopal","Madhya Pradesh","India",45,80.5300,99.9000,"B","Y"
3372,"SUP003372","SUP-003372","Jaipur Industrial Supply Co. 3372","contract_manufacturer","Jaipur","Rajasthan","India",30,95.0100,92.3600,"B","Y"
3373,"SUP003373","SUP-003373","Bengaluru Industrial Supply Co. 3373","approved","Bengaluru","Karnataka","India",45,87.7500,96.4100,"B","Y"
3374,"SUP003374","SUP-003374","Hyderabad Industrial Supply Co. 3374","strategic","Hyderabad","Telangana","India",45,73.7400,96.6400,"C","Y"
3375,"SUP003375","SUP-003375","Nagpur Industrial Supply Co. 3375","strategic","Nagpur","Maharashtra","India",30,98.4100,94.1900,"B","Y"
3376,"SUP003376","SUP-003376","Bengaluru Industrial Supply Co. 3376","contract_manufacturer","Bengaluru","Karnataka","India",30,81.7000,99.9000,"B","Y"
3377,"SUP003377","SUP-003377","Nagpur Industrial Supply Co. 3377","strategic","Nagpur","Maharashtra","India",45,88.6700,98.2000,"B","Y"
3378,"SUP003378","SUP-003378","Vijayawada Industrial Supply Co. 3378","approved","Vijayawada","Andhra Pradesh","India",30,99.8000,93.1800,"B","Y"
3379,"SUP003379","SUP-003379","Ahmedabad Industrial Supply Co. 3379","spot","Ahmedabad","Gujarat","India",15,79.6600,98.6100,"C","Y"
3380,"SUP003380","SUP-003380","Vadodara Industrial Supply Co. 3380","spot","Vadodara","Gujarat","India",45,84.4900,98.3000,"B","Y"
3381,"SUP003381","SUP-003381","Kolkata Industrial Supply Co. 3381","spot","Kolkata","West Bengal","India",30,86.0200,97.6700,"B","Y"
3382,"SUP003382","SUP-003382","Nashik Industrial Supply Co. 3382","approved","Nashik","Maharashtra","India",30,91.2400,95.7200,"B","Y"
3383,"SUP003383","SUP-003383","Surat Industrial Supply Co. 3383","strategic","Surat","Gujarat","India",45,99.8000,93.4500,"B","Y"
3384,"SUP003384","SUP-003384","Vadodara Industrial Supply Co. 3384","approved","Vadodara","Gujarat","India",30,65.9100,96.9300,"C","Y"
3385,"SUP003385","SUP-003385","Bhubaneswar Industrial Supply Co. 3385","contract_manufacturer","Bhubaneswar","Odisha","India",45,95.1300,93.4400,"B","Y"
3386,"SUP003386","SUP-003386","Vadodara Industrial Supply Co. 3386","strategic","Vadodara","Gujarat","India",60,95.5200,96.8700,"B","Y"
3387,"SUP003387","SUP-003387","Mysuru Industrial Supply Co. 3387","approved","Mysuru","Karnataka","India",60,75.5200,98.1400,"C","Y"
3388,"SUP003388","SUP-003388","Chandigarh Industrial Supply Co. 3388","spot","Chandigarh","Chandigarh","India",30,96.5600,99.5100,"A","Y"
3389,"SUP003389","SUP-003389","Ahmedabad Industrial Supply Co. 3389","spot","Ahmedabad","Gujarat","India",45,79.4300,99.9000,"C","Y"
3390,"SUP003390","SUP-003390","Mumbai Industrial Supply Co. 3390","spot","Mumbai","Maharashtra","India",15,90.1900,96.4600,"B","Y"
3391,"SUP003391","SUP-003391","Pune Industrial Supply Co. 3391","spot","Pune","Maharashtra","India",45,94.8500,96.8200,"B","Y"
3392,"SUP003392","SUP-003392","Nagpur Industrial Supply Co. 3392","approved","Nagpur","Maharashtra","India",45,89.1600,97.2600,"B","Y"
3393,"SUP003393","SUP-003393","Nashik Industrial Supply Co. 3393","approved","Nashik","Maharashtra","India",30,74.9100,94.6300,"C","Y"
3394,"SUP003394","SUP-003394","Delhi Industrial Supply Co. 3394","approved","Delhi","Delhi","India",45,69.8400,96.1100,"C","Y"
3395,"SUP003395","SUP-003395","Pune Industrial Supply Co. 3395","strategic","Pune","Maharashtra","India",15,99.8000,96.0300,"B","Y"
3396,"SUP003396","SUP-003396","Warangal Industrial Supply Co. 3396","approved","Warangal","Telangana","India",30,92.6000,92.6400,"B","Y"
3397,"SUP003397","SUP-003397","Jaipur Industrial Supply Co. 3397","approved","Jaipur","Rajasthan","India",15,88.1300,91.4400,"B","Y"
3398,"SUP003398","SUP-003398","Bhubaneswar Industrial Supply Co. 3398","approved","Bhubaneswar","Odisha","India",60,85.1500,92.8600,"B","Y"
3399,"SUP003399","SUP-003399","Nashik Industrial Supply Co. 3399","strategic","Nashik","Maharashtra","India",60,92.5500,95.8000,"B","Y"
3400,"SUP003400","SUP-003400","Mangaluru Industrial Supply Co. 3400","approved","Mangaluru","Karnataka","India",15,99.8000,96.3500,"B","Y"
3401,"SUP003401","SUP-003401","Mangaluru Industrial Supply Co. 3401","strategic","Mangaluru","Karnataka","India",30,99.8000,90.0800,"C","Y"
3402,"SUP003402","SUP-003402","Nashik Industrial Supply Co. 3402","approved","Nashik","Maharashtra","India",30,77.5000,99.9000,"C","Y"
3403,"SUP003403","SUP-003403","Delhi Industrial Supply Co. 3403","spot","Delhi","Delhi","India",45,95.1400,90.4600,"C","Y"
3404,"SUP003404","SUP-003404","Kolkata Industrial Supply Co. 3404","spot","Kolkata","West Bengal","India",60,97.0800,99.9000,"A","Y"
3405,"SUP003405","SUP-003405","Noida Industrial Supply Co. 3405","approved","Noida","Uttar Pradesh","India",30,84.5100,97.4800,"B","Y"
3406,"SUP003406","SUP-003406","Kolkata Industrial Supply Co. 3406","spot","Kolkata","West Bengal","India",45,93.0900,87.0400,"C","Y"
3407,"SUP003407","SUP-003407","Lucknow Industrial Supply Co. 3407","approved","Lucknow","Uttar Pradesh","India",45,99.8000,98.5800,"A","Y"
3408,"SUP003408","SUP-003408","Jaipur Industrial Supply Co. 3408","approved","Jaipur","Rajasthan","India",45,88.3800,95.1600,"B","Y"
3409,"SUP003409","SUP-003409","Mumbai Industrial Supply Co. 3409","spot","Mumbai","Maharashtra","India",45,89.4600,98.8100,"B","Y"
3410,"SUP003410","SUP-003410","Nashik Industrial Supply Co. 3410","strategic","Nashik","Maharashtra","India",30,89.1600,96.1900,"B","Y"
3411,"SUP003411","SUP-003411","Delhi Industrial Supply Co. 3411","strategic","Delhi","Delhi","India",45,86.2600,93.8500,"B","Y"
3412,"SUP003412","SUP-003412","Delhi Industrial Supply Co. 3412","approved","Delhi","Delhi","India",45,99.8000,99.9000,"A","Y"
3413,"SUP003413","SUP-003413","Vadodara Industrial Supply Co. 3413","spot","Vadodara","Gujarat","India",45,91.3600,91.5000,"B","Y"
3414,"SUP003414","SUP-003414","Agra Industrial Supply Co. 3414","approved","Agra","Uttar Pradesh","India",60,99.8000,98.3000,"A","Y"
3415,"SUP003415","SUP-003415","Nagpur Industrial Supply Co. 3415","contract_manufacturer","Nagpur","Maharashtra","India",30,79.0800,95.2000,"C","Y"
3416,"SUP003416","SUP-003416","Kolkata Industrial Supply Co. 3416","spot","Kolkata","West Bengal","India",15,86.9300,95.4100,"B","Y"
3417,"SUP003417","SUP-003417","Surat Industrial Supply Co. 3417","strategic","Surat","Gujarat","India",30,85.6300,94.7000,"B","Y"
3418,"SUP003418","SUP-003418","Pune Industrial Supply Co. 3418","approved","Pune","Maharashtra","India",45,88.6300,99.9000,"B","Y"
3419,"SUP003419","SUP-003419","Hyderabad Industrial Supply Co. 3419","contract_manufacturer","Hyderabad","Telangana","India",45,88.1400,92.3800,"B","Y"
3420,"SUP003420","SUP-003420","Vadodara Industrial Supply Co. 3420","strategic","Vadodara","Gujarat","India",15,80.2200,99.8100,"B","Y"
3421,"SUP003421","SUP-003421","Ahmedabad Industrial Supply Co. 3421","strategic","Ahmedabad","Gujarat","India",30,85.7200,94.1600,"B","Y"
3422,"SUP003422","SUP-003422","Ahmedabad Industrial Supply Co. 3422","contract_manufacturer","Ahmedabad","Gujarat","India",60,99.8000,97.8300,"A","Y"
3423,"SUP003423","SUP-003423","Jaipur Industrial Supply Co. 3423","approved","Jaipur","Rajasthan","India",30,75.7400,95.7700,"C","Y"
3424,"SUP003424","SUP-003424","Vijayawada Industrial Supply Co. 3424","approved","Vijayawada","Andhra Pradesh","India",30,99.8000,99.9000,"A","Y"
3425,"SUP003425","SUP-003425","Delhi Industrial Supply Co. 3425","approved","Delhi","Delhi","India",30,65.8500,93.1700,"C","Y"
3426,"SUP003426","SUP-003426","Surat Industrial Supply Co. 3426","approved","Surat","Gujarat","India",45,60.0200,94.6800,"C","Y"
3427,"SUP003427","SUP-003427","Hyderabad Industrial Supply Co. 3427","approved","Hyderabad","Telangana","India",45,91.2200,95.6100,"B","Y"
3428,"SUP003428","SUP-003428","Kolkata Industrial Supply Co. 3428","spot","Kolkata","West Bengal","India",30,87.5600,97.3600,"B","Y"
3429,"SUP003429","SUP-003429","Delhi Industrial Supply Co. 3429","approved","Delhi","Delhi","India",60,96.1500,93.4200,"B","Y"
3430,"SUP003430","SUP-003430","Delhi Industrial Supply Co. 3430","approved","Delhi","Delhi","India",45,84.4600,98.8200,"B","Y"
3431,"SUP003431","SUP-003431","Bhopal Industrial Supply Co. 3431","strategic","Bhopal","Madhya Pradesh","India",60,87.5400,95.7000,"B","Y"
3432,"SUP003432","SUP-003432","Agra Industrial Supply Co. 3432","approved","Agra","Uttar Pradesh","India",30,91.1100,96.2600,"B","Y"
3433,"SUP003433","SUP-003433","Nagpur Industrial Supply Co. 3433","strategic","Nagpur","Maharashtra","India",30,87.9000,99.9000,"B","Y"
3434,"SUP003434","SUP-003434","Kolkata Industrial Supply Co. 3434","spot","Kolkata","West Bengal","India",45,95.3300,93.3800,"B","Y"
3435,"SUP003435","SUP-003435","Hyderabad Industrial Supply Co. 3435","approved","Hyderabad","Telangana","India",45,85.7700,98.9000,"B","Y"
3436,"SUP003436","SUP-003436","Indore Industrial Supply Co. 3436","contract_manufacturer","Indore","Madhya Pradesh","India",45,87.5300,97.2600,"B","Y"
3437,"SUP003437","SUP-003437","Warangal Industrial Supply Co. 3437","approved","Warangal","Telangana","India",45,89.4000,91.2700,"B","Y"
3438,"SUP003438","SUP-003438","Agra Industrial Supply Co. 3438","spot","Agra","Uttar Pradesh","India",45,74.2300,97.2800,"C","Y"
3439,"SUP003439","SUP-003439","Nashik Industrial Supply Co. 3439","strategic","Nashik","Maharashtra","India",45,84.1600,91.8200,"B","Y"
3440,"SUP003440","SUP-003440","Nagpur Industrial Supply Co. 3440","contract_manufacturer","Nagpur","Maharashtra","India",30,87.2600,92.3100,"B","Y"
3441,"SUP003441","SUP-003441","Vadodara Industrial Supply Co. 3441","approved","Vadodara","Gujarat","India",45,85.8300,99.9000,"B","Y"
3442,"SUP003442","SUP-003442","Mysuru Industrial Supply Co. 3442","strategic","Mysuru","Karnataka","India",30,80.8300,93.9100,"B","Y"
3443,"SUP003443","SUP-003443","Noida Industrial Supply Co. 3443","approved","Noida","Uttar Pradesh","India",30,99.7300,97.4000,"A","Y"
3444,"SUP003444","SUP-003444","Mangaluru Industrial Supply Co. 3444","approved","Mangaluru","Karnataka","India",30,85.4000,98.9900,"B","Y"
3445,"SUP003445","SUP-003445","Jaipur Industrial Supply Co. 3445","approved","Jaipur","Rajasthan","India",30,89.5000,95.3500,"B","Y"
3446,"SUP003446","SUP-003446","Bhubaneswar Industrial Supply Co. 3446","spot","Bhubaneswar","Odisha","India",30,99.7800,91.5700,"B","Y"
3447,"SUP003447","SUP-003447","Nagpur Industrial Supply Co. 3447","contract_manufacturer","Nagpur","Maharashtra","India",45,93.5500,96.4200,"B","Y"
3448,"SUP003448","SUP-003448","Surat Industrial Supply Co. 3448","contract_manufacturer","Surat","Gujarat","India",30,99.8000,99.9000,"A","Y"
3449,"SUP003449","SUP-003449","Lucknow Industrial Supply Co. 3449","strategic","Lucknow","Uttar Pradesh","India",45,84.3300,97.7900,"B","Y"
3450,"SUP003450","SUP-003450","Chandigarh Industrial Supply Co. 3450","approved","Chandigarh","Chandigarh","India",30,75.7100,97.0500,"C","Y"
3451,"SUP003451","SUP-003451","Mumbai Industrial Supply Co. 3451","spot","Mumbai","Maharashtra","India",60,87.7500,99.9000,"B","Y"
3452,"SUP003452","SUP-003452","Agra Industrial Supply Co. 3452","approved","Agra","Uttar Pradesh","India",30,75.9100,99.2400,"C","Y"
3453,"SUP003453","SUP-003453","Mangaluru Industrial Supply Co. 3453","approved","Mangaluru","Karnataka","India",60,73.2200,97.6400,"C","Y"
3454,"SUP003454","SUP-003454","Jaipur Industrial Supply Co. 3454","contract_manufacturer","Jaipur","Rajasthan","India",30,81.0900,97.1400,"B","Y"
3455,"SUP003455","SUP-003455","Mumbai Industrial Supply Co. 3455","strategic","Mumbai","Maharashtra","India",30,83.4200,98.0500,"B","Y"
3456,"SUP003456","SUP-003456","Vadodara Industrial Supply Co. 3456","contract_manufacturer","Vadodara","Gujarat","India",30,99.8000,97.3300,"A","Y"
3457,"SUP003457","SUP-003457","Nagpur Industrial Supply Co. 3457","approved","Nagpur","Maharashtra","India",15,91.2900,99.6900,"B","Y"
3458,"SUP003458","SUP-003458","Chandigarh Industrial Supply Co. 3458","approved","Chandigarh","Chandigarh","India",45,85.3000,96.5400,"B","Y"
3459,"SUP003459","SUP-003459","Chandigarh Industrial Supply Co. 3459","contract_manufacturer","Chandigarh","Chandigarh","India",30,99.1600,96.8300,"B","Y"
3460,"SUP003460","SUP-003460","Nagpur Industrial Supply Co. 3460","approved","Nagpur","Maharashtra","India",30,66.7300,95.2900,"C","Y"
3461,"SUP003461","SUP-003461","Ranchi Industrial Supply Co. 3461","contract_manufacturer","Ranchi","Jharkhand","India",30,83.5700,94.3900,"B","Y"
3462,"SUP003462","SUP-003462","Kolkata Industrial Supply Co. 3462","approved","Kolkata","West Bengal","India",15,84.8800,96.6900,"B","Y"
3463,"SUP003463","SUP-003463","Nagpur Industrial Supply Co. 3463","approved","Nagpur","Maharashtra","India",15,80.4400,97.7900,"B","Y"
3464,"SUP003464","SUP-003464","Surat Industrial Supply Co. 3464","spot","Surat","Gujarat","India",60,87.8800,93.7100,"B","Y"
3465,"SUP003465","SUP-003465","Agra Industrial Supply Co. 3465","contract_manufacturer","Agra","Uttar Pradesh","India",30,90.6300,98.4400,"B","Y"
3466,"SUP003466","SUP-003466","Bhubaneswar Industrial Supply Co. 3466","spot","Bhubaneswar","Odisha","India",60,72.1400,98.5700,"C","Y"
3467,"SUP003467","SUP-003467","Vadodara Industrial Supply Co. 3467","approved","Vadodara","Gujarat","India",45,89.6700,97.9300,"B","Y"
3468,"SUP003468","SUP-003468","Chandigarh Industrial Supply Co. 3468","contract_manufacturer","Chandigarh","Chandigarh","India",30,95.0900,91.9900,"B","Y"
3469,"SUP003469","SUP-003469","Kolkata Industrial Supply Co. 3469","contract_manufacturer","Kolkata","West Bengal","India",45,84.9800,98.9200,"B","Y"
3470,"SUP003470","SUP-003470","Pune Industrial Supply Co. 3470","contract_manufacturer","Pune","Maharashtra","India",45,90.0500,93.5300,"B","Y"
3471,"SUP003471","SUP-003471","Pune Industrial Supply Co. 3471","approved","Pune","Maharashtra","India",60,75.2800,98.2900,"C","Y"
3472,"SUP003472","SUP-003472","Delhi Industrial Supply Co. 3472","contract_manufacturer","Delhi","Delhi","India",45,90.8400,89.9200,"C","Y"
3473,"SUP003473","SUP-003473","Indore Industrial Supply Co. 3473","approved","Indore","Madhya Pradesh","India",45,99.8000,93.5200,"B","Y"
3474,"SUP003474","SUP-003474","Ahmedabad Industrial Supply Co. 3474","approved","Ahmedabad","Gujarat","India",30,88.3000,93.3300,"B","Y"
3475,"SUP003475","SUP-003475","Indore Industrial Supply Co. 3475","strategic","Indore","Madhya Pradesh","India",30,89.6400,99.9000,"B","Y"
3476,"SUP003476","SUP-003476","Surat Industrial Supply Co. 3476","contract_manufacturer","Surat","Gujarat","India",45,82.2800,92.0600,"B","Y"
3477,"SUP003477","SUP-003477","Surat Industrial Supply Co. 3477","strategic","Surat","Gujarat","India",30,90.1900,99.7500,"B","Y"
3478,"SUP003478","SUP-003478","Noida Industrial Supply Co. 3478","contract_manufacturer","Noida","Uttar Pradesh","India",30,87.6900,94.3800,"B","Y"
3479,"SUP003479","SUP-003479","Pune Industrial Supply Co. 3479","contract_manufacturer","Pune","Maharashtra","India",30,79.3500,94.0100,"C","Y"
3480,"SUP003480","SUP-003480","Lucknow Industrial Supply Co. 3480","approved","Lucknow","Uttar Pradesh","India",45,99.8000,96.3500,"B","Y"
3481,"SUP003481","SUP-003481","Mangaluru Industrial Supply Co. 3481","approved","Mangaluru","Karnataka","India",45,85.0900,94.7700,"B","Y"
3482,"SUP003482","SUP-003482","Ahmedabad Industrial Supply Co. 3482","approved","Ahmedabad","Gujarat","India",30,79.8100,94.1200,"C","Y"
3483,"SUP003483","SUP-003483","Chandigarh Industrial Supply Co. 3483","approved","Chandigarh","Chandigarh","India",30,90.3500,94.5400,"B","Y"
3484,"SUP003484","SUP-003484","Vadodara Industrial Supply Co. 3484","contract_manufacturer","Vadodara","Gujarat","India",60,77.5900,96.8000,"C","Y"
3485,"SUP003485","SUP-003485","Agra Industrial Supply Co. 3485","approved","Agra","Uttar Pradesh","India",45,89.6700,99.9000,"B","Y"
3486,"SUP003486","SUP-003486","Mumbai Industrial Supply Co. 3486","approved","Mumbai","Maharashtra","India",45,99.8000,92.6500,"B","Y"
3487,"SUP003487","SUP-003487","Bhubaneswar Industrial Supply Co. 3487","approved","Bhubaneswar","Odisha","India",15,91.1900,96.2200,"B","Y"
3488,"SUP003488","SUP-003488","Noida Industrial Supply Co. 3488","spot","Noida","Uttar Pradesh","India",15,78.6200,94.5900,"C","Y"
3489,"SUP003489","SUP-003489","Bhubaneswar Industrial Supply Co. 3489","approved","Bhubaneswar","Odisha","India",45,80.9000,97.8700,"B","Y"
3490,"SUP003490","SUP-003490","Jaipur Industrial Supply Co. 3490","contract_manufacturer","Jaipur","Rajasthan","India",60,97.1600,96.9000,"B","Y"
3491,"SUP003491","SUP-003491","Pune Industrial Supply Co. 3491","spot","Pune","Maharashtra","India",45,85.2300,90.9300,"C","Y"
3492,"SUP003492","SUP-003492","Vijayawada Industrial Supply Co. 3492","approved","Vijayawada","Andhra Pradesh","India",30,67.5900,94.5800,"C","Y"
3493,"SUP003493","SUP-003493","Noida Industrial Supply Co. 3493","contract_manufacturer","Noida","Uttar Pradesh","India",30,91.6100,95.1800,"B","Y"
3494,"SUP003494","SUP-003494","Bengaluru Industrial Supply Co. 3494","approved","Bengaluru","Karnataka","India",15,69.0800,99.9000,"C","Y"
3495,"SUP003495","SUP-003495","Delhi Industrial Supply Co. 3495","approved","Delhi","Delhi","India",45,79.0800,99.6400,"C","Y"
3496,"SUP003496","SUP-003496","Ahmedabad Industrial Supply Co. 3496","approved","Ahmedabad","Gujarat","India",30,89.6600,93.7200,"B","Y"
3497,"SUP003497","SUP-003497","Delhi Industrial Supply Co. 3497","approved","Delhi","Delhi","India",45,86.3800,94.4400,"B","Y"
3498,"SUP003498","SUP-003498","Mangaluru Industrial Supply Co. 3498","approved","Mangaluru","Karnataka","India",30,88.0600,98.6700,"B","Y"
3499,"SUP003499","SUP-003499","Ranchi Industrial Supply Co. 3499","approved","Ranchi","Jharkhand","India",45,87.5000,94.2400,"B","Y"
3500,"SUP003500","SUP-003500","Jaipur Industrial Supply Co. 3500","spot","Jaipur","Rajasthan","India",30,88.3700,93.6400,"B","Y"
