bom_component_id,bom_id,component_product_id,component_qty_per_parent,scrap_factor_pct,issue_method,operation_sequence
BC00000001,BOM0000001,P002769,1.4303,2.59,manual_issue,1
BC00000002,BOM0000001,P003106,1.8452,2.69,manual_issue,2
BC00000003,BOM0000001,P001202,5.1983,3.7,manual_issue,3
BC00000004,BOM0000001,P000865,3.6199,0.76,floor_stock,4
BC00000005,BOM0000001,P002424,4.5005,1.94,backflush,5
BC00000006,BOM0000001,P002716,4.8296,1.79,backflush,6
BC00000007,BOM0000001,P001066,3.6408,4.25,manual_issue,7
BC00000008,BOM0000002,P001837,2.6835,2.62,backflush,1
BC00000009,BOM0000002,P002399,2.3058,2.05,backflush,2
BC00000010,BOM0000002,P002585,3.6116,2.89,backflush,3
BC00000011,BOM0000002,P003155,4.4562,4.61,backflush,4
BC00000012,BOM0000002,P001914,6.8691,2.32,manual_issue,5
BC00000013,BOM0000002,P000788,4.7133,2.51,backflush,6
BC00000014,BOM0000002,P001239,4.6716,1.86,backflush,7
BC00000015,BOM0000003,P002866,7.3982,3.19,backflush,1
BC00000016,BOM0000003,P002541,3.7114,1.94,backflush,2
BC00000017,BOM0000003,P001471,2.2477,3.32,backflush,3
BC00000018,BOM0000003,P002180,3.1242,0.14,backflush,4
BC00000019,BOM0000003,P001521,4.0364,3.42,backflush,5
BC00000020,BOM0000003,P001111,3.0826,1.4,manual_issue,6
BC00000021,BOM0000003,P002235,7.3576,2.18,backflush,7
BC00000022,BOM0000003,P002490,0.5741,3.98,manual_issue,8
BC00000023,BOM0000003,P001533,6.7045,4.21,manual_issue,9
BC00000024,BOM0000003,P000784,0.2848,2.41,floor_stock,10
BC00000025,BOM0000004,P002773,6.9789,2.23,backflush,1
BC00000026,BOM0000004,P001786,7.4086,4.61,floor_stock,2
BC00000027,BOM0000004,P001997,2.3527,0.84,manual_issue,3
BC00000028,BOM0000004,P002259,1.1342,3.26,backflush,4
BC00000029,BOM0000005,P001224,0.4931,2.95,backflush,1
BC00000030,BOM0000005,P001203,3.1767,3.84,floor_stock,2
BC00000031,BOM0000005,P001118,5.5534,1.51,backflush,3
BC00000032,BOM0000005,P002130,6.6898,5.24,backflush,4
BC00000033,BOM0000006,P002798,3.3798,3.99,backflush,1
BC00000034,BOM0000006,P002336,4.1197,4.72,backflush,2
BC00000035,BOM0000006,P000788,3.198,1.12,manual_issue,3
BC00000036,BOM0000006,P001907,3.5121,2.01,manual_issue,4
BC00000037,BOM0000006,P001780,2.2395,1.6,manual_issue,5
BC00000038,BOM0000006,P000768,6.211,2.55,floor_stock,6
BC00000039,BOM0000006,P002694,4.0517,0.05,backflush,7
BC00000040,BOM0000006,P002323,0.6035,4.05,backflush,8
BC00000041,BOM0000006,P002911,4.6649,4.93,backflush,9
BC00000042,BOM0000007,P000664,1.6144,3.05,backflush,1
BC00000043,BOM0000007,P002838,5.6101,2.38,manual_issue,2
BC00000044,BOM0000007,P002034,3.6716,2.18,backflush,3
BC00000045,BOM0000007,P001245,1.1456,6.12,backflush,4
BC00000046,BOM0000007,P002948,5.0859,3.31,manual_issue,5
BC00000047,BOM0000007,P001919,7.297,2.12,manual_issue,6
BC00000048,BOM0000007,P003007,1.966,1.37,backflush,7
BC00000049,BOM0000008,P000676,4.3948,1.95,floor_stock,1
BC00000050,BOM0000008,P002811,1.481,3.46,backflush,2
BC00000051,BOM0000008,P001849,5.8556,3.34,floor_stock,3
BC00000052,BOM0000008,P001965,4.2048,0,backflush,4
BC00000053,BOM0000008,P001173,5.9143,2.01,backflush,5
BC00000054,BOM0000008,P001081,5.3193,1.2,manual_issue,6
BC00000055,BOM0000008,P000867,6.9332,2.89,manual_issue,7
BC00000056,BOM0000009,P002045,5.0358,1.14,backflush,1
BC00000057,BOM0000009,P003078,3.0884,0.92,backflush,2
BC00000058,BOM0000009,P000738,3.0337,2.52,backflush,3
BC00000059,BOM0000009,P001132,0.9163,3.05,floor_stock,4
BC00000060,BOM0000010,P001650,1.3785,2.75,floor_stock,1
BC00000061,BOM0000010,P000886,0.8238,3.59,backflush,2
BC00000062,BOM0000010,P002817,3.2848,2.53,floor_stock,3
BC00000063,BOM0000010,P001888,4.8047,3.71,manual_issue,4
BC00000064,BOM0000010,P001492,6.9212,4.24,floor_stock,5
BC00000065,BOM0000010,P002670,6.0118,2.51,backflush,6
BC00000066,BOM0000010,P001975,7.1486,1.02,backflush,7
BC00000067,BOM0000011,P002528,3.1589,3.96,manual_issue,1
BC00000068,BOM0000011,P001773,5.0651,3.44,backflush,2
BC00000069,BOM0000011,P001808,7.3667,2.8,backflush,3
BC00000070,BOM0000011,P002175,6.6511,1.05,manual_issue,4
BC00000071,BOM0000011,P002426,2.0105,4.22,backflush,5
BC00000072,BOM0000011,P002547,1.935,3.7,backflush,6
BC00000073,BOM0000011,P002376,7.0342,3.06,backflush,7
BC00000074,BOM0000012,P002444,5.1982,3.36,manual_issue,1
BC00000075,BOM0000012,P001766,5.4715,1.58,manual_issue,2
BC00000076,BOM0000012,P002258,2.6088,2.14,manual_issue,3
BC00000077,BOM0000012,P001645,3.996,3.19,backflush,4
BC00000078,BOM0000013,P001977,0.4705,5.15,backflush,1
BC00000079,BOM0000013,P001121,1.997,1.23,backflush,2
BC00000080,BOM0000013,P002604,2.0123,2.93,floor_stock,3
BC00000081,BOM0000013,P001522,6.7617,3.03,backflush,4
BC00000082,BOM0000013,P002368,0.4844,1.52,floor_stock,5
BC00000083,BOM0000013,P001460,4.5374,5.68,backflush,6
BC00000084,BOM0000013,P001890,0.4738,1.07,manual_issue,7
BC00000085,BOM0000013,P000972,5.3491,4.67,manual_issue,8
BC00000086,BOM0000013,P001950,3.7346,3.42,backflush,9
BC00000087,BOM0000013,P002873,5.1523,4.02,floor_stock,10
BC00000088,BOM0000014,P000731,6.7828,1.15,backflush,1
BC00000089,BOM0000014,P002781,2.9536,4.36,backflush,2
BC00000090,BOM0000014,P000840,4.2745,2.69,manual_issue,3
BC00000091,BOM0000014,P000838,3.2033,1.85,manual_issue,4
BC00000092,BOM0000014,P002204,6.8332,1.35,backflush,5
BC00000093,BOM0000014,P002882,1.7074,1.77,manual_issue,6
BC00000094,BOM0000014,P001380,5.9197,0.15,backflush,7
BC00000095,BOM0000015,P002663,1.108,0.31,backflush,1
BC00000096,BOM0000015,P003045,5.3375,1.81,backflush,2
BC00000097,BOM0000015,P002975,4.1145,2.51,manual_issue,3
BC00000098,BOM0000015,P002780,5.9988,0.89,manual_issue,4
BC00000099,BOM0000015,P002510,2.5142,1.8,backflush,5
BC00000100,BOM0000015,P001711,4.094,0.82,backflush,6
BC00000101,BOM0000016,P002865,0.7196,3.11,manual_issue,1
BC00000102,BOM0000016,P002796,3.9612,1.7,backflush,2
BC00000103,BOM0000016,P001408,7.1089,1.81,manual_issue,3
BC00000104,BOM0000016,P001104,7.0734,2.92,manual_issue,4
BC00000105,BOM0000017,P001998,7.2219,1.89,manual_issue,1
BC00000106,BOM0000017,P002026,2.105,2.42,backflush,2
BC00000107,BOM0000017,P001819,1.2934,0,floor_stock,3
BC00000108,BOM0000017,P001723,3.1057,4.34,backflush,4
BC00000109,BOM0000017,P003036,0.7235,0,backflush,5
BC00000110,BOM0000017,P001930,2.0997,3.41,floor_stock,6
BC00000111,BOM0000017,P002992,3.9169,0.83,backflush,7
BC00000112,BOM0000018,P001540,2.4913,4.8,backflush,1
BC00000113,BOM0000018,P003059,1.2479,2.48,manual_issue,2
BC00000114,BOM0000018,P001667,3.8959,1.55,backflush,3
BC00000115,BOM0000019,P001076,7.0512,3.18,manual_issue,1
BC00000116,BOM0000019,P001405,5.8414,1.66,backflush,2
BC00000117,BOM0000019,P001365,0.5928,2.49,backflush,3
BC00000118,BOM0000020,P002631,0.715,5.33,backflush,1
BC00000119,BOM0000020,P001681,2.4627,3.53,manual_issue,2
BC00000120,BOM0000020,P002066,1.0925,2.29,floor_stock,3
BC00000121,BOM0000020,P002928,4.2069,2.05,backflush,4
BC00000122,BOM0000021,P001679,2.0522,4.43,manual_issue,1
BC00000123,BOM0000021,P003142,2.7113,0.83,manual_issue,2
BC00000124,BOM0000021,P001211,7.2664,2.16,backflush,3
BC00000125,BOM0000021,P002998,4.0876,3.55,backflush,4
BC00000126,BOM0000022,P001273,0.455,4.15,manual_issue,1
BC00000127,BOM0000022,P002911,7.4653,2.2,floor_stock,2
BC00000128,BOM0000022,P002064,4.0035,1.36,backflush,3
BC00000129,BOM0000022,P002989,2.8792,3.65,backflush,4
BC00000130,BOM0000022,P002888,2.7252,0.61,manual_issue,5
BC00000131,BOM0000022,P002057,1.6613,3.6,manual_issue,6
BC00000132,BOM0000023,P002100,0.8708,3.25,manual_issue,1
BC00000133,BOM0000023,P002286,6.1822,2.16,backflush,2
BC00000134,BOM0000023,P002303,4.3359,2.17,backflush,3
BC00000135,BOM0000023,P001933,6.3315,4.02,backflush,4
BC00000136,BOM0000023,P001837,3.3452,4.36,manual_issue,5
BC00000137,BOM0000023,P002829,6.6099,3.53,floor_stock,6
BC00000138,BOM0000024,P001863,5.7752,0.91,manual_issue,1
BC00000139,BOM0000024,P002560,5.7492,4.4,backflush,2
BC00000140,BOM0000024,P002734,5.8905,4.67,backflush,3
BC00000141,BOM0000024,P001811,4.1958,2.97,backflush,4
BC00000142,BOM0000024,P002430,5.6896,6.14,manual_issue,5
BC00000143,BOM0000024,P002470,1.7336,2.4,backflush,6
BC00000144,BOM0000024,P002675,2.6927,1.42,floor_stock,7
BC00000145,BOM0000024,P001459,5.1145,0,floor_stock,8
BC00000146,BOM0000025,P002498,4.4204,4.02,manual_issue,1
BC00000147,BOM0000025,P000792,0.8977,4.66,manual_issue,2
BC00000148,BOM0000025,P000781,4.4901,0.27,manual_issue,3
BC00000149,BOM0000025,P001519,3.6762,4.61,backflush,4
BC00000150,BOM0000025,P001427,0.9658,1.63,manual_issue,5
BC00000151,BOM0000025,P001959,4.3885,4.46,backflush,6
BC00000152,BOM0000025,P001896,3.4371,3.01,backflush,7
BC00000153,BOM0000025,P001641,6.0688,1.75,manual_issue,8
BC00000154,BOM0000026,P000846,2.218,2.37,backflush,1
BC00000155,BOM0000026,P002066,0.9815,4.02,manual_issue,2
BC00000156,BOM0000026,P000918,2.909,2.83,backflush,3
BC00000157,BOM0000026,P002197,1.453,2.12,manual_issue,4
BC00000158,BOM0000027,P002610,2.1844,3.96,floor_stock,1
BC00000159,BOM0000027,P001761,7.1363,3.9,manual_issue,2
BC00000160,BOM0000027,P000890,0.2615,3.62,backflush,3
BC00000161,BOM0000027,P001614,5.6955,0,floor_stock,4
BC00000162,BOM0000028,P002753,4.9996,1.37,backflush,1
BC00000163,BOM0000028,P002445,3.4202,0.67,backflush,2
BC00000164,BOM0000028,P001235,2.7038,3.62,backflush,3
BC00000165,BOM0000028,P002537,3.8582,0.99,manual_issue,4
BC00000166,BOM0000028,P002903,6.3483,1.56,backflush,5
BC00000167,BOM0000028,P001037,1.1128,1.9,backflush,6
BC00000168,BOM0000028,P002298,3.5158,1.51,backflush,7
BC00000169,BOM0000029,P003200,6.9834,2.77,manual_issue,1
BC00000170,BOM0000029,P002558,1.2415,3.68,backflush,2
BC00000171,BOM0000029,P002328,0.2957,3.04,manual_issue,3
BC00000172,BOM0000029,P001208,0.1566,3.82,backflush,4
BC00000173,BOM0000030,P000720,6.7662,3.34,backflush,1
BC00000174,BOM0000030,P001982,4.7988,3.34,manual_issue,2
BC00000175,BOM0000030,P001329,4.8598,2.65,manual_issue,3
BC00000176,BOM0000030,P001161,3.9392,2.97,floor_stock,4
BC00000177,BOM0000030,P001809,0.3754,0,floor_stock,5
BC00000178,BOM0000030,P000784,6.4283,0,backflush,6
BC00000179,BOM0000030,P001066,2.3374,1.37,backflush,7
BC00000180,BOM0000030,P001569,0.3983,3.18,manual_issue,8
BC00000181,BOM0000030,P002033,1.9834,0.48,floor_stock,9
BC00000182,BOM0000030,P002119,1.7061,0.88,backflush,10
BC00000183,BOM0000031,P001711,7.0498,2.88,manual_issue,1
BC00000184,BOM0000031,P002525,2.1279,3.66,backflush,2
BC00000185,BOM0000031,P001726,5.889,2.85,floor_stock,3
BC00000186,BOM0000032,P002706,4.1853,6.01,backflush,1
BC00000187,BOM0000032,P002203,3.043,4.39,manual_issue,2
BC00000188,BOM0000032,P001612,1.1934,5.92,backflush,3
BC00000189,BOM0000032,P002410,0.529,4.27,manual_issue,4
BC00000190,BOM0000032,P003044,6.7347,2.29,backflush,5
BC00000191,BOM0000032,P003180,5.9109,4.46,floor_stock,6
BC00000192,BOM0000032,P002074,0.3703,1.21,manual_issue,7
BC00000193,BOM0000033,P002842,4.4653,2.08,floor_stock,1
BC00000194,BOM0000033,P001382,2.8572,1.88,manual_issue,2
BC00000195,BOM0000033,P000877,1.8056,0.73,backflush,3
BC00000196,BOM0000033,P002448,6.4008,4.56,backflush,4
BC00000197,BOM0000034,P001699,0.6656,1.74,manual_issue,1
BC00000198,BOM0000034,P001295,3.7841,1.05,manual_issue,2
BC00000199,BOM0000034,P001905,6.8061,0,manual_issue,3
BC00000200,BOM0000034,P002262,2.6137,0,backflush,4
BC00000201,BOM0000034,P000893,5.0081,1.77,backflush,5
BC00000202,BOM0000034,P001672,2.2339,2.37,backflush,6
BC00000203,BOM0000034,P002378,3.0047,5.32,manual_issue,7
BC00000204,BOM0000035,P000832,6.5385,3.24,backflush,1
BC00000205,BOM0000035,P000917,5.3264,2.81,floor_stock,2
BC00000206,BOM0000035,P001900,2.0187,1.76,backflush,3
BC00000207,BOM0000035,P001970,3.193,2.08,backflush,4
BC00000208,BOM0000035,P001476,4.1909,4.13,floor_stock,5
BC00000209,BOM0000035,P001957,2.375,3.83,manual_issue,6
BC00000210,BOM0000036,P003138,4.6831,0.8,floor_stock,1
BC00000211,BOM0000036,P002976,0.1682,2.64,floor_stock,2
BC00000212,BOM0000036,P001309,7.3144,0,backflush,3
BC00000213,BOM0000036,P002681,5.9642,2.93,floor_stock,4
BC00000214,BOM0000037,P001679,1.3593,2.3,manual_issue,1
BC00000215,BOM0000037,P002766,3.2581,3.36,backflush,2
BC00000216,BOM0000037,P002591,2.0155,2.7,backflush,3
BC00000217,BOM0000037,P001219,6.1868,1.69,floor_stock,4
BC00000218,BOM0000037,P002112,1.5459,3.66,backflush,5
BC00000219,BOM0000037,P002044,3.0364,1.17,backflush,6
BC00000220,BOM0000037,P001638,2.4524,1.28,backflush,7
BC00000221,BOM0000037,P002272,2.1055,2.51,backflush,8
BC00000222,BOM0000038,P002351,3.7259,1.62,backflush,1
BC00000223,BOM0000038,P000848,1.1573,0,backflush,2
BC00000224,BOM0000038,P001311,5.7579,3.46,manual_issue,3
BC00000225,BOM0000038,P001359,3.4545,4.92,manual_issue,4
BC00000226,BOM0000039,P000926,0.322,2.93,manual_issue,1
BC00000227,BOM0000039,P001011,4.7093,3.24,backflush,2
BC00000228,BOM0000039,P001614,7.0767,1.7,floor_stock,3
BC00000229,BOM0000039,P001328,4.8717,0,manual_issue,4
BC00000230,BOM0000039,P001826,2.576,0.16,backflush,5
BC00000231,BOM0000039,P002889,5.6619,3.11,backflush,6
BC00000232,BOM0000039,P001019,5.0904,2.56,backflush,7
BC00000233,BOM0000039,P001317,5.3938,2.79,backflush,8
BC00000234,BOM0000040,P001661,1.0714,3.13,backflush,1
BC00000235,BOM0000040,P000971,5.9032,3.27,backflush,2
BC00000236,BOM0000040,P002793,5.2948,2.99,floor_stock,3
BC00000237,BOM0000040,P001903,3.7907,3.62,floor_stock,4
BC00000238,BOM0000040,P001825,3.4515,0.38,manual_issue,5
BC00000239,BOM0000040,P001501,1.1969,3.44,manual_issue,6
BC00000240,BOM0000040,P001954,3.7945,3.61,floor_stock,7
BC00000241,BOM0000040,P000818,1.6287,0.95,backflush,8
BC00000242,BOM0000040,P002712,6.2273,1.83,manual_issue,9
BC00000243,BOM0000041,P002482,4.5858,2.06,backflush,1
BC00000244,BOM0000041,P001677,1.3486,4.8,backflush,2
BC00000245,BOM0000041,P002538,6.9535,2.87,backflush,3
BC00000246,BOM0000042,P001124,2.2746,3.29,manual_issue,1
BC00000247,BOM0000042,P001072,1.9544,0.97,backflush,2
BC00000248,BOM0000042,P002939,1.9685,2.46,backflush,3
BC00000249,BOM0000042,P002545,3.0283,3.36,backflush,4
BC00000250,BOM0000042,P002757,2.6252,1.16,manual_issue,5
BC00000251,BOM0000042,P002561,1.9439,3.32,backflush,6
BC00000252,BOM0000042,P002150,0.7065,2.5,floor_stock,7
BC00000253,BOM0000043,P001304,1.0429,3.19,backflush,1
BC00000254,BOM0000043,P002184,2.1174,3.29,backflush,2
BC00000255,BOM0000043,P002802,3.6289,2.43,backflush,3
BC00000256,BOM0000043,P001544,3.8795,4.75,backflush,4
BC00000257,BOM0000043,P001233,0.4481,2.61,backflush,5
BC00000258,BOM0000043,P002861,2.8377,2.78,backflush,6
BC00000259,BOM0000044,P000657,1.2922,3.9,manual_issue,1
BC00000260,BOM0000044,P001791,2.4334,3.84,manual_issue,2
BC00000261,BOM0000044,P001711,5.6915,3.8,manual_issue,3
BC00000262,BOM0000044,P001870,5.6845,3.54,backflush,4
BC00000263,BOM0000044,P003098,6.8104,3.19,manual_issue,5
BC00000264,BOM0000044,P001821,1.2167,1.6,backflush,6
BC00000265,BOM0000045,P002286,2.0892,1.85,floor_stock,1
BC00000266,BOM0000045,P001888,4.7206,3.81,backflush,2
BC00000267,BOM0000045,P000955,6.6683,4.18,backflush,3
BC00000268,BOM0000045,P002192,2.1413,3.18,manual_issue,4
BC00000269,BOM0000045,P002583,3.8977,3.54,backflush,5
BC00000270,BOM0000045,P002157,3.8202,3.11,backflush,6
BC00000271,BOM0000045,P000805,3.6211,1.48,floor_stock,7
BC00000272,BOM0000045,P001983,2.7776,1.02,floor_stock,8
BC00000273,BOM0000045,P001821,2.5581,4.28,backflush,9
BC00000274,BOM0000046,P002337,0.9692,1.34,manual_issue,1
BC00000275,BOM0000046,P001881,3.3326,4.68,manual_issue,2
BC00000276,BOM0000046,P001904,2.8197,1.03,backflush,3
BC00000277,BOM0000046,P002299,5.272,3.13,backflush,4
BC00000278,BOM0000046,P001263,1.6085,3.01,backflush,5
BC00000279,BOM0000046,P000849,3.1392,2.46,manual_issue,6
BC00000280,BOM0000047,P001700,2.5237,3.32,manual_issue,1
BC00000281,BOM0000047,P002927,4.491,3.97,floor_stock,2
BC00000282,BOM0000047,P002854,0.9515,1.71,backflush,3
BC00000283,BOM0000047,P000714,0.5908,4.29,floor_stock,4
BC00000284,BOM0000047,P002346,5.2799,0.35,floor_stock,5
BC00000285,BOM0000047,P002672,4.1463,0.85,backflush,6
BC00000286,BOM0000047,P001206,4.3997,1.32,backflush,7
BC00000287,BOM0000047,P002557,6.5709,0.61,backflush,8
BC00000288,BOM0000047,P001281,5.2345,3.86,backflush,9
BC00000289,BOM0000048,P001675,5.5354,2.71,manual_issue,1
BC00000290,BOM0000048,P002580,4.0941,1.8,manual_issue,2
BC00000291,BOM0000048,P000712,4.7188,3.27,manual_issue,3
BC00000292,BOM0000048,P001157,4.6678,1.07,backflush,4
BC00000293,BOM0000048,P002236,1.6093,0.78,backflush,5
BC00000294,BOM0000048,P002623,7.3483,3.78,manual_issue,6
BC00000295,BOM0000048,P000938,1.83,2.62,floor_stock,7
BC00000296,BOM0000048,P001230,6.7973,3.84,backflush,8
BC00000297,BOM0000048,P002758,6.875,1.97,backflush,9
BC00000298,BOM0000048,P002895,5.9453,3.5,backflush,10
BC00000299,BOM0000049,P002472,2.8795,2.25,backflush,1
BC00000300,BOM0000049,P002564,6.4347,0,manual_issue,2
BC00000301,BOM0000049,P001602,1.1499,0,backflush,3
BC00000302,BOM0000049,P001677,3.2884,4.18,floor_stock,4
BC00000303,BOM0000050,P000811,2.5016,4.05,backflush,1
BC00000304,BOM0000050,P000751,3.5503,2.34,floor_stock,2
BC00000305,BOM0000050,P001232,7.256,2.8,manual_issue,3
BC00000306,BOM0000050,P001189,7.3455,4.08,backflush,4
BC00000307,BOM0000051,P001786,1.8128,4.56,backflush,1
BC00000308,BOM0000051,P001976,6.0328,2.76,manual_issue,2
BC00000309,BOM0000051,P001106,2.8102,4.97,backflush,3
BC00000310,BOM0000052,P002696,5.3338,0.71,floor_stock,1
BC00000311,BOM0000052,P001986,4.265,5.59,floor_stock,2
BC00000312,BOM0000052,P001362,6.4417,2.52,backflush,3
BC00000313,BOM0000053,P002926,6.9383,2.42,backflush,1
BC00000314,BOM0000053,P001588,0.3737,2.86,backflush,2
BC00000315,BOM0000053,P001848,5.037,2.97,manual_issue,3
BC00000316,BOM0000053,P000757,3.0399,2.84,manual_issue,4
BC00000317,BOM0000053,P000869,6.686,2.4,floor_stock,5
BC00000318,BOM0000053,P002026,3.2186,1.29,backflush,6
BC00000319,BOM0000053,P001187,0.4503,2.81,backflush,7
BC00000320,BOM0000053,P003158,4.9334,1.76,backflush,8
BC00000321,BOM0000053,P001710,6.4872,0.24,backflush,9
BC00000322,BOM0000054,P001138,1.7265,3.75,backflush,1
BC00000323,BOM0000054,P001816,5.6536,4.27,manual_issue,2
BC00000324,BOM0000054,P002036,1.2694,3.59,backflush,3
BC00000325,BOM0000054,P001395,1.7622,2.83,floor_stock,4
BC00000326,BOM0000054,P002483,6.9082,4.63,backflush,5
BC00000327,BOM0000054,P002019,2.0693,1.91,backflush,6
BC00000328,BOM0000054,P002442,5.3824,4.65,backflush,7
BC00000329,BOM0000055,P000684,2.7615,4.39,backflush,1
BC00000330,BOM0000055,P000808,4.6395,2.56,backflush,2
BC00000331,BOM0000055,P003182,2.5136,2.08,backflush,3
BC00000332,BOM0000055,P002554,4.2809,1.64,manual_issue,4
BC00000333,BOM0000055,P002689,4.7019,4.54,backflush,5
BC00000334,BOM0000055,P000866,3.892,2.35,backflush,6
BC00000335,BOM0000055,P001565,2.7058,2.78,manual_issue,7
BC00000336,BOM0000056,P001862,1.3022,3.26,backflush,1
BC00000337,BOM0000056,P002976,3.9103,2.07,backflush,2
BC00000338,BOM0000056,P003038,4.3283,2.94,backflush,3
BC00000339,BOM0000057,P002998,0.3755,0.38,backflush,1
BC00000340,BOM0000057,P003057,3.1575,4.83,manual_issue,2
BC00000341,BOM0000057,P002185,1.5103,2.52,manual_issue,3
BC00000342,BOM0000058,P002665,3.753,1.6,backflush,1
BC00000343,BOM0000058,P001030,2.3764,2.58,backflush,2
BC00000344,BOM0000058,P000943,4.0647,2.69,manual_issue,3
BC00000345,BOM0000058,P001932,7.4962,3.72,manual_issue,4
BC00000346,BOM0000058,P002036,4.2951,0.06,manual_issue,5
BC00000347,BOM0000058,P002926,3.7505,0,backflush,6
BC00000348,BOM0000059,P001044,5.0159,0.74,manual_issue,1
BC00000349,BOM0000059,P002825,6.3969,2.65,backflush,2
BC00000350,BOM0000059,P001881,1.7548,0.46,manual_issue,3
BC00000351,BOM0000059,P000905,7.4649,3.65,manual_issue,4
BC00000352,BOM0000059,P002782,4.0352,1.68,manual_issue,5
BC00000353,BOM0000059,P003048,2.5086,3.82,backflush,6
BC00000354,BOM0000060,P003180,1.138,5.46,backflush,1
BC00000355,BOM0000060,P000969,0.4955,3.1,floor_stock,2
BC00000356,BOM0000060,P001648,6.8002,1.31,backflush,3
BC00000357,BOM0000060,P001659,3.4014,6.07,floor_stock,4
BC00000358,BOM0000060,P000956,1.4741,5.55,manual_issue,5
BC00000359,BOM0000060,P002998,4.3453,0.76,manual_issue,6
BC00000360,BOM0000060,P002499,6.8822,0.91,manual_issue,7
BC00000361,BOM0000060,P001049,4.4006,3.84,backflush,8
BC00000362,BOM0000060,P001460,0.3086,1.26,backflush,9
BC00000363,BOM0000061,P000774,5.3873,1.86,backflush,1
BC00000364,BOM0000061,P000678,2.8955,3.66,backflush,2
BC00000365,BOM0000061,P002702,2.4711,1.91,backflush,3
BC00000366,BOM0000062,P001865,3.4136,4.25,manual_issue,1
BC00000367,BOM0000062,P002341,4.7382,2.55,backflush,2
BC00000368,BOM0000062,P000708,3.3747,3.24,manual_issue,3
BC00000369,BOM0000062,P002726,6.2607,1.72,manual_issue,4
BC00000370,BOM0000062,P000701,6.8394,2.63,backflush,5
BC00000371,BOM0000062,P001221,7.1263,1.71,floor_stock,6
BC00000372,BOM0000062,P001500,3.67,3.65,backflush,7
BC00000373,BOM0000062,P001393,1.7663,1.25,backflush,8
BC00000374,BOM0000063,P002518,4.0797,2.51,backflush,1
BC00000375,BOM0000063,P001503,5.9576,2.33,manual_issue,2
BC00000376,BOM0000063,P001998,4.0736,4.84,backflush,3
BC00000377,BOM0000063,P002224,5.4102,4.27,backflush,4
BC00000378,BOM0000063,P003171,0.647,1.8,backflush,5
BC00000379,BOM0000063,P003017,3.1368,3.46,backflush,6
BC00000380,BOM0000064,P002385,0.8934,1.03,floor_stock,1
BC00000381,BOM0000064,P002508,4.6749,2.16,manual_issue,2
BC00000382,BOM0000064,P000695,0.5147,3.27,manual_issue,3
BC00000383,BOM0000064,P002436,1.4296,3.34,backflush,4
BC00000384,BOM0000065,P003155,3.876,3.51,manual_issue,1
BC00000385,BOM0000065,P001245,3.2353,2.36,manual_issue,2
BC00000386,BOM0000065,P002781,2.031,0.97,backflush,3
BC00000387,BOM0000065,P000795,4.8162,0.52,backflush,4
BC00000388,BOM0000065,P001334,1.8308,0,backflush,5
BC00000389,BOM0000065,P003077,2.0657,4.38,manual_issue,6
BC00000390,BOM0000065,P000797,4.6997,5.17,manual_issue,7
BC00000391,BOM0000065,P001345,0.1991,3.68,manual_issue,8
BC00000392,BOM0000066,P001672,3.8284,2.96,backflush,1
BC00000393,BOM0000066,P001493,6.0349,2.31,backflush,2
BC00000394,BOM0000066,P000866,3.0082,3.08,backflush,3
BC00000395,BOM0000066,P002073,4.0695,0,floor_stock,4
BC00000396,BOM0000066,P001745,5.1515,0,manual_issue,5
BC00000397,BOM0000066,P001932,1.06,1.14,backflush,6
BC00000398,BOM0000066,P000794,0.545,2.97,manual_issue,7
BC00000399,BOM0000066,P001401,3.3985,2.38,backflush,8
BC00000400,BOM0000066,P000832,6.0974,0.84,floor_stock,9
BC00000401,BOM0000066,P002060,5.3517,2.56,manual_issue,10
BC00000402,BOM0000067,P002619,3.7592,2.48,manual_issue,1
BC00000403,BOM0000067,P002224,3.7144,1.98,backflush,2
BC00000404,BOM0000067,P001470,7.1356,4.21,backflush,3
BC00000405,BOM0000067,P002808,1.1444,3.5,backflush,4
BC00000406,BOM0000068,P000690,5.3559,2.36,backflush,1
BC00000407,BOM0000068,P002483,3.5249,3.6,backflush,2
BC00000408,BOM0000068,P000853,6.3636,5.39,floor_stock,3
BC00000409,BOM0000068,P002427,6.5074,1.81,backflush,4
BC00000410,BOM0000069,P002362,1.4318,3.84,backflush,1
BC00000411,BOM0000069,P000715,7.3533,1.28,floor_stock,2
BC00000412,BOM0000069,P002369,3.2074,2.79,manual_issue,3
BC00000413,BOM0000069,P002671,5.5838,3.57,backflush,4
BC00000414,BOM0000069,P002275,5.0416,4.05,floor_stock,5
BC00000415,BOM0000070,P002447,6.8166,1.51,backflush,1
BC00000416,BOM0000070,P001952,6.929,0,floor_stock,2
BC00000417,BOM0000070,P002170,1.1947,3.57,backflush,3
BC00000418,BOM0000070,P002036,2.4424,1.07,backflush,4
BC00000419,BOM0000070,P002827,6.7449,1.74,manual_issue,5
BC00000420,BOM0000070,P001360,5.8075,1.99,manual_issue,6
BC00000421,BOM0000070,P001386,4.4605,1.57,backflush,7
BC00000422,BOM0000071,P001330,1.4167,3.66,floor_stock,1
BC00000423,BOM0000071,P002376,6.7767,5.1,manual_issue,2
BC00000424,BOM0000071,P001499,0.465,3.62,manual_issue,3
BC00000425,BOM0000072,P002362,6.7543,2.65,floor_stock,1
BC00000426,BOM0000072,P001001,5.9304,0.23,floor_stock,2
BC00000427,BOM0000072,P001072,5.6296,3.7,backflush,3
BC00000428,BOM0000072,P001776,1.7848,1.68,backflush,4
BC00000429,BOM0000072,P002460,7.1744,1.95,backflush,5
BC00000430,BOM0000072,P001487,1.3353,2.72,backflush,6
BC00000431,BOM0000072,P002428,1.2412,0,floor_stock,7
BC00000432,BOM0000072,P002831,5.2852,1.61,backflush,8
BC00000433,BOM0000072,P001055,2.3805,3.47,floor_stock,9
BC00000434,BOM0000073,P001464,6.2258,1.67,backflush,1
BC00000435,BOM0000073,P001888,6.3764,2.54,manual_issue,2
BC00000436,BOM0000073,P000967,4.3034,0.54,backflush,3
BC00000437,BOM0000073,P000923,7.0218,2.2,backflush,4
BC00000438,BOM0000074,P001279,6.16,2.88,backflush,1
BC00000439,BOM0000074,P001837,4.6557,2.27,backflush,2
BC00000440,BOM0000074,P001403,2.8808,1.97,manual_issue,3
BC00000441,BOM0000074,P001706,3.8509,1.38,backflush,4
BC00000442,BOM0000074,P000814,0.6834,3.32,manual_issue,5
BC00000443,BOM0000074,P001068,2.279,2.69,manual_issue,6
BC00000444,BOM0000075,P000965,5.2786,0.03,manual_issue,1
BC00000445,BOM0000075,P001526,1.3999,4.3,backflush,2
BC00000446,BOM0000075,P001566,1.5476,0.67,backflush,3
BC00000447,BOM0000075,P001011,0.3728,3.4,floor_stock,4
BC00000448,BOM0000075,P002563,4.4071,3.81,backflush,5
BC00000449,BOM0000075,P001555,5.0717,2.13,floor_stock,6
BC00000450,BOM0000075,P002380,2.5478,3.46,manual_issue,7
BC00000451,BOM0000076,P002048,0.7557,4.1,manual_issue,1
BC00000452,BOM0000076,P002242,7.0011,3.32,floor_stock,2
BC00000453,BOM0000076,P001841,0.4746,5.24,backflush,3
BC00000454,BOM0000076,P002821,1.4849,4.24,manual_issue,4
BC00000455,BOM0000077,P003068,2.2787,2.15,backflush,1
BC00000456,BOM0000077,P002401,7.1367,4.65,backflush,2
BC00000457,BOM0000077,P000940,7.2537,1.14,manual_issue,3
BC00000458,BOM0000078,P002323,4.2111,4.34,backflush,1
BC00000459,BOM0000078,P002788,2.4668,0.87,manual_issue,2
BC00000460,BOM0000078,P001758,7.4997,0.68,backflush,3
BC00000461,BOM0000078,P000838,2.6687,3.79,floor_stock,4
BC00000462,BOM0000078,P001482,0.4049,1.66,backflush,5
BC00000463,BOM0000078,P001579,6.6357,3.41,backflush,6
BC00000464,BOM0000078,P001465,5.7991,4.25,floor_stock,7
BC00000465,BOM0000078,P001583,7.0438,2.23,backflush,8
BC00000466,BOM0000078,P002108,2.8026,3.35,backflush,9
BC00000467,BOM0000078,P001853,2.244,3.81,backflush,10
BC00000468,BOM0000079,P003146,2.1408,2.87,backflush,1
BC00000469,BOM0000079,P001598,0.7977,4.59,manual_issue,2
BC00000470,BOM0000079,P002652,4.1141,1.84,manual_issue,3
BC00000471,BOM0000079,P001353,7.1193,1.18,backflush,4
BC00000472,BOM0000079,P001431,2.3167,4.08,manual_issue,5
BC00000473,BOM0000079,P002406,4.7912,3.55,backflush,6
BC00000474,BOM0000079,P000741,6.4264,0,floor_stock,7
BC00000475,BOM0000079,P002479,1.563,4.87,backflush,8
BC00000476,BOM0000079,P002096,1.2932,1.9,manual_issue,9
BC00000477,BOM0000080,P002029,1.9141,2.49,floor_stock,1
BC00000478,BOM0000080,P000856,2.7987,1.57,backflush,2
BC00000479,BOM0000080,P001600,3.8392,2.74,manual_issue,3
BC00000480,BOM0000080,P000818,2.0696,3.95,backflush,4
BC00000481,BOM0000080,P001552,2.3577,2.16,manual_issue,5
BC00000482,BOM0000080,P003200,1.039,4.58,backflush,6
BC00000483,BOM0000080,P002201,7.4154,3.18,floor_stock,7
BC00000484,BOM0000081,P002071,5.2951,2.43,backflush,1
BC00000485,BOM0000081,P002398,4.8002,3.95,manual_issue,2
BC00000486,BOM0000081,P002143,3.077,0.55,backflush,3
BC00000487,BOM0000081,P001057,4.2353,2.47,backflush,4
BC00000488,BOM0000081,P002072,6.6743,5.35,manual_issue,5
BC00000489,BOM0000082,P001393,7.0131,4.63,manual_issue,1
BC00000490,BOM0000082,P001088,0.6189,2.67,floor_stock,2
BC00000491,BOM0000082,P002109,6.5992,3.69,backflush,3
BC00000492,BOM0000082,P002228,2.367,2.88,manual_issue,4
BC00000493,BOM0000083,P001017,1.2488,2.27,backflush,1
BC00000494,BOM0000083,P002063,3.63,0.29,manual_issue,2
BC00000495,BOM0000083,P002886,0.409,2.31,backflush,3
BC00000496,BOM0000083,P001084,2.8231,8.43,floor_stock,4
BC00000497,BOM0000083,P000698,5.8002,1.86,backflush,5
BC00000498,BOM0000084,P002690,2.1335,1.31,floor_stock,1
BC00000499,BOM0000084,P002148,5.4682,5.43,manual_issue,2
BC00000500,BOM0000084,P000850,1.438,0.49,backflush,3
BC00000501,BOM0000084,P002167,2.628,2.42,backflush,4
BC00000502,BOM0000084,P001649,5.6492,5.39,manual_issue,5
BC00000503,BOM0000084,P001491,1.176,1.18,manual_issue,6
BC00000504,BOM0000084,P001848,5.6153,2.14,backflush,7
BC00000505,BOM0000084,P002219,1.4836,0,backflush,8
BC00000506,BOM0000084,P001344,6.2297,0.2,backflush,9
BC00000507,BOM0000084,P003106,5.4131,0.91,backflush,10
BC00000508,BOM0000085,P002954,4.5897,1.17,backflush,1
BC00000509,BOM0000085,P002026,1.7743,4.8,backflush,2
BC00000510,BOM0000085,P002051,5.6758,2.9,backflush,3
BC00000511,BOM0000085,P001762,5.1912,3.33,manual_issue,4
BC00000512,BOM0000086,P001229,4.1647,2.39,backflush,1
BC00000513,BOM0000086,P003052,6.8365,2.19,backflush,2
BC00000514,BOM0000086,P001532,5.287,2.34,backflush,3
BC00000515,BOM0000086,P002679,2.0145,2.63,backflush,4
BC00000516,BOM0000086,P002982,6.8495,3.83,backflush,5
BC00000517,BOM0000087,P000720,1.147,1.37,backflush,1
BC00000518,BOM0000087,P000798,5.7879,4.09,backflush,2
BC00000519,BOM0000087,P002874,6.5872,4.97,floor_stock,3
BC00000520,BOM0000088,P001523,6.1308,2.76,manual_issue,1
BC00000521,BOM0000088,P001184,3.7352,3.95,backflush,2
BC00000522,BOM0000088,P002447,2.1428,3.78,manual_issue,3
BC00000523,BOM0000088,P001731,2.1566,2.34,backflush,4
BC00000524,BOM0000088,P001612,4.5622,2.96,manual_issue,5
BC00000525,BOM0000089,P002153,6.2473,3.49,manual_issue,1
BC00000526,BOM0000089,P001653,7.4214,0.26,manual_issue,2
BC00000527,BOM0000089,P002679,3.1172,2.59,backflush,3
BC00000528,BOM0000089,P002254,4.0934,3.97,backflush,4
BC00000529,BOM0000089,P003140,3.3607,3.77,backflush,5
BC00000530,BOM0000090,P001159,5.1447,5.44,manual_issue,1
BC00000531,BOM0000090,P001633,0.825,6.25,manual_issue,2
BC00000532,BOM0000090,P003063,7.43,0.52,backflush,3
BC00000533,BOM0000090,P003066,1.8088,0,backflush,4
BC00000534,BOM0000090,P001692,2.6338,1.34,backflush,5
BC00000535,BOM0000090,P003169,6.8143,5.35,backflush,6
BC00000536,BOM0000091,P002962,0.3713,0.1,manual_issue,1
BC00000537,BOM0000091,P002759,4.3992,5.71,backflush,2
BC00000538,BOM0000091,P003106,5.0486,5.83,floor_stock,3
BC00000539,BOM0000091,P001776,1.766,4.13,backflush,4
BC00000540,BOM0000091,P000704,2.726,1.19,floor_stock,5
BC00000541,BOM0000091,P001892,0.854,0.43,backflush,6
BC00000542,BOM0000092,P002962,0.6141,3.4,backflush,1
BC00000543,BOM0000092,P002061,5.9713,4.77,manual_issue,2
BC00000544,BOM0000092,P001890,3.254,2.47,floor_stock,3
BC00000545,BOM0000092,P001864,2.8623,6.8,manual_issue,4
BC00000546,BOM0000092,P001178,2.7317,4.27,floor_stock,5
BC00000547,BOM0000092,P001772,0.7219,4.33,manual_issue,6
BC00000548,BOM0000092,P001584,7.3395,0.18,backflush,7
BC00000549,BOM0000093,P001533,4.3537,4.26,backflush,1
BC00000550,BOM0000093,P001407,4.9596,3.34,backflush,2
BC00000551,BOM0000093,P003101,3.296,2.56,backflush,3
BC00000552,BOM0000093,P001385,7.3496,2.03,backflush,4
BC00000553,BOM0000093,P002893,5.5116,2.82,manual_issue,5
BC00000554,BOM0000093,P001170,1.6712,1.97,backflush,6
BC00000555,BOM0000093,P002896,4.4125,3.79,floor_stock,7
BC00000556,BOM0000093,P001616,3.8516,2.54,manual_issue,8
BC00000557,BOM0000093,P001572,6.5112,5.3,backflush,9
BC00000558,BOM0000094,P001726,2.9476,3.48,backflush,1
BC00000559,BOM0000094,P002311,1.4635,0.49,backflush,2
BC00000560,BOM0000094,P000837,5.3148,1.9,manual_issue,3
BC00000561,BOM0000094,P001748,5.762,2.28,backflush,4
BC00000562,BOM0000094,P002715,3.2843,1.41,manual_issue,5
BC00000563,BOM0000095,P000794,0.2402,0.78,backflush,1
BC00000564,BOM0000095,P000956,2.3056,0.89,floor_stock,2
BC00000565,BOM0000095,P001922,1.3377,1.61,backflush,3
BC00000566,BOM0000095,P002358,4.8717,3.5,manual_issue,4
BC00000567,BOM0000095,P001454,0.9886,3.34,backflush,5
BC00000568,BOM0000095,P002310,3.417,2.48,backflush,6
BC00000569,BOM0000095,P001213,4.8227,2.18,backflush,7
BC00000570,BOM0000095,P003182,6.2998,1.14,manual_issue,8
BC00000571,BOM0000096,P002160,6.6626,5.08,manual_issue,1
BC00000572,BOM0000096,P001615,6.6738,2.01,manual_issue,2
BC00000573,BOM0000096,P000721,6.2946,4.3,manual_issue,3
BC00000574,BOM0000096,P000882,2.0916,3.28,floor_stock,4
BC00000575,BOM0000096,P002798,1.5674,3.54,backflush,5
BC00000576,BOM0000097,P002679,0.4752,4.85,backflush,1
BC00000577,BOM0000097,P002376,6.2457,2.14,backflush,2
BC00000578,BOM0000097,P001233,2.8714,3.58,manual_issue,3
BC00000579,BOM0000097,P002911,3.3044,0.62,backflush,4
BC00000580,BOM0000097,P002811,6.8926,3.92,backflush,5
BC00000581,BOM0000097,P000845,2.0976,1.28,backflush,6
BC00000582,BOM0000097,P001945,7.4043,3.66,backflush,7
BC00000583,BOM0000098,P002045,3.9971,3.2,backflush,1
BC00000584,BOM0000098,P002032,0.4771,3.59,floor_stock,2
BC00000585,BOM0000098,P001304,2.8666,3.51,backflush,3
BC00000586,BOM0000098,P001400,2.6193,0.05,backflush,4
BC00000587,BOM0000098,P002817,5.215,3.86,manual_issue,5
BC00000588,BOM0000098,P001996,4.2285,4.09,backflush,6
BC00000589,BOM0000099,P001407,4.6886,3.81,backflush,1
BC00000590,BOM0000099,P002633,6.3157,4.37,floor_stock,2
BC00000591,BOM0000099,P002441,6.9799,0,floor_stock,3
BC00000592,BOM0000099,P001488,6.7471,2.78,backflush,4
BC00000593,BOM0000099,P001518,6.2394,1.79,manual_issue,5
BC00000594,BOM0000099,P002550,3.026,3.46,floor_stock,6
BC00000595,BOM0000099,P001851,5.9684,4.15,floor_stock,7
BC00000596,BOM0000099,P001302,0.4408,2.75,backflush,8
BC00000597,BOM0000099,P001728,6.1181,3.63,backflush,9
BC00000598,BOM0000099,P003072,2.0639,3.8,manual_issue,10
BC00000599,BOM0000100,P002323,3.3975,3.96,backflush,1
BC00000600,BOM0000100,P001251,6.0898,5.21,backflush,2
BC00000601,BOM0000100,P001225,6.5603,3.45,backflush,3
BC00000602,BOM0000100,P001888,4.1025,2.0,backflush,4
BC00000603,BOM0000100,P002678,7.4376,4.12,manual_issue,5
BC00000604,BOM0000101,P002184,7.2675,0.91,backflush,1
BC00000605,BOM0000101,P001399,5.3302,2.84,floor_stock,2
BC00000606,BOM0000101,P002393,5.8764,3.29,backflush,3
BC00000607,BOM0000101,P001415,2.3043,3.93,manual_issue,4
BC00000608,BOM0000101,P001180,7.0339,1.47,manual_issue,5
BC00000609,BOM0000102,P001315,0.3628,2.02,backflush,1
BC00000610,BOM0000102,P002546,1.1531,6.14,manual_issue,2
BC00000611,BOM0000102,P003148,0.2303,3.82,backflush,3
BC00000612,BOM0000102,P000711,0.7511,3.22,manual_issue,4
BC00000613,BOM0000102,P003131,3.6793,5.36,backflush,5
BC00000614,BOM0000102,P001722,1.2588,3.57,backflush,6
BC00000615,BOM0000102,P001992,1.5072,2.6,backflush,7
BC00000616,BOM0000102,P002705,2.0991,0.85,manual_issue,8
BC00000617,BOM0000103,P002832,6.9422,1.0,manual_issue,1
BC00000618,BOM0000103,P001335,1.1224,3.48,backflush,2
BC00000619,BOM0000103,P000843,1.1567,3.33,backflush,3
BC00000620,BOM0000103,P001496,5.8063,3.54,manual_issue,4
BC00000621,BOM0000103,P001793,0.9113,3.37,backflush,5
BC00000622,BOM0000103,P001233,7.3854,6.53,backflush,6
BC00000623,BOM0000103,P002424,5.5821,2.65,backflush,7
BC00000624,BOM0000104,P001968,3.2202,1.58,backflush,1
BC00000625,BOM0000104,P001190,3.8424,5.36,manual_issue,2
BC00000626,BOM0000104,P002182,3.6862,3.91,floor_stock,3
BC00000627,BOM0000104,P001550,2.5197,4.54,backflush,4
BC00000628,BOM0000104,P001111,0.6979,3.43,backflush,5
BC00000629,BOM0000105,P001152,6.7065,2.53,manual_issue,1
BC00000630,BOM0000105,P002513,4.5538,2.99,floor_stock,2
BC00000631,BOM0000105,P000744,2.8813,4.0,backflush,3
BC00000632,BOM0000106,P003072,0.2297,4.9,floor_stock,1
BC00000633,BOM0000106,P003081,2.8468,1.9,manual_issue,2
BC00000634,BOM0000106,P001429,4.6393,1.97,backflush,3
BC00000635,BOM0000106,P002583,3.6934,1.97,backflush,4
BC00000636,BOM0000106,P002864,3.3086,4.68,floor_stock,5
BC00000637,BOM0000107,P001328,0.9706,1.6,backflush,1
BC00000638,BOM0000107,P002960,6.8836,3.96,backflush,2
BC00000639,BOM0000107,P001216,7.3985,3.34,backflush,3
BC00000640,BOM0000107,P002712,2.6586,1.0,backflush,4
BC00000641,BOM0000107,P003061,2.5748,1.78,manual_issue,5
BC00000642,BOM0000107,P003057,1.2341,4.61,floor_stock,6
BC00000643,BOM0000108,P003018,1.1026,2.74,backflush,1
BC00000644,BOM0000108,P002331,1.3855,0.29,manual_issue,2
BC00000645,BOM0000108,P001410,6.2085,2.19,backflush,3
BC00000646,BOM0000108,P001936,3.1083,1.76,manual_issue,4
BC00000647,BOM0000108,P000980,5.0997,0,manual_issue,5
BC00000648,BOM0000108,P002115,5.4866,2.36,backflush,6
BC00000649,BOM0000108,P002861,5.4831,1.04,manual_issue,7
BC00000650,BOM0000108,P002784,7.0804,3.12,manual_issue,8
BC00000651,BOM0000108,P001097,4.8188,4.9,manual_issue,9
BC00000652,BOM0000108,P001562,7.2315,2.84,floor_stock,10
BC00000653,BOM0000109,P001282,3.7485,2.14,backflush,1
BC00000654,BOM0000109,P001005,6.6605,1.53,backflush,2
BC00000655,BOM0000109,P002871,1.1761,1.77,manual_issue,3
BC00000656,BOM0000109,P001850,5.9126,3.71,backflush,4
BC00000657,BOM0000110,P001488,4.54,0,floor_stock,1
BC00000658,BOM0000110,P002286,0.2079,3.87,backflush,2
BC00000659,BOM0000110,P001902,7.1401,1.43,floor_stock,3
BC00000660,BOM0000110,P002585,3.2716,5.15,backflush,4
BC00000661,BOM0000110,P001630,6.196,1.33,manual_issue,5
BC00000662,BOM0000110,P001664,6.7182,2.94,manual_issue,6
BC00000663,BOM0000111,P002240,6.7445,0.69,manual_issue,1
BC00000664,BOM0000111,P001916,1.614,0.99,floor_stock,2
BC00000665,BOM0000111,P001316,2.2142,3.32,backflush,3
BC00000666,BOM0000111,P002807,5.9724,3.7,floor_stock,4
BC00000667,BOM0000111,P002930,3.7344,4.3,backflush,5
BC00000668,BOM0000111,P002025,5.0825,2.35,manual_issue,6
BC00000669,BOM0000111,P002745,4.768,1.89,backflush,7
BC00000670,BOM0000112,P003144,5.3246,1.01,backflush,1
BC00000671,BOM0000112,P002692,5.993,3.32,backflush,2
BC00000672,BOM0000112,P001868,3.9386,2.37,manual_issue,3
BC00000673,BOM0000113,P001895,6.9038,0.73,backflush,1
BC00000674,BOM0000113,P000830,5.9495,2.15,backflush,2
BC00000675,BOM0000113,P000672,3.7436,1.2,manual_issue,3
BC00000676,BOM0000113,P001945,2.45,4.39,manual_issue,4
BC00000677,BOM0000113,P001375,4.3797,4.58,floor_stock,5
BC00000678,BOM0000113,P001250,5.6881,4.86,backflush,6
BC00000679,BOM0000113,P002223,3.0272,3.13,backflush,7
BC00000680,BOM0000113,P001103,6.8655,2.34,floor_stock,8
BC00000681,BOM0000113,P001281,0.3964,2.61,backflush,9
BC00000682,BOM0000113,P002314,1.9454,4.04,floor_stock,10
BC00000683,BOM0000114,P000764,1.8405,4.48,backflush,1
BC00000684,BOM0000114,P001710,5.3052,1.84,backflush,2
BC00000685,BOM0000114,P003199,6.861,4.22,manual_issue,3
BC00000686,BOM0000114,P002990,1.1845,0,backflush,4
BC00000687,BOM0000114,P001877,3.0051,3.15,backflush,5
BC00000688,BOM0000114,P000984,1.1055,2.25,backflush,6
BC00000689,BOM0000114,P002696,0.5062,4.09,manual_issue,7
BC00000690,BOM0000114,P001518,3.7921,2.82,floor_stock,8
BC00000691,BOM0000115,P003070,5.0048,3.13,backflush,1
BC00000692,BOM0000115,P000849,2.2602,2.92,manual_issue,2
BC00000693,BOM0000115,P002946,3.2071,3.38,manual_issue,3
BC00000694,BOM0000115,P002082,2.3894,4.45,floor_stock,4
BC00000695,BOM0000115,P000890,2.9236,1.41,manual_issue,5
BC00000696,BOM0000115,P002846,4.0758,2.74,backflush,6
BC00000697,BOM0000115,P001827,4.7042,3.58,backflush,7
BC00000698,BOM0000115,P000767,1.7133,3.67,manual_issue,8
BC00000699,BOM0000115,P000883,6.5569,2.19,backflush,9
BC00000700,BOM0000116,P001230,3.9252,1.88,backflush,1
BC00000701,BOM0000116,P001596,0.6392,1.97,backflush,2
BC00000702,BOM0000116,P001719,4.2819,0.66,backflush,3
BC00000703,BOM0000116,P001091,1.3281,4.18,manual_issue,4
BC00000704,BOM0000116,P001369,7.4468,3.58,manual_issue,5
BC00000705,BOM0000116,P000817,1.6909,4.14,manual_issue,6
BC00000706,BOM0000116,P002908,3.7991,3.15,manual_issue,7
BC00000707,BOM0000116,P001188,5.3653,2.08,manual_issue,8
BC00000708,BOM0000117,P001829,3.7775,2.69,backflush,1
BC00000709,BOM0000117,P000877,4.9954,3.15,backflush,2
BC00000710,BOM0000117,P001415,5.413,2.11,floor_stock,3
BC00000711,BOM0000118,P003030,5.8981,4.17,floor_stock,1
BC00000712,BOM0000118,P002024,5.2241,6.17,backflush,2
BC00000713,BOM0000118,P000900,5.4622,3.81,floor_stock,3
BC00000714,BOM0000118,P001968,2.341,1.7,backflush,4
BC00000715,BOM0000118,P001476,7.1556,4.0,manual_issue,5
BC00000716,BOM0000118,P001191,2.9855,0.23,backflush,6
BC00000717,BOM0000118,P002433,5.8715,2.25,backflush,7
BC00000718,BOM0000119,P002997,4.3544,3.97,backflush,1
BC00000719,BOM0000119,P001670,0.857,2.44,backflush,2
BC00000720,BOM0000119,P000740,6.3703,3.55,manual_issue,3
BC00000721,BOM0000119,P002677,1.9506,6.54,manual_issue,4
BC00000722,BOM0000119,P001250,1.0284,0,floor_stock,5
BC00000723,BOM0000120,P000784,5.3448,0.75,backflush,1
BC00000724,BOM0000120,P001210,3.4522,3.23,floor_stock,2
BC00000725,BOM0000120,P001300,7.4561,1.01,floor_stock,3
BC00000726,BOM0000121,P002477,2.9238,1.76,manual_issue,1
BC00000727,BOM0000121,P003075,5.7385,2.51,manual_issue,2
BC00000728,BOM0000121,P001351,6.137,1.97,manual_issue,3
BC00000729,BOM0000121,P002236,5.3288,1.7,backflush,4
BC00000730,BOM0000122,P002167,5.8236,3.08,backflush,1
BC00000731,BOM0000122,P001978,6.62,5.01,backflush,2
BC00000732,BOM0000122,P001517,6.5221,2.99,floor_stock,3
BC00000733,BOM0000122,P001216,4.6958,4.13,backflush,4
BC00000734,BOM0000123,P000825,3.5969,3.98,backflush,1
BC00000735,BOM0000123,P002904,1.8561,2.67,backflush,2
BC00000736,BOM0000123,P001206,2.4239,4.66,backflush,3
BC00000737,BOM0000123,P002278,3.1147,0.26,backflush,4
BC00000738,BOM0000123,P001951,1.2862,5.98,manual_issue,5
BC00000739,BOM0000123,P002971,3.0145,1.87,manual_issue,6
BC00000740,BOM0000124,P002400,1.4968,3.46,backflush,1
BC00000741,BOM0000124,P001414,4.6533,4.3,floor_stock,2
BC00000742,BOM0000124,P002119,2.7856,3.88,backflush,3
BC00000743,BOM0000124,P002412,5.6034,3.24,backflush,4
BC00000744,BOM0000124,P001491,3.213,3.19,backflush,5
BC00000745,BOM0000124,P001649,7.1101,4.33,backflush,6
BC00000746,BOM0000124,P002955,3.2491,2.16,manual_issue,7
BC00000747,BOM0000124,P003018,5.0039,4.43,backflush,8
BC00000748,BOM0000124,P002316,1.9754,1.26,backflush,9
BC00000749,BOM0000124,P001843,3.604,4.3,floor_stock,10
BC00000750,BOM0000125,P002310,4.8807,1.78,manual_issue,1
BC00000751,BOM0000125,P002878,1.2706,1.13,backflush,2
BC00000752,BOM0000125,P001695,1.8348,2.98,backflush,3
BC00000753,BOM0000125,P002541,4.444,2.99,backflush,4
BC00000754,BOM0000125,P001308,2.9475,5.36,backflush,5
BC00000755,BOM0000126,P002455,6.364,2.65,backflush,1
BC00000756,BOM0000126,P001265,6.6662,0.9,backflush,2
BC00000757,BOM0000126,P002385,5.5464,3.35,backflush,3
BC00000758,BOM0000126,P003143,3.7759,1.77,backflush,4
BC00000759,BOM0000126,P001534,2.5826,3.99,manual_issue,5
BC00000760,BOM0000126,P002142,4.2289,4.46,floor_stock,6
BC00000761,BOM0000126,P002618,5.8782,1.74,backflush,7
BC00000762,BOM0000126,P001834,2.1105,3.34,manual_issue,8
BC00000763,BOM0000127,P001738,0.7179,5.97,manual_issue,1
BC00000764,BOM0000127,P003137,1.2877,1.15,manual_issue,2
BC00000765,BOM0000127,P002288,0.5018,6.07,floor_stock,3
BC00000766,BOM0000127,P002298,5.399,2.82,backflush,4
BC00000767,BOM0000127,P003055,1.4061,2.25,backflush,5
BC00000768,BOM0000127,P003087,5.2745,5.26,manual_issue,6
BC00000769,BOM0000127,P001277,1.5268,1.41,floor_stock,7
BC00000770,BOM0000127,P001237,4.5606,4.38,backflush,8
BC00000771,BOM0000127,P000979,5.6742,1.68,manual_issue,9
BC00000772,BOM0000127,P000816,6.752,4.06,backflush,10
BC00000773,BOM0000128,P002541,2.532,0.92,backflush,1
BC00000774,BOM0000128,P003152,3.8953,1.93,backflush,2
BC00000775,BOM0000128,P002253,0.7076,4.86,manual_issue,3
BC00000776,BOM0000128,P002768,1.6869,0,backflush,4
BC00000777,BOM0000128,P002250,2.6853,3.9,manual_issue,5
BC00000778,BOM0000129,P001679,0.5202,3.28,backflush,1
BC00000779,BOM0000129,P000836,6.7917,2.68,backflush,2
BC00000780,BOM0000129,P000844,7.0132,2.55,backflush,3
BC00000781,BOM0000129,P000688,4.8782,1.79,backflush,4
BC00000782,BOM0000129,P000947,3.9468,4.84,backflush,5
BC00000783,BOM0000129,P002904,0.2545,4.42,backflush,6
BC00000784,BOM0000129,P002664,4.4145,1.61,backflush,7
BC00000785,BOM0000129,P002079,0.4468,1.36,backflush,8
BC00000786,BOM0000129,P001182,6.3149,0.33,backflush,9
BC00000787,BOM0000130,P001762,5.3645,2.26,backflush,1
BC00000788,BOM0000130,P001064,5.8868,3.27,backflush,2
BC00000789,BOM0000130,P001295,4.0613,7.32,backflush,3
BC00000790,BOM0000130,P002450,5.8277,1.44,backflush,4
BC00000791,BOM0000130,P000823,3.8919,3.21,manual_issue,5
BC00000792,BOM0000130,P002663,4.6624,0.69,manual_issue,6
BC00000793,BOM0000130,P002746,6.0793,2.2,manual_issue,7
BC00000794,BOM0000130,P002710,6.9484,1.2,manual_issue,8
BC00000795,BOM0000131,P002108,0.5322,1.17,backflush,1
BC00000796,BOM0000131,P001215,1.3227,3.36,manual_issue,2
BC00000797,BOM0000131,P001849,2.6048,0.32,backflush,3
BC00000798,BOM0000132,P000743,5.5292,1.69,backflush,1
BC00000799,BOM0000132,P002546,2.4131,0.51,manual_issue,2
BC00000800,BOM0000132,P002384,7.4165,1.95,floor_stock,3
BC00000801,BOM0000132,P002512,2.567,4.17,floor_stock,4
BC00000802,BOM0000132,P001538,3.8086,4.18,backflush,5
BC00000803,BOM0000133,P000954,3.0359,5.1,backflush,1
BC00000804,BOM0000133,P001691,7.0377,3.47,manual_issue,2
BC00000805,BOM0000133,P001654,2.9331,1.39,backflush,3
BC00000806,BOM0000134,P002670,2.0001,3.89,backflush,1
BC00000807,BOM0000134,P001375,2.8806,2.5,backflush,2
BC00000808,BOM0000134,P002966,5.9262,1.62,backflush,3
BC00000809,BOM0000134,P001322,6.9292,0.0,backflush,4
BC00000810,BOM0000134,P002897,3.3671,2.47,manual_issue,5
BC00000811,BOM0000135,P001411,2.0999,4.17,backflush,1
BC00000812,BOM0000135,P001456,0.3449,2.64,manual_issue,2
BC00000813,BOM0000135,P003016,4.8283,6.05,backflush,3
BC00000814,BOM0000135,P001418,0.5141,3.95,backflush,4
BC00000815,BOM0000135,P002996,5.1336,4.38,backflush,5
BC00000816,BOM0000136,P003061,4.311,4.64,backflush,1
BC00000817,BOM0000136,P000739,3.8496,2.96,backflush,2
BC00000818,BOM0000136,P002196,4.4994,4.93,backflush,3
BC00000819,BOM0000137,P001638,5.2827,1.24,floor_stock,1
BC00000820,BOM0000137,P002551,6.942,3.92,backflush,2
BC00000821,BOM0000137,P002362,5.0777,0.56,backflush,3
BC00000822,BOM0000138,P001440,6.5379,2.17,backflush,1
BC00000823,BOM0000138,P000780,0.4596,0.69,backflush,2
BC00000824,BOM0000138,P002576,3.3336,2.04,backflush,3
BC00000825,BOM0000138,P001383,7.466,1.66,backflush,4
BC00000826,BOM0000138,P001722,6.5972,3.68,manual_issue,5
BC00000827,BOM0000138,P001972,7.2696,1.97,manual_issue,6
BC00000828,BOM0000139,P002789,4.2105,4.44,backflush,1
BC00000829,BOM0000139,P002812,6.8854,2.95,backflush,2
BC00000830,BOM0000139,P002695,6.096,4.77,backflush,3
BC00000831,BOM0000139,P001388,2.9921,1.48,backflush,4
BC00000832,BOM0000140,P002832,4.6194,1.4,manual_issue,1
BC00000833,BOM0000140,P003145,2.6871,2.8,backflush,2
BC00000834,BOM0000140,P001931,2.5952,1.36,floor_stock,3
BC00000835,BOM0000141,P002320,6.3791,2.55,manual_issue,1
BC00000836,BOM0000141,P000738,1.7891,2.76,backflush,2
BC00000837,BOM0000141,P002633,4.5321,0.99,manual_issue,3
BC00000838,BOM0000141,P000838,6.2898,2.59,backflush,4
BC00000839,BOM0000141,P003118,6.461,2.34,backflush,5
BC00000840,BOM0000141,P002036,1.9536,4.55,backflush,6
BC00000841,BOM0000141,P001229,1.9173,3.92,manual_issue,7
BC00000842,BOM0000142,P002372,1.1376,3.35,floor_stock,1
BC00000843,BOM0000142,P003087,1.5839,2.37,backflush,2
BC00000844,BOM0000142,P003155,3.9491,2.41,manual_issue,3
BC00000845,BOM0000142,P001572,4.2026,3.35,backflush,4
BC00000846,BOM0000142,P002501,6.8238,0.26,backflush,5
BC00000847,BOM0000142,P002317,3.9253,1.21,manual_issue,6
BC00000848,BOM0000142,P001055,3.7166,3.98,backflush,7
BC00000849,BOM0000142,P000919,4.226,0.58,floor_stock,8
BC00000850,BOM0000143,P002420,4.9574,2.87,backflush,1
BC00000851,BOM0000143,P002290,1.6664,3.83,backflush,2
BC00000852,BOM0000143,P002783,2.2151,5.05,backflush,3
BC00000853,BOM0000143,P001093,4.1235,1.66,backflush,4
BC00000854,BOM0000144,P000928,1.0237,2.92,manual_issue,1
BC00000855,BOM0000144,P000966,0.9313,1.83,manual_issue,2
BC00000856,BOM0000144,P001250,1.8592,1.78,manual_issue,3
BC00000857,BOM0000144,P001578,6.5943,4.51,backflush,4
BC00000858,BOM0000144,P002480,0.2154,0.94,backflush,5
BC00000859,BOM0000145,P001799,5.1233,3.86,floor_stock,1
BC00000860,BOM0000145,P001353,4.1353,2.77,backflush,2
BC00000861,BOM0000145,P000833,2.5266,4.34,manual_issue,3
BC00000862,BOM0000145,P002392,6.3435,0.99,floor_stock,4
BC00000863,BOM0000145,P001089,5.643,4.91,backflush,5
BC00000864,BOM0000145,P002140,4.0316,4.56,manual_issue,6
BC00000865,BOM0000146,P003086,4.7165,1.96,backflush,1
BC00000866,BOM0000146,P002637,0.3702,1.38,backflush,2
BC00000867,BOM0000146,P002138,6.576,3.65,backflush,3
BC00000868,BOM0000146,P001247,2.8196,2.96,backflush,4
BC00000869,BOM0000146,P000924,2.7761,2.67,backflush,5
BC00000870,BOM0000146,P001363,5.3379,1.65,backflush,6
BC00000871,BOM0000146,P001397,5.8902,3.3,backflush,7
BC00000872,BOM0000147,P000862,4.085,2.49,floor_stock,1
BC00000873,BOM0000147,P001401,0.4714,2.32,backflush,2
BC00000874,BOM0000147,P002315,7.4113,3.58,backflush,3
BC00000875,BOM0000147,P002096,3.578,3.67,manual_issue,4
BC00000876,BOM0000147,P001026,6.6748,2.55,backflush,5
BC00000877,BOM0000148,P002548,2.9115,2.32,manual_issue,1
BC00000878,BOM0000148,P002316,2.9045,3.45,backflush,2
BC00000879,BOM0000148,P001559,6.4119,2.73,backflush,3
BC00000880,BOM0000148,P002630,5.0528,1.33,backflush,4
BC00000881,BOM0000148,P002751,0.8302,2.48,manual_issue,5
BC00000882,BOM0000149,P000756,4.6525,1.55,manual_issue,1
BC00000883,BOM0000149,P002145,2.3948,3.4,manual_issue,2
BC00000884,BOM0000149,P001187,4.8252,3.63,backflush,3
BC00000885,BOM0000149,P001172,4.1199,2.95,backflush,4
BC00000886,BOM0000149,P002750,4.8013,1.8,manual_issue,5
BC00000887,BOM0000149,P001271,5.859,4.0,backflush,6
BC00000888,BOM0000150,P003057,1.3548,2.39,manual_issue,1
BC00000889,BOM0000150,P000760,6.8664,1.76,floor_stock,2
BC00000890,BOM0000150,P001223,2.953,3.28,floor_stock,3
BC00000891,BOM0000150,P001225,6.9596,3.92,manual_issue,4
BC00000892,BOM0000150,P001378,0.4965,1.36,floor_stock,5
BC00000893,BOM0000151,P002123,6.2023,4.93,backflush,1
BC00000894,BOM0000151,P000655,6.561,2.48,backflush,2
BC00000895,BOM0000151,P000953,1.9499,1.96,backflush,3
BC00000896,BOM0000152,P002451,1.1172,3.78,backflush,1
BC00000897,BOM0000152,P001242,2.4018,3.59,backflush,2
BC00000898,BOM0000152,P001827,4.2991,3.78,backflush,3
BC00000899,BOM0000152,P000857,2.7794,0,manual_issue,4
BC00000900,BOM0000152,P001626,4.0896,0.1,floor_stock,5
BC00000901,BOM0000152,P000731,1.5016,3.47,backflush,6
BC00000902,BOM0000152,P001887,2.3308,0.1,backflush,7
BC00000903,BOM0000152,P003152,4.8497,2.18,manual_issue,8
BC00000904,BOM0000152,P001738,1.76,6.09,floor_stock,9
BC00000905,BOM0000152,P001620,7.3395,6.22,backflush,10
BC00000906,BOM0000153,P000805,0.2274,4.45,backflush,1
BC00000907,BOM0000153,P002517,5.2626,3.06,backflush,2
BC00000908,BOM0000153,P003199,4.2996,2.33,manual_issue,3
BC00000909,BOM0000153,P001322,4.8787,3.4,manual_issue,4
BC00000910,BOM0000153,P002937,0.6218,2.47,manual_issue,5
BC00000911,BOM0000153,P001681,4.3663,3.8,manual_issue,6
BC00000912,BOM0000153,P002708,3.047,2.56,manual_issue,7
BC00000913,BOM0000153,P000729,4.2412,1.47,manual_issue,8
BC00000914,BOM0000154,P002732,5.7096,3.1,manual_issue,1
BC00000915,BOM0000154,P001891,5.0874,1.3,floor_stock,2
BC00000916,BOM0000154,P001216,4.6339,2.49,backflush,3
BC00000917,BOM0000154,P002546,4.0645,3.73,backflush,4
BC00000918,BOM0000154,P001307,6.9779,0.54,backflush,5
BC00000919,BOM0000154,P001926,2.2885,1.28,backflush,6
BC00000920,BOM0000154,P002470,3.1052,3.22,backflush,7
BC00000921,BOM0000154,P002158,2.8342,5.43,backflush,8
BC00000922,BOM0000154,P002785,0.2876,1.75,backflush,9
BC00000923,BOM0000154,P003090,6.625,1.97,manual_issue,10
BC00000924,BOM0000155,P000987,2.4009,2.01,floor_stock,1
BC00000925,BOM0000155,P002936,5.0343,5.09,backflush,2
BC00000926,BOM0000155,P002650,1.1798,2.41,backflush,3
BC00000927,BOM0000155,P002075,6.1641,3.53,backflush,4
BC00000928,BOM0000155,P001222,0.9338,4.69,backflush,5
BC00000929,BOM0000155,P001759,3.0273,4.07,backflush,6
BC00000930,BOM0000156,P001687,0.2606,3.02,manual_issue,1
BC00000931,BOM0000156,P002763,5.3986,3.99,backflush,2
BC00000932,BOM0000156,P002972,6.1922,4.99,backflush,3
BC00000933,BOM0000156,P001751,7.3102,4.39,backflush,4
BC00000934,BOM0000156,P001636,7.3296,2.09,manual_issue,5
BC00000935,BOM0000156,P000979,1.9159,3.89,backflush,6
BC00000936,BOM0000156,P001197,1.6939,2.14,backflush,7
BC00000937,BOM0000156,P002915,0.8355,2.68,manual_issue,8
BC00000938,BOM0000157,P003004,3.5271,2.68,manual_issue,1
BC00000939,BOM0000157,P003139,6.4378,3.84,manual_issue,2
BC00000940,BOM0000157,P000759,6.027,4.33,backflush,3
BC00000941,BOM0000157,P001594,5.6918,1.78,manual_issue,4
BC00000942,BOM0000158,P002839,5.5174,1.59,backflush,1
BC00000943,BOM0000158,P001540,2.9371,4.11,floor_stock,2
BC00000944,BOM0000158,P001820,7.3705,5.55,manual_issue,3
BC00000945,BOM0000158,P002634,1.4192,0,backflush,4
BC00000946,BOM0000158,P001073,1.6802,2.74,floor_stock,5
BC00000947,BOM0000158,P003134,0.6885,2.14,manual_issue,6
BC00000948,BOM0000158,P001081,3.3269,4.54,backflush,7
BC00000949,BOM0000159,P001147,6.8904,2.41,manual_issue,1
BC00000950,BOM0000159,P003099,1.8853,2.36,manual_issue,2
BC00000951,BOM0000159,P001143,3.6017,2.36,backflush,3
BC00000952,BOM0000159,P002198,4.0059,2.68,backflush,4
BC00000953,BOM0000159,P002903,2.3487,1.13,manual_issue,5
BC00000954,BOM0000159,P000959,7.2488,4.1,manual_issue,6
BC00000955,BOM0000159,P001180,1.6459,0.44,manual_issue,7
BC00000956,BOM0000159,P002054,2.5131,4.3,manual_issue,8
BC00000957,BOM0000160,P002011,7.3208,3.87,manual_issue,1
BC00000958,BOM0000160,P002179,3.1027,3.22,backflush,2
BC00000959,BOM0000160,P001311,7.1665,1.11,backflush,3
BC00000960,BOM0000160,P002038,5.9066,0.4,manual_issue,4
BC00000961,BOM0000160,P001425,1.9122,1.59,backflush,5
BC00000962,BOM0000161,P001115,6.7962,2.89,backflush,1
BC00000963,BOM0000161,P000949,1.3573,0.47,floor_stock,2
BC00000964,BOM0000161,P002345,4.0613,2.11,backflush,3
BC00000965,BOM0000162,P002165,4.8825,2.28,floor_stock,1
BC00000966,BOM0000162,P003028,5.2967,3.35,backflush,2
BC00000967,BOM0000162,P003097,7.2157,4.33,floor_stock,3
BC00000968,BOM0000162,P002149,4.8219,1.15,floor_stock,4
BC00000969,BOM0000162,P001474,6.0327,2.28,manual_issue,5
BC00000970,BOM0000162,P001842,3.6674,1.06,manual_issue,6
BC00000971,BOM0000163,P001858,5.4737,4.87,backflush,1
BC00000972,BOM0000163,P002134,6.5809,3.51,backflush,2
BC00000973,BOM0000163,P002163,0.4501,4.58,backflush,3
BC00000974,BOM0000163,P002027,3.8984,4.97,manual_issue,4
BC00000975,BOM0000163,P001522,3.2913,3.79,floor_stock,5
BC00000976,BOM0000164,P003082,2.9421,0.9,backflush,1
BC00000977,BOM0000164,P001516,6.3793,1.14,backflush,2
BC00000978,BOM0000164,P002864,1.721,3.28,manual_issue,3
BC00000979,BOM0000164,P002690,5.7762,0.76,backflush,4
BC00000980,BOM0000164,P002900,6.7846,0.99,backflush,5
BC00000981,BOM0000164,P001741,0.9384,2.59,backflush,6
BC00000982,BOM0000164,P002493,1.9166,5.43,backflush,7
BC00000983,BOM0000165,P001640,3.3089,4.42,floor_stock,1
BC00000984,BOM0000165,P001965,4.9872,3.13,manual_issue,2
BC00000985,BOM0000165,P002701,3.2586,1.63,manual_issue,3
BC00000986,BOM0000165,P002156,7.0627,2.45,backflush,4
BC00000987,BOM0000165,P002054,0.4452,0.59,backflush,5
BC00000988,BOM0000165,P003139,2.85,2.93,floor_stock,6
BC00000989,BOM0000165,P002489,0.9502,0.69,floor_stock,7
BC00000990,BOM0000165,P003196,6.1412,4.96,manual_issue,8
BC00000991,BOM0000165,P002833,0.5531,0.82,backflush,9
BC00000992,BOM0000166,P000840,6.4807,0.84,backflush,1
BC00000993,BOM0000166,P002218,6.5264,1.95,manual_issue,2
BC00000994,BOM0000166,P001565,3.6529,1.76,manual_issue,3
BC00000995,BOM0000166,P002188,6.2623,2.17,floor_stock,4
BC00000996,BOM0000167,P001921,5.7687,3.08,backflush,1
BC00000997,BOM0000167,P001710,5.192,4.37,floor_stock,2
BC00000998,BOM0000167,P001843,4.0681,1.14,backflush,3
BC00000999,BOM0000167,P002528,5.7792,2.91,backflush,4
BC00001000,BOM0000167,P001078,2.5628,1.48,backflush,5
BC00001001,BOM0000168,P002427,4.5771,2.17,floor_stock,1
BC00001002,BOM0000168,P003067,7.1604,4.35,manual_issue,2
BC00001003,BOM0000168,P000806,3.0016,2.71,backflush,3
BC00001004,BOM0000168,P001019,2.7787,0.25,backflush,4
BC00001005,BOM0000169,P001253,2.9832,2.81,backflush,1
BC00001006,BOM0000169,P003033,3.1001,1.98,backflush,2
BC00001007,BOM0000169,P002292,4.3227,1.76,floor_stock,3
BC00001008,BOM0000169,P001913,5.3595,1.57,manual_issue,4
BC00001009,BOM0000169,P002555,3.2975,2.29,manual_issue,5
BC00001010,BOM0000169,P001349,5.5306,1.64,backflush,6
BC00001011,BOM0000169,P001300,4.1497,2.14,backflush,7
BC00001012,BOM0000169,P002754,4.3111,1.27,backflush,8
BC00001013,BOM0000169,P000896,3.6756,0,backflush,9
BC00001014,BOM0000169,P002631,6.7032,3.63,backflush,10
BC00001015,BOM0000170,P001316,3.1367,2.97,backflush,1
BC00001016,BOM0000170,P002028,5.5903,4.98,backflush,2
BC00001017,BOM0000170,P001293,2.2013,1.06,manual_issue,3
BC00001018,BOM0000171,P003072,3.4578,4.01,manual_issue,1
BC00001019,BOM0000171,P001278,7.1971,2.69,floor_stock,2
BC00001020,BOM0000171,P002111,0.9015,2.01,floor_stock,3
BC00001021,BOM0000172,P000803,6.292,3.29,manual_issue,1
BC00001022,BOM0000172,P001705,0.5438,3.22,manual_issue,2
BC00001023,BOM0000172,P002448,5.5205,3.52,backflush,3
BC00001024,BOM0000172,P000910,3.3767,4.22,backflush,4
BC00001025,BOM0000172,P001341,5.1207,4.33,backflush,5
BC00001026,BOM0000172,P000805,6.416,0.99,manual_issue,6
BC00001027,BOM0000172,P000920,2.6484,3.11,manual_issue,7
BC00001028,BOM0000172,P001954,2.7577,2.09,backflush,8
BC00001029,BOM0000173,P002010,1.5258,1.42,backflush,1
BC00001030,BOM0000173,P001099,3.4955,2.35,floor_stock,2
BC00001031,BOM0000173,P001538,1.3225,0,manual_issue,3
BC00001032,BOM0000173,P000956,3.9357,1.55,backflush,4
BC00001033,BOM0000173,P003056,2.4604,1.74,floor_stock,5
BC00001034,BOM0000173,P001469,2.05,3.34,manual_issue,6
BC00001035,BOM0000173,P001824,1.4285,1.03,manual_issue,7
BC00001036,BOM0000173,P001021,4.8051,2.18,manual_issue,8
BC00001037,BOM0000174,P001597,6.4788,0.84,floor_stock,1
BC00001038,BOM0000174,P002051,3.8384,3.05,backflush,2
BC00001039,BOM0000174,P001480,1.6968,2.15,backflush,3
BC00001040,BOM0000175,P001515,0.3452,1.16,backflush,1
BC00001041,BOM0000175,P001042,6.0809,2.97,backflush,2
BC00001042,BOM0000175,P001618,1.0087,0,backflush,3
BC00001043,BOM0000175,P001928,4.3441,2.44,manual_issue,4
BC00001044,BOM0000176,P001784,6.7032,3.28,backflush,1
BC00001045,BOM0000176,P002778,7.1258,2.64,floor_stock,2
BC00001046,BOM0000176,P001446,2.8235,1.52,manual_issue,3
BC00001047,BOM0000176,P000749,5.9193,4.84,backflush,4
BC00001048,BOM0000177,P002197,1.6914,1.7,manual_issue,1
BC00001049,BOM0000177,P002430,4.6036,1.59,manual_issue,2
BC00001050,BOM0000177,P001151,5.376,3.16,floor_stock,3
BC00001051,BOM0000177,P002055,4.911,2.48,backflush,4
BC00001052,BOM0000177,P002778,6.9201,1.5,manual_issue,5
BC00001053,BOM0000177,P001600,6.9861,3.02,manual_issue,6
BC00001054,BOM0000177,P002993,4.0841,3.29,backflush,7
BC00001055,BOM0000177,P002056,5.0427,0.42,backflush,8
BC00001056,BOM0000178,P002336,4.5241,4.12,manual_issue,1
BC00001057,BOM0000178,P002667,6.1341,1.95,manual_issue,2
BC00001058,BOM0000178,P002523,4.417,0.74,backflush,3
BC00001059,BOM0000178,P001646,0.6718,3.2,backflush,4
BC00001060,BOM0000178,P002156,2.979,1.47,backflush,5
BC00001061,BOM0000178,P002760,2.3731,0.64,manual_issue,6
BC00001062,BOM0000178,P001583,6.8536,4.39,backflush,7
BC00001063,BOM0000179,P003032,4.9559,5.75,backflush,1
BC00001064,BOM0000179,P002083,7.4342,3.69,backflush,2
BC00001065,BOM0000179,P000885,2.0735,1.5,backflush,3
BC00001066,BOM0000179,P001287,4.3818,2.11,backflush,4
BC00001067,BOM0000179,P001568,5.1062,1.18,backflush,5
BC00001068,BOM0000179,P002734,5.963,3.4,manual_issue,6
BC00001069,BOM0000179,P001424,6.8515,3.06,backflush,7
BC00001070,BOM0000179,P003000,2.8542,3.7,backflush,8
BC00001071,BOM0000180,P001533,7.3341,2.23,backflush,1
BC00001072,BOM0000180,P001447,6.6581,4.05,backflush,2
BC00001073,BOM0000180,P000827,1.7228,2.86,manual_issue,3
BC00001074,BOM0000180,P000855,1.5096,4.94,backflush,4
BC00001075,BOM0000180,P001858,6.248,1.19,backflush,5
BC00001076,BOM0000181,P002516,3.2115,2.53,backflush,1
BC00001077,BOM0000181,P001252,3.6664,4.21,backflush,2
BC00001078,BOM0000181,P002109,5.6675,4.38,manual_issue,3
BC00001079,BOM0000181,P002080,3.4164,0.52,backflush,4
BC00001080,BOM0000181,P000729,5.9423,3.54,manual_issue,5
BC00001081,BOM0000181,P003175,1.049,2.37,backflush,6
BC00001082,BOM0000181,P003142,2.6666,3.38,floor_stock,7
BC00001083,BOM0000181,P002080,1.2058,4.33,backflush,8
BC00001084,BOM0000182,P002943,6.3212,3.4,manual_issue,1
BC00001085,BOM0000182,P001683,4.7897,3.94,manual_issue,2
BC00001086,BOM0000182,P001692,2.6282,2.9,manual_issue,3
BC00001087,BOM0000182,P002443,4.605,5.84,backflush,4
BC00001088,BOM0000182,P000902,1.7021,2.12,floor_stock,5
BC00001089,BOM0000182,P001238,3.1742,3.28,backflush,6
BC00001090,BOM0000182,P000665,0.5253,3.23,manual_issue,7
BC00001091,BOM0000182,P002974,1.7948,2.86,manual_issue,8
BC00001092,BOM0000183,P002914,1.2012,3.42,manual_issue,1
BC00001093,BOM0000183,P001307,2.1027,1.16,floor_stock,2
BC00001094,BOM0000183,P002726,2.8812,2.64,backflush,3
BC00001095,BOM0000183,P001842,5.9512,4.69,floor_stock,4
BC00001096,BOM0000184,P001996,5.7297,3.63,backflush,1
BC00001097,BOM0000184,P001257,2.0503,0.74,manual_issue,2
BC00001098,BOM0000184,P003035,5.1324,4.02,manual_issue,3
BC00001099,BOM0000184,P000920,1.9841,3.05,backflush,4
BC00001100,BOM0000184,P000959,3.26,5.05,backflush,5
BC00001101,BOM0000184,P002479,3.0441,4.71,backflush,6
BC00001102,BOM0000185,P002970,1.3182,0.92,manual_issue,1
BC00001103,BOM0000185,P001222,5.6673,5.65,floor_stock,2
BC00001104,BOM0000185,P000995,7.1685,1.58,manual_issue,3
BC00001105,BOM0000185,P002259,4.7928,3.66,floor_stock,4
BC00001106,BOM0000185,P002747,7.2153,2.86,backflush,5
BC00001107,BOM0000186,P003004,7.1822,1.96,backflush,1
BC00001108,BOM0000186,P001349,4.8282,2.83,backflush,2
BC00001109,BOM0000186,P003097,2.6587,2.12,manual_issue,3
BC00001110,BOM0000187,P001569,4.2145,3.58,floor_stock,1
BC00001111,BOM0000187,P001075,4.0067,2.51,backflush,2
BC00001112,BOM0000187,P002248,6.7053,3.16,backflush,3
BC00001113,BOM0000188,P001401,0.4814,3.44,manual_issue,1
BC00001114,BOM0000188,P002311,5.9295,4.41,floor_stock,2
BC00001115,BOM0000188,P002912,4.8952,2.91,floor_stock,3
BC00001116,BOM0000188,P002263,0.8829,2.65,backflush,4
BC00001117,BOM0000189,P002166,3.0614,2.16,manual_issue,1
BC00001118,BOM0000189,P002255,1.4943,5.1,manual_issue,2
BC00001119,BOM0000189,P002891,2.8705,2.73,floor_stock,3
BC00001120,BOM0000190,P002755,6.9312,1.93,backflush,1
BC00001121,BOM0000190,P001473,0.5108,1.06,backflush,2
BC00001122,BOM0000190,P001406,7.4709,4.28,backflush,3
BC00001123,BOM0000190,P001659,6.867,3.86,backflush,4
BC00001124,BOM0000191,P001061,7.3923,0.88,manual_issue,1
BC00001125,BOM0000191,P000664,5.8517,1.84,manual_issue,2
BC00001126,BOM0000191,P002847,2.1961,6.43,manual_issue,3
BC00001127,BOM0000191,P001616,5.6722,2.7,manual_issue,4
BC00001128,BOM0000191,P001917,4.19,3.49,backflush,5
BC00001129,BOM0000192,P002996,6.4919,1.28,manual_issue,1
BC00001130,BOM0000192,P000964,4.0375,4.39,backflush,2
BC00001131,BOM0000192,P001129,1.361,2.25,backflush,3
BC00001132,BOM0000192,P002993,2.1728,3.88,floor_stock,4
BC00001133,BOM0000192,P002160,7.0439,3.17,backflush,5
BC00001134,BOM0000192,P003174,2.7717,3.15,floor_stock,6
BC00001135,BOM0000192,P001197,3.2694,0,backflush,7
BC00001136,BOM0000192,P001686,1.4646,2.71,manual_issue,8
BC00001137,BOM0000193,P001028,0.8537,1.66,backflush,1
BC00001138,BOM0000193,P002032,5.295,3.34,manual_issue,2
BC00001139,BOM0000193,P001154,5.3807,2.72,floor_stock,3
BC00001140,BOM0000193,P000711,2.4747,3.0,backflush,4
BC00001141,BOM0000193,P001140,2.6827,2.33,backflush,5
BC00001142,BOM0000193,P001522,6.8533,2.94,backflush,6
BC00001143,BOM0000193,P002429,3.9483,2.09,manual_issue,7
BC00001144,BOM0000193,P001346,3.8838,1.49,backflush,8
BC00001145,BOM0000193,P001162,1.2645,4.22,backflush,9
BC00001146,BOM0000193,P002798,0.8402,3.46,floor_stock,10
BC00001147,BOM0000194,P001422,6.336,2.55,floor_stock,1
BC00001148,BOM0000194,P002856,6.1349,1.55,backflush,2
BC00001149,BOM0000194,P001719,4.5554,3.15,floor_stock,3
BC00001150,BOM0000195,P003174,2.7909,6.1,manual_issue,1
BC00001151,BOM0000195,P003131,5.9357,0,backflush,2
BC00001152,BOM0000195,P001259,2.708,4.29,backflush,3
BC00001153,BOM0000195,P001815,2.3382,4.34,backflush,4
BC00001154,BOM0000195,P001098,0.3954,3.95,backflush,5
BC00001155,BOM0000195,P001030,7.3749,5.24,backflush,6
BC00001156,BOM0000195,P001208,4.7964,3.33,manual_issue,7
BC00001157,BOM0000196,P002049,1.5854,4.05,backflush,1
BC00001158,BOM0000196,P002375,1.2312,2.2,backflush,2
BC00001159,BOM0000196,P003147,3.8997,5.22,backflush,3
BC00001160,BOM0000196,P002568,0.4317,3.59,manual_issue,4
BC00001161,BOM0000196,P001940,5.088,2.18,backflush,5
BC00001162,BOM0000196,P001591,3.5646,3.3,manual_issue,6
BC00001163,BOM0000196,P001158,3.5201,4.73,floor_stock,7
BC00001164,BOM0000196,P000777,6.5752,4.37,backflush,8
BC00001165,BOM0000197,P002193,1.3765,4.14,backflush,1
BC00001166,BOM0000197,P001581,5.587,2.8,manual_issue,2
BC00001167,BOM0000197,P000817,6.9052,4.4,backflush,3
BC00001168,BOM0000197,P000776,0.8309,1.18,backflush,4
BC00001169,BOM0000197,P002625,6.1961,1.86,manual_issue,5
BC00001170,BOM0000198,P001699,3.7634,0.5,manual_issue,1
BC00001171,BOM0000198,P001598,4.9502,4.07,backflush,2
BC00001172,BOM0000198,P002177,0.2579,4.46,manual_issue,3
BC00001173,BOM0000198,P000967,5.6379,1.77,manual_issue,4
BC00001174,BOM0000198,P002297,3.5306,1.2,backflush,5
BC00001175,BOM0000198,P003048,4.9203,2.23,backflush,6
BC00001176,BOM0000199,P002059,6.3102,3.73,floor_stock,1
BC00001177,BOM0000199,P002146,2.245,2.93,floor_stock,2
BC00001178,BOM0000199,P001023,1.5783,3.13,backflush,3
BC00001179,BOM0000199,P001491,2.8546,2.57,backflush,4
BC00001180,BOM0000199,P002883,2.0689,5.3,manual_issue,5
BC00001181,BOM0000199,P000666,4.9592,4.4,backflush,6
BC00001182,BOM0000200,P003123,2.7368,3.58,floor_stock,1
BC00001183,BOM0000200,P001371,6.6316,2.46,backflush,2
BC00001184,BOM0000200,P001070,5.6515,3.1,floor_stock,3
BC00001185,BOM0000200,P002677,1.7895,3.9,manual_issue,4
BC00001186,BOM0000200,P000884,4.7118,3.11,backflush,5
BC00001187,BOM0000200,P003066,3.364,2.04,backflush,6
BC00001188,BOM0000200,P002697,4.0969,1.41,floor_stock,7
BC00001189,BOM0000200,P002803,3.0825,1.57,backflush,8
BC00001190,BOM0000200,P001395,6.1589,2.96,manual_issue,9
BC00001191,BOM0000201,P001646,4.0242,1.98,backflush,1
BC00001192,BOM0000201,P002045,3.6569,4.93,backflush,2
BC00001193,BOM0000201,P002539,3.0491,2.54,backflush,3
BC00001194,BOM0000201,P001334,4.5944,2.68,backflush,4
BC00001195,BOM0000201,P003195,7.3571,2.85,backflush,5
BC00001196,BOM0000201,P000924,3.2405,1.67,manual_issue,6
BC00001197,BOM0000201,P002874,3.6359,1.37,backflush,7
BC00001198,BOM0000201,P000808,1.0539,1.34,backflush,8
BC00001199,BOM0000201,P001621,5.461,3.06,backflush,9
BC00001200,BOM0000202,P002904,3.6568,1.69,manual_issue,1
BC00001201,BOM0000202,P001214,1.5129,6.12,manual_issue,2
BC00001202,BOM0000202,P001266,6.7789,2.85,backflush,3
BC00001203,BOM0000202,P001753,6.1836,0,floor_stock,4
BC00001204,BOM0000202,P001004,0.6901,2.56,backflush,5
BC00001205,BOM0000203,P000836,1.1564,2.3,backflush,1
BC00001206,BOM0000203,P000705,1.8798,3.59,backflush,2
BC00001207,BOM0000203,P002815,4.5832,6.21,backflush,3
BC00001208,BOM0000203,P001883,6.0527,1.81,floor_stock,4
BC00001209,BOM0000203,P002882,4.0191,2.17,backflush,5
BC00001210,BOM0000203,P002165,2.2796,4.24,manual_issue,6
BC00001211,BOM0000203,P001710,5.7953,3.17,backflush,7
BC00001212,BOM0000204,P002971,5.7254,1.94,backflush,1
BC00001213,BOM0000204,P001691,4.3055,1.92,backflush,2
BC00001214,BOM0000204,P001851,5.0169,1.52,backflush,3
BC00001215,BOM0000204,P003024,2.3174,3.44,backflush,4
BC00001216,BOM0000204,P002392,4.978,3.19,backflush,5
BC00001217,BOM0000204,P001161,6.4331,2.04,manual_issue,6
BC00001218,BOM0000204,P002916,4.6158,0.61,backflush,7
BC00001219,BOM0000205,P001580,1.4231,2.63,backflush,1
BC00001220,BOM0000205,P000950,5.5709,2.81,backflush,2
BC00001221,BOM0000205,P002469,0.5513,1.72,floor_stock,3
BC00001222,BOM0000205,P001431,6.306,4.23,backflush,4
BC00001223,BOM0000206,P001410,5.5769,3.51,backflush,1
BC00001224,BOM0000206,P001784,2.2032,4.13,backflush,2
BC00001225,BOM0000206,P001107,6.9303,5.67,backflush,3
BC00001226,BOM0000206,P000993,5.2109,0.02,manual_issue,4
BC00001227,BOM0000206,P002115,0.8639,4.8,backflush,5
BC00001228,BOM0000206,P002913,3.3207,4.3,floor_stock,6
BC00001229,BOM0000206,P002321,3.9573,1.54,backflush,7
BC00001230,BOM0000206,P001330,5.4842,2.17,floor_stock,8
BC00001231,BOM0000206,P002862,5.5464,2.58,floor_stock,9
BC00001232,BOM0000206,P001216,6.3708,1.12,backflush,10
BC00001233,BOM0000207,P001179,7.0618,2.82,backflush,1
BC00001234,BOM0000207,P001814,4.1368,4.02,floor_stock,2
BC00001235,BOM0000207,P002249,0.9214,0.52,backflush,3
BC00001236,BOM0000207,P001448,1.9704,1.5,backflush,4
BC00001237,BOM0000207,P002112,4.1512,3.07,backflush,5
BC00001238,BOM0000207,P002850,1.504,2.64,manual_issue,6
BC00001239,BOM0000207,P001675,3.6122,4.87,backflush,7
BC00001240,BOM0000207,P002458,6.8116,4.09,backflush,8
BC00001241,BOM0000207,P001891,4.0435,1.42,backflush,9
BC00001242,BOM0000207,P002463,4.8344,1.84,backflush,10
BC00001243,BOM0000208,P001741,2.4504,5.19,manual_issue,1
BC00001244,BOM0000208,P001220,5.5377,1.71,manual_issue,2
BC00001245,BOM0000208,P001542,5.4392,0.25,backflush,3
BC00001246,BOM0000208,P002475,0.6777,4.66,backflush,4
BC00001247,BOM0000208,P002172,5.8289,4.03,floor_stock,5
BC00001248,BOM0000208,P002956,5.361,2.88,floor_stock,6
BC00001249,BOM0000208,P001925,6.663,0,backflush,7
BC00001250,BOM0000209,P001321,3.8792,1.51,backflush,1
BC00001251,BOM0000209,P001837,2.9197,1.65,manual_issue,2
BC00001252,BOM0000209,P001001,4.6559,3.12,backflush,3
BC00001253,BOM0000209,P000982,2.1293,2.89,floor_stock,4
BC00001254,BOM0000209,P002951,2.806,1.72,manual_issue,5
BC00001255,BOM0000210,P002911,2.6081,3.01,backflush,1
BC00001256,BOM0000210,P002358,5.5681,3.98,backflush,2
BC00001257,BOM0000210,P001746,6.0727,2.56,backflush,3
BC00001258,BOM0000210,P003179,0.7361,2.89,backflush,4
BC00001259,BOM0000210,P000915,5.2896,4.11,backflush,5
BC00001260,BOM0000211,P001531,4.7854,0.92,backflush,1
BC00001261,BOM0000211,P002641,1.8575,0,backflush,2
BC00001262,BOM0000211,P001396,6.4092,3.17,backflush,3
BC00001263,BOM0000211,P000959,1.7794,4.63,manual_issue,4
BC00001264,BOM0000211,P002135,6.3387,0.72,backflush,5
BC00001265,BOM0000211,P002970,4.3143,2.66,manual_issue,6
BC00001266,BOM0000211,P001262,7.4507,4.42,floor_stock,7
BC00001267,BOM0000211,P002483,6.2275,6.33,backflush,8
BC00001268,BOM0000211,P001010,3.1286,2.58,floor_stock,9
BC00001269,BOM0000212,P002321,5.7554,3.36,backflush,1
BC00001270,BOM0000212,P001958,5.9454,0.78,floor_stock,2
BC00001271,BOM0000212,P001052,0.7331,4.16,manual_issue,3
BC00001272,BOM0000212,P002400,2.8977,3.66,manual_issue,4
BC00001273,BOM0000212,P000766,7.385,2.23,backflush,5
BC00001274,BOM0000212,P000944,4.9318,3.5,floor_stock,6
BC00001275,BOM0000212,P002451,1.4659,3.19,backflush,7
BC00001276,BOM0000212,P002715,5.9925,0.59,floor_stock,8
BC00001277,BOM0000213,P001615,2.3723,1.48,backflush,1
BC00001278,BOM0000213,P003080,3.6801,1.74,floor_stock,2
BC00001279,BOM0000213,P002153,5.5039,1.96,backflush,3
BC00001280,BOM0000213,P001322,2.5167,1.19,backflush,4
BC00001281,BOM0000213,P002240,2.3038,3.55,floor_stock,5
BC00001282,BOM0000213,P001598,3.4499,3.93,manual_issue,6
BC00001283,BOM0000213,P001475,5.5424,2.3,floor_stock,7
BC00001284,BOM0000214,P002452,1.4665,3.86,floor_stock,1
BC00001285,BOM0000214,P001207,1.9405,2.08,backflush,2
BC00001286,BOM0000214,P001465,1.4812,3.77,manual_issue,3
BC00001287,BOM0000214,P002047,6.0622,3.5,backflush,4
BC00001288,BOM0000214,P002892,2.3844,3.73,backflush,5
BC00001289,BOM0000214,P002093,2.3477,4.09,manual_issue,6
BC00001290,BOM0000214,P001888,2.8416,1.16,backflush,7
BC00001291,BOM0000214,P003095,6.1182,2.29,floor_stock,8
BC00001292,BOM0000214,P001907,0.9294,3.93,backflush,9
BC00001293,BOM0000215,P001412,1.2532,0.87,manual_issue,1
BC00001294,BOM0000215,P002179,1.7691,3.85,manual_issue,2
BC00001295,BOM0000215,P001368,2.9821,2.94,backflush,3
BC00001296,BOM0000216,P001052,7.4865,2.24,manual_issue,1
BC00001297,BOM0000216,P002290,4.1738,3.78,backflush,2
BC00001298,BOM0000216,P001599,1.1415,2.9,backflush,3
BC00001299,BOM0000216,P002817,5.7181,2.87,backflush,4
BC00001300,BOM0000216,P001885,1.9814,2.75,backflush,5
BC00001301,BOM0000216,P002930,1.1654,2.36,manual_issue,6
BC00001302,BOM0000216,P001575,6.8252,1.26,backflush,7
BC00001303,BOM0000216,P001946,3.9605,4.02,manual_issue,8
BC00001304,BOM0000216,P001599,7.4698,3.87,floor_stock,9
BC00001305,BOM0000216,P001500,3.9457,4.16,manual_issue,10
BC00001306,BOM0000217,P002034,6.4591,0.2,backflush,1
BC00001307,BOM0000217,P002676,2.27,3.69,floor_stock,2
BC00001308,BOM0000217,P001522,2.3631,2.72,backflush,3
BC00001309,BOM0000217,P001447,4.9074,4.23,backflush,4
BC00001310,BOM0000217,P001110,5.973,3.7,backflush,5
BC00001311,BOM0000217,P002947,2.8744,0.72,backflush,6
BC00001312,BOM0000217,P002910,1.8144,2.1,manual_issue,7
BC00001313,BOM0000217,P000913,7.0887,0,backflush,8
BC00001314,BOM0000218,P002791,0.9377,4.74,manual_issue,1
BC00001315,BOM0000218,P000850,0.7328,2.78,floor_stock,2
BC00001316,BOM0000218,P002845,6.5059,3.34,backflush,3
BC00001317,BOM0000218,P000830,6.1347,4.52,backflush,4
BC00001318,BOM0000218,P002050,0.8971,4.21,backflush,5
BC00001319,BOM0000218,P002580,7.3712,2.88,backflush,6
BC00001320,BOM0000218,P002982,2.9965,1.31,backflush,7
BC00001321,BOM0000219,P002071,6.2329,2.12,backflush,1
BC00001322,BOM0000219,P001556,4.2132,2.65,backflush,2
BC00001323,BOM0000219,P002161,4.8861,1.95,backflush,3
BC00001324,BOM0000219,P002648,7.2251,1.78,backflush,4
BC00001325,BOM0000219,P002874,7.3864,0,manual_issue,5
BC00001326,BOM0000220,P001395,0.1826,0.79,backflush,1
BC00001327,BOM0000220,P001953,2.4158,3.84,floor_stock,2
BC00001328,BOM0000220,P001199,6.7547,5.41,backflush,3
BC00001329,BOM0000220,P001474,4.3021,3.6,backflush,4
BC00001330,BOM0000221,P002391,6.9365,2.57,backflush,1
BC00001331,BOM0000221,P001216,6.9335,2.79,manual_issue,2
BC00001332,BOM0000221,P003184,1.4265,4.84,backflush,3
BC00001333,BOM0000221,P001221,1.27,3.2,backflush,4
BC00001334,BOM0000221,P000839,3.8716,2.39,floor_stock,5
BC00001335,BOM0000221,P002805,6.2409,4.2,backflush,6
BC00001336,BOM0000221,P002985,7.2658,1.94,backflush,7
BC00001337,BOM0000221,P002188,0.384,2.84,backflush,8
BC00001338,BOM0000222,P000973,6.2883,0.77,manual_issue,1
BC00001339,BOM0000222,P000799,5.1416,4.26,backflush,2
BC00001340,BOM0000222,P001511,1.9518,4.11,backflush,3
BC00001341,BOM0000222,P001408,5.9668,2.82,backflush,4
BC00001342,BOM0000222,P001996,3.0546,1.61,manual_issue,5
BC00001343,BOM0000222,P002732,6.4652,3.7,backflush,6
BC00001344,BOM0000222,P003020,1.3783,3.43,backflush,7
BC00001345,BOM0000222,P001351,5.0048,5.75,backflush,8
BC00001346,BOM0000222,P001448,0.7827,2.1,backflush,9
BC00001347,BOM0000223,P000880,1.7536,3.61,manual_issue,1
BC00001348,BOM0000223,P002887,6.285,2.35,manual_issue,2
BC00001349,BOM0000223,P001696,0.451,3.28,backflush,3
BC00001350,BOM0000224,P002319,2.8707,1.16,backflush,1
BC00001351,BOM0000224,P000777,3.3288,1.48,floor_stock,2
BC00001352,BOM0000224,P001706,3.0925,0.52,backflush,3
BC00001353,BOM0000225,P003157,4.8414,3.62,manual_issue,1
BC00001354,BOM0000225,P002964,7.4565,2.48,backflush,2
BC00001355,BOM0000225,P001859,0.3786,3.08,backflush,3
BC00001356,BOM0000225,P003099,0.7755,2.05,floor_stock,4
BC00001357,BOM0000226,P002392,7.2839,6.73,backflush,1
BC00001358,BOM0000226,P002918,6.9568,4.39,backflush,2
BC00001359,BOM0000226,P000701,3.6817,4.66,backflush,3
BC00001360,BOM0000226,P002867,0.7607,3.82,backflush,4
BC00001361,BOM0000226,P002535,4.5535,3.25,backflush,5
BC00001362,BOM0000226,P000838,0.2614,1.8,backflush,6
BC00001363,BOM0000226,P002120,0.765,3.46,backflush,7
BC00001364,BOM0000227,P001760,0.5171,1.91,backflush,1
BC00001365,BOM0000227,P001402,6.4236,2.4,backflush,2
BC00001366,BOM0000227,P002400,3.712,3.15,manual_issue,3
BC00001367,BOM0000227,P003164,7.4464,1.66,backflush,4
BC00001368,BOM0000227,P001564,2.3587,1.08,floor_stock,5
BC00001369,BOM0000228,P001359,3.5138,2.63,manual_issue,1
BC00001370,BOM0000228,P001761,4.7661,4.05,backflush,2
BC00001371,BOM0000228,P002998,1.9826,4.6,backflush,3
BC00001372,BOM0000228,P002524,6.2978,2.5,backflush,4
BC00001373,BOM0000228,P001617,5.5325,0.3,floor_stock,5
BC00001374,BOM0000228,P002861,4.3509,5.36,floor_stock,6
BC00001375,BOM0000228,P001391,1.4683,1.84,backflush,7
BC00001376,BOM0000229,P000677,5.6744,3.84,backflush,1
BC00001377,BOM0000229,P001618,5.9533,3.89,manual_issue,2
BC00001378,BOM0000229,P001967,1.2135,3.14,backflush,3
BC00001379,BOM0000229,P001729,2.913,5.28,backflush,4
BC00001380,BOM0000229,P001830,6.5328,2.34,manual_issue,5
BC00001381,BOM0000229,P001672,2.4239,3.53,backflush,6
BC00001382,BOM0000229,P002520,5.9763,5.51,floor_stock,7
BC00001383,BOM0000229,P001999,0.4123,4.08,manual_issue,8
BC00001384,BOM0000229,P001920,6.5401,4.28,backflush,9
BC00001385,BOM0000230,P001940,1.6094,1.84,backflush,1
BC00001386,BOM0000230,P001973,2.3675,1.84,manual_issue,2
BC00001387,BOM0000230,P002864,5.4495,2.38,manual_issue,3
BC00001388,BOM0000230,P002231,6.83,2.62,manual_issue,4
BC00001389,BOM0000230,P002490,6.7088,0.74,manual_issue,5
BC00001390,BOM0000231,P002683,3.876,1.54,backflush,1
BC00001391,BOM0000231,P001139,3.975,1.95,backflush,2
BC00001392,BOM0000231,P001785,6.0845,3.75,backflush,3
BC00001393,BOM0000231,P002535,0.6513,3.87,manual_issue,4
BC00001394,BOM0000231,P000777,3.7657,2.1,floor_stock,5
BC00001395,BOM0000231,P000841,5.2541,3.51,backflush,6
BC00001396,BOM0000232,P002103,4.6657,1.8,backflush,1
BC00001397,BOM0000232,P002797,4.4903,2.84,manual_issue,2
BC00001398,BOM0000232,P001269,5.7223,0,backflush,3
BC00001399,BOM0000232,P000987,1.5604,2.69,manual_issue,4
BC00001400,BOM0000233,P003045,5.1851,2.77,floor_stock,1
BC00001401,BOM0000233,P002728,0.5469,5.83,backflush,2
BC00001402,BOM0000233,P002200,6.4099,5.5,backflush,3
BC00001403,BOM0000234,P001749,2.9744,3.54,backflush,1
BC00001404,BOM0000234,P002789,1.9243,1.91,backflush,2
BC00001405,BOM0000234,P002856,3.0802,4.77,backflush,3
BC00001406,BOM0000234,P001122,5.3745,3.3,manual_issue,4
BC00001407,BOM0000234,P001663,4.7862,3.18,floor_stock,5
BC00001408,BOM0000234,P000999,4.8082,5.0,manual_issue,6
BC00001409,BOM0000235,P001896,3.6037,3.24,backflush,1
BC00001410,BOM0000235,P001325,6.6544,3.17,floor_stock,2
BC00001411,BOM0000235,P002996,5.5301,0.61,floor_stock,3
BC00001412,BOM0000235,P003113,3.0119,4.03,backflush,4
BC00001413,BOM0000235,P001090,6.9848,2.67,backflush,5
BC00001414,BOM0000235,P001933,4.9189,4.1,manual_issue,6
BC00001415,BOM0000235,P001817,1.4453,2.46,manual_issue,7
BC00001416,BOM0000235,P002378,2.1387,6.11,floor_stock,8
BC00001417,BOM0000235,P002628,0.3102,2.53,backflush,9
BC00001418,BOM0000236,P001513,1.919,4.46,manual_issue,1
BC00001419,BOM0000236,P002218,4.1366,5.2,manual_issue,2
BC00001420,BOM0000236,P002609,3.1652,1.5,backflush,3
BC00001421,BOM0000236,P001406,4.024,4.38,backflush,4
BC00001422,BOM0000237,P002550,3.603,0.86,manual_issue,1
BC00001423,BOM0000237,P000746,3.8934,4.42,backflush,2
BC00001424,BOM0000237,P001668,5.9127,1.05,manual_issue,3
BC00001425,BOM0000237,P001532,5.5655,3.51,manual_issue,4
BC00001426,BOM0000238,P001899,2.8239,3.89,backflush,1
BC00001427,BOM0000238,P002278,2.6684,6.11,manual_issue,2
BC00001428,BOM0000238,P002054,6.7533,2.29,backflush,3
BC00001429,BOM0000238,P001967,3.9439,1.26,backflush,4
BC00001430,BOM0000238,P003136,3.7212,0,backflush,5
BC00001431,BOM0000238,P002950,3.4779,1.66,backflush,6
BC00001432,BOM0000238,P002387,3.7979,2.89,manual_issue,7
BC00001433,BOM0000238,P002360,6.1907,4.28,manual_issue,8
BC00001434,BOM0000238,P001714,6.4893,3.89,backflush,9
BC00001435,BOM0000238,P002132,5.342,3.75,backflush,10
BC00001436,BOM0000239,P001215,3.5632,6.01,backflush,1
BC00001437,BOM0000239,P002190,7.268,3.12,manual_issue,2
BC00001438,BOM0000239,P002565,0.5313,4.97,backflush,3
BC00001439,BOM0000240,P002888,3.4603,5.15,manual_issue,1
BC00001440,BOM0000240,P002573,1.7648,3.38,backflush,2
BC00001441,BOM0000240,P001498,1.5491,0,backflush,3
BC00001442,BOM0000240,P001623,6.1355,1.29,manual_issue,4
BC00001443,BOM0000240,P002042,4.6648,3.58,floor_stock,5
BC00001444,BOM0000241,P001513,6.1295,3.43,manual_issue,1
BC00001445,BOM0000241,P002926,4.3291,4.52,floor_stock,2
BC00001446,BOM0000241,P000980,3.9286,2.55,backflush,3
BC00001447,BOM0000241,P001826,4.7496,2.5,backflush,4
BC00001448,BOM0000241,P001217,6.2214,3.94,backflush,5
BC00001449,BOM0000241,P002732,1.0378,1.79,backflush,6
BC00001450,BOM0000242,P001047,3.8736,2.74,backflush,1
BC00001451,BOM0000242,P003193,7.1145,3.66,backflush,2
BC00001452,BOM0000242,P002026,0.8625,3.54,backflush,3
BC00001453,BOM0000242,P002289,4.2626,5.52,backflush,4
BC00001454,BOM0000242,P002806,6.1283,2.11,backflush,5
BC00001455,BOM0000242,P001898,5.94,2.08,floor_stock,6
BC00001456,BOM0000242,P002194,2.0006,3.23,backflush,7
BC00001457,BOM0000242,P002581,4.9905,2.76,floor_stock,8
BC00001458,BOM0000243,P003109,1.2239,4.85,backflush,1
BC00001459,BOM0000243,P001692,1.4476,1.48,backflush,2
BC00001460,BOM0000243,P002464,4.6543,3.76,backflush,3
BC00001461,BOM0000244,P001139,0.4646,1.23,backflush,1
BC00001462,BOM0000244,P001621,3.7467,0,backflush,2
BC00001463,BOM0000244,P001884,2.9503,3.5,manual_issue,3
BC00001464,BOM0000244,P002608,3.0826,4.28,manual_issue,4
BC00001465,BOM0000244,P002870,3.3885,6.46,backflush,5
BC00001466,BOM0000244,P001968,0.7124,2.68,manual_issue,6
BC00001467,BOM0000244,P001144,3.9597,2.22,manual_issue,7
BC00001468,BOM0000244,P001946,6.6983,4.8,backflush,8
BC00001469,BOM0000245,P000906,2.1597,3.04,backflush,1
BC00001470,BOM0000245,P002118,5.7578,4.01,backflush,2
BC00001471,BOM0000245,P002886,3.527,2.43,manual_issue,3
BC00001472,BOM0000245,P003073,5.9412,2.75,backflush,4
BC00001473,BOM0000245,P003094,4.6523,2.6,backflush,5
BC00001474,BOM0000245,P003113,3.1963,1.52,backflush,6
BC00001475,BOM0000245,P001102,2.4232,2.03,manual_issue,7
BC00001476,BOM0000246,P000697,4.7574,1.82,manual_issue,1
BC00001477,BOM0000246,P002942,5.8946,3.67,backflush,2
BC00001478,BOM0000246,P002678,5.6193,1.04,floor_stock,3
BC00001479,BOM0000246,P002730,1.2627,4.05,manual_issue,4
BC00001480,BOM0000246,P002790,6.1995,0,manual_issue,5
BC00001481,BOM0000247,P003131,2.3104,3.12,floor_stock,1
BC00001482,BOM0000247,P001465,2.5063,0,backflush,2
BC00001483,BOM0000247,P001221,5.6908,2.25,manual_issue,3
BC00001484,BOM0000247,P001135,0.5812,2.41,backflush,4
BC00001485,BOM0000248,P000929,5.4517,4.2,backflush,1
BC00001486,BOM0000248,P000776,6.5005,3.9,floor_stock,2
BC00001487,BOM0000248,P002069,4.9318,0.54,backflush,3
BC00001488,BOM0000248,P001087,4.0594,3.54,backflush,4
BC00001489,BOM0000248,P002130,5.0135,1.89,manual_issue,5
BC00001490,BOM0000248,P001035,6.0214,1.96,backflush,6
BC00001491,BOM0000249,P000876,0.4344,4.09,backflush,1
BC00001492,BOM0000249,P003101,0.3223,1.93,manual_issue,2
BC00001493,BOM0000249,P003117,3.4794,3.65,manual_issue,3
BC00001494,BOM0000249,P002521,3.252,4.37,backflush,4
BC00001495,BOM0000249,P002706,6.2934,6.19,manual_issue,5
BC00001496,BOM0000249,P001269,5.2317,2.13,backflush,6
BC00001497,BOM0000249,P001160,3.0384,1.98,manual_issue,7
BC00001498,BOM0000249,P002255,5.6288,4.65,backflush,8
BC00001499,BOM0000249,P000938,3.4158,2.32,backflush,9
BC00001500,BOM0000249,P003033,2.3901,3.95,manual_issue,10
BC00001501,BOM0000250,P002363,1.364,4.24,backflush,1
BC00001502,BOM0000250,P001952,1.281,2.95,backflush,2
BC00001503,BOM0000250,P000988,4.527,3.46,backflush,3
BC00001504,BOM0000250,P001297,3.2964,3.92,manual_issue,4
BC00001505,BOM0000250,P002977,0.6943,0.63,backflush,5
BC00001506,BOM0000251,P002648,1.0763,2.06,floor_stock,1
BC00001507,BOM0000251,P002420,4.3164,1.49,backflush,2
BC00001508,BOM0000251,P000942,5.0991,2.22,manual_issue,3
BC00001509,BOM0000252,P002488,5.7749,0.77,backflush,1
BC00001510,BOM0000252,P001080,5.2708,2.21,backflush,2
BC00001511,BOM0000252,P002257,5.6918,0.73,backflush,3
BC00001512,BOM0000252,P002867,1.5358,2.7,manual_issue,4
BC00001513,BOM0000252,P001112,4.2144,1.63,floor_stock,5
BC00001514,BOM0000252,P002135,4.1363,1.51,floor_stock,6
BC00001515,BOM0000252,P001996,5.3138,3.36,backflush,7
BC00001516,BOM0000253,P001959,2.6723,2.74,backflush,1
BC00001517,BOM0000253,P001092,7.3931,2.18,backflush,2
BC00001518,BOM0000253,P002061,4.1581,0.63,manual_issue,3
BC00001519,BOM0000253,P000990,1.5313,1.88,backflush,4
BC00001520,BOM0000253,P001288,2.846,2.9,floor_stock,5
BC00001521,BOM0000253,P001768,2.4609,4.91,manual_issue,6
BC00001522,BOM0000253,P001439,4.2102,4.25,manual_issue,7
BC00001523,BOM0000253,P002456,4.4441,4.03,manual_issue,8
BC00001524,BOM0000254,P000821,2.0113,2.34,backflush,1
BC00001525,BOM0000254,P001427,6.8296,0.11,manual_issue,2
BC00001526,BOM0000254,P002317,3.3332,1.03,manual_issue,3
BC00001527,BOM0000254,P002676,0.5223,2.23,manual_issue,4
BC00001528,BOM0000254,P001592,0.2223,1.43,backflush,5
BC00001529,BOM0000254,P002182,0.9614,1.37,backflush,6
BC00001530,BOM0000254,P001858,5.9359,1.59,backflush,7
BC00001531,BOM0000254,P002038,4.3185,2.59,backflush,8
BC00001532,BOM0000254,P001932,6.9859,1.54,backflush,9
BC00001533,BOM0000255,P001477,2.4426,3.06,manual_issue,1
BC00001534,BOM0000255,P001198,0.9511,4.43,manual_issue,2
BC00001535,BOM0000255,P002752,5.2235,0.35,backflush,3
BC00001536,BOM0000256,P000904,3.7275,1.62,manual_issue,1
BC00001537,BOM0000256,P002523,6.0147,0,manual_issue,2
BC00001538,BOM0000256,P002414,6.3056,1.81,backflush,3
BC00001539,BOM0000256,P002404,1.0965,5.67,floor_stock,4
BC00001540,BOM0000256,P001354,1.8401,2.51,floor_stock,5
BC00001541,BOM0000256,P002616,7.165,5.11,backflush,6
BC00001542,BOM0000256,P000980,6.8981,5.46,backflush,7
BC00001543,BOM0000256,P001113,6.3654,3.65,manual_issue,8
BC00001544,BOM0000257,P002899,5.1759,6.73,floor_stock,1
BC00001545,BOM0000257,P002704,3.8906,2.55,backflush,2
BC00001546,BOM0000257,P001136,5.8458,4.78,manual_issue,3
BC00001547,BOM0000257,P001527,1.9855,0.95,manual_issue,4
BC00001548,BOM0000257,P002053,2.7998,3.53,manual_issue,5
BC00001549,BOM0000257,P000753,1.6692,4.6,backflush,6
BC00001550,BOM0000257,P002118,0.539,4.61,manual_issue,7
BC00001551,BOM0000257,P002662,3.6683,3.6,floor_stock,8
BC00001552,BOM0000258,P001525,7.3945,1.64,backflush,1
BC00001553,BOM0000258,P002309,6.633,3.91,backflush,2
BC00001554,BOM0000258,P000826,6.1695,1.98,backflush,3
BC00001555,BOM0000258,P000950,3.9727,3.61,backflush,4
BC00001556,BOM0000258,P001113,5.6415,0.83,floor_stock,5
BC00001557,BOM0000258,P002137,6.205,4.41,backflush,6
BC00001558,BOM0000258,P003117,5.9121,0.59,backflush,7
BC00001559,BOM0000258,P002458,4.0013,3.1,backflush,8
BC00001560,BOM0000259,P001950,6.6742,1.3,backflush,1
BC00001561,BOM0000259,P001761,5.2129,3.18,backflush,2
BC00001562,BOM0000259,P000792,0.9142,3.04,backflush,3
BC00001563,BOM0000259,P001786,2.1588,4.11,backflush,4
BC00001564,BOM0000259,P001457,7.3991,4.6,floor_stock,5
BC00001565,BOM0000259,P001748,6.9957,0.52,backflush,6
BC00001566,BOM0000259,P002535,2.7303,0.68,floor_stock,7
BC00001567,BOM0000259,P001685,5.1824,3.5,manual_issue,8
BC00001568,BOM0000259,P000894,3.3047,3.38,backflush,9
BC00001569,BOM0000260,P003009,0.3664,0.07,backflush,1
BC00001570,BOM0000260,P002204,4.8609,2.14,manual_issue,2
BC00001571,BOM0000260,P001094,1.3645,1.38,manual_issue,3
BC00001572,BOM0000261,P001021,5.0639,2.62,floor_stock,1
BC00001573,BOM0000261,P002471,6.0769,4.1,backflush,2
BC00001574,BOM0000261,P001925,3.88,3.94,backflush,3
BC00001575,BOM0000261,P001204,3.2249,3.71,manual_issue,4
BC00001576,BOM0000261,P003010,7.0331,1.88,backflush,5
BC00001577,BOM0000261,P001512,3.9409,2.53,backflush,6
BC00001578,BOM0000261,P001994,1.8579,1.55,backflush,7
BC00001579,BOM0000261,P000948,0.8299,0.81,backflush,8
BC00001580,BOM0000261,P002115,5.0565,0.53,backflush,9
BC00001581,BOM0000261,P002111,7.1928,2.48,backflush,10
BC00001582,BOM0000262,P001495,2.9068,2.82,floor_stock,1
BC00001583,BOM0000262,P000783,4.7775,2.85,manual_issue,2
BC00001584,BOM0000262,P001737,2.5969,2.5,manual_issue,3
BC00001585,BOM0000262,P002562,3.1203,1.2,backflush,4
BC00001586,BOM0000262,P000970,4.9065,2.51,backflush,5
BC00001587,BOM0000262,P001243,1.8142,3.9,manual_issue,6
BC00001588,BOM0000263,P002103,0.6491,4.02,backflush,1
BC00001589,BOM0000263,P002530,6.0501,3.46,floor_stock,2
BC00001590,BOM0000263,P002780,4.7133,2.31,floor_stock,3
BC00001591,BOM0000263,P002374,0.3346,2.97,backflush,4
BC00001592,BOM0000263,P001886,3.9658,3.72,manual_issue,5
BC00001593,BOM0000264,P000918,3.9559,4.61,floor_stock,1
BC00001594,BOM0000264,P002395,2.1816,1.2,backflush,2
BC00001595,BOM0000264,P002419,2.473,4.63,backflush,3
BC00001596,BOM0000265,P002051,3.3893,0,backflush,1
BC00001597,BOM0000265,P002940,3.296,1.32,manual_issue,2
BC00001598,BOM0000265,P001667,2.2658,1.22,floor_stock,3
BC00001599,BOM0000266,P002923,2.5925,2.91,backflush,1
BC00001600,BOM0000266,P003147,1.4307,3.48,backflush,2
BC00001601,BOM0000266,P001750,2.7675,1.91,floor_stock,3
BC00001602,BOM0000266,P002848,0.6215,3.33,backflush,4
BC00001603,BOM0000266,P000915,5.9407,3.59,backflush,5
BC00001604,BOM0000266,P000819,0.9433,5.25,backflush,6
BC00001605,BOM0000267,P001485,1.7721,3.39,backflush,1
BC00001606,BOM0000267,P002336,5.3853,6.39,manual_issue,2
BC00001607,BOM0000267,P002805,3.5239,0.93,backflush,3
BC00001608,BOM0000267,P001534,4.3727,3.33,manual_issue,4
BC00001609,BOM0000267,P002949,3.8979,2.29,manual_issue,5
BC00001610,BOM0000268,P002798,3.7375,1.26,floor_stock,1
BC00001611,BOM0000268,P001270,2.8434,0,floor_stock,2
BC00001612,BOM0000268,P003002,4.5318,5.24,floor_stock,3
BC00001613,BOM0000268,P001390,5.0426,4.63,floor_stock,4
BC00001614,BOM0000268,P001738,0.2503,4.02,floor_stock,5
BC00001615,BOM0000269,P003001,6.3808,3.92,manual_issue,1
BC00001616,BOM0000269,P002402,0.3554,4.65,manual_issue,2
BC00001617,BOM0000269,P002868,1.7836,0.22,manual_issue,3
BC00001618,BOM0000269,P001860,4.2185,4.89,backflush,4
BC00001619,BOM0000269,P001054,4.3106,7.08,backflush,5
BC00001620,BOM0000270,P001512,5.351,3.3,manual_issue,1
BC00001621,BOM0000270,P001465,0.4813,1.83,backflush,2
BC00001622,BOM0000270,P001263,5.008,3.5,backflush,3
BC00001623,BOM0000270,P001151,1.8653,1.85,manual_issue,4
BC00001624,BOM0000270,P001016,3.865,4.14,backflush,5
BC00001625,BOM0000270,P001862,0.8937,2.39,backflush,6
BC00001626,BOM0000270,P002096,0.7447,2.85,backflush,7
BC00001627,BOM0000270,P001623,5.202,2.7,backflush,8
BC00001628,BOM0000270,P003021,5.4412,2.53,backflush,9
BC00001629,BOM0000271,P002911,5.6626,2.45,floor_stock,1
BC00001630,BOM0000271,P000906,1.7697,2.55,backflush,2
BC00001631,BOM0000271,P002395,6.4143,4.13,manual_issue,3
BC00001632,BOM0000271,P001406,0.5847,3.11,backflush,4
BC00001633,BOM0000271,P002237,4.0487,3.66,backflush,5
BC00001634,BOM0000271,P000836,2.9233,4.97,manual_issue,6
BC00001635,BOM0000271,P003102,3.8807,7.14,manual_issue,7
BC00001636,BOM0000271,P001392,3.2602,3.03,backflush,8
BC00001637,BOM0000271,P002668,6.2866,0,backflush,9
BC00001638,BOM0000271,P002022,0.1876,1.87,backflush,10
BC00001639,BOM0000272,P000773,6.2342,0.83,backflush,1
BC00001640,BOM0000272,P002827,1.7748,0,manual_issue,2
BC00001641,BOM0000272,P002010,0.4231,2.17,manual_issue,3
BC00001642,BOM0000272,P000668,5.7066,3.89,manual_issue,4
BC00001643,BOM0000272,P002475,0.6936,0.57,backflush,5
BC00001644,BOM0000272,P002466,0.5037,2.7,manual_issue,6
BC00001645,BOM0000272,P002621,5.699,3.81,backflush,7
BC00001646,BOM0000273,P002182,3.9888,0.84,backflush,1
BC00001647,BOM0000273,P000859,5.027,2.93,manual_issue,2
BC00001648,BOM0000273,P001112,1.4829,3.9,manual_issue,3
BC00001649,BOM0000273,P001811,1.9927,6.26,manual_issue,4
BC00001650,BOM0000273,P001077,5.8264,2.7,backflush,5
BC00001651,BOM0000273,P002465,4.0459,3.81,manual_issue,6
BC00001652,BOM0000273,P002988,4.6488,4.67,floor_stock,7
BC00001653,BOM0000274,P001231,5.1933,4.23,backflush,1
BC00001654,BOM0000274,P002001,2.5562,3.45,floor_stock,2
BC00001655,BOM0000274,P002324,5.6755,2.27,floor_stock,3
BC00001656,BOM0000274,P001255,1.6123,2.62,backflush,4
BC00001657,BOM0000275,P001892,7.2512,3.56,manual_issue,1
BC00001658,BOM0000275,P003148,2.4526,2.81,floor_stock,2
BC00001659,BOM0000275,P000845,3.6913,3.06,backflush,3
BC00001660,BOM0000275,P001333,6.3803,4.42,manual_issue,4
BC00001661,BOM0000275,P002184,3.4769,4.85,backflush,5
BC00001662,BOM0000275,P001380,6.5091,3.81,manual_issue,6
BC00001663,BOM0000275,P002510,4.7227,4.4,backflush,7
BC00001664,BOM0000275,P002597,4.1648,3.73,manual_issue,8
BC00001665,BOM0000275,P001946,5.748,4.97,backflush,9
BC00001666,BOM0000275,P002622,5.7548,4.92,manual_issue,10
BC00001667,BOM0000276,P002295,6.4469,5.67,backflush,1
BC00001668,BOM0000276,P001020,3.0535,1.86,manual_issue,2
BC00001669,BOM0000276,P002688,5.4911,3.28,backflush,3
BC00001670,BOM0000276,P002481,3.8876,0.29,backflush,4
BC00001671,BOM0000277,P001239,5.1206,4.38,backflush,1
BC00001672,BOM0000277,P001543,6.5085,3.49,manual_issue,2
BC00001673,BOM0000277,P002753,0.4849,2.7,backflush,3
BC00001674,BOM0000277,P002869,4.1339,3.57,backflush,4
BC00001675,BOM0000277,P002437,1.8591,3.15,manual_issue,5
BC00001676,BOM0000277,P002524,5.81,2.3,backflush,6
BC00001677,BOM0000278,P002929,5.1044,0,backflush,1
BC00001678,BOM0000278,P001628,2.985,2.1,backflush,2
BC00001679,BOM0000278,P002264,1.4065,4.41,manual_issue,3
BC00001680,BOM0000278,P002203,4.9026,3.92,backflush,4
BC00001681,BOM0000278,P001225,1.8481,0.24,floor_stock,5
BC00001682,BOM0000278,P002081,5.7573,2.26,floor_stock,6
BC00001683,BOM0000279,P003135,1.7602,2.14,manual_issue,1
BC00001684,BOM0000279,P001477,3.5484,2.62,manual_issue,2
BC00001685,BOM0000279,P001826,2.9134,1.28,floor_stock,3
BC00001686,BOM0000279,P002011,2.9006,2.79,manual_issue,4
BC00001687,BOM0000279,P001609,5.857,0,backflush,5
BC00001688,BOM0000279,P001081,4.6845,4.89,floor_stock,6
BC00001689,BOM0000279,P001043,6.7042,2.21,backflush,7
BC00001690,BOM0000279,P002008,3.0458,4.0,backflush,8
BC00001691,BOM0000279,P002912,7.0547,4.54,backflush,9
BC00001692,BOM0000280,P001992,4.8378,4.53,backflush,1
BC00001693,BOM0000280,P002330,3.1791,3.01,backflush,2
BC00001694,BOM0000280,P003107,2.473,6.59,manual_issue,3
BC00001695,BOM0000281,P001605,3.5503,2.65,backflush,1
BC00001696,BOM0000281,P000669,6.9539,2.26,manual_issue,2
BC00001697,BOM0000281,P001993,0.6412,3.03,manual_issue,3
BC00001698,BOM0000281,P001490,2.9085,1.58,backflush,4
BC00001699,BOM0000281,P000986,6.3972,3.52,backflush,5
BC00001700,BOM0000281,P002904,6.0837,1.8,manual_issue,6
BC00001701,BOM0000281,P003195,2.3112,2.79,backflush,7
BC00001702,BOM0000282,P001009,1.5076,5.13,backflush,1
BC00001703,BOM0000282,P001456,4.5957,3.24,backflush,2
BC00001704,BOM0000282,P001051,3.3883,2.33,manual_issue,3
BC00001705,BOM0000282,P002797,3.4866,3.81,floor_stock,4
BC00001706,BOM0000282,P002923,1.2975,3.73,backflush,5
BC00001707,BOM0000282,P001705,6.0255,2.17,backflush,6
BC00001708,BOM0000282,P003108,6.0538,5.31,backflush,7
BC00001709,BOM0000282,P002553,4.342,0.96,backflush,8
BC00001710,BOM0000282,P002107,6.0716,1.15,backflush,9
BC00001711,BOM0000283,P001804,3.7611,2.32,manual_issue,1
BC00001712,BOM0000283,P002317,4.7403,1.49,backflush,2
BC00001713,BOM0000283,P002921,1.9516,4.07,manual_issue,3
BC00001714,BOM0000283,P002283,5.2683,2.08,floor_stock,4
BC00001715,BOM0000283,P001510,0.6471,2.49,manual_issue,5
BC00001716,BOM0000283,P002675,0.7597,2.46,manual_issue,6
BC00001717,BOM0000283,P001733,4.1401,4.64,backflush,7
BC00001718,BOM0000283,P002552,1.9236,0,floor_stock,8
BC00001719,BOM0000283,P002459,2.6099,0.05,backflush,9
BC00001720,BOM0000284,P002184,4.4051,1.88,manual_issue,1
BC00001721,BOM0000284,P000657,5.6324,6.19,manual_issue,2
BC00001722,BOM0000284,P002055,5.5592,2.51,manual_issue,3
BC00001723,BOM0000284,P001364,6.981,0.77,manual_issue,4
BC00001724,BOM0000284,P001057,6.3454,1.93,manual_issue,5
BC00001725,BOM0000284,P001224,2.3114,2.84,manual_issue,6
BC00001726,BOM0000284,P003021,5.1914,1.9,backflush,7
BC00001727,BOM0000285,P001821,6.975,1.66,manual_issue,1
BC00001728,BOM0000285,P002196,7.4314,1.76,manual_issue,2
BC00001729,BOM0000285,P002456,0.3525,0,backflush,3
BC00001730,BOM0000285,P001647,3.4593,6.48,floor_stock,4
BC00001731,BOM0000285,P002600,7.2829,2.38,manual_issue,5
BC00001732,BOM0000285,P001420,1.9278,3.81,manual_issue,6
BC00001733,BOM0000285,P001259,4.6427,2.1,floor_stock,7
BC00001734,BOM0000285,P001438,0.5077,3.27,floor_stock,8
BC00001735,BOM0000285,P001823,4.1946,5.49,floor_stock,9
BC00001736,BOM0000286,P001550,4.354,2.68,backflush,1
BC00001737,BOM0000286,P001355,3.2529,4.51,manual_issue,2
BC00001738,BOM0000286,P002142,6.9284,1.68,backflush,3
BC00001739,BOM0000286,P001639,2.8024,4.57,manual_issue,4
BC00001740,BOM0000286,P001990,6.8098,3.06,backflush,5
BC00001741,BOM0000286,P002553,1.9913,2.19,backflush,6
BC00001742,BOM0000286,P003027,4.4155,6.39,manual_issue,7
BC00001743,BOM0000286,P002363,4.9494,3.9,floor_stock,8
BC00001744,BOM0000286,P002608,3.6921,3.1,backflush,9
BC00001745,BOM0000287,P002572,4.5328,1.28,manual_issue,1
BC00001746,BOM0000287,P002717,3.7331,1.15,manual_issue,2
BC00001747,BOM0000287,P002668,4.5091,4.14,manual_issue,3
BC00001748,BOM0000287,P002073,0.5211,5.94,manual_issue,4
BC00001749,BOM0000287,P002775,1.2284,5.17,manual_issue,5
BC00001750,BOM0000287,P001375,1.3036,4.92,backflush,6
BC00001751,BOM0000287,P001514,1.0411,2.96,floor_stock,7
BC00001752,BOM0000287,P002069,1.8372,2.23,floor_stock,8
BC00001753,BOM0000288,P002570,1.3974,0,manual_issue,1
BC00001754,BOM0000288,P002438,7.0399,6.72,backflush,2
BC00001755,BOM0000288,P001348,4.0626,0.8,floor_stock,3
BC00001756,BOM0000288,P002183,5.5013,5.05,backflush,4
BC00001757,BOM0000288,P003029,1.3506,2.52,backflush,5
BC00001758,BOM0000288,P002259,4.1001,0.67,manual_issue,6
BC00001759,BOM0000288,P002342,1.891,5.66,floor_stock,7
BC00001760,BOM0000288,P002093,4.1405,4.06,backflush,8
BC00001761,BOM0000288,P003099,2.2707,3.82,floor_stock,9
BC00001762,BOM0000288,P002700,1.5751,2.59,floor_stock,10
BC00001763,BOM0000289,P001464,6.544,4.17,manual_issue,1
BC00001764,BOM0000289,P001552,1.0082,0.42,backflush,2
BC00001765,BOM0000289,P000866,1.8132,3.74,floor_stock,3
BC00001766,BOM0000289,P001205,4.258,3.67,backflush,4
BC00001767,BOM0000289,P001833,3.9084,2.01,floor_stock,5
BC00001768,BOM0000289,P002691,6.7389,4.39,backflush,6
BC00001769,BOM0000289,P001346,2.7325,4.7,backflush,7
BC00001770,BOM0000289,P001570,6.7637,2.56,backflush,8
BC00001771,BOM0000290,P002183,0.7177,1.34,floor_stock,1
BC00001772,BOM0000290,P002005,1.2162,3.33,backflush,2
BC00001773,BOM0000290,P002959,1.6617,0,manual_issue,3
BC00001774,BOM0000290,P002318,0.8612,2.2,backflush,4
BC00001775,BOM0000290,P002464,6.8576,4.28,backflush,5
BC00001776,BOM0000290,P001196,2.5785,4.79,backflush,6
BC00001777,BOM0000290,P001567,4.7686,2.78,manual_issue,7
BC00001778,BOM0000290,P001476,0.5349,4.96,manual_issue,8
BC00001779,BOM0000290,P000996,1.5294,2.32,manual_issue,9
BC00001780,BOM0000291,P001564,6.4684,3.08,manual_issue,1
BC00001781,BOM0000291,P001010,1.8499,3.33,backflush,2
BC00001782,BOM0000291,P001444,7.2461,1.8,manual_issue,3
BC00001783,BOM0000292,P001359,3.5978,5.5,backflush,1
BC00001784,BOM0000292,P003193,0.4527,3.47,backflush,2
BC00001785,BOM0000292,P001319,4.4091,2.02,backflush,3
BC00001786,BOM0000292,P000717,2.3942,2.22,backflush,4
BC00001787,BOM0000292,P001459,3.6009,2.46,manual_issue,5
BC00001788,BOM0000292,P003095,3.6199,2.72,manual_issue,6
BC00001789,BOM0000292,P002804,0.411,1.54,floor_stock,7
BC00001790,BOM0000292,P001219,4.3975,2.93,backflush,8
BC00001791,BOM0000293,P003037,5.5597,3.87,manual_issue,1
BC00001792,BOM0000293,P000783,0.2483,2.21,backflush,2
BC00001793,BOM0000293,P000684,3.1171,5.54,manual_issue,3
BC00001794,BOM0000293,P001978,7.3862,2.26,manual_issue,4
BC00001795,BOM0000293,P000900,6.4759,3.18,manual_issue,5
BC00001796,BOM0000293,P001877,2.4664,2.03,manual_issue,6
BC00001797,BOM0000293,P001165,3.7469,2.44,manual_issue,7
BC00001798,BOM0000293,P002282,2.063,3.33,backflush,8
BC00001799,BOM0000293,P002251,6.7282,2.26,backflush,9
BC00001800,BOM0000293,P002311,4.3528,3.48,backflush,10
BC00001801,BOM0000294,P000726,5.3073,3.39,backflush,1
BC00001802,BOM0000294,P001382,0.1895,4.11,manual_issue,2
BC00001803,BOM0000294,P001263,6.5747,4.62,floor_stock,3
BC00001804,BOM0000294,P001883,6.8359,1.59,manual_issue,4
BC00001805,BOM0000294,P002474,2.1339,4.11,backflush,5
BC00001806,BOM0000295,P001827,3.3781,5.08,backflush,1
BC00001807,BOM0000295,P001229,1.2785,1.27,backflush,2
BC00001808,BOM0000295,P003133,4.7515,2.94,backflush,3
BC00001809,BOM0000295,P002748,0.5902,3.84,manual_issue,4
BC00001810,BOM0000295,P003099,4.5762,1.67,backflush,5
BC00001811,BOM0000295,P001434,5.1148,2.57,manual_issue,6
BC00001812,BOM0000295,P001639,3.3507,1.55,manual_issue,7
BC00001813,BOM0000295,P002420,1.8521,3.32,backflush,8
BC00001814,BOM0000295,P001782,4.0305,2.12,backflush,9
BC00001815,BOM0000296,P000794,3.1671,3.02,manual_issue,1
BC00001816,BOM0000296,P001791,0.8458,3.91,backflush,2
BC00001817,BOM0000296,P001610,5.5297,2.18,manual_issue,3
BC00001818,BOM0000296,P001601,2.6089,4.73,manual_issue,4
BC00001819,BOM0000296,P002348,0.1511,3.05,manual_issue,5
BC00001820,BOM0000296,P001550,7.4898,4.93,floor_stock,6
BC00001821,BOM0000297,P001384,6.7491,0.86,floor_stock,1
BC00001822,BOM0000297,P001215,6.6533,2.14,backflush,2
BC00001823,BOM0000297,P003082,4.022,2.68,backflush,3
BC00001824,BOM0000297,P002814,3.2112,3.63,manual_issue,4
BC00001825,BOM0000298,P001591,6.0905,4.48,backflush,1
BC00001826,BOM0000298,P000819,5.6252,2.96,backflush,2
BC00001827,BOM0000298,P002783,5.0511,2.48,backflush,3
BC00001828,BOM0000298,P001994,2.0727,1.09,backflush,4
BC00001829,BOM0000298,P003163,4.0459,2.88,backflush,5
BC00001830,BOM0000298,P001122,3.8997,2.95,backflush,6
BC00001831,BOM0000298,P002312,6.447,2.45,manual_issue,7
BC00001832,BOM0000298,P000845,3.3707,2.96,backflush,8
BC00001833,BOM0000298,P001464,4.7073,3.17,manual_issue,9
BC00001834,BOM0000298,P001056,3.0271,3.55,backflush,10
BC00001835,BOM0000299,P002475,6.1217,3.48,backflush,1
BC00001836,BOM0000299,P002967,2.3946,1.78,floor_stock,2
BC00001837,BOM0000299,P002659,1.4515,0.87,backflush,3
BC00001838,BOM0000299,P001676,3.2789,3.59,manual_issue,4
BC00001839,BOM0000299,P001712,2.1613,2.7,floor_stock,5
BC00001840,BOM0000299,P001005,2.8776,3.76,backflush,6
BC00001841,BOM0000299,P001537,3.6809,1.71,floor_stock,7
BC00001842,BOM0000299,P001150,6.6818,0.2,manual_issue,8
BC00001843,BOM0000300,P002178,6.7593,3.69,backflush,1
BC00001844,BOM0000300,P003023,5.0917,0.81,backflush,2
BC00001845,BOM0000300,P002700,7.1119,0.52,manual_issue,3
BC00001846,BOM0000300,P002992,3.3383,5.62,backflush,4
BC00001847,BOM0000300,P001135,5.4793,0.88,backflush,5
BC00001848,BOM0000300,P002902,4.3561,0.72,manual_issue,6
BC00001849,BOM0000301,P000671,4.7263,4.31,backflush,1
BC00001850,BOM0000301,P002491,1.9052,2.48,floor_stock,2
BC00001851,BOM0000301,P002841,6.1498,4.91,backflush,3
BC00001852,BOM0000301,P001148,0.176,2.38,backflush,4
BC00001853,BOM0000301,P001114,5.3978,2.02,backflush,5
BC00001854,BOM0000302,P000752,3.992,1.31,backflush,1
BC00001855,BOM0000302,P000913,2.8623,3.22,backflush,2
BC00001856,BOM0000302,P001754,5.6192,0.49,backflush,3
BC00001857,BOM0000302,P001219,5.5559,2.66,backflush,4
BC00001858,BOM0000302,P002183,5.6932,2.44,backflush,5
BC00001859,BOM0000302,P000951,4.6163,4.9,floor_stock,6
BC00001860,BOM0000302,P002514,1.1537,3.49,manual_issue,7
BC00001861,BOM0000303,P001389,6.1562,3.89,backflush,1
BC00001862,BOM0000303,P002615,5.6281,4.62,manual_issue,2
BC00001863,BOM0000303,P000797,1.3324,2.77,backflush,3
BC00001864,BOM0000303,P001293,5.4304,1.78,manual_issue,4
BC00001865,BOM0000303,P001974,4.3677,0,floor_stock,5
BC00001866,BOM0000303,P002020,6.6708,3.44,manual_issue,6
BC00001867,BOM0000303,P002436,3.8045,1.85,manual_issue,7
BC00001868,BOM0000303,P003148,1.5703,1.29,floor_stock,8
BC00001869,BOM0000303,P001837,4.2257,2.01,manual_issue,9
BC00001870,BOM0000303,P001017,4.6395,7.48,backflush,10
BC00001871,BOM0000304,P001973,3.6946,1.54,backflush,1
BC00001872,BOM0000304,P003131,2.1667,1.09,manual_issue,2
BC00001873,BOM0000304,P000951,5.5941,0.36,backflush,3
BC00001874,BOM0000304,P001433,5.6372,3.9,manual_issue,4
BC00001875,BOM0000305,P000831,7.4051,4.17,backflush,1
BC00001876,BOM0000305,P001640,0.9358,4.07,manual_issue,2
BC00001877,BOM0000305,P000674,0.4738,4.0,backflush,3
BC00001878,BOM0000305,P000687,4.2853,2.36,floor_stock,4
BC00001879,BOM0000305,P001606,4.7436,2.84,floor_stock,5
BC00001880,BOM0000305,P001440,4.0156,4.03,backflush,6
BC00001881,BOM0000305,P000728,0.2488,1.14,manual_issue,7
BC00001882,BOM0000305,P001732,0.8842,1.38,backflush,8
BC00001883,BOM0000306,P001851,0.9569,4.05,floor_stock,1
BC00001884,BOM0000306,P001457,3.9768,2.43,backflush,2
BC00001885,BOM0000306,P001454,6.2608,5.36,backflush,3
BC00001886,BOM0000306,P002649,4.8407,3.14,backflush,4
BC00001887,BOM0000306,P000900,3.3705,3.68,floor_stock,5
BC00001888,BOM0000306,P001478,3.4223,1.96,manual_issue,6
BC00001889,BOM0000306,P002551,5.6924,3.92,backflush,7
BC00001890,BOM0000306,P001881,2.7826,4.68,manual_issue,8
BC00001891,BOM0000307,P001808,1.328,4.59,backflush,1
BC00001892,BOM0000307,P001357,4.0363,3.4,manual_issue,2
BC00001893,BOM0000307,P001051,4.972,1.07,manual_issue,3
BC00001894,BOM0000307,P000882,3.3084,2.63,manual_issue,4
BC00001895,BOM0000307,P001418,0.3776,2.04,backflush,5
BC00001896,BOM0000307,P001559,2.7647,0.93,manual_issue,6
BC00001897,BOM0000307,P002404,5.9361,5.57,manual_issue,7
BC00001898,BOM0000307,P001216,2.4903,0.77,backflush,8
BC00001899,BOM0000308,P002725,6.936,5.34,backflush,1
BC00001900,BOM0000308,P003088,7.3733,4.01,backflush,2
BC00001901,BOM0000308,P000916,6.8611,1.56,backflush,3
BC00001902,BOM0000308,P002060,6.074,3.98,manual_issue,4
BC00001903,BOM0000308,P003067,3.0212,5.38,manual_issue,5
BC00001904,BOM0000308,P002278,2.5172,2.07,backflush,6
BC00001905,BOM0000308,P001647,3.1709,2.55,backflush,7
BC00001906,BOM0000309,P002780,2.9722,4.79,backflush,1
BC00001907,BOM0000309,P000668,6.9662,2.75,floor_stock,2
BC00001908,BOM0000309,P002991,0.3814,3.4,manual_issue,3
BC00001909,BOM0000309,P001982,2.7611,2.15,floor_stock,4
BC00001910,BOM0000310,P002562,6.6333,0.22,manual_issue,1
BC00001911,BOM0000310,P001874,3.6217,5.14,backflush,2
BC00001912,BOM0000310,P002395,6.3175,2.84,floor_stock,3
BC00001913,BOM0000310,P002684,7.3895,5.64,floor_stock,4
BC00001914,BOM0000310,P001660,2.2349,3.15,manual_issue,5
BC00001915,BOM0000310,P002322,4.6156,0.34,manual_issue,6
BC00001916,BOM0000310,P001538,5.9097,0,backflush,7
BC00001917,BOM0000310,P001080,3.7995,0,backflush,8
BC00001918,BOM0000311,P002201,4.0827,1.77,backflush,1
BC00001919,BOM0000311,P001854,1.7361,4.71,backflush,2
BC00001920,BOM0000311,P001656,6.4284,3.34,backflush,3
BC00001921,BOM0000311,P002024,1.3622,2.45,floor_stock,4
BC00001922,BOM0000311,P002220,3.5158,3.56,backflush,5
BC00001923,BOM0000311,P002823,7.2679,3.31,manual_issue,6
BC00001924,BOM0000312,P002076,3.8221,3.63,manual_issue,1
BC00001925,BOM0000312,P003148,2.4282,4.21,backflush,2
BC00001926,BOM0000312,P002410,5.6322,1.71,backflush,3
BC00001927,BOM0000312,P000680,1.0296,0.63,floor_stock,4
BC00001928,BOM0000312,P003090,7.3706,4.27,manual_issue,5
BC00001929,BOM0000313,P001787,1.2997,1.71,manual_issue,1
BC00001930,BOM0000313,P001706,2.8858,2.01,manual_issue,2
BC00001931,BOM0000313,P000683,2.418,3.1,manual_issue,3
BC00001932,BOM0000314,P002336,4.808,3.02,manual_issue,1
BC00001933,BOM0000314,P001193,5.3754,0.73,floor_stock,2
BC00001934,BOM0000314,P001121,4.4752,0,backflush,3
BC00001935,BOM0000314,P000889,3.7932,1.86,backflush,4
BC00001936,BOM0000314,P001792,6.9089,3.29,backflush,5
BC00001937,BOM0000314,P002906,2.872,4.6,floor_stock,6
BC00001938,BOM0000314,P001354,6.8587,3.25,floor_stock,7
BC00001939,BOM0000314,P001037,5.0293,3.78,backflush,8
BC00001940,BOM0000314,P003136,4.8527,2.62,backflush,9
BC00001941,BOM0000314,P003083,3.0848,1.3,manual_issue,10
BC00001942,BOM0000315,P003031,2.3481,2.81,backflush,1
BC00001943,BOM0000315,P001792,6.1744,1.89,backflush,2
BC00001944,BOM0000315,P000965,0.5511,1.54,backflush,3
BC00001945,BOM0000315,P001421,1.9742,3.46,floor_stock,4
BC00001946,BOM0000315,P002654,3.3521,3.08,backflush,5
BC00001947,BOM0000315,P000852,1.9153,4.01,backflush,6
BC00001948,BOM0000316,P000712,1.2687,2.4,backflush,1
BC00001949,BOM0000316,P001131,3.5454,1.09,manual_issue,2
BC00001950,BOM0000316,P001116,5.6338,1.17,backflush,3
BC00001951,BOM0000316,P000663,5.6484,4.85,manual_issue,4
BC00001952,BOM0000316,P002566,0.345,4.51,backflush,5
BC00001953,BOM0000316,P002792,4.098,1.9,backflush,6
BC00001954,BOM0000317,P003048,7.3223,0.4,floor_stock,1
BC00001955,BOM0000317,P000797,4.2046,2.21,backflush,2
BC00001956,BOM0000317,P002755,0.9192,1.48,backflush,3
BC00001957,BOM0000317,P002931,0.8274,2.65,backflush,4
BC00001958,BOM0000317,P000654,6.8773,2.86,manual_issue,5
BC00001959,BOM0000318,P002906,4.0962,1.51,manual_issue,1
BC00001960,BOM0000318,P001704,1.4203,4.94,backflush,2
BC00001961,BOM0000318,P001579,5.9105,4.0,manual_issue,3
BC00001962,BOM0000318,P003039,6.8079,3.47,backflush,4
BC00001963,BOM0000318,P001343,5.3896,0.43,manual_issue,5
BC00001964,BOM0000318,P002044,3.8757,0.41,manual_issue,6
BC00001965,BOM0000319,P001693,2.6674,3.96,manual_issue,1
BC00001966,BOM0000319,P002397,3.1973,5.43,backflush,2
BC00001967,BOM0000319,P000656,4.8085,4.23,floor_stock,3
BC00001968,BOM0000319,P002752,4.0772,4.38,backflush,4
BC00001969,BOM0000319,P002822,7.2808,3.18,backflush,5
BC00001970,BOM0000319,P001424,3.1946,4.89,manual_issue,6
BC00001971,BOM0000320,P002262,4.8984,3.89,backflush,1
BC00001972,BOM0000320,P002793,0.9031,2.56,backflush,2
BC00001973,BOM0000320,P001804,6.6405,1.49,backflush,3
BC00001974,BOM0000321,P002248,3.3448,4.67,backflush,1
BC00001975,BOM0000321,P001824,6.2429,1.36,manual_issue,2
BC00001976,BOM0000321,P001076,6.9626,2.32,backflush,3
BC00001977,BOM0000321,P000914,3.6842,3.17,manual_issue,4
BC00001978,BOM0000321,P000757,3.6322,4.16,backflush,5
BC00001979,BOM0000321,P002569,6.8156,1.75,manual_issue,6
BC00001980,BOM0000321,P002138,2.0526,3.53,backflush,7
BC00001981,BOM0000322,P001996,1.3078,2.94,manual_issue,1
BC00001982,BOM0000322,P003147,3.7686,1.42,floor_stock,2
BC00001983,BOM0000322,P001237,3.0577,0.96,manual_issue,3
BC00001984,BOM0000322,P002619,3.4348,1.63,manual_issue,4
BC00001985,BOM0000322,P002505,1.7371,3.7,backflush,5
BC00001986,BOM0000322,P002733,0.2218,3.04,floor_stock,6
BC00001987,BOM0000323,P002847,5.3037,6.01,manual_issue,1
BC00001988,BOM0000323,P000852,5.4083,0.47,backflush,2
BC00001989,BOM0000323,P001901,1.7409,0.13,backflush,3
BC00001990,BOM0000323,P002992,2.4008,1.65,backflush,4
BC00001991,BOM0000323,P003168,3.1982,4.22,backflush,5
BC00001992,BOM0000323,P000695,5.7072,3.52,floor_stock,6
BC00001993,BOM0000323,P001827,4.9723,2.55,backflush,7
BC00001994,BOM0000323,P000774,1.3512,4.52,backflush,8
BC00001995,BOM0000324,P001753,2.2237,2.23,backflush,1
BC00001996,BOM0000324,P003106,3.3964,3.07,floor_stock,2
BC00001997,BOM0000324,P001566,2.495,3.38,manual_issue,3
BC00001998,BOM0000325,P003135,6.5407,4.73,backflush,1
BC00001999,BOM0000325,P002785,1.7645,4.02,backflush,2
BC00002000,BOM0000325,P002617,0.6027,3.99,backflush,3
BC00002001,BOM0000325,P002873,2.3532,0.17,backflush,4
BC00002002,BOM0000325,P001319,0.3616,2.24,backflush,5
BC00002003,BOM0000325,P001551,6.0467,0.94,backflush,6
BC00002004,BOM0000325,P001771,6.6266,4.17,manual_issue,7
BC00002005,BOM0000325,P001635,4.3882,2.0,backflush,8
BC00002006,BOM0000325,P002050,5.5116,1.17,backflush,9
BC00002007,BOM0000325,P000697,0.2942,4.69,backflush,10
BC00002008,BOM0000326,P000794,6.8776,1.06,backflush,1
BC00002009,BOM0000326,P002578,0.6194,1.9,backflush,2
BC00002010,BOM0000326,P001933,5.3535,2.76,backflush,3
BC00002011,BOM0000326,P003000,6.8757,4.82,floor_stock,4
BC00002012,BOM0000326,P001612,7.0649,2.48,floor_stock,5
BC00002013,BOM0000326,P001654,3.2484,2.3,backflush,6
BC00002014,BOM0000327,P000761,2.1305,3.47,backflush,1
BC00002015,BOM0000327,P001573,2.9557,2.24,manual_issue,2
BC00002016,BOM0000327,P001403,0.6188,1.75,backflush,3
BC00002017,BOM0000328,P002006,3.9448,1.87,backflush,1
BC00002018,BOM0000328,P001049,2.1155,4.69,manual_issue,2
BC00002019,BOM0000328,P002347,4.3669,2.88,backflush,3
BC00002020,BOM0000328,P002455,6.1689,3.21,manual_issue,4
BC00002021,BOM0000328,P003148,7.3827,3.7,backflush,5
BC00002022,BOM0000328,P002993,4.6306,3.86,manual_issue,6
BC00002023,BOM0000328,P001094,1.8276,5.49,floor_stock,7
BC00002024,BOM0000329,P003181,1.2472,5.06,backflush,1
BC00002025,BOM0000329,P002985,1.9701,5.71,manual_issue,2
BC00002026,BOM0000329,P002670,2.0655,4.65,manual_issue,3
BC00002027,BOM0000329,P002274,4.885,0.29,manual_issue,4
BC00002028,BOM0000329,P002117,4.2184,2.45,floor_stock,5
BC00002029,BOM0000329,P001625,3.0079,2.05,manual_issue,6
BC00002030,BOM0000329,P002057,5.3455,2.74,backflush,7
BC00002031,BOM0000330,P001473,3.7016,4.56,manual_issue,1
BC00002032,BOM0000330,P002985,0.9321,3.24,floor_stock,2
BC00002033,BOM0000330,P000990,7.3813,4.78,manual_issue,3
BC00002034,BOM0000330,P002877,2.1791,3.24,backflush,4
BC00002035,BOM0000330,P001238,3.1023,3.04,manual_issue,5
BC00002036,BOM0000330,P002607,7.4296,6.11,backflush,6
BC00002037,BOM0000330,P002929,4.4613,3.49,manual_issue,7
BC00002038,BOM0000330,P002622,6.5119,1.9,backflush,8
BC00002039,BOM0000330,P002860,0.785,6.51,backflush,9
BC00002040,BOM0000331,P001934,5.1439,5.17,manual_issue,1
BC00002041,BOM0000331,P003089,3.4279,2.77,backflush,2
BC00002042,BOM0000331,P001686,5.4141,3.75,backflush,3
BC00002043,BOM0000331,P001930,3.0936,2.07,backflush,4
BC00002044,BOM0000331,P000816,7.3345,3.03,manual_issue,5
BC00002045,BOM0000331,P002054,1.9149,2.29,manual_issue,6
BC00002046,BOM0000331,P002099,7.1599,4.2,manual_issue,7
BC00002047,BOM0000332,P002547,3.3548,5.15,backflush,1
BC00002048,BOM0000332,P002252,4.9623,3.32,backflush,2
BC00002049,BOM0000332,P002852,1.7763,2.42,manual_issue,3
BC00002050,BOM0000332,P002901,3.781,4.47,backflush,4
BC00002051,BOM0000332,P002862,5.4269,3.36,backflush,5
BC00002052,BOM0000332,P002498,6.8225,3.19,manual_issue,6
BC00002053,BOM0000332,P002626,2.0913,5.31,manual_issue,7
BC00002054,BOM0000332,P002476,1.5071,2.48,backflush,8
BC00002055,BOM0000332,P001400,4.4479,4.86,manual_issue,9
BC00002056,BOM0000332,P001111,1.9559,2.06,manual_issue,10
BC00002057,BOM0000333,P000934,0.4892,2.69,backflush,1
BC00002058,BOM0000333,P002560,6.7727,4.28,backflush,2
BC00002059,BOM0000333,P001591,4.706,3.78,backflush,3
BC00002060,BOM0000333,P002541,2.4845,3.17,backflush,4
BC00002061,BOM0000333,P003159,4.89,4.04,backflush,5
BC00002062,BOM0000333,P003183,1.7299,2.73,backflush,6
BC00002063,BOM0000333,P001242,2.5243,3.03,backflush,7
BC00002064,BOM0000334,P002279,3.6695,5.4,backflush,1
BC00002065,BOM0000334,P000982,5.4124,1.55,manual_issue,2
BC00002066,BOM0000334,P002603,4.916,4.67,manual_issue,3
BC00002067,BOM0000334,P003025,6.1963,1.4,backflush,4
BC00002068,BOM0000334,P003030,5.7297,1.81,manual_issue,5
BC00002069,BOM0000334,P003004,5.6463,3.79,backflush,6
BC00002070,BOM0000334,P002565,3.4288,4.03,floor_stock,7
BC00002071,BOM0000335,P000718,6.0239,0.9,manual_issue,1
BC00002072,BOM0000335,P000973,4.9021,4.6,backflush,2
BC00002073,BOM0000335,P002131,5.6241,1.52,floor_stock,3
BC00002074,BOM0000335,P002380,5.9313,2.56,floor_stock,4
BC00002075,BOM0000335,P003123,4.1582,3.88,backflush,5
BC00002076,BOM0000335,P001304,5.5692,1.13,backflush,6
BC00002077,BOM0000335,P001817,0.2108,2.5,floor_stock,7
BC00002078,BOM0000335,P000698,1.6145,3.73,backflush,8
BC00002079,BOM0000336,P002083,3.1745,3.39,manual_issue,1
BC00002080,BOM0000336,P002659,4.4047,4.52,backflush,2
BC00002081,BOM0000336,P002325,7.2966,1.92,backflush,3
BC00002082,BOM0000336,P002260,5.2901,2.16,floor_stock,4
BC00002083,BOM0000336,P000994,3.459,1.81,floor_stock,5
BC00002084,BOM0000336,P002558,6.2429,2.35,manual_issue,6
BC00002085,BOM0000336,P002334,6.5475,1.62,manual_issue,7
BC00002086,BOM0000337,P002036,0.2652,3.99,manual_issue,1
BC00002087,BOM0000337,P001756,4.8023,5.44,floor_stock,2
BC00002088,BOM0000337,P000680,3.5357,2.19,manual_issue,3
BC00002089,BOM0000337,P000804,2.9725,1.64,backflush,4
BC00002090,BOM0000337,P002634,1.6747,4.58,backflush,5
BC00002091,BOM0000337,P001945,7.119,3.28,manual_issue,6
BC00002092,BOM0000337,P001623,3.378,1.94,backflush,7
BC00002093,BOM0000337,P001011,2.9832,2.06,floor_stock,8
BC00002094,BOM0000337,P001293,4.6072,3.34,backflush,9
BC00002095,BOM0000338,P002564,1.5402,2.43,backflush,1
BC00002096,BOM0000338,P001277,1.2192,2.45,backflush,2
BC00002097,BOM0000338,P002438,7.4984,3.3,backflush,3
BC00002098,BOM0000338,P003152,2.5688,2.31,backflush,4
BC00002099,BOM0000338,P002848,2.5532,2.81,backflush,5
BC00002100,BOM0000339,P002786,3.2728,2.11,manual_issue,1
BC00002101,BOM0000339,P002218,6.519,2.76,backflush,2
BC00002102,BOM0000339,P002524,7.3267,1.86,floor_stock,3
BC00002103,BOM0000339,P002941,4.5803,4.25,backflush,4
BC00002104,BOM0000339,P002363,6.0347,3.59,backflush,5
BC00002105,BOM0000339,P002770,3.4733,5.14,manual_issue,6
BC00002106,BOM0000339,P001428,2.6317,3.9,backflush,7
BC00002107,BOM0000339,P001825,2.7574,2.68,backflush,8
BC00002108,BOM0000339,P001052,0.7669,0.81,manual_issue,9
BC00002109,BOM0000340,P001115,6.3681,0.22,manual_issue,1
BC00002110,BOM0000340,P000897,5.9973,1.66,floor_stock,2
BC00002111,BOM0000340,P002904,0.5143,2.37,backflush,3
BC00002112,BOM0000340,P001059,2.3314,1.88,manual_issue,4
BC00002113,BOM0000340,P001054,1.2602,2.11,manual_issue,5
BC00002114,BOM0000340,P002451,0.9279,1.01,backflush,6
BC00002115,BOM0000340,P002111,4.0804,1.89,backflush,7
BC00002116,BOM0000340,P001795,6.3054,0.84,manual_issue,8
BC00002117,BOM0000340,P002588,1.1149,2.02,manual_issue,9
BC00002118,BOM0000341,P001392,5.698,0,floor_stock,1
BC00002119,BOM0000341,P001351,7.2134,1.33,backflush,2
BC00002120,BOM0000341,P001034,7.3246,2.54,backflush,3
BC00002121,BOM0000341,P000872,6.3631,4.19,manual_issue,4
BC00002122,BOM0000341,P001057,4.4126,2.8,manual_issue,5
BC00002123,BOM0000341,P000906,2.0001,2.46,backflush,6
BC00002124,BOM0000341,P002232,4.3099,4.3,backflush,7
BC00002125,BOM0000341,P002625,7.2093,2.42,backflush,8
BC00002126,BOM0000341,P001195,2.2345,0.42,backflush,9
BC00002127,BOM0000342,P002300,7.0243,3.11,backflush,1
BC00002128,BOM0000342,P001277,4.6779,2.19,manual_issue,2
BC00002129,BOM0000342,P001477,1.69,1.82,backflush,3
BC00002130,BOM0000342,P002925,1.0132,2.42,manual_issue,4
BC00002131,BOM0000342,P002535,5.7532,0,backflush,5
BC00002132,BOM0000342,P002980,3.0018,2.5,backflush,6
BC00002133,BOM0000343,P002224,3.7212,2.22,backflush,1
BC00002134,BOM0000343,P003018,4.2962,2.36,floor_stock,2
BC00002135,BOM0000343,P001416,7.0216,1.53,backflush,3
BC00002136,BOM0000343,P000792,0.2447,1.55,floor_stock,4
BC00002137,BOM0000343,P002944,2.2799,3.09,backflush,5
BC00002138,BOM0000343,P001072,3.8225,1.08,floor_stock,6
BC00002139,BOM0000344,P000916,3.9716,4.15,backflush,1
BC00002140,BOM0000344,P001767,3.3461,2.1,floor_stock,2
BC00002141,BOM0000344,P001098,7.2716,3.32,manual_issue,3
BC00002142,BOM0000345,P002313,1.1184,2.68,manual_issue,1
BC00002143,BOM0000345,P002679,6.9824,0.06,backflush,2
BC00002144,BOM0000345,P001390,3.4448,1.6,backflush,3
BC00002145,BOM0000345,P002249,3.3508,2.87,backflush,4
BC00002146,BOM0000346,P003160,0.2102,1.32,backflush,1
BC00002147,BOM0000346,P001870,4.5773,1.74,manual_issue,2
BC00002148,BOM0000346,P003128,3.2763,2.09,floor_stock,3
BC00002149,BOM0000346,P001636,3.1251,2.24,backflush,4
BC00002150,BOM0000346,P001246,5.2518,2.68,backflush,5
BC00002151,BOM0000347,P001622,2.3963,0.36,manual_issue,1
BC00002152,BOM0000347,P003168,0.7356,4.55,backflush,2
BC00002153,BOM0000347,P001902,1.0065,1.31,backflush,3
BC00002154,BOM0000347,P000844,3.4616,2.22,manual_issue,4
BC00002155,BOM0000347,P001242,0.7887,2.65,backflush,5
BC00002156,BOM0000347,P001783,1.2782,2.58,backflush,6
BC00002157,BOM0000348,P001050,3.9113,5.07,backflush,1
BC00002158,BOM0000348,P001590,6.2516,2.55,floor_stock,2
BC00002159,BOM0000348,P000874,4.0817,4.23,backflush,3
BC00002160,BOM0000348,P001411,5.1987,3.48,backflush,4
BC00002161,BOM0000348,P002938,0.7671,3.73,floor_stock,5
BC00002162,BOM0000349,P001946,6.2301,3.12,backflush,1
BC00002163,BOM0000349,P001174,2.5441,1.86,manual_issue,2
BC00002164,BOM0000349,P002388,6.6422,2.03,backflush,3
BC00002165,BOM0000349,P002551,3.0263,4.05,floor_stock,4
BC00002166,BOM0000349,P000845,6.9269,2.82,backflush,5
BC00002167,BOM0000349,P002323,0.5304,2.65,backflush,6
BC00002168,BOM0000350,P001952,1.0304,2.5,backflush,1
BC00002169,BOM0000350,P001684,3.9955,2.76,backflush,2
BC00002170,BOM0000350,P000923,0.3651,2.36,backflush,3
BC00002171,BOM0000350,P002888,5.6228,0.09,manual_issue,4
BC00002172,BOM0000350,P001888,2.7238,0.83,manual_issue,5
BC00002173,BOM0000350,P001145,1.7724,0,backflush,6
BC00002174,BOM0000350,P000815,0.4028,4.24,backflush,7
BC00002175,BOM0000351,P002793,3.0226,3.64,backflush,1
BC00002176,BOM0000351,P002200,5.3452,0,backflush,2
BC00002177,BOM0000351,P002408,4.9277,2.94,backflush,3
BC00002178,BOM0000351,P003159,3.8294,2.53,backflush,4
BC00002179,BOM0000351,P002871,0.5068,2.69,backflush,5
BC00002180,BOM0000351,P002019,6.9365,3.26,backflush,6
BC00002181,BOM0000351,P001235,2.8532,3.45,backflush,7
BC00002182,BOM0000351,P001349,6.6979,5.82,manual_issue,8
BC00002183,BOM0000351,P000690,3.8557,2.16,manual_issue,9
BC00002184,BOM0000351,P001222,1.3932,2.14,backflush,10
BC00002185,BOM0000352,P000788,6.313,3.9,backflush,1
BC00002186,BOM0000352,P002516,5.5356,3.95,backflush,2
BC00002187,BOM0000352,P001819,6.8488,3.13,backflush,3
BC00002188,BOM0000352,P002388,4.0091,3.94,manual_issue,4
BC00002189,BOM0000352,P000967,3.3459,2.29,backflush,5
BC00002190,BOM0000352,P002882,6.5126,2.67,backflush,6
BC00002191,BOM0000352,P001425,1.0875,3.9,manual_issue,7
BC00002192,BOM0000353,P002156,0.4206,0.14,manual_issue,1
BC00002193,BOM0000353,P002044,4.0864,5.43,backflush,2
BC00002194,BOM0000353,P002381,2.8312,4.84,backflush,3
BC00002195,BOM0000353,P002196,4.6544,2.97,manual_issue,4
BC00002196,BOM0000354,P002611,1.8151,2.76,backflush,1
BC00002197,BOM0000354,P001801,4.3472,1.8,backflush,2
BC00002198,BOM0000354,P000914,1.8736,1.12,backflush,3
BC00002199,BOM0000354,P002865,0.3182,0.09,backflush,4
BC00002200,BOM0000354,P001623,0.7519,4.14,floor_stock,5
BC00002201,BOM0000354,P002497,4.8741,3.19,backflush,6
BC00002202,BOM0000354,P000890,1.1711,3.77,backflush,7
BC00002203,BOM0000354,P001225,6.4393,4.5,floor_stock,8
BC00002204,BOM0000355,P000687,5.8275,4.6,manual_issue,1
BC00002205,BOM0000355,P001103,7.0328,2.83,backflush,2
BC00002206,BOM0000355,P002698,5.2678,3.3,backflush,3
BC00002207,BOM0000355,P001930,0.4578,0.45,manual_issue,4
BC00002208,BOM0000355,P002697,5.6993,2.16,backflush,5
BC00002209,BOM0000355,P001832,3.2572,6.12,manual_issue,6
BC00002210,BOM0000355,P003107,6.3412,2.03,backflush,7
BC00002211,BOM0000355,P001624,1.1526,3.82,floor_stock,8
BC00002212,BOM0000356,P002806,0.6347,4.65,backflush,1
BC00002213,BOM0000356,P003106,0.4387,3.53,floor_stock,2
BC00002214,BOM0000356,P001312,5.6284,2.49,manual_issue,3
BC00002215,BOM0000356,P000684,7.0239,2.73,manual_issue,4
BC00002216,BOM0000356,P002064,4.292,3.86,manual_issue,5
BC00002217,BOM0000356,P002873,2.0104,2.49,backflush,6
BC00002218,BOM0000356,P001791,6.3886,1.99,manual_issue,7
BC00002219,BOM0000356,P002689,6.0912,3.6,manual_issue,8
BC00002220,BOM0000357,P001005,1.7477,1.95,manual_issue,1
BC00002221,BOM0000357,P001749,3.9007,3.57,floor_stock,2
BC00002222,BOM0000357,P002061,6.4031,4.84,backflush,3
BC00002223,BOM0000357,P002101,3.7384,2.19,backflush,4
BC00002224,BOM0000357,P002662,6.9291,3.33,backflush,5
BC00002225,BOM0000357,P000820,2.2399,3.47,manual_issue,6
BC00002226,BOM0000357,P001938,4.0977,3.04,floor_stock,7
BC00002227,BOM0000357,P001542,6.3076,1.33,manual_issue,8
BC00002228,BOM0000358,P000874,0.804,2.63,backflush,1
BC00002229,BOM0000358,P003116,3.7213,1.42,manual_issue,2
BC00002230,BOM0000358,P003139,5.7676,1.16,backflush,3
BC00002231,BOM0000358,P000881,0.749,1.63,backflush,4
BC00002232,BOM0000358,P001361,6.0483,4.81,floor_stock,5
BC00002233,BOM0000358,P001859,5.6082,0,backflush,6
BC00002234,BOM0000358,P002446,2.8317,2.82,backflush,7
BC00002235,BOM0000358,P001676,3.4004,4.73,backflush,8
BC00002236,BOM0000358,P002512,2.6812,1.75,backflush,9
BC00002237,BOM0000359,P001495,2.0435,2.88,backflush,1
BC00002238,BOM0000359,P000657,5.1386,0.82,backflush,2
BC00002239,BOM0000359,P002749,1.3336,2.72,backflush,3
BC00002240,BOM0000359,P001331,5.2395,2.46,backflush,4
BC00002241,BOM0000359,P001880,3.3199,3.02,backflush,5
BC00002242,BOM0000359,P001289,4.4586,4.39,backflush,6
BC00002243,BOM0000359,P000874,7.2654,3.15,backflush,7
BC00002244,BOM0000360,P001654,3.1326,5.2,manual_issue,1
BC00002245,BOM0000360,P001539,5.6901,0.21,backflush,2
BC00002246,BOM0000360,P002126,5.8938,0.62,backflush,3
BC00002247,BOM0000360,P002386,7.0536,3.94,backflush,4
BC00002248,BOM0000360,P001599,2.1863,1.18,backflush,5
BC00002249,BOM0000360,P001659,2.9231,2.24,backflush,6
BC00002250,BOM0000360,P001687,6.6325,4.65,manual_issue,7
BC00002251,BOM0000360,P002587,1.2368,3.21,backflush,8
BC00002252,BOM0000360,P002939,7.078,3.97,floor_stock,9
BC00002253,BOM0000360,P002325,6.637,3.35,backflush,10
BC00002254,BOM0000361,P002857,3.2088,2.33,backflush,1
BC00002255,BOM0000361,P001001,3.8069,0.31,backflush,2
BC00002256,BOM0000361,P002307,2.3902,3.08,backflush,3
BC00002257,BOM0000361,P000748,0.7811,3.82,backflush,4
BC00002258,BOM0000361,P002043,3.4468,2.12,backflush,5
BC00002259,BOM0000361,P001136,0.7422,2.1,backflush,6
BC00002260,BOM0000361,P001429,5.8152,3.31,backflush,7
BC00002261,BOM0000361,P002317,4.4988,0,floor_stock,8
BC00002262,BOM0000361,P000721,5.0601,1.74,backflush,9
BC00002263,BOM0000361,P002369,6.5553,3.71,backflush,10
BC00002264,BOM0000362,P002731,3.9841,2.47,manual_issue,1
BC00002265,BOM0000362,P001651,5.2606,5.02,floor_stock,2
BC00002266,BOM0000362,P001341,5.5034,4.79,floor_stock,3
BC00002267,BOM0000362,P001654,1.0281,3.33,manual_issue,4
BC00002268,BOM0000362,P001579,7.0871,2.45,floor_stock,5
BC00002269,BOM0000363,P001058,6.2826,4.17,floor_stock,1
BC00002270,BOM0000363,P003001,6.0776,1.97,manual_issue,2
BC00002271,BOM0000363,P001369,2.7442,4.33,manual_issue,3
BC00002272,BOM0000363,P001752,0.7945,2.47,backflush,4
BC00002273,BOM0000363,P001600,6.9799,0.3,backflush,5
BC00002274,BOM0000363,P002114,1.2888,3.14,floor_stock,6
BC00002275,BOM0000364,P002631,5.8699,2.26,backflush,1
BC00002276,BOM0000364,P002611,3.1588,2.65,backflush,2
BC00002277,BOM0000364,P001413,0.2346,3.39,backflush,3
BC00002278,BOM0000364,P001380,7.2163,0,manual_issue,4
BC00002279,BOM0000364,P002736,1.2103,4.13,backflush,5
BC00002280,BOM0000364,P001009,1.2345,1.61,manual_issue,6
BC00002281,BOM0000365,P003148,1.7172,4.15,backflush,1
BC00002282,BOM0000365,P001498,6.2145,5.17,manual_issue,2
BC00002283,BOM0000365,P001056,7.3713,2.85,backflush,3
BC00002284,BOM0000365,P002098,1.9283,2.43,backflush,4
BC00002285,BOM0000365,P003189,4.0743,3.77,floor_stock,5
BC00002286,BOM0000365,P000652,0.9296,4.67,manual_issue,6
BC00002287,BOM0000365,P002724,5.4259,3.25,backflush,7
BC00002288,BOM0000365,P002868,1.6042,4.96,backflush,8
BC00002289,BOM0000365,P002618,6.1844,2.74,manual_issue,9
BC00002290,BOM0000366,P002592,5.219,2.89,backflush,1
BC00002291,BOM0000366,P002312,7.2893,1.79,backflush,2
BC00002292,BOM0000366,P002861,4.2559,3.84,backflush,3
BC00002293,BOM0000366,P003075,0.33,1.88,backflush,4
BC00002294,BOM0000366,P002922,6.8061,1.17,backflush,5
BC00002295,BOM0000366,P001692,5.5521,0.57,backflush,6
BC00002296,BOM0000367,P002684,3.1407,1.57,manual_issue,1
BC00002297,BOM0000367,P001888,4.0738,0.34,backflush,2
BC00002298,BOM0000367,P002852,3.0707,3.58,manual_issue,3
BC00002299,BOM0000367,P002930,2.0325,2.61,backflush,4
BC00002300,BOM0000367,P001135,1.7641,4.43,backflush,5
BC00002301,BOM0000367,P002775,5.5951,6.09,backflush,6
BC00002302,BOM0000367,P002629,2.7348,3.83,backflush,7
BC00002303,BOM0000367,P001303,0.707,3.28,backflush,8
BC00002304,BOM0000368,P002366,3.4771,2.16,manual_issue,1
BC00002305,BOM0000368,P002979,4.6566,1.87,manual_issue,2
BC00002306,BOM0000368,P000736,5.2132,3.71,manual_issue,3
BC00002307,BOM0000368,P001144,4.8512,0.81,manual_issue,4
BC00002308,BOM0000368,P001581,1.6223,3.87,manual_issue,5
BC00002309,BOM0000368,P002586,4.7388,1.9,floor_stock,6
BC00002310,BOM0000368,P003063,5.6195,2.34,backflush,7
BC00002311,BOM0000368,P002054,1.0636,3.87,backflush,8
BC00002312,BOM0000368,P001932,4.36,3.36,manual_issue,9
BC00002313,BOM0000368,P001477,7.463,1.69,manual_issue,10
BC00002314,BOM0000369,P002980,5.9191,3.32,backflush,1
BC00002315,BOM0000369,P001149,4.0676,3.02,backflush,2
BC00002316,BOM0000369,P002234,0.4492,5.32,backflush,3
BC00002317,BOM0000370,P001150,6.3981,3.55,backflush,1
BC00002318,BOM0000370,P003016,0.794,1.55,backflush,2
BC00002319,BOM0000370,P002502,3.384,0.61,backflush,3
BC00002320,BOM0000370,P002302,2.9491,0.55,manual_issue,4
BC00002321,BOM0000370,P003073,1.8477,3.24,manual_issue,5
BC00002322,BOM0000370,P002686,2.6532,2.4,backflush,6
BC00002323,BOM0000370,P001661,7.1094,4.04,manual_issue,7
BC00002324,BOM0000371,P001803,6.951,1.45,backflush,1
BC00002325,BOM0000371,P001343,5.3249,1.36,manual_issue,2
BC00002326,BOM0000371,P002606,5.1441,0,backflush,3
BC00002327,BOM0000371,P002254,6.3507,2.52,backflush,4
BC00002328,BOM0000371,P002003,4.3889,1.07,backflush,5
BC00002329,BOM0000371,P002293,4.9139,5.37,manual_issue,6
BC00002330,BOM0000371,P002151,7.1704,1.38,floor_stock,7
BC00002331,BOM0000371,P001426,6.6794,1.47,backflush,8
BC00002332,BOM0000371,P002229,5.6331,2.48,backflush,9
BC00002333,BOM0000372,P003021,2.938,1.89,manual_issue,1
BC00002334,BOM0000372,P002355,3.3157,1.87,backflush,2
BC00002335,BOM0000372,P001092,1.5283,3.06,manual_issue,3
BC00002336,BOM0000372,P002258,5.8343,3.6,floor_stock,4
BC00002337,BOM0000372,P003028,5.7464,3.02,manual_issue,5
BC00002338,BOM0000372,P002411,2.7075,2.8,manual_issue,6
BC00002339,BOM0000372,P000955,4.7121,1.85,manual_issue,7
BC00002340,BOM0000372,P003200,0.5102,2.9,backflush,8
BC00002341,BOM0000372,P002265,4.7047,3.42,backflush,9
BC00002342,BOM0000373,P000853,0.2759,0.15,floor_stock,1
BC00002343,BOM0000373,P002297,5.1732,3.43,manual_issue,2
BC00002344,BOM0000373,P002308,6.9502,2.69,manual_issue,3
BC00002345,BOM0000373,P002504,6.9983,1.96,backflush,4
BC00002346,BOM0000373,P000789,6.8589,4.29,floor_stock,5
BC00002347,BOM0000373,P001393,2.1316,3.2,backflush,6
BC00002348,BOM0000373,P003091,4.7929,1.7,floor_stock,7
BC00002349,BOM0000373,P002560,5.5634,2.46,backflush,8
BC00002350,BOM0000373,P003172,3.4151,4.33,backflush,9
BC00002351,BOM0000374,P000793,6.3797,5.73,backflush,1
BC00002352,BOM0000374,P001152,4.0064,4.32,backflush,2
BC00002353,BOM0000374,P001016,5.0917,3.6,backflush,3
BC00002354,BOM0000374,P001631,3.2047,2.54,manual_issue,4
BC00002355,BOM0000374,P002036,7.3737,4.83,backflush,5
BC00002356,BOM0000374,P001505,4.8673,4.35,backflush,6
BC00002357,BOM0000374,P002863,3.7156,3.66,backflush,7
BC00002358,BOM0000375,P000758,0.5348,0.51,manual_issue,1
BC00002359,BOM0000375,P002842,6.2085,4.24,backflush,2
BC00002360,BOM0000375,P001901,5.4943,5.23,backflush,3
BC00002361,BOM0000375,P000883,3.358,4.81,manual_issue,4
BC00002362,BOM0000376,P001932,2.1165,5.01,backflush,1
BC00002363,BOM0000376,P001966,5.2419,3.4,backflush,2
BC00002364,BOM0000376,P000994,0.9845,1.81,backflush,3
BC00002365,BOM0000376,P001251,2.2093,0,backflush,4
BC00002366,BOM0000377,P000714,6.0557,0.94,backflush,1
BC00002367,BOM0000377,P002001,3.7936,3.3,floor_stock,2
BC00002368,BOM0000377,P002197,6.2718,0.79,manual_issue,3
BC00002369,BOM0000378,P002913,3.2051,2.33,backflush,1
BC00002370,BOM0000378,P002168,1.9495,0.61,manual_issue,2
BC00002371,BOM0000378,P001027,1.3732,1.67,manual_issue,3
BC00002372,BOM0000378,P002549,0.2035,2.12,backflush,4
BC00002373,BOM0000379,P002953,2.0379,3.88,backflush,1
BC00002374,BOM0000379,P000709,6.2272,2.64,backflush,2
BC00002375,BOM0000379,P002786,2.3842,2.44,manual_issue,3
BC00002376,BOM0000380,P002618,4.283,1.75,backflush,1
BC00002377,BOM0000380,P003106,5.2768,2.82,backflush,2
BC00002378,BOM0000380,P000984,6.5677,3.04,backflush,3
BC00002379,BOM0000380,P003025,2.9143,2.33,backflush,4
BC00002380,BOM0000380,P001412,6.546,1.09,manual_issue,5
BC00002381,BOM0000380,P000973,6.4211,5.76,backflush,6
BC00002382,BOM0000380,P001423,6.1527,3.82,backflush,7
BC00002383,BOM0000380,P002252,0.3411,4.03,floor_stock,8
BC00002384,BOM0000380,P001470,5.7602,0,manual_issue,9
BC00002385,BOM0000380,P000659,2.9017,0.68,manual_issue,10
BC00002386,BOM0000381,P002053,2.4433,4.02,backflush,1
BC00002387,BOM0000381,P001340,7.0576,1.94,manual_issue,2
BC00002388,BOM0000381,P001111,4.3559,3.34,manual_issue,3
BC00002389,BOM0000381,P002516,6.9052,3.0,floor_stock,4
BC00002390,BOM0000381,P001845,4.2108,1.18,backflush,5
BC00002391,BOM0000381,P003038,4.5972,2.85,backflush,6
BC00002392,BOM0000381,P002549,2.277,3.22,manual_issue,7
BC00002393,BOM0000381,P002345,5.1938,1.6,backflush,8
BC00002394,BOM0000381,P001406,4.5309,2.42,floor_stock,9
BC00002395,BOM0000382,P001450,3.2433,0.79,manual_issue,1
BC00002396,BOM0000382,P001413,0.5083,2.3,manual_issue,2
BC00002397,BOM0000382,P000902,3.7433,1.9,backflush,3
BC00002398,BOM0000382,P002104,1.924,0.41,backflush,4
BC00002399,BOM0000382,P002388,2.0881,4.09,backflush,5
BC00002400,BOM0000383,P001523,0.8788,3.52,backflush,1
BC00002401,BOM0000383,P002243,1.2972,4.75,backflush,2
BC00002402,BOM0000383,P003131,0.8854,3.75,manual_issue,3
BC00002403,BOM0000383,P001908,0.5256,2.31,manual_issue,4
BC00002404,BOM0000383,P002917,5.0093,0.02,backflush,5
BC00002405,BOM0000383,P001865,0.3338,2.99,backflush,6
BC00002406,BOM0000383,P001000,5.7291,1.74,manual_issue,7
BC00002407,BOM0000384,P001916,6.9616,3.16,manual_issue,1
BC00002408,BOM0000384,P002444,4.2566,4.41,floor_stock,2
BC00002409,BOM0000384,P000758,1.491,2.49,backflush,3
BC00002410,BOM0000384,P002310,3.4054,4.9,backflush,4
BC00002411,BOM0000384,P001510,6.7385,3.69,manual_issue,5
BC00002412,BOM0000384,P002287,6.7081,0.61,floor_stock,6
BC00002413,BOM0000384,P000871,0.4632,5.66,floor_stock,7
BC00002414,BOM0000384,P002273,4.2706,2.52,backflush,8
BC00002415,BOM0000384,P002230,2.9976,2.28,backflush,9
BC00002416,BOM0000384,P002980,3.9008,5.5,manual_issue,10
BC00002417,BOM0000385,P002916,4.3029,3.7,manual_issue,1
BC00002418,BOM0000385,P002715,4.6396,0.81,manual_issue,2
BC00002419,BOM0000385,P001540,1.5062,1.91,manual_issue,3
BC00002420,BOM0000385,P002568,2.5659,5.09,floor_stock,4
BC00002421,BOM0000385,P002092,4.7221,1.85,backflush,5
BC00002422,BOM0000385,P002022,3.4631,0,backflush,6
BC00002423,BOM0000385,P000775,5.0102,1.39,backflush,7
BC00002424,BOM0000385,P002826,4.6744,4.64,manual_issue,8
BC00002425,BOM0000385,P001401,3.9351,0,manual_issue,9
BC00002426,BOM0000386,P000767,0.2196,2.43,backflush,1
BC00002427,BOM0000386,P000810,1.309,4.56,manual_issue,2
BC00002428,BOM0000386,P001522,6.6658,0.96,manual_issue,3
BC00002429,BOM0000386,P002254,4.6543,2.57,backflush,4
BC00002430,BOM0000387,P002402,2.8087,4.25,backflush,1
BC00002431,BOM0000387,P002824,3.7698,2.91,backflush,2
BC00002432,BOM0000387,P002854,6.9052,1.07,floor_stock,3
BC00002433,BOM0000387,P001556,7.0925,1.71,manual_issue,4
BC00002434,BOM0000387,P000932,1.6537,0.16,floor_stock,5
BC00002435,BOM0000387,P001237,0.8612,0.18,floor_stock,6
BC00002436,BOM0000387,P002486,1.6391,1.26,manual_issue,7
BC00002437,BOM0000388,P000821,6.9007,2.26,manual_issue,1
BC00002438,BOM0000388,P002321,1.2823,2.07,manual_issue,2
BC00002439,BOM0000388,P003011,6.475,3.06,backflush,3
BC00002440,BOM0000389,P002311,1.1074,0,floor_stock,1
BC00002441,BOM0000389,P002315,5.0603,2.29,backflush,2
BC00002442,BOM0000389,P001012,3.3425,2.87,manual_issue,3
BC00002443,BOM0000390,P001925,4.5279,1.59,floor_stock,1
BC00002444,BOM0000390,P002733,2.6647,4.34,backflush,2
BC00002445,BOM0000390,P002851,5.0838,2.48,backflush,3
BC00002446,BOM0000391,P000653,6.4925,0,backflush,1
BC00002447,BOM0000391,P001568,2.6155,4.9,backflush,2
BC00002448,BOM0000391,P000763,2.1002,4.11,manual_issue,3
BC00002449,BOM0000392,P001300,4.9133,4.72,manual_issue,1
BC00002450,BOM0000392,P003076,2.3242,3.48,backflush,2
BC00002451,BOM0000392,P001539,1.701,0.09,backflush,3
BC00002452,BOM0000393,P001743,3.9342,5.09,backflush,1
BC00002453,BOM0000393,P003011,7.1923,3.88,backflush,2
BC00002454,BOM0000393,P000808,2.2,3.48,backflush,3
BC00002455,BOM0000393,P001497,4.4852,2.49,floor_stock,4
BC00002456,BOM0000393,P001520,3.6856,0.42,backflush,5
BC00002457,BOM0000393,P002405,2.1713,2.55,manual_issue,6
BC00002458,BOM0000393,P002129,6.0415,3.22,backflush,7
BC00002459,BOM0000393,P002182,2.1946,2.55,manual_issue,8
BC00002460,BOM0000393,P001217,3.89,3.95,backflush,9
BC00002461,BOM0000393,P000725,6.5035,4.6,backflush,10
BC00002462,BOM0000394,P001191,4.0893,5.05,floor_stock,1
BC00002463,BOM0000394,P001484,3.5046,5.2,manual_issue,2
BC00002464,BOM0000394,P001459,4.3176,2.89,backflush,3
BC00002465,BOM0000394,P002204,6.8318,2.42,backflush,4
BC00002466,BOM0000394,P000774,5.0527,4.6,floor_stock,5
BC00002467,BOM0000394,P001697,2.6587,3.79,manual_issue,6
BC00002468,BOM0000395,P002321,6.6111,1.82,backflush,1
BC00002469,BOM0000395,P001753,1.718,3.92,backflush,2
BC00002470,BOM0000395,P001492,4.4875,3.68,backflush,3
BC00002471,BOM0000395,P002073,1.7358,2.73,backflush,4
BC00002472,BOM0000396,P001733,7.4857,4.65,manual_issue,1
BC00002473,BOM0000396,P002908,3.9567,2.79,floor_stock,2
BC00002474,BOM0000396,P001840,6.1959,1.44,manual_issue,3
BC00002475,BOM0000396,P001836,2.4776,0,backflush,4
BC00002476,BOM0000396,P001640,1.8745,1.24,backflush,5
BC00002477,BOM0000396,P001021,3.1581,3.79,backflush,6
BC00002478,BOM0000396,P001307,3.3423,4.18,backflush,7
BC00002479,BOM0000396,P002592,5.8149,0.11,backflush,8
BC00002480,BOM0000396,P002820,2.6315,2.31,backflush,9
BC00002481,BOM0000396,P001259,4.0615,4.24,floor_stock,10
BC00002482,BOM0000397,P002487,6.4174,2.78,floor_stock,1
BC00002483,BOM0000397,P002864,7.3646,1.21,manual_issue,2
BC00002484,BOM0000397,P002521,0.6617,6.03,backflush,3
BC00002485,BOM0000397,P001007,3.4135,2.99,manual_issue,4
BC00002486,BOM0000398,P002793,3.9054,1.71,backflush,1
BC00002487,BOM0000398,P002956,0.908,4.74,manual_issue,2
BC00002488,BOM0000398,P002870,2.7637,2.36,manual_issue,3
BC00002489,BOM0000399,P001516,4.6667,3.42,backflush,1
BC00002490,BOM0000399,P002418,4.2111,2.97,manual_issue,2
BC00002491,BOM0000399,P001717,4.8963,0.44,backflush,3
BC00002492,BOM0000399,P001043,4.3619,2.3,floor_stock,4
BC00002493,BOM0000399,P001524,2.8872,1.72,backflush,5
BC00002494,BOM0000399,P003134,1.2495,2.16,backflush,6
BC00002495,BOM0000399,P003066,5.2335,2.17,backflush,7
BC00002496,BOM0000399,P000709,1.7612,3.49,manual_issue,8
BC00002497,BOM0000400,P002763,4.4447,2.87,backflush,1
BC00002498,BOM0000400,P002771,6.0132,1.69,backflush,2
BC00002499,BOM0000400,P001102,2.1613,2.5,manual_issue,3
BC00002500,BOM0000400,P002568,0.1937,2.64,backflush,4
BC00002501,BOM0000400,P003184,4.5664,4.37,backflush,5
BC00002502,BOM0000401,P001669,4.082,0.67,backflush,1
BC00002503,BOM0000401,P000944,5.7921,1.8,manual_issue,2
BC00002504,BOM0000401,P001834,3.2616,0.98,backflush,3
BC00002505,BOM0000402,P002346,2.6318,2.89,backflush,1
BC00002506,BOM0000402,P001300,0.676,2.53,backflush,2
BC00002507,BOM0000402,P002026,4.5276,0.44,backflush,3
BC00002508,BOM0000403,P002151,1.4659,0.31,floor_stock,1
BC00002509,BOM0000403,P001860,5.9558,2.94,manual_issue,2
BC00002510,BOM0000403,P001435,3.4366,3.24,backflush,3
BC00002511,BOM0000403,P002952,2.2322,3.39,backflush,4
BC00002512,BOM0000404,P001101,4.2664,3.57,backflush,1
BC00002513,BOM0000404,P000732,7.2067,5.02,floor_stock,2
BC00002514,BOM0000404,P000936,0.9576,2.89,backflush,3
BC00002515,BOM0000405,P002090,3.604,2.82,backflush,1
BC00002516,BOM0000405,P002993,1.0543,5.48,backflush,2
BC00002517,BOM0000405,P002677,5.4383,3.09,backflush,3
BC00002518,BOM0000405,P002363,1.5359,2.35,backflush,4
BC00002519,BOM0000405,P001574,1.3405,4.3,manual_issue,5
BC00002520,BOM0000405,P002454,6.2512,1.75,manual_issue,6
BC00002521,BOM0000405,P001181,2.9387,4.9,backflush,7
BC00002522,BOM0000405,P002345,2.011,5.76,floor_stock,8
BC00002523,BOM0000405,P002863,5.9428,3.39,backflush,9
BC00002524,BOM0000405,P002805,1.5182,2.42,manual_issue,10
BC00002525,BOM0000406,P002011,0.7698,1.14,backflush,1
BC00002526,BOM0000406,P003112,5.1051,0.44,backflush,2
BC00002527,BOM0000406,P000803,5.912,3.4,backflush,3
BC00002528,BOM0000406,P001455,5.9704,2.12,backflush,4
BC00002529,BOM0000406,P001988,5.1162,5.18,backflush,5
BC00002530,BOM0000406,P000791,0.622,1.67,backflush,6
BC00002531,BOM0000406,P001402,5.0705,3.29,manual_issue,7
BC00002532,BOM0000406,P002446,0.7895,3.76,backflush,8
BC00002533,BOM0000406,P002584,5.4341,1.57,backflush,9
BC00002534,BOM0000406,P002581,1.453,4.22,backflush,10
BC00002535,BOM0000407,P000660,3.7572,2.29,floor_stock,1
BC00002536,BOM0000407,P001912,5.0212,0.77,backflush,2
BC00002537,BOM0000407,P001660,6.7897,5.53,floor_stock,3
BC00002538,BOM0000408,P002173,0.7721,1.88,backflush,1
BC00002539,BOM0000408,P001692,7.3087,2.26,floor_stock,2
BC00002540,BOM0000408,P002469,5.0806,2.16,manual_issue,3
BC00002541,BOM0000408,P000768,4.6808,2.35,manual_issue,4
BC00002542,BOM0000408,P001886,3.6593,1.66,floor_stock,5
BC00002543,BOM0000408,P002470,7.2082,1.24,backflush,6
BC00002544,BOM0000408,P002839,1.8508,3.89,backflush,7
BC00002545,BOM0000408,P001643,4.522,2.39,manual_issue,8
BC00002546,BOM0000409,P000946,1.5189,0.28,backflush,1
BC00002547,BOM0000409,P002653,6.2122,1.92,backflush,2
BC00002548,BOM0000409,P000651,5.0423,1.71,backflush,3
BC00002549,BOM0000409,P002102,4.0519,0,manual_issue,4
BC00002550,BOM0000409,P000991,7.4976,1.86,backflush,5
BC00002551,BOM0000409,P001338,2.0495,1.63,backflush,6
BC00002552,BOM0000409,P001829,2.8764,3.42,backflush,7
BC00002553,BOM0000409,P002596,7.1488,2.4,backflush,8
BC00002554,BOM0000409,P001035,4.2206,3.22,manual_issue,9
BC00002555,BOM0000409,P001779,1.2187,2.7,floor_stock,10
BC00002556,BOM0000410,P002789,0.4323,0.22,backflush,1
BC00002557,BOM0000410,P000980,0.794,1.44,manual_issue,2
BC00002558,BOM0000410,P001660,2.8637,4.46,floor_stock,3
BC00002559,BOM0000410,P001695,3.684,0.7,backflush,4
BC00002560,BOM0000410,P000841,4.0386,1.79,backflush,5
BC00002561,BOM0000410,P001947,5.8607,3.54,manual_issue,6
BC00002562,BOM0000410,P001100,6.5822,2.91,backflush,7
BC00002563,BOM0000411,P000893,2.9029,5.61,backflush,1
BC00002564,BOM0000411,P001390,3.7837,2.97,manual_issue,2
BC00002565,BOM0000411,P001318,2.7488,1.02,floor_stock,3
BC00002566,BOM0000411,P002171,3.7856,4.68,manual_issue,4
BC00002567,BOM0000411,P001184,7.3783,1.35,backflush,5
BC00002568,BOM0000411,P003059,0.9163,2.67,backflush,6
BC00002569,BOM0000411,P003101,4.318,4.9,manual_issue,7
BC00002570,BOM0000412,P001497,3.6292,0.65,backflush,1
BC00002571,BOM0000412,P002327,3.5867,2.67,floor_stock,2
BC00002572,BOM0000412,P002684,1.1798,1.61,backflush,3
BC00002573,BOM0000412,P002480,1.4644,4.44,floor_stock,4
BC00002574,BOM0000412,P001817,7.4157,2.05,manual_issue,5
BC00002575,BOM0000412,P002930,3.9811,3.64,backflush,6
BC00002576,BOM0000412,P002139,5.3408,2.86,manual_issue,7
BC00002577,BOM0000412,P002101,5.3622,3.41,manual_issue,8
BC00002578,BOM0000413,P002115,2.7478,1.48,backflush,1
BC00002579,BOM0000413,P001267,5.2355,3.28,backflush,2
BC00002580,BOM0000413,P001758,4.1003,2.77,backflush,3
BC00002581,BOM0000413,P002966,4.1407,3.28,manual_issue,4
BC00002582,BOM0000413,P001382,5.5291,4.82,manual_issue,5
BC00002583,BOM0000414,P003041,4.7364,4.97,floor_stock,1
BC00002584,BOM0000414,P001357,0.9039,2.49,manual_issue,2
BC00002585,BOM0000414,P002627,5.2914,3.86,manual_issue,3
BC00002586,BOM0000414,P002555,2.8786,1.98,manual_issue,4
BC00002587,BOM0000414,P002368,3.9551,2.43,manual_issue,5
BC00002588,BOM0000414,P001859,2.34,0.12,backflush,6
BC00002589,BOM0000414,P003184,2.507,4.25,backflush,7
BC00002590,BOM0000414,P003026,7.1561,3.57,backflush,8
BC00002591,BOM0000415,P002355,2.5656,3.02,manual_issue,1
BC00002592,BOM0000415,P002713,6.7639,1.16,backflush,2
BC00002593,BOM0000415,P001149,3.3465,2.27,floor_stock,3
BC00002594,BOM0000415,P002634,0.7532,1.32,floor_stock,4
BC00002595,BOM0000415,P002037,0.9582,4.38,manual_issue,5
BC00002596,BOM0000415,P002086,2.5634,0.78,floor_stock,6
BC00002597,BOM0000416,P002079,1.5792,0.36,manual_issue,1
BC00002598,BOM0000416,P002621,2.1774,4.3,backflush,2
BC00002599,BOM0000416,P003130,2.8788,1.01,manual_issue,3
BC00002600,BOM0000417,P001571,2.9886,4.36,backflush,1
BC00002601,BOM0000417,P002428,6.5418,3.52,floor_stock,2
BC00002602,BOM0000417,P001657,2.506,3.31,floor_stock,3
BC00002603,BOM0000417,P002558,4.2036,0,backflush,4
BC00002604,BOM0000417,P003143,4.5719,0.29,manual_issue,5
BC00002605,BOM0000417,P002717,3.1792,3.78,backflush,6
BC00002606,BOM0000417,P002394,0.6615,4.49,floor_stock,7
BC00002607,BOM0000417,P002442,3.2584,3.69,manual_issue,8
BC00002608,BOM0000418,P002799,1.9232,3.62,manual_issue,1
BC00002609,BOM0000418,P002393,5.1858,3.34,manual_issue,2
BC00002610,BOM0000418,P002439,3.7715,5.09,backflush,3
BC00002611,BOM0000418,P002843,5.7595,2.56,backflush,4
BC00002612,BOM0000418,P001498,2.4479,3.29,manual_issue,5
BC00002613,BOM0000418,P000699,1.7663,3.26,backflush,6
BC00002614,BOM0000418,P002264,1.9749,2.54,backflush,7
BC00002615,BOM0000418,P002328,0.928,2.49,backflush,8
BC00002616,BOM0000418,P000692,6.4931,5.98,backflush,9
BC00002617,BOM0000419,P002788,4.0065,2.48,backflush,1
BC00002618,BOM0000419,P003149,4.2566,3.62,backflush,2
BC00002619,BOM0000419,P000687,5.3503,0,backflush,3
BC00002620,BOM0000419,P002166,6.154,3.22,backflush,4
BC00002621,BOM0000419,P002186,6.3707,0.75,manual_issue,5
BC00002622,BOM0000419,P003124,3.578,2.93,backflush,6
BC00002623,BOM0000420,P001242,3.4873,5.02,backflush,1
BC00002624,BOM0000420,P001143,6.9316,0,backflush,2
BC00002625,BOM0000420,P003055,6.2121,3.31,backflush,3
BC00002626,BOM0000421,P001352,3.4115,1.26,backflush,1
BC00002627,BOM0000421,P000818,3.305,2.19,backflush,2
BC00002628,BOM0000421,P001929,1.0538,2.23,manual_issue,3
BC00002629,BOM0000421,P002959,2.966,1.27,floor_stock,4
BC00002630,BOM0000421,P000703,6.7717,6.1,floor_stock,5
BC00002631,BOM0000422,P002401,7.1816,2.2,backflush,1
BC00002632,BOM0000422,P001592,4.4415,1.81,manual_issue,2
BC00002633,BOM0000422,P002644,1.7351,1.46,backflush,3
BC00002634,BOM0000423,P002692,6.9737,3.88,backflush,1
BC00002635,BOM0000423,P001559,4.8476,3.77,floor_stock,2
BC00002636,BOM0000423,P001923,6.4862,1.7,manual_issue,3
BC00002637,BOM0000423,P002027,4.5704,0.55,backflush,4
BC00002638,BOM0000423,P001395,6.6092,1.2,backflush,5
BC00002639,BOM0000423,P001153,6.3456,2.68,floor_stock,6
BC00002640,BOM0000423,P003033,2.1769,3.74,manual_issue,7
BC00002641,BOM0000423,P001541,0.8576,3.93,backflush,8
BC00002642,BOM0000423,P002181,1.284,2.36,backflush,9
BC00002643,BOM0000424,P001265,1.2429,0.94,manual_issue,1
BC00002644,BOM0000424,P002941,2.0964,5.74,floor_stock,2
BC00002645,BOM0000424,P001270,5.8075,2.67,manual_issue,3
BC00002646,BOM0000424,P000744,3.8149,3.65,backflush,4
BC00002647,BOM0000424,P002483,6.9212,4.04,manual_issue,5
BC00002648,BOM0000424,P002577,4.9054,3.71,floor_stock,6
BC00002649,BOM0000424,P001256,4.39,2.28,backflush,7
BC00002650,BOM0000425,P001959,1.5812,4.1,backflush,1
BC00002651,BOM0000425,P002037,6.3106,2.33,manual_issue,2
BC00002652,BOM0000425,P001097,5.232,5.25,backflush,3
BC00002653,BOM0000425,P001688,5.3124,2.24,backflush,4
BC00002654,BOM0000426,P002794,6.2638,2.39,backflush,1
BC00002655,BOM0000426,P000751,1.0268,2.69,backflush,2
BC00002656,BOM0000426,P000879,2.7625,0.85,manual_issue,3
BC00002657,BOM0000426,P002640,2.9833,3.95,backflush,4
BC00002658,BOM0000426,P002918,4.5636,1.56,floor_stock,5
BC00002659,BOM0000427,P003103,3.4476,2.66,backflush,1
BC00002660,BOM0000427,P002993,4.889,2.21,backflush,2
BC00002661,BOM0000427,P002796,1.7575,4.55,backflush,3
BC00002662,BOM0000427,P002774,3.8084,1.25,floor_stock,4
BC00002663,BOM0000427,P002649,4.0561,6.17,manual_issue,5
BC00002664,BOM0000427,P002782,3.6016,0.92,manual_issue,6
BC00002665,BOM0000427,P000976,4.2659,0.38,backflush,7
BC00002666,BOM0000427,P000948,1.9136,0.95,manual_issue,8
BC00002667,BOM0000427,P002928,1.4341,3.6,manual_issue,9
BC00002668,BOM0000427,P001513,2.904,3.07,backflush,10
BC00002669,BOM0000428,P002734,2.6966,3.9,floor_stock,1
BC00002670,BOM0000428,P001406,3.068,2.82,manual_issue,2
BC00002671,BOM0000428,P002083,6.6236,3.18,backflush,3
BC00002672,BOM0000429,P002935,4.7903,1.3,manual_issue,1
BC00002673,BOM0000429,P002184,5.6556,3.95,backflush,2
BC00002674,BOM0000429,P000663,1.9291,2.65,backflush,3
BC00002675,BOM0000429,P002640,0.337,2.27,backflush,4
BC00002676,BOM0000429,P000802,5.3276,2.05,manual_issue,5
BC00002677,BOM0000430,P002298,4.2674,2.06,manual_issue,1
BC00002678,BOM0000430,P000913,6.0728,2.44,backflush,2
BC00002679,BOM0000430,P002639,0.4064,1.49,backflush,3
BC00002680,BOM0000430,P001322,2.9265,2.58,backflush,4
BC00002681,BOM0000430,P002554,6.2155,2.98,backflush,5
BC00002682,BOM0000431,P002546,5.1169,3.3,backflush,1
BC00002683,BOM0000431,P001153,2.8121,3.19,backflush,2
BC00002684,BOM0000431,P002531,3.7226,4.57,manual_issue,3
BC00002685,BOM0000431,P002067,7.1849,2.64,manual_issue,4
BC00002686,BOM0000431,P001776,7.4028,0.69,manual_issue,5
BC00002687,BOM0000431,P002025,4.4596,1.45,manual_issue,6
BC00002688,BOM0000431,P001569,5.2305,4.23,floor_stock,7
BC00002689,BOM0000431,P003071,4.3053,3.3,backflush,8
BC00002690,BOM0000432,P003057,6.0105,1.22,backflush,1
BC00002691,BOM0000432,P001793,6.3689,3.35,backflush,2
BC00002692,BOM0000432,P002563,0.7405,1.32,backflush,3
BC00002693,BOM0000432,P002098,5.2411,3.58,backflush,4
BC00002694,BOM0000432,P002951,7.3409,3.16,manual_issue,5
BC00002695,BOM0000432,P001856,6.5359,5.17,floor_stock,6
BC00002696,BOM0000432,P000983,0.6628,5.61,backflush,7
BC00002697,BOM0000433,P003163,2.1232,3.89,backflush,1
BC00002698,BOM0000433,P002723,1.3561,6.69,backflush,2
BC00002699,BOM0000433,P001911,6.4568,1.82,manual_issue,3
BC00002700,BOM0000433,P000793,2.1137,4.94,floor_stock,4
BC00002701,BOM0000433,P002192,2.8175,4.2,backflush,5
BC00002702,BOM0000433,P000905,7.0191,1.1,backflush,6
BC00002703,BOM0000433,P002875,2.0215,1.96,backflush,7
BC00002704,BOM0000433,P001767,5.8679,0.37,manual_issue,8
BC00002705,BOM0000433,P002525,3.2104,4.16,backflush,9
BC00002706,BOM0000433,P001315,6.8788,2.89,manual_issue,10
BC00002707,BOM0000434,P002653,3.6333,3.44,backflush,1
BC00002708,BOM0000434,P002341,7.2407,3.32,backflush,2
BC00002709,BOM0000434,P002308,6.4174,1.51,manual_issue,3
BC00002710,BOM0000435,P002819,2.13,0,backflush,1
BC00002711,BOM0000435,P002255,3.9116,1.53,manual_issue,2
BC00002712,BOM0000435,P001496,1.674,1.87,manual_issue,3
BC00002713,BOM0000435,P001066,7.4906,3.24,backflush,4
BC00002714,BOM0000435,P002826,6.9708,4.37,backflush,5
BC00002715,BOM0000435,P001103,1.238,2.18,manual_issue,6
BC00002716,BOM0000435,P001893,3.5162,4.04,manual_issue,7
BC00002717,BOM0000435,P001072,3.4552,1.98,manual_issue,8
BC00002718,BOM0000435,P003033,4.5384,1.68,manual_issue,9
BC00002719,BOM0000435,P001516,5.7625,1.06,manual_issue,10
BC00002720,BOM0000436,P002429,3.9945,3.44,backflush,1
BC00002721,BOM0000436,P001819,1.867,3.09,backflush,2
BC00002722,BOM0000436,P000759,3.5902,4.17,floor_stock,3
BC00002723,BOM0000436,P000706,7.3743,0,manual_issue,4
BC00002724,BOM0000436,P002086,1.4443,1.72,backflush,5
BC00002725,BOM0000436,P002066,0.9227,3.88,floor_stock,6
BC00002726,BOM0000436,P001038,3.9892,5.85,manual_issue,7
BC00002727,BOM0000436,P003121,6.4347,3.8,floor_stock,8
BC00002728,BOM0000437,P002909,2.3723,2.0,floor_stock,1
BC00002729,BOM0000437,P001933,4.4822,2.09,floor_stock,2
BC00002730,BOM0000437,P001390,7.2494,3.84,manual_issue,3
BC00002731,BOM0000437,P002606,1.4374,2.8,manual_issue,4
BC00002732,BOM0000437,P001303,4.5272,2.36,floor_stock,5
BC00002733,BOM0000437,P002438,2.9606,3.07,manual_issue,6
BC00002734,BOM0000438,P001038,2.7234,1.35,manual_issue,1
BC00002735,BOM0000438,P001127,5.3379,3.09,manual_issue,2
BC00002736,BOM0000438,P002682,0.9604,1.95,backflush,3
BC00002737,BOM0000438,P001168,2.9003,4.56,backflush,4
BC00002738,BOM0000438,P003176,2.7965,2.59,backflush,5
BC00002739,BOM0000438,P002583,7.2579,1.32,floor_stock,6
BC00002740,BOM0000438,P000905,3.213,5.0,manual_issue,7
BC00002741,BOM0000438,P002881,0.494,2.11,floor_stock,8
BC00002742,BOM0000439,P002691,6.2009,2.75,backflush,1
BC00002743,BOM0000439,P001518,2.4999,3.35,manual_issue,2
BC00002744,BOM0000439,P000747,4.1059,1.88,manual_issue,3
BC00002745,BOM0000439,P002032,0.9491,4.81,manual_issue,4
BC00002746,BOM0000439,P001293,1.219,2.72,floor_stock,5
BC00002747,BOM0000439,P002417,5.5624,2.34,manual_issue,6
BC00002748,BOM0000440,P002082,6.2179,3.67,manual_issue,1
BC00002749,BOM0000440,P001926,2.5642,3.88,manual_issue,2
BC00002750,BOM0000440,P003169,0.6632,2.86,backflush,3
BC00002751,BOM0000440,P001403,3.0487,2.6,backflush,4
BC00002752,BOM0000440,P002103,4.7794,2.98,backflush,5
BC00002753,BOM0000440,P000828,6.767,0,backflush,6
BC00002754,BOM0000441,P001912,0.8744,3.3,manual_issue,1
BC00002755,BOM0000441,P001131,0.3634,4.78,backflush,2
BC00002756,BOM0000441,P001394,6.9399,5.62,manual_issue,3
BC00002757,BOM0000441,P002314,5.7962,1.64,manual_issue,4
BC00002758,BOM0000442,P001778,0.2918,0,floor_stock,1
BC00002759,BOM0000442,P003082,1.0903,4.64,backflush,2
BC00002760,BOM0000442,P002427,1.5303,0.68,backflush,3
BC00002761,BOM0000442,P000732,6.7149,3.21,manual_issue,4
BC00002762,BOM0000442,P001614,3.2931,3.85,manual_issue,5
BC00002763,BOM0000442,P001564,3.727,3.9,backflush,6
BC00002764,BOM0000442,P002013,3.1391,2.01,backflush,7
BC00002765,BOM0000442,P001514,6.8018,4.12,manual_issue,8
BC00002766,BOM0000442,P000713,5.3263,5.46,manual_issue,9
BC00002767,BOM0000443,P001263,2.5774,5.67,manual_issue,1
BC00002768,BOM0000443,P001259,2.8542,2.64,backflush,2
BC00002769,BOM0000443,P003061,7.0317,3.76,manual_issue,3
BC00002770,BOM0000443,P002020,4.8986,1.95,floor_stock,4
BC00002771,BOM0000443,P002880,0.1741,2.04,backflush,5
BC00002772,BOM0000443,P001438,3.0593,3.26,backflush,6
BC00002773,BOM0000444,P001967,0.683,2.37,backflush,1
BC00002774,BOM0000444,P000710,0.9441,1.15,backflush,2
BC00002775,BOM0000444,P001070,6.7266,2.25,manual_issue,3
BC00002776,BOM0000444,P000986,7.0372,0.92,backflush,4
BC00002777,BOM0000445,P000960,4.9833,2.48,floor_stock,1
BC00002778,BOM0000445,P002469,6.5469,3.19,manual_issue,2
BC00002779,BOM0000445,P002461,1.5655,4.54,manual_issue,3
BC00002780,BOM0000445,P001050,2.7825,3.62,backflush,4
BC00002781,BOM0000445,P002775,2.6076,4.4,manual_issue,5
BC00002782,BOM0000446,P003100,6.9632,2.93,backflush,1
BC00002783,BOM0000446,P003197,0.9254,0.46,floor_stock,2
BC00002784,BOM0000446,P002681,4.3714,3.9,backflush,3
BC00002785,BOM0000446,P002436,1.2697,0.54,manual_issue,4
BC00002786,BOM0000446,P002968,4.7809,0,manual_issue,5
BC00002787,BOM0000446,P000854,4.414,3.9,backflush,6
BC00002788,BOM0000446,P003033,0.8068,4.33,manual_issue,7
BC00002789,BOM0000446,P002428,2.2534,5.43,backflush,8
BC00002790,BOM0000446,P001082,6.0167,1.67,manual_issue,9
BC00002791,BOM0000446,P001644,3.5719,1.87,backflush,10
BC00002792,BOM0000447,P002136,3.0257,3.72,backflush,1
BC00002793,BOM0000447,P000917,6.6499,2.35,manual_issue,2
BC00002794,BOM0000447,P002491,1.3326,5.51,manual_issue,3
BC00002795,BOM0000447,P001564,6.5111,2.13,backflush,4
BC00002796,BOM0000447,P000983,1.843,0.69,manual_issue,5
BC00002797,BOM0000447,P001370,0.6195,0,manual_issue,6
BC00002798,BOM0000447,P002269,6.5236,1.78,backflush,7
BC00002799,BOM0000447,P000767,0.3058,2.66,manual_issue,8
BC00002800,BOM0000447,P003198,6.2874,2.19,backflush,9
BC00002801,BOM0000447,P002600,5.5076,1.28,backflush,10
BC00002802,BOM0000448,P000834,2.5049,3.59,floor_stock,1
BC00002803,BOM0000448,P002634,7.349,5.13,backflush,2
BC00002804,BOM0000448,P000914,5.9856,3.15,backflush,3
BC00002805,BOM0000448,P003074,6.7456,2.73,backflush,4
BC00002806,BOM0000449,P001292,3.3021,2.97,backflush,1
BC00002807,BOM0000449,P002437,1.5447,1.23,manual_issue,2
BC00002808,BOM0000449,P002430,7.0346,3.28,backflush,3
BC00002809,BOM0000449,P000740,1.4267,3.18,backflush,4
BC00002810,BOM0000449,P002277,3.2445,5.34,backflush,5
BC00002811,BOM0000449,P001321,1.1147,1.42,manual_issue,6
BC00002812,BOM0000450,P001433,2.9323,1.52,floor_stock,1
BC00002813,BOM0000450,P001287,4.8506,3.59,manual_issue,2
BC00002814,BOM0000450,P001259,0.5769,0.92,backflush,3
BC00002815,BOM0000450,P002125,6.139,2.46,manual_issue,4
BC00002816,BOM0000450,P002114,1.6985,2.58,manual_issue,5
BC00002817,BOM0000450,P002592,2.3034,4.69,backflush,6
BC00002818,BOM0000451,P001208,5.4733,1.63,manual_issue,1
BC00002819,BOM0000451,P001197,1.1762,1.99,backflush,2
BC00002820,BOM0000451,P002264,5.5922,1.52,backflush,3
BC00002821,BOM0000451,P002861,4.7158,1.98,backflush,4
BC00002822,BOM0000451,P002819,3.5901,3.07,backflush,5
BC00002823,BOM0000451,P000695,2.7514,2.59,backflush,6
BC00002824,BOM0000451,P000745,5.7823,3.47,backflush,7
BC00002825,BOM0000451,P002825,2.9324,2.62,floor_stock,8
BC00002826,BOM0000452,P002250,4.648,1.37,backflush,1
BC00002827,BOM0000452,P002426,2.5883,4.18,floor_stock,2
BC00002828,BOM0000452,P002413,7.0074,1.8,backflush,3
BC00002829,BOM0000452,P001824,0.4846,1.63,floor_stock,4
BC00002830,BOM0000453,P002913,2.5087,1.43,backflush,1
BC00002831,BOM0000453,P001635,5.8704,5.13,manual_issue,2
BC00002832,BOM0000453,P001895,7.4804,1.73,backflush,3
BC00002833,BOM0000453,P002937,0.6126,3.07,manual_issue,4
BC00002834,BOM0000453,P001505,5.6969,2.83,manual_issue,5
BC00002835,BOM0000454,P001135,0.6824,4.76,backflush,1
BC00002836,BOM0000454,P001263,2.0168,4.74,floor_stock,2
BC00002837,BOM0000454,P001855,4.3519,4.44,backflush,3
BC00002838,BOM0000455,P003054,2.8422,1.37,floor_stock,1
BC00002839,BOM0000455,P001385,5.4124,0.18,manual_issue,2
BC00002840,BOM0000455,P002804,0.49,3.43,backflush,3
BC00002841,BOM0000455,P001667,6.9241,2.81,backflush,4
BC00002842,BOM0000455,P001008,3.7282,3.39,backflush,5
BC00002843,BOM0000455,P000781,6.4285,3.15,backflush,6
BC00002844,BOM0000455,P002821,0.891,0.88,floor_stock,7
BC00002845,BOM0000455,P001994,7.012,3.77,backflush,8
BC00002846,BOM0000455,P002886,2.8089,2.56,backflush,9
BC00002847,BOM0000456,P001359,0.8473,0.69,backflush,1
BC00002848,BOM0000456,P002482,2.2962,1.86,backflush,2
BC00002849,BOM0000456,P000726,4.4345,4.33,backflush,3
BC00002850,BOM0000456,P002974,1.7309,3.71,backflush,4
BC00002851,BOM0000456,P001003,6.5542,2.67,floor_stock,5
BC00002852,BOM0000456,P001286,3.3668,4.32,floor_stock,6
BC00002853,BOM0000456,P002035,2.4008,1.01,manual_issue,7
BC00002854,BOM0000456,P001973,0.9948,3.65,backflush,8
BC00002855,BOM0000456,P002487,0.7929,2.37,backflush,9
BC00002856,BOM0000456,P002105,6.8704,2.39,backflush,10
BC00002857,BOM0000457,P002971,3.0293,2.97,backflush,1
BC00002858,BOM0000457,P002601,0.3856,1.48,manual_issue,2
BC00002859,BOM0000457,P003134,4.6158,2.63,backflush,3
BC00002860,BOM0000457,P002553,4.6176,3.44,floor_stock,4
BC00002861,BOM0000458,P001753,4.3787,0.24,backflush,1
BC00002862,BOM0000458,P001718,0.831,2.78,backflush,2
BC00002863,BOM0000458,P002955,5.566,1.87,backflush,3
BC00002864,BOM0000458,P002125,7.0851,2.67,manual_issue,4
BC00002865,BOM0000458,P000678,6.6809,0.94,floor_stock,5
BC00002866,BOM0000458,P002844,5.0505,0.63,backflush,6
BC00002867,BOM0000458,P002560,6.5287,3.47,backflush,7
BC00002868,BOM0000459,P002150,5.7189,2.42,manual_issue,1
BC00002869,BOM0000459,P002041,4.94,2.07,floor_stock,2
BC00002870,BOM0000459,P003082,5.3921,1.72,backflush,3
BC00002871,BOM0000460,P001239,4.7356,2.26,manual_issue,1
BC00002872,BOM0000460,P002889,3.7842,2.08,backflush,2
BC00002873,BOM0000460,P000839,5.4927,5.06,backflush,3
BC00002874,BOM0000460,P003076,1.7241,3.49,floor_stock,4
BC00002875,BOM0000460,P001559,3.9335,0.46,backflush,5
BC00002876,BOM0000460,P002697,2.4868,1.54,backflush,6
BC00002877,BOM0000460,P002804,2.3924,3.19,manual_issue,7
BC00002878,BOM0000460,P001202,2.8563,3.65,backflush,8
BC00002879,BOM0000460,P000780,7.3179,4.61,backflush,9
BC00002880,BOM0000460,P003017,6.3527,2.23,manual_issue,10
BC00002881,BOM0000461,P000836,0.6724,4.32,floor_stock,1
BC00002882,BOM0000461,P002520,0.328,2.38,backflush,2
BC00002883,BOM0000461,P002245,0.4867,1.54,backflush,3
BC00002884,BOM0000461,P001948,2.0392,3.51,manual_issue,4
BC00002885,BOM0000461,P001900,1.3444,2.69,backflush,5
BC00002886,BOM0000461,P001735,4.1083,1.68,manual_issue,6
BC00002887,BOM0000461,P000726,4.8099,0.39,backflush,7
BC00002888,BOM0000461,P001854,4.279,1.58,backflush,8
BC00002889,BOM0000462,P001596,2.5484,2.58,backflush,1
BC00002890,BOM0000462,P002433,1.6224,2.82,manual_issue,2
BC00002891,BOM0000462,P002103,2.1689,1.64,backflush,3
BC00002892,BOM0000462,P001555,4.1493,2.76,manual_issue,4
BC00002893,BOM0000462,P001518,5.3865,3.86,manual_issue,5
BC00002894,BOM0000462,P001162,3.2458,4.15,floor_stock,6
BC00002895,BOM0000462,P002944,2.1126,0,backflush,7
BC00002896,BOM0000463,P001770,2.1475,0,backflush,1
BC00002897,BOM0000463,P002703,4.6131,3.88,manual_issue,2
BC00002898,BOM0000463,P000884,7.4002,1.55,backflush,3
BC00002899,BOM0000463,P001492,4.5601,3.94,backflush,4
BC00002900,BOM0000463,P001880,1.7901,3.81,backflush,5
BC00002901,BOM0000463,P001012,0.6257,2.84,backflush,6
BC00002902,BOM0000464,P002346,1.1439,0.42,floor_stock,1
BC00002903,BOM0000464,P001153,0.2758,3.68,backflush,2
BC00002904,BOM0000464,P002624,4.0643,0.35,manual_issue,3
BC00002905,BOM0000464,P002503,0.2597,2.09,manual_issue,4
BC00002906,BOM0000464,P002620,5.2794,4.4,backflush,5
BC00002907,BOM0000464,P000768,4.6843,3.45,backflush,6
BC00002908,BOM0000464,P002505,2.6001,3.43,backflush,7
BC00002909,BOM0000464,P002833,2.227,2.66,backflush,8
BC00002910,BOM0000464,P001465,6.6273,1.67,backflush,9
BC00002911,BOM0000465,P001591,1.4373,3.41,backflush,1
BC00002912,BOM0000465,P002344,4.3381,3.16,manual_issue,2
BC00002913,BOM0000465,P001772,0.7941,2.51,backflush,3
BC00002914,BOM0000465,P001436,6.8732,3.56,backflush,4
BC00002915,BOM0000465,P002199,1.0902,1.65,backflush,5
BC00002916,BOM0000465,P002029,7.2649,1.38,backflush,6
BC00002917,BOM0000466,P001426,0.5467,2.9,backflush,1
BC00002918,BOM0000466,P000655,4.9723,3.49,backflush,2
BC00002919,BOM0000466,P002911,4.2916,0,backflush,3
BC00002920,BOM0000466,P000671,3.1693,1.89,backflush,4
BC00002921,BOM0000466,P001488,2.3504,1.39,manual_issue,5
BC00002922,BOM0000466,P000790,6.3873,5.9,floor_stock,6
BC00002923,BOM0000466,P001242,3.0655,3.08,backflush,7
BC00002924,BOM0000467,P002365,5.9716,2.22,manual_issue,1
BC00002925,BOM0000467,P001643,0.9814,2.35,floor_stock,2
BC00002926,BOM0000467,P001585,2.2236,5.37,backflush,3
BC00002927,BOM0000467,P001702,2.4857,1.26,floor_stock,4
BC00002928,BOM0000467,P002593,6.5974,1.4,backflush,5
BC00002929,BOM0000467,P002384,1.8621,1.44,backflush,6
BC00002930,BOM0000467,P002487,5.5204,0.98,backflush,7
BC00002931,BOM0000467,P000905,2.159,3.62,backflush,8
BC00002932,BOM0000467,P001669,7.3659,3.16,manual_issue,9
BC00002933,BOM0000468,P002512,6.3145,2.62,manual_issue,1
BC00002934,BOM0000468,P003175,3.7303,1.84,backflush,2
BC00002935,BOM0000468,P001164,1.8945,3.06,backflush,3
BC00002936,BOM0000469,P001553,3.2502,0.39,manual_issue,1
BC00002937,BOM0000469,P001636,3.3948,1.64,manual_issue,2
BC00002938,BOM0000469,P001205,3.2976,0.6,floor_stock,3
BC00002939,BOM0000469,P002430,2.1084,1.22,backflush,4
BC00002940,BOM0000469,P002952,3.6726,0.17,backflush,5
BC00002941,BOM0000469,P002878,5.4868,3.11,backflush,6
BC00002942,BOM0000469,P001644,1.9455,3.37,manual_issue,7
BC00002943,BOM0000470,P001555,6.3759,1.61,backflush,1
BC00002944,BOM0000470,P000931,5.375,3.93,backflush,2
BC00002945,BOM0000470,P001486,5.6683,4.97,backflush,3
BC00002946,BOM0000470,P001134,7.2657,4.4,backflush,4
BC00002947,BOM0000470,P001052,2.8143,4.76,backflush,5
BC00002948,BOM0000470,P001847,7.2275,5.6,backflush,6
BC00002949,BOM0000470,P001352,1.9147,3.38,manual_issue,7
BC00002950,BOM0000470,P000749,6.6954,3.9,backflush,8
BC00002951,BOM0000470,P001954,2.9356,3.29,backflush,9
BC00002952,BOM0000471,P001124,4.2989,2.16,floor_stock,1
BC00002953,BOM0000471,P000948,2.306,3.0,manual_issue,2
BC00002954,BOM0000471,P003193,4.8509,1.06,floor_stock,3
BC00002955,BOM0000472,P000770,4.44,4.27,backflush,1
BC00002956,BOM0000472,P001828,0.5648,2.43,backflush,2
BC00002957,BOM0000472,P001999,5.1146,3.1,floor_stock,3
BC00002958,BOM0000472,P002563,3.1011,0.26,manual_issue,4
BC00002959,BOM0000472,P002963,4.1278,0,floor_stock,5
BC00002960,BOM0000472,P002263,4.1109,4.25,backflush,6
BC00002961,BOM0000472,P002581,2.7191,2.37,backflush,7
BC00002962,BOM0000473,P001719,3.0212,1.58,floor_stock,1
BC00002963,BOM0000473,P000666,4.5024,2.6,floor_stock,2
BC00002964,BOM0000473,P002378,4.3229,3.46,backflush,3
BC00002965,BOM0000473,P002689,5.7229,2.0,manual_issue,4
BC00002966,BOM0000473,P000787,5.9225,3.69,manual_issue,5
BC00002967,BOM0000473,P002762,4.3148,4.24,backflush,6
BC00002968,BOM0000473,P001444,5.4571,1.39,manual_issue,7
BC00002969,BOM0000474,P001499,3.5401,2.13,backflush,1
BC00002970,BOM0000474,P002656,3.9541,3.35,floor_stock,2
BC00002971,BOM0000474,P002071,2.3078,1.76,manual_issue,3
BC00002972,BOM0000474,P002957,3.0993,3.4,backflush,4
BC00002973,BOM0000475,P000921,0.7288,2.93,backflush,1
BC00002974,BOM0000475,P002039,0.9242,2.69,backflush,2
BC00002975,BOM0000475,P002482,2.9605,0,backflush,3
BC00002976,BOM0000475,P002566,4.8565,1.74,manual_issue,4
BC00002977,BOM0000475,P000992,5.0432,3.49,backflush,5
BC00002978,BOM0000475,P001771,5.0483,0.82,floor_stock,6
BC00002979,BOM0000475,P000775,3.3649,6.63,manual_issue,7
BC00002980,BOM0000475,P000784,2.6276,4.45,backflush,8
BC00002981,BOM0000476,P001723,4.0345,2.51,floor_stock,1
BC00002982,BOM0000476,P001920,6.2879,3.99,floor_stock,2
BC00002983,BOM0000476,P001070,3.24,4.48,manual_issue,3
BC00002984,BOM0000476,P003091,0.6903,2.15,backflush,4
BC00002985,BOM0000476,P001651,4.8645,3.33,backflush,5
BC00002986,BOM0000476,P002774,7.0376,3.98,backflush,6
BC00002987,BOM0000476,P000772,6.4761,2.43,backflush,7
BC00002988,BOM0000476,P003175,1.8847,0.65,floor_stock,8
BC00002989,BOM0000476,P001054,5.5261,3.03,manual_issue,9
BC00002990,BOM0000476,P001812,2.3096,0,backflush,10
BC00002991,BOM0000477,P002315,1.8358,1.35,floor_stock,1
BC00002992,BOM0000477,P000947,4.5218,2.27,backflush,2
BC00002993,BOM0000477,P002099,2.6036,1.43,manual_issue,3
BC00002994,BOM0000477,P001315,2.8305,4.19,backflush,4
BC00002995,BOM0000477,P000685,1.4337,2.78,backflush,5
BC00002996,BOM0000477,P003162,7.1272,4.85,manual_issue,6
BC00002997,BOM0000477,P001333,4.7721,2.81,floor_stock,7
BC00002998,BOM0000478,P002447,6.9829,3.18,backflush,1
BC00002999,BOM0000478,P001852,1.7906,3.05,floor_stock,2
BC00003000,BOM0000478,P001281,7.2948,3.56,manual_issue,3
BC00003001,BOM0000478,P002745,6.529,1.18,backflush,4
BC00003002,BOM0000478,P001925,4.7781,3.85,backflush,5
BC00003003,BOM0000478,P002814,0.8791,4.46,backflush,6
BC00003004,BOM0000478,P002488,4.0569,3.82,backflush,7
BC00003005,BOM0000478,P003084,1.5138,3.75,backflush,8
BC00003006,BOM0000478,P001178,1.3991,1.54,backflush,9
BC00003007,BOM0000479,P002163,1.3858,0.96,floor_stock,1
BC00003008,BOM0000479,P002474,0.8942,1.88,manual_issue,2
BC00003009,BOM0000479,P000848,6.9513,1.98,backflush,3
BC00003010,BOM0000479,P000781,6.0542,2.65,manual_issue,4
BC00003011,BOM0000480,P001612,6.2373,5.7,manual_issue,1
BC00003012,BOM0000480,P003102,6.3064,3.05,backflush,2
BC00003013,BOM0000480,P001028,3.0104,2.44,manual_issue,3
BC00003014,BOM0000480,P002292,3.2941,2.86,backflush,4
BC00003015,BOM0000480,P001855,6.0711,2.23,backflush,5
BC00003016,BOM0000480,P001098,3.872,3.68,backflush,6
BC00003017,BOM0000480,P001239,4.565,2.89,backflush,7
BC00003018,BOM0000480,P001790,5.7315,2.76,backflush,8
BC00003019,BOM0000480,P001877,5.193,3.31,manual_issue,9
BC00003020,BOM0000481,P001074,0.407,3.14,backflush,1
BC00003021,BOM0000481,P001340,0.6465,2.72,backflush,2
BC00003022,BOM0000481,P002366,4.8417,3.53,backflush,3
BC00003023,BOM0000481,P001540,1.8109,0.98,backflush,4
BC00003024,BOM0000481,P001402,3.3281,2.18,manual_issue,5
BC00003025,BOM0000481,P002463,3.7314,2.77,floor_stock,6
BC00003026,BOM0000481,P001595,3.3906,3.84,backflush,7
BC00003027,BOM0000481,P002043,4.3529,3.57,manual_issue,8
BC00003028,BOM0000481,P002873,4.6112,3.87,backflush,9
BC00003029,BOM0000481,P002786,3.8487,1.99,backflush,10
BC00003030,BOM0000482,P002202,4.516,2.83,manual_issue,1
BC00003031,BOM0000482,P002282,1.1041,3.1,manual_issue,2
BC00003032,BOM0000482,P002295,2.185,3.53,backflush,3
BC00003033,BOM0000482,P002791,1.2282,3.47,backflush,4
BC00003034,BOM0000482,P001091,3.8423,3.46,backflush,5
BC00003035,BOM0000482,P002874,1.6273,3.92,floor_stock,6
BC00003036,BOM0000482,P000879,0.8643,0,backflush,7
BC00003037,BOM0000482,P001732,0.3392,2.82,backflush,8
BC00003038,BOM0000482,P001561,5.0061,3.92,floor_stock,9
BC00003039,BOM0000483,P001159,7.1182,3.33,backflush,1
BC00003040,BOM0000483,P000759,0.7359,4.67,backflush,2
BC00003041,BOM0000483,P001663,0.9162,4.57,floor_stock,3
BC00003042,BOM0000483,P002135,4.9754,3.47,backflush,4
BC00003043,BOM0000483,P001910,2.5626,6.27,backflush,5
BC00003044,BOM0000483,P002586,0.9831,3.92,floor_stock,6
BC00003045,BOM0000484,P001616,4.237,6.83,backflush,1
BC00003046,BOM0000484,P002792,2.2092,3.76,backflush,2
BC00003047,BOM0000484,P001559,0.9769,1.84,backflush,3
BC00003048,BOM0000484,P001096,0.2644,2.25,backflush,4
BC00003049,BOM0000484,P002276,5.8373,4.32,manual_issue,5
BC00003050,BOM0000484,P001065,7.0505,2.57,backflush,6
BC00003051,BOM0000484,P001553,3.2482,6.09,manual_issue,7
BC00003052,BOM0000484,P001546,1.6679,2.2,floor_stock,8
BC00003053,BOM0000484,P000868,3.2986,4.6,floor_stock,9
BC00003054,BOM0000484,P001673,3.3332,0.1,floor_stock,10
BC00003055,BOM0000485,P001267,5.9106,4.61,manual_issue,1
BC00003056,BOM0000485,P001473,3.1025,3.64,manual_issue,2
BC00003057,BOM0000485,P001852,3.7076,3.11,floor_stock,3
BC00003058,BOM0000485,P001047,5.3982,2.11,backflush,4
BC00003059,BOM0000486,P000666,6.042,3.57,backflush,1
BC00003060,BOM0000486,P001177,4.7556,2.91,backflush,2
BC00003061,BOM0000486,P001670,4.6531,1.45,backflush,3
BC00003062,BOM0000487,P002498,0.3678,2.33,backflush,1
BC00003063,BOM0000487,P001868,4.7498,2.59,manual_issue,2
BC00003064,BOM0000487,P002577,6.7629,1.4,manual_issue,3
BC00003065,BOM0000487,P002859,2.7893,3.83,backflush,4
BC00003066,BOM0000487,P000868,0.1523,5.39,manual_issue,5
BC00003067,BOM0000487,P002227,4.917,6.54,backflush,6
BC00003068,BOM0000487,P001931,3.1116,3.12,backflush,7
BC00003069,BOM0000487,P001746,6.2498,5.65,manual_issue,8
BC00003070,BOM0000487,P000982,6.8195,2.7,manual_issue,9
BC00003071,BOM0000487,P001568,1.531,2.65,backflush,10
BC00003072,BOM0000488,P001877,6.5829,4.94,manual_issue,1
BC00003073,BOM0000488,P003161,1.599,1.57,floor_stock,2
BC00003074,BOM0000488,P002749,1.1931,3.32,backflush,3
BC00003075,BOM0000488,P000697,2.6397,4.52,backflush,4
BC00003076,BOM0000488,P001016,2.4698,2.75,manual_issue,5
BC00003077,BOM0000488,P000683,0.4216,3.75,backflush,6
BC00003078,BOM0000488,P002548,2.8031,3.42,backflush,7
BC00003079,BOM0000488,P001744,1.8169,3.94,manual_issue,8
BC00003080,BOM0000488,P001564,2.9362,3.86,backflush,9
BC00003081,BOM0000488,P003154,1.3289,1.54,backflush,10
BC00003082,BOM0000489,P000921,7.0649,3.95,backflush,1
BC00003083,BOM0000489,P001698,4.6497,2.23,backflush,2
BC00003084,BOM0000489,P001806,6.3613,3.87,manual_issue,3
BC00003085,BOM0000489,P000849,7.4886,1.94,manual_issue,4
BC00003086,BOM0000489,P000915,2.1299,3.55,backflush,5
BC00003087,BOM0000489,P002885,7.4708,0,manual_issue,6
BC00003088,BOM0000489,P000918,1.8961,2.32,manual_issue,7
BC00003089,BOM0000489,P001351,5.9266,0.5,backflush,8
BC00003090,BOM0000489,P001420,6.0286,1.5,floor_stock,9
BC00003091,BOM0000490,P001652,3.1654,2.44,manual_issue,1
BC00003092,BOM0000490,P002112,0.3691,1.8,backflush,2
BC00003093,BOM0000490,P002753,4.7922,2.01,manual_issue,3
BC00003094,BOM0000490,P002867,1.3973,4.1,backflush,4
BC00003095,BOM0000490,P001530,7.0629,1.43,manual_issue,5
BC00003096,BOM0000490,P002402,1.4817,3.14,manual_issue,6
BC00003097,BOM0000490,P002174,1.5957,3.67,floor_stock,7
BC00003098,BOM0000491,P002627,1.2802,2.03,manual_issue,1
BC00003099,BOM0000491,P002217,6.3887,3.32,floor_stock,2
BC00003100,BOM0000491,P003014,4.3554,0.24,manual_issue,3
BC00003101,BOM0000491,P000681,0.3627,4.45,backflush,4
BC00003102,BOM0000491,P002393,3.8516,3.39,manual_issue,5
BC00003103,BOM0000492,P002879,2.0601,4.66,manual_issue,1
BC00003104,BOM0000492,P000754,5.5549,3.66,backflush,2
BC00003105,BOM0000492,P000876,1.0523,3.52,manual_issue,3
BC00003106,BOM0000493,P002362,6.7437,3.63,floor_stock,1
BC00003107,BOM0000493,P001963,4.7133,1.88,manual_issue,2
BC00003108,BOM0000493,P000888,3.3008,2.84,floor_stock,3
BC00003109,BOM0000493,P001917,2.8576,3.0,backflush,4
BC00003110,BOM0000493,P000978,2.7809,1.15,backflush,5
BC00003111,BOM0000493,P001411,4.2219,3.17,backflush,6
BC00003112,BOM0000493,P001376,1.0975,4.32,floor_stock,7
BC00003113,BOM0000493,P001416,7.3518,3.23,manual_issue,8
BC00003114,BOM0000493,P001516,4.0337,4.66,floor_stock,9
BC00003115,BOM0000493,P001830,7.3225,4.29,manual_issue,10
BC00003116,BOM0000494,P002721,4.7448,4.44,manual_issue,1
BC00003117,BOM0000494,P000747,3.8769,1.47,floor_stock,2
BC00003118,BOM0000494,P002580,1.4333,1.99,backflush,3
BC00003119,BOM0000494,P001844,0.7198,3.5,backflush,4
BC00003120,BOM0000494,P002253,4.5266,1.48,backflush,5
BC00003121,BOM0000494,P001185,5.1088,5.23,manual_issue,6
BC00003122,BOM0000494,P002353,5.2386,3.14,backflush,7
BC00003123,BOM0000495,P002996,4.9277,2.67,manual_issue,1
BC00003124,BOM0000495,P002019,5.9757,1.87,backflush,2
BC00003125,BOM0000495,P001165,1.8686,4.43,backflush,3
BC00003126,BOM0000495,P002726,5.6206,4.04,manual_issue,4
BC00003127,BOM0000495,P001147,2.6089,1.63,backflush,5
BC00003128,BOM0000496,P003072,7.1367,4.05,backflush,1
BC00003129,BOM0000496,P000837,0.5315,1.29,floor_stock,2
BC00003130,BOM0000496,P002722,4.1123,3.05,backflush,3
BC00003131,BOM0000496,P001769,6.1028,2.61,backflush,4
BC00003132,BOM0000496,P001866,2.4781,3.37,manual_issue,5
BC00003133,BOM0000496,P002312,2.7896,0.01,backflush,6
BC00003134,BOM0000496,P001645,6.9835,1.86,floor_stock,7
BC00003135,BOM0000496,P001080,1.7258,0,floor_stock,8
BC00003136,BOM0000497,P002585,3.7375,0,backflush,1
BC00003137,BOM0000497,P001892,6.6078,1.73,backflush,2
BC00003138,BOM0000497,P002305,2.8197,4.42,floor_stock,3
BC00003139,BOM0000497,P001699,1.5637,4.07,floor_stock,4
BC00003140,BOM0000497,P001169,4.461,2.31,backflush,5
BC00003141,BOM0000497,P000796,6.6563,1.73,backflush,6
BC00003142,BOM0000498,P002320,3.1857,2.22,backflush,1
BC00003143,BOM0000498,P001971,5.3908,3.36,manual_issue,2
BC00003144,BOM0000498,P001482,0.2258,4.57,floor_stock,3
BC00003145,BOM0000498,P001847,2.4915,1.86,manual_issue,4
BC00003146,BOM0000499,P001392,1.3321,4.55,floor_stock,1
BC00003147,BOM0000499,P002504,0.1584,1.6,backflush,2
BC00003148,BOM0000499,P001765,6.4264,3.85,backflush,3
BC00003149,BOM0000499,P002984,6.3594,4.4,manual_issue,4
BC00003150,BOM0000499,P002102,0.8023,2.97,manual_issue,5
BC00003151,BOM0000499,P001345,0.8983,4.15,manual_issue,6
BC00003152,BOM0000499,P002403,2.5375,3.8,backflush,7
BC00003153,BOM0000499,P002079,1.5535,3.12,backflush,8
BC00003154,BOM0000499,P002691,4.3313,4.17,backflush,9
BC00003155,BOM0000500,P001469,7.4833,3.17,backflush,1
BC00003156,BOM0000500,P000943,3.2779,3.05,backflush,2
BC00003157,BOM0000500,P000824,4.4279,0.89,backflush,3
BC00003158,BOM0000500,P002742,2.1032,2.04,backflush,4
BC00003159,BOM0000500,P002292,3.8089,4.48,manual_issue,5
BC00003160,BOM0000500,P001784,4.9511,3.79,manual_issue,6
BC00003161,BOM0000500,P000668,1.897,1.76,backflush,7
BC00003162,BOM0000500,P001930,2.9505,4.66,backflush,8
BC00003163,BOM0000500,P003189,2.8816,2.07,manual_issue,9
BC00003164,BOM0000501,P001159,2.4475,3.19,backflush,1
BC00003165,BOM0000501,P002324,1.9496,4.72,floor_stock,2
BC00003166,BOM0000501,P001829,4.9197,1.51,backflush,3
BC00003167,BOM0000501,P001359,0.926,4.54,backflush,4
BC00003168,BOM0000502,P000963,2.6476,1.87,backflush,1
BC00003169,BOM0000502,P001084,6.2858,2.6,backflush,2
BC00003170,BOM0000502,P002717,2.4888,6.43,floor_stock,3
BC00003171,BOM0000502,P001869,4.1649,0,manual_issue,4
BC00003172,BOM0000502,P000735,4.2225,3.47,manual_issue,5
BC00003173,BOM0000503,P000932,1.9361,5.37,manual_issue,1
BC00003174,BOM0000503,P002511,0.3549,1.37,backflush,2
BC00003175,BOM0000503,P001151,1.787,5.4,manual_issue,3
BC00003176,BOM0000504,P002606,1.9481,1.3,manual_issue,1
BC00003177,BOM0000504,P002074,7.1736,5.02,floor_stock,2
BC00003178,BOM0000504,P002652,1.954,3.29,manual_issue,3
BC00003179,BOM0000504,P002507,4.5315,4.3,backflush,4
BC00003180,BOM0000505,P000891,3.8902,5.37,backflush,1
BC00003181,BOM0000505,P001341,4.3811,3.94,backflush,2
BC00003182,BOM0000505,P001330,6.0227,1.33,backflush,3
BC00003183,BOM0000505,P001684,4.7502,1.89,backflush,4
BC00003184,BOM0000506,P001050,0.3936,3.52,backflush,1
BC00003185,BOM0000506,P002760,5.0205,4.55,backflush,2
BC00003186,BOM0000506,P001003,6.4336,0.61,backflush,3
BC00003187,BOM0000506,P001369,5.3075,2.27,backflush,4
BC00003188,BOM0000506,P001263,5.0782,3.25,backflush,5
BC00003189,BOM0000506,P002042,2.9224,2.92,manual_issue,6
BC00003190,BOM0000507,P001322,2.9136,5.43,backflush,1
BC00003191,BOM0000507,P001859,4.5963,3.42,backflush,2
BC00003192,BOM0000507,P001461,4.4586,2.35,floor_stock,3
BC00003193,BOM0000507,P000741,6.36,1.15,backflush,4
BC00003194,BOM0000507,P001911,2.7599,3.25,floor_stock,5
BC00003195,BOM0000508,P001357,5.1262,3.84,floor_stock,1
BC00003196,BOM0000508,P001708,0.6887,4.15,backflush,2
BC00003197,BOM0000508,P001571,3.6479,0.41,manual_issue,3
BC00003198,BOM0000509,P001883,7.4906,0.92,floor_stock,1
BC00003199,BOM0000509,P000677,2.8331,4.58,backflush,2
BC00003200,BOM0000509,P001945,5.4831,1.81,floor_stock,3
BC00003201,BOM0000509,P001751,4.9326,3.34,floor_stock,4
BC00003202,BOM0000509,P000669,1.218,2.72,manual_issue,5
BC00003203,BOM0000509,P001996,0.9296,4.19,backflush,6
BC00003204,BOM0000509,P001031,2.7623,0.17,manual_issue,7
BC00003205,BOM0000509,P001891,5.093,4.4,manual_issue,8
BC00003206,BOM0000510,P001492,4.2902,2.41,manual_issue,1
BC00003207,BOM0000510,P002115,3.55,1.98,manual_issue,2
BC00003208,BOM0000510,P002689,6.2531,0,manual_issue,3
BC00003209,BOM0000510,P002946,6.3486,3.34,manual_issue,4
BC00003210,BOM0000510,P001678,1.9214,2.08,floor_stock,5
BC00003211,BOM0000510,P002097,3.5689,3.92,backflush,6
BC00003212,BOM0000511,P001950,6.0916,1.71,backflush,1
BC00003213,BOM0000511,P003094,4.0842,4.88,manual_issue,2
BC00003214,BOM0000511,P002056,4.3137,4.06,manual_issue,3
BC00003215,BOM0000511,P001030,3.4706,3.03,backflush,4
BC00003216,BOM0000512,P002473,4.3081,4.59,floor_stock,1
BC00003217,BOM0000512,P002868,5.1876,3.27,floor_stock,2
BC00003218,BOM0000512,P001573,4.2169,2.62,floor_stock,3
BC00003219,BOM0000513,P002012,2.7255,0.47,manual_issue,1
BC00003220,BOM0000513,P001449,3.4874,3.36,manual_issue,2
BC00003221,BOM0000513,P001525,3.8515,1.63,backflush,3
BC00003222,BOM0000513,P002747,6.3013,3.89,manual_issue,4
BC00003223,BOM0000513,P002316,5.0971,3.28,manual_issue,5
BC00003224,BOM0000513,P002007,4.2321,0.5,backflush,6
BC00003225,BOM0000513,P001529,0.5449,2.06,backflush,7
BC00003226,BOM0000513,P002166,0.7942,1.46,manual_issue,8
BC00003227,BOM0000513,P001438,2.4914,3.34,backflush,9
BC00003228,BOM0000513,P001115,0.4496,3.09,backflush,10
BC00003229,BOM0000514,P002869,7.3375,2.67,backflush,1
BC00003230,BOM0000514,P000940,0.4628,2.98,backflush,2
BC00003231,BOM0000514,P001635,0.7775,2.52,manual_issue,3
BC00003232,BOM0000514,P002407,0.3566,3.19,manual_issue,4
BC00003233,BOM0000514,P002730,4.9532,3.47,backflush,5
BC00003234,BOM0000515,P001902,1.8333,2.51,backflush,1
BC00003235,BOM0000515,P002339,1.2913,2.78,floor_stock,2
BC00003236,BOM0000515,P002918,0.8214,3.79,floor_stock,3
BC00003237,BOM0000515,P002804,3.5193,4.57,backflush,4
BC00003238,BOM0000515,P002268,2.7299,2.25,floor_stock,5
BC00003239,BOM0000515,P000921,6.8219,4.22,floor_stock,6
BC00003240,BOM0000516,P000911,3.6494,0.97,backflush,1
BC00003241,BOM0000516,P002358,5.8661,1.5,backflush,2
BC00003242,BOM0000516,P003152,0.951,1.95,manual_issue,3
BC00003243,BOM0000516,P001897,0.8058,0.65,backflush,4
BC00003244,BOM0000516,P003127,0.4856,3.0,manual_issue,5
BC00003245,BOM0000516,P002705,1.8424,3.89,backflush,6
BC00003246,BOM0000516,P002047,3.0043,0.14,backflush,7
BC00003247,BOM0000516,P002540,2.3891,2.87,backflush,8
BC00003248,BOM0000516,P003049,5.7193,3.11,backflush,9
BC00003249,BOM0000517,P001006,2.8187,3.74,backflush,1
BC00003250,BOM0000517,P001648,0.5165,3.78,backflush,2
BC00003251,BOM0000517,P001607,1.1833,3.37,backflush,3
BC00003252,BOM0000517,P001227,7.3228,2.05,backflush,4
BC00003253,BOM0000517,P002874,3.5329,3.84,manual_issue,5
BC00003254,BOM0000518,P002307,2.9367,0,manual_issue,1
BC00003255,BOM0000518,P001914,4.8965,1.79,backflush,2
BC00003256,BOM0000518,P002715,7.243,3.06,manual_issue,3
BC00003257,BOM0000519,P002809,4.7658,5.36,backflush,1
BC00003258,BOM0000519,P000808,4.6815,1.89,backflush,2
BC00003259,BOM0000519,P001414,3.1376,2.24,manual_issue,3
BC00003260,BOM0000519,P001516,7.2253,4.96,manual_issue,4
BC00003261,BOM0000519,P001866,1.7713,2.4,backflush,5
BC00003262,BOM0000519,P000824,2.5008,3.72,backflush,6
BC00003263,BOM0000519,P001715,2.764,2.78,backflush,7
BC00003264,BOM0000519,P001713,1.9541,2.19,backflush,8
BC00003265,BOM0000519,P000773,0.1572,5.67,backflush,9
BC00003266,BOM0000519,P002890,2.785,3.41,backflush,10
BC00003267,BOM0000520,P002679,3.3206,2.16,floor_stock,1
BC00003268,BOM0000520,P000653,3.382,2.16,manual_issue,2
BC00003269,BOM0000520,P003030,7.4048,1.97,floor_stock,3
BC00003270,BOM0000520,P002463,6.1799,1.54,floor_stock,4
BC00003271,BOM0000520,P001230,1.9465,2.68,manual_issue,5
BC00003272,BOM0000520,P001455,6.0301,1.36,backflush,6
BC00003273,BOM0000521,P002292,2.0385,1.78,backflush,1
BC00003274,BOM0000521,P001855,4.8926,1.36,floor_stock,2
BC00003275,BOM0000521,P000775,2.2365,0.96,manual_issue,3
BC00003276,BOM0000521,P002929,6.165,0.91,backflush,4
BC00003277,BOM0000521,P001871,6.902,1.92,backflush,5
BC00003278,BOM0000521,P001764,2.4649,2.28,floor_stock,6
BC00003279,BOM0000521,P000741,4.9877,3.1,backflush,7
BC00003280,BOM0000521,P000979,1.4918,2.46,manual_issue,8
BC00003281,BOM0000522,P002519,5.1618,3.3,backflush,1
BC00003282,BOM0000522,P001106,6.8332,1.79,backflush,2
BC00003283,BOM0000522,P002598,1.4133,2.14,backflush,3
BC00003284,BOM0000522,P002830,1.9101,1.98,floor_stock,4
BC00003285,BOM0000522,P002506,1.4398,2.15,backflush,5
BC00003286,BOM0000522,P001874,0.8125,3.98,backflush,6
BC00003287,BOM0000522,P002734,2.5943,3.77,manual_issue,7
BC00003288,BOM0000522,P002731,7.4595,1.42,manual_issue,8
BC00003289,BOM0000523,P003176,0.7361,0.48,backflush,1
BC00003290,BOM0000523,P002081,4.1254,3.08,floor_stock,2
BC00003291,BOM0000523,P002377,3.6332,4.44,backflush,3
BC00003292,BOM0000523,P002263,4.1951,1.69,backflush,4
BC00003293,BOM0000523,P002646,6.4532,3.29,backflush,5
BC00003294,BOM0000524,P001736,0.8381,4.63,backflush,1
BC00003295,BOM0000524,P001737,5.2992,2.96,floor_stock,2
BC00003296,BOM0000524,P002060,2.7208,0.6,backflush,3
BC00003297,BOM0000524,P001214,4.6049,4.32,backflush,4
BC00003298,BOM0000524,P001768,4.3409,4.0,backflush,5
BC00003299,BOM0000524,P002475,4.9817,3.12,manual_issue,6
BC00003300,BOM0000525,P001014,3.7734,2.77,manual_issue,1
BC00003301,BOM0000525,P002904,7.1341,2.91,floor_stock,2
BC00003302,BOM0000525,P001984,6.4042,0.78,manual_issue,3
BC00003303,BOM0000525,P002151,2.0405,2.84,manual_issue,4
BC00003304,BOM0000525,P002974,6.7791,2.84,backflush,5
BC00003305,BOM0000525,P001675,2.9642,3.07,backflush,6
BC00003306,BOM0000525,P002780,4.9177,4.11,backflush,7
BC00003307,BOM0000525,P003002,1.3149,5.8,backflush,8
BC00003308,BOM0000526,P001246,6.762,1.92,backflush,1
BC00003309,BOM0000526,P001618,4.405,0,backflush,2
BC00003310,BOM0000526,P001887,7.2397,2.38,manual_issue,3
BC00003311,BOM0000526,P002986,4.8789,2.28,floor_stock,4
BC00003312,BOM0000526,P003087,7.4243,2.34,manual_issue,5
BC00003313,BOM0000526,P001758,0.4441,3.61,manual_issue,6
BC00003314,BOM0000526,P002075,4.5314,3.34,backflush,7
BC00003315,BOM0000527,P002353,0.6971,4.99,floor_stock,1
BC00003316,BOM0000527,P001579,5.937,2.38,manual_issue,2
BC00003317,BOM0000527,P001216,1.4052,2.43,manual_issue,3
BC00003318,BOM0000527,P001690,3.8439,1.32,backflush,4
BC00003319,BOM0000527,P000936,4.7697,3.84,backflush,5
BC00003320,BOM0000527,P001964,0.4633,1.81,backflush,6
BC00003321,BOM0000528,P002761,3.0737,1.9,manual_issue,1
BC00003322,BOM0000528,P001393,3.8112,3.99,manual_issue,2
BC00003323,BOM0000528,P002734,2.7989,1.9,backflush,3
BC00003324,BOM0000528,P003168,6.1208,2.73,backflush,4
BC00003325,BOM0000528,P003149,3.3231,3.06,backflush,5
BC00003326,BOM0000528,P002139,4.664,2.62,backflush,6
BC00003327,BOM0000528,P002790,4.8684,6.42,backflush,7
BC00003328,BOM0000528,P002868,0.486,2.39,manual_issue,8
BC00003329,BOM0000529,P002756,4.1906,2.15,backflush,1
BC00003330,BOM0000529,P002300,2.3702,1.72,manual_issue,2
BC00003331,BOM0000529,P001970,7.2162,3.79,backflush,3
BC00003332,BOM0000529,P002408,7.1495,1.62,floor_stock,4
BC00003333,BOM0000529,P002570,2.3273,2.32,manual_issue,5
BC00003334,BOM0000529,P001130,2.6866,1.61,backflush,6
BC00003335,BOM0000529,P000770,1.3362,2.84,floor_stock,7
BC00003336,BOM0000529,P002617,6.6518,4.27,backflush,8
BC00003337,BOM0000529,P002311,2.4417,2.05,floor_stock,9
BC00003338,BOM0000529,P000806,3.444,1.73,backflush,10
BC00003339,BOM0000530,P001756,7.4783,4.92,manual_issue,1
BC00003340,BOM0000530,P001089,1.063,0,backflush,2
BC00003341,BOM0000530,P002073,7.422,1.26,manual_issue,3
BC00003342,BOM0000530,P001547,4.6558,1.01,backflush,4
BC00003343,BOM0000531,P000878,3.7824,4.04,backflush,1
BC00003344,BOM0000531,P003113,6.5787,4.81,backflush,2
BC00003345,BOM0000531,P001759,7.2863,5.89,backflush,3
BC00003346,BOM0000531,P001303,4.7218,3.22,backflush,4
BC00003347,BOM0000531,P001254,1.8821,2.52,backflush,5
BC00003348,BOM0000531,P001434,6.33,3.26,backflush,6
BC00003349,BOM0000531,P001631,2.2679,0.87,floor_stock,7
BC00003350,BOM0000532,P001931,4.1328,2.36,manual_issue,1
BC00003351,BOM0000532,P002879,3.7568,2.97,backflush,2
BC00003352,BOM0000532,P002910,2.8648,2.62,backflush,3
BC00003353,BOM0000533,P001479,5.5663,3.68,backflush,1
BC00003354,BOM0000533,P001283,3.4014,4.61,floor_stock,2
BC00003355,BOM0000533,P001815,0.1562,1.58,manual_issue,3
BC00003356,BOM0000533,P001069,3.7892,3.11,manual_issue,4
BC00003357,BOM0000533,P001560,6.9672,3.06,backflush,5
BC00003358,BOM0000533,P001623,4.9088,5.74,manual_issue,6
BC00003359,BOM0000533,P001586,0.865,3.86,floor_stock,7
BC00003360,BOM0000533,P001335,5.0473,3.2,floor_stock,8
BC00003361,BOM0000534,P002681,7.234,0.48,floor_stock,1
BC00003362,BOM0000534,P001681,3.7555,2.47,manual_issue,2
BC00003363,BOM0000534,P001162,5.1614,4.4,floor_stock,3
BC00003364,BOM0000534,P001392,5.845,3.58,manual_issue,4
BC00003365,BOM0000534,P002987,1.3818,4.14,floor_stock,5
BC00003366,BOM0000534,P001319,0.6156,1.4,backflush,6
BC00003367,BOM0000535,P002452,2.9493,3.7,manual_issue,1
BC00003368,BOM0000535,P002244,2.0795,2.92,backflush,2
BC00003369,BOM0000535,P000908,2.0041,1.77,manual_issue,3
BC00003370,BOM0000535,P002693,0.2294,0,backflush,4
BC00003371,BOM0000535,P002071,0.8854,3.79,manual_issue,5
BC00003372,BOM0000535,P002847,4.0041,3.05,floor_stock,6
BC00003373,BOM0000535,P001765,6.2313,2.82,backflush,7
BC00003374,BOM0000536,P000671,6.5437,2.37,backflush,1
BC00003375,BOM0000536,P002780,1.1905,3.56,floor_stock,2
BC00003376,BOM0000536,P003127,3.5514,1.8,manual_issue,3
BC00003377,BOM0000536,P002306,1.0527,3.6,backflush,4
BC00003378,BOM0000536,P001634,5.8421,2.43,backflush,5
BC00003379,BOM0000536,P003062,6.8098,1.23,backflush,6
BC00003380,BOM0000536,P002324,6.847,3.16,floor_stock,7
BC00003381,BOM0000536,P001951,7.2198,5.06,backflush,8
BC00003382,BOM0000537,P001227,6.7925,3.11,manual_issue,1
BC00003383,BOM0000537,P002944,5.4987,2.85,floor_stock,2
BC00003384,BOM0000537,P002043,2.2878,3.08,backflush,3
BC00003385,BOM0000537,P001582,4.6486,0,manual_issue,4
BC00003386,BOM0000537,P001314,5.1477,1.94,backflush,5
BC00003387,BOM0000537,P003112,5.3572,2.47,backflush,6
BC00003388,BOM0000537,P002458,0.1996,1.54,manual_issue,7
BC00003389,BOM0000537,P000863,2.9353,1.87,manual_issue,8
BC00003390,BOM0000538,P001309,0.9082,2.33,backflush,1
BC00003391,BOM0000538,P002537,7.0166,3.09,backflush,2
BC00003392,BOM0000538,P002615,2.3909,0.57,backflush,3
BC00003393,BOM0000538,P002776,0.854,3.33,manual_issue,4
BC00003394,BOM0000538,P001525,5.5885,1.31,backflush,5
BC00003395,BOM0000539,P001582,0.3794,0.45,backflush,1
BC00003396,BOM0000539,P001930,2.2682,0.91,manual_issue,2
BC00003397,BOM0000539,P001779,6.1816,2.5,backflush,3
BC00003398,BOM0000539,P000944,3.9789,3.33,backflush,4
BC00003399,BOM0000539,P002786,6.0133,1.66,backflush,5
BC00003400,BOM0000539,P001233,3.9525,1.53,floor_stock,6
BC00003401,BOM0000539,P002647,3.8149,3.63,manual_issue,7
BC00003402,BOM0000539,P002548,2.887,3.11,floor_stock,8
BC00003403,BOM0000539,P001471,6.32,1.9,floor_stock,9
BC00003404,BOM0000540,P002961,3.7903,7.8,backflush,1
BC00003405,BOM0000540,P002833,4.5885,4.19,backflush,2
BC00003406,BOM0000540,P001011,3.715,2.92,backflush,3
BC00003407,BOM0000541,P002382,1.0073,3.25,floor_stock,1
BC00003408,BOM0000541,P001343,0.7716,1.08,backflush,2
BC00003409,BOM0000541,P001341,7.3071,4.37,backflush,3
BC00003410,BOM0000541,P001119,0.6675,3.02,manual_issue,4
BC00003411,BOM0000542,P002120,2.7537,2.77,manual_issue,1
BC00003412,BOM0000542,P002281,2.9177,0.79,backflush,2
BC00003413,BOM0000542,P002826,0.7735,4.88,floor_stock,3
BC00003414,BOM0000542,P001168,4.624,2.31,backflush,4
BC00003415,BOM0000542,P002157,0.9655,0.65,backflush,5
BC00003416,BOM0000542,P001871,7.082,1.77,backflush,6
BC00003417,BOM0000542,P002646,6.6121,3.19,backflush,7
BC00003418,BOM0000543,P003024,6.6022,2.7,floor_stock,1
BC00003419,BOM0000543,P001426,5.8409,1.08,manual_issue,2
BC00003420,BOM0000543,P001587,0.4509,4.91,manual_issue,3
BC00003421,BOM0000543,P002124,0.921,4.41,backflush,4
BC00003422,BOM0000543,P001480,1.1375,4.36,manual_issue,5
BC00003423,BOM0000544,P000729,6.0613,2.28,manual_issue,1
BC00003424,BOM0000544,P001643,2.7832,3.28,floor_stock,2
BC00003425,BOM0000544,P000679,3.6409,4.37,manual_issue,3
BC00003426,BOM0000545,P001872,6.4288,3.2,backflush,1
BC00003427,BOM0000545,P001142,4.9404,2.53,backflush,2
BC00003428,BOM0000545,P001007,3.5131,2.67,manual_issue,3
BC00003429,BOM0000545,P001897,6.9695,0,backflush,4
BC00003430,BOM0000545,P002494,0.9665,0.41,backflush,5
BC00003431,BOM0000545,P003095,3.8486,0.06,floor_stock,6
BC00003432,BOM0000545,P001092,5.5329,4.28,backflush,7
BC00003433,BOM0000545,P002323,7.0674,4.12,backflush,8
BC00003434,BOM0000545,P000659,1.0159,3.3,manual_issue,9
BC00003435,BOM0000545,P003045,3.113,1.66,floor_stock,10
BC00003436,BOM0000546,P002166,4.7353,1.86,floor_stock,1
BC00003437,BOM0000546,P002021,4.54,2.83,floor_stock,2
BC00003438,BOM0000546,P001131,0.4237,2.1,manual_issue,3
BC00003439,BOM0000546,P002732,4.3063,3.35,backflush,4
BC00003440,BOM0000546,P000902,0.5814,1.94,manual_issue,5
BC00003441,BOM0000546,P003160,6.064,5.61,backflush,6
BC00003442,BOM0000546,P002753,3.5876,3.62,backflush,7
BC00003443,BOM0000546,P001319,1.3501,3.53,backflush,8
BC00003444,BOM0000546,P001951,5.1345,2.53,backflush,9
BC00003445,BOM0000547,P002793,4.3687,5.75,backflush,1
BC00003446,BOM0000547,P001487,0.6593,4.24,floor_stock,2
BC00003447,BOM0000547,P001646,4.8228,4.51,backflush,3
BC00003448,BOM0000547,P001923,6.4427,1.08,backflush,4
BC00003449,BOM0000548,P001405,5.3097,2.06,backflush,1
BC00003450,BOM0000548,P001980,2.3572,2.21,manual_issue,2
BC00003451,BOM0000548,P002964,5.6552,4.87,backflush,3
BC00003452,BOM0000548,P000974,0.8897,3.28,floor_stock,4
BC00003453,BOM0000549,P001285,3.885,0,backflush,1
BC00003454,BOM0000549,P003109,7.4287,2.95,manual_issue,2
BC00003455,BOM0000549,P001061,5.0767,1.87,backflush,3
BC00003456,BOM0000549,P001014,4.4185,4.79,manual_issue,4
BC00003457,BOM0000549,P000893,1.6113,1.59,manual_issue,5
BC00003458,BOM0000549,P001416,3.3815,1.08,backflush,6
BC00003459,BOM0000549,P002647,3.0257,3.23,backflush,7
BC00003460,BOM0000549,P001230,1.7645,7.54,manual_issue,8
BC00003461,BOM0000550,P002132,0.9708,1.79,manual_issue,1
BC00003462,BOM0000550,P002112,2.2351,3.27,backflush,2
BC00003463,BOM0000550,P002053,7.4769,2.71,floor_stock,3
BC00003464,BOM0000550,P001835,5.6108,1.07,manual_issue,4
BC00003465,BOM0000551,P002923,7.1556,3.6,backflush,1
BC00003466,BOM0000551,P001238,1.2151,2.68,manual_issue,2
BC00003467,BOM0000551,P000965,4.5942,2.66,backflush,3
BC00003468,BOM0000551,P002729,7.0208,3.78,backflush,4
BC00003469,BOM0000551,P001172,6.7694,1.96,backflush,5
BC00003470,BOM0000551,P000692,3.5307,2.54,manual_issue,6
BC00003471,BOM0000551,P000835,4.417,2.57,manual_issue,7
BC00003472,BOM0000552,P001712,1.9386,0.14,backflush,1
BC00003473,BOM0000552,P001286,4.4241,4.25,backflush,2
BC00003474,BOM0000552,P002644,2.1005,2.66,manual_issue,3
BC00003475,BOM0000552,P002906,1.2209,1.7,floor_stock,4
BC00003476,BOM0000553,P001924,5.1801,4.49,backflush,1
BC00003477,BOM0000553,P000857,2.3115,3.63,floor_stock,2
BC00003478,BOM0000553,P001755,7.3158,1.11,floor_stock,3
BC00003479,BOM0000553,P002210,5.416,5.03,backflush,4
BC00003480,BOM0000553,P000857,1.879,3.18,backflush,5
BC00003481,BOM0000554,P002487,5.619,3.45,manual_issue,1
BC00003482,BOM0000554,P000972,3.0912,4.12,backflush,2
BC00003483,BOM0000554,P001399,1.9168,2.81,manual_issue,3
BC00003484,BOM0000554,P001907,0.9425,1.79,manual_issue,4
BC00003485,BOM0000554,P002546,5.8734,2.86,backflush,5
BC00003486,BOM0000554,P000669,4.935,1.23,floor_stock,6
BC00003487,BOM0000554,P002973,3.6474,0.2,backflush,7
BC00003488,BOM0000554,P002936,1.6174,2.1,backflush,8
BC00003489,BOM0000555,P002415,3.533,3.91,floor_stock,1
BC00003490,BOM0000555,P000655,2.7594,0,backflush,2
BC00003491,BOM0000555,P001060,5.337,5.14,backflush,3
BC00003492,BOM0000555,P001569,2.6379,0.7,backflush,4
BC00003493,BOM0000555,P002142,1.2616,3.14,manual_issue,5
BC00003494,BOM0000555,P003079,5.9289,0.66,backflush,6
BC00003495,BOM0000555,P001407,0.3455,2.93,backflush,7
BC00003496,BOM0000555,P001446,7.3673,5.54,backflush,8
BC00003497,BOM0000556,P000767,1.0651,2.4,backflush,1
BC00003498,BOM0000556,P002430,4.9035,1.8,backflush,2
BC00003499,BOM0000556,P002827,5.0308,1.06,backflush,3
BC00003500,BOM0000556,P001109,3.865,2.09,backflush,4
BC00003501,BOM0000556,P002185,2.0773,3.1,backflush,5
BC00003502,BOM0000556,P002569,5.5426,4.88,manual_issue,6
BC00003503,BOM0000557,P001021,4.9748,4.57,manual_issue,1
BC00003504,BOM0000557,P001433,1.8095,2.96,manual_issue,2
BC00003505,BOM0000557,P001827,2.9228,3.35,manual_issue,3
BC00003506,BOM0000558,P002865,6.9367,2.4,manual_issue,1
BC00003507,BOM0000558,P000878,5.8726,4.57,backflush,2
BC00003508,BOM0000558,P002936,2.0643,5.34,manual_issue,3
BC00003509,BOM0000558,P002102,6.2495,1.99,manual_issue,4
BC00003510,BOM0000558,P001699,3.3245,7.71,backflush,5
BC00003511,BOM0000558,P001682,3.9523,0,backflush,6
BC00003512,BOM0000558,P001379,3.0079,4.6,backflush,7
BC00003513,BOM0000558,P001161,0.5028,2.54,backflush,8
BC00003514,BOM0000559,P002446,3.0557,2.56,backflush,1
BC00003515,BOM0000559,P003024,4.4357,3.04,backflush,2
BC00003516,BOM0000559,P001067,1.8378,2.61,backflush,3
BC00003517,BOM0000559,P001870,4.5596,3.28,manual_issue,4
BC00003518,BOM0000559,P002456,5.9211,1.1,manual_issue,5
BC00003519,BOM0000559,P000855,3.8684,3.98,floor_stock,6
BC00003520,BOM0000559,P002668,1.7496,1.6,backflush,7
BC00003521,BOM0000559,P001615,7.035,5.36,floor_stock,8
BC00003522,BOM0000559,P001887,3.1845,6.17,backflush,9
BC00003523,BOM0000559,P003123,5.2036,1.39,manual_issue,10
BC00003524,BOM0000560,P002857,1.876,2.36,backflush,1
BC00003525,BOM0000560,P002246,7.0804,4.62,backflush,2
BC00003526,BOM0000560,P003098,6.483,0.58,backflush,3
BC00003527,BOM0000560,P002314,7.2026,0.24,floor_stock,4
BC00003528,BOM0000560,P001293,3.3144,2.29,manual_issue,5
BC00003529,BOM0000561,P001464,0.4417,1.2,backflush,1
BC00003530,BOM0000561,P002894,1.6166,2.1,manual_issue,2
BC00003531,BOM0000561,P000794,4.7075,2.81,manual_issue,3
BC00003532,BOM0000561,P002617,4.1109,3.23,backflush,4
BC00003533,BOM0000561,P001171,3.4981,4.89,backflush,5
BC00003534,BOM0000561,P001039,4.7841,2.75,manual_issue,6
BC00003535,BOM0000561,P001012,6.9439,1.52,floor_stock,7
BC00003536,BOM0000561,P001202,3.2135,3.9,backflush,8
BC00003537,BOM0000561,P002201,7.2919,2.37,backflush,9
BC00003538,BOM0000562,P001815,6.5327,2.12,manual_issue,1
BC00003539,BOM0000562,P002181,4.7948,0,manual_issue,2
BC00003540,BOM0000562,P002726,2.8812,3.91,backflush,3
BC00003541,BOM0000563,P001217,6.6306,4.38,floor_stock,1
BC00003542,BOM0000563,P000774,4.7006,2.6,backflush,2
BC00003543,BOM0000563,P001678,4.4572,4.17,floor_stock,3
BC00003544,BOM0000564,P001955,6.9566,1.07,manual_issue,1
BC00003545,BOM0000564,P002030,4.6052,3.1,manual_issue,2
BC00003546,BOM0000564,P002196,7.3783,5.45,manual_issue,3
BC00003547,BOM0000564,P001272,5.8187,3.92,backflush,4
BC00003548,BOM0000564,P001572,4.1266,5.45,floor_stock,5
BC00003549,BOM0000564,P002413,3.4761,0.82,backflush,6
BC00003550,BOM0000565,P003019,3.8918,3.16,backflush,1
BC00003551,BOM0000565,P002340,0.929,4.19,floor_stock,2
BC00003552,BOM0000565,P002996,2.2252,3.85,floor_stock,3
BC00003553,BOM0000565,P002086,3.336,1.62,backflush,4
BC00003554,BOM0000565,P002991,2.0814,2.89,backflush,5
BC00003555,BOM0000565,P002213,2.2912,2.53,floor_stock,6
BC00003556,BOM0000565,P000975,5.5463,2.81,backflush,7
BC00003557,BOM0000565,P001522,0.7047,1.88,backflush,8
BC00003558,BOM0000566,P001918,1.0178,1.9,manual_issue,1
BC00003559,BOM0000566,P002550,1.8553,0.62,manual_issue,2
BC00003560,BOM0000566,P001750,4.2174,1.69,manual_issue,3
BC00003561,BOM0000566,P001115,1.4341,0.94,backflush,4
BC00003562,BOM0000566,P001590,4.9979,6.39,manual_issue,5
BC00003563,BOM0000566,P002487,4.7845,3.08,backflush,6
BC00003564,BOM0000566,P000686,6.4763,1.66,backflush,7
BC00003565,BOM0000566,P001368,4.5091,0,manual_issue,8
BC00003566,BOM0000566,P001440,2.3018,1.98,backflush,9
BC00003567,BOM0000567,P001471,0.8513,2.8,backflush,1
BC00003568,BOM0000567,P001091,2.951,1.33,backflush,2
BC00003569,BOM0000567,P002004,0.5089,1.59,backflush,3
BC00003570,BOM0000567,P000958,2.3451,2.43,manual_issue,4
BC00003571,BOM0000568,P002699,2.2544,1.97,backflush,1
BC00003572,BOM0000568,P001491,7.1408,3.6,backflush,2
BC00003573,BOM0000568,P001513,0.8044,1.42,backflush,3
BC00003574,BOM0000568,P000870,3.2902,2.05,backflush,4
BC00003575,BOM0000568,P000928,0.6057,6.38,backflush,5
BC00003576,BOM0000568,P001805,6.6382,2.75,backflush,6
BC00003577,BOM0000568,P001607,5.2082,3.66,backflush,7
BC00003578,BOM0000568,P001399,6.8493,5.55,backflush,8
BC00003579,BOM0000569,P002741,5.1976,3.42,backflush,1
BC00003580,BOM0000569,P001239,5.6749,0,manual_issue,2
BC00003581,BOM0000569,P001144,3.6341,2.76,backflush,3
BC00003582,BOM0000569,P001080,6.9112,0.8,backflush,4
BC00003583,BOM0000569,P001647,5.6535,0.83,backflush,5
BC00003584,BOM0000569,P001989,6.0187,3.66,floor_stock,6
BC00003585,BOM0000570,P003000,0.5025,5.5,backflush,1
BC00003586,BOM0000570,P001256,3.0832,3.51,backflush,2
BC00003587,BOM0000570,P002515,7.1046,3.05,manual_issue,3
BC00003588,BOM0000570,P001315,7.4194,3.88,backflush,4
BC00003589,BOM0000570,P002191,6.0457,1.41,backflush,5
BC00003590,BOM0000571,P002957,4.1713,2.94,backflush,1
BC00003591,BOM0000571,P002067,6.2918,6.02,backflush,2
BC00003592,BOM0000571,P002149,6.9523,3.44,backflush,3
BC00003593,BOM0000571,P001306,3.7841,3.78,floor_stock,4
BC00003594,BOM0000571,P002073,1.0281,4.0,floor_stock,5
BC00003595,BOM0000572,P000972,7.1523,1.93,manual_issue,1
BC00003596,BOM0000572,P001737,6.9069,2.49,backflush,2
BC00003597,BOM0000572,P001581,3.941,1.19,backflush,3
BC00003598,BOM0000572,P001376,5.0521,1.81,manual_issue,4
BC00003599,BOM0000572,P000812,7.2818,2.08,manual_issue,5
BC00003600,BOM0000572,P001595,2.1972,3.2,backflush,6
BC00003601,BOM0000572,P002959,1.6879,1.37,backflush,7
BC00003602,BOM0000572,P001859,2.5765,3.15,manual_issue,8
BC00003603,BOM0000572,P002180,2.805,0.99,backflush,9
BC00003604,BOM0000572,P003071,2.0727,3.17,backflush,10
BC00003605,BOM0000573,P000923,7.3169,2.37,backflush,1
BC00003606,BOM0000573,P000874,5.264,2.72,backflush,2
BC00003607,BOM0000573,P001323,0.6834,2.23,manual_issue,3
BC00003608,BOM0000573,P001968,5.7156,3.58,manual_issue,4
BC00003609,BOM0000573,P001789,1.1763,2.78,backflush,5
BC00003610,BOM0000573,P001032,0.4623,3.37,manual_issue,6
BC00003611,BOM0000574,P000804,2.84,2.96,backflush,1
BC00003612,BOM0000574,P002961,5.188,6.19,manual_issue,2
BC00003613,BOM0000574,P002940,3.4808,2.23,manual_issue,3
BC00003614,BOM0000575,P002532,0.2092,1.01,backflush,1
BC00003615,BOM0000575,P002803,3.0641,4.87,floor_stock,2
BC00003616,BOM0000575,P001896,0.2502,4.26,backflush,3
BC00003617,BOM0000575,P000838,6.7619,1.92,backflush,4
BC00003618,BOM0000575,P002167,6.1338,3.55,backflush,5
BC00003619,BOM0000575,P001360,1.4945,2.52,manual_issue,6
BC00003620,BOM0000575,P001093,4.1691,1.23,backflush,7
BC00003621,BOM0000575,P001793,7.0215,3.73,floor_stock,8
BC00003622,BOM0000575,P001891,2.0336,3.5,manual_issue,9
BC00003623,BOM0000576,P001901,3.0945,3.33,backflush,1
BC00003624,BOM0000576,P002801,3.2054,2.26,backflush,2
BC00003625,BOM0000576,P003175,4.891,2.25,backflush,3
BC00003626,BOM0000577,P002350,5.9111,3.91,manual_issue,1
BC00003627,BOM0000577,P001691,7.3378,3.9,floor_stock,2
BC00003628,BOM0000577,P001587,1.7207,3.73,floor_stock,3
BC00003629,BOM0000577,P002252,3.4141,2.03,manual_issue,4
BC00003630,BOM0000577,P002537,7.0246,2.57,backflush,5
BC00003631,BOM0000577,P003200,7.2888,1.65,backflush,6
BC00003632,BOM0000577,P000941,6.0608,0.81,manual_issue,7
BC00003633,BOM0000577,P003094,6.917,3.29,manual_issue,8
BC00003634,BOM0000577,P003030,6.0056,2.61,manual_issue,9
BC00003635,BOM0000578,P000981,5.212,5.01,backflush,1
BC00003636,BOM0000578,P001361,1.0683,5.83,backflush,2
BC00003637,BOM0000578,P002805,0.7332,1.86,manual_issue,3
BC00003638,BOM0000578,P002132,4.1167,0.76,manual_issue,4
BC00003639,BOM0000578,P000893,3.0272,3.04,backflush,5
BC00003640,BOM0000578,P002657,0.4057,2.83,backflush,6
BC00003641,BOM0000579,P002554,2.1496,5.79,backflush,1
BC00003642,BOM0000579,P002219,2.1547,1.41,backflush,2
BC00003643,BOM0000579,P000887,5.4369,2.02,manual_issue,3
BC00003644,BOM0000580,P002353,6.7549,3.99,backflush,1
BC00003645,BOM0000580,P002428,3.7297,2.69,backflush,2
BC00003646,BOM0000580,P002233,7.0952,6.02,backflush,3
BC00003647,BOM0000580,P001781,7.3617,2.19,floor_stock,4
BC00003648,BOM0000581,P002827,2.6049,4.6,manual_issue,1
BC00003649,BOM0000581,P002289,1.085,4.78,backflush,2
BC00003650,BOM0000581,P002768,1.7785,0,backflush,3
BC00003651,BOM0000581,P002085,3.3606,4.78,backflush,4
BC00003652,BOM0000581,P002764,1.2803,2.11,backflush,5
BC00003653,BOM0000581,P003007,4.2455,3.92,backflush,6
BC00003654,BOM0000581,P001170,5.9619,2.65,backflush,7
BC00003655,BOM0000582,P001634,7.1671,4.38,floor_stock,1
BC00003656,BOM0000582,P002244,6.5609,1.14,manual_issue,2
BC00003657,BOM0000582,P002058,4.4728,1.77,backflush,3
BC00003658,BOM0000583,P002265,2.1305,4.97,backflush,1
BC00003659,BOM0000583,P002736,2.3764,5.59,backflush,2
BC00003660,BOM0000583,P001510,5.3149,5.03,floor_stock,3
BC00003661,BOM0000583,P001996,1.4264,1.62,backflush,4
BC00003662,BOM0000583,P002524,0.9188,5.16,backflush,5
BC00003663,BOM0000583,P001471,4.6045,3.32,manual_issue,6
BC00003664,BOM0000583,P002102,3.2013,3.3,backflush,7
BC00003665,BOM0000583,P001124,0.994,1.71,backflush,8
BC00003666,BOM0000583,P002791,4.8402,3.54,backflush,9
BC00003667,BOM0000583,P001314,1.3634,2.86,backflush,10
BC00003668,BOM0000584,P002147,4.2645,3.06,manual_issue,1
BC00003669,BOM0000584,P002512,1.5565,3.54,floor_stock,2
BC00003670,BOM0000584,P001067,5.2496,2.4,backflush,3
BC00003671,BOM0000584,P000932,6.5729,2.77,manual_issue,4
BC00003672,BOM0000584,P002707,0.794,2.42,backflush,5
BC00003673,BOM0000584,P002199,4.0985,5.13,backflush,6
BC00003674,BOM0000584,P001965,3.0998,1.77,manual_issue,7
BC00003675,BOM0000585,P000868,4.6064,2.36,backflush,1
BC00003676,BOM0000585,P001696,1.3492,5.61,floor_stock,2
BC00003677,BOM0000585,P001044,6.0276,0,backflush,3
BC00003678,BOM0000585,P002818,6.7225,3.75,backflush,4
BC00003679,BOM0000585,P000838,7.3643,5.45,manual_issue,5
BC00003680,BOM0000585,P001367,6.9349,4.24,manual_issue,6
BC00003681,BOM0000585,P001218,6.7179,0.93,backflush,7
BC00003682,BOM0000585,P001674,5.092,2.63,manual_issue,8
BC00003683,BOM0000585,P001910,6.0526,2.75,backflush,9
BC00003684,BOM0000586,P002590,1.1877,3.23,manual_issue,1
BC00003685,BOM0000586,P002987,3.1553,2.5,manual_issue,2
BC00003686,BOM0000586,P000816,7.4283,3.83,backflush,3
BC00003687,BOM0000586,P001610,0.1582,3.42,backflush,4
BC00003688,BOM0000586,P002384,4.1882,1.12,manual_issue,5
BC00003689,BOM0000586,P001080,4.249,4.64,manual_issue,6
BC00003690,BOM0000586,P001296,5.4286,2.87,manual_issue,7
BC00003691,BOM0000586,P002684,2.552,5.95,backflush,8
BC00003692,BOM0000587,P001112,7.3614,4.78,backflush,1
BC00003693,BOM0000587,P000718,3.1626,2.66,manual_issue,2
BC00003694,BOM0000587,P002890,4.9602,1.51,backflush,3
BC00003695,BOM0000587,P002105,3.6078,3.46,manual_issue,4
BC00003696,BOM0000587,P001710,2.4983,1.37,manual_issue,5
BC00003697,BOM0000587,P001244,6.2493,5.47,backflush,6
BC00003698,BOM0000587,P001744,7.422,1.75,manual_issue,7
BC00003699,BOM0000588,P002040,6.53,0,backflush,1
BC00003700,BOM0000588,P002063,2.6845,0.11,manual_issue,2
BC00003701,BOM0000588,P000996,6.5216,1.23,backflush,3
BC00003702,BOM0000588,P002238,2.5037,1.61,backflush,4
BC00003703,BOM0000588,P001746,4.8581,2.78,backflush,5
BC00003704,BOM0000589,P002098,5.3937,1.87,manual_issue,1
BC00003705,BOM0000589,P002668,2.3522,3.02,floor_stock,2
BC00003706,BOM0000589,P002940,5.5111,2.97,backflush,3
BC00003707,BOM0000589,P001785,0.685,3.37,backflush,4
BC00003708,BOM0000589,P003091,5.3898,1.67,manual_issue,5
BC00003709,BOM0000589,P001402,3.8763,2.92,manual_issue,6
BC00003710,BOM0000590,P002693,0.7407,1.24,backflush,1
BC00003711,BOM0000590,P001091,7.4459,4.67,floor_stock,2
BC00003712,BOM0000590,P002253,2.1321,2.81,manual_issue,3
BC00003713,BOM0000590,P001554,5.6658,5.18,backflush,4
BC00003714,BOM0000590,P001862,2.6049,1.76,manual_issue,5
BC00003715,BOM0000590,P000732,6.0111,3.07,manual_issue,6
BC00003716,BOM0000590,P002155,0.3806,2.1,floor_stock,7
BC00003717,BOM0000591,P002469,1.3303,3.95,backflush,1
BC00003718,BOM0000591,P003143,2.867,3.91,manual_issue,2
BC00003719,BOM0000591,P001854,6.2661,0.9,floor_stock,3
BC00003720,BOM0000591,P000984,2.7025,1.52,floor_stock,4
BC00003721,BOM0000592,P002953,0.7234,3.47,manual_issue,1
BC00003722,BOM0000592,P001548,5.6087,2.25,manual_issue,2
BC00003723,BOM0000592,P001383,0.2338,4.4,manual_issue,3
BC00003724,BOM0000592,P001883,3.2426,3.14,floor_stock,4
BC00003725,BOM0000592,P002981,5.6123,1.62,backflush,5
BC00003726,BOM0000592,P002759,6.2693,6.4,manual_issue,6
BC00003727,BOM0000592,P001579,3.62,3.52,manual_issue,7
BC00003728,BOM0000592,P003047,5.574,2.89,manual_issue,8
BC00003729,BOM0000592,P001577,7.4117,2.57,floor_stock,9
BC00003730,BOM0000593,P001777,4.308,0.45,backflush,1
BC00003731,BOM0000593,P000738,3.448,3.08,backflush,2
BC00003732,BOM0000593,P002269,6.4879,0.49,floor_stock,3
BC00003733,BOM0000593,P002122,0.3144,3.44,backflush,4
BC00003734,BOM0000593,P002462,0.8486,2.7,backflush,5
BC00003735,BOM0000593,P002417,6.3883,2.16,manual_issue,6
BC00003736,BOM0000593,P001487,0.8823,3.59,backflush,7
BC00003737,BOM0000593,P001340,4.267,3.99,floor_stock,8
BC00003738,BOM0000593,P002879,6.7277,0.64,backflush,9
BC00003739,BOM0000593,P002315,6.9683,1.89,manual_issue,10
BC00003740,BOM0000594,P001786,1.4088,0.23,manual_issue,1
BC00003741,BOM0000594,P001193,0.3969,1.17,manual_issue,2
BC00003742,BOM0000594,P001944,3.0538,0.47,backflush,3
BC00003743,BOM0000594,P002258,2.2581,2.5,backflush,4
BC00003744,BOM0000594,P001327,4.7388,1.05,manual_issue,5
BC00003745,BOM0000594,P002366,1.2826,2.5,manual_issue,6
BC00003746,BOM0000594,P001579,1.1932,4.89,floor_stock,7
BC00003747,BOM0000594,P001198,5.9144,2.95,floor_stock,8
BC00003748,BOM0000595,P000820,5.6832,4.39,backflush,1
BC00003749,BOM0000595,P001921,2.3673,0.15,floor_stock,2
BC00003750,BOM0000595,P002855,6.8063,2.37,backflush,3
BC00003751,BOM0000595,P003113,7.1157,2.99,manual_issue,4
BC00003752,BOM0000595,P002758,4.6909,2.73,backflush,5
BC00003753,BOM0000596,P001722,4.2857,0.97,floor_stock,1
BC00003754,BOM0000596,P002847,3.6238,2.93,backflush,2
BC00003755,BOM0000596,P001986,2.1354,2.51,manual_issue,3
BC00003756,BOM0000597,P001170,5.6535,3.59,backflush,1
BC00003757,BOM0000597,P002175,6.5522,2.88,floor_stock,2
BC00003758,BOM0000597,P001541,6.7174,3.16,backflush,3
BC00003759,BOM0000597,P000909,3.9553,2.14,backflush,4
BC00003760,BOM0000597,P002769,6.1503,1.25,manual_issue,5
BC00003761,BOM0000597,P001287,1.3759,4.07,manual_issue,6
BC00003762,BOM0000598,P001124,0.3064,2.05,backflush,1
BC00003763,BOM0000598,P001989,5.2616,3.91,backflush,2
BC00003764,BOM0000598,P002603,2.1136,2.61,backflush,3
BC00003765,BOM0000599,P002010,1.7022,3.12,backflush,1
BC00003766,BOM0000599,P001733,4.5597,0.6,backflush,2
BC00003767,BOM0000599,P002336,3.2084,2.49,backflush,3
BC00003768,BOM0000599,P002186,1.5969,1.15,manual_issue,4
BC00003769,BOM0000599,P002743,1.0353,2.44,manual_issue,5
BC00003770,BOM0000600,P002418,5.0415,4.0,floor_stock,1
BC00003771,BOM0000600,P000788,3.506,3.79,floor_stock,2
BC00003772,BOM0000600,P002094,5.7369,2.58,manual_issue,3
BC00003773,BOM0000600,P001421,6.1768,2.38,backflush,4
BC00003774,BOM0000600,P002601,0.6267,1.95,backflush,5
BC00003775,BOM0000600,P000986,4.9079,3.46,backflush,6
BC00003776,BOM0000600,P000802,5.4087,1.55,backflush,7
BC00003777,BOM0000600,P000923,0.5162,2.82,manual_issue,8
BC00003778,BOM0000600,P001980,5.4065,1.94,floor_stock,9
BC00003779,BOM0000601,P001642,5.7584,5.15,backflush,1
BC00003780,BOM0000601,P001063,6.5984,4.53,manual_issue,2
BC00003781,BOM0000601,P001625,6.5784,3.29,backflush,3
BC00003782,BOM0000601,P001294,3.5801,2.51,backflush,4
BC00003783,BOM0000601,P001388,2.6369,2.29,backflush,5
BC00003784,BOM0000601,P002117,7.4123,4.31,backflush,6
BC00003785,BOM0000601,P001377,1.0407,0.02,manual_issue,7
BC00003786,BOM0000601,P001487,4.8976,2.82,manual_issue,8
BC00003787,BOM0000601,P001318,5.8366,2.96,backflush,9
BC00003788,BOM0000601,P003177,2.6301,1.4,manual_issue,10
BC00003789,BOM0000602,P001108,0.933,0.69,backflush,1
BC00003790,BOM0000602,P001021,4.6748,0.45,backflush,2
BC00003791,BOM0000602,P001693,0.6615,0.36,backflush,3
BC00003792,BOM0000602,P002039,4.6555,3.45,floor_stock,4
BC00003793,BOM0000602,P000655,6.9102,2.5,backflush,5
BC00003794,BOM0000602,P002462,4.8433,3.93,backflush,6
BC00003795,BOM0000602,P001704,3.7298,3.28,floor_stock,7
BC00003796,BOM0000602,P000901,3.4559,3.53,backflush,8
BC00003797,BOM0000602,P002994,4.7003,2.83,floor_stock,9
BC00003798,BOM0000602,P001684,5.7308,4.41,manual_issue,10
BC00003799,BOM0000603,P001479,0.3483,2.9,backflush,1
BC00003800,BOM0000603,P001807,1.7937,4.65,backflush,2
BC00003801,BOM0000603,P001823,3.3123,4.7,backflush,3
BC00003802,BOM0000603,P001614,1.5137,3.49,manual_issue,4
BC00003803,BOM0000603,P000984,2.33,5.35,backflush,5
BC00003804,BOM0000604,P002874,1.0287,0.36,manual_issue,1
BC00003805,BOM0000604,P001279,6.4008,5.36,backflush,2
BC00003806,BOM0000604,P002009,2.3143,5.49,backflush,3
BC00003807,BOM0000604,P001068,1.0714,3.52,backflush,4
BC00003808,BOM0000604,P003017,4.328,4.68,manual_issue,5
BC00003809,BOM0000604,P001829,0.7954,5.17,manual_issue,6
BC00003810,BOM0000605,P001024,3.2408,3.93,floor_stock,1
BC00003811,BOM0000605,P001477,4.4667,3.59,backflush,2
BC00003812,BOM0000605,P002822,4.4232,0.2,backflush,3
BC00003813,BOM0000605,P002733,5.8361,1.87,manual_issue,4
BC00003814,BOM0000606,P002315,6.9101,1.86,backflush,1
BC00003815,BOM0000606,P002516,6.8979,3.59,manual_issue,2
BC00003816,BOM0000606,P001158,1.7748,5.32,backflush,3
BC00003817,BOM0000606,P000789,4.1956,1.8,manual_issue,4
BC00003818,BOM0000606,P001049,0.2302,0.36,backflush,5
BC00003819,BOM0000607,P002120,3.007,3.62,manual_issue,1
BC00003820,BOM0000607,P001654,2.2786,1.39,manual_issue,2
BC00003821,BOM0000607,P001618,7.2627,0,backflush,3
BC00003822,BOM0000607,P002828,2.6371,3.84,floor_stock,4
BC00003823,BOM0000608,P001246,6.4618,3.15,backflush,1
BC00003824,BOM0000608,P000808,5.613,3.99,backflush,2
BC00003825,BOM0000608,P002932,6.4991,3.36,backflush,3
BC00003826,BOM0000609,P002300,0.6921,1.11,backflush,1
BC00003827,BOM0000609,P001197,0.6631,2.59,backflush,2
BC00003828,BOM0000609,P002068,3.2968,2.98,manual_issue,3
BC00003829,BOM0000609,P001666,0.3495,5.44,manual_issue,4
BC00003830,BOM0000609,P001204,7.3403,1.66,backflush,5
BC00003831,BOM0000610,P002080,6.145,1.74,backflush,1
BC00003832,BOM0000610,P001567,4.2041,4.29,backflush,2
BC00003833,BOM0000610,P001257,5.1996,2.69,backflush,3
BC00003834,BOM0000610,P002717,7.4451,3.77,manual_issue,4
BC00003835,BOM0000610,P001228,7.0743,3.05,manual_issue,5
BC00003836,BOM0000610,P001790,6.9139,2.12,backflush,6
BC00003837,BOM0000611,P001250,0.938,3.55,backflush,1
BC00003838,BOM0000611,P001971,3.4302,4.39,backflush,2
BC00003839,BOM0000611,P002698,5.6967,2.48,manual_issue,3
BC00003840,BOM0000611,P001307,4.6923,3.05,floor_stock,4
BC00003841,BOM0000611,P001659,5.4693,3.39,backflush,5
BC00003842,BOM0000611,P000925,6.2126,1.85,backflush,6
BC00003843,BOM0000611,P001207,4.4784,2.73,manual_issue,7
BC00003844,BOM0000612,P001565,4.4572,1.16,manual_issue,1
BC00003845,BOM0000612,P002689,3.0744,3.72,backflush,2
BC00003846,BOM0000612,P002752,0.3693,1.55,manual_issue,3
BC00003847,BOM0000612,P001958,1.8677,2.83,backflush,4
BC00003848,BOM0000612,P000785,5.2504,2.82,manual_issue,5
BC00003849,BOM0000612,P001755,7.097,0,backflush,6
BC00003850,BOM0000612,P002099,3.3907,1.69,manual_issue,7
BC00003851,BOM0000613,P002710,5.9609,5.85,floor_stock,1
BC00003852,BOM0000613,P001878,2.3247,1.65,backflush,2
BC00003853,BOM0000613,P000942,4.2901,2.74,manual_issue,3
BC00003854,BOM0000613,P001083,0.2382,2.62,manual_issue,4
BC00003855,BOM0000613,P001708,6.8932,2.11,backflush,5
BC00003856,BOM0000613,P002068,0.6755,3.51,floor_stock,6
BC00003857,BOM0000613,P003128,2.2676,0.49,floor_stock,7
BC00003858,BOM0000613,P002315,2.1214,3.49,backflush,8
BC00003859,BOM0000614,P001036,4.8387,2.08,backflush,1
BC00003860,BOM0000614,P003177,7.2089,1.36,manual_issue,2
BC00003861,BOM0000614,P001210,1.5609,2.82,backflush,3
BC00003862,BOM0000615,P002877,4.982,2.37,floor_stock,1
BC00003863,BOM0000615,P001191,3.3783,1.73,backflush,2
BC00003864,BOM0000615,P002953,4.2372,4.3,backflush,3
BC00003865,BOM0000615,P002998,4.0474,4.5,floor_stock,4
BC00003866,BOM0000615,P002769,1.887,3.66,manual_issue,5
BC00003867,BOM0000615,P001367,7.0871,3.66,backflush,6
BC00003868,BOM0000615,P000756,3.3152,1.6,manual_issue,7
BC00003869,BOM0000615,P001033,2.7507,3.53,manual_issue,8
BC00003870,BOM0000615,P002830,0.3934,2.45,manual_issue,9
BC00003871,BOM0000615,P001034,6.4315,2.35,backflush,10
BC00003872,BOM0000616,P001957,4.531,1.1,floor_stock,1
BC00003873,BOM0000616,P001444,5.1723,2.74,backflush,2
BC00003874,BOM0000616,P002176,5.9551,2.42,backflush,3
BC00003875,BOM0000616,P001951,3.3878,0.2,manual_issue,4
BC00003876,BOM0000617,P002926,6.8239,4.68,manual_issue,1
BC00003877,BOM0000617,P001463,3.3763,2.13,manual_issue,2
BC00003878,BOM0000617,P002773,4.5284,4.98,backflush,3
BC00003879,BOM0000617,P002593,1.2548,1.67,manual_issue,4
BC00003880,BOM0000617,P002689,3.0868,0.62,backflush,5
BC00003881,BOM0000617,P000733,2.7301,4.36,floor_stock,6
BC00003882,BOM0000617,P001338,4.1649,2.83,floor_stock,7
BC00003883,BOM0000618,P002607,7.3767,2.77,backflush,1
BC00003884,BOM0000618,P002356,2.3055,2.78,backflush,2
BC00003885,BOM0000618,P001573,3.0178,3.42,manual_issue,3
BC00003886,BOM0000618,P000834,3.4796,3.62,manual_issue,4
BC00003887,BOM0000619,P002378,3.7197,2.3,backflush,1
BC00003888,BOM0000619,P001019,1.8636,2.52,floor_stock,2
BC00003889,BOM0000619,P002680,6.1615,2.85,backflush,3
BC00003890,BOM0000619,P002512,7.0291,3.71,backflush,4
BC00003891,BOM0000619,P001779,2.2374,5.26,manual_issue,5
BC00003892,BOM0000620,P003128,4.3142,2.92,backflush,1
BC00003893,BOM0000620,P000986,3.3587,5.27,manual_issue,2
BC00003894,BOM0000620,P003118,2.3431,2.98,manual_issue,3
BC00003895,BOM0000620,P002383,3.3916,3.5,backflush,4
BC00003896,BOM0000620,P000805,2.7139,1.52,manual_issue,5
BC00003897,BOM0000620,P001929,5.5227,5.2,manual_issue,6
BC00003898,BOM0000620,P002543,1.8579,2.88,backflush,7
BC00003899,BOM0000620,P001098,4.8684,0.23,manual_issue,8
BC00003900,BOM0000621,P002305,5.5897,3.08,floor_stock,1
BC00003901,BOM0000621,P002520,2.7627,3.2,backflush,2
BC00003902,BOM0000621,P002771,2.602,2.33,backflush,3
BC00003903,BOM0000621,P002743,6.566,2.2,manual_issue,4
BC00003904,BOM0000621,P002802,3.7791,1.75,backflush,5
BC00003905,BOM0000621,P001415,4.6487,3.47,manual_issue,6
BC00003906,BOM0000621,P002346,1.5848,0.56,floor_stock,7
BC00003907,BOM0000622,P003134,1.9787,5.77,manual_issue,1
BC00003908,BOM0000622,P002748,5.0779,5.1,backflush,2
BC00003909,BOM0000622,P001520,3.371,2.54,manual_issue,3
BC00003910,BOM0000622,P000673,1.491,0,backflush,4
BC00003911,BOM0000622,P002147,0.297,2.37,manual_issue,5
BC00003912,BOM0000622,P001766,6.8864,5.07,backflush,6
BC00003913,BOM0000622,P001651,0.6073,1.07,backflush,7
BC00003914,BOM0000623,P001365,0.3801,1.16,backflush,1
BC00003915,BOM0000623,P000847,3.6776,2.37,manual_issue,2
BC00003916,BOM0000623,P002544,5.3243,3.02,backflush,3
BC00003917,BOM0000624,P002191,0.7113,0,backflush,1
BC00003918,BOM0000624,P001636,6.2324,3.89,backflush,2
BC00003919,BOM0000624,P001885,3.9785,2.73,backflush,3
BC00003920,BOM0000624,P002847,5.9748,0.8,backflush,4
BC00003921,BOM0000624,P002103,1.3947,3.79,manual_issue,5
BC00003922,BOM0000624,P002637,2.0698,4.34,backflush,6
BC00003923,BOM0000624,P002808,3.1736,4.66,manual_issue,7
BC00003924,BOM0000624,P001575,4.6684,0,backflush,8
BC00003925,BOM0000624,P002418,5.4196,2.38,manual_issue,9
BC00003926,BOM0000624,P001288,5.4793,2.66,floor_stock,10
BC00003927,BOM0000625,P002211,5.8203,1.82,backflush,1
BC00003928,BOM0000625,P002014,2.4719,2.09,backflush,2
BC00003929,BOM0000625,P002666,6.3213,6.41,manual_issue,3
BC00003930,BOM0000625,P001824,4.0457,4.82,floor_stock,4
BC00003931,BOM0000625,P002893,7.0608,3.12,backflush,5
BC00003932,BOM0000625,P002036,1.4249,3.45,manual_issue,6
BC00003933,BOM0000625,P001168,1.2002,2.31,backflush,7
BC00003934,BOM0000625,P003035,4.8033,1.81,floor_stock,8
BC00003935,BOM0000625,P001370,0.8896,1.32,manual_issue,9
BC00003936,BOM0000626,P002995,7.1408,3.82,backflush,1
BC00003937,BOM0000626,P001543,4.2008,1.12,backflush,2
BC00003938,BOM0000626,P002730,5.7241,1.32,backflush,3
BC00003939,BOM0000626,P001400,5.1393,2.89,floor_stock,4
BC00003940,BOM0000627,P000651,0.695,0.53,backflush,1
BC00003941,BOM0000627,P000652,5.4258,4.15,manual_issue,2
BC00003942,BOM0000627,P003119,5.444,3.38,backflush,3
BC00003943,BOM0000627,P001281,6.473,0.83,backflush,4
BC00003944,BOM0000627,P002065,2.292,1.5,backflush,5
BC00003945,BOM0000627,P001208,3.5864,2.31,floor_stock,6
BC00003946,BOM0000628,P003039,5.5009,1.54,floor_stock,1
BC00003947,BOM0000628,P001189,0.9331,4.23,backflush,2
BC00003948,BOM0000628,P003082,5.9431,1.36,floor_stock,3
BC00003949,BOM0000628,P000890,7.4352,1.23,backflush,4
BC00003950,BOM0000628,P002705,3.781,1.29,manual_issue,5
BC00003951,BOM0000628,P001596,6.3989,4.2,manual_issue,6
BC00003952,BOM0000628,P002082,3.0816,2.29,manual_issue,7
BC00003953,BOM0000629,P002599,5.6646,2.94,floor_stock,1
BC00003954,BOM0000629,P002437,6.4615,0.84,manual_issue,2
BC00003955,BOM0000629,P000953,5.0466,4.38,backflush,3
BC00003956,BOM0000629,P001612,6.8728,4.02,manual_issue,4
BC00003957,BOM0000629,P000916,3.9405,4.61,backflush,5
BC00003958,BOM0000629,P002360,3.8595,2.98,floor_stock,6
BC00003959,BOM0000629,P003005,5.1821,2.31,backflush,7
BC00003960,BOM0000630,P003077,1.5027,3.67,backflush,1
BC00003961,BOM0000630,P002446,2.0259,6.39,backflush,2
BC00003962,BOM0000630,P002844,1.1757,3.56,backflush,3
BC00003963,BOM0000630,P001516,6.602,2.0,manual_issue,4
BC00003964,BOM0000630,P001830,4.4314,1.86,backflush,5
BC00003965,BOM0000630,P001820,5.1985,3.9,manual_issue,6
BC00003966,BOM0000630,P002274,2.1683,2.75,backflush,7
BC00003967,BOM0000631,P002250,2.1387,5.67,manual_issue,1
BC00003968,BOM0000631,P001514,5.895,3.38,backflush,2
BC00003969,BOM0000631,P002039,6.3901,4.16,manual_issue,3
BC00003970,BOM0000631,P001592,0.6271,2.58,manual_issue,4
BC00003971,BOM0000631,P002873,1.5834,1.49,backflush,5
BC00003972,BOM0000631,P002962,6.6084,3.33,backflush,6
BC00003973,BOM0000631,P002044,7.2778,3.16,backflush,7
BC00003974,BOM0000631,P002971,2.9018,8.62,backflush,8
BC00003975,BOM0000631,P001975,0.3233,1.78,backflush,9
BC00003976,BOM0000632,P002842,5.1552,3.41,backflush,1
BC00003977,BOM0000632,P002170,2.1714,2.59,backflush,2
BC00003978,BOM0000632,P002670,1.7007,2.8,backflush,3
BC00003979,BOM0000632,P001540,1.4789,3.58,backflush,4
BC00003980,BOM0000632,P002828,5.8081,2.11,floor_stock,5
BC00003981,BOM0000633,P002634,4.8391,2.12,manual_issue,1
BC00003982,BOM0000633,P000956,6.4691,3.17,backflush,2
BC00003983,BOM0000633,P001385,0.3248,0,floor_stock,3
BC00003984,BOM0000634,P002688,5.5018,1.71,manual_issue,1
BC00003985,BOM0000634,P000740,4.5132,0,manual_issue,2
BC00003986,BOM0000634,P003123,4.011,3.23,manual_issue,3
BC00003987,BOM0000635,P002883,2.8319,2.88,backflush,1
BC00003988,BOM0000635,P002194,2.8965,3.19,backflush,2
BC00003989,BOM0000635,P002207,3.3649,2.71,manual_issue,3
BC00003990,BOM0000635,P000804,2.3266,1.89,manual_issue,4
BC00003991,BOM0000636,P001589,5.1655,0.29,floor_stock,1
BC00003992,BOM0000636,P000766,3.7566,2.78,backflush,2
BC00003993,BOM0000636,P001612,2.1785,0.47,backflush,3
BC00003994,BOM0000636,P002934,3.8529,3.03,backflush,4
BC00003995,BOM0000636,P003150,4.4297,1.92,backflush,5
BC00003996,BOM0000636,P000863,0.7051,4.31,backflush,6
BC00003997,BOM0000636,P003192,5.7374,4.03,floor_stock,7
BC00003998,BOM0000636,P001749,1.7367,4.59,manual_issue,8
BC00003999,BOM0000636,P002404,6.3827,1.73,backflush,9
BC00004000,BOM0000636,P001870,3.9004,3.13,manual_issue,10
BC00004001,BOM0000637,P001930,6.6082,1.77,manual_issue,1
BC00004002,BOM0000637,P000973,4.2283,0,backflush,2
BC00004003,BOM0000637,P002780,2.0229,4.81,backflush,3
BC00004004,BOM0000638,P001253,5.7192,2.49,backflush,1
BC00004005,BOM0000638,P001628,4.8817,5.16,backflush,2
BC00004006,BOM0000638,P001223,1.1028,4.02,backflush,3
BC00004007,BOM0000638,P002332,0.6303,4.37,backflush,4
BC00004008,BOM0000638,P000814,2.6143,5.79,backflush,5
BC00004009,BOM0000638,P001944,1.4019,3.09,backflush,6
BC00004010,BOM0000638,P002205,7.4552,1.09,backflush,7
BC00004011,BOM0000638,P001551,3.1209,2.24,floor_stock,8
BC00004012,BOM0000638,P001350,5.0965,4.15,backflush,9
BC00004013,BOM0000638,P002746,3.9005,0.14,backflush,10
BC00004014,BOM0000639,P001406,4.9513,3.93,backflush,1
BC00004015,BOM0000639,P001346,0.3998,2.37,manual_issue,2
BC00004016,BOM0000639,P002980,3.8715,1.11,backflush,3
BC00004017,BOM0000639,P000738,6.7123,0.97,floor_stock,4
BC00004018,BOM0000639,P002207,3.3497,5.58,backflush,5
BC00004019,BOM0000639,P002009,4.5026,1.49,backflush,6
BC00004020,BOM0000639,P002327,1.5741,1.44,manual_issue,7
BC00004021,BOM0000639,P002849,7.0113,3.37,manual_issue,8
BC00004022,BOM0000639,P003088,4.5412,2.89,backflush,9
BC00004023,BOM0000639,P003046,5.1188,2.19,backflush,10
BC00004024,BOM0000640,P001216,0.4378,4.48,manual_issue,1
BC00004025,BOM0000640,P003014,5.5226,0.83,backflush,2
BC00004026,BOM0000640,P002815,1.0619,0.54,manual_issue,3
BC00004027,BOM0000640,P002096,2.3769,5.8,backflush,4
BC00004028,BOM0000640,P002228,7.082,0,backflush,5
BC00004029,BOM0000641,P002413,1.9435,1.2,manual_issue,1
BC00004030,BOM0000641,P001279,1.4043,2.52,backflush,2
BC00004031,BOM0000641,P002928,2.1089,3.68,backflush,3
BC00004032,BOM0000641,P001989,6.8303,2.57,backflush,4
BC00004033,BOM0000642,P003184,5.9102,5.06,backflush,1
BC00004034,BOM0000642,P002855,0.793,3.08,floor_stock,2
BC00004035,BOM0000642,P002602,4.1758,3.81,backflush,3
BC00004036,BOM0000642,P001105,5.8046,2.62,backflush,4
BC00004037,BOM0000642,P002445,2.149,4.59,backflush,5
BC00004038,BOM0000642,P001063,3.7679,3.98,backflush,6
BC00004039,BOM0000642,P002011,5.9212,2.82,floor_stock,7
BC00004040,BOM0000642,P002997,6.2369,4.61,backflush,8
BC00004041,BOM0000643,P002980,5.6524,5.06,backflush,1
BC00004042,BOM0000643,P003194,2.8311,3.47,backflush,2
BC00004043,BOM0000643,P002559,6.3744,0.94,backflush,3
BC00004044,BOM0000643,P002398,4.9369,2.59,floor_stock,4
BC00004045,BOM0000643,P001067,7.303,3.46,backflush,5
BC00004046,BOM0000643,P001127,1.3226,2.27,manual_issue,6
BC00004047,BOM0000643,P001442,2.8778,2.2,floor_stock,7
BC00004048,BOM0000643,P001738,4.5318,3.5,backflush,8
BC00004049,BOM0000643,P002412,7.1983,0.93,manual_issue,9
BC00004050,BOM0000643,P002069,1.1779,3.38,backflush,10
BC00004051,BOM0000644,P001052,7.1446,5.26,manual_issue,1
BC00004052,BOM0000644,P002167,0.5134,2.22,floor_stock,2
BC00004053,BOM0000644,P003165,3.853,0.93,backflush,3
BC00004054,BOM0000645,P003143,4.6863,2.33,backflush,1
BC00004055,BOM0000645,P002971,4.581,3.52,backflush,2
BC00004056,BOM0000645,P001348,5.7307,2.72,backflush,3
BC00004057,BOM0000645,P001558,0.6142,3.41,manual_issue,4
BC00004058,BOM0000645,P000887,1.1366,2.34,manual_issue,5
BC00004059,BOM0000645,P002634,2.4255,2.74,manual_issue,6
BC00004060,BOM0000645,P002731,6.5865,3.2,manual_issue,7
BC00004061,BOM0000645,P002544,6.7399,2.46,backflush,8
BC00004062,BOM0000645,P001729,0.9703,2.91,backflush,9
BC00004063,BOM0000645,P000964,6.6775,2.63,manual_issue,10
BC00004064,BOM0000646,P002155,2.2056,2.26,manual_issue,1
BC00004065,BOM0000646,P002038,5.5478,2.9,backflush,2
BC00004066,BOM0000646,P001634,0.606,2.69,backflush,3
BC00004067,BOM0000647,P001939,4.7665,5.79,floor_stock,1
BC00004068,BOM0000647,P001838,0.436,4.04,backflush,2
BC00004069,BOM0000647,P003105,7.1626,4.0,backflush,3
BC00004070,BOM0000647,P001157,4.4001,4.13,backflush,4
BC00004071,BOM0000647,P002793,3.7156,1.97,manual_issue,5
BC00004072,BOM0000647,P000906,6.6011,3.47,floor_stock,6
BC00004073,BOM0000647,P000712,6.4845,1.67,manual_issue,7
BC00004074,BOM0000648,P002380,4.6523,1.03,manual_issue,1
BC00004075,BOM0000648,P001853,4.237,3.92,manual_issue,2
BC00004076,BOM0000648,P002234,6.612,4.8,backflush,3
BC00004077,BOM0000648,P001506,5.9944,3.44,manual_issue,4
BC00004078,BOM0000649,P002684,4.0517,2.54,manual_issue,1
BC00004079,BOM0000649,P001506,3.2801,7.01,floor_stock,2
BC00004080,BOM0000649,P001461,4.9938,1.32,backflush,3
BC00004081,BOM0000649,P001060,1.1073,5.26,manual_issue,4
BC00004082,BOM0000649,P002439,2.611,2.17,manual_issue,5
BC00004083,BOM0000649,P003150,5.0476,2.31,backflush,6
BC00004084,BOM0000650,P002574,2.2958,3.3,backflush,1
BC00004085,BOM0000650,P001368,2.0418,3.89,manual_issue,2
BC00004086,BOM0000650,P000659,1.7296,1.27,backflush,3
BC00004087,BOM0000651,P000934,4.8764,1.96,backflush,1
BC00004088,BOM0000651,P002966,2.5408,2.65,floor_stock,2
BC00004089,BOM0000651,P002626,0.1604,1.27,backflush,3
BC00004090,BOM0000651,P001595,6.3255,0,backflush,4
BC00004091,BOM0000651,P001278,5.866,0.63,floor_stock,5
BC00004092,BOM0000651,P002608,0.4923,2.17,backflush,6
BC00004093,BOM0000651,P002851,4.3387,2.7,manual_issue,7
BC00004094,BOM0000651,P002540,0.3206,3.74,backflush,8
BC00004095,BOM0000651,P000734,6.2561,0.4,backflush,9
BC00004096,BOM0000652,P002822,7.0631,1.82,backflush,1
BC00004097,BOM0000652,P001751,1.9051,3.93,backflush,2
BC00004098,BOM0000652,P000707,5.2629,0,manual_issue,3
BC00004099,BOM0000652,P001352,4.143,3.31,backflush,4
BC00004100,BOM0000652,P002246,2.2659,4.27,backflush,5
BC00004101,BOM0000652,P002294,1.6199,0.26,backflush,6
BC00004102,BOM0000652,P002415,5.5938,3.63,backflush,7
BC00004103,BOM0000652,P000942,6.9262,4.38,backflush,8
BC00004104,BOM0000652,P002785,3.5615,3.41,backflush,9
BC00004105,BOM0000652,P001405,1.791,0.08,manual_issue,10
BC00004106,BOM0000653,P001099,5.0612,0.78,floor_stock,1
BC00004107,BOM0000653,P001377,5.6325,1.31,manual_issue,2
BC00004108,BOM0000653,P001417,5.3431,2.63,manual_issue,3
BC00004109,BOM0000653,P001465,0.6867,2.59,manual_issue,4
BC00004110,BOM0000653,P002423,5.3904,4.09,backflush,5
BC00004111,BOM0000653,P001840,4.0099,5.76,floor_stock,6
BC00004112,BOM0000654,P001473,4.6537,3.27,floor_stock,1
BC00004113,BOM0000654,P002117,4.1698,1.74,backflush,2
BC00004114,BOM0000654,P001523,4.0489,0.52,manual_issue,3
BC00004115,BOM0000654,P003110,3.3813,3.85,backflush,4
BC00004116,BOM0000654,P001715,1.6128,2.39,backflush,5
BC00004117,BOM0000654,P002154,0.8881,4.78,backflush,6
BC00004118,BOM0000654,P002438,0.8172,0.71,backflush,7
BC00004119,BOM0000654,P001487,3.3901,2.35,backflush,8
BC00004120,BOM0000654,P002096,1.6427,3.22,floor_stock,9
BC00004121,BOM0000654,P002046,6.288,3.41,floor_stock,10
BC00004122,BOM0000655,P002585,6.9911,7.18,floor_stock,1
BC00004123,BOM0000655,P001248,4.7757,3.23,floor_stock,2
BC00004124,BOM0000655,P002852,6.0487,0.19,manual_issue,3
BC00004125,BOM0000655,P001071,6.7552,1.55,manual_issue,4
BC00004126,BOM0000655,P002343,5.9693,2.46,backflush,5
BC00004127,BOM0000655,P002285,6.5541,3.4,backflush,6
BC00004128,BOM0000655,P001144,1.6611,3.71,manual_issue,7
BC00004129,BOM0000655,P001069,0.3541,5.21,backflush,8
BC00004130,BOM0000655,P002893,1.0411,2.76,backflush,9
BC00004131,BOM0000655,P000880,5.7651,3.3,manual_issue,10
BC00004132,BOM0000656,P002014,2.2699,3.31,backflush,1
BC00004133,BOM0000656,P001066,5.7781,0.69,manual_issue,2
BC00004134,BOM0000656,P002092,0.848,2.61,backflush,3
BC00004135,BOM0000656,P001194,5.4287,0,manual_issue,4
BC00004136,BOM0000656,P000781,0.2064,1.36,backflush,5
BC00004137,BOM0000656,P001757,2.1867,1.13,backflush,6
BC00004138,BOM0000656,P003032,0.8798,1.73,backflush,7
BC00004139,BOM0000657,P002641,1.1277,2.51,manual_issue,1
BC00004140,BOM0000657,P001075,2.0528,0.43,backflush,2
BC00004141,BOM0000657,P001503,4.8833,2.25,floor_stock,3
BC00004142,BOM0000657,P001220,0.1849,4.67,manual_issue,4
BC00004143,BOM0000657,P000838,4.285,2.22,backflush,5
BC00004144,BOM0000657,P001087,3.8115,3.75,backflush,6
BC00004145,BOM0000658,P003081,3.66,2.18,manual_issue,1
BC00004146,BOM0000658,P002367,3.3006,3.83,floor_stock,2
BC00004147,BOM0000658,P001654,2.6829,3.33,manual_issue,3
BC00004148,BOM0000658,P001677,0.5962,2.17,manual_issue,4
BC00004149,BOM0000658,P001653,2.0946,3.17,manual_issue,5
BC00004150,BOM0000658,P001031,3.2355,4.86,backflush,6
BC00004151,BOM0000659,P002550,0.3732,3.37,backflush,1
BC00004152,BOM0000659,P001087,1.0991,1.02,manual_issue,2
BC00004153,BOM0000659,P000664,5.0166,3.31,manual_issue,3
BC00004154,BOM0000659,P001711,4.7101,1.68,backflush,4
BC00004155,BOM0000659,P002487,7.3761,2.11,manual_issue,5
BC00004156,BOM0000659,P002194,0.3351,0.88,manual_issue,6
BC00004157,BOM0000659,P002220,5.6872,1.85,backflush,7
BC00004158,BOM0000659,P001890,6.1668,4.02,floor_stock,8
BC00004159,BOM0000659,P002021,5.0561,1.17,manual_issue,9
BC00004160,BOM0000659,P003138,2.4176,1.72,backflush,10
BC00004161,BOM0000660,P002211,4.3931,1.58,backflush,1
BC00004162,BOM0000660,P002505,3.4694,2.12,manual_issue,2
BC00004163,BOM0000660,P002490,4.9201,1.09,backflush,3
BC00004164,BOM0000661,P000673,3.9594,1.85,floor_stock,1
BC00004165,BOM0000661,P000762,3.2884,2.47,backflush,2
BC00004166,BOM0000661,P003110,4.1595,5.27,manual_issue,3
BC00004167,BOM0000661,P000700,4.1327,2.97,backflush,4
BC00004168,BOM0000661,P001634,1.3226,2.14,backflush,5
BC00004169,BOM0000661,P001752,5.591,2.33,backflush,6
BC00004170,BOM0000661,P001738,1.7468,2.13,manual_issue,7
BC00004171,BOM0000662,P002542,0.7444,4.16,backflush,1
BC00004172,BOM0000662,P001804,6.794,2.56,backflush,2
BC00004173,BOM0000662,P002171,3.2123,0.42,manual_issue,3
BC00004174,BOM0000662,P001151,0.6121,2.35,floor_stock,4
BC00004175,BOM0000662,P002928,1.6806,0.77,backflush,5
BC00004176,BOM0000663,P003103,1.6897,1.92,manual_issue,1
BC00004177,BOM0000663,P002574,5.7469,3.59,backflush,2
BC00004178,BOM0000663,P001236,6.7986,3.24,manual_issue,3
BC00004179,BOM0000663,P003126,4.9629,1.64,manual_issue,4
BC00004180,BOM0000663,P000946,4.2098,1.37,manual_issue,5
BC00004181,BOM0000663,P001979,7.2605,0.59,backflush,6
BC00004182,BOM0000663,P001750,1.8169,0.37,floor_stock,7
BC00004183,BOM0000663,P000915,0.4453,2.39,backflush,8
BC00004184,BOM0000664,P000712,3.919,3.22,backflush,1
BC00004185,BOM0000664,P001196,3.9701,2.02,backflush,2
BC00004186,BOM0000664,P003053,6.0301,1.6,floor_stock,3
BC00004187,BOM0000664,P002572,0.5681,4.46,manual_issue,4
BC00004188,BOM0000664,P002983,4.6313,1.9,manual_issue,5
BC00004189,BOM0000664,P002632,5.2757,4.1,backflush,6
BC00004190,BOM0000665,P001244,4.05,1.22,floor_stock,1
BC00004191,BOM0000665,P001604,3.6631,1.86,backflush,2
BC00004192,BOM0000665,P001803,4.7706,4.2,backflush,3
BC00004193,BOM0000665,P002076,1.5673,1.75,floor_stock,4
BC00004194,BOM0000665,P002661,1.1307,2.91,manual_issue,5
BC00004195,BOM0000665,P002402,6.9466,2.23,manual_issue,6
BC00004196,BOM0000666,P001795,1.3441,4.18,backflush,1
BC00004197,BOM0000666,P000757,5.2007,0,backflush,2
BC00004198,BOM0000666,P003145,3.9394,1.85,manual_issue,3
BC00004199,BOM0000666,P000833,6.2596,2.82,manual_issue,4
BC00004200,BOM0000666,P001764,5.0334,2.58,backflush,5
BC00004201,BOM0000666,P002104,7.3776,2.34,backflush,6
BC00004202,BOM0000666,P001054,5.6508,3.41,backflush,7
BC00004203,BOM0000666,P000819,5.2186,0.81,backflush,8
BC00004204,BOM0000666,P002118,4.7061,2.76,backflush,9
BC00004205,BOM0000666,P002284,2.2728,4.91,floor_stock,10
BC00004206,BOM0000667,P001755,1.307,1.92,backflush,1
BC00004207,BOM0000667,P001065,7.3604,0.59,backflush,2
BC00004208,BOM0000667,P001242,1.7898,0.6,backflush,3
BC00004209,BOM0000667,P002275,6.3196,4.04,backflush,4
BC00004210,BOM0000667,P003121,6.3898,3.02,floor_stock,5
BC00004211,BOM0000667,P002874,0.2833,1.26,manual_issue,6
BC00004212,BOM0000667,P002076,0.9961,3.86,manual_issue,7
BC00004213,BOM0000668,P001449,0.3859,2.31,floor_stock,1
BC00004214,BOM0000668,P003163,0.5919,0.85,backflush,2
BC00004215,BOM0000668,P000977,6.3243,1.32,manual_issue,3
BC00004216,BOM0000668,P001475,2.0527,2.97,backflush,4
BC00004217,BOM0000668,P003053,5.8696,3.76,backflush,5
BC00004218,BOM0000668,P002055,5.4836,0.97,manual_issue,6
BC00004219,BOM0000669,P001761,1.7976,2.84,backflush,1
BC00004220,BOM0000669,P000899,0.411,4.34,manual_issue,2
BC00004221,BOM0000669,P001620,4.5721,2.43,manual_issue,3
BC00004222,BOM0000669,P003032,7.4722,2.69,manual_issue,4
BC00004223,BOM0000669,P002992,7.2993,3.39,backflush,5
BC00004224,BOM0000669,P001180,5.6383,5.32,manual_issue,6
BC00004225,BOM0000669,P001138,4.9461,1.88,backflush,7
BC00004226,BOM0000669,P002482,6.0638,0.21,manual_issue,8
BC00004227,BOM0000669,P001024,2.6596,2.25,manual_issue,9
BC00004228,BOM0000670,P002027,1.6618,2.08,manual_issue,1
BC00004229,BOM0000670,P002519,1.5167,3.25,manual_issue,2
BC00004230,BOM0000670,P000843,1.45,2.85,manual_issue,3
BC00004231,BOM0000670,P002406,5.3781,0.22,backflush,4
BC00004232,BOM0000670,P002295,2.5494,0.91,backflush,5
BC00004233,BOM0000670,P001210,3.9277,1.8,backflush,6
BC00004234,BOM0000670,P000679,4.4728,2.44,backflush,7
BC00004235,BOM0000670,P001042,2.5675,1.96,backflush,8
BC00004236,BOM0000670,P000900,5.9892,4.0,manual_issue,9
BC00004237,BOM0000670,P001718,6.8095,0.64,backflush,10
BC00004238,BOM0000671,P001834,7.2174,5.29,backflush,1
BC00004239,BOM0000671,P002687,2.5251,4.07,backflush,2
BC00004240,BOM0000671,P002960,5.7856,1.87,backflush,3
BC00004241,BOM0000671,P000713,5.622,2.7,floor_stock,4
BC00004242,BOM0000671,P002860,5.6044,0,backflush,5
BC00004243,BOM0000671,P003191,6.8731,1.99,backflush,6
BC00004244,BOM0000671,P002824,4.3788,1.2,floor_stock,7
BC00004245,BOM0000671,P002668,5.2978,4.23,floor_stock,8
BC00004246,BOM0000672,P001172,2.0222,0,manual_issue,1
BC00004247,BOM0000672,P000736,0.6421,4.05,floor_stock,2
BC00004248,BOM0000672,P001445,2.6375,2.44,backflush,3
BC00004249,BOM0000672,P002659,4.6438,7.2,backflush,4
BC00004250,BOM0000673,P000666,4.4238,5.35,floor_stock,1
BC00004251,BOM0000673,P002134,2.0465,0.17,manual_issue,2
BC00004252,BOM0000673,P002327,6.0576,2.52,floor_stock,3
BC00004253,BOM0000673,P002359,2.9219,3.42,backflush,4
BC00004254,BOM0000674,P002916,4.8314,1.83,backflush,1
BC00004255,BOM0000674,P001450,3.665,2.35,backflush,2
BC00004256,BOM0000674,P001031,6.1992,5.18,manual_issue,3
BC00004257,BOM0000674,P001954,5.37,4.09,backflush,4
BC00004258,BOM0000674,P000916,5.1074,4.92,backflush,5
BC00004259,BOM0000674,P001900,4.4472,3.64,backflush,6
BC00004260,BOM0000674,P002842,2.0323,2.83,backflush,7
BC00004261,BOM0000674,P002157,5.8797,2.95,backflush,8
BC00004262,BOM0000675,P002222,3.2212,2.24,manual_issue,1
BC00004263,BOM0000675,P002731,6.4101,1.09,backflush,2
BC00004264,BOM0000675,P001699,0.9928,0.79,backflush,3
BC00004265,BOM0000675,P002136,7.2956,2.68,manual_issue,4
BC00004266,BOM0000675,P001753,7.2986,0,backflush,5
BC00004267,BOM0000676,P000893,2.4177,3.69,backflush,1
BC00004268,BOM0000676,P001898,0.4885,2.71,manual_issue,2
BC00004269,BOM0000676,P000867,1.4333,0.41,backflush,3
BC00004270,BOM0000676,P002763,2.4176,2.55,backflush,4
BC00004271,BOM0000676,P000838,4.7735,2.69,backflush,5
BC00004272,BOM0000676,P002808,4.7963,0,backflush,6
BC00004273,BOM0000676,P001227,4.5011,0.76,floor_stock,7
BC00004274,BOM0000676,P001073,5.0552,4.28,manual_issue,8
BC00004275,BOM0000676,P001103,6.258,0.61,backflush,9
BC00004276,BOM0000676,P002031,6.0333,3.79,manual_issue,10
BC00004277,BOM0000677,P000789,1.3806,1.65,backflush,1
BC00004278,BOM0000677,P002074,6.4121,4.16,backflush,2
BC00004279,BOM0000677,P001930,5.4488,1.0,backflush,3
BC00004280,BOM0000677,P003070,3.4759,1.26,backflush,4
BC00004281,BOM0000677,P000951,5.8094,4.27,backflush,5
BC00004282,BOM0000677,P002132,5.1533,2.5,floor_stock,6
BC00004283,BOM0000677,P002487,3.6113,0.74,manual_issue,7
BC00004284,BOM0000678,P000660,4.4342,0.08,backflush,1
BC00004285,BOM0000678,P002503,4.0223,2.7,backflush,2
BC00004286,BOM0000678,P001737,3.089,1.06,manual_issue,3
BC00004287,BOM0000678,P001756,3.8371,1.74,backflush,4
BC00004288,BOM0000678,P002703,5.5632,3.53,backflush,5
BC00004289,BOM0000678,P002583,3.1157,3.97,backflush,6
BC00004290,BOM0000678,P001779,7.4066,4.04,floor_stock,7
BC00004291,BOM0000678,P001626,5.2685,1.22,manual_issue,8
BC00004292,BOM0000678,P002536,1.6948,5.48,manual_issue,9
BC00004293,BOM0000678,P001559,1.639,1.61,backflush,10
BC00004294,BOM0000679,P001251,7.489,4.29,floor_stock,1
BC00004295,BOM0000679,P002148,1.4346,2.77,backflush,2
BC00004296,BOM0000679,P003121,7.141,4.03,backflush,3
BC00004297,BOM0000679,P002395,4.3936,1.17,floor_stock,4
BC00004298,BOM0000679,P002561,7.1923,5.14,manual_issue,5
BC00004299,BOM0000679,P001180,6.4667,5.18,manual_issue,6
BC00004300,BOM0000679,P003005,0.7682,2.56,backflush,7
BC00004301,BOM0000679,P001900,6.5412,5.16,manual_issue,8
BC00004302,BOM0000680,P001220,7.0077,3.51,floor_stock,1
BC00004303,BOM0000680,P000878,6.3782,6.59,manual_issue,2
BC00004304,BOM0000680,P002007,7.2047,3.25,backflush,3
BC00004305,BOM0000680,P002763,6.4778,5.98,backflush,4
BC00004306,BOM0000680,P000705,3.2901,2.21,backflush,5
BC00004307,BOM0000680,P001907,1.6745,2.14,manual_issue,6
BC00004308,BOM0000680,P001426,3.8016,2.42,manual_issue,7
BC00004309,BOM0000680,P001197,6.128,0,backflush,8
BC00004310,BOM0000680,P002849,2.0059,4.7,backflush,9
BC00004311,BOM0000680,P002966,7.0572,1.92,manual_issue,10
BC00004312,BOM0000681,P002451,7.2072,2.39,backflush,1
BC00004313,BOM0000681,P002117,6.8491,2.23,backflush,2
BC00004314,BOM0000681,P000695,4.6407,0,backflush,3
BC00004315,BOM0000681,P002559,7.389,3.21,backflush,4
BC00004316,BOM0000681,P000974,1.4601,3.48,manual_issue,5
BC00004317,BOM0000682,P000747,5.6189,2.27,manual_issue,1
BC00004318,BOM0000682,P001614,6.4142,3.67,backflush,2
BC00004319,BOM0000682,P002288,6.8726,4.36,manual_issue,3
BC00004320,BOM0000682,P001071,3.7312,1.82,backflush,4
BC00004321,BOM0000683,P000663,1.2128,3.38,manual_issue,1
BC00004322,BOM0000683,P002880,2.0352,0.88,backflush,2
BC00004323,BOM0000683,P003002,1.6997,3.94,manual_issue,3
BC00004324,BOM0000683,P002556,4.9865,3.31,manual_issue,4
BC00004325,BOM0000684,P002010,1.0079,3.49,manual_issue,1
BC00004326,BOM0000684,P001316,1.7514,2.42,floor_stock,2
BC00004327,BOM0000684,P002908,3.0024,3.57,manual_issue,3
BC00004328,BOM0000684,P001942,5.215,5.01,backflush,4
BC00004329,BOM0000684,P002333,6.7675,3.36,backflush,5
BC00004330,BOM0000685,P000787,0.7567,4.82,backflush,1
BC00004331,BOM0000685,P002764,7.4718,0.88,backflush,2
BC00004332,BOM0000685,P003046,7.1265,3.09,backflush,3
BC00004333,BOM0000685,P003064,5.3942,2.36,floor_stock,4
BC00004334,BOM0000685,P000674,4.2861,5.95,manual_issue,5
BC00004335,BOM0000685,P001921,5.0841,1.86,backflush,6
BC00004336,BOM0000685,P002690,6.2038,3.48,backflush,7
BC00004337,BOM0000686,P001227,2.277,2.68,manual_issue,1
BC00004338,BOM0000686,P002037,1.0364,4.23,backflush,2
BC00004339,BOM0000686,P002464,6.6076,2.36,manual_issue,3
BC00004340,BOM0000686,P001431,6.5673,4.28,manual_issue,4
BC00004341,BOM0000686,P002664,4.4937,1.84,backflush,5
BC00004342,BOM0000687,P002701,1.2665,3.37,backflush,1
BC00004343,BOM0000687,P002172,1.0696,2.66,floor_stock,2
BC00004344,BOM0000687,P001742,1.907,1.22,backflush,3
BC00004345,BOM0000687,P003154,6.4509,2.5,floor_stock,4
BC00004346,BOM0000687,P002660,5.6014,1.67,backflush,5
BC00004347,BOM0000687,P002521,6.354,1.93,manual_issue,6
BC00004348,BOM0000688,P002379,3.0394,0,backflush,1
BC00004349,BOM0000688,P002214,4.1214,0.42,backflush,2
BC00004350,BOM0000688,P003059,1.3631,4.87,backflush,3
BC00004351,BOM0000688,P003108,6.9688,2.44,backflush,4
BC00004352,BOM0000689,P002270,1.1948,2.69,backflush,1
BC00004353,BOM0000689,P002472,5.5777,6.03,manual_issue,2
BC00004354,BOM0000689,P000841,1.8222,0.82,manual_issue,3
BC00004355,BOM0000689,P001903,5.1179,3.38,backflush,4
BC00004356,BOM0000689,P002949,5.4832,1.04,backflush,5
BC00004357,BOM0000689,P002752,6.721,1.26,manual_issue,6
BC00004358,BOM0000689,P001391,2.0394,0.55,floor_stock,7
BC00004359,BOM0000689,P002541,6.0137,0.97,backflush,8
BC00004360,BOM0000689,P001288,1.2101,4.08,manual_issue,9
BC00004361,BOM0000690,P001772,3.4954,0.87,floor_stock,1
BC00004362,BOM0000690,P001617,5.0399,3.76,backflush,2
BC00004363,BOM0000690,P000942,4.4004,0,manual_issue,3
BC00004364,BOM0000690,P001780,6.4382,8.35,backflush,4
BC00004365,BOM0000690,P001400,5.0688,2.31,floor_stock,5
BC00004366,BOM0000690,P001365,4.1845,2.11,manual_issue,6
BC00004367,BOM0000690,P001514,7.4859,2.31,backflush,7
BC00004368,BOM0000690,P001194,2.3253,5.11,manual_issue,8
BC00004369,BOM0000690,P002321,6.1547,2.33,manual_issue,9
BC00004370,BOM0000691,P000669,0.2768,2.77,backflush,1
BC00004371,BOM0000691,P002721,2.9819,5.4,backflush,2
BC00004372,BOM0000691,P002017,4.4244,2.88,manual_issue,3
BC00004373,BOM0000691,P003008,7.0195,4.17,manual_issue,4
BC00004374,BOM0000691,P003007,1.0816,0.22,floor_stock,5
BC00004375,BOM0000691,P001674,0.4452,2.11,backflush,6
BC00004376,BOM0000691,P001345,3.2395,2.27,floor_stock,7
BC00004377,BOM0000692,P000925,0.3094,0,manual_issue,1
BC00004378,BOM0000692,P002127,5.3769,2.94,backflush,2
BC00004379,BOM0000692,P003176,5.0294,2.88,backflush,3
BC00004380,BOM0000692,P002207,3.77,0.35,backflush,4
BC00004381,BOM0000692,P003186,5.7374,4.8,floor_stock,5
BC00004382,BOM0000692,P001649,2.7576,4.19,backflush,6
BC00004383,BOM0000692,P002776,0.9494,3.82,backflush,7
BC00004384,BOM0000692,P001752,0.4621,4.89,backflush,8
BC00004385,BOM0000693,P001305,2.2734,2.09,backflush,1
BC00004386,BOM0000693,P002132,6.8601,3.65,floor_stock,2
BC00004387,BOM0000693,P002971,0.399,1.78,backflush,3
BC00004388,BOM0000693,P002304,2.303,1.94,backflush,4
BC00004389,BOM0000693,P001517,1.3005,0.76,manual_issue,5
BC00004390,BOM0000693,P001358,4.8965,3.25,backflush,6
BC00004391,BOM0000693,P002548,3.9665,4.02,backflush,7
BC00004392,BOM0000693,P000808,1.7691,1.58,backflush,8
BC00004393,BOM0000693,P002097,6.652,3.13,floor_stock,9
BC00004394,BOM0000693,P002596,4.9252,5.13,backflush,10
BC00004395,BOM0000694,P001978,0.6894,3.23,manual_issue,1
BC00004396,BOM0000694,P000887,3.3553,0.32,backflush,2
BC00004397,BOM0000694,P001366,1.3206,4.38,floor_stock,3
BC00004398,BOM0000694,P001130,5.5089,2.54,manual_issue,4
BC00004399,BOM0000695,P001826,6.475,3.15,manual_issue,1
BC00004400,BOM0000695,P001799,3.3632,2.88,backflush,2
BC00004401,BOM0000695,P002077,5.5074,4.17,floor_stock,3
BC00004402,BOM0000695,P002981,5.4583,0.34,manual_issue,4
BC00004403,BOM0000695,P001776,2.6485,3.59,backflush,5
BC00004404,BOM0000695,P001138,3.4963,3.54,backflush,6
BC00004405,BOM0000695,P001128,1.1797,4.91,manual_issue,7
BC00004406,BOM0000695,P000654,4.3796,3.03,backflush,8
BC00004407,BOM0000695,P001689,4.5062,3.3,backflush,9
BC00004408,BOM0000696,P002863,4.4555,2.28,backflush,1
BC00004409,BOM0000696,P001930,5.852,5.36,backflush,2
BC00004410,BOM0000696,P002684,1.982,1.15,manual_issue,3
BC00004411,BOM0000696,P001778,3.2735,1.84,backflush,4
BC00004412,BOM0000696,P001203,6.7598,5.99,backflush,5
BC00004413,BOM0000697,P000935,1.3259,1.01,backflush,1
BC00004414,BOM0000697,P002353,0.3266,2.71,manual_issue,2
BC00004415,BOM0000697,P001201,5.7513,1.57,backflush,3
BC00004416,BOM0000697,P001059,3.5915,1.38,floor_stock,4
BC00004417,BOM0000697,P002151,6.0848,7.07,manual_issue,5
BC00004418,BOM0000697,P001223,4.0758,0.5,floor_stock,6
BC00004419,BOM0000697,P001331,0.5654,0.84,floor_stock,7
BC00004420,BOM0000697,P000651,4.081,3.12,backflush,8
BC00004421,BOM0000697,P003136,2.545,2.17,backflush,9
BC00004422,BOM0000697,P001759,3.1164,3.62,manual_issue,10
BC00004423,BOM0000698,P000862,5.4238,1.65,manual_issue,1
BC00004424,BOM0000698,P002422,4.1223,1.15,backflush,2
BC00004425,BOM0000698,P003145,4.1293,2.05,backflush,3
BC00004426,BOM0000698,P001747,4.3444,0.04,manual_issue,4
BC00004427,BOM0000698,P002235,1.431,0,manual_issue,5
BC00004428,BOM0000698,P001535,2.9106,3.11,backflush,6
BC00004429,BOM0000698,P000658,7.2462,1.76,floor_stock,7
BC00004430,BOM0000698,P002873,3.3853,2.51,manual_issue,8
BC00004431,BOM0000698,P001404,4.8712,6.7,backflush,9
BC00004432,BOM0000698,P002005,1.1688,1.56,floor_stock,10
BC00004433,BOM0000699,P002685,0.5637,3.34,manual_issue,1
BC00004434,BOM0000699,P003191,1.8889,1.99,backflush,2
BC00004435,BOM0000699,P002583,5.015,2.24,backflush,3
BC00004436,BOM0000699,P002116,1.7339,0.84,backflush,4
BC00004437,BOM0000699,P001748,5.5665,2.62,backflush,5
BC00004438,BOM0000699,P002349,0.2913,5.21,manual_issue,6
BC00004439,BOM0000699,P002995,4.6269,1.29,manual_issue,7
BC00004440,BOM0000699,P003135,3.2878,0.62,backflush,8
BC00004441,BOM0000700,P001713,2.3053,2.63,manual_issue,1
BC00004442,BOM0000700,P001339,5.5311,2.32,backflush,2
BC00004443,BOM0000700,P001876,7.438,4.89,manual_issue,3
BC00004444,BOM0000700,P002584,4.1865,2.69,backflush,4
BC00004445,BOM0000700,P002075,4.1375,0.56,backflush,5
BC00004446,BOM0000701,P001046,7.008,2.64,manual_issue,1
BC00004447,BOM0000701,P001961,2.6275,4.7,manual_issue,2
BC00004448,BOM0000701,P000731,0.9603,2.16,manual_issue,3
BC00004449,BOM0000701,P002143,2.935,2.11,floor_stock,4
BC00004450,BOM0000701,P001890,2.2746,5.07,backflush,5
BC00004451,BOM0000701,P001920,1.642,2.99,manual_issue,6
BC00004452,BOM0000701,P003114,3.7904,1.93,floor_stock,7
BC00004453,BOM0000702,P002446,0.9535,3.78,backflush,1
BC00004454,BOM0000702,P000959,3.5464,3.06,manual_issue,2
BC00004455,BOM0000702,P001734,4.3507,3.2,floor_stock,3
BC00004456,BOM0000702,P001708,4.6463,3.15,backflush,4
BC00004457,BOM0000702,P001531,5.127,3.63,manual_issue,5
BC00004458,BOM0000702,P001070,2.5339,2.2,backflush,6
BC00004459,BOM0000703,P001831,6.2045,1.87,backflush,1
BC00004460,BOM0000703,P002569,4.5652,2.69,floor_stock,2
BC00004461,BOM0000703,P001785,7.1822,0.81,backflush,3
BC00004462,BOM0000703,P002733,2.5763,4.45,manual_issue,4
BC00004463,BOM0000703,P002450,0.3052,0,backflush,5
BC00004464,BOM0000704,P001306,1.3181,2.62,manual_issue,1
BC00004465,BOM0000704,P001329,7.1586,3.53,floor_stock,2
BC00004466,BOM0000704,P002294,5.6384,3.47,backflush,3
BC00004467,BOM0000704,P002422,2.558,3.01,manual_issue,4
BC00004468,BOM0000705,P001037,3.5076,2.27,backflush,1
BC00004469,BOM0000705,P002663,2.2165,4.95,floor_stock,2
BC00004470,BOM0000705,P000683,3.4274,1.7,manual_issue,3
BC00004471,BOM0000705,P001098,0.939,3.21,floor_stock,4
BC00004472,BOM0000705,P001950,5.6054,3.0,floor_stock,5
BC00004473,BOM0000705,P001990,4.9439,3.52,manual_issue,6
BC00004474,BOM0000705,P000703,0.9834,2.45,backflush,7
BC00004475,BOM0000705,P002511,6.2092,1.83,backflush,8
BC00004476,BOM0000705,P001512,1.1826,2.9,backflush,9
BC00004477,BOM0000706,P002314,6.501,5.33,manual_issue,1
BC00004478,BOM0000706,P000785,6.6532,1.96,manual_issue,2
BC00004479,BOM0000706,P002875,6.5207,7.12,backflush,3
BC00004480,BOM0000706,P002331,2.868,2.58,manual_issue,4
BC00004481,BOM0000706,P002893,5.7867,4.39,manual_issue,5
BC00004482,BOM0000706,P001438,4.6079,4.11,backflush,6
BC00004483,BOM0000706,P002475,5.0069,4.83,backflush,7
BC00004484,BOM0000706,P001841,2.0094,5.25,manual_issue,8
BC00004485,BOM0000706,P001007,6.5249,2.93,backflush,9
BC00004486,BOM0000707,P002234,2.8775,2.7,floor_stock,1
BC00004487,BOM0000707,P001213,0.4931,3.25,backflush,2
BC00004488,BOM0000707,P002398,2.3156,3.34,backflush,3
BC00004489,BOM0000707,P002495,0.8187,1.16,floor_stock,4
BC00004490,BOM0000708,P001752,4.5351,4.95,manual_issue,1
BC00004491,BOM0000708,P001969,2.9041,2.23,backflush,2
BC00004492,BOM0000708,P002614,3.8536,2.96,backflush,3
BC00004493,BOM0000708,P002580,1.5255,0.41,backflush,4
BC00004494,BOM0000708,P000875,2.8878,0.26,backflush,5
BC00004495,BOM0000708,P002124,5.633,2.66,backflush,6
BC00004496,BOM0000708,P001042,1.1528,3.43,manual_issue,7
BC00004497,BOM0000708,P003111,2.6509,3.26,manual_issue,8
BC00004498,BOM0000708,P000807,4.795,2.26,backflush,9
BC00004499,BOM0000709,P000651,3.7919,0.57,backflush,1
BC00004500,BOM0000709,P002105,3.5131,4.64,backflush,2
BC00004501,BOM0000709,P002431,5.6196,1.67,backflush,3
BC00004502,BOM0000709,P001558,5.0648,1.34,backflush,4
BC00004503,BOM0000709,P000987,1.922,1.97,backflush,5
BC00004504,BOM0000709,P002279,4.367,1.33,manual_issue,6
BC00004505,BOM0000709,P001138,3.9836,4.06,manual_issue,7
BC00004506,BOM0000709,P000794,4.7397,3.7,floor_stock,8
BC00004507,BOM0000709,P002721,0.8093,0,backflush,9
BC00004508,BOM0000710,P000993,3.4603,3.45,backflush,1
BC00004509,BOM0000710,P002560,4.7426,1.6,manual_issue,2
BC00004510,BOM0000710,P001134,7.3569,1.74,backflush,3
BC00004511,BOM0000710,P001191,4.6094,1.07,backflush,4
BC00004512,BOM0000710,P001781,7.314,2.99,manual_issue,5
BC00004513,BOM0000711,P000751,2.2588,3.26,manual_issue,1
BC00004514,BOM0000711,P003002,2.7662,2.86,backflush,2
BC00004515,BOM0000711,P002108,4.7577,3.13,manual_issue,3
BC00004516,BOM0000711,P003036,7.3688,5.23,backflush,4
BC00004517,BOM0000712,P002113,7.2203,2.56,backflush,1
BC00004518,BOM0000712,P001451,2.3248,1.48,backflush,2
BC00004519,BOM0000712,P001548,6.9477,5.34,manual_issue,3
BC00004520,BOM0000712,P001813,2.5038,1.13,backflush,4
BC00004521,BOM0000712,P002032,2.302,5.08,manual_issue,5
BC00004522,BOM0000712,P003146,6.022,0.67,floor_stock,6
BC00004523,BOM0000712,P001531,3.8076,1.84,backflush,7
BC00004524,BOM0000713,P002913,2.0201,2.28,backflush,1
BC00004525,BOM0000713,P002892,5.7887,0.49,backflush,2
BC00004526,BOM0000713,P002460,3.6345,1.16,backflush,3
BC00004527,BOM0000713,P001108,5.07,3.0,floor_stock,4
BC00004528,BOM0000713,P002442,6.4611,2.49,manual_issue,5
BC00004529,BOM0000713,P001127,1.3902,3.95,backflush,6
BC00004530,BOM0000713,P001301,7.1129,4.67,manual_issue,7
BC00004531,BOM0000713,P001875,0.65,2.04,manual_issue,8
BC00004532,BOM0000713,P001768,0.8827,3.98,manual_issue,9
BC00004533,BOM0000714,P002511,6.9252,3.62,manual_issue,1
BC00004534,BOM0000714,P002352,0.9733,2.06,backflush,2
BC00004535,BOM0000714,P001247,2.9,4.06,manual_issue,3
BC00004536,BOM0000714,P002437,0.5779,1.57,manual_issue,4
BC00004537,BOM0000714,P000956,1.4087,2.99,backflush,5
BC00004538,BOM0000714,P002852,0.888,3.93,manual_issue,6
BC00004539,BOM0000714,P003166,6.6677,3.38,backflush,7
BC00004540,BOM0000715,P001310,1.5685,0.46,backflush,1
BC00004541,BOM0000715,P002334,1.3287,1.6,manual_issue,2
BC00004542,BOM0000715,P002368,2.1937,5.24,manual_issue,3
BC00004543,BOM0000715,P002447,0.6741,3.82,manual_issue,4
BC00004544,BOM0000716,P002050,3.1034,3.52,backflush,1
BC00004545,BOM0000716,P002977,4.368,2.39,backflush,2
BC00004546,BOM0000716,P001957,3.8462,2.14,backflush,3
BC00004547,BOM0000717,P000773,6.7673,2.62,manual_issue,1
BC00004548,BOM0000717,P002862,5.8337,1.86,manual_issue,2
BC00004549,BOM0000717,P001090,2.3821,3.32,backflush,3
BC00004550,BOM0000718,P003155,0.3482,2.34,floor_stock,1
BC00004551,BOM0000718,P001366,2.347,3.7,backflush,2
BC00004552,BOM0000718,P002210,0.7277,2.47,manual_issue,3
BC00004553,BOM0000719,P001937,5.3517,3.46,manual_issue,1
BC00004554,BOM0000719,P002086,2.362,1.81,backflush,2
BC00004555,BOM0000719,P003143,0.601,0.04,manual_issue,3
BC00004556,BOM0000719,P001561,2.0732,3.74,manual_issue,4
BC00004557,BOM0000720,P000794,6.4132,1.62,backflush,1
BC00004558,BOM0000720,P000922,7.2987,3.15,backflush,2
BC00004559,BOM0000720,P001237,4.4741,1.63,backflush,3
BC00004560,BOM0000720,P002326,2.2993,2.66,backflush,4
BC00004561,BOM0000720,P001206,7.4494,2.3,manual_issue,5
BC00004562,BOM0000720,P000879,5.0746,0.87,manual_issue,6
BC00004563,BOM0000720,P001972,5.9494,5.0,floor_stock,7
BC00004564,BOM0000721,P001814,5.5788,1.03,backflush,1
BC00004565,BOM0000721,P001377,3.9445,1.29,manual_issue,2
BC00004566,BOM0000721,P003198,1.6403,2.0,backflush,3
BC00004567,BOM0000721,P002434,6.8205,2.37,floor_stock,4
BC00004568,BOM0000721,P001559,5.0573,2.77,manual_issue,5
BC00004569,BOM0000721,P002999,5.0756,4.09,backflush,6
BC00004570,BOM0000722,P000663,5.6704,4.05,backflush,1
BC00004571,BOM0000722,P001215,7.1654,5.14,backflush,2
BC00004572,BOM0000722,P002815,5.2368,4.76,backflush,3
BC00004573,BOM0000722,P002578,4.5114,1.56,manual_issue,4
BC00004574,BOM0000722,P001722,6.5405,0.51,backflush,5
BC00004575,BOM0000722,P002955,6.7384,3.06,floor_stock,6
BC00004576,BOM0000723,P002396,3.462,1.33,backflush,1
BC00004577,BOM0000723,P002191,6.6025,4.61,floor_stock,2
BC00004578,BOM0000723,P002050,4.1635,2.08,manual_issue,3
BC00004579,BOM0000723,P001903,1.3771,4.33,manual_issue,4
BC00004580,BOM0000723,P002809,0.6568,4.92,backflush,5
BC00004581,BOM0000723,P001833,6.3204,3.76,backflush,6
BC00004582,BOM0000723,P001545,0.8925,3.43,backflush,7
BC00004583,BOM0000723,P001736,0.1947,3.94,manual_issue,8
BC00004584,BOM0000723,P001219,6.0668,1.9,backflush,9
BC00004585,BOM0000723,P000958,4.2376,3.21,floor_stock,10
BC00004586,BOM0000724,P001001,7.4279,0.26,floor_stock,1
BC00004587,BOM0000724,P002005,3.6433,3.2,backflush,2
BC00004588,BOM0000724,P002825,6.4564,3.28,manual_issue,3
BC00004589,BOM0000724,P003058,4.4297,0,floor_stock,4
BC00004590,BOM0000724,P001995,2.569,2.87,manual_issue,5
BC00004591,BOM0000724,P001777,6.3951,2.94,manual_issue,6
BC00004592,BOM0000724,P000873,5.256,1.41,backflush,7
BC00004593,BOM0000724,P003032,4.0573,4.17,manual_issue,8
BC00004594,BOM0000724,P001380,6.1797,1.41,backflush,9
BC00004595,BOM0000725,P001158,6.6288,0.26,manual_issue,1
BC00004596,BOM0000725,P002096,4.3122,1.31,manual_issue,2
BC00004597,BOM0000725,P002161,3.2282,0.2,backflush,3
BC00004598,BOM0000725,P002384,5.4677,2.81,floor_stock,4
BC00004599,BOM0000726,P002241,4.2398,5.14,backflush,1
BC00004600,BOM0000726,P002867,1.126,1.41,manual_issue,2
BC00004601,BOM0000726,P002618,0.6766,2.94,backflush,3
BC00004602,BOM0000726,P002305,0.216,5.38,floor_stock,4
BC00004603,BOM0000726,P000783,5.2322,5.65,floor_stock,5
BC00004604,BOM0000726,P001761,0.5405,1.27,backflush,6
BC00004605,BOM0000726,P000802,0.97,3.2,backflush,7
BC00004606,BOM0000726,P001931,5.9472,2.46,manual_issue,8
BC00004607,BOM0000727,P002297,2.816,1.86,backflush,1
BC00004608,BOM0000727,P002744,7.1784,0,backflush,2
BC00004609,BOM0000727,P002813,2.215,2.46,manual_issue,3
BC00004610,BOM0000727,P002804,5.8298,2.31,backflush,4
BC00004611,BOM0000727,P002088,4.7088,4.14,floor_stock,5
BC00004612,BOM0000727,P002076,6.7589,4.75,backflush,6
BC00004613,BOM0000727,P001481,5.0121,5.38,backflush,7
BC00004614,BOM0000727,P001155,5.6386,2.21,backflush,8
BC00004615,BOM0000727,P002592,5.1091,4.04,backflush,9
BC00004616,BOM0000727,P001646,0.3721,2.99,backflush,10
BC00004617,BOM0000728,P002967,2.1239,1.78,backflush,1
BC00004618,BOM0000728,P002778,6.0253,1.97,backflush,2
BC00004619,BOM0000728,P002811,3.8443,6.74,backflush,3
BC00004620,BOM0000728,P001576,4.171,3.21,manual_issue,4
BC00004621,BOM0000729,P001591,4.9412,4.3,backflush,1
BC00004622,BOM0000729,P000755,6.0566,4.43,backflush,2
BC00004623,BOM0000729,P002079,1.0233,1.91,manual_issue,3
BC00004624,BOM0000729,P000724,0.7062,2.48,manual_issue,4
BC00004625,BOM0000730,P000970,2.9819,3.79,backflush,1
BC00004626,BOM0000730,P002291,3.6199,3.19,floor_stock,2
BC00004627,BOM0000730,P002677,3.8754,3.3,backflush,3
BC00004628,BOM0000730,P001260,0.4463,2.35,backflush,4
BC00004629,BOM0000730,P002531,4.639,4.51,backflush,5
BC00004630,BOM0000730,P001998,1.0489,2.55,manual_issue,6
BC00004631,BOM0000730,P001372,0.9414,0,manual_issue,7
BC00004632,BOM0000730,P001359,3.2391,2.57,floor_stock,8
BC00004633,BOM0000730,P000972,4.9588,4.62,backflush,9
BC00004634,BOM0000730,P001830,3.396,3.58,backflush,10
BC00004635,BOM0000731,P002292,1.8908,1.26,backflush,1
BC00004636,BOM0000731,P002943,5.1616,1.45,manual_issue,2
BC00004637,BOM0000731,P001631,4.9689,2.61,manual_issue,3
BC00004638,BOM0000731,P001897,1.6433,3.76,backflush,4
BC00004639,BOM0000731,P002736,5.8893,5.26,backflush,5
BC00004640,BOM0000731,P001206,4.2906,0,manual_issue,6
BC00004641,BOM0000731,P002597,0.4155,4.4,floor_stock,7
BC00004642,BOM0000731,P002318,0.7903,4.07,manual_issue,8
BC00004643,BOM0000731,P001775,0.2579,4.5,backflush,9
BC00004644,BOM0000732,P001760,6.6991,0,floor_stock,1
BC00004645,BOM0000732,P001699,7.2139,0,backflush,2
BC00004646,BOM0000732,P001749,3.1347,6.44,backflush,3
BC00004647,BOM0000732,P001755,1.3466,4.05,manual_issue,4
BC00004648,BOM0000732,P001738,2.2407,4.0,backflush,5
BC00004649,BOM0000732,P001563,1.9754,2.13,manual_issue,6
BC00004650,BOM0000732,P001525,4.4826,2.19,backflush,7
BC00004651,BOM0000732,P002651,4.5305,2.12,backflush,8
BC00004652,BOM0000732,P001690,2.268,2.93,manual_issue,9
BC00004653,BOM0000732,P002878,1.0718,1.11,backflush,10
BC00004654,BOM0000733,P000934,6.0261,3.07,backflush,1
BC00004655,BOM0000733,P001757,7.0187,5.53,backflush,2
BC00004656,BOM0000733,P001266,7.0191,5.74,backflush,3
BC00004657,BOM0000733,P003103,3.0764,2.76,backflush,4
BC00004658,BOM0000733,P001656,3.1318,0,backflush,5
BC00004659,BOM0000734,P001335,2.3579,2.98,backflush,1
BC00004660,BOM0000734,P001299,1.0629,3.11,manual_issue,2
BC00004661,BOM0000734,P001763,4.8438,1.55,manual_issue,3
BC00004662,BOM0000734,P001231,1.0195,3.81,backflush,4
BC00004663,BOM0000734,P001292,2.6637,2.3,backflush,5
BC00004664,BOM0000735,P000992,2.9715,7.26,floor_stock,1
BC00004665,BOM0000735,P003172,4.8562,3.7,backflush,2
BC00004666,BOM0000735,P001548,5.6274,3.97,backflush,3
BC00004667,BOM0000736,P000653,2.2972,1.23,floor_stock,1
BC00004668,BOM0000736,P001736,2.0286,3.55,manual_issue,2
BC00004669,BOM0000736,P001438,1.4618,2.08,backflush,3
BC00004670,BOM0000736,P000743,1.3788,4.11,backflush,4
BC00004671,BOM0000736,P002559,1.544,0.67,backflush,5
BC00004672,BOM0000736,P002668,4.7119,3.14,manual_issue,6
BC00004673,BOM0000736,P002779,7.0677,5.32,backflush,7
BC00004674,BOM0000736,P001195,4.8517,4.78,backflush,8
BC00004675,BOM0000736,P002335,4.5746,3.3,floor_stock,9
BC00004676,BOM0000736,P001481,4.8647,1.94,manual_issue,10
BC00004677,BOM0000737,P001963,4.0376,3.35,backflush,1
BC00004678,BOM0000737,P001370,4.0082,2.26,backflush,2
BC00004679,BOM0000737,P002704,1.3426,2.81,manual_issue,3
BC00004680,BOM0000737,P002418,0.1595,1.73,backflush,4
BC00004681,BOM0000737,P002459,4.5507,1.06,manual_issue,5
BC00004682,BOM0000737,P000773,4.5892,2.99,manual_issue,6
BC00004683,BOM0000738,P003057,6.3706,2.67,backflush,1
BC00004684,BOM0000738,P003152,3.7541,2.65,backflush,2
BC00004685,BOM0000738,P001812,6.8559,3.47,floor_stock,3
BC00004686,BOM0000738,P000719,0.547,0.7,backflush,4
BC00004687,BOM0000739,P001475,5.2313,5.04,floor_stock,1
BC00004688,BOM0000739,P001999,2.7384,4.08,manual_issue,2
BC00004689,BOM0000739,P000876,6.975,0.82,backflush,3
BC00004690,BOM0000739,P001432,6.7746,1.75,backflush,4
BC00004691,BOM0000739,P001928,3.8353,0,backflush,5
BC00004692,BOM0000740,P002114,3.3581,4.37,manual_issue,1
BC00004693,BOM0000740,P002285,1.7108,3.06,backflush,2
BC00004694,BOM0000740,P000778,2.8944,3.47,manual_issue,3
BC00004695,BOM0000740,P002993,0.3755,3.35,manual_issue,4
BC00004696,BOM0000740,P002224,0.3641,1.0,backflush,5
BC00004697,BOM0000740,P001264,6.6984,3.24,backflush,6
BC00004698,BOM0000740,P000900,3.909,0.92,backflush,7
BC00004699,BOM0000740,P002089,2.7503,0,backflush,8
BC00004700,BOM0000740,P002686,7.0422,3.64,backflush,9
BC00004701,BOM0000740,P001597,1.981,2.53,manual_issue,10
BC00004702,BOM0000741,P001762,2.7377,5.79,backflush,1
BC00004703,BOM0000741,P002628,4.6474,3.12,floor_stock,2
BC00004704,BOM0000741,P001381,6.8418,1.51,manual_issue,3
BC00004705,BOM0000741,P000678,2.085,2.6,backflush,4
BC00004706,BOM0000741,P002464,5.7933,3.37,backflush,5
BC00004707,BOM0000741,P001993,1.4074,1.85,manual_issue,6
BC00004708,BOM0000741,P002310,5.4746,4.71,backflush,7
BC00004709,BOM0000741,P001696,0.3025,3.5,backflush,8
BC00004710,BOM0000741,P002682,5.7236,0.95,manual_issue,9
BC00004711,BOM0000742,P002748,6.2349,2.9,backflush,1
BC00004712,BOM0000742,P001574,2.5199,1.33,backflush,2
BC00004713,BOM0000742,P002327,5.8915,3.73,backflush,3
BC00004714,BOM0000742,P000904,1.7653,3.35,backflush,4
BC00004715,BOM0000743,P003020,4.9567,3.77,backflush,1
BC00004716,BOM0000743,P001328,5.5482,5.24,backflush,2
BC00004717,BOM0000743,P001575,6.3475,0.34,backflush,3
BC00004718,BOM0000743,P001233,1.6619,0.35,backflush,4
BC00004719,BOM0000743,P000953,4.8024,1.05,floor_stock,5
BC00004720,BOM0000743,P003096,5.6555,3.33,manual_issue,6
BC00004721,BOM0000743,P002938,5.9718,2.08,floor_stock,7
BC00004722,BOM0000743,P000735,1.3983,3.69,backflush,8
BC00004723,BOM0000743,P002773,3.0904,1.58,floor_stock,9
BC00004724,BOM0000743,P001799,6.147,2.64,backflush,10
BC00004725,BOM0000744,P001554,1.5023,3.78,backflush,1
BC00004726,BOM0000744,P001138,5.2885,5.09,backflush,2
BC00004727,BOM0000744,P002410,4.8005,2.88,backflush,3
BC00004728,BOM0000744,P002807,7.0056,5.59,backflush,4
BC00004729,BOM0000744,P001383,4.8922,3.37,floor_stock,5
BC00004730,BOM0000744,P001515,5.8659,3.5,manual_issue,6
BC00004731,BOM0000744,P000741,4.8826,0.01,backflush,7
BC00004732,BOM0000744,P003007,2.7628,0.73,backflush,8
BC00004733,BOM0000745,P002600,7.1554,3.69,backflush,1
BC00004734,BOM0000745,P001881,1.5146,2.16,manual_issue,2
BC00004735,BOM0000745,P000760,3.072,3.79,backflush,3
BC00004736,BOM0000745,P003062,2.2033,2.01,floor_stock,4
BC00004737,BOM0000745,P001309,0.7725,2.39,backflush,5
BC00004738,BOM0000745,P002219,4.7902,3.1,backflush,6
BC00004739,BOM0000745,P002951,1.819,3.02,manual_issue,7
BC00004740,BOM0000746,P001591,4.8367,0.22,manual_issue,1
BC00004741,BOM0000746,P003113,6.2902,3.26,backflush,2
BC00004742,BOM0000746,P001239,2.9542,2.92,manual_issue,3
BC00004743,BOM0000746,P003095,5.6352,0.93,backflush,4
BC00004744,BOM0000746,P003148,1.5031,2.47,manual_issue,5
BC00004745,BOM0000746,P000992,5.8,3.89,backflush,6
BC00004746,BOM0000746,P003133,1.5728,3.47,backflush,7
BC00004747,BOM0000746,P002302,1.8306,1.38,manual_issue,8
BC00004748,BOM0000746,P001928,3.3838,1.0,backflush,9
BC00004749,BOM0000747,P000783,1.2276,1.59,manual_issue,1
BC00004750,BOM0000747,P000952,3.2454,4.14,manual_issue,2
BC00004751,BOM0000747,P000724,2.7246,3.04,manual_issue,3
BC00004752,BOM0000748,P002774,7.1277,3.84,floor_stock,1
BC00004753,BOM0000748,P001400,2.2038,3.57,manual_issue,2
BC00004754,BOM0000748,P003139,1.2864,3.27,backflush,3
BC00004755,BOM0000748,P000780,2.2149,2.06,backflush,4
BC00004756,BOM0000748,P002230,2.8558,4.73,backflush,5
BC00004757,BOM0000748,P001070,1.394,3.35,manual_issue,6
BC00004758,BOM0000748,P003024,5.3496,3.08,backflush,7
BC00004759,BOM0000748,P002834,6.6869,5.04,backflush,8
BC00004760,BOM0000748,P001954,3.4049,2.64,backflush,9
BC00004761,BOM0000748,P002051,3.0025,3.01,manual_issue,10
BC00004762,BOM0000749,P001240,2.5542,0.24,backflush,1
BC00004763,BOM0000749,P002179,6.5052,4.52,backflush,2
BC00004764,BOM0000749,P001265,1.3726,3.36,floor_stock,3
BC00004765,BOM0000749,P001004,1.2301,0.16,backflush,4
BC00004766,BOM0000749,P003123,0.3107,1.7,backflush,5
BC00004767,BOM0000749,P002318,2.1919,1.92,floor_stock,6
BC00004768,BOM0000749,P001731,6.6061,3.98,manual_issue,7
BC00004769,BOM0000749,P002560,3.7223,3.25,manual_issue,8
BC00004770,BOM0000749,P002258,4.6735,4.59,backflush,9
BC00004771,BOM0000750,P002556,5.6603,1.98,backflush,1
BC00004772,BOM0000750,P003104,7.2103,0.94,manual_issue,2
BC00004773,BOM0000750,P002680,4.4848,2.74,backflush,3
BC00004774,BOM0000750,P002750,4.7789,2.63,manual_issue,4
BC00004775,BOM0000750,P002026,0.1747,1.01,backflush,5
BC00004776,BOM0000751,P001907,5.464,4.36,backflush,1
BC00004777,BOM0000751,P001764,2.5483,1.47,backflush,2
BC00004778,BOM0000751,P003191,0.9864,3.71,backflush,3
BC00004779,BOM0000751,P002171,3.4916,1.48,backflush,4
BC00004780,BOM0000751,P001290,4.4349,4.25,manual_issue,5
BC00004781,BOM0000751,P000737,0.9531,0.16,manual_issue,6
BC00004782,BOM0000751,P003022,5.4507,2.72,floor_stock,7
BC00004783,BOM0000751,P001308,3.9362,1.32,backflush,8
BC00004784,BOM0000751,P000863,6.9823,3.25,floor_stock,9
BC00004785,BOM0000751,P002395,4.6077,1.58,backflush,10
BC00004786,BOM0000752,P001575,2.0766,4.8,backflush,1
BC00004787,BOM0000752,P003001,6.5011,3.18,backflush,2
BC00004788,BOM0000752,P001196,5.139,4.71,manual_issue,3
BC00004789,BOM0000752,P003141,4.0373,3.6,backflush,4
BC00004790,BOM0000753,P001371,4.3361,4.85,backflush,1
BC00004791,BOM0000753,P002451,1.0829,2.4,manual_issue,2
BC00004792,BOM0000753,P001479,4.4601,4.69,backflush,3
BC00004793,BOM0000753,P002674,3.5937,4.31,backflush,4
BC00004794,BOM0000753,P001994,6.0896,1.7,manual_issue,5
BC00004795,BOM0000753,P002551,5.2379,2.76,floor_stock,6
BC00004796,BOM0000753,P001734,1.9917,1.43,backflush,7
BC00004797,BOM0000753,P001471,6.3182,5.88,backflush,8
BC00004798,BOM0000753,P002911,3.5594,3.11,manual_issue,9
BC00004799,BOM0000753,P002635,0.3128,4.63,manual_issue,10
BC00004800,BOM0000754,P002157,5.7448,2.74,backflush,1
BC00004801,BOM0000754,P002938,0.3032,4.98,backflush,2
BC00004802,BOM0000754,P001528,5.6648,2.45,backflush,3
BC00004803,BOM0000754,P002127,7.0459,1.74,backflush,4
BC00004804,BOM0000754,P000751,3.4719,0,manual_issue,5
BC00004805,BOM0000754,P003122,2.8931,2.91,backflush,6
BC00004806,BOM0000754,P002075,1.9309,3.76,backflush,7
BC00004807,BOM0000754,P001277,1.7469,1.91,backflush,8
BC00004808,BOM0000754,P002982,7.3655,1.6,backflush,9
BC00004809,BOM0000754,P000953,0.3175,1.91,manual_issue,10
BC00004810,BOM0000755,P002682,3.2226,5.67,manual_issue,1
BC00004811,BOM0000755,P001842,1.7035,3.25,backflush,2
BC00004812,BOM0000755,P002646,1.1365,2.62,backflush,3
BC00004813,BOM0000755,P002640,2.3038,1.67,manual_issue,4
BC00004814,BOM0000755,P001193,6.3834,1.34,manual_issue,5
BC00004815,BOM0000755,P001112,4.2146,2.45,manual_issue,6
BC00004816,BOM0000755,P001818,0.8663,0.93,manual_issue,7
BC00004817,BOM0000755,P002222,1.2965,2.04,backflush,8
BC00004818,BOM0000756,P001599,2.7305,3.65,backflush,1
BC00004819,BOM0000756,P002332,3.5847,2.74,manual_issue,2
BC00004820,BOM0000756,P001113,5.8868,4.19,backflush,3
BC00004821,BOM0000756,P002912,1.3449,1.06,floor_stock,4
BC00004822,BOM0000756,P002248,4.335,2.11,backflush,5
BC00004823,BOM0000756,P002185,5.6475,0,backflush,6
BC00004824,BOM0000757,P001287,0.4021,6.1,backflush,1
BC00004825,BOM0000757,P001923,6.6107,2.25,backflush,2
BC00004826,BOM0000757,P001836,3.741,1.66,backflush,3
BC00004827,BOM0000757,P001790,1.2068,3.89,backflush,4
BC00004828,BOM0000757,P002524,5.2239,1.93,backflush,5
BC00004829,BOM0000757,P002202,7.0767,4.37,manual_issue,6
BC00004830,BOM0000757,P000843,4.0842,2.35,backflush,7
BC00004831,BOM0000757,P001037,4.0944,4.47,manual_issue,8
BC00004832,BOM0000758,P000707,6.3043,3.69,backflush,1
BC00004833,BOM0000758,P002342,2.6229,2.34,backflush,2
BC00004834,BOM0000758,P000796,0.6261,1.06,floor_stock,3
BC00004835,BOM0000758,P000752,5.1208,2.84,manual_issue,4
BC00004836,BOM0000758,P002617,3.4164,1.51,backflush,5
BC00004837,BOM0000758,P001891,6.9236,1.57,backflush,6
BC00004838,BOM0000758,P002362,1.1671,4.29,manual_issue,7
BC00004839,BOM0000758,P001569,5.9769,3.61,manual_issue,8
BC00004840,BOM0000759,P000887,2.1933,2.49,backflush,1
BC00004841,BOM0000759,P002968,1.5366,4.43,backflush,2
BC00004842,BOM0000759,P001611,0.9938,3.62,backflush,3
BC00004843,BOM0000759,P002812,5.5791,3.74,backflush,4
BC00004844,BOM0000759,P002618,2.4792,2.31,backflush,5
BC00004845,BOM0000759,P001332,3.0136,1.9,manual_issue,6
BC00004846,BOM0000759,P001798,2.4299,4.16,backflush,7
BC00004847,BOM0000759,P002637,1.2253,1.95,backflush,8
BC00004848,BOM0000759,P001976,6.1057,6.03,floor_stock,9
BC00004849,BOM0000759,P001276,7.1165,1.21,floor_stock,10
BC00004850,BOM0000760,P001229,5.9217,3.49,floor_stock,1
BC00004851,BOM0000760,P001959,2.3288,2.6,manual_issue,2
BC00004852,BOM0000760,P000674,2.4835,0.66,backflush,3
BC00004853,BOM0000761,P002179,5.7362,2.44,manual_issue,1
BC00004854,BOM0000761,P002854,7.1645,1.71,floor_stock,2
BC00004855,BOM0000761,P001700,3.7371,2.22,backflush,3
BC00004856,BOM0000761,P002400,3.0363,1.73,manual_issue,4
BC00004857,BOM0000761,P001099,4.9909,3.15,backflush,5
BC00004858,BOM0000761,P003140,1.3029,1.57,backflush,6
BC00004859,BOM0000762,P002024,7.2886,2.92,manual_issue,1
BC00004860,BOM0000762,P002292,4.845,2.56,manual_issue,2
BC00004861,BOM0000762,P002365,5.6448,1.56,backflush,3
BC00004862,BOM0000762,P001046,6.7551,1.28,manual_issue,4
BC00004863,BOM0000763,P002671,6.5802,1.81,backflush,1
BC00004864,BOM0000763,P002183,4.6463,1.42,backflush,2
BC00004865,BOM0000763,P003023,1.4886,3.66,floor_stock,3
BC00004866,BOM0000763,P002506,1.3624,0.87,backflush,4
BC00004867,BOM0000764,P001222,0.8569,1.75,manual_issue,1
BC00004868,BOM0000764,P001999,4.6171,3.83,backflush,2
BC00004869,BOM0000764,P002981,6.3542,0.72,backflush,3
BC00004870,BOM0000764,P002063,1.4452,4.47,manual_issue,4
BC00004871,BOM0000764,P001989,7.1363,2.17,backflush,5
BC00004872,BOM0000764,P001266,2.5148,1.47,backflush,6
BC00004873,BOM0000764,P003187,5.864,5.5,floor_stock,7
BC00004874,BOM0000764,P001074,0.4403,3.75,manual_issue,8
BC00004875,BOM0000765,P001095,3.4475,4.05,manual_issue,1
BC00004876,BOM0000765,P001995,4.8207,4.69,manual_issue,2
BC00004877,BOM0000765,P001890,5.8098,1.54,backflush,3
BC00004878,BOM0000765,P002100,2.6824,3.5,floor_stock,4
BC00004879,BOM0000765,P001480,0.6071,3.7,backflush,5
BC00004880,BOM0000765,P002494,4.4546,2.44,floor_stock,6
BC00004881,BOM0000765,P000799,5.6306,2.23,floor_stock,7
BC00004882,BOM0000765,P002490,4.241,3.28,backflush,8
BC00004883,BOM0000765,P001481,6.1494,2.03,backflush,9
BC00004884,BOM0000765,P001029,6.7338,1.54,backflush,10
BC00004885,BOM0000766,P002596,2.4911,3.33,manual_issue,1
BC00004886,BOM0000766,P001481,2.315,3.51,backflush,2
BC00004887,BOM0000766,P002102,2.6921,2.11,backflush,3
BC00004888,BOM0000766,P002836,3.6458,5.31,backflush,4
BC00004889,BOM0000766,P002638,0.2031,4.74,manual_issue,5
BC00004890,BOM0000766,P001355,0.8506,0.61,manual_issue,6
BC00004891,BOM0000766,P002597,2.1726,3.71,manual_issue,7
BC00004892,BOM0000766,P001075,1.4905,4.43,backflush,8
BC00004893,BOM0000767,P001213,6.9636,1.52,floor_stock,1
BC00004894,BOM0000767,P003091,4.1495,2.39,backflush,2
BC00004895,BOM0000767,P001003,0.5818,1.13,manual_issue,3
BC00004896,BOM0000768,P002801,5.2638,3.73,backflush,1
BC00004897,BOM0000768,P002950,4.2658,3.3,manual_issue,2
BC00004898,BOM0000768,P002180,0.6987,5.66,backflush,3
BC00004899,BOM0000768,P001323,2.698,3.83,backflush,4
BC00004900,BOM0000768,P001909,4.3809,2.96,backflush,5
BC00004901,BOM0000768,P001114,5.6266,2.08,manual_issue,6
BC00004902,BOM0000768,P001945,5.2483,3.32,backflush,7
BC00004903,BOM0000768,P002430,4.9742,3.36,manual_issue,8
BC00004904,BOM0000768,P001388,6.4425,1.81,manual_issue,9
BC00004905,BOM0000768,P001875,5.4827,0.78,backflush,10
BC00004906,BOM0000769,P002027,4.8152,3.85,backflush,1
BC00004907,BOM0000769,P000975,6.9307,4.42,backflush,2
BC00004908,BOM0000769,P000668,6.3277,3.0,backflush,3
BC00004909,BOM0000769,P001384,4.2386,2.79,backflush,4
BC00004910,BOM0000769,P002869,3.4471,3.24,backflush,5
BC00004911,BOM0000769,P002988,6.4824,1.15,backflush,6
BC00004912,BOM0000769,P001121,3.6382,0.92,manual_issue,7
BC00004913,BOM0000769,P003183,3.4487,3.69,manual_issue,8
BC00004914,BOM0000769,P001629,3.9144,5.54,backflush,9
BC00004915,BOM0000770,P003021,5.0862,3.39,backflush,1
BC00004916,BOM0000770,P001826,4.1972,1.73,backflush,2
BC00004917,BOM0000770,P001064,1.3049,2.46,backflush,3
BC00004918,BOM0000770,P002615,0.5949,4.56,manual_issue,4
BC00004919,BOM0000770,P001338,4.5552,0,backflush,5
BC00004920,BOM0000770,P002640,6.4948,2.14,manual_issue,6
BC00004921,BOM0000770,P001354,4.8808,2.28,backflush,7
BC00004922,BOM0000770,P001904,2.8241,0.91,backflush,8
BC00004923,BOM0000770,P002197,2.1812,4.73,manual_issue,9
BC00004924,BOM0000771,P001179,6.5299,1.07,backflush,1
BC00004925,BOM0000771,P001305,6.3858,1.92,backflush,2
BC00004926,BOM0000771,P002121,7.4865,0.74,backflush,3
BC00004927,BOM0000771,P002972,3.4014,4.04,manual_issue,4
BC00004928,BOM0000771,P002252,3.6367,3.7,backflush,5
BC00004929,BOM0000772,P002385,0.1896,4.14,floor_stock,1
BC00004930,BOM0000772,P001074,2.4659,2.84,manual_issue,2
BC00004931,BOM0000772,P002151,4.8966,4.98,floor_stock,3
BC00004932,BOM0000772,P002175,5.3608,1.12,backflush,4
BC00004933,BOM0000772,P000896,2.0777,2.8,floor_stock,5
BC00004934,BOM0000772,P002983,3.9125,0.1,backflush,6
BC00004935,BOM0000772,P002402,5.6197,3.12,manual_issue,7
BC00004936,BOM0000772,P001178,1.3452,3.78,backflush,8
BC00004937,BOM0000773,P001633,5.4129,1.28,backflush,1
BC00004938,BOM0000773,P001302,7.3085,3.01,backflush,2
BC00004939,BOM0000773,P002630,2.857,3.61,manual_issue,3
BC00004940,BOM0000773,P002750,2.6446,1.16,manual_issue,4
BC00004941,BOM0000774,P001999,6.2141,2.43,floor_stock,1
BC00004942,BOM0000774,P001159,5.0443,3.46,backflush,2
BC00004943,BOM0000774,P001246,5.2925,3.35,manual_issue,3
BC00004944,BOM0000775,P002422,3.4639,2.56,backflush,1
BC00004945,BOM0000775,P001186,4.4824,5.41,backflush,2
BC00004946,BOM0000775,P001148,4.3004,2.97,backflush,3
BC00004947,BOM0000776,P001915,3.46,2.55,backflush,1
BC00004948,BOM0000776,P002607,3.6358,1.33,backflush,2
BC00004949,BOM0000776,P001386,0.6269,1.33,backflush,3
BC00004950,BOM0000776,P001169,5.6129,2.02,floor_stock,4
BC00004951,BOM0000776,P002685,6.4114,5.96,manual_issue,5
BC00004952,BOM0000777,P000808,3.8439,2.05,manual_issue,1
BC00004953,BOM0000777,P001221,1.0613,3.79,backflush,2
BC00004954,BOM0000777,P002641,5.4826,1.97,manual_issue,3
BC00004955,BOM0000777,P000693,2.2803,0.04,backflush,4
BC00004956,BOM0000777,P000705,3.5888,4.39,backflush,5
BC00004957,BOM0000777,P002006,4.0765,3.9,floor_stock,6
BC00004958,BOM0000777,P000669,6.6423,3.65,manual_issue,7
BC00004959,BOM0000777,P000674,5.8468,2.72,backflush,8
BC00004960,BOM0000778,P002050,2.3089,3.18,backflush,1
BC00004961,BOM0000778,P000712,3.7179,3.63,floor_stock,2
BC00004962,BOM0000778,P002610,5.7338,1.73,floor_stock,3
BC00004963,BOM0000778,P000959,7.3634,2.28,manual_issue,4
BC00004964,BOM0000778,P001373,1.4187,1.04,backflush,5
BC00004965,BOM0000778,P001709,3.8409,3.5,backflush,6
BC00004966,BOM0000778,P000981,0.4985,3.18,backflush,7
BC00004967,BOM0000778,P001562,1.1607,2.14,manual_issue,8
BC00004968,BOM0000778,P001628,2.2892,4.1,floor_stock,9
BC00004969,BOM0000779,P002568,5.481,1.89,backflush,1
BC00004970,BOM0000779,P003005,7.2306,1.04,backflush,2
BC00004971,BOM0000779,P001866,4.9503,0.97,manual_issue,3
BC00004972,BOM0000779,P000697,2.6808,3.26,manual_issue,4
BC00004973,BOM0000779,P003187,0.8284,1.73,backflush,5
BC00004974,BOM0000780,P000692,0.5963,4.19,backflush,1
BC00004975,BOM0000780,P002357,3.663,0,backflush,2
BC00004976,BOM0000780,P001102,3.0278,3.28,backflush,3
BC00004977,BOM0000780,P002028,3.0589,2.2,backflush,4
BC00004978,BOM0000780,P001617,2.2031,2.5,manual_issue,5
BC00004979,BOM0000780,P003198,1.8167,2.02,manual_issue,6
BC00004980,BOM0000780,P000860,2.3561,2.17,manual_issue,7
BC00004981,BOM0000781,P002961,0.2179,2.95,backflush,1
BC00004982,BOM0000781,P001362,7.4957,4.26,backflush,2
BC00004983,BOM0000781,P002660,6.0947,2.25,manual_issue,3
BC00004984,BOM0000781,P002788,5.5977,2.36,backflush,4
BC00004985,BOM0000781,P003192,6.8517,2.51,manual_issue,5
BC00004986,BOM0000781,P000799,4.2291,2.28,backflush,6
BC00004987,BOM0000781,P000726,7.1004,3.81,floor_stock,7
BC00004988,BOM0000782,P000854,3.9649,3.84,backflush,1
BC00004989,BOM0000782,P001382,3.2065,3.0,backflush,2
BC00004990,BOM0000782,P000979,5.4592,1.79,backflush,3
BC00004991,BOM0000782,P002599,1.881,4.31,manual_issue,4
BC00004992,BOM0000782,P002719,5.534,4.51,manual_issue,5
BC00004993,BOM0000782,P002815,5.1633,2.37,floor_stock,6
BC00004994,BOM0000782,P001391,0.4486,2.57,floor_stock,7
BC00004995,BOM0000782,P000755,1.6029,5.79,manual_issue,8
BC00004996,BOM0000783,P002921,6.4414,0.85,backflush,1
BC00004997,BOM0000783,P001247,6.5411,3.3,backflush,2
BC00004998,BOM0000783,P001537,3.3137,5.41,backflush,3
BC00004999,BOM0000783,P002237,4.7324,2.19,backflush,4
BC00005000,BOM0000783,P002203,7.1836,2.41,manual_issue,5
BC00005001,BOM0000783,P003094,2.1937,1.47,backflush,6
BC00005002,BOM0000783,P003018,3.7281,0.37,backflush,7
BC00005003,BOM0000784,P001441,3.3,3.92,backflush,1
BC00005004,BOM0000784,P000982,3.5549,6.55,backflush,2
BC00005005,BOM0000784,P000913,3.7462,4.45,backflush,3
BC00005006,BOM0000784,P000688,6.1485,3.29,backflush,4
BC00005007,BOM0000784,P001048,3.5111,3.57,manual_issue,5
BC00005008,BOM0000784,P002539,4.1592,3.69,backflush,6
BC00005009,BOM0000784,P001399,1.1811,2.81,manual_issue,7
BC00005010,BOM0000784,P001648,7.0959,3.36,backflush,8
BC00005011,BOM0000784,P000728,5.5336,4.61,backflush,9
BC00005012,BOM0000784,P001361,3.3067,1.61,backflush,10
BC00005013,BOM0000785,P001571,6.6223,3.23,backflush,1
BC00005014,BOM0000785,P002662,5.9412,1.41,backflush,2
BC00005015,BOM0000785,P002052,6.5963,3.84,manual_issue,3
BC00005016,BOM0000785,P001199,5.4077,3.82,backflush,4
BC00005017,BOM0000785,P001162,2.3595,3.45,floor_stock,5
BC00005018,BOM0000786,P000890,7.197,3.08,backflush,1
BC00005019,BOM0000786,P001811,1.6014,1.23,floor_stock,2
BC00005020,BOM0000786,P002348,3.1398,1.39,manual_issue,3
BC00005021,BOM0000786,P002120,2.8817,2.55,manual_issue,4
BC00005022,BOM0000786,P002455,6.6704,2.08,backflush,5
BC00005023,BOM0000786,P003141,1.5284,4.63,backflush,6
BC00005024,BOM0000786,P001480,4.5377,4.35,backflush,7
BC00005025,BOM0000787,P002674,1.4217,2.29,manual_issue,1
BC00005026,BOM0000787,P002097,5.1448,0.54,manual_issue,2
BC00005027,BOM0000787,P000765,0.3778,5.92,backflush,3
BC00005028,BOM0000788,P000945,6.0468,4.4,manual_issue,1
BC00005029,BOM0000788,P002722,6.6473,3.05,backflush,2
BC00005030,BOM0000788,P001379,1.9743,0.54,backflush,3
BC00005031,BOM0000788,P002143,4.7006,1.11,backflush,4
BC00005032,BOM0000788,P000922,0.7936,5.21,backflush,5
BC00005033,BOM0000789,P002698,6.7087,3.01,backflush,1
BC00005034,BOM0000789,P003111,3.0218,2.98,backflush,2
BC00005035,BOM0000789,P001566,1.1764,2.24,backflush,3
BC00005036,BOM0000789,P002628,6.6494,2.29,manual_issue,4
BC00005037,BOM0000789,P002906,2.2075,4.98,backflush,5
BC00005038,BOM0000789,P002508,6.3425,4.6,backflush,6
BC00005039,BOM0000790,P002907,3.2778,3.33,floor_stock,1
BC00005040,BOM0000790,P002682,1.9673,0,backflush,2
BC00005041,BOM0000790,P002773,2.1421,3.14,floor_stock,3
BC00005042,BOM0000790,P002984,3.1331,1.72,backflush,4
BC00005043,BOM0000790,P001345,1.1735,3.13,manual_issue,5
BC00005044,BOM0000790,P002747,3.819,4.35,backflush,6
BC00005045,BOM0000790,P003085,5.9076,2.02,manual_issue,7
BC00005046,BOM0000791,P002310,5.1912,1.03,backflush,1
BC00005047,BOM0000791,P002833,2.7096,4.79,floor_stock,2
BC00005048,BOM0000791,P001301,1.1853,2.45,backflush,3
BC00005049,BOM0000791,P001110,6.1976,2.59,floor_stock,4
BC00005050,BOM0000791,P001185,5.2432,2.96,manual_issue,5
BC00005051,BOM0000791,P002431,7.1581,1.74,manual_issue,6
BC00005052,BOM0000791,P000823,3.3991,2.74,manual_issue,7
BC00005053,BOM0000791,P000750,6.9851,3.15,manual_issue,8
BC00005054,BOM0000791,P003001,1.7955,1.39,manual_issue,9
BC00005055,BOM0000792,P001689,3.6761,2.04,manual_issue,1
BC00005056,BOM0000792,P002487,0.7468,0.63,floor_stock,2
BC00005057,BOM0000792,P001594,2.7685,3.53,floor_stock,3
BC00005058,BOM0000792,P002864,2.5715,2.56,floor_stock,4
BC00005059,BOM0000792,P001485,3.4369,4.2,manual_issue,5
BC00005060,BOM0000793,P001044,0.5165,2.97,backflush,1
BC00005061,BOM0000793,P002056,2.2564,1.41,manual_issue,2
BC00005062,BOM0000793,P000999,1.5367,0.54,backflush,3
BC00005063,BOM0000793,P002860,6.7791,3.26,manual_issue,4
BC00005064,BOM0000793,P002415,3.7778,0.68,backflush,5
BC00005065,BOM0000793,P002564,1.4431,1.52,manual_issue,6
BC00005066,BOM0000793,P001225,0.7189,0,manual_issue,7
BC00005067,BOM0000793,P001671,5.581,5.2,floor_stock,8
BC00005068,BOM0000793,P002813,0.4295,3.81,floor_stock,9
BC00005069,BOM0000794,P003069,3.7612,1.29,manual_issue,1
BC00005070,BOM0000794,P001861,1.7167,0.7,backflush,2
BC00005071,BOM0000794,P001592,1.2902,4.05,floor_stock,3
BC00005072,BOM0000794,P002779,4.9411,1.17,backflush,4
BC00005073,BOM0000795,P002721,7.1348,2.98,backflush,1
BC00005074,BOM0000795,P001786,6.6149,2.57,floor_stock,2
BC00005075,BOM0000795,P000863,5.6021,3.41,manual_issue,3
BC00005076,BOM0000795,P001038,4.248,2.7,floor_stock,4
BC00005077,BOM0000795,P001532,2.3302,4.9,backflush,5
BC00005078,BOM0000795,P002140,4.4952,4.21,backflush,6
BC00005079,BOM0000795,P002801,6.24,0.94,backflush,7
BC00005080,BOM0000796,P001208,4.1031,0,floor_stock,1
BC00005081,BOM0000796,P001887,2.827,2.43,backflush,2
BC00005082,BOM0000796,P001758,3.503,2.59,backflush,3
BC00005083,BOM0000796,P000901,7.1728,3.31,backflush,4
BC00005084,BOM0000797,P003109,2.2344,5.33,manual_issue,1
BC00005085,BOM0000797,P002137,2.9539,0.23,backflush,2
BC00005086,BOM0000797,P001787,2.0452,0,floor_stock,3
BC00005087,BOM0000797,P002077,4.5849,0.76,backflush,4
BC00005088,BOM0000797,P000719,4.5936,4.0,manual_issue,5
BC00005089,BOM0000797,P002899,6.2679,3.59,floor_stock,6
BC00005090,BOM0000797,P001763,1.8314,2.89,backflush,7
BC00005091,BOM0000797,P001476,1.8903,4.2,backflush,8
BC00005092,BOM0000797,P001049,7.2397,1.48,floor_stock,9
BC00005093,BOM0000798,P001627,0.5779,0.19,manual_issue,1
BC00005094,BOM0000798,P001355,4.8479,3.16,backflush,2
BC00005095,BOM0000798,P001329,1.0978,2.17,manual_issue,3
BC00005096,BOM0000798,P002990,7.0776,3.11,backflush,4
BC00005097,BOM0000798,P002218,1.4584,1.99,backflush,5
BC00005098,BOM0000798,P003139,0.3846,4.21,manual_issue,6
BC00005099,BOM0000798,P002550,7.0393,2.27,floor_stock,7
BC00005100,BOM0000799,P001187,6.0971,2.89,backflush,1
BC00005101,BOM0000799,P002697,3.5623,4.87,manual_issue,2
BC00005102,BOM0000799,P002518,2.861,2.57,backflush,3
BC00005103,BOM0000799,P002157,6.7244,2.23,manual_issue,4
BC00005104,BOM0000800,P000674,7.3847,2.92,backflush,1
BC00005105,BOM0000800,P000701,1.4528,3.88,backflush,2
BC00005106,BOM0000800,P003134,6.7087,3.96,manual_issue,3
BC00005107,BOM0000800,P001883,0.5275,2.38,backflush,4
BC00005108,BOM0000800,P001013,3.796,5.71,backflush,5
BC00005109,BOM0000800,P003166,1.6358,4.08,floor_stock,6
BC00005110,BOM0000800,P001297,6.6342,4.02,backflush,7
BC00005111,BOM0000800,P000736,3.8053,1.36,backflush,8
BC00005112,BOM0000800,P002414,4.4496,1.26,backflush,9
BC00005113,BOM0000800,P001411,2.1926,4.45,backflush,10
BC00005114,BOM0000801,P002451,4.4424,2.39,backflush,1
BC00005115,BOM0000801,P001126,2.4659,2.96,backflush,2
BC00005116,BOM0000801,P002963,5.3366,1.9,manual_issue,3
BC00005117,BOM0000801,P000970,0.8832,3.21,backflush,4
BC00005118,BOM0000801,P000762,0.5433,1.25,manual_issue,5
BC00005119,BOM0000801,P001776,0.1852,1.67,manual_issue,6
BC00005120,BOM0000802,P003005,5.785,2.1,manual_issue,1
BC00005121,BOM0000802,P002284,2.5347,2.82,backflush,2
BC00005122,BOM0000802,P001338,1.8944,1.64,backflush,3
BC00005123,BOM0000802,P002892,4.9022,0,backflush,4
BC00005124,BOM0000802,P001566,6.5072,3.45,backflush,5
BC00005125,BOM0000802,P002823,4.3207,3.95,floor_stock,6
BC00005126,BOM0000803,P003142,3.1407,4.09,floor_stock,1
BC00005127,BOM0000803,P002675,2.9935,3.84,backflush,2
BC00005128,BOM0000803,P002763,5.131,1.75,manual_issue,3
BC00005129,BOM0000803,P002162,3.3784,0.67,backflush,4
BC00005130,BOM0000803,P001346,1.7327,4.82,backflush,5
BC00005131,BOM0000803,P002080,0.498,2.13,floor_stock,6
BC00005132,BOM0000803,P001098,7.3698,0.68,backflush,7
BC00005133,BOM0000803,P000935,4.1797,3.81,manual_issue,8
BC00005134,BOM0000804,P002758,0.9885,3.08,backflush,1
BC00005135,BOM0000804,P000853,3.0446,4.35,backflush,2
BC00005136,BOM0000804,P001018,6.7438,4.25,floor_stock,3
BC00005137,BOM0000805,P002693,5.5063,0,backflush,1
BC00005138,BOM0000805,P001360,4.9808,1.36,backflush,2
BC00005139,BOM0000805,P002562,0.9369,2.85,backflush,3
BC00005140,BOM0000805,P002634,0.8739,2.15,manual_issue,4
BC00005141,BOM0000805,P002440,1.1318,3.85,backflush,5
BC00005142,BOM0000805,P002079,4.7173,3.89,backflush,6
BC00005143,BOM0000805,P002139,6.8602,3.07,backflush,7
BC00005144,BOM0000805,P000781,2.2181,0,backflush,8
BC00005145,BOM0000805,P001904,4.1747,4.56,manual_issue,9
BC00005146,BOM0000806,P002734,3.7503,4.72,manual_issue,1
BC00005147,BOM0000806,P001036,3.271,2.07,backflush,2
BC00005148,BOM0000806,P002323,1.7069,3.49,backflush,3
BC00005149,BOM0000807,P002137,3.6418,2.13,backflush,1
BC00005150,BOM0000807,P001121,7.3594,2.32,backflush,2
BC00005151,BOM0000807,P002471,4.4357,5.16,backflush,3
BC00005152,BOM0000807,P000972,5.112,2.77,backflush,4
BC00005153,BOM0000807,P002807,0.5546,2.83,manual_issue,5
BC00005154,BOM0000807,P002330,4.9674,2.54,manual_issue,6
BC00005155,BOM0000807,P002538,6.2337,1.16,manual_issue,7
BC00005156,BOM0000807,P001728,6.2516,5.37,backflush,8
BC00005157,BOM0000808,P002980,2.3326,2.84,manual_issue,1
BC00005158,BOM0000808,P002158,2.2051,3.05,manual_issue,2
BC00005159,BOM0000808,P002783,7.0168,0,backflush,3
BC00005160,BOM0000808,P000701,4.4255,3.15,backflush,4
BC00005161,BOM0000808,P002390,6.5626,3.58,manual_issue,5
BC00005162,BOM0000809,P001402,4.7487,3.06,manual_issue,1
BC00005163,BOM0000809,P001392,4.6145,4.03,backflush,2
BC00005164,BOM0000809,P001642,2.6389,1.92,manual_issue,3
BC00005165,BOM0000809,P001795,2.7703,2.94,backflush,4
BC00005166,BOM0000809,P000875,4.0513,1.17,backflush,5
BC00005167,BOM0000809,P002868,1.3778,2.28,manual_issue,6
BC00005168,BOM0000810,P002080,6.8998,2.46,floor_stock,1
BC00005169,BOM0000810,P001573,0.4398,0.43,manual_issue,2
BC00005170,BOM0000810,P002194,1.0442,2.67,backflush,3
BC00005171,BOM0000810,P001274,0.6243,2.12,backflush,4
BC00005172,BOM0000810,P002767,1.1626,2.78,manual_issue,5
BC00005173,BOM0000810,P000668,5.8397,5.32,backflush,6
BC00005174,BOM0000811,P001930,2.2027,4.51,backflush,1
BC00005175,BOM0000811,P001859,3.1577,4.41,backflush,2
BC00005176,BOM0000811,P001998,0.9663,2.1,manual_issue,3
BC00005177,BOM0000812,P001609,6.4298,2.34,backflush,1
BC00005178,BOM0000812,P001900,6.4971,0,backflush,2
BC00005179,BOM0000812,P002099,0.6556,0.76,manual_issue,3
BC00005180,BOM0000812,P001391,0.2958,2.95,floor_stock,4
BC00005181,BOM0000812,P001754,0.7798,0.13,manual_issue,5
BC00005182,BOM0000812,P000664,2.4517,4.04,backflush,6
BC00005183,BOM0000812,P000884,2.7329,1.7,backflush,7
BC00005184,BOM0000813,P003009,3.9954,3.95,manual_issue,1
BC00005185,BOM0000813,P001887,6.0824,1.67,manual_issue,2
BC00005186,BOM0000813,P001306,1.5572,2.58,backflush,3
BC00005187,BOM0000813,P001462,6.2357,5.14,manual_issue,4
BC00005188,BOM0000813,P002726,2.8968,2.18,floor_stock,5
BC00005189,BOM0000813,P001227,3.4086,4.37,backflush,6
BC00005190,BOM0000813,P002355,7.1751,2.86,backflush,7
BC00005191,BOM0000813,P001669,5.9111,3.87,manual_issue,8
BC00005192,BOM0000813,P000898,5.6651,0.88,backflush,9
BC00005193,BOM0000813,P002590,5.0882,2.04,manual_issue,10
BC00005194,BOM0000814,P002837,7.3209,3.51,backflush,1
BC00005195,BOM0000814,P001664,6.5728,3.12,floor_stock,2
BC00005196,BOM0000814,P000770,6.2085,1.43,backflush,3
BC00005197,BOM0000814,P001302,0.7642,5.8,manual_issue,4
BC00005198,BOM0000814,P001463,0.3517,3.26,backflush,5
BC00005199,BOM0000814,P002054,7.4445,2.82,backflush,6
BC00005200,BOM0000814,P001326,4.3767,1.01,backflush,7
BC00005201,BOM0000814,P000797,5.6447,5.52,backflush,8
BC00005202,BOM0000815,P001305,4.5292,1.73,manual_issue,1
BC00005203,BOM0000815,P002678,3.4051,2.14,backflush,2
BC00005204,BOM0000815,P002095,4.3114,4.44,manual_issue,3
BC00005205,BOM0000815,P001477,4.5853,3.72,backflush,4
BC00005206,BOM0000815,P001795,0.2707,2.14,backflush,5
BC00005207,BOM0000815,P003023,5.5068,0.69,backflush,6
BC00005208,BOM0000815,P001607,1.7069,4.41,backflush,7
BC00005209,BOM0000815,P000695,1.0518,3.16,backflush,8
BC00005210,BOM0000815,P001515,4.2018,2.75,backflush,9
BC00005211,BOM0000815,P002717,0.4077,4.48,backflush,10
BC00005212,BOM0000816,P001595,0.9565,2.75,manual_issue,1
BC00005213,BOM0000816,P002494,6.2055,1.04,manual_issue,2
BC00005214,BOM0000816,P002628,7.2782,3.75,backflush,3
BC00005215,BOM0000816,P003000,5.1594,4.71,backflush,4
BC00005216,BOM0000816,P002675,4.8359,3.28,manual_issue,5
BC00005217,BOM0000816,P002157,0.3669,4.34,backflush,6
BC00005218,BOM0000817,P002561,3.9625,2.26,manual_issue,1
BC00005219,BOM0000817,P002035,5.1169,3.47,floor_stock,2
BC00005220,BOM0000817,P002385,5.3706,1.94,backflush,3
BC00005221,BOM0000817,P001053,0.154,2.28,manual_issue,4
BC00005222,BOM0000817,P001871,1.3887,3.68,manual_issue,5
BC00005223,BOM0000818,P001729,6.0112,2.76,manual_issue,1
BC00005224,BOM0000818,P001063,3.0124,2.98,backflush,2
BC00005225,BOM0000818,P003051,2.0515,2.29,backflush,3
BC00005226,BOM0000818,P001177,6.7152,3.42,manual_issue,4
BC00005227,BOM0000818,P001063,2.727,2.22,backflush,5
BC00005228,BOM0000818,P001581,0.2917,0.42,manual_issue,6
BC00005229,BOM0000818,P002419,1.1041,2.08,manual_issue,7
BC00005230,BOM0000819,P001764,0.5673,4.57,backflush,1
BC00005231,BOM0000819,P002696,3.641,3.74,backflush,2
BC00005232,BOM0000819,P002812,0.6763,2.53,manual_issue,3
BC00005233,BOM0000819,P001802,3.2304,3.29,backflush,4
BC00005234,BOM0000819,P001056,1.6948,4.3,backflush,5
BC00005235,BOM0000819,P001713,4.9551,3.09,backflush,6
BC00005236,BOM0000820,P002355,5.4005,8.37,backflush,1
BC00005237,BOM0000820,P001671,2.3354,3.76,manual_issue,2
BC00005238,BOM0000820,P000699,2.716,1.3,floor_stock,3
BC00005239,BOM0000821,P001783,2.552,1.98,manual_issue,1
BC00005240,BOM0000821,P000717,4.869,1.67,backflush,2
BC00005241,BOM0000821,P002185,6.1314,1.8,backflush,3
BC00005242,BOM0000821,P000662,1.5198,5.1,manual_issue,4
BC00005243,BOM0000821,P001734,3.1954,2.19,backflush,5
BC00005244,BOM0000822,P002690,6.5753,1.75,floor_stock,1
BC00005245,BOM0000822,P000825,4.0042,0,backflush,2
BC00005246,BOM0000822,P002244,3.6265,4.08,manual_issue,3
BC00005247,BOM0000823,P002386,7.42,0,manual_issue,1
BC00005248,BOM0000823,P001633,0.442,2.99,backflush,2
BC00005249,BOM0000823,P001004,4.1291,1.55,backflush,3
BC00005250,BOM0000824,P002526,4.2543,3.51,manual_issue,1
BC00005251,BOM0000824,P001326,5.712,4.64,manual_issue,2
BC00005252,BOM0000824,P002412,0.4712,2.38,manual_issue,3
BC00005253,BOM0000824,P002311,6.8066,5.12,backflush,4
BC00005254,BOM0000824,P002641,2.2291,4.89,backflush,5
BC00005255,BOM0000824,P001426,1.5787,1.42,manual_issue,6
BC00005256,BOM0000824,P003144,4.4362,1.45,manual_issue,7
BC00005257,BOM0000824,P003109,2.3996,0.53,floor_stock,8
BC00005258,BOM0000825,P001935,0.6367,2.66,manual_issue,1
BC00005259,BOM0000825,P001315,6.7638,2.72,manual_issue,2
BC00005260,BOM0000825,P001359,4.0985,1.74,backflush,3
BC00005261,BOM0000825,P002425,2.1573,3.82,manual_issue,4
BC00005262,BOM0000825,P002315,3.7216,5.42,backflush,5
BC00005263,BOM0000825,P001831,3.5979,2.54,backflush,6
BC00005264,BOM0000825,P002052,0.5661,6.02,manual_issue,7
BC00005265,BOM0000825,P002956,7.3547,2.0,backflush,8
BC00005266,BOM0000825,P000906,2.3929,3.62,backflush,9
BC00005267,BOM0000826,P001274,6.4311,2.15,manual_issue,1
BC00005268,BOM0000826,P003000,1.8491,2.54,backflush,2
BC00005269,BOM0000826,P002999,2.9042,5.09,backflush,3
BC00005270,BOM0000826,P001759,2.4925,4.51,backflush,4
BC00005271,BOM0000826,P002281,7.0791,1.9,manual_issue,5
BC00005272,BOM0000826,P000743,0.6389,4.08,backflush,6
BC00005273,BOM0000826,P000819,2.0442,3.59,manual_issue,7
BC00005274,BOM0000827,P001569,5.74,1.82,backflush,1
BC00005275,BOM0000827,P002483,4.4804,1.46,manual_issue,2
BC00005276,BOM0000827,P000988,1.6313,5.57,manual_issue,3
BC00005277,BOM0000827,P002354,0.3497,2.82,floor_stock,4
BC00005278,BOM0000827,P002738,6.2575,3.36,backflush,5
BC00005279,BOM0000827,P001977,2.9416,2.72,backflush,6
BC00005280,BOM0000827,P003191,5.5976,2.83,backflush,7
BC00005281,BOM0000827,P002715,5.0757,4.07,floor_stock,8
BC00005282,BOM0000827,P001736,3.2318,2.52,floor_stock,9
BC00005283,BOM0000827,P001648,6.6817,3.28,floor_stock,10
BC00005284,BOM0000828,P002985,6.6514,0.86,backflush,1
BC00005285,BOM0000828,P001705,5.7699,2.27,backflush,2
BC00005286,BOM0000828,P001013,6.7603,2.49,backflush,3
BC00005287,BOM0000828,P000894,1.3181,3.22,backflush,4
BC00005288,BOM0000828,P000815,2.6406,0.24,manual_issue,5
BC00005289,BOM0000828,P002546,4.5959,1.98,backflush,6
BC00005290,BOM0000829,P001749,2.9409,4.45,manual_issue,1
BC00005291,BOM0000829,P001653,5.0633,2.75,backflush,2
BC00005292,BOM0000829,P001313,4.4423,2.56,manual_issue,3
BC00005293,BOM0000829,P000701,3.0791,4.55,manual_issue,4
BC00005294,BOM0000829,P002434,0.7452,1.35,backflush,5
BC00005295,BOM0000830,P001791,2.1249,1.0,backflush,1
BC00005296,BOM0000830,P002782,5.0638,3.64,floor_stock,2
BC00005297,BOM0000830,P000781,0.7019,4.55,backflush,3
BC00005298,BOM0000831,P000684,5.6493,4.23,manual_issue,1
BC00005299,BOM0000831,P003099,1.0637,5.09,backflush,2
BC00005300,BOM0000831,P001155,1.0119,1.48,floor_stock,3
BC00005301,BOM0000831,P001005,5.6231,4.07,backflush,4
BC00005302,BOM0000831,P002762,3.1604,4.77,backflush,5
BC00005303,BOM0000831,P001167,0.5194,3.26,floor_stock,6
BC00005304,BOM0000831,P001993,7.3768,2.98,manual_issue,7
BC00005305,BOM0000831,P002537,4.2605,5.52,floor_stock,8
BC00005306,BOM0000832,P002615,6.3642,3.71,backflush,1
BC00005307,BOM0000832,P001628,0.59,1.9,backflush,2
BC00005308,BOM0000832,P001333,6.8723,1.42,backflush,3
BC00005309,BOM0000832,P000903,6.75,5.04,backflush,4
BC00005310,BOM0000832,P001261,1.0405,5.72,manual_issue,5
BC00005311,BOM0000832,P003003,4.2699,0,manual_issue,6
BC00005312,BOM0000832,P001304,1.1534,2.17,backflush,7
BC00005313,BOM0000833,P002959,1.723,4.87,backflush,1
BC00005314,BOM0000833,P002639,1.6877,4.01,backflush,2
BC00005315,BOM0000833,P001708,1.1238,2.79,floor_stock,3
BC00005316,BOM0000833,P001035,3.7208,2.15,backflush,4
BC00005317,BOM0000833,P001994,5.5046,1.21,backflush,5
BC00005318,BOM0000833,P001183,5.8741,3.17,floor_stock,6
BC00005319,BOM0000833,P001059,4.7808,0,manual_issue,7
BC00005320,BOM0000834,P003147,3.3571,2.98,backflush,1
BC00005321,BOM0000834,P000887,5.5002,3.16,backflush,2
BC00005322,BOM0000834,P002201,6.2368,0.39,backflush,3
BC00005323,BOM0000834,P001149,7.0632,2.46,backflush,4
BC00005324,BOM0000834,P000900,4.0952,2.48,manual_issue,5
BC00005325,BOM0000834,P001598,4.8779,3.8,backflush,6
BC00005326,BOM0000834,P001512,6.6127,3.35,backflush,7
BC00005327,BOM0000834,P001947,5.6319,4.0,floor_stock,8
BC00005328,BOM0000835,P002230,0.5937,3.88,manual_issue,1
BC00005329,BOM0000835,P002385,7.1336,1.64,backflush,2
BC00005330,BOM0000835,P000968,2.7938,3.29,backflush,3
BC00005331,BOM0000835,P000939,3.69,3.65,manual_issue,4
BC00005332,BOM0000836,P001425,3.0941,4.78,floor_stock,1
BC00005333,BOM0000836,P001937,1.0081,1.56,manual_issue,2
BC00005334,BOM0000836,P001376,1.7956,2.31,manual_issue,3
BC00005335,BOM0000836,P002384,3.3417,4.77,backflush,4
BC00005336,BOM0000836,P001568,5.0461,3.63,backflush,5
BC00005337,BOM0000836,P002939,0.884,2.35,manual_issue,6
BC00005338,BOM0000837,P001968,2.6261,1.3,manual_issue,1
BC00005339,BOM0000837,P001068,0.798,3.1,manual_issue,2
BC00005340,BOM0000837,P002348,7.1666,3.56,floor_stock,3
BC00005341,BOM0000837,P002171,6.3257,4.9,backflush,4
BC00005342,BOM0000837,P000730,5.4048,2.68,backflush,5
BC00005343,BOM0000837,P002139,7.3643,4.91,manual_issue,6
BC00005344,BOM0000838,P000739,7.2235,0.91,floor_stock,1
BC00005345,BOM0000838,P003011,1.2852,3.77,manual_issue,2
BC00005346,BOM0000838,P002820,3.7368,3.73,manual_issue,3
BC00005347,BOM0000838,P002561,5.553,1.8,backflush,4
BC00005348,BOM0000838,P001985,4.4071,3.01,manual_issue,5
BC00005349,BOM0000838,P002251,4.7216,2.35,manual_issue,6
BC00005350,BOM0000838,P002631,4.1595,0,floor_stock,7
BC00005351,BOM0000838,P002442,1.2846,2.94,backflush,8
BC00005352,BOM0000839,P001390,6.4651,0.92,manual_issue,1
BC00005353,BOM0000839,P002417,5.6028,2.85,manual_issue,2
BC00005354,BOM0000839,P001128,5.9905,2.73,manual_issue,3
BC00005355,BOM0000840,P000824,4.78,0,backflush,1
BC00005356,BOM0000840,P002149,5.2758,1.97,backflush,2
BC00005357,BOM0000840,P001800,7.2595,2.92,backflush,3
BC00005358,BOM0000840,P000724,3.0928,4.08,backflush,4
BC00005359,BOM0000840,P001059,3.6923,4.72,manual_issue,5
BC00005360,BOM0000840,P002746,6.0383,2.78,backflush,6
BC00005361,BOM0000840,P002783,0.3163,1.56,backflush,7
BC00005362,BOM0000840,P002657,1.7372,2.69,manual_issue,8
BC00005363,BOM0000840,P001124,4.7339,3.33,backflush,9
BC00005364,BOM0000840,P001507,5.9142,2.42,backflush,10
BC00005365,BOM0000841,P002417,4.7128,1.66,backflush,1
BC00005366,BOM0000841,P002301,0.3501,0.34,backflush,2
BC00005367,BOM0000841,P001157,6.3595,4.73,backflush,3
BC00005368,BOM0000841,P001106,0.3487,2.69,backflush,4
BC00005369,BOM0000841,P002207,4.7247,4.44,manual_issue,5
BC00005370,BOM0000841,P001079,4.9878,2.85,floor_stock,6
BC00005371,BOM0000841,P002104,5.2967,1.92,backflush,7
BC00005372,BOM0000841,P000934,0.187,2.16,backflush,8
BC00005373,BOM0000841,P001183,1.6677,0.95,manual_issue,9
BC00005374,BOM0000841,P002860,2.5237,1.68,backflush,10
BC00005375,BOM0000842,P002784,6.148,2.47,manual_issue,1
BC00005376,BOM0000842,P001894,1.9209,3.79,manual_issue,2
BC00005377,BOM0000842,P001301,2.569,1.78,backflush,3
BC00005378,BOM0000842,P002770,3.4842,2.55,floor_stock,4
BC00005379,BOM0000842,P001174,0.8931,3.27,floor_stock,5
BC00005380,BOM0000842,P000794,4.2378,2.88,manual_issue,6
BC00005381,BOM0000842,P003095,5.8863,5.47,manual_issue,7
BC00005382,BOM0000842,P001014,6.1258,2.9,backflush,8
BC00005383,BOM0000843,P002431,1.6121,1.05,manual_issue,1
BC00005384,BOM0000843,P000776,2.4507,5.08,backflush,2
BC00005385,BOM0000843,P002704,5.0681,3.8,backflush,3
BC00005386,BOM0000843,P003045,2.5154,5.36,manual_issue,4
BC00005387,BOM0000843,P002393,6.9924,3.47,floor_stock,5
BC00005388,BOM0000844,P001891,6.5757,4.3,backflush,1
BC00005389,BOM0000844,P001133,5.4643,2.02,backflush,2
BC00005390,BOM0000844,P002170,1.4832,4.31,backflush,3
BC00005391,BOM0000844,P001256,6.1601,1.07,floor_stock,4
BC00005392,BOM0000844,P001201,1.3131,2.33,manual_issue,5
BC00005393,BOM0000844,P001368,0.784,1.24,manual_issue,6
BC00005394,BOM0000844,P001221,4.1433,2.51,backflush,7
BC00005395,BOM0000844,P002534,4.6971,2.32,manual_issue,8
BC00005396,BOM0000844,P002087,2.7724,0.73,manual_issue,9
BC00005397,BOM0000845,P003051,4.5063,1.24,backflush,1
BC00005398,BOM0000845,P001750,0.4352,3.51,backflush,2
BC00005399,BOM0000845,P002668,4.8286,3.11,floor_stock,3
BC00005400,BOM0000845,P002172,1.0674,0.62,backflush,4
BC00005401,BOM0000845,P001499,6.9399,3.21,manual_issue,5
BC00005402,BOM0000845,P002617,2.2448,3.3,backflush,6
BC00005403,BOM0000845,P001937,5.1725,3.38,backflush,7
BC00005404,BOM0000845,P003047,1.1061,0.74,manual_issue,8
BC00005405,BOM0000846,P002579,5.4169,4.05,manual_issue,1
BC00005406,BOM0000846,P001856,6.9024,6.23,backflush,2
BC00005407,BOM0000846,P000852,2.9439,2.03,backflush,3
BC00005408,BOM0000847,P002120,5.7984,4.09,backflush,1
BC00005409,BOM0000847,P001903,0.6581,6.23,backflush,2
BC00005410,BOM0000847,P002668,3.3709,1.49,floor_stock,3
BC00005411,BOM0000847,P000784,4.0153,3.71,backflush,4
BC00005412,BOM0000847,P001904,2.9862,3.09,manual_issue,5
BC00005413,BOM0000848,P001007,6.3007,0,floor_stock,1
BC00005414,BOM0000848,P002005,4.3276,2.69,floor_stock,2
BC00005415,BOM0000848,P001819,2.0151,3.15,manual_issue,3
BC00005416,BOM0000848,P002323,3.2491,0.59,backflush,4
BC00005417,BOM0000849,P003132,1.2908,4.29,manual_issue,1
BC00005418,BOM0000849,P002741,1.1827,0,manual_issue,2
BC00005419,BOM0000849,P001590,7.2359,1.63,backflush,3
BC00005420,BOM0000849,P002502,3.4975,3.34,backflush,4
BC00005421,BOM0000849,P001979,3.8627,1.85,manual_issue,5
BC00005422,BOM0000849,P002699,6.5806,6.47,backflush,6
BC00005423,BOM0000849,P001400,6.547,1.56,backflush,7
BC00005424,BOM0000849,P002669,3.8128,0.85,backflush,8
BC00005425,BOM0000849,P002639,6.934,1.95,floor_stock,9
BC00005426,BOM0000850,P000979,7.2818,3.88,floor_stock,1
BC00005427,BOM0000850,P001592,1.0489,5.36,backflush,2
BC00005428,BOM0000850,P000758,1.6447,3.13,manual_issue,3
BC00005429,BOM0000850,P000976,4.1418,1.5,backflush,4
BC00005430,BOM0000850,P001224,5.0584,3.5,manual_issue,5
BC00005431,BOM0000850,P002520,3.7088,1.14,manual_issue,6
BC00005432,BOM0000850,P001686,5.2101,3.03,backflush,7
BC00005433,BOM0000851,P002104,4.4911,2.73,manual_issue,1
BC00005434,BOM0000851,P002631,0.6903,1.96,backflush,2
BC00005435,BOM0000851,P001274,6.6621,1.87,backflush,3
BC00005436,BOM0000851,P001987,3.7215,1.39,backflush,4
BC00005437,BOM0000851,P002963,4.6505,6.83,manual_issue,5
BC00005438,BOM0000851,P001180,1.6544,0.96,backflush,6
BC00005439,BOM0000851,P003148,6.2657,1.54,manual_issue,7
BC00005440,BOM0000851,P000966,3.923,0.11,manual_issue,8
BC00005441,BOM0000851,P000835,4.2549,3.01,backflush,9
BC00005442,BOM0000852,P001988,6.9358,3.7,backflush,1
BC00005443,BOM0000852,P001495,5.7885,4.22,floor_stock,2
BC00005444,BOM0000852,P002278,1.5794,3.44,manual_issue,3
BC00005445,BOM0000852,P002883,6.591,0.31,manual_issue,4
BC00005446,BOM0000852,P002888,5.9729,4.88,manual_issue,5
BC00005447,BOM0000852,P002718,4.2584,4.44,backflush,6
BC00005448,BOM0000852,P002326,0.7074,0.84,manual_issue,7
BC00005449,BOM0000852,P001549,4.8012,3.48,floor_stock,8
BC00005450,BOM0000852,P001576,3.9913,1.96,manual_issue,9
BC00005451,BOM0000853,P000924,3.2158,1.92,manual_issue,1
BC00005452,BOM0000853,P001357,5.5366,4.27,floor_stock,2
BC00005453,BOM0000853,P001535,2.7579,3.21,manual_issue,3
BC00005454,BOM0000853,P000894,6.9593,2.66,backflush,4
BC00005455,BOM0000853,P000937,4.0366,0.71,manual_issue,5
BC00005456,BOM0000853,P002572,6.2318,2.96,backflush,6
BC00005457,BOM0000853,P002621,1.8696,4.65,floor_stock,7
BC00005458,BOM0000854,P002495,2.8797,1.68,manual_issue,1
BC00005459,BOM0000854,P000790,6.8586,3.83,backflush,2
BC00005460,BOM0000854,P000854,5.2634,3.15,backflush,3
BC00005461,BOM0000854,P002072,2.5807,2.23,floor_stock,4
BC00005462,BOM0000854,P002877,3.3577,2.35,backflush,5
BC00005463,BOM0000855,P000956,1.4916,2.57,backflush,1
BC00005464,BOM0000855,P002216,5.9976,0.59,floor_stock,2
BC00005465,BOM0000855,P002169,3.6228,0,floor_stock,3
BC00005466,BOM0000855,P001476,2.5111,4.12,manual_issue,4
BC00005467,BOM0000855,P001528,5.3577,2.35,backflush,5
BC00005468,BOM0000856,P001883,1.2449,2.93,backflush,1
BC00005469,BOM0000856,P003067,5.2789,4.85,backflush,2
BC00005470,BOM0000856,P002341,2.4808,3.25,floor_stock,3
BC00005471,BOM0000857,P002450,2.733,5.81,floor_stock,1
BC00005472,BOM0000857,P001300,6.7901,4.37,backflush,2
BC00005473,BOM0000857,P001913,7.0286,4.11,manual_issue,3
BC00005474,BOM0000857,P002902,1.777,4.38,backflush,4
BC00005475,BOM0000857,P000780,2.2244,2.31,backflush,5
BC00005476,BOM0000857,P000698,2.5187,2.49,floor_stock,6
BC00005477,BOM0000858,P001099,2.8422,3.12,backflush,1
BC00005478,BOM0000858,P001000,5.1651,5.69,backflush,2
BC00005479,BOM0000858,P001667,7.4774,1.61,backflush,3
BC00005480,BOM0000858,P001359,1.9725,1.24,backflush,4
BC00005481,BOM0000858,P001401,0.339,2.61,manual_issue,5
BC00005482,BOM0000859,P002817,0.8946,0,backflush,1
BC00005483,BOM0000859,P003192,1.7152,5.47,manual_issue,2
BC00005484,BOM0000859,P003007,5.5987,6.12,manual_issue,3
BC00005485,BOM0000859,P002100,4.2518,1.98,backflush,4
BC00005486,BOM0000859,P002000,7.2146,2.53,backflush,5
BC00005487,BOM0000860,P001540,4.6412,3.55,backflush,1
BC00005488,BOM0000860,P002757,7.3342,4.24,backflush,2
BC00005489,BOM0000860,P002049,4.8706,1.94,manual_issue,3
BC00005490,BOM0000860,P001559,1.2418,4.05,backflush,4
BC00005491,BOM0000860,P000978,1.2844,1.63,backflush,5
BC00005492,BOM0000860,P001775,5.2156,4.03,backflush,6
BC00005493,BOM0000860,P000713,4.3953,4.58,backflush,7
BC00005494,BOM0000860,P002570,2.9144,1.19,backflush,8
BC00005495,BOM0000861,P001032,0.9998,2.44,backflush,1
BC00005496,BOM0000861,P002647,4.5669,3.8,manual_issue,2
BC00005497,BOM0000861,P002463,3.8161,4.22,backflush,3
BC00005498,BOM0000861,P002229,5.3768,2.71,floor_stock,4
BC00005499,BOM0000861,P002127,2.7303,1.3,floor_stock,5
BC00005500,BOM0000861,P001564,5.5868,4.43,backflush,6
BC00005501,BOM0000861,P001586,0.677,1.0,backflush,7
BC00005502,BOM0000862,P001459,4.8452,2.38,floor_stock,1
BC00005503,BOM0000862,P000722,0.5709,6.46,backflush,2
BC00005504,BOM0000862,P003107,2.3679,3.51,backflush,3
BC00005505,BOM0000862,P002356,3.2123,1.96,manual_issue,4
BC00005506,BOM0000862,P003044,5.2234,3.12,backflush,5
BC00005507,BOM0000862,P002855,1.0013,2.2,backflush,6
BC00005508,BOM0000863,P001540,4.6622,3.18,backflush,1
BC00005509,BOM0000863,P001571,7.3238,4.22,manual_issue,2
BC00005510,BOM0000863,P002424,0.1616,0,manual_issue,3
BC00005511,BOM0000863,P002645,7.0457,1.85,backflush,4
BC00005512,BOM0000863,P001963,6.9609,2.04,backflush,5
BC00005513,BOM0000864,P001252,1.9721,1.75,backflush,1
BC00005514,BOM0000864,P003180,7.2235,3.89,floor_stock,2
BC00005515,BOM0000864,P002439,5.1038,1.81,floor_stock,3
BC00005516,BOM0000864,P002924,0.3988,2.59,backflush,4
BC00005517,BOM0000865,P001823,6.3857,3.3,backflush,1
BC00005518,BOM0000865,P001798,2.4896,4.71,manual_issue,2
BC00005519,BOM0000865,P002641,7.3086,3.25,backflush,3
BC00005520,BOM0000865,P001367,2.2678,0.87,backflush,4
BC00005521,BOM0000865,P002134,5.035,2.27,backflush,5
BC00005522,BOM0000865,P002303,4.8354,1.49,manual_issue,6
BC00005523,BOM0000865,P002898,2.0826,4.3,manual_issue,7
BC00005524,BOM0000865,P001264,0.2962,3.35,backflush,8
BC00005525,BOM0000865,P001245,4.1778,1.57,manual_issue,9
BC00005526,BOM0000865,P001850,1.016,5.62,manual_issue,10
BC00005527,BOM0000866,P003055,6.8695,3.62,manual_issue,1
BC00005528,BOM0000866,P001662,3.2814,5.26,backflush,2
BC00005529,BOM0000866,P002797,5.6494,4.34,backflush,3
BC00005530,BOM0000866,P002876,5.0593,5.69,manual_issue,4
BC00005531,BOM0000867,P001408,0.7856,2.63,backflush,1
BC00005532,BOM0000867,P001772,4.0215,2.98,manual_issue,2
BC00005533,BOM0000867,P002873,3.9567,3.07,backflush,3
BC00005534,BOM0000867,P001139,3.9117,3.4,manual_issue,4
BC00005535,BOM0000867,P002310,2.9684,2.41,backflush,5
BC00005536,BOM0000867,P002252,1.1933,1.34,backflush,6
BC00005537,BOM0000867,P001522,4.2641,3.87,backflush,7
BC00005538,BOM0000867,P001468,5.6621,5.21,backflush,8
BC00005539,BOM0000867,P001096,7.092,2.52,manual_issue,9
BC00005540,BOM0000868,P002018,2.5468,4.42,backflush,1
BC00005541,BOM0000868,P001722,6.086,1.93,backflush,2
BC00005542,BOM0000868,P002208,1.3267,1.93,floor_stock,3
BC00005543,BOM0000868,P000880,2.1549,3.48,floor_stock,4
BC00005544,BOM0000869,P001976,2.0787,4.92,manual_issue,1
BC00005545,BOM0000869,P003174,1.0538,4.91,manual_issue,2
BC00005546,BOM0000869,P002717,2.0346,2.22,backflush,3
BC00005547,BOM0000870,P000944,4.8286,3.73,manual_issue,1
BC00005548,BOM0000870,P001569,2.0585,3.05,floor_stock,2
BC00005549,BOM0000870,P000765,1.6596,3.98,backflush,3
BC00005550,BOM0000871,P003049,5.0366,0,manual_issue,1
BC00005551,BOM0000871,P002101,6.2864,2.65,floor_stock,2
BC00005552,BOM0000871,P001322,5.9875,0.3,backflush,3
BC00005553,BOM0000871,P003069,4.4045,2.79,backflush,4
BC00005554,BOM0000872,P003126,6.3667,3.59,floor_stock,1
BC00005555,BOM0000872,P001734,0.7838,3.59,backflush,2
BC00005556,BOM0000872,P001012,5.1178,1.16,backflush,3
BC00005557,BOM0000872,P002737,2.3528,2.63,backflush,4
BC00005558,BOM0000872,P003197,0.6178,0.99,manual_issue,5
BC00005559,BOM0000872,P001689,3.2627,3.42,backflush,6
BC00005560,BOM0000872,P001390,6.1158,5.37,manual_issue,7
BC00005561,BOM0000872,P000886,4.6769,2.91,floor_stock,8
BC00005562,BOM0000872,P003125,4.5708,1.71,backflush,9
BC00005563,BOM0000873,P002495,1.1876,0.72,backflush,1
BC00005564,BOM0000873,P003160,6.1104,1.98,floor_stock,2
BC00005565,BOM0000873,P000769,2.3454,0,backflush,3
BC00005566,BOM0000873,P002970,7.3989,2.58,manual_issue,4
BC00005567,BOM0000874,P000894,3.9655,3.78,backflush,1
BC00005568,BOM0000874,P002813,7.1003,2.19,floor_stock,2
BC00005569,BOM0000874,P001561,3.0347,4.35,backflush,3
BC00005570,BOM0000874,P002823,5.5602,4.16,manual_issue,4
BC00005571,BOM0000875,P001952,1.7723,1.69,manual_issue,1
BC00005572,BOM0000875,P001531,7.2217,4.45,manual_issue,2
BC00005573,BOM0000875,P001498,3.9428,4.16,manual_issue,3
BC00005574,BOM0000875,P001638,1.7459,0,floor_stock,4
BC00005575,BOM0000875,P001604,3.8075,3.29,manual_issue,5
BC00005576,BOM0000875,P002345,4.3231,1.79,backflush,6
BC00005577,BOM0000875,P002721,1.3356,4.38,floor_stock,7
BC00005578,BOM0000876,P003154,2.0213,4.19,manual_issue,1
BC00005579,BOM0000876,P001809,5.4665,5.02,backflush,2
BC00005580,BOM0000876,P000992,7.0943,2.43,floor_stock,3
BC00005581,BOM0000877,P001452,3.8817,3.83,backflush,1
BC00005582,BOM0000877,P001822,4.4229,0,backflush,2
BC00005583,BOM0000877,P002259,1.369,1.58,backflush,3
BC00005584,BOM0000877,P002466,3.3994,5.22,backflush,4
BC00005585,BOM0000878,P002335,7.4497,0,backflush,1
BC00005586,BOM0000878,P001269,5.159,2.81,backflush,2
BC00005587,BOM0000878,P001242,0.926,0.19,manual_issue,3
BC00005588,BOM0000878,P002914,5.8002,2.83,manual_issue,4
BC00005589,BOM0000878,P002513,1.6426,2.45,backflush,5
BC00005590,BOM0000879,P000941,3.295,4.37,backflush,1
BC00005591,BOM0000879,P001065,3.7602,1.68,backflush,2
BC00005592,BOM0000879,P003036,6.9626,2.53,backflush,3
BC00005593,BOM0000879,P001755,2.4356,2.66,backflush,4
BC00005594,BOM0000879,P002493,6.5347,2.95,backflush,5
BC00005595,BOM0000880,P002891,2.6422,1.88,floor_stock,1
BC00005596,BOM0000880,P000704,3.0486,3.01,backflush,2
BC00005597,BOM0000880,P000957,0.2921,2.47,manual_issue,3
BC00005598,BOM0000880,P002954,5.7,1.58,backflush,4
BC00005599,BOM0000880,P002245,7.3684,2.26,floor_stock,5
BC00005600,BOM0000880,P002659,6.3668,1.24,manual_issue,6
BC00005601,BOM0000880,P001942,7.3415,0.98,manual_issue,7
BC00005602,BOM0000880,P001990,6.5012,2.48,manual_issue,8
BC00005603,BOM0000881,P003063,1.708,4.1,floor_stock,1
BC00005604,BOM0000881,P000984,7.185,2.14,backflush,2
BC00005605,BOM0000881,P002810,4.3251,1.62,manual_issue,3
BC00005606,BOM0000881,P001184,6.281,2.04,floor_stock,4
BC00005607,BOM0000881,P002989,0.5755,0.62,backflush,5
BC00005608,BOM0000881,P002658,6.3144,4.93,manual_issue,6
BC00005609,BOM0000881,P002060,4.8451,3.0,backflush,7
BC00005610,BOM0000881,P001165,3.8506,2.38,manual_issue,8
BC00005611,BOM0000881,P000662,6.1842,4.1,manual_issue,9
BC00005612,BOM0000882,P001134,0.6757,2.08,manual_issue,1
BC00005613,BOM0000882,P002997,5.3371,1.67,manual_issue,2
BC00005614,BOM0000882,P002115,3.803,1.4,backflush,3
BC00005615,BOM0000882,P002103,1.4117,3.58,floor_stock,4
BC00005616,BOM0000883,P003089,5.5189,2.81,floor_stock,1
BC00005617,BOM0000883,P002665,3.8403,2.59,manual_issue,2
BC00005618,BOM0000883,P002382,5.4835,0.86,backflush,3
BC00005619,BOM0000883,P001943,3.2902,4.98,floor_stock,4
BC00005620,BOM0000883,P001789,3.7577,2.48,floor_stock,5
BC00005621,BOM0000883,P001028,1.1921,3.24,floor_stock,6
BC00005622,BOM0000883,P001946,3.5647,3.18,floor_stock,7
BC00005623,BOM0000884,P001429,6.2185,3.46,floor_stock,1
BC00005624,BOM0000884,P001085,2.7223,1.63,backflush,2
BC00005625,BOM0000884,P002552,6.2525,2.87,floor_stock,3
BC00005626,BOM0000884,P002337,2.8933,2.11,manual_issue,4
BC00005627,BOM0000884,P002433,6.42,3.8,backflush,5
BC00005628,BOM0000884,P002180,0.5941,1.95,manual_issue,6
BC00005629,BOM0000885,P002499,3.7388,2.64,manual_issue,1
BC00005630,BOM0000885,P002367,5.1558,3.82,manual_issue,2
BC00005631,BOM0000885,P003190,5.4503,1.85,backflush,3
BC00005632,BOM0000885,P001886,5.2757,5.07,backflush,4
BC00005633,BOM0000885,P002003,1.5135,3.97,backflush,5
BC00005634,BOM0000885,P000859,4.4621,1.82,floor_stock,6
BC00005635,BOM0000885,P000883,2.6405,1.91,floor_stock,7
BC00005636,BOM0000886,P003116,6.2145,2.91,manual_issue,1
BC00005637,BOM0000886,P002679,7.2764,2.96,backflush,2
BC00005638,BOM0000886,P002538,6.5469,5.78,backflush,3
BC00005639,BOM0000886,P000811,7.2092,0.58,manual_issue,4
BC00005640,BOM0000886,P002988,4.6499,0,backflush,5
BC00005641,BOM0000886,P000706,0.7422,4.31,backflush,6
BC00005642,BOM0000887,P001078,0.5168,3.54,manual_issue,1
BC00005643,BOM0000887,P002141,4.8478,3.17,floor_stock,2
BC00005644,BOM0000887,P001978,4.1551,1.74,backflush,3
BC00005645,BOM0000888,P001219,4.9707,1.85,manual_issue,1
BC00005646,BOM0000888,P002851,2.9139,3.45,backflush,2
BC00005647,BOM0000888,P001738,1.4993,2.9,manual_issue,3
BC00005648,BOM0000888,P002546,2.0249,2.58,backflush,4
BC00005649,BOM0000888,P002099,1.8037,1.94,manual_issue,5
BC00005650,BOM0000888,P002873,6.7694,1.96,backflush,6
BC00005651,BOM0000888,P002760,1.417,3.5,backflush,7
BC00005652,BOM0000888,P001308,1.8622,3.53,backflush,8
BC00005653,BOM0000888,P003068,3.8032,2.07,manual_issue,9
BC00005654,BOM0000888,P001020,4.4866,5.75,backflush,10
BC00005655,BOM0000889,P001978,6.7338,3.01,manual_issue,1
BC00005656,BOM0000889,P001027,4.0488,1.83,manual_issue,2
BC00005657,BOM0000889,P001975,0.7797,3.01,backflush,3
BC00005658,BOM0000889,P001617,4.6412,4.45,backflush,4
BC00005659,BOM0000889,P000862,3.9259,4.9,backflush,5
BC00005660,BOM0000889,P001004,3.9228,3.29,backflush,6
BC00005661,BOM0000889,P002864,3.8679,2.88,backflush,7
BC00005662,BOM0000890,P002311,0.4033,3.09,floor_stock,1
BC00005663,BOM0000890,P001635,6.0999,2.94,floor_stock,2
BC00005664,BOM0000890,P001075,4.4482,2.56,floor_stock,3
BC00005665,BOM0000890,P002750,0.8238,2.32,backflush,4
BC00005666,BOM0000890,P002657,3.3657,4.55,manual_issue,5
BC00005667,BOM0000890,P003195,1.567,1.68,floor_stock,6
BC00005668,BOM0000890,P001232,1.6788,1.07,floor_stock,7
BC00005669,BOM0000890,P002855,0.1792,3.02,backflush,8
BC00005670,BOM0000890,P002789,3.8505,3.88,backflush,9
BC00005671,BOM0000890,P001128,6.4436,3.2,manual_issue,10
BC00005672,BOM0000891,P000700,4.8901,2.12,manual_issue,1
BC00005673,BOM0000891,P001157,6.7533,2.73,manual_issue,2
BC00005674,BOM0000891,P002638,3.0272,3.35,backflush,3
BC00005675,BOM0000892,P000901,6.6188,1.67,backflush,1
BC00005676,BOM0000892,P000952,1.948,3.98,manual_issue,2
BC00005677,BOM0000892,P001533,2.8634,4.88,floor_stock,3
BC00005678,BOM0000892,P001800,2.0688,2.27,backflush,4
BC00005679,BOM0000892,P002462,6.2855,2.99,backflush,5
BC00005680,BOM0000893,P002822,2.1157,6.01,backflush,1
BC00005681,BOM0000893,P001072,3.7536,3.06,backflush,2
BC00005682,BOM0000893,P001372,6.5881,1.82,backflush,3
BC00005683,BOM0000893,P003106,3.1556,0.67,manual_issue,4
BC00005684,BOM0000893,P002909,0.2272,3.58,backflush,5
BC00005685,BOM0000893,P001386,6.2821,0.18,manual_issue,6
BC00005686,BOM0000894,P001813,4.3547,1.13,backflush,1
BC00005687,BOM0000894,P001111,1.7239,0.3,manual_issue,2
BC00005688,BOM0000894,P002225,0.8329,2.61,backflush,3
BC00005689,BOM0000894,P002722,5.7328,1.58,backflush,4
BC00005690,BOM0000894,P001358,0.5771,3.33,floor_stock,5
BC00005691,BOM0000894,P002937,3.9094,4.36,floor_stock,6
BC00005692,BOM0000894,P001431,7.3729,0.22,manual_issue,7
BC00005693,BOM0000894,P002914,4.9984,4.75,manual_issue,8
BC00005694,BOM0000894,P001600,3.8384,2.77,backflush,9
BC00005695,BOM0000894,P001081,4.2768,3.15,backflush,10
BC00005696,BOM0000895,P000967,2.2457,0,manual_issue,1
BC00005697,BOM0000895,P000832,1.7606,4.28,floor_stock,2
BC00005698,BOM0000895,P000808,2.6973,2.62,manual_issue,3
BC00005699,BOM0000895,P002341,4.2882,3.53,backflush,4
BC00005700,BOM0000895,P002239,0.7976,1.69,floor_stock,5
BC00005701,BOM0000896,P002609,1.016,2.64,manual_issue,1
BC00005702,BOM0000896,P002597,3.0798,4.5,floor_stock,2
BC00005703,BOM0000896,P002156,6.3631,2.18,manual_issue,3
BC00005704,BOM0000896,P001724,1.4997,3.55,backflush,4
BC00005705,BOM0000897,P003188,6.0975,1.6,floor_stock,1
BC00005706,BOM0000897,P001029,7.4599,1.8,backflush,2
BC00005707,BOM0000897,P002309,4.1145,3.04,backflush,3
BC00005708,BOM0000897,P000753,4.4667,0.78,manual_issue,4
BC00005709,BOM0000897,P003092,6.9916,1.0,manual_issue,5
BC00005710,BOM0000897,P002474,5.9437,4.28,backflush,6
BC00005711,BOM0000897,P000982,1.3319,3.1,backflush,7
BC00005712,BOM0000897,P002429,3.4478,3.24,backflush,8
BC00005713,BOM0000897,P002198,1.5016,1.81,backflush,9
BC00005714,BOM0000897,P001719,0.7591,0.47,manual_issue,10
BC00005715,BOM0000898,P000777,5.8914,4.64,backflush,1
BC00005716,BOM0000898,P002634,1.5721,2.97,backflush,2
BC00005717,BOM0000898,P002275,5.1883,2.38,floor_stock,3
BC00005718,BOM0000898,P001373,2.1551,3.05,backflush,4
BC00005719,BOM0000899,P003190,0.5649,3.51,backflush,1
BC00005720,BOM0000899,P000889,5.8281,1.85,floor_stock,2
BC00005721,BOM0000899,P001911,5.6343,0.3,backflush,3
BC00005722,BOM0000900,P001815,3.1689,4.97,backflush,1
BC00005723,BOM0000900,P001677,3.8582,2.51,backflush,2
BC00005724,BOM0000900,P001700,4.8992,3.21,manual_issue,3
BC00005725,BOM0000900,P003147,3.4197,6.45,backflush,4
BC00005726,BOM0000900,P002497,6.2654,3.11,backflush,5
BC00005727,BOM0000900,P001846,6.251,0.14,backflush,6
BC00005728,BOM0000900,P001338,7.0753,4.09,manual_issue,7
BC00005729,BOM0000900,P001819,3.0583,3.9,backflush,8
BC00005730,BOM0000900,P002309,6.0726,2.82,manual_issue,9
BC00005731,BOM0000900,P002184,6.2227,4.23,backflush,10
BC00005732,BOM0000901,P001110,4.0984,2.62,floor_stock,1
BC00005733,BOM0000901,P001357,0.7688,5.11,floor_stock,2
BC00005734,BOM0000901,P003071,4.6741,4.1,backflush,3
BC00005735,BOM0000901,P001369,5.7748,1.49,backflush,4
BC00005736,BOM0000901,P002409,5.9043,4.56,backflush,5
BC00005737,BOM0000901,P002728,2.905,3.42,backflush,6
BC00005738,BOM0000901,P002448,4.2288,3.56,manual_issue,7
BC00005739,BOM0000901,P002096,0.4203,4.23,manual_issue,8
BC00005740,BOM0000902,P002857,2.8531,2.65,backflush,1
BC00005741,BOM0000902,P002339,2.3487,0.64,backflush,2
BC00005742,BOM0000902,P002895,6.0801,3.08,backflush,3
BC00005743,BOM0000902,P002150,5.4506,2.29,backflush,4
BC00005744,BOM0000903,P000865,5.4383,2.58,floor_stock,1
BC00005745,BOM0000903,P001327,5.1482,0,manual_issue,2
BC00005746,BOM0000903,P000660,6.8706,0.6,manual_issue,3
BC00005747,BOM0000903,P002989,3.8464,3.61,floor_stock,4
BC00005748,BOM0000904,P001673,2.0882,3.62,manual_issue,1
BC00005749,BOM0000904,P001629,0.7688,3.0,floor_stock,2
BC00005750,BOM0000904,P000810,0.2664,3.3,manual_issue,3
BC00005751,BOM0000904,P001564,1.4356,3.23,manual_issue,4
BC00005752,BOM0000904,P002880,1.5198,2.67,backflush,5
BC00005753,BOM0000905,P001160,1.7951,1.71,floor_stock,1
BC00005754,BOM0000905,P002100,2.0312,4.56,backflush,2
BC00005755,BOM0000905,P001571,6.4474,2.8,manual_issue,3
BC00005756,BOM0000905,P001682,2.3779,4.76,backflush,4
BC00005757,BOM0000905,P001329,2.5218,4.84,manual_issue,5
BC00005758,BOM0000905,P002086,1.4354,3.16,floor_stock,6
BC00005759,BOM0000905,P001459,1.8159,1.12,backflush,7
BC00005760,BOM0000905,P001773,3.295,3.4,backflush,8
BC00005761,BOM0000905,P002333,6.5826,2.41,manual_issue,9
BC00005762,BOM0000905,P002936,0.8719,2.2,manual_issue,10
BC00005763,BOM0000906,P001975,7.2436,4.69,backflush,1
BC00005764,BOM0000906,P002324,0.5119,4.35,floor_stock,2
BC00005765,BOM0000906,P001664,3.5822,2.86,backflush,3
BC00005766,BOM0000907,P003001,2.9856,0.39,manual_issue,1
BC00005767,BOM0000907,P002701,7.246,5.09,backflush,2
BC00005768,BOM0000907,P001262,1.0065,2.13,manual_issue,3
BC00005769,BOM0000908,P000721,3.2762,4.68,backflush,1
BC00005770,BOM0000908,P002426,6.5267,1.03,floor_stock,2
BC00005771,BOM0000908,P002701,6.7638,0.69,backflush,3
BC00005772,BOM0000908,P002240,6.5732,2.83,backflush,4
BC00005773,BOM0000908,P002605,2.4721,0.73,backflush,5
BC00005774,BOM0000908,P003152,6.1862,4.14,backflush,6
BC00005775,BOM0000909,P002401,6.7737,3.32,backflush,1
BC00005776,BOM0000909,P002744,2.35,1.05,backflush,2
BC00005777,BOM0000909,P000672,7.338,1.97,backflush,3
BC00005778,BOM0000909,P001380,2.6977,0.45,backflush,4
BC00005779,BOM0000909,P001061,3.8191,2.66,floor_stock,5
BC00005780,BOM0000909,P002002,1.0508,3.14,backflush,6
BC00005781,BOM0000909,P001709,3.9212,1.27,manual_issue,7
BC00005782,BOM0000909,P002554,2.546,1.02,manual_issue,8
BC00005783,BOM0000910,P002958,1.1057,3.89,manual_issue,1
BC00005784,BOM0000910,P000863,6.3223,3.67,backflush,2
BC00005785,BOM0000910,P002284,5.1564,1.5,manual_issue,3
BC00005786,BOM0000910,P001406,0.1857,4.06,backflush,4
BC00005787,BOM0000910,P000855,4.1266,3.84,manual_issue,5
BC00005788,BOM0000911,P001211,2.4949,3.25,manual_issue,1
BC00005789,BOM0000911,P002899,3.3821,2.62,backflush,2
BC00005790,BOM0000911,P002837,5.8497,3.02,backflush,3
BC00005791,BOM0000911,P001219,6.2752,2.73,manual_issue,4
BC00005792,BOM0000911,P001701,2.1901,5.58,backflush,5
BC00005793,BOM0000911,P001539,0.9855,2.99,backflush,6
BC00005794,BOM0000911,P001867,1.8577,2.07,backflush,7
BC00005795,BOM0000911,P002015,7.4048,5.64,backflush,8
BC00005796,BOM0000911,P002155,2.4654,1.98,backflush,9
BC00005797,BOM0000911,P002535,3.891,3.92,backflush,10
BC00005798,BOM0000912,P002037,1.9253,3.28,backflush,1
BC00005799,BOM0000912,P001304,4.2627,0,backflush,2
BC00005800,BOM0000912,P001638,3.5916,4.19,backflush,3
BC00005801,BOM0000912,P002334,3.2817,5.0,backflush,4
BC00005802,BOM0000912,P002269,2.6528,3.25,manual_issue,5
BC00005803,BOM0000912,P002892,5.601,4.3,manual_issue,6
BC00005804,BOM0000912,P001436,1.9643,0.68,backflush,7
BC00005805,BOM0000912,P000763,3.3734,4.08,backflush,8
BC00005806,BOM0000912,P001793,2.2595,3.16,manual_issue,9
BC00005807,BOM0000912,P002184,4.8844,2.67,backflush,10
BC00005808,BOM0000913,P000858,5.4601,5.06,backflush,1
BC00005809,BOM0000913,P002063,0.2853,3.25,backflush,2
BC00005810,BOM0000913,P001546,0.2227,2.77,backflush,3
BC00005811,BOM0000913,P001591,4.3354,1.74,manual_issue,4
BC00005812,BOM0000913,P002387,2.19,5.72,backflush,5
BC00005813,BOM0000913,P002442,0.8857,3.34,backflush,6
BC00005814,BOM0000914,P002485,0.6623,1.86,backflush,1
BC00005815,BOM0000914,P002379,1.3169,2.41,floor_stock,2
BC00005816,BOM0000914,P002773,2.2299,1.49,manual_issue,3
BC00005817,BOM0000914,P003180,6.4758,0.53,backflush,4
BC00005818,BOM0000915,P002071,2.0713,3.86,manual_issue,1
BC00005819,BOM0000915,P001354,4.1437,1.77,manual_issue,2
BC00005820,BOM0000915,P002753,2.169,3.46,backflush,3
BC00005821,BOM0000915,P001266,4.7812,1.38,manual_issue,4
BC00005822,BOM0000915,P002994,7.1369,1.46,backflush,5
BC00005823,BOM0000916,P001617,2.1387,0,backflush,1
BC00005824,BOM0000916,P001728,3.8088,3.38,backflush,2
BC00005825,BOM0000916,P001831,0.6343,2.34,manual_issue,3
BC00005826,BOM0000916,P001459,6.8003,0,backflush,4
BC00005827,BOM0000916,P002277,4.6164,1.18,backflush,5
BC00005828,BOM0000916,P003155,4.4403,4.64,backflush,6
BC00005829,BOM0000916,P000776,5.5494,2.92,backflush,7
BC00005830,BOM0000916,P001921,0.8707,3.78,floor_stock,8
BC00005831,BOM0000917,P001683,3.4239,4.74,backflush,1
BC00005832,BOM0000917,P001203,4.3407,0.11,manual_issue,2
BC00005833,BOM0000917,P002085,0.9154,1.68,backflush,3
BC00005834,BOM0000917,P000803,3.8277,0.43,backflush,4
BC00005835,BOM0000917,P003035,4.7905,0.02,manual_issue,5
BC00005836,BOM0000917,P001691,6.2836,0.78,backflush,6
BC00005837,BOM0000917,P002138,3.2417,3.53,manual_issue,7
BC00005838,BOM0000917,P002430,1.9033,6.29,backflush,8
BC00005839,BOM0000917,P002286,1.0022,1.9,backflush,9
BC00005840,BOM0000917,P001035,1.8686,1.92,backflush,10
BC00005841,BOM0000918,P000913,3.2207,0.54,floor_stock,1
BC00005842,BOM0000918,P002778,0.5735,2.46,backflush,2
BC00005843,BOM0000918,P001910,5.6445,3.89,backflush,3
BC00005844,BOM0000918,P002497,1.5331,1.31,manual_issue,4
BC00005845,BOM0000918,P002708,4.5556,2.29,backflush,5
BC00005846,BOM0000919,P001240,5.5741,5.36,backflush,1
BC00005847,BOM0000919,P002443,6.6281,1.44,manual_issue,2
BC00005848,BOM0000919,P001308,1.0192,0,floor_stock,3
BC00005849,BOM0000919,P000720,1.4151,3.51,backflush,4
BC00005850,BOM0000919,P001316,1.1871,3.79,backflush,5
BC00005851,BOM0000919,P002586,6.602,0.22,manual_issue,6
BC00005852,BOM0000920,P001866,1.6173,2.88,manual_issue,1
BC00005853,BOM0000920,P001281,4.9748,3.5,floor_stock,2
BC00005854,BOM0000920,P002249,7.1598,1.52,backflush,3
BC00005855,BOM0000920,P002713,0.2249,1.63,manual_issue,4
BC00005856,BOM0000920,P002565,6.5214,2.05,floor_stock,5
BC00005857,BOM0000920,P002795,1.891,1.05,floor_stock,6
BC00005858,BOM0000920,P001819,4.8611,3.57,manual_issue,7
BC00005859,BOM0000920,P001147,0.3561,2.45,manual_issue,8
BC00005860,BOM0000920,P000886,5.8971,2.38,manual_issue,9
BC00005861,BOM0000921,P002563,3.0221,2.13,manual_issue,1
BC00005862,BOM0000921,P002699,6.6146,0.85,backflush,2
BC00005863,BOM0000921,P001665,5.6559,4.65,backflush,3
BC00005864,BOM0000921,P001744,5.1583,3.83,manual_issue,4
BC00005865,BOM0000921,P001881,5.389,4.35,backflush,5
BC00005866,BOM0000921,P003040,5.4278,3.1,backflush,6
BC00005867,BOM0000921,P002668,2.3122,2.78,backflush,7
BC00005868,BOM0000922,P002403,4.6977,2.56,backflush,1
BC00005869,BOM0000922,P001318,5.3106,1.17,backflush,2
BC00005870,BOM0000922,P001662,0.5386,2.71,manual_issue,3
BC00005871,BOM0000922,P002082,2.8685,2.53,manual_issue,4
BC00005872,BOM0000922,P002479,6.0134,1.9,manual_issue,5
BC00005873,BOM0000922,P000697,0.2035,2.39,backflush,6
BC00005874,BOM0000922,P002847,4.2879,5.13,backflush,7
BC00005875,BOM0000922,P002044,4.9264,3.58,manual_issue,8
BC00005876,BOM0000923,P001120,5.1407,3.37,backflush,1
BC00005877,BOM0000923,P002269,3.1117,2.0,backflush,2
BC00005878,BOM0000923,P002126,6.9435,2.98,backflush,3
BC00005879,BOM0000923,P002587,6.9324,1.18,manual_issue,4
BC00005880,BOM0000923,P002197,6.2463,2.4,backflush,5
BC00005881,BOM0000923,P001498,6.5265,1.52,manual_issue,6
BC00005882,BOM0000923,P001574,2.056,2.17,floor_stock,7
BC00005883,BOM0000923,P000795,1.5387,3.68,backflush,8
BC00005884,BOM0000923,P002123,4.2411,2.68,backflush,9
BC00005885,BOM0000924,P002832,3.5522,3.5,manual_issue,1
BC00005886,BOM0000924,P002737,0.8263,5.17,backflush,2
BC00005887,BOM0000924,P001608,6.9937,3.1,backflush,3
BC00005888,BOM0000925,P001242,6.8147,3.71,manual_issue,1
BC00005889,BOM0000925,P000902,0.4956,1.94,backflush,2
BC00005890,BOM0000925,P001199,5.9686,5.49,manual_issue,3
BC00005891,BOM0000925,P002690,2.6715,3.37,backflush,4
BC00005892,BOM0000925,P001561,2.5214,1.68,backflush,5
BC00005893,BOM0000925,P002394,0.5577,1.78,backflush,6
BC00005894,BOM0000925,P001235,0.4321,2.73,backflush,7
BC00005895,BOM0000925,P001405,4.6559,0,floor_stock,8
BC00005896,BOM0000926,P001283,3.8085,2.45,backflush,1
BC00005897,BOM0000926,P001841,3.6654,5.58,backflush,2
BC00005898,BOM0000926,P002444,2.4513,4.56,backflush,3
BC00005899,BOM0000926,P001384,6.2049,5.01,floor_stock,4
BC00005900,BOM0000926,P000895,2.8809,2.2,floor_stock,5
BC00005901,BOM0000926,P000772,4.1068,1.64,floor_stock,6
BC00005902,BOM0000927,P001841,2.344,2.95,manual_issue,1
BC00005903,BOM0000927,P002944,4.2594,2.41,backflush,2
BC00005904,BOM0000927,P003196,1.1732,4.47,backflush,3
BC00005905,BOM0000927,P001256,2.455,3.93,manual_issue,4
BC00005906,BOM0000927,P001991,5.7859,1.67,backflush,5
BC00005907,BOM0000927,P002994,5.7133,1.74,backflush,6
BC00005908,BOM0000927,P002963,6.2958,4.53,manual_issue,7
BC00005909,BOM0000927,P000859,5.928,3.45,backflush,8
BC00005910,BOM0000927,P001860,1.4153,2.97,backflush,9
BC00005911,BOM0000928,P001984,4.1536,0.24,manual_issue,1
BC00005912,BOM0000928,P002366,1.7878,3.72,backflush,2
BC00005913,BOM0000928,P002231,4.5854,2.97,backflush,3
BC00005914,BOM0000929,P002805,4.4781,4.49,backflush,1
BC00005915,BOM0000929,P003060,5.3199,1.09,manual_issue,2
BC00005916,BOM0000929,P002781,4.4815,2.08,backflush,3
BC00005917,BOM0000929,P000995,5.898,2.74,backflush,4
BC00005918,BOM0000929,P000968,3.2794,2.92,manual_issue,5
BC00005919,BOM0000929,P002192,0.6935,1.17,manual_issue,6
BC00005920,BOM0000929,P001120,7.3386,3.31,manual_issue,7
BC00005921,BOM0000929,P001270,1.9332,2.3,manual_issue,8
BC00005922,BOM0000930,P003099,0.9161,2.04,manual_issue,1
BC00005923,BOM0000930,P001740,0.4595,2.87,manual_issue,2
BC00005924,BOM0000930,P002658,6.6729,1.2,backflush,3
BC00005925,BOM0000930,P002624,6.8885,4.01,manual_issue,4
BC00005926,BOM0000930,P001389,0.27,3.83,backflush,5
BC00005927,BOM0000930,P000702,4.4684,0.24,manual_issue,6
BC00005928,BOM0000930,P000867,6.9504,4.62,backflush,7
BC00005929,BOM0000930,P002714,1.463,0.81,backflush,8
BC00005930,BOM0000931,P000652,4.2268,0.58,manual_issue,1
BC00005931,BOM0000931,P002230,1.2297,0.72,floor_stock,2
BC00005932,BOM0000931,P002410,1.5553,2.08,backflush,3
BC00005933,BOM0000931,P001264,0.441,2.11,manual_issue,4
BC00005934,BOM0000931,P002891,7.1351,2.67,backflush,5
BC00005935,BOM0000931,P003158,2.0274,2.2,backflush,6
BC00005936,BOM0000931,P001678,3.2874,3.7,manual_issue,7
BC00005937,BOM0000931,P002155,2.1805,2.36,floor_stock,8
BC00005938,BOM0000932,P002796,2.6712,2.71,backflush,1
BC00005939,BOM0000932,P001098,6.1509,1.65,backflush,2
BC00005940,BOM0000932,P001146,4.0156,3.83,backflush,3
BC00005941,BOM0000932,P001495,2.3785,1.52,backflush,4
BC00005942,BOM0000932,P002338,3.736,2.4,backflush,5
BC00005943,BOM0000932,P001180,3.3356,3.8,backflush,6
BC00005944,BOM0000932,P002510,1.7116,3.85,floor_stock,7
BC00005945,BOM0000932,P003086,2.6632,3.11,backflush,8
BC00005946,BOM0000933,P002948,0.9057,1.76,backflush,1
BC00005947,BOM0000933,P003028,3.8549,2.0,backflush,2
BC00005948,BOM0000933,P003102,4.2437,2.31,manual_issue,3
BC00005949,BOM0000934,P002763,0.3616,4.58,manual_issue,1
BC00005950,BOM0000934,P001331,4.5061,3.35,floor_stock,2
BC00005951,BOM0000934,P002639,0.5703,2.53,backflush,3
BC00005952,BOM0000934,P003090,2.0297,3.2,manual_issue,4
BC00005953,BOM0000934,P001764,2.2719,2.62,manual_issue,5
BC00005954,BOM0000934,P000654,2.6692,0.6,backflush,6
BC00005955,BOM0000934,P001801,4.1606,2.64,backflush,7
BC00005956,BOM0000934,P002358,1.9162,1.17,backflush,8
BC00005957,BOM0000935,P001894,6.544,3.89,backflush,1
BC00005958,BOM0000935,P003152,3.8047,2.4,backflush,2
BC00005959,BOM0000935,P002262,3.7864,2.57,floor_stock,3
BC00005960,BOM0000935,P001184,2.7745,2.51,backflush,4
BC00005961,BOM0000935,P002883,1.0706,3.65,backflush,5
BC00005962,BOM0000935,P001569,3.758,1.04,manual_issue,6
BC00005963,BOM0000935,P002485,3.4554,2.91,backflush,7
BC00005964,BOM0000935,P001083,6.5169,3.41,manual_issue,8
BC00005965,BOM0000935,P002115,5.8823,1.62,backflush,9
BC00005966,BOM0000936,P001511,5.1497,2.33,backflush,1
BC00005967,BOM0000936,P003036,2.6155,0,manual_issue,2
BC00005968,BOM0000936,P002050,1.9596,2.96,backflush,3
BC00005969,BOM0000936,P000701,3.0219,2.02,manual_issue,4
BC00005970,BOM0000936,P000754,1.8389,6.42,manual_issue,5
BC00005971,BOM0000936,P001328,5.8247,2.6,backflush,6
BC00005972,BOM0000937,P001545,0.3925,0.96,backflush,1
BC00005973,BOM0000937,P002997,2.7918,0.24,floor_stock,2
BC00005974,BOM0000937,P002417,5.149,4.66,manual_issue,3
BC00005975,BOM0000937,P001886,6.4368,2.71,backflush,4
BC00005976,BOM0000937,P002012,2.1104,2.43,backflush,5
BC00005977,BOM0000937,P001569,0.1965,4.65,manual_issue,6
BC00005978,BOM0000937,P003031,4.0175,2.77,manual_issue,7
BC00005979,BOM0000938,P002113,6.1218,0,backflush,1
BC00005980,BOM0000938,P002678,1.9208,3.58,manual_issue,2
BC00005981,BOM0000938,P002616,4.8875,3.5,backflush,3
BC00005982,BOM0000938,P001802,0.2073,2.37,manual_issue,4
BC00005983,BOM0000938,P002943,4.8934,4.34,manual_issue,5
BC00005984,BOM0000938,P002077,1.5104,0,manual_issue,6
BC00005985,BOM0000938,P000698,5.857,4.03,manual_issue,7
BC00005986,BOM0000938,P002466,1.5896,1.02,backflush,8
BC00005987,BOM0000939,P001824,4.9069,3.41,backflush,1
BC00005988,BOM0000939,P001995,6.2218,2.09,backflush,2
BC00005989,BOM0000939,P002388,2.6761,1.72,manual_issue,3
BC00005990,BOM0000939,P000787,3.3312,1.92,backflush,4
BC00005991,BOM0000939,P000828,6.4311,4.17,backflush,5
BC00005992,BOM0000940,P002223,3.4882,4.07,backflush,1
BC00005993,BOM0000940,P000654,5.6329,3.26,manual_issue,2
BC00005994,BOM0000940,P000715,3.9995,1.2,floor_stock,3
BC00005995,BOM0000940,P002585,4.0369,1.21,backflush,4
BC00005996,BOM0000940,P002035,2.4933,3.76,floor_stock,5
BC00005997,BOM0000940,P002690,6.8414,4.51,floor_stock,6
BC00005998,BOM0000941,P002998,2.9979,1.49,manual_issue,1
BC00005999,BOM0000941,P002625,4.925,1.74,backflush,2
BC00006000,BOM0000941,P001655,4.0813,1.05,manual_issue,3
BC00006001,BOM0000941,P000893,5.5452,1.78,manual_issue,4
BC00006002,BOM0000941,P003146,5.1465,2.08,backflush,5
BC00006003,BOM0000941,P001174,4.6138,2.93,backflush,6
BC00006004,BOM0000941,P000938,2.2696,0.14,backflush,7
BC00006005,BOM0000941,P002004,5.0159,1.88,manual_issue,8
BC00006006,BOM0000941,P000878,3.2006,3.32,floor_stock,9
BC00006007,BOM0000942,P002009,6.5686,3.7,backflush,1
BC00006008,BOM0000942,P002542,6.9429,2.2,backflush,2
BC00006009,BOM0000942,P002868,2.5342,2.38,floor_stock,3
BC00006010,BOM0000942,P003112,4.9222,0.76,manual_issue,4
BC00006011,BOM0000942,P001280,5.7446,2.18,manual_issue,5
BC00006012,BOM0000943,P001582,5.7313,2.54,manual_issue,1
BC00006013,BOM0000943,P001603,0.9148,2.25,backflush,2
BC00006014,BOM0000943,P003051,3.1622,2.08,backflush,3
BC00006015,BOM0000944,P001431,6.7044,1.62,manual_issue,1
BC00006016,BOM0000944,P001224,7.3712,3.99,backflush,2
BC00006017,BOM0000944,P001092,6.3362,2.29,manual_issue,3
BC00006018,BOM0000944,P003162,7.3225,1.2,floor_stock,4
BC00006019,BOM0000945,P001161,2.7302,0.69,backflush,1
BC00006020,BOM0000945,P001498,0.991,2.46,floor_stock,2
BC00006021,BOM0000945,P000690,2.3946,3.43,backflush,3
BC00006022,BOM0000945,P001436,5.5542,3.23,backflush,4
BC00006023,BOM0000945,P001798,0.8922,3.02,backflush,5
BC00006024,BOM0000945,P001026,1.0052,2.87,manual_issue,6
BC00006025,BOM0000945,P001801,2.602,1.84,backflush,7
BC00006026,BOM0000946,P002399,0.6181,3.76,manual_issue,1
BC00006027,BOM0000946,P002931,4.2125,2.74,backflush,2
BC00006028,BOM0000946,P001005,0.2743,5.05,backflush,3
BC00006029,BOM0000946,P002761,6.0254,4.95,backflush,4
BC00006030,BOM0000946,P001139,1.4585,3.58,backflush,5
BC00006031,BOM0000946,P002634,4.8873,2.07,backflush,6
BC00006032,BOM0000947,P001878,4.33,1.1,manual_issue,1
BC00006033,BOM0000947,P001914,0.2016,3.98,manual_issue,2
BC00006034,BOM0000947,P001225,7.0728,0.7,manual_issue,3
BC00006035,BOM0000947,P001072,2.2562,5.88,floor_stock,4
BC00006036,BOM0000947,P002868,6.2315,2.37,backflush,5
BC00006037,BOM0000947,P002944,3.6969,2.12,backflush,6
BC00006038,BOM0000947,P002692,1.9683,0.51,backflush,7
BC00006039,BOM0000947,P001252,0.5069,3.16,backflush,8
BC00006040,BOM0000948,P002552,2.0346,4.01,backflush,1
BC00006041,BOM0000948,P002948,6.4203,2.55,manual_issue,2
BC00006042,BOM0000948,P001054,6.1089,0.18,backflush,3
BC00006043,BOM0000948,P001352,6.7595,1.54,manual_issue,4
BC00006044,BOM0000948,P001493,4.0943,4.09,manual_issue,5
BC00006045,BOM0000948,P002982,1.5082,4.07,manual_issue,6
BC00006046,BOM0000948,P003105,2.5978,1.91,backflush,7
BC00006047,BOM0000948,P002850,6.9799,2.79,manual_issue,8
BC00006048,BOM0000949,P001660,0.9545,1.48,backflush,1
BC00006049,BOM0000949,P001527,6.5307,2.77,backflush,2
BC00006050,BOM0000949,P002549,0.5614,0.82,backflush,3
BC00006051,BOM0000949,P001095,2.9058,5.35,floor_stock,4
BC00006052,BOM0000949,P003101,1.4434,0.74,backflush,5
BC00006053,BOM0000949,P002310,2.2801,2.73,backflush,6
BC00006054,BOM0000950,P001743,5.4414,3.8,floor_stock,1
BC00006055,BOM0000950,P002082,4.2747,2.55,manual_issue,2
BC00006056,BOM0000950,P002665,6.0269,4.19,backflush,3
