nc_id,nc_number,reference_type,reference_id,product_id,lot_id,opened_date,nc_category,severity,quantity_affected,root_cause_category,disposition,closure_date,cost_of_quality
NC000000001,NC-2026-0000001,production_order,PRD000000014,P000223,LOT00081303,2025-04-25,functional,major,1,design_tolerance,rework,2025-05-09,431.51
NC000000002,NC-2026-0000002,production_order,PRD000000020,P000894,LOT00146484,2026-06-26,functional,minor,1,process_variation,use_as_is,2026-07-01,60.81
NC000000003,NC-2026-0000003,production_order,PRD000000064,P000159,LOT00008876,2025-01-28,functional,critical,10,machine_setting,rework,2025-02-14,117.58
NC000000004,NC-2026-0000004,production_order,PRD000000066,P000842,LOT00170911,2025-04-24,dimensional,minor,1,machine_setting,rework,2025-05-13,8.07
NC000000005,NC-2026-0000005,production_order,PRD000000089,P000783,LOT00235159,2025-12-14,surface_finish,minor,10,operator_error,scrap,2025-12-20,716.85
NC000000006,NC-2026-0000006,production_order,PRD000000166,P000652,LOT00123650,2025-02-06,functional,minor,2,supplier_material,rework,2025-02-23,224.16
NC000000007,NC-2026-0000007,production_order,PRD000000184,P000677,LOT00083018,2025-10-20,dimensional,minor,2,supplier_material,use_as_is,2025-11-11,202.29
NC000000008,NC-2026-0000008,production_order,PRD000000198,P000636,LOT00235968,2026-04-16,dimensional,minor,1,machine_setting,rework,2026-05-02,0.0
NC000000009,NC-2026-0000009,production_order,PRD000000213,P000118,LOT00022535,2026-01-16,dimensional,minor,1,machine_setting,rework,2026-01-26,0.0
NC000000010,NC-2026-0000010,production_order,PRD000000228,P000108,LOT00032347,2025-03-26,packaging,minor,11,process_variation,return_to_supplier,2025-04-16,186.16
NC000000011,NC-2026-0000011,production_order,PRD000000240,P000171,LOT00119054,2025-10-05,dimensional,major,9,machine_setting,rework,2025-10-28,663.25
NC000000012,NC-2026-0000012,production_order,PRD000000268,P000593,LOT00163950,2025-06-30,dimensional,major,2,process_variation,rework,2025-07-24,94.64
NC000000013,NC-2026-0000013,production_order,PRD000000272,P000621,LOT00240961,2026-06-01,electrical,major,7,design_tolerance,rework,2026-06-09,721.72
NC000000014,NC-2026-0000014,production_order,PRD000000296,P000467,LOT00175965,2025-06-18,dimensional,minor,1,process_variation,rework,2025-06-25,21.18
NC000000015,NC-2026-0000015,production_order,PRD000000317,P000264,LOT00171924,2026-01-15,functional,major,4,operator_error,scrap,2026-02-14,180.98
NC000000016,NC-2026-0000016,production_order,PRD000000362,P000070,LOT00215550,2025-07-03,electrical,minor,9,supplier_material,scrap,2025-07-22,778.84
NC000000017,NC-2026-0000017,production_order,PRD000000375,P000040,LOT00073852,2025-05-16,packaging,minor,3,design_tolerance,scrap,2025-05-29,445.45
NC000000018,NC-2026-0000018,production_order,PRD000000386,P000285,LOT00023356,2024-05-26,dimensional,major,4,operator_error,scrap,2024-06-06,144.99
NC000000019,NC-2026-0000019,production_order,PRD000000430,P000114,LOT00143910,2025-09-05,functional,minor,7,supplier_material,scrap,2025-09-08,618.7
NC000000020,NC-2026-0000020,production_order,PRD000000431,P000371,LOT00221918,2024-06-16,packaging,minor,3,process_variation,scrap,2024-06-29,132.93
NC000000021,NC-2026-0000021,production_order,PRD000000433,P000597,LOT00138255,2025-06-27,functional,major,11,design_tolerance,rework,2025-07-10,1197.89
NC000000022,NC-2026-0000022,production_order,PRD000000441,P000296,LOT00137872,2024-10-07,functional,minor,7,process_variation,scrap,2024-11-01,435.52
NC000000023,NC-2026-0000023,production_order,PRD000000442,P000769,LOT00037452,2024-09-28,dimensional,major,1,operator_error,scrap,2024-10-13,26.93
NC000000024,NC-2026-0000024,production_order,PRD000000458,P000866,LOT00193560,2026-03-15,functional,minor,6,design_tolerance,rework,2026-04-13,1298.56
NC000000025,NC-2026-0000025,production_order,PRD000000460,P000667,LOT00221181,2025-02-12,electrical,minor,6,machine_setting,scrap,2025-03-08,2064.12
NC000000026,NC-2026-0000026,production_order,PRD000000461,P000377,LOT00028479,2024-10-01,surface_finish,critical,2,machine_setting,rework,2024-10-06,103.71
NC000000027,NC-2026-0000027,production_order,PRD000000468,P000181,LOT00216196,2026-02-14,electrical,minor,5,machine_setting,use_as_is,2026-02-19,326.28
NC000000028,NC-2026-0000028,production_order,PRD000000478,P000066,LOT00003415,2026-06-21,packaging,major,1,supplier_material,rework,2026-07-15,30.84
NC000000029,NC-2026-0000029,production_order,PRD000000483,P000634,LOT00042182,2024-09-17,packaging,minor,3,machine_setting,scrap,2024-09-19,102.65
NC000000030,NC-2026-0000030,production_order,PRD000000490,P000075,LOT00190953,2026-04-02,electrical,major,3,machine_setting,rework,2026-04-04,158.65
NC000000031,NC-2026-0000031,production_order,PRD000000495,P000634,LOT00247101,2026-05-06,functional,minor,7,operator_error,use_as_is,2026-05-26,234.46
NC000000032,NC-2026-0000032,production_order,PRD000000505,P000920,LOT00127233,2026-07-02,dimensional,critical,4,design_tolerance,scrap,2026-07-15,224.3
NC000000033,NC-2026-0000033,production_order,PRD000000516,P000794,LOT00118361,2025-03-15,electrical,major,8,operator_error,scrap,2025-03-21,965.2
NC000000034,NC-2026-0000034,production_order,PRD000000518,P000617,LOT00219851,2026-04-19,electrical,minor,6,machine_setting,rework,2026-05-04,94.29
NC000000035,NC-2026-0000035,production_order,PRD000000526,P000516,LOT00112416,2024-12-26,functional,major,11,supplier_material,return_to_supplier,2025-01-02,1132.42
NC000000036,NC-2026-0000036,production_order,PRD000000539,P000117,LOT00078520,2026-05-06,dimensional,minor,7,machine_setting,rework,2026-05-22,366.12
NC000000037,NC-2026-0000037,production_order,PRD000000543,P000515,LOT00074900,2024-06-07,functional,minor,3,supplier_material,scrap,2024-07-04,142.86
NC000000038,NC-2026-0000038,production_order,PRD000000564,P000392,LOT00079004,2024-01-13,electrical,major,2,supplier_material,scrap,2024-01-30,121.14
NC000000039,NC-2026-0000039,production_order,PRD000000607,P000322,LOT00204488,2026-08-21,electrical,major,11,machine_setting,use_as_is,2026-09-19,8254.26
NC000000040,NC-2026-0000040,production_order,PRD000000637,P000009,LOT00000640,2025-05-28,functional,minor,2,machine_setting,scrap,2025-06-19,347.77
NC000000041,NC-2026-0000041,production_order,PRD000000653,P000501,LOT00212142,2025-05-14,dimensional,major,3,process_variation,rework,2025-05-22,812.49
NC000000042,NC-2026-0000042,production_order,PRD000000655,P000108,LOT00016799,2024-12-04,surface_finish,minor,2,supplier_material,rework,2024-12-18,123.07
NC000000043,NC-2026-0000043,production_order,PRD000000665,P000307,LOT00162138,2026-08-26,electrical,minor,1,machine_setting,scrap,2026-08-29,61.08
NC000000044,NC-2026-0000044,production_order,PRD000000681,P000706,LOT00180945,2024-05-21,functional,minor,12,machine_setting,scrap,2024-06-18,678.56
NC000000045,NC-2026-0000045,production_order,PRD000000699,P000314,LOT00016809,2024-10-02,functional,major,3,operator_error,rework,2024-10-22,91.66
NC000000046,NC-2026-0000046,production_order,PRD000000751,P000063,LOT00180394,2026-07-29,surface_finish,major,6,process_variation,rework,2026-08-11,450.3
NC000000047,NC-2026-0000047,production_order,PRD000000760,P000164,LOT00152746,2025-10-07,electrical,major,1,machine_setting,return_to_supplier,2025-10-12,18.56
NC000000048,NC-2026-0000048,production_order,PRD000000768,P000236,LOT00013738,2025-12-08,functional,major,6,operator_error,return_to_supplier,2026-01-07,189.53
NC000000049,NC-2026-0000049,production_order,PRD000000799,P000234,LOT00021691,2024-07-21,dimensional,minor,3,machine_setting,rework,2024-08-19,424.26
NC000000050,NC-2026-0000050,production_order,PRD000000810,P000895,LOT00124983,2025-11-24,functional,minor,10,design_tolerance,scrap,2025-12-23,846.01
NC000000051,NC-2026-0000051,production_order,PRD000000825,P000642,LOT00127979,2025-01-31,packaging,minor,13,process_variation,rework,2025-02-03,1588.3
NC000000052,NC-2026-0000052,production_order,PRD000000826,P000024,LOT00011088,2024-02-13,surface_finish,major,8,design_tolerance,rework,2024-02-28,120.05
NC000000053,NC-2026-0000053,production_order,PRD000000830,P000616,LOT00193025,2025-04-21,packaging,major,8,process_variation,rework,2025-05-08,279.2
NC000000054,NC-2026-0000054,production_order,PRD000000898,P000155,LOT00021406,2026-05-25,functional,minor,5,operator_error,rework,2026-06-02,616.79
NC000000055,NC-2026-0000055,production_order,PRD000000914,P000219,LOT00029918,2025-08-07,packaging,minor,7,process_variation,rework,2025-08-28,534.52
NC000000056,NC-2026-0000056,production_order,PRD000000916,P000800,LOT00129415,2026-07-20,packaging,minor,4,process_variation,rework,2026-07-26,558.2
NC000000057,NC-2026-0000057,production_order,PRD000000918,P000809,LOT00176453,2024-03-07,surface_finish,minor,4,machine_setting,use_as_is,2024-03-15,325.38
NC000000058,NC-2026-0000058,production_order,PRD000000954,P000277,LOT00015802,2025-04-18,dimensional,major,7,machine_setting,rework,2025-04-20,45.01
NC000000059,NC-2026-0000059,production_order,PRD000000961,P000106,LOT00186629,2026-09-02,functional,major,3,operator_error,use_as_is,2026-09-16,263.24
NC000000060,NC-2026-0000060,production_order,PRD000000974,P000670,LOT00114209,2025-04-30,dimensional,major,1,machine_setting,rework,2025-05-03,13.2
NC000000061,NC-2026-0000061,production_order,PRD000000993,P000187,LOT00098423,2025-05-14,surface_finish,major,2,process_variation,scrap,2025-06-10,200.31
NC000000062,NC-2026-0000062,production_order,PRD000001010,P000804,LOT00029260,2025-02-28,dimensional,major,5,process_variation,rework,2025-03-18,794.55
NC000000063,NC-2026-0000063,production_order,PRD000001020,P000817,LOT00212605,2024-03-13,electrical,major,4,design_tolerance,rework,2024-04-06,258.82
NC000000064,NC-2026-0000064,production_order,PRD000001032,P000188,LOT00121653,2025-09-21,surface_finish,minor,3,operator_error,return_to_supplier,2025-10-18,167.17
NC000000065,NC-2026-0000065,production_order,PRD000001038,P000245,LOT00063409,2025-01-12,packaging,minor,6,process_variation,rework,2025-02-07,1143.24
NC000000066,NC-2026-0000066,production_order,PRD000001046,P000200,LOT00100026,2024-08-22,electrical,major,3,process_variation,rework,2024-09-11,80.93
NC000000067,NC-2026-0000067,production_order,PRD000001050,P000176,LOT00207140,2024-12-07,surface_finish,minor,6,process_variation,return_to_supplier,2024-12-22,451.62
NC000000068,NC-2026-0000068,production_order,PRD000001063,P000923,LOT00112979,2024-07-10,functional,minor,2,operator_error,scrap,2024-07-31,53.48
NC000000069,NC-2026-0000069,production_order,PRD000001066,P000778,LOT00043395,2024-10-28,functional,minor,4,supplier_material,rework,2024-11-20,895.76
NC000000070,NC-2026-0000070,production_order,PRD000001076,P000314,LOT00241800,2026-05-12,functional,minor,14,process_variation,rework,2026-05-16,688.27
NC000000071,NC-2026-0000071,production_order,PRD000001090,P000599,LOT00247531,2024-03-04,packaging,critical,9,machine_setting,return_to_supplier,2024-04-01,373.55
NC000000072,NC-2026-0000072,production_order,PRD000001103,P000565,LOT00149039,2025-08-16,functional,minor,11,operator_error,scrap,2025-08-31,4170.38
NC000000073,NC-2026-0000073,production_order,PRD000001133,P000481,LOT00047490,2024-09-20,electrical,minor,4,supplier_material,use_as_is,2024-09-24,100.32
NC000000074,NC-2026-0000074,production_order,PRD000001148,P000082,LOT00168564,2026-09-08,dimensional,minor,2,supplier_material,use_as_is,2026-09-26,181.8
NC000000075,NC-2026-0000075,production_order,PRD000001160,P000303,LOT00197884,2024-04-23,packaging,minor,4,process_variation,scrap,2024-05-13,676.89
NC000000076,NC-2026-0000076,production_order,PRD000001177,P000669,LOT00208576,2025-05-03,packaging,critical,5,process_variation,scrap,2025-05-09,439.24
NC000000077,NC-2026-0000077,production_order,PRD000001199,P000889,LOT00098683,2025-06-12,electrical,minor,1,operator_error,rework,2025-07-10,32.12
NC000000078,NC-2026-0000078,production_order,PRD000001211,P000831,LOT00113876,2024-10-29,electrical,critical,2,process_variation,rework,2024-11-15,109.05
NC000000079,NC-2026-0000079,production_order,PRD000001228,P000545,LOT00007063,2026-01-26,surface_finish,minor,6,process_variation,rework,2026-02-17,565.65
NC000000080,NC-2026-0000080,production_order,PRD000001245,P000489,LOT00121126,2026-03-31,functional,minor,5,machine_setting,return_to_supplier,2026-04-08,840.24
NC000000081,NC-2026-0000081,production_order,PRD000001267,P000488,LOT00013517,2024-12-07,dimensional,minor,1,design_tolerance,rework,2024-12-18,3.03
NC000000082,NC-2026-0000082,production_order,PRD000001272,P000011,LOT00206367,2025-10-24,functional,critical,2,operator_error,rework,2025-11-18,66.96
NC000000083,NC-2026-0000083,production_order,PRD000001293,P000527,LOT00091051,2025-02-20,dimensional,minor,2,process_variation,use_as_is,2025-02-27,254.06
NC000000084,NC-2026-0000084,production_order,PRD000001302,P000283,LOT00218100,2024-05-29,surface_finish,minor,6,supplier_material,use_as_is,2024-06-05,624.37
NC000000085,NC-2026-0000085,production_order,PRD000001304,P000890,LOT00119030,2024-01-29,functional,minor,2,supplier_material,use_as_is,2024-02-21,94.09
NC000000086,NC-2026-0000086,production_order,PRD000001315,P000306,LOT00066202,2024-04-10,packaging,minor,6,operator_error,scrap,2024-05-05,1450.08
NC000000087,NC-2026-0000087,production_order,PRD000001328,P000812,LOT00207344,2025-07-05,surface_finish,minor,2,supplier_material,rework,2025-07-18,394.81
NC000000088,NC-2026-0000088,production_order,PRD000001336,P000246,LOT00189763,2025-04-24,surface_finish,major,4,supplier_material,scrap,2025-05-01,504.78
NC000000089,NC-2026-0000089,production_order,PRD000001346,P000573,LOT00040613,2024-06-07,surface_finish,major,9,machine_setting,use_as_is,2024-06-24,248.78
NC000000090,NC-2026-0000090,production_order,PRD000001347,P000135,LOT00153255,2025-01-13,electrical,minor,3,design_tolerance,rework,2025-02-02,250.39
NC000000091,NC-2026-0000091,production_order,PRD000001352,P000444,LOT00126341,2024-03-05,functional,critical,14,operator_error,rework,2024-03-17,2634.26
NC000000092,NC-2026-0000092,production_order,PRD000001380,P000095,LOT00127022,2024-09-04,dimensional,major,4,supplier_material,scrap,2024-09-22,186.58
NC000000093,NC-2026-0000093,production_order,PRD000001386,P000789,LOT00044171,2026-08-25,functional,major,9,machine_setting,rework,2026-09-22,258.23
NC000000094,NC-2026-0000094,production_order,PRD000001388,P000549,LOT00143562,2025-04-19,functional,minor,3,operator_error,scrap,2025-04-23,218.71
NC000000095,NC-2026-0000095,production_order,PRD000001408,P000552,LOT00167082,2024-12-19,packaging,minor,1,machine_setting,return_to_supplier,2024-12-21,628.57
NC000000096,NC-2026-0000096,production_order,PRD000001435,P000478,LOT00081269,2024-08-25,surface_finish,minor,9,process_variation,rework,2024-08-30,592.68
NC000000097,NC-2026-0000097,production_order,PRD000001446,P000638,LOT00028880,2026-08-24,dimensional,major,4,machine_setting,use_as_is,2026-09-13,125.99
NC000000098,NC-2026-0000098,production_order,PRD000001453,P000426,LOT00080496,2026-05-16,surface_finish,critical,6,process_variation,rework,2026-05-25,138.23
NC000000099,NC-2026-0000099,production_order,PRD000001483,P000849,LOT00221554,2026-02-25,packaging,critical,2,supplier_material,rework,2026-03-16,238.13
NC000000100,NC-2026-0000100,production_order,PRD000001484,P000919,LOT00213623,2025-02-13,electrical,critical,2,machine_setting,rework,2025-03-02,33.98
NC000000101,NC-2026-0000101,production_order,PRD000001494,P000672,LOT00048816,2026-09-19,electrical,minor,2,supplier_material,use_as_is,2026-10-07,34.28
NC000000102,NC-2026-0000102,production_order,PRD000001508,P000016,LOT00084498,2026-09-14,electrical,minor,1,supplier_material,rework,2026-09-19,197.54
NC000000103,NC-2026-0000103,production_order,PRD000001534,P000615,LOT00174794,2026-04-14,surface_finish,minor,1,supplier_material,rework,2026-05-08,49.82
NC000000104,NC-2026-0000104,production_order,PRD000001552,P000888,LOT00210858,2026-08-07,surface_finish,major,10,supplier_material,rework,2026-08-11,720.77
NC000000105,NC-2026-0000105,production_order,PRD000001553,P000755,LOT00041838,2026-09-09,electrical,critical,6,operator_error,return_to_supplier,2026-10-06,305.75
NC000000106,NC-2026-0000106,production_order,PRD000001575,P000941,LOT00171665,2025-07-14,electrical,critical,8,process_variation,scrap,2025-07-20,609.66
NC000000107,NC-2026-0000107,production_order,PRD000001596,P000838,LOT00155292,2024-05-03,surface_finish,minor,8,machine_setting,rework,2024-05-05,1062.94
NC000000108,NC-2026-0000108,production_order,PRD000001601,P000336,LOT00096242,2024-04-20,dimensional,critical,3,supplier_material,rework,2024-05-16,141.39
NC000000109,NC-2026-0000109,production_order,PRD000001616,P000801,LOT00032621,2024-04-02,electrical,minor,1,process_variation,rework,2024-04-05,33.6
NC000000110,NC-2026-0000110,production_order,PRD000001619,P000789,LOT00225607,2024-08-19,functional,critical,14,supplier_material,rework,2024-09-08,426.74
NC000000111,NC-2026-0000111,production_order,PRD000001632,P000791,LOT00031034,2025-10-27,dimensional,minor,9,operator_error,rework,2025-11-06,863.76
NC000000112,NC-2026-0000112,production_order,PRD000001646,P000618,LOT00039373,2024-02-20,functional,minor,13,supplier_material,scrap,2024-03-19,1311.4
NC000000113,NC-2026-0000113,production_order,PRD000001655,P000482,LOT00101182,2024-02-15,dimensional,minor,6,process_variation,return_to_supplier,2024-03-11,1014.91
NC000000114,NC-2026-0000114,production_order,PRD000001676,P000368,LOT00124548,2024-07-16,surface_finish,major,10,machine_setting,rework,2024-08-13,1323.48
NC000000115,NC-2026-0000115,production_order,PRD000001680,P000341,LOT00126801,2026-08-17,surface_finish,critical,3,design_tolerance,scrap,2026-09-11,525.53
NC000000116,NC-2026-0000116,production_order,PRD000001689,P000489,LOT00207554,2025-08-30,electrical,critical,4,operator_error,rework,2025-09-09,509.48
NC000000117,NC-2026-0000117,production_order,PRD000001716,P000675,LOT00203496,2026-04-14,functional,major,6,supplier_material,rework,2026-04-19,132.14
NC000000118,NC-2026-0000118,production_order,PRD000001721,P000209,LOT00039220,2026-02-27,packaging,minor,13,design_tolerance,scrap,2026-03-01,682.32
NC000000119,NC-2026-0000119,production_order,PRD000001747,P000154,LOT00185770,2025-11-14,dimensional,minor,5,process_variation,scrap,2025-12-13,354.15
NC000000120,NC-2026-0000120,production_order,PRD000001760,P000626,LOT00102019,2026-04-21,surface_finish,minor,2,supplier_material,scrap,2026-05-03,186.51
NC000000121,NC-2026-0000121,production_order,PRD000001762,P000126,LOT00020969,2024-10-01,electrical,minor,5,process_variation,return_to_supplier,2024-10-28,112.68
NC000000122,NC-2026-0000122,production_order,PRD000001770,P000277,LOT00045128,2024-04-23,electrical,major,2,design_tolerance,scrap,2024-05-19,22.62
NC000000123,NC-2026-0000123,production_order,PRD000001793,P000780,LOT00149756,2025-01-15,surface_finish,major,3,supplier_material,use_as_is,2025-01-26,137.51
NC000000124,NC-2026-0000124,production_order,PRD000001812,P000389,LOT00076812,2026-08-03,electrical,critical,3,process_variation,rework,2026-09-02,233.94
NC000000125,NC-2026-0000125,production_order,PRD000001816,P000088,LOT00059227,2025-08-15,functional,minor,6,design_tolerance,rework,2025-09-03,800.28
NC000000126,NC-2026-0000126,production_order,PRD000001828,P000287,LOT00206997,2024-08-18,dimensional,minor,3,process_variation,rework,2024-08-27,50.57
NC000000127,NC-2026-0000127,production_order,PRD000001851,P000309,LOT00109133,2025-10-27,surface_finish,minor,5,supplier_material,scrap,2025-10-29,227.75
NC000000128,NC-2026-0000128,production_order,PRD000001852,P000920,LOT00162287,2024-11-09,functional,critical,7,machine_setting,rework,2024-11-27,389.01
NC000000129,NC-2026-0000129,production_order,PRD000001862,P000082,LOT00026753,2025-11-03,surface_finish,minor,6,machine_setting,scrap,2025-11-13,1051.84
NC000000130,NC-2026-0000130,production_order,PRD000001885,P000318,LOT00128494,2025-02-16,packaging,major,1,machine_setting,rework,2025-03-07,54.9
NC000000131,NC-2026-0000131,production_order,PRD000001906,P000004,LOT00062335,2026-07-12,surface_finish,minor,11,process_variation,use_as_is,2026-07-30,1742.31
NC000000132,NC-2026-0000132,production_order,PRD000001916,P000740,LOT00052121,2025-03-14,surface_finish,major,7,process_variation,rework,2025-04-07,734.69
NC000000133,NC-2026-0000133,production_order,PRD000001936,P000024,LOT00057186,2024-05-11,surface_finish,critical,14,process_variation,use_as_is,2024-06-07,633.93
NC000000134,NC-2026-0000134,production_order,PRD000001944,P000890,LOT00128640,2024-12-01,functional,major,7,machine_setting,use_as_is,2024-12-17,139.52
NC000000135,NC-2026-0000135,production_order,PRD000001951,P000802,LOT00164449,2025-11-05,surface_finish,minor,8,machine_setting,use_as_is,2025-11-25,138.81
NC000000136,NC-2026-0000136,production_order,PRD000001975,P000667,LOT00093194,2026-01-02,packaging,minor,3,machine_setting,return_to_supplier,2026-01-12,540.36
NC000000137,NC-2026-0000137,production_order,PRD000001985,P000878,LOT00100701,2024-09-27,surface_finish,minor,2,supplier_material,rework,2024-10-27,194.21
NC000000138,NC-2026-0000138,production_order,PRD000002005,P000541,LOT00118358,2025-09-04,dimensional,minor,5,supplier_material,use_as_is,2025-09-21,605.05
NC000000139,NC-2026-0000139,production_order,PRD000002030,P000267,LOT00068805,2024-09-30,functional,minor,10,process_variation,rework,2024-10-21,651.6
NC000000140,NC-2026-0000140,production_order,PRD000002033,P000241,LOT00016920,2024-12-12,surface_finish,minor,5,operator_error,rework,2025-01-09,203.71
NC000000141,NC-2026-0000141,production_order,PRD000002061,P000036,LOT00052829,2026-06-03,surface_finish,major,13,machine_setting,rework,2026-06-14,565.12
NC000000142,NC-2026-0000142,production_order,PRD000002062,P000215,LOT00173752,2026-03-30,functional,minor,4,supplier_material,rework,2026-04-26,148.81
NC000000143,NC-2026-0000143,production_order,PRD000002114,P000043,LOT00093212,2026-02-01,packaging,major,5,supplier_material,rework,2026-02-11,1480.61
NC000000144,NC-2026-0000144,production_order,PRD000002123,P000503,LOT00135919,2025-04-27,packaging,critical,1,operator_error,rework,2025-05-26,97.37
NC000000145,NC-2026-0000145,production_order,PRD000002125,P000669,LOT00018618,2024-06-18,packaging,minor,1,machine_setting,use_as_is,2024-07-04,72.39
NC000000146,NC-2026-0000146,production_order,PRD000002132,P000493,LOT00229779,2024-07-24,surface_finish,major,8,design_tolerance,rework,2024-08-14,2069.63
NC000000147,NC-2026-0000147,production_order,PRD000002139,P000186,LOT00076243,2025-05-14,dimensional,minor,4,process_variation,use_as_is,2025-05-31,88.75
NC000000148,NC-2026-0000148,production_order,PRD000002141,P000239,LOT00042388,2026-03-15,functional,major,1,machine_setting,scrap,2026-04-04,74.75
NC000000149,NC-2026-0000149,production_order,PRD000002161,P000339,LOT00073650,2024-09-14,functional,major,6,machine_setting,rework,2024-10-06,447.33
NC000000150,NC-2026-0000150,production_order,PRD000002185,P000246,LOT00129383,2026-04-13,dimensional,minor,5,machine_setting,rework,2026-04-29,2051.23
NC000000151,NC-2026-0000151,production_order,PRD000002222,P000446,LOT00024570,2026-03-25,packaging,major,5,process_variation,rework,2026-04-04,83.08
NC000000152,NC-2026-0000152,production_order,PRD000002229,P000215,LOT00033836,2024-03-10,functional,major,7,design_tolerance,rework,2024-03-22,88.39
NC000000153,NC-2026-0000153,production_order,PRD000002245,P000933,LOT00066631,2026-02-19,dimensional,minor,6,supplier_material,rework,2026-03-16,406.66
NC000000154,NC-2026-0000154,production_order,PRD000002252,P000792,LOT00059647,2024-05-30,dimensional,minor,10,supplier_material,scrap,2024-06-02,2793.77
NC000000155,NC-2026-0000155,production_order,PRD000002266,P000334,LOT00059984,2026-07-12,electrical,minor,7,machine_setting,rework,2026-08-10,603.08
NC000000156,NC-2026-0000156,production_order,PRD000002269,P000258,LOT00014135,2026-09-18,dimensional,major,6,supplier_material,scrap,2026-10-16,361.53
NC000000157,NC-2026-0000157,production_order,PRD000002271,P000821,LOT00050666,2026-05-28,functional,minor,2,supplier_material,scrap,2026-06-11,317.2
NC000000158,NC-2026-0000158,production_order,PRD000002288,P000561,LOT00248482,2026-03-17,packaging,major,4,design_tolerance,rework,2026-04-05,209.48
NC000000159,NC-2026-0000159,production_order,PRD000002290,P000546,LOT00241363,2025-05-14,functional,minor,4,operator_error,scrap,2025-05-28,615.26
NC000000160,NC-2026-0000160,production_order,PRD000002301,P000051,LOT00214518,2024-09-28,dimensional,major,5,machine_setting,use_as_is,2024-10-23,35.04
NC000000161,NC-2026-0000161,production_order,PRD000002313,P000195,LOT00189325,2025-09-07,surface_finish,major,1,machine_setting,rework,2025-10-06,84.79
NC000000162,NC-2026-0000162,production_order,PRD000002335,P000067,LOT00153046,2025-03-25,functional,minor,1,operator_error,rework,2025-04-13,142.44
NC000000163,NC-2026-0000163,production_order,PRD000002353,P000320,LOT00010063,2024-07-27,dimensional,minor,5,machine_setting,scrap,2024-08-24,584.79
NC000000164,NC-2026-0000164,production_order,PRD000002368,P000302,LOT00092187,2025-03-27,packaging,major,1,supplier_material,scrap,2025-04-16,88.41
NC000000165,NC-2026-0000165,production_order,PRD000002377,P000927,LOT00134293,2026-05-14,dimensional,minor,14,supplier_material,scrap,2026-05-31,957.37
NC000000166,NC-2026-0000166,production_order,PRD000002378,P000750,LOT00236872,2025-04-02,electrical,major,14,process_variation,return_to_supplier,2025-04-18,697.02
NC000000167,NC-2026-0000167,production_order,PRD000002379,P000678,LOT00042325,2025-03-12,functional,minor,2,process_variation,rework,2025-03-31,143.08
NC000000168,NC-2026-0000168,production_order,PRD000002389,P000386,LOT00024081,2024-02-21,packaging,minor,4,operator_error,return_to_supplier,2024-03-15,172.91
NC000000169,NC-2026-0000169,production_order,PRD000002405,P000757,LOT00167548,2025-06-12,functional,minor,6,machine_setting,use_as_is,2025-07-04,287.12
NC000000170,NC-2026-0000170,production_order,PRD000002417,P000790,LOT00167902,2026-01-01,electrical,minor,6,process_variation,use_as_is,2026-01-23,138.61
NC000000171,NC-2026-0000171,production_order,PRD000002444,P000256,LOT00081695,2024-12-01,functional,minor,3,machine_setting,rework,2024-12-07,35.95
NC000000172,NC-2026-0000172,production_order,PRD000002448,P000173,LOT00211364,2025-12-13,surface_finish,major,2,operator_error,return_to_supplier,2026-01-02,113.04
NC000000173,NC-2026-0000173,production_order,PRD000002457,P000503,LOT00046708,2025-12-31,electrical,minor,4,machine_setting,rework,2026-01-20,325.33
NC000000174,NC-2026-0000174,production_order,PRD000002466,P000273,LOT00019926,2026-06-08,dimensional,major,2,process_variation,rework,2026-06-11,139.03
NC000000175,NC-2026-0000175,production_order,PRD000002479,P000011,LOT00120304,2026-08-04,electrical,minor,12,supplier_material,rework,2026-09-01,336.22
NC000000176,NC-2026-0000176,production_order,PRD000002524,P000466,LOT00130453,2025-08-29,dimensional,minor,3,machine_setting,rework,2025-09-24,208.49
NC000000177,NC-2026-0000177,production_order,PRD000002552,P000338,LOT00096740,2024-07-31,surface_finish,minor,1,machine_setting,rework,2024-08-17,81.19
NC000000178,NC-2026-0000178,production_order,PRD000002590,P000939,LOT00072903,2025-03-20,packaging,minor,5,process_variation,return_to_supplier,2025-03-25,266.95
NC000000179,NC-2026-0000179,production_order,PRD000002598,P000924,LOT00071772,2026-06-06,electrical,major,11,machine_setting,rework,2026-06-30,1929.92
NC000000180,NC-2026-0000180,production_order,PRD000002605,P000475,LOT00156313,2026-06-27,dimensional,minor,2,design_tolerance,scrap,2026-07-18,1076.39
NC000000181,NC-2026-0000181,production_order,PRD000002621,P000141,LOT00108253,2026-07-30,surface_finish,major,9,supplier_material,rework,2026-08-18,168.62
NC000000182,NC-2026-0000182,production_order,PRD000002630,P000458,LOT00232417,2024-10-13,dimensional,major,4,operator_error,rework,2024-10-25,301.3
NC000000183,NC-2026-0000183,production_order,PRD000002660,P000195,LOT00051745,2025-03-12,dimensional,minor,4,design_tolerance,rework,2025-04-07,177.93
NC000000184,NC-2026-0000184,production_order,PRD000002661,P000033,LOT00197787,2024-06-09,dimensional,critical,7,operator_error,scrap,2024-06-25,124.74
NC000000185,NC-2026-0000185,production_order,PRD000002666,P000656,LOT00064319,2026-02-18,packaging,major,5,operator_error,scrap,2026-03-08,166.35
NC000000186,NC-2026-0000186,production_order,PRD000002668,P000225,LOT00012563,2026-06-10,surface_finish,major,6,design_tolerance,use_as_is,2026-06-27,409.75
NC000000187,NC-2026-0000187,production_order,PRD000002674,P000664,LOT00083312,2026-09-04,dimensional,minor,6,operator_error,rework,2026-09-08,266.8
NC000000188,NC-2026-0000188,production_order,PRD000002687,P000774,LOT00124147,2025-07-12,dimensional,minor,2,machine_setting,scrap,2025-07-15,44.04
NC000000189,NC-2026-0000189,production_order,PRD000002718,P000852,LOT00202276,2024-12-22,surface_finish,critical,6,process_variation,rework,2025-01-10,153.34
NC000000190,NC-2026-0000190,production_order,PRD000002722,P000085,LOT00159452,2026-01-18,electrical,major,3,machine_setting,rework,2026-01-31,27.15
NC000000191,NC-2026-0000191,production_order,PRD000002728,P000035,LOT00045397,2025-01-03,functional,minor,3,design_tolerance,scrap,2025-01-30,373.47
NC000000192,NC-2026-0000192,production_order,PRD000002740,P000734,LOT00200111,2024-10-29,packaging,critical,13,design_tolerance,use_as_is,2024-11-21,697.44
NC000000193,NC-2026-0000193,production_order,PRD000002756,P000060,LOT00088259,2026-03-20,electrical,minor,9,design_tolerance,scrap,2026-04-08,526.65
NC000000194,NC-2026-0000194,production_order,PRD000002761,P000841,LOT00031077,2025-05-07,electrical,minor,9,process_variation,rework,2025-05-17,249.93
NC000000195,NC-2026-0000195,production_order,PRD000002787,P000310,LOT00150187,2024-07-18,electrical,minor,6,process_variation,scrap,2024-07-30,970.02
NC000000196,NC-2026-0000196,production_order,PRD000002809,P000273,LOT00181971,2024-10-17,functional,major,2,supplier_material,rework,2024-11-15,332.11
NC000000197,NC-2026-0000197,production_order,PRD000002820,P000192,LOT00047686,2026-08-19,dimensional,minor,7,process_variation,rework,2026-09-16,78.55
NC000000198,NC-2026-0000198,production_order,PRD000002841,P000257,LOT00101228,2026-04-29,packaging,major,3,machine_setting,return_to_supplier,2026-05-02,174.58
NC000000199,NC-2026-0000199,production_order,PRD000002857,P000918,LOT00138574,2026-07-13,functional,major,3,process_variation,rework,2026-07-27,66.27
NC000000200,NC-2026-0000200,production_order,PRD000002866,P000924,LOT00063352,2024-05-05,electrical,critical,8,operator_error,scrap,2024-05-11,833.28
NC000000201,NC-2026-0000201,production_order,PRD000002880,P000551,LOT00110062,2026-07-22,functional,minor,4,operator_error,scrap,2026-08-13,285.93
NC000000202,NC-2026-0000202,production_order,PRD000002912,P000464,LOT00015996,2025-04-09,functional,minor,5,operator_error,rework,2025-04-29,157.67
NC000000203,NC-2026-0000203,production_order,PRD000002913,P000898,LOT00006634,2026-01-11,dimensional,minor,5,operator_error,rework,2026-02-04,415.15
NC000000204,NC-2026-0000204,production_order,PRD000002922,P000415,LOT00137613,2025-12-08,surface_finish,major,7,machine_setting,rework,2026-01-05,415.69
NC000000205,NC-2026-0000205,production_order,PRD000002950,P000802,LOT00052769,2025-04-30,electrical,major,3,process_variation,rework,2025-05-11,49.76
NC000000206,NC-2026-0000206,production_order,PRD000002956,P000947,LOT00031786,2026-07-31,dimensional,critical,5,operator_error,return_to_supplier,2026-08-25,1249.67
NC000000207,NC-2026-0000207,production_order,PRD000002965,P000290,LOT00095513,2024-07-29,dimensional,minor,8,operator_error,scrap,2024-08-05,1042.56
NC000000208,NC-2026-0000208,production_order,PRD000002982,P000506,LOT00231791,2025-11-08,surface_finish,minor,3,machine_setting,rework,2025-11-30,101.78
NC000000209,NC-2026-0000209,production_order,PRD000002992,P000574,LOT00164415,2025-06-16,surface_finish,minor,5,operator_error,scrap,2025-07-13,546.66
NC000000210,NC-2026-0000210,production_order,PRD000003007,P000557,LOT00047785,2024-10-28,surface_finish,major,3,supplier_material,rework,2024-11-20,696.5
NC000000211,NC-2026-0000211,production_order,PRD000003034,P000300,LOT00158085,2024-05-18,surface_finish,minor,4,operator_error,return_to_supplier,2024-05-30,236.32
NC000000212,NC-2026-0000212,production_order,PRD000003077,P000071,LOT00085683,2026-03-06,functional,minor,13,operator_error,rework,2026-03-17,1297.51
NC000000213,NC-2026-0000213,production_order,PRD000003078,P000397,LOT00004189,2025-08-18,dimensional,major,3,supplier_material,rework,2025-08-30,236.86
NC000000214,NC-2026-0000214,production_order,PRD000003123,P000275,LOT00032920,2024-11-21,electrical,minor,5,design_tolerance,scrap,2024-12-01,240.87
NC000000215,NC-2026-0000215,production_order,PRD000003130,P000338,LOT00230957,2025-12-02,surface_finish,major,2,machine_setting,scrap,2025-12-21,147.51
NC000000216,NC-2026-0000216,production_order,PRD000003140,P000020,LOT00056433,2026-07-01,surface_finish,minor,4,design_tolerance,rework,2026-07-18,144.84
NC000000217,NC-2026-0000217,production_order,PRD000003148,P000916,LOT00238198,2026-08-03,functional,minor,10,supplier_material,rework,2026-08-21,679.99
NC000000218,NC-2026-0000218,production_order,PRD000003151,P000621,LOT00130073,2026-07-12,surface_finish,critical,9,operator_error,return_to_supplier,2026-07-25,503.25
NC000000219,NC-2026-0000219,production_order,PRD000003159,P000818,LOT00130490,2025-06-26,dimensional,major,8,process_variation,rework,2025-07-10,255.2
NC000000220,NC-2026-0000220,production_order,PRD000003190,P000829,LOT00073483,2026-06-05,packaging,minor,11,process_variation,rework,2026-07-05,2296.08
NC000000221,NC-2026-0000221,production_order,PRD000003200,P000040,LOT00102172,2024-09-29,functional,major,14,design_tolerance,rework,2024-10-24,886.41
NC000000222,NC-2026-0000222,production_order,PRD000003208,P000350,LOT00098134,2025-03-26,functional,minor,1,supplier_material,rework,2025-03-31,9.42
NC000000223,NC-2026-0000223,production_order,PRD000003222,P000397,LOT00103584,2025-12-07,surface_finish,major,2,process_variation,scrap,2025-12-15,228.9
NC000000224,NC-2026-0000224,production_order,PRD000003234,P000108,LOT00132175,2024-04-17,functional,major,13,process_variation,scrap,2024-05-16,460.38
NC000000225,NC-2026-0000225,production_order,PRD000003241,P000536,LOT00036709,2026-09-16,packaging,minor,3,process_variation,return_to_supplier,2026-09-22,258.51
NC000000226,NC-2026-0000226,production_order,PRD000003274,P000883,LOT00231815,2026-01-30,packaging,minor,3,process_variation,rework,2026-02-06,86.64
NC000000227,NC-2026-0000227,production_order,PRD000003304,P000458,LOT00078853,2025-08-04,functional,major,5,process_variation,return_to_supplier,2025-09-02,387.76
NC000000228,NC-2026-0000228,production_order,PRD000003307,P000490,LOT00089321,2026-01-03,dimensional,minor,2,process_variation,rework,2026-01-30,401.27
NC000000229,NC-2026-0000229,production_order,PRD000003311,P000826,LOT00047385,2025-03-13,dimensional,minor,3,machine_setting,use_as_is,2025-04-08,563.37
NC000000230,NC-2026-0000230,production_order,PRD000003320,P000895,LOT00058015,2026-06-19,dimensional,minor,2,operator_error,rework,2026-07-06,107.61
NC000000231,NC-2026-0000231,production_order,PRD000003334,P000107,LOT00147677,2025-02-23,electrical,minor,9,process_variation,rework,2025-03-17,902.88
NC000000232,NC-2026-0000232,production_order,PRD000003349,P000701,LOT00040426,2024-05-05,dimensional,minor,12,machine_setting,scrap,2024-06-03,338.38
NC000000233,NC-2026-0000233,production_order,PRD000003357,P000140,LOT00070882,2024-06-05,surface_finish,minor,1,process_variation,rework,2024-06-21,130.37
NC000000234,NC-2026-0000234,production_order,PRD000003372,P000640,LOT00092259,2024-11-06,packaging,major,10,machine_setting,scrap,2024-12-05,471.1
NC000000235,NC-2026-0000235,production_order,PRD000003373,P000483,LOT00062028,2024-09-29,surface_finish,major,4,machine_setting,rework,2024-10-03,1675.03
NC000000236,NC-2026-0000236,production_order,PRD000003380,P000119,LOT00187438,2024-09-20,dimensional,minor,1,operator_error,use_as_is,2024-10-20,58.02
NC000000237,NC-2026-0000237,production_order,PRD000003386,P000395,LOT00024758,2025-07-25,functional,minor,3,supplier_material,scrap,2025-08-14,1733.13
NC000000238,NC-2026-0000238,production_order,PRD000003395,P000614,LOT00169610,2025-05-22,packaging,minor,2,operator_error,scrap,2025-06-06,168.13
NC000000239,NC-2026-0000239,production_order,PRD000003405,P000941,LOT00187936,2024-08-10,functional,minor,5,design_tolerance,use_as_is,2024-08-22,400.04
NC000000240,NC-2026-0000240,production_order,PRD000003413,P000318,LOT00182614,2026-10-05,dimensional,critical,2,process_variation,use_as_is,2026-10-26,88.04
NC000000241,NC-2026-0000241,production_order,PRD000003420,P000736,LOT00211998,2025-11-23,dimensional,minor,9,machine_setting,scrap,2025-12-15,280.96
NC000000242,NC-2026-0000242,production_order,PRD000003424,P000247,LOT00227727,2025-07-24,dimensional,critical,4,process_variation,use_as_is,2025-08-09,424.18
NC000000243,NC-2026-0000243,production_order,PRD000003434,P000046,LOT00094859,2024-11-20,dimensional,major,2,process_variation,scrap,2024-11-29,79.36
NC000000244,NC-2026-0000244,production_order,PRD000003448,P000433,LOT00185598,2026-07-24,functional,minor,1,supplier_material,rework,2026-08-04,30.72
NC000000245,NC-2026-0000245,production_order,PRD000003469,P000754,LOT00189042,2025-01-29,surface_finish,critical,3,machine_setting,rework,2025-02-28,608.63
NC000000246,NC-2026-0000246,production_order,PRD000003476,P000180,LOT00203008,2024-02-20,surface_finish,major,6,supplier_material,rework,2024-03-06,128.65
NC000000247,NC-2026-0000247,production_order,PRD000003497,P000707,LOT00017252,2026-08-14,packaging,major,5,process_variation,scrap,2026-09-11,484.53
NC000000248,NC-2026-0000248,production_order,PRD000003500,P000587,LOT00209987,2026-06-02,packaging,major,1,process_variation,rework,2026-06-14,177.36
NC000000249,NC-2026-0000249,production_order,PRD000003510,P000907,LOT00120980,2026-09-03,electrical,minor,4,design_tolerance,scrap,2026-09-06,425.5
NC000000250,NC-2026-0000250,production_order,PRD000003534,P000474,LOT00007321,2026-05-10,packaging,minor,4,process_variation,use_as_is,2026-05-26,334.97
NC000000251,NC-2026-0000251,production_order,PRD000003550,P000479,LOT00002238,2025-03-31,functional,critical,14,machine_setting,rework,2025-04-22,1508.01
NC000000252,NC-2026-0000252,production_order,PRD000003551,P000671,LOT00002736,2024-05-26,electrical,major,1,machine_setting,rework,2024-06-10,0.0
NC000000253,NC-2026-0000253,production_order,PRD000003606,P000162,LOT00164613,2025-10-09,functional,minor,5,design_tolerance,rework,2025-11-03,136.42
NC000000254,NC-2026-0000254,production_order,PRD000003610,P000218,LOT00203818,2024-03-19,dimensional,major,1,design_tolerance,return_to_supplier,2024-04-13,90.36
NC000000255,NC-2026-0000255,production_order,PRD000003615,P000218,LOT00176526,2026-08-12,electrical,minor,6,supplier_material,use_as_is,2026-08-27,320.89
NC000000256,NC-2026-0000256,production_order,PRD000003626,P000388,LOT00219154,2025-09-23,electrical,minor,4,design_tolerance,rework,2025-09-25,103.07
NC000000257,NC-2026-0000257,production_order,PRD000003662,P000923,LOT00187378,2025-12-30,surface_finish,critical,3,machine_setting,rework,2026-01-07,76.51
NC000000258,NC-2026-0000258,production_order,PRD000003666,P000166,LOT00127473,2025-03-12,packaging,major,1,design_tolerance,scrap,2025-04-09,0.0
NC000000259,NC-2026-0000259,production_order,PRD000003695,P000133,LOT00011228,2025-04-18,dimensional,major,7,process_variation,scrap,2025-04-22,345.54
NC000000260,NC-2026-0000260,production_order,PRD000003705,P000833,LOT00101804,2025-06-25,surface_finish,minor,3,operator_error,rework,2025-07-05,63.07
NC000000261,NC-2026-0000261,production_order,PRD000003732,P000163,LOT00105066,2025-04-28,functional,minor,3,machine_setting,rework,2025-05-06,132.26
NC000000262,NC-2026-0000262,production_order,PRD000003739,P000443,LOT00134370,2024-07-26,functional,minor,13,process_variation,use_as_is,2024-08-10,904.57
NC000000263,NC-2026-0000263,production_order,PRD000003742,P000256,LOT00122461,2025-02-19,packaging,critical,1,design_tolerance,use_as_is,2025-02-22,51.78
NC000000264,NC-2026-0000264,production_order,PRD000003766,P000049,LOT00164025,2025-02-12,surface_finish,major,1,process_variation,rework,2025-02-17,72.39
NC000000265,NC-2026-0000265,production_order,PRD000003774,P000828,LOT00134325,2024-08-19,surface_finish,minor,7,machine_setting,rework,2024-09-02,1477.17
NC000000266,NC-2026-0000266,production_order,PRD000003780,P000597,LOT00237972,2026-04-06,dimensional,major,6,supplier_material,use_as_is,2026-05-06,288.91
NC000000267,NC-2026-0000267,production_order,PRD000003786,P000645,LOT00036047,2026-01-10,functional,minor,11,supplier_material,rework,2026-01-31,1031.89
NC000000268,NC-2026-0000268,production_order,PRD000003803,P000472,LOT00058222,2024-10-17,surface_finish,major,5,operator_error,scrap,2024-11-03,640.3
NC000000269,NC-2026-0000269,production_order,PRD000003806,P000220,LOT00120768,2024-11-03,surface_finish,major,12,design_tolerance,return_to_supplier,2024-11-15,2315.73
NC000000270,NC-2026-0000270,production_order,PRD000003820,P000291,LOT00010002,2025-10-02,electrical,minor,10,machine_setting,rework,2025-10-09,1401.07
NC000000271,NC-2026-0000271,production_order,PRD000003847,P000106,LOT00156793,2024-09-06,surface_finish,critical,9,operator_error,rework,2024-10-02,610.26
NC000000272,NC-2026-0000272,production_order,PRD000003878,P000779,LOT00117354,2025-01-12,dimensional,major,8,operator_error,use_as_is,2025-02-11,1087.65
NC000000273,NC-2026-0000273,production_order,PRD000003881,P000069,LOT00177798,2026-02-14,functional,major,8,process_variation,scrap,2026-03-02,258.92
NC000000274,NC-2026-0000274,production_order,PRD000003894,P000448,LOT00136319,2024-10-30,functional,major,2,machine_setting,use_as_is,2024-11-26,106.22
NC000000275,NC-2026-0000275,production_order,PRD000003936,P000482,LOT00228238,2025-06-08,packaging,minor,8,operator_error,scrap,2025-06-11,1498.41
NC000000276,NC-2026-0000276,production_order,PRD000003940,P000861,LOT00163515,2024-06-05,functional,major,3,machine_setting,use_as_is,2024-06-28,436.85
NC000000277,NC-2026-0000277,production_order,PRD000003954,P000198,LOT00113091,2024-07-24,functional,major,4,design_tolerance,return_to_supplier,2024-07-26,515.26
NC000000278,NC-2026-0000278,production_order,PRD000003961,P000075,LOT00173171,2025-05-03,electrical,major,1,supplier_material,scrap,2025-05-29,39.53
NC000000279,NC-2026-0000279,production_order,PRD000003970,P000261,LOT00029456,2026-03-10,functional,minor,6,machine_setting,rework,2026-03-31,121.58
NC000000280,NC-2026-0000280,production_order,PRD000003971,P000490,LOT00007655,2026-07-05,surface_finish,minor,9,design_tolerance,scrap,2026-07-12,1075.47
NC000000281,NC-2026-0000281,production_order,PRD000003975,P000476,LOT00102786,2025-11-03,packaging,minor,3,process_variation,rework,2025-11-30,291.28
NC000000282,NC-2026-0000282,production_order,PRD000003992,P000885,LOT00190347,2026-01-06,functional,major,9,supplier_material,return_to_supplier,2026-01-13,925.14
NC000000283,NC-2026-0000283,production_order,PRD000003996,P000697,LOT00101343,2025-08-11,dimensional,critical,5,supplier_material,scrap,2025-08-26,1516.87
NC000000284,NC-2026-0000284,production_order,PRD000004002,P000067,LOT00133387,2024-10-14,electrical,major,12,design_tolerance,rework,2024-11-13,2028.34
NC000000285,NC-2026-0000285,production_order,PRD000004005,P000426,LOT00211060,2024-12-15,functional,major,6,operator_error,scrap,2024-12-25,517.5
NC000000286,NC-2026-0000286,production_order,PRD000004017,P000192,LOT00203876,2026-05-03,dimensional,critical,6,operator_error,return_to_supplier,2026-05-09,259.06
NC000000287,NC-2026-0000287,production_order,PRD000004021,P000195,LOT00133467,2026-06-03,functional,major,3,process_variation,rework,2026-07-03,363.79
NC000000288,NC-2026-0000288,production_order,PRD000004033,P000821,LOT00177729,2024-03-18,surface_finish,minor,4,process_variation,use_as_is,2024-04-02,687.32
NC000000289,NC-2026-0000289,production_order,PRD000004057,P000462,LOT00191589,2024-07-22,electrical,minor,1,machine_setting,scrap,2024-08-13,73.56
NC000000290,NC-2026-0000290,production_order,PRD000004081,P000829,LOT00012980,2026-04-13,packaging,minor,2,design_tolerance,scrap,2026-04-27,212.6
NC000000291,NC-2026-0000291,production_order,PRD000004112,P000923,LOT00226951,2025-04-05,packaging,minor,1,supplier_material,rework,2025-04-30,36.58
NC000000292,NC-2026-0000292,production_order,PRD000004124,P000412,LOT00246869,2026-05-14,electrical,minor,3,process_variation,rework,2026-06-12,79.98
NC000000293,NC-2026-0000293,production_order,PRD000004128,P000388,LOT00202677,2025-11-07,surface_finish,minor,3,machine_setting,scrap,2025-11-24,87.3
NC000000294,NC-2026-0000294,production_order,PRD000004165,P000038,LOT00159338,2025-11-24,electrical,major,8,operator_error,rework,2025-11-27,462.86
NC000000295,NC-2026-0000295,production_order,PRD000004166,P000860,LOT00098108,2024-02-12,surface_finish,major,5,operator_error,return_to_supplier,2024-03-01,190.68
NC000000296,NC-2026-0000296,production_order,PRD000004175,P000119,LOT00134887,2024-09-06,functional,minor,3,process_variation,rework,2024-09-14,303.44
NC000000297,NC-2026-0000297,production_order,PRD000004222,P000638,LOT00197867,2025-12-11,functional,critical,2,machine_setting,rework,2025-12-16,100.4
NC000000298,NC-2026-0000298,production_order,PRD000004247,P000075,LOT00094005,2025-07-20,electrical,minor,9,design_tolerance,use_as_is,2025-07-22,366.97
NC000000299,NC-2026-0000299,production_order,PRD000004278,P000331,LOT00154908,2024-09-06,functional,minor,6,operator_error,rework,2024-10-06,1413.38
NC000000300,NC-2026-0000300,production_order,PRD000004288,P000758,LOT00147281,2026-01-29,functional,critical,4,operator_error,return_to_supplier,2026-02-22,44.57
NC000000301,NC-2026-0000301,production_order,PRD000004295,P000071,LOT00134616,2025-01-17,functional,minor,2,design_tolerance,return_to_supplier,2025-01-20,152.77
NC000000302,NC-2026-0000302,production_order,PRD000004326,P000132,LOT00048151,2025-01-26,electrical,major,11,operator_error,scrap,2025-02-07,232.24
NC000000303,NC-2026-0000303,production_order,PRD000004341,P000406,LOT00121022,2026-07-16,packaging,minor,2,process_variation,rework,2026-07-31,59.59
NC000000304,NC-2026-0000304,production_order,PRD000004362,P000716,LOT00033839,2025-05-02,electrical,critical,2,operator_error,scrap,2025-05-12,73.27
NC000000305,NC-2026-0000305,production_order,PRD000004372,P000866,LOT00241202,2024-12-18,electrical,minor,7,supplier_material,use_as_is,2025-01-06,1168.65
NC000000306,NC-2026-0000306,production_order,PRD000004389,P000663,LOT00003844,2025-04-20,dimensional,minor,4,operator_error,use_as_is,2025-04-22,292.53
NC000000307,NC-2026-0000307,production_order,PRD000004403,P000723,LOT00241821,2025-08-06,surface_finish,major,2,operator_error,rework,2025-08-29,50.63
NC000000308,NC-2026-0000308,production_order,PRD000004415,P000210,LOT00194792,2025-12-06,functional,minor,5,supplier_material,rework,2025-12-15,997.55
NC000000309,NC-2026-0000309,production_order,PRD000004427,P000733,LOT00048570,2025-06-04,functional,critical,9,supplier_material,use_as_is,2025-06-13,2355.5
NC000000310,NC-2026-0000310,production_order,PRD000004432,P000555,LOT00060698,2024-04-05,surface_finish,major,4,operator_error,rework,2024-04-07,477.32
NC000000311,NC-2026-0000311,production_order,PRD000004455,P000268,LOT00084200,2026-02-26,packaging,critical,2,supplier_material,rework,2026-03-21,55.5
NC000000312,NC-2026-0000312,production_order,PRD000004463,P000396,LOT00148440,2024-02-09,dimensional,major,5,process_variation,use_as_is,2024-03-04,772.63
NC000000313,NC-2026-0000313,production_order,PRD000004495,P000885,LOT00072480,2025-10-14,electrical,major,6,supplier_material,rework,2025-11-03,158.62
NC000000314,NC-2026-0000314,production_order,PRD000004501,P000099,LOT00100113,2025-03-01,dimensional,minor,9,supplier_material,scrap,2025-03-19,1109.33
NC000000315,NC-2026-0000315,production_order,PRD000004518,P000335,LOT00084237,2024-06-18,dimensional,minor,4,process_variation,return_to_supplier,2024-06-21,259.78
NC000000316,NC-2026-0000316,production_order,PRD000004541,P000639,LOT00199807,2025-06-24,dimensional,minor,2,design_tolerance,use_as_is,2025-07-14,190.58
NC000000317,NC-2026-0000317,production_order,PRD000004542,P000098,LOT00204214,2024-08-19,dimensional,minor,2,operator_error,rework,2024-09-11,28.88
NC000000318,NC-2026-0000318,production_order,PRD000004552,P000950,LOT00189780,2024-07-01,dimensional,minor,6,machine_setting,scrap,2024-07-06,676.59
NC000000319,NC-2026-0000319,production_order,PRD000004556,P000512,LOT00092728,2024-08-31,functional,major,3,supplier_material,use_as_is,2024-09-30,250.69
NC000000320,NC-2026-0000320,production_order,PRD000004570,P000094,LOT00164809,2025-02-05,surface_finish,minor,3,design_tolerance,rework,2025-03-06,77.11
NC000000321,NC-2026-0000321,production_order,PRD000004585,P000189,LOT00079353,2026-02-14,electrical,major,1,machine_setting,return_to_supplier,2026-03-02,57.44
NC000000322,NC-2026-0000322,production_order,PRD000004605,P000905,LOT00104279,2024-08-31,surface_finish,major,1,supplier_material,return_to_supplier,2024-09-08,145.68
NC000000323,NC-2026-0000323,production_order,PRD000004616,P000830,LOT00171252,2025-10-12,surface_finish,minor,3,operator_error,use_as_is,2025-10-21,126.58
NC000000324,NC-2026-0000324,production_order,PRD000004621,P000095,LOT00155481,2025-03-16,functional,major,4,machine_setting,scrap,2025-03-30,229.49
NC000000325,NC-2026-0000325,production_order,PRD000004652,P000012,LOT00146608,2024-08-09,functional,minor,5,process_variation,rework,2024-08-16,662.28
NC000000326,NC-2026-0000326,production_order,PRD000004671,P000711,LOT00227127,2026-08-25,dimensional,minor,13,process_variation,rework,2026-09-18,747.53
NC000000327,NC-2026-0000327,production_order,PRD000004688,P000254,LOT00152065,2026-07-12,surface_finish,major,3,operator_error,rework,2026-07-22,209.99
NC000000328,NC-2026-0000328,production_order,PRD000004692,P000798,LOT00049713,2025-11-21,dimensional,major,11,machine_setting,use_as_is,2025-11-26,1633.19
NC000000329,NC-2026-0000329,production_order,PRD000004709,P000565,LOT00182643,2025-09-01,functional,minor,1,process_variation,use_as_is,2025-09-11,106.19
NC000000330,NC-2026-0000330,production_order,PRD000004715,P000861,LOT00248076,2025-08-23,dimensional,minor,2,design_tolerance,return_to_supplier,2025-09-10,353.81
NC000000331,NC-2026-0000331,production_order,PRD000004747,P000007,LOT00115923,2026-05-07,surface_finish,critical,8,process_variation,use_as_is,2026-05-27,1399.98
NC000000332,NC-2026-0000332,production_order,PRD000004765,P000038,LOT00153811,2026-02-12,functional,minor,2,machine_setting,rework,2026-02-22,93.04
NC000000333,NC-2026-0000333,production_order,PRD000004787,P000315,LOT00119335,2026-04-17,dimensional,minor,12,machine_setting,use_as_is,2026-05-02,429.3
NC000000334,NC-2026-0000334,production_order,PRD000004788,P000460,LOT00145124,2025-03-07,surface_finish,minor,9,process_variation,return_to_supplier,2025-03-30,557.63
NC000000335,NC-2026-0000335,production_order,PRD000004795,P000709,LOT00221545,2024-05-03,dimensional,major,2,operator_error,return_to_supplier,2024-05-11,61.8
NC000000336,NC-2026-0000336,production_order,PRD000004798,P000043,LOT00214878,2025-05-07,functional,major,1,process_variation,scrap,2025-05-22,135.4
NC000000337,NC-2026-0000337,production_order,PRD000004800,P000192,LOT00214362,2026-07-19,electrical,major,4,machine_setting,scrap,2026-08-17,143.57
NC000000338,NC-2026-0000338,production_order,PRD000004820,P000152,LOT00194423,2026-08-12,surface_finish,minor,6,design_tolerance,scrap,2026-08-20,240.83
NC000000339,NC-2026-0000339,production_order,PRD000004851,P000815,LOT00117582,2025-05-17,electrical,minor,4,supplier_material,rework,2025-05-22,1051.56
NC000000340,NC-2026-0000340,production_order,PRD000004862,P000252,LOT00090313,2024-02-25,surface_finish,major,9,machine_setting,rework,2024-03-14,1460.12
NC000000341,NC-2026-0000341,production_order,PRD000004865,P000852,LOT00034554,2025-02-03,electrical,minor,6,operator_error,use_as_is,2025-03-03,180.35
NC000000342,NC-2026-0000342,production_order,PRD000004874,P000365,LOT00122462,2025-09-08,functional,major,10,machine_setting,use_as_is,2025-09-14,316.67
NC000000343,NC-2026-0000343,production_order,PRD000004882,P000106,LOT00040066,2026-08-17,dimensional,minor,7,process_variation,rework,2026-09-14,1725.26
NC000000344,NC-2026-0000344,production_order,PRD000004932,P000950,LOT00033616,2025-06-17,functional,major,6,process_variation,use_as_is,2025-07-15,477.04
NC000000345,NC-2026-0000345,production_order,PRD000004933,P000808,LOT00049935,2024-12-23,functional,minor,6,operator_error,rework,2025-01-12,734.02
NC000000346,NC-2026-0000346,production_order,PRD000004937,P000751,LOT00101738,2025-03-13,surface_finish,major,2,design_tolerance,return_to_supplier,2025-03-22,47.24
NC000000347,NC-2026-0000347,production_order,PRD000004959,P000744,LOT00138110,2024-12-14,surface_finish,minor,2,operator_error,return_to_supplier,2025-01-06,166.97
NC000000348,NC-2026-0000348,production_order,PRD000004989,P000458,LOT00061911,2026-01-23,surface_finish,minor,3,machine_setting,use_as_is,2026-02-12,196.66
NC000000349,NC-2026-0000349,production_order,PRD000005004,P000576,LOT00241528,2024-02-07,electrical,minor,2,operator_error,scrap,2024-02-23,182.63
NC000000350,NC-2026-0000350,production_order,PRD000005034,P000640,LOT00198947,2025-04-26,functional,minor,5,process_variation,rework,2025-05-18,320.75
NC000000351,NC-2026-0000351,production_order,PRD000005039,P000811,LOT00137092,2025-08-31,electrical,minor,2,machine_setting,return_to_supplier,2025-09-18,1170.32
NC000000352,NC-2026-0000352,production_order,PRD000005045,P000624,LOT00123681,2025-10-05,electrical,minor,14,design_tolerance,scrap,2025-10-19,2329.0
NC000000353,NC-2026-0000353,production_order,PRD000005055,P000817,LOT00139469,2024-07-07,functional,minor,13,supplier_material,scrap,2024-08-02,1551.29
NC000000354,NC-2026-0000354,production_order,PRD000005061,P000114,LOT00068543,2025-05-15,dimensional,major,6,machine_setting,use_as_is,2025-06-02,134.61
NC000000355,NC-2026-0000355,production_order,PRD000005074,P000688,LOT00114516,2026-07-03,electrical,minor,4,design_tolerance,rework,2026-08-02,191.36
NC000000356,NC-2026-0000356,production_order,PRD000005075,P000646,LOT00133732,2025-05-01,dimensional,major,5,supplier_material,use_as_is,2025-05-15,683.24
NC000000357,NC-2026-0000357,production_order,PRD000005112,P000155,LOT00206050,2025-03-02,electrical,minor,5,operator_error,return_to_supplier,2025-03-22,206.21
NC000000358,NC-2026-0000358,production_order,PRD000005117,P000445,LOT00179281,2025-09-26,dimensional,minor,3,machine_setting,return_to_supplier,2025-10-07,199.58
NC000000359,NC-2026-0000359,production_order,PRD000005142,P000689,LOT00061108,2025-08-15,packaging,major,6,supplier_material,rework,2025-09-05,232.54
NC000000360,NC-2026-0000360,production_order,PRD000005181,P000591,LOT00230196,2026-07-11,functional,major,11,design_tolerance,use_as_is,2026-07-31,2220.13
NC000000361,NC-2026-0000361,production_order,PRD000005188,P000546,LOT00080690,2026-04-18,dimensional,minor,1,machine_setting,rework,2026-05-18,80.02
NC000000362,NC-2026-0000362,production_order,PRD000005193,P000633,LOT00091582,2025-08-08,surface_finish,minor,10,design_tolerance,use_as_is,2025-08-27,541.38
NC000000363,NC-2026-0000363,production_order,PRD000005204,P000927,LOT00174429,2024-11-17,electrical,minor,2,machine_setting,return_to_supplier,2024-12-10,141.29
NC000000364,NC-2026-0000364,production_order,PRD000005215,P000514,LOT00212277,2024-12-17,electrical,critical,2,machine_setting,scrap,2024-12-29,181.04
NC000000365,NC-2026-0000365,production_order,PRD000005273,P000264,LOT00082099,2025-04-02,dimensional,minor,1,process_variation,use_as_is,2025-04-10,26.51
NC000000366,NC-2026-0000366,production_order,PRD000005274,P000693,LOT00139054,2024-05-06,dimensional,major,2,operator_error,scrap,2024-05-23,49.26
NC000000367,NC-2026-0000367,production_order,PRD000005294,P000799,LOT00032511,2025-01-21,dimensional,critical,9,machine_setting,use_as_is,2025-01-29,320.3
NC000000368,NC-2026-0000368,production_order,PRD000005297,P000609,LOT00167607,2025-06-17,surface_finish,minor,10,process_variation,use_as_is,2025-06-25,1704.4
NC000000369,NC-2026-0000369,production_order,PRD000005298,P000895,LOT00004180,2024-12-09,dimensional,critical,2,operator_error,rework,2025-01-05,63.97
NC000000370,NC-2026-0000370,production_order,PRD000005308,P000475,LOT00228823,2024-04-14,surface_finish,minor,6,design_tolerance,scrap,2024-04-21,1075.42
NC000000371,NC-2026-0000371,production_order,PRD000005348,P000298,LOT00078397,2024-06-03,functional,major,8,machine_setting,use_as_is,2024-06-26,843.72
NC000000372,NC-2026-0000372,production_order,PRD000005396,P000420,LOT00093987,2025-11-11,dimensional,minor,4,design_tolerance,rework,2025-12-11,245.92
NC000000373,NC-2026-0000373,production_order,PRD000005424,P000098,LOT00132008,2026-01-23,electrical,major,14,machine_setting,use_as_is,2026-02-06,504.12
NC000000374,NC-2026-0000374,production_order,PRD000005429,P000538,LOT00105534,2024-04-28,surface_finish,major,3,operator_error,rework,2024-05-06,670.94
NC000000375,NC-2026-0000375,production_order,PRD000005445,P000027,LOT00198234,2025-09-29,dimensional,major,4,machine_setting,return_to_supplier,2025-10-10,339.47
NC000000376,NC-2026-0000376,production_order,PRD000005493,P000572,LOT00068465,2025-05-20,electrical,major,6,design_tolerance,return_to_supplier,2025-06-01,1053.53
NC000000377,NC-2026-0000377,production_order,PRD000005540,P000243,LOT00061366,2024-11-07,dimensional,minor,1,process_variation,rework,2024-11-23,77.61
NC000000378,NC-2026-0000378,production_order,PRD000005555,P000274,LOT00099578,2025-11-09,electrical,major,10,process_variation,use_as_is,2025-11-27,1358.59
NC000000379,NC-2026-0000379,production_order,PRD000005564,P000365,LOT00036493,2026-04-28,functional,minor,1,machine_setting,scrap,2026-05-20,9.42
NC000000380,NC-2026-0000380,production_order,PRD000005567,P000062,LOT00140328,2024-04-07,packaging,minor,2,process_variation,rework,2024-05-01,39.12
NC000000381,NC-2026-0000381,production_order,PRD000005588,P000898,LOT00069641,2025-08-24,surface_finish,minor,10,process_variation,scrap,2025-08-29,1010.52
NC000000382,NC-2026-0000382,production_order,PRD000005606,P000900,LOT00137153,2024-11-25,functional,minor,1,supplier_material,use_as_is,2024-12-14,156.11
NC000000383,NC-2026-0000383,production_order,PRD000005629,P000851,LOT00156897,2024-08-01,functional,minor,6,machine_setting,rework,2024-08-07,74.6
NC000000384,NC-2026-0000384,production_order,PRD000005634,P000791,LOT00034908,2025-07-10,dimensional,major,5,design_tolerance,use_as_is,2025-08-03,398.69
NC000000385,NC-2026-0000385,production_order,PRD000005657,P000092,LOT00145663,2025-08-16,electrical,minor,6,machine_setting,scrap,2025-09-15,1374.62
NC000000386,NC-2026-0000386,production_order,PRD000005671,P000043,LOT00160253,2025-06-27,functional,critical,1,process_variation,return_to_supplier,2025-07-16,161.61
NC000000387,NC-2026-0000387,production_order,PRD000005673,P000565,LOT00127411,2024-02-22,functional,major,10,machine_setting,scrap,2024-03-02,3363.49
NC000000388,NC-2026-0000388,production_order,PRD000005676,P000735,LOT00091646,2026-09-25,dimensional,minor,1,process_variation,use_as_is,2026-10-10,50.71
NC000000389,NC-2026-0000389,production_order,PRD000005692,P000603,LOT00011266,2024-04-25,packaging,minor,8,operator_error,scrap,2024-05-16,571.08
NC000000390,NC-2026-0000390,production_order,PRD000005701,P000366,LOT00098771,2024-01-22,functional,major,8,machine_setting,rework,2024-02-16,137.07
NC000000391,NC-2026-0000391,production_order,PRD000005751,P000204,LOT00024369,2025-04-07,functional,major,5,supplier_material,rework,2025-04-09,697.75
NC000000392,NC-2026-0000392,production_order,PRD000005753,P000472,LOT00249355,2024-08-27,functional,minor,6,supplier_material,use_as_is,2024-09-14,709.07
NC000000393,NC-2026-0000393,production_order,PRD000005754,P000675,LOT00137269,2024-09-28,functional,critical,5,operator_error,rework,2024-10-11,87.24
NC000000394,NC-2026-0000394,production_order,PRD000005763,P000119,LOT00210171,2025-11-24,dimensional,minor,2,process_variation,rework,2025-11-29,55.36
NC000000395,NC-2026-0000395,production_order,PRD000005793,P000114,LOT00206876,2025-01-03,functional,minor,12,machine_setting,scrap,2025-01-06,304.86
NC000000396,NC-2026-0000396,production_order,PRD000005814,P000300,LOT00109494,2026-09-08,electrical,major,1,machine_setting,use_as_is,2026-09-22,82.82
NC000000397,NC-2026-0000397,production_order,PRD000005815,P000122,LOT00090153,2025-11-12,packaging,major,2,machine_setting,return_to_supplier,2025-12-02,133.07
NC000000398,NC-2026-0000398,production_order,PRD000005846,P000944,LOT00218754,2026-02-21,dimensional,major,8,machine_setting,use_as_is,2026-03-17,473.22
NC000000399,NC-2026-0000399,production_order,PRD000005865,P000581,LOT00004437,2026-03-09,dimensional,major,8,process_variation,return_to_supplier,2026-03-30,146.48
NC000000400,NC-2026-0000400,production_order,PRD000005889,P000395,LOT00023863,2024-02-10,dimensional,major,1,machine_setting,rework,2024-02-21,0.0
NC000000401,NC-2026-0000401,production_order,PRD000005909,P000604,LOT00138663,2024-06-29,packaging,critical,6,supplier_material,rework,2024-07-22,196.73
NC000000402,NC-2026-0000402,production_order,PRD000005920,P000596,LOT00124740,2025-06-06,electrical,minor,11,machine_setting,use_as_is,2025-06-21,1542.7
NC000000403,NC-2026-0000403,production_order,PRD000005921,P000423,LOT00036540,2024-04-10,packaging,minor,3,machine_setting,scrap,2024-05-08,65.98
NC000000404,NC-2026-0000404,production_order,PRD000005931,P000823,LOT00178677,2024-04-12,functional,minor,2,operator_error,rework,2024-04-14,614.51
NC000000405,NC-2026-0000405,production_order,PRD000005936,P000296,LOT00214248,2024-11-28,electrical,major,7,machine_setting,use_as_is,2024-12-13,881.99
NC000000406,NC-2026-0000406,production_order,PRD000005947,P000546,LOT00106939,2024-07-25,dimensional,major,4,operator_error,use_as_is,2024-07-29,352.16
NC000000407,NC-2026-0000407,production_order,PRD000005979,P000633,LOT00135163,2024-04-26,surface_finish,major,3,process_variation,scrap,2024-05-05,64.1
NC000000408,NC-2026-0000408,production_order,PRD000006028,P000249,LOT00114734,2024-03-24,electrical,minor,4,process_variation,rework,2024-03-31,349.54
NC000000409,NC-2026-0000409,production_order,PRD000006080,P000785,LOT00228425,2026-01-12,surface_finish,minor,4,machine_setting,rework,2026-01-17,217.37
NC000000410,NC-2026-0000410,production_order,PRD000006084,P000407,LOT00019532,2024-07-13,dimensional,minor,4,design_tolerance,rework,2024-08-05,571.34
NC000000411,NC-2026-0000411,production_order,PRD000006085,P000601,LOT00089462,2025-09-08,dimensional,major,3,supplier_material,scrap,2025-09-16,1281.9
NC000000412,NC-2026-0000412,production_order,PRD000006098,P000321,LOT00043455,2024-08-31,dimensional,minor,1,machine_setting,use_as_is,2024-09-08,0.0
NC000000413,NC-2026-0000413,production_order,PRD000006104,P000312,LOT00054655,2025-06-27,dimensional,minor,14,process_variation,rework,2025-07-04,1126.21
NC000000414,NC-2026-0000414,production_order,PRD000006116,P000275,LOT00081119,2026-03-24,surface_finish,minor,5,machine_setting,rework,2026-04-17,367.23
NC000000415,NC-2026-0000415,production_order,PRD000006121,P000451,LOT00023917,2025-11-10,electrical,major,5,supplier_material,rework,2025-11-15,221.87
NC000000416,NC-2026-0000416,production_order,PRD000006135,P000634,LOT00010493,2025-09-12,electrical,minor,1,design_tolerance,scrap,2025-10-04,32.39
NC000000417,NC-2026-0000417,production_order,PRD000006165,P000502,LOT00059055,2025-11-22,surface_finish,major,8,process_variation,scrap,2025-11-30,640.76
NC000000418,NC-2026-0000418,production_order,PRD000006174,P000905,LOT00146879,2026-09-14,surface_finish,critical,2,machine_setting,return_to_supplier,2026-09-19,304.97
NC000000419,NC-2026-0000419,production_order,PRD000006188,P000660,LOT00193329,2026-08-30,surface_finish,major,2,process_variation,rework,2026-09-19,66.53
NC000000420,NC-2026-0000420,production_order,PRD000006198,P000736,LOT00036473,2024-10-12,functional,major,1,process_variation,rework,2024-10-22,56.14
NC000000421,NC-2026-0000421,production_order,PRD000006200,P000462,LOT00081142,2026-06-16,electrical,minor,1,process_variation,return_to_supplier,2026-07-14,0.0
NC000000422,NC-2026-0000422,production_order,PRD000006202,P000330,LOT00233671,2025-04-04,functional,major,3,operator_error,rework,2025-04-15,136.5
NC000000423,NC-2026-0000423,production_order,PRD000006205,P000362,LOT00217627,2024-12-24,surface_finish,major,1,design_tolerance,scrap,2025-01-11,113.52
NC000000424,NC-2026-0000424,production_order,PRD000006216,P000412,LOT00117281,2025-08-18,surface_finish,major,2,operator_error,scrap,2025-09-05,133.17
NC000000425,NC-2026-0000425,production_order,PRD000006227,P000195,LOT00183878,2024-12-14,functional,major,1,process_variation,scrap,2024-12-24,160.79
NC000000426,NC-2026-0000426,production_order,PRD000006244,P000938,LOT00019014,2024-12-17,functional,minor,7,process_variation,rework,2025-01-09,1472.54
NC000000427,NC-2026-0000427,production_order,PRD000006259,P000192,LOT00148243,2025-08-27,surface_finish,minor,8,supplier_material,scrap,2025-09-08,170.63
NC000000428,NC-2026-0000428,production_order,PRD000006268,P000217,LOT00072621,2024-04-24,surface_finish,minor,3,supplier_material,rework,2024-05-23,311.32
NC000000429,NC-2026-0000429,production_order,PRD000006270,P000715,LOT00175526,2026-05-16,electrical,minor,10,supplier_material,rework,2026-06-12,192.35
NC000000430,NC-2026-0000430,production_order,PRD000006286,P000924,LOT00033582,2026-04-24,packaging,critical,5,supplier_material,scrap,2026-04-30,997.52
NC000000431,NC-2026-0000431,production_order,PRD000006295,P000103,LOT00138495,2024-09-02,dimensional,major,2,design_tolerance,use_as_is,2024-10-02,132.03
NC000000432,NC-2026-0000432,production_order,PRD000006297,P000405,LOT00102402,2024-10-14,surface_finish,minor,3,machine_setting,rework,2024-11-10,157.46
NC000000433,NC-2026-0000433,production_order,PRD000006299,P000128,LOT00167265,2026-07-02,surface_finish,major,14,machine_setting,rework,2026-07-28,302.47
NC000000434,NC-2026-0000434,production_order,PRD000006312,P000732,LOT00038723,2025-05-04,electrical,major,2,supplier_material,scrap,2025-05-11,172.4
NC000000435,NC-2026-0000435,production_order,PRD000006370,P000686,LOT00040240,2026-01-10,dimensional,minor,2,design_tolerance,rework,2026-01-29,96.66
NC000000436,NC-2026-0000436,production_order,PRD000006372,P000712,LOT00182326,2026-05-26,packaging,major,4,machine_setting,rework,2026-05-29,272.76
NC000000437,NC-2026-0000437,production_order,PRD000006382,P000864,LOT00152206,2026-01-16,dimensional,critical,2,machine_setting,scrap,2026-02-09,203.09
NC000000438,NC-2026-0000438,production_order,PRD000006384,P000154,LOT00050402,2025-12-29,functional,major,2,process_variation,rework,2026-01-24,156.36
NC000000439,NC-2026-0000439,production_order,PRD000006399,P000322,LOT00134043,2025-06-01,dimensional,minor,10,process_variation,scrap,2025-06-15,3229.73
NC000000440,NC-2026-0000440,production_order,PRD000006413,P000857,LOT00129898,2025-08-05,packaging,major,2,process_variation,rework,2025-08-18,225.4
NC000000441,NC-2026-0000441,production_order,PRD000006444,P000350,LOT00215783,2025-11-21,surface_finish,minor,6,design_tolerance,rework,2025-12-16,68.87
NC000000442,NC-2026-0000442,production_order,PRD000006470,P000089,LOT00081276,2024-03-02,dimensional,critical,4,design_tolerance,use_as_is,2024-03-23,568.81
NC000000443,NC-2026-0000443,production_order,PRD000006490,P000830,LOT00191420,2024-05-21,electrical,major,12,operator_error,use_as_is,2024-06-04,423.15
NC000000444,NC-2026-0000444,production_order,PRD000006494,P000610,LOT00100035,2024-11-27,electrical,critical,3,process_variation,rework,2024-12-03,88.96
NC000000445,NC-2026-0000445,production_order,PRD000006506,P000518,LOT00062683,2024-04-19,functional,minor,1,operator_error,rework,2024-05-06,18.03
NC000000446,NC-2026-0000446,production_order,PRD000006509,P000543,LOT00155000,2025-01-29,functional,critical,5,machine_setting,rework,2025-02-13,597.35
NC000000447,NC-2026-0000447,production_order,PRD000006517,P000545,LOT00085958,2025-03-30,surface_finish,minor,5,machine_setting,scrap,2025-04-07,416.53
NC000000448,NC-2026-0000448,production_order,PRD000006538,P000409,LOT00031381,2024-08-11,dimensional,critical,2,process_variation,rework,2024-08-22,84.86
NC000000449,NC-2026-0000449,production_order,PRD000006564,P000126,LOT00165997,2025-07-21,functional,minor,3,machine_setting,scrap,2025-08-10,103.57
NC000000450,NC-2026-0000450,production_order,PRD000006568,P000935,LOT00110670,2024-03-04,functional,critical,1,supplier_material,rework,2024-03-22,57.36
NC000000451,NC-2026-0000451,production_order,PRD000006585,P000826,LOT00086402,2024-06-16,packaging,minor,1,operator_error,scrap,2024-07-03,164.57
NC000000452,NC-2026-0000452,production_order,PRD000006590,P000041,LOT00041698,2024-02-01,packaging,critical,1,supplier_material,rework,2024-02-26,26.43
NC000000453,NC-2026-0000453,production_order,PRD000006597,P000648,LOT00098382,2026-03-13,packaging,minor,1,process_variation,return_to_supplier,2026-04-02,59.76
NC000000454,NC-2026-0000454,production_order,PRD000006600,P000140,LOT00009228,2025-02-15,functional,minor,7,process_variation,rework,2025-03-13,974.46
NC000000455,NC-2026-0000455,production_order,PRD000006602,P000693,LOT00164220,2025-02-25,packaging,major,7,design_tolerance,rework,2025-03-17,156.61
NC000000456,NC-2026-0000456,production_order,PRD000006619,P000445,LOT00145833,2025-09-16,electrical,major,6,supplier_material,return_to_supplier,2025-09-25,1192.19
NC000000457,NC-2026-0000457,production_order,PRD000006620,P000420,LOT00178958,2024-04-29,surface_finish,critical,7,operator_error,rework,2024-05-09,569.9
NC000000458,NC-2026-0000458,production_order,PRD000006645,P000314,LOT00115039,2026-03-25,dimensional,minor,1,supplier_material,rework,2026-04-04,68.36
NC000000459,NC-2026-0000459,production_order,PRD000006646,P000198,LOT00215396,2024-06-20,packaging,minor,3,operator_error,use_as_is,2024-06-29,296.7
NC000000460,NC-2026-0000460,production_order,PRD000006664,P000815,LOT00202687,2026-08-22,dimensional,minor,3,process_variation,rework,2026-09-15,1598.69
NC000000461,NC-2026-0000461,production_order,PRD000006673,P000501,LOT00103688,2025-03-18,electrical,minor,4,design_tolerance,return_to_supplier,2025-04-17,679.09
NC000000462,NC-2026-0000462,production_order,PRD000006679,P000671,LOT00177198,2025-06-19,functional,major,7,design_tolerance,rework,2025-06-27,106.0
NC000000463,NC-2026-0000463,production_order,PRD000006714,P000012,LOT00101781,2024-11-03,packaging,minor,1,design_tolerance,rework,2024-11-25,75.04
NC000000464,NC-2026-0000464,production_order,PRD000006725,P000710,LOT00108228,2026-06-30,functional,major,1,process_variation,return_to_supplier,2026-07-10,192.8
NC000000465,NC-2026-0000465,production_order,PRD000006726,P000244,LOT00082235,2025-03-07,packaging,minor,5,operator_error,use_as_is,2025-03-23,101.35
NC000000466,NC-2026-0000466,production_order,PRD000006737,P000158,LOT00061568,2024-04-10,packaging,minor,10,process_variation,use_as_is,2024-04-22,457.17
NC000000467,NC-2026-0000467,production_order,PRD000006740,P000241,LOT00132000,2026-07-26,dimensional,minor,6,process_variation,rework,2026-08-20,554.33
NC000000468,NC-2026-0000468,production_order,PRD000006742,P000312,LOT00199094,2026-02-19,functional,minor,7,process_variation,rework,2026-03-02,576.42
NC000000469,NC-2026-0000469,production_order,PRD000006759,P000898,LOT00154514,2024-01-27,functional,minor,1,design_tolerance,rework,2024-02-10,76.33
NC000000470,NC-2026-0000470,production_order,PRD000006786,P000315,LOT00127974,2025-01-03,dimensional,minor,4,design_tolerance,rework,2025-01-06,278.72
NC000000471,NC-2026-0000471,production_order,PRD000006789,P000036,LOT00094409,2024-06-01,surface_finish,major,7,machine_setting,use_as_is,2024-06-20,67.67
NC000000472,NC-2026-0000472,production_order,PRD000006797,P000166,LOT00102218,2024-04-25,packaging,major,13,design_tolerance,rework,2024-05-02,1321.16
NC000000473,NC-2026-0000473,production_order,PRD000006799,P000430,LOT00046041,2025-08-10,functional,minor,2,process_variation,rework,2025-09-07,27.38
NC000000474,NC-2026-0000474,production_order,PRD000006849,P000153,LOT00079111,2026-07-21,dimensional,critical,9,supplier_material,rework,2026-07-29,1024.77
NC000000475,NC-2026-0000475,production_order,PRD000006851,P000258,LOT00037904,2026-08-21,electrical,minor,4,machine_setting,rework,2026-08-29,521.04
NC000000476,NC-2026-0000476,production_order,PRD000006857,P000869,LOT00141424,2024-11-10,surface_finish,minor,2,operator_error,rework,2024-11-28,275.51
NC000000477,NC-2026-0000477,production_order,PRD000006878,P000622,LOT00096620,2026-06-03,dimensional,major,3,design_tolerance,use_as_is,2026-06-13,318.44
NC000000478,NC-2026-0000478,production_order,PRD000006885,P000915,LOT00176991,2024-05-05,surface_finish,minor,1,supplier_material,return_to_supplier,2024-05-08,0.0
NC000000479,NC-2026-0000479,production_order,PRD000006895,P000326,LOT00016615,2024-07-30,packaging,minor,6,machine_setting,rework,2024-08-03,189.53
NC000000480,NC-2026-0000480,production_order,PRD000006900,P000026,LOT00242476,2025-02-07,electrical,minor,8,process_variation,rework,2025-02-26,199.4
NC000000481,NC-2026-0000481,production_order,PRD000006909,P000559,LOT00195752,2025-07-28,dimensional,minor,7,design_tolerance,use_as_is,2025-08-01,1211.91
NC000000482,NC-2026-0000482,production_order,PRD000006915,P000014,LOT00214082,2026-09-20,surface_finish,major,1,machine_setting,rework,2026-09-29,47.82
NC000000483,NC-2026-0000483,production_order,PRD000006920,P000037,LOT00245964,2026-07-11,functional,minor,4,process_variation,rework,2026-08-10,372.04
NC000000484,NC-2026-0000484,production_order,PRD000006954,P000897,LOT00240905,2026-08-14,electrical,major,1,operator_error,rework,2026-09-07,90.12
NC000000485,NC-2026-0000485,production_order,PRD000006964,P000723,LOT00161127,2024-07-07,dimensional,minor,2,operator_error,return_to_supplier,2024-08-05,49.47
NC000000486,NC-2026-0000486,production_order,PRD000006965,P000638,LOT00120075,2025-11-24,surface_finish,minor,14,design_tolerance,return_to_supplier,2025-11-30,248.06
NC000000487,NC-2026-0000487,production_order,PRD000006967,P000233,LOT00180333,2026-04-04,dimensional,minor,11,supplier_material,use_as_is,2026-04-06,325.27
NC000000488,NC-2026-0000488,production_order,PRD000006995,P000779,LOT00167017,2025-12-25,functional,minor,3,supplier_material,rework,2026-01-16,158.76
NC000000489,NC-2026-0000489,production_order,PRD000006998,P000737,LOT00121292,2024-07-19,dimensional,minor,7,supplier_material,scrap,2024-07-31,712.4
NC000000490,NC-2026-0000490,production_order,PRD000007005,P000473,LOT00004540,2026-09-21,electrical,minor,1,machine_setting,scrap,2026-09-27,75.04
NC000000491,NC-2026-0000491,production_order,PRD000007011,P000730,LOT00118183,2025-11-06,dimensional,minor,5,supplier_material,rework,2025-11-24,177.36
NC000000492,NC-2026-0000492,production_order,PRD000007019,P000553,LOT00012240,2024-02-18,electrical,major,13,process_variation,rework,2024-03-10,2610.96
NC000000493,NC-2026-0000493,production_order,PRD000007045,P000296,LOT00210397,2024-07-01,electrical,minor,8,machine_setting,rework,2024-07-13,967.06
NC000000494,NC-2026-0000494,production_order,PRD000007053,P000028,LOT00134856,2024-09-16,packaging,minor,5,operator_error,scrap,2024-10-10,1275.75
NC000000495,NC-2026-0000495,production_order,PRD000007063,P000627,LOT00112494,2024-04-27,electrical,minor,1,supplier_material,rework,2024-05-24,37.36
NC000000496,NC-2026-0000496,production_order,PRD000007071,P000150,LOT00191579,2024-10-21,electrical,major,6,machine_setting,rework,2024-11-01,368.15
NC000000497,NC-2026-0000497,production_order,PRD000007084,P000685,LOT00129329,2025-07-07,surface_finish,major,13,machine_setting,use_as_is,2025-07-20,887.69
NC000000498,NC-2026-0000498,production_order,PRD000007085,P000603,LOT00161908,2026-04-14,functional,minor,6,process_variation,rework,2026-05-09,323.85
NC000000499,NC-2026-0000499,production_order,PRD000007102,P000333,LOT00207845,2025-08-07,dimensional,minor,4,machine_setting,rework,2025-08-18,1014.41
NC000000500,NC-2026-0000500,production_order,PRD000007106,P000675,LOT00139101,2024-11-17,dimensional,minor,1,process_variation,return_to_supplier,2024-11-29,7.95
NC000000501,NC-2026-0000501,production_order,PRD000007111,P000614,LOT00017760,2025-09-02,dimensional,minor,11,machine_setting,use_as_is,2025-09-11,479.52
NC000000502,NC-2026-0000502,production_order,PRD000007146,P000927,LOT00024466,2024-03-03,dimensional,critical,7,supplier_material,rework,2024-03-12,259.14
NC000000503,NC-2026-0000503,production_order,PRD000007170,P000294,LOT00206299,2024-05-05,dimensional,minor,2,design_tolerance,use_as_is,2024-05-30,173.27
NC000000504,NC-2026-0000504,production_order,PRD000007171,P000877,LOT00245656,2026-07-25,functional,major,5,operator_error,use_as_is,2026-08-05,197.29
NC000000505,NC-2026-0000505,production_order,PRD000007174,P000268,LOT00043066,2025-10-01,functional,minor,4,machine_setting,scrap,2025-10-11,82.95
NC000000506,NC-2026-0000506,production_order,PRD000007197,P000267,LOT00230625,2025-06-04,electrical,critical,9,operator_error,scrap,2025-07-04,508.03
NC000000507,NC-2026-0000507,production_order,PRD000007238,P000909,LOT00169426,2025-07-04,packaging,minor,1,machine_setting,return_to_supplier,2025-07-10,0.0
NC000000508,NC-2026-0000508,production_order,PRD000007240,P000765,LOT00230900,2025-03-07,electrical,major,7,process_variation,scrap,2025-04-05,360.4
NC000000509,NC-2026-0000509,production_order,PRD000007247,P000544,LOT00048751,2026-05-03,electrical,major,1,design_tolerance,use_as_is,2026-05-05,63.94
NC000000510,NC-2026-0000510,production_order,PRD000007254,P000087,LOT00014448,2024-10-08,functional,major,7,process_variation,rework,2024-10-29,52.22
NC000000511,NC-2026-0000511,production_order,PRD000007274,P000264,LOT00165648,2026-02-17,dimensional,minor,12,supplier_material,rework,2026-02-27,1033.73
NC000000512,NC-2026-0000512,production_order,PRD000007294,P000759,LOT00162922,2026-05-07,electrical,minor,2,supplier_material,scrap,2026-06-02,32.39
NC000000513,NC-2026-0000513,production_order,PRD000007303,P000574,LOT00225679,2025-02-25,surface_finish,major,4,operator_error,scrap,2025-03-13,504.3
NC000000514,NC-2026-0000514,production_order,PRD000007328,P000262,LOT00002175,2024-09-16,electrical,minor,6,design_tolerance,scrap,2024-09-20,527.08
NC000000515,NC-2026-0000515,production_order,PRD000007367,P000043,LOT00091737,2026-08-28,surface_finish,major,2,machine_setting,return_to_supplier,2026-09-18,194.37
NC000000516,NC-2026-0000516,production_order,PRD000007378,P000165,LOT00222506,2025-11-25,functional,minor,9,machine_setting,rework,2025-12-20,376.79
NC000000517,NC-2026-0000517,production_order,PRD000007414,P000662,LOT00108607,2025-03-11,dimensional,critical,4,design_tolerance,use_as_is,2025-03-13,232.45
NC000000518,NC-2026-0000518,production_order,PRD000007421,P000150,LOT00033585,2024-08-12,surface_finish,minor,1,process_variation,return_to_supplier,2024-08-24,103.23
NC000000519,NC-2026-0000519,production_order,PRD000007422,P000493,LOT00175822,2025-07-22,packaging,minor,3,design_tolerance,return_to_supplier,2025-08-13,538.1
NC000000520,NC-2026-0000520,production_order,PRD000007453,P000419,LOT00029434,2026-02-19,surface_finish,minor,6,design_tolerance,scrap,2026-02-28,544.52
NC000000521,NC-2026-0000521,production_order,PRD000007455,P000415,LOT00101606,2026-08-05,surface_finish,minor,5,machine_setting,rework,2026-08-10,300.79
NC000000522,NC-2026-0000522,production_order,PRD000007456,P000864,LOT00004820,2024-12-28,surface_finish,critical,4,process_variation,use_as_is,2025-01-19,435.33
NC000000523,NC-2026-0000523,production_order,PRD000007457,P000755,LOT00165314,2026-06-10,surface_finish,minor,9,design_tolerance,use_as_is,2026-07-09,373.47
NC000000524,NC-2026-0000524,production_order,PRD000007484,P000483,LOT00024094,2026-08-23,functional,minor,6,design_tolerance,scrap,2026-09-01,2215.4
NC000000525,NC-2026-0000525,production_order,PRD000007518,P000237,LOT00090557,2024-08-09,dimensional,minor,4,operator_error,rework,2024-09-05,652.66
NC000000526,NC-2026-0000526,production_order,PRD000007522,P000176,LOT00234425,2025-07-06,surface_finish,minor,11,supplier_material,rework,2025-07-08,778.32
NC000000527,NC-2026-0000527,production_order,PRD000007548,P000348,LOT00003721,2026-07-25,functional,critical,2,process_variation,rework,2026-08-01,137.95
NC000000528,NC-2026-0000528,production_order,PRD000007558,P000323,LOT00230156,2024-10-03,functional,critical,1,process_variation,return_to_supplier,2024-11-02,65.49
NC000000529,NC-2026-0000529,production_order,PRD000007571,P000246,LOT00174396,2026-03-27,functional,critical,9,operator_error,rework,2026-04-09,3290.54
NC000000530,NC-2026-0000530,production_order,PRD000007572,P000784,LOT00198536,2024-12-17,packaging,critical,14,machine_setting,rework,2025-01-14,358.41
NC000000531,NC-2026-0000531,production_order,PRD000007582,P000461,LOT00240974,2024-09-17,functional,minor,7,process_variation,rework,2024-10-03,362.59
NC000000532,NC-2026-0000532,production_order,PRD000007642,P000914,LOT00090899,2026-02-14,dimensional,minor,5,operator_error,use_as_is,2026-03-12,189.86
NC000000533,NC-2026-0000533,production_order,PRD000007658,P000242,LOT00237146,2026-01-04,functional,minor,8,machine_setting,use_as_is,2026-01-24,712.18
NC000000534,NC-2026-0000534,production_order,PRD000007683,P000572,LOT00206395,2026-08-01,functional,major,4,process_variation,rework,2026-08-08,367.28
NC000000535,NC-2026-0000535,production_order,PRD000007688,P000687,LOT00038066,2025-07-24,packaging,major,1,operator_error,scrap,2025-07-26,138.91
NC000000536,NC-2026-0000536,production_order,PRD000007713,P000486,LOT00227423,2026-03-16,surface_finish,minor,10,design_tolerance,rework,2026-04-07,664.25
NC000000537,NC-2026-0000537,production_order,PRD000007715,P000466,LOT00214639,2026-01-25,dimensional,major,2,machine_setting,scrap,2026-02-02,102.46
NC000000538,NC-2026-0000538,production_order,PRD000007751,P000482,LOT00043935,2025-12-23,packaging,major,4,machine_setting,return_to_supplier,2026-01-01,564.78
NC000000539,NC-2026-0000539,production_order,PRD000007773,P000418,LOT00183108,2025-03-29,surface_finish,minor,2,supplier_material,rework,2025-04-23,121.59
NC000000540,NC-2026-0000540,production_order,PRD000007775,P000400,LOT00089274,2026-02-09,functional,minor,7,process_variation,return_to_supplier,2026-03-04,1269.18
NC000000541,NC-2026-0000541,production_order,PRD000007790,P000857,LOT00008791,2026-05-19,functional,major,6,machine_setting,scrap,2026-05-30,380.37
NC000000542,NC-2026-0000542,production_order,PRD000007811,P000721,LOT00106838,2026-01-05,dimensional,minor,4,machine_setting,scrap,2026-01-24,150.23
NC000000543,NC-2026-0000543,production_order,PRD000007852,P000029,LOT00149060,2025-08-31,dimensional,major,2,process_variation,return_to_supplier,2025-09-13,201.78
NC000000544,NC-2026-0000544,production_order,PRD000007868,P000945,LOT00040226,2025-01-08,electrical,critical,2,machine_setting,scrap,2025-02-02,400.67
NC000000545,NC-2026-0000545,production_order,PRD000007870,P000527,LOT00076013,2026-05-27,dimensional,major,10,supplier_material,return_to_supplier,2026-05-29,1667.59
NC000000546,NC-2026-0000546,production_order,PRD000007877,P000773,LOT00094518,2024-10-31,packaging,minor,2,machine_setting,rework,2024-11-21,178.31
NC000000547,NC-2026-0000547,production_order,PRD000007881,P000082,LOT00224573,2026-08-15,packaging,critical,2,machine_setting,use_as_is,2026-09-03,154.24
NC000000548,NC-2026-0000548,production_order,PRD000007883,P000106,LOT00226277,2026-03-30,packaging,major,2,supplier_material,return_to_supplier,2026-04-25,246.16
NC000000549,NC-2026-0000549,production_order,PRD000007907,P000930,LOT00083663,2025-12-04,functional,critical,1,machine_setting,scrap,2026-01-02,0.0
NC000000550,NC-2026-0000550,production_order,PRD000007910,P000401,LOT00014308,2024-11-04,dimensional,minor,7,process_variation,rework,2024-11-17,231.37
NC000000551,NC-2026-0000551,production_order,PRD000007914,P000780,LOT00073519,2024-09-12,functional,critical,8,process_variation,return_to_supplier,2024-09-20,134.69
NC000000552,NC-2026-0000552,production_order,PRD000007935,P000530,LOT00096481,2025-04-12,functional,minor,2,operator_error,return_to_supplier,2025-05-09,80.44
NC000000553,NC-2026-0000553,production_order,PRD000007947,P000269,LOT00237547,2024-02-16,surface_finish,major,2,operator_error,scrap,2024-02-24,194.78
NC000000554,NC-2026-0000554,production_order,PRD000007975,P000088,LOT00164825,2026-04-21,functional,minor,3,design_tolerance,scrap,2026-05-10,239.34
NC000000555,NC-2026-0000555,production_order,PRD000007979,P000288,LOT00140273,2024-01-17,dimensional,major,3,supplier_material,rework,2024-02-13,629.01
NC000000556,NC-2026-0000556,production_order,PRD000007988,P000495,LOT00132721,2026-09-08,dimensional,critical,1,supplier_material,use_as_is,2026-09-29,160.79
NC000000557,NC-2026-0000557,production_order,PRD000008004,P000638,LOT00137721,2025-05-20,dimensional,major,2,operator_error,rework,2025-05-27,26.27
NC000000558,NC-2026-0000558,production_order,PRD000008023,P000042,LOT00072690,2025-06-28,surface_finish,critical,12,machine_setting,rework,2025-07-14,689.78
NC000000559,NC-2026-0000559,production_order,PRD000008042,P000681,LOT00039903,2025-08-25,packaging,critical,6,machine_setting,return_to_supplier,2025-09-17,391.51
NC000000560,NC-2026-0000560,production_order,PRD000008048,P000481,LOT00190323,2025-02-19,electrical,minor,1,machine_setting,return_to_supplier,2025-02-22,13.04
NC000000561,NC-2026-0000561,production_order,PRD000008064,P000232,LOT00220835,2025-08-31,dimensional,minor,1,process_variation,use_as_is,2025-09-05,74.09
NC000000562,NC-2026-0000562,production_order,PRD000008076,P000497,LOT00235264,2024-08-01,functional,major,4,machine_setting,use_as_is,2024-08-19,60.98
NC000000563,NC-2026-0000563,production_order,PRD000008092,P000945,LOT00112468,2026-05-02,surface_finish,major,2,machine_setting,scrap,2026-05-14,360.38
NC000000564,NC-2026-0000564,production_order,PRD000008094,P000293,LOT00171738,2024-02-07,packaging,critical,5,process_variation,scrap,2024-03-08,183.03
NC000000565,NC-2026-0000565,production_order,PRD000008117,P000331,LOT00062695,2026-03-10,dimensional,major,4,machine_setting,rework,2026-03-24,587.94
NC000000566,NC-2026-0000566,production_order,PRD000008137,P000682,LOT00013706,2025-01-18,functional,minor,3,operator_error,use_as_is,2025-01-21,607.48
NC000000567,NC-2026-0000567,production_order,PRD000008148,P000387,LOT00135997,2026-01-19,dimensional,minor,5,machine_setting,scrap,2026-01-26,62.56
NC000000568,NC-2026-0000568,production_order,PRD000008157,P000177,LOT00079734,2025-02-27,surface_finish,minor,11,process_variation,use_as_is,2025-03-09,328.18
NC000000569,NC-2026-0000569,production_order,PRD000008160,P000251,LOT00069482,2025-04-06,functional,major,9,process_variation,rework,2025-04-15,340.77
NC000000570,NC-2026-0000570,production_order,PRD000008162,P000529,LOT00233965,2026-03-23,dimensional,critical,2,machine_setting,rework,2026-04-18,184.92
NC000000571,NC-2026-0000571,production_order,PRD000008176,P000665,LOT00125510,2025-11-04,surface_finish,minor,2,process_variation,use_as_is,2025-11-13,45.2
NC000000572,NC-2026-0000572,production_order,PRD000008192,P000675,LOT00015031,2025-05-30,electrical,major,3,machine_setting,rework,2025-06-01,88.92
NC000000573,NC-2026-0000573,production_order,PRD000008197,P000535,LOT00024561,2025-08-09,packaging,major,3,design_tolerance,scrap,2025-09-07,247.94
NC000000574,NC-2026-0000574,production_order,PRD000008212,P000623,LOT00170093,2025-01-30,surface_finish,major,1,machine_setting,use_as_is,2025-02-11,0.0
NC000000575,NC-2026-0000575,production_order,PRD000008232,P000434,LOT00085593,2026-07-17,surface_finish,major,3,process_variation,scrap,2026-08-10,751.06
NC000000576,NC-2026-0000576,production_order,PRD000008238,P000763,LOT00180988,2025-07-13,dimensional,minor,10,supplier_material,use_as_is,2025-08-05,153.1
NC000000577,NC-2026-0000577,production_order,PRD000008248,P000901,LOT00062784,2025-03-03,surface_finish,minor,6,design_tolerance,rework,2025-03-16,430.12
NC000000578,NC-2026-0000578,production_order,PRD000008251,P000033,LOT00160261,2024-11-28,surface_finish,minor,9,operator_error,use_as_is,2024-12-21,292.51
NC000000579,NC-2026-0000579,production_order,PRD000008262,P000613,LOT00227984,2025-10-19,functional,minor,5,design_tolerance,use_as_is,2025-10-22,124.84
NC000000580,NC-2026-0000580,production_order,PRD000008276,P000854,LOT00025477,2025-12-04,surface_finish,minor,2,process_variation,return_to_supplier,2026-01-02,464.11
NC000000581,NC-2026-0000581,production_order,PRD000008313,P000459,LOT00177072,2025-03-16,dimensional,minor,4,process_variation,scrap,2025-03-18,118.71
NC000000582,NC-2026-0000582,production_order,PRD000008359,P000180,LOT00109776,2024-07-05,functional,major,5,process_variation,rework,2024-08-04,75.7
NC000000583,NC-2026-0000583,production_order,PRD000008367,P000005,LOT00005836,2025-06-09,dimensional,minor,3,machine_setting,use_as_is,2025-06-21,206.22
NC000000584,NC-2026-0000584,production_order,PRD000008417,P000719,LOT00086300,2025-08-19,functional,minor,12,operator_error,rework,2025-08-31,331.51
NC000000585,NC-2026-0000585,production_order,PRD000008426,P000668,LOT00168794,2024-11-18,surface_finish,critical,4,process_variation,rework,2024-12-16,112.32
NC000000586,NC-2026-0000586,production_order,PRD000008436,P000079,LOT00136216,2024-07-30,electrical,major,10,machine_setting,rework,2024-08-13,201.63
NC000000587,NC-2026-0000587,production_order,PRD000008448,P000113,LOT00212098,2026-03-22,packaging,minor,3,process_variation,scrap,2026-04-19,159.1
NC000000588,NC-2026-0000588,production_order,PRD000008458,P000723,LOT00195928,2026-04-03,dimensional,major,14,process_variation,return_to_supplier,2026-04-24,653.16
NC000000589,NC-2026-0000589,production_order,PRD000008476,P000159,LOT00109993,2026-03-21,surface_finish,minor,5,design_tolerance,scrap,2026-04-01,108.33
NC000000590,NC-2026-0000590,production_order,PRD000008481,P000545,LOT00103320,2024-06-05,packaging,minor,1,operator_error,rework,2024-06-18,94.13
NC000000591,NC-2026-0000591,production_order,PRD000008485,P000934,LOT00208961,2025-07-14,functional,minor,7,operator_error,rework,2025-08-01,285.84
NC000000592,NC-2026-0000592,production_order,PRD000008489,P000152,LOT00192638,2025-08-07,functional,minor,6,machine_setting,rework,2025-08-15,165.84
NC000000593,NC-2026-0000593,production_order,PRD000008520,P000105,LOT00047531,2024-09-08,packaging,minor,1,supplier_material,rework,2024-10-03,125.16
NC000000594,NC-2026-0000594,production_order,PRD000008531,P000174,LOT00088234,2026-09-16,functional,minor,9,machine_setting,rework,2026-10-07,695.53
NC000000595,NC-2026-0000595,production_order,PRD000008549,P000087,LOT00092939,2024-12-08,packaging,minor,3,design_tolerance,return_to_supplier,2024-12-16,38.32
NC000000596,NC-2026-0000596,production_order,PRD000008564,P000394,LOT00040082,2025-05-29,functional,major,3,process_variation,rework,2025-06-13,59.15
NC000000597,NC-2026-0000597,production_order,PRD000008618,P000115,LOT00047744,2025-11-18,packaging,minor,1,supplier_material,rework,2025-11-28,18.52
NC000000598,NC-2026-0000598,production_order,PRD000008692,P000431,LOT00144092,2025-05-12,functional,minor,4,process_variation,rework,2025-06-08,87.37
NC000000599,NC-2026-0000599,production_order,PRD000008707,P000333,LOT00161449,2024-01-15,packaging,critical,14,machine_setting,scrap,2024-02-05,5909.77
NC000000600,NC-2026-0000600,production_order,PRD000008719,P000898,LOT00144382,2024-04-28,surface_finish,critical,3,machine_setting,scrap,2024-05-07,221.98
NC000000601,NC-2026-0000601,production_order,PRD000008720,P000549,LOT00192002,2026-01-21,packaging,minor,4,operator_error,rework,2026-01-27,306.37
NC000000602,NC-2026-0000602,production_order,PRD000008728,P000656,LOT00109478,2025-10-23,functional,minor,1,supplier_material,scrap,2025-11-07,36.79
NC000000603,NC-2026-0000603,production_order,PRD000008748,P000726,LOT00096501,2026-08-03,packaging,major,8,machine_setting,return_to_supplier,2026-08-12,2717.72
NC000000604,NC-2026-0000604,production_order,PRD000008775,P000046,LOT00119648,2024-06-26,packaging,critical,3,machine_setting,return_to_supplier,2024-07-12,77.6
NC000000605,NC-2026-0000605,production_order,PRD000008810,P000043,LOT00215107,2025-10-25,functional,major,9,supplier_material,rework,2025-11-20,1049.72
NC000000606,NC-2026-0000606,production_order,PRD000008815,P000210,LOT00066780,2024-12-30,surface_finish,major,3,process_variation,rework,2025-01-26,339.1
NC000000607,NC-2026-0000607,production_order,PRD000008850,P000667,LOT00218730,2024-12-19,electrical,minor,12,process_variation,scrap,2025-01-03,1270.15
NC000000608,NC-2026-0000608,production_order,PRD000008867,P000518,LOT00020567,2025-03-24,dimensional,minor,1,process_variation,rework,2025-04-13,16.53
NC000000609,NC-2026-0000609,production_order,PRD000008882,P000580,LOT00102075,2026-01-22,surface_finish,minor,8,design_tolerance,use_as_is,2026-02-20,365.06
NC000000610,NC-2026-0000610,production_order,PRD000008889,P000364,LOT00109341,2026-07-14,dimensional,minor,1,process_variation,use_as_is,2026-08-02,46.8
NC000000611,NC-2026-0000611,production_order,PRD000008895,P000045,LOT00042691,2024-06-27,dimensional,minor,4,process_variation,use_as_is,2024-07-15,346.68
NC000000612,NC-2026-0000612,production_order,PRD000008910,P000399,LOT00021866,2025-12-24,functional,critical,5,operator_error,rework,2026-01-01,75.32
NC000000613,NC-2026-0000613,production_order,PRD000008949,P000537,LOT00248746,2025-02-04,dimensional,major,4,process_variation,scrap,2025-03-03,253.34
NC000000614,NC-2026-0000614,production_order,PRD000008978,P000210,LOT00206964,2024-02-11,electrical,major,12,machine_setting,rework,2024-02-14,1218.02
NC000000615,NC-2026-0000615,production_order,PRD000008985,P000724,LOT00133892,2024-05-30,functional,major,7,supplier_material,return_to_supplier,2024-06-04,551.77
NC000000616,NC-2026-0000616,production_order,PRD000009023,P000874,LOT00226617,2025-12-12,dimensional,minor,3,design_tolerance,scrap,2025-12-31,406.35
NC000000617,NC-2026-0000617,production_order,PRD000009044,P000481,LOT00209729,2026-03-23,functional,critical,5,operator_error,rework,2026-04-07,156.07
NC000000618,NC-2026-0000618,production_order,PRD000009056,P000539,LOT00157560,2024-12-15,dimensional,critical,10,operator_error,rework,2025-01-06,955.6
NC000000619,NC-2026-0000619,production_order,PRD000009073,P000001,LOT00183359,2024-12-24,surface_finish,minor,2,design_tolerance,scrap,2025-01-09,252.66
NC000000620,NC-2026-0000620,production_order,PRD000009078,P000343,LOT00121163,2025-01-17,surface_finish,major,1,machine_setting,return_to_supplier,2025-02-15,54.06
NC000000621,NC-2026-0000621,production_order,PRD000009079,P000584,LOT00168021,2026-09-01,surface_finish,major,1,machine_setting,rework,2026-09-06,86.94
NC000000622,NC-2026-0000622,production_order,PRD000009138,P000004,LOT00244172,2025-05-22,dimensional,major,2,operator_error,rework,2025-06-13,144.57
NC000000623,NC-2026-0000623,production_order,PRD000009158,P000465,LOT00040042,2024-02-21,dimensional,minor,6,design_tolerance,rework,2024-03-19,586.95
NC000000624,NC-2026-0000624,production_order,PRD000009167,P000739,LOT00083904,2026-02-28,surface_finish,critical,6,process_variation,scrap,2026-03-22,305.13
NC000000625,NC-2026-0000625,production_order,PRD000009168,P000671,LOT00043853,2024-05-09,dimensional,minor,5,machine_setting,scrap,2024-05-16,31.58
NC000000626,NC-2026-0000626,production_order,PRD000009187,P000312,LOT00181162,2024-04-19,electrical,minor,6,process_variation,rework,2024-04-26,220.27
NC000000627,NC-2026-0000627,production_order,PRD000009211,P000561,LOT00022030,2024-07-02,packaging,major,4,machine_setting,rework,2024-07-17,66.14
NC000000628,NC-2026-0000628,production_order,PRD000009215,P000575,LOT00030341,2025-10-10,packaging,major,10,operator_error,rework,2025-10-22,934.0
NC000000629,NC-2026-0000629,production_order,PRD000009230,P000249,LOT00140348,2024-07-17,dimensional,minor,1,machine_setting,rework,2024-07-28,50.76
NC000000630,NC-2026-0000630,production_order,PRD000009249,P000662,LOT00178879,2025-06-23,functional,critical,3,machine_setting,scrap,2025-07-13,72.41
NC000000631,NC-2026-0000631,production_order,PRD000009254,P000049,LOT00125317,2025-03-27,functional,minor,3,supplier_material,rework,2025-03-29,487.55
NC000000632,NC-2026-0000632,production_order,PRD000009257,P000462,LOT00173094,2026-03-16,electrical,minor,4,machine_setting,use_as_is,2026-03-31,294.67
NC000000633,NC-2026-0000633,production_order,PRD000009258,P000774,LOT00029100,2026-06-28,dimensional,major,1,supplier_material,rework,2026-07-06,41.18
NC000000634,NC-2026-0000634,production_order,PRD000009279,P000401,LOT00218962,2025-04-02,surface_finish,minor,4,supplier_material,rework,2025-04-05,204.64
NC000000635,NC-2026-0000635,production_order,PRD000009320,P000937,LOT00127114,2024-07-21,functional,major,6,machine_setting,scrap,2024-08-08,1548.45
NC000000636,NC-2026-0000636,production_order,PRD000009332,P000116,LOT00191709,2025-06-19,electrical,minor,1,process_variation,rework,2025-07-02,148.04
NC000000637,NC-2026-0000637,production_order,PRD000009361,P000777,LOT00226630,2025-09-09,dimensional,minor,1,operator_error,use_as_is,2025-09-13,109.29
NC000000638,NC-2026-0000638,production_order,PRD000009391,P000487,LOT00130955,2024-12-10,functional,minor,9,supplier_material,scrap,2025-01-09,386.48
NC000000639,NC-2026-0000639,production_order,PRD000009394,P000206,LOT00102919,2026-06-25,surface_finish,minor,7,supplier_material,scrap,2026-07-11,367.28
NC000000640,NC-2026-0000640,production_order,PRD000009420,P000230,LOT00055692,2026-07-23,surface_finish,minor,11,process_variation,rework,2026-08-13,357.82
NC000000641,NC-2026-0000641,production_order,PRD000009423,P000931,LOT00063615,2024-11-25,electrical,major,1,process_variation,use_as_is,2024-12-13,81.47
NC000000642,NC-2026-0000642,production_order,PRD000009437,P000558,LOT00105043,2026-09-02,dimensional,major,1,supplier_material,rework,2026-09-24,31.58
NC000000643,NC-2026-0000643,production_order,PRD000009442,P000172,LOT00086939,2024-09-03,dimensional,major,10,machine_setting,rework,2024-09-30,140.05
NC000000644,NC-2026-0000644,production_order,PRD000009453,P000948,LOT00103885,2025-11-05,packaging,minor,1,process_variation,rework,2025-11-26,0.0
NC000000645,NC-2026-0000645,production_order,PRD000009460,P000091,LOT00184950,2025-02-09,functional,critical,1,supplier_material,scrap,2025-03-04,21.48
NC000000646,NC-2026-0000646,production_order,PRD000009467,P000792,LOT00202126,2026-02-09,surface_finish,major,6,machine_setting,rework,2026-02-23,3203.83
NC000000647,NC-2026-0000647,production_order,PRD000009469,P000413,LOT00064639,2025-09-24,packaging,minor,8,design_tolerance,rework,2025-10-12,1143.76
NC000000648,NC-2026-0000648,production_order,PRD000009474,P000338,LOT00082287,2025-10-02,dimensional,minor,7,machine_setting,rework,2025-10-26,317.09
NC000000649,NC-2026-0000649,production_order,PRD000009507,P000288,LOT00181641,2024-02-22,surface_finish,major,6,supplier_material,use_as_is,2024-03-05,813.31
NC000000650,NC-2026-0000650,production_order,PRD000009522,P000744,LOT00247661,2026-04-13,functional,minor,1,supplier_material,rework,2026-05-03,78.36
NC000000651,NC-2026-0000651,production_order,PRD000009540,P000931,LOT00012536,2025-11-13,dimensional,minor,3,machine_setting,return_to_supplier,2025-11-16,148.44
NC000000652,NC-2026-0000652,production_order,PRD000009547,P000903,LOT00105296,2024-01-10,functional,major,7,process_variation,return_to_supplier,2024-01-13,651.89
NC000000653,NC-2026-0000653,production_order,PRD000009570,P000659,LOT00184053,2025-11-23,surface_finish,minor,4,machine_setting,rework,2025-11-30,58.08
NC000000654,NC-2026-0000654,production_order,PRD000009576,P000848,LOT00014776,2024-06-11,surface_finish,minor,8,machine_setting,scrap,2024-06-28,1335.99
NC000000655,NC-2026-0000655,production_order,PRD000009577,P000503,LOT00025198,2026-06-14,dimensional,minor,11,process_variation,rework,2026-07-04,1762.52
NC000000656,NC-2026-0000656,production_order,PRD000009594,P000277,LOT00207698,2025-02-09,packaging,minor,7,machine_setting,scrap,2025-02-23,24.63
NC000000657,NC-2026-0000657,production_order,PRD000009599,P000612,LOT00000394,2025-07-24,functional,major,4,process_variation,use_as_is,2025-08-13,1348.97
NC000000658,NC-2026-0000658,production_order,PRD000009600,P000863,LOT00044093,2026-08-06,electrical,critical,2,supplier_material,return_to_supplier,2026-08-29,453.02
NC000000659,NC-2026-0000659,production_order,PRD000009605,P000688,LOT00008019,2025-05-01,functional,minor,8,operator_error,rework,2025-05-21,265.38
NC000000660,NC-2026-0000660,production_order,PRD000009608,P000546,LOT00051927,2024-12-05,functional,minor,2,machine_setting,rework,2024-12-20,147.47
NC000000661,NC-2026-0000661,production_order,PRD000009615,P000032,LOT00215127,2024-02-06,packaging,major,1,supplier_material,scrap,2024-03-05,32.84
NC000000662,NC-2026-0000662,production_order,PRD000009624,P000914,LOT00032231,2026-05-27,surface_finish,minor,1,supplier_material,return_to_supplier,2026-05-29,38.83
NC000000663,NC-2026-0000663,production_order,PRD000009629,P000127,LOT00028451,2024-03-23,surface_finish,minor,6,design_tolerance,use_as_is,2024-03-28,452.65
NC000000664,NC-2026-0000664,production_order,PRD000009653,P000014,LOT00090100,2025-07-26,dimensional,minor,3,process_variation,scrap,2025-08-09,261.78
NC000000665,NC-2026-0000665,production_order,PRD000009685,P000433,LOT00037517,2024-11-08,dimensional,major,4,supplier_material,scrap,2024-11-29,274.03
NC000000666,NC-2026-0000666,production_order,PRD000009714,P000926,LOT00023925,2025-06-10,surface_finish,major,3,operator_error,rework,2025-06-14,72.99
NC000000667,NC-2026-0000667,production_order,PRD000009718,P000324,LOT00023983,2024-12-08,surface_finish,critical,7,machine_setting,scrap,2024-12-26,123.54
NC000000668,NC-2026-0000668,production_order,PRD000009731,P000198,LOT00053474,2026-04-03,electrical,minor,5,process_variation,rework,2026-04-18,714.72
NC000000669,NC-2026-0000669,production_order,PRD000009750,P000817,LOT00128609,2025-02-24,surface_finish,minor,7,process_variation,rework,2025-03-22,213.14
NC000000670,NC-2026-0000670,production_order,PRD000009769,P000385,LOT00061711,2024-06-11,dimensional,critical,8,process_variation,use_as_is,2024-07-09,369.53
NC000000671,NC-2026-0000671,production_order,PRD000009797,P000026,LOT00013808,2026-01-25,packaging,minor,5,design_tolerance,rework,2026-02-16,339.02
NC000000672,NC-2026-0000672,production_order,PRD000009802,P000263,LOT00051057,2026-07-11,functional,major,1,machine_setting,scrap,2026-07-31,41.26
NC000000673,NC-2026-0000673,production_order,PRD000009823,P000944,LOT00165342,2025-10-27,electrical,major,5,machine_setting,rework,2025-11-10,455.39
NC000000674,NC-2026-0000674,production_order,PRD000009844,P000430,LOT00014738,2024-04-07,functional,major,3,supplier_material,scrap,2024-04-21,128.74
NC000000675,NC-2026-0000675,production_order,PRD000009852,P000734,LOT00074347,2024-09-13,surface_finish,minor,9,operator_error,rework,2024-09-23,834.7
NC000000676,NC-2026-0000676,production_order,PRD000009873,P000138,LOT00137580,2024-05-03,packaging,major,8,supplier_material,scrap,2024-05-12,282.27
NC000000677,NC-2026-0000677,production_order,PRD000009876,P000372,LOT00012151,2026-07-21,surface_finish,minor,5,process_variation,return_to_supplier,2026-08-01,271.44
NC000000678,NC-2026-0000678,production_order,PRD000009900,P000809,LOT00197897,2024-09-01,surface_finish,minor,14,supplier_material,use_as_is,2024-09-26,656.84
NC000000679,NC-2026-0000679,production_order,PRD000009901,P000311,LOT00056634,2026-09-02,surface_finish,minor,7,machine_setting,rework,2026-09-30,280.36
NC000000680,NC-2026-0000680,production_order,PRD000009908,P000505,LOT00132166,2024-04-02,functional,minor,4,design_tolerance,return_to_supplier,2024-04-27,93.33
NC000000681,NC-2026-0000681,production_order,PRD000009934,P000516,LOT00030769,2026-03-19,functional,minor,3,operator_error,rework,2026-04-06,71.27
NC000000682,NC-2026-0000682,production_order,PRD000009993,P000922,LOT00119141,2026-06-13,functional,minor,3,design_tolerance,rework,2026-06-23,110.23
NC000000683,NC-2026-0000683,production_order,PRD000010006,P000900,LOT00136251,2026-06-02,functional,minor,5,machine_setting,rework,2026-06-11,210.72
NC000000684,NC-2026-0000684,production_order,PRD000010007,P000540,LOT00109639,2025-03-17,functional,minor,4,design_tolerance,rework,2025-03-25,163.03
NC000000685,NC-2026-0000685,production_order,PRD000010030,P000060,LOT00108388,2025-08-09,functional,minor,1,supplier_material,use_as_is,2025-08-11,36.7
NC000000686,NC-2026-0000686,production_order,PRD000010055,P000314,LOT00085990,2025-02-22,electrical,major,1,process_variation,rework,2025-03-18,19.02
NC000000687,NC-2026-0000687,production_order,PRD000010102,P000167,LOT00005137,2026-10-13,electrical,minor,10,process_variation,scrap,2026-10-30,1568.5
NC000000688,NC-2026-0000688,production_order,PRD000010112,P000124,LOT00074057,2026-09-28,packaging,major,12,operator_error,use_as_is,2026-10-14,1323.09
NC000000689,NC-2026-0000689,production_order,PRD000010123,P000838,LOT00204868,2024-07-12,dimensional,minor,14,design_tolerance,use_as_is,2024-07-21,2323.26
NC000000690,NC-2026-0000690,production_order,PRD000010140,P000230,LOT00213408,2024-02-10,dimensional,major,7,machine_setting,rework,2024-02-22,113.76
NC000000691,NC-2026-0000691,production_order,PRD000010150,P000731,LOT00017592,2025-06-12,electrical,minor,1,process_variation,rework,2025-06-30,122.33
NC000000692,NC-2026-0000692,production_order,PRD000010160,P000003,LOT00082479,2024-03-24,dimensional,major,2,operator_error,rework,2024-03-28,501.67
NC000000693,NC-2026-0000693,production_order,PRD000010180,P000662,LOT00188244,2025-07-06,surface_finish,minor,1,operator_error,scrap,2025-07-26,0.0
NC000000694,NC-2026-0000694,production_order,PRD000010196,P000127,LOT00229333,2025-11-25,dimensional,minor,5,process_variation,scrap,2025-12-22,737.06
NC000000695,NC-2026-0000695,production_order,PRD000010198,P000528,LOT00096459,2026-01-06,electrical,major,1,operator_error,rework,2026-01-31,44.63
NC000000696,NC-2026-0000696,production_order,PRD000010204,P000472,LOT00099473,2025-07-09,packaging,critical,11,machine_setting,use_as_is,2025-08-02,952.02
NC000000697,NC-2026-0000697,production_order,PRD000010212,P000337,LOT00124362,2026-07-24,functional,minor,9,operator_error,rework,2026-08-09,376.89
NC000000698,NC-2026-0000698,production_order,PRD000010213,P000243,LOT00193484,2026-02-08,packaging,minor,2,design_tolerance,use_as_is,2026-03-06,129.28
NC000000699,NC-2026-0000699,production_order,PRD000010217,P000399,LOT00090409,2024-05-03,functional,major,2,design_tolerance,scrap,2024-05-31,110.72
NC000000700,NC-2026-0000700,production_order,PRD000010232,P000026,LOT00191222,2024-11-13,functional,critical,9,operator_error,use_as_is,2024-12-03,389.03
NC000000701,NC-2026-0000701,production_order,PRD000010269,P000258,LOT00012113,2026-09-05,packaging,major,10,machine_setting,use_as_is,2026-09-08,710.42
NC000000702,NC-2026-0000702,production_order,PRD000010279,P000071,LOT00019914,2025-05-09,electrical,minor,5,supplier_material,use_as_is,2025-05-18,1268.09
NC000000703,NC-2026-0000703,production_order,PRD000010301,P000017,LOT00065680,2026-09-15,surface_finish,major,10,machine_setting,return_to_supplier,2026-10-06,280.44
NC000000704,NC-2026-0000704,production_order,PRD000010304,P000386,LOT00086248,2024-11-03,dimensional,minor,4,design_tolerance,rework,2024-11-28,663.7
NC000000705,NC-2026-0000705,production_order,PRD000010318,P000231,LOT00221411,2026-07-18,dimensional,major,2,machine_setting,return_to_supplier,2026-08-04,454.73
NC000000706,NC-2026-0000706,production_order,PRD000010330,P000436,LOT00065605,2024-02-23,electrical,minor,11,operator_error,rework,2024-03-11,265.84
NC000000707,NC-2026-0000707,production_order,PRD000010357,P000016,LOT00149124,2025-12-17,electrical,major,1,supplier_material,use_as_is,2026-01-06,176.57
NC000000708,NC-2026-0000708,production_order,PRD000010365,P000807,LOT00023751,2025-04-13,functional,critical,7,machine_setting,use_as_is,2025-04-22,1254.86
NC000000709,NC-2026-0000709,production_order,PRD000010382,P000274,LOT00006591,2025-12-21,surface_finish,critical,5,machine_setting,scrap,2026-01-01,617.81
NC000000710,NC-2026-0000710,production_order,PRD000010405,P000927,LOT00154538,2025-12-31,functional,major,3,machine_setting,use_as_is,2026-01-08,112.77
NC000000711,NC-2026-0000711,production_order,PRD000010466,P000646,LOT00243768,2024-01-23,packaging,major,2,supplier_material,rework,2024-02-16,263.07
NC000000712,NC-2026-0000712,production_order,PRD000010497,P000241,LOT00119096,2026-05-22,surface_finish,major,7,machine_setting,rework,2026-06-03,197.77
NC000000713,NC-2026-0000713,production_order,PRD000010498,P000119,LOT00025132,2025-10-16,dimensional,critical,5,design_tolerance,scrap,2025-10-27,401.36
NC000000714,NC-2026-0000714,production_order,PRD000010500,P000855,LOT00013411,2025-07-31,surface_finish,major,1,operator_error,use_as_is,2025-08-20,59.08
NC000000715,NC-2026-0000715,production_order,PRD000010520,P000695,LOT00041784,2024-12-16,electrical,minor,3,machine_setting,rework,2024-12-20,142.63
NC000000716,NC-2026-0000716,production_order,PRD000010531,P000427,LOT00014899,2025-06-14,surface_finish,minor,5,supplier_material,use_as_is,2025-07-08,394.09
NC000000717,NC-2026-0000717,production_order,PRD000010533,P000332,LOT00173168,2026-08-06,functional,major,2,process_variation,scrap,2026-09-02,281.52
NC000000718,NC-2026-0000718,production_order,PRD000010544,P000848,LOT00144856,2024-11-20,electrical,major,5,machine_setting,rework,2024-11-23,444.07
NC000000719,NC-2026-0000719,production_order,PRD000010584,P000652,LOT00112080,2025-03-11,dimensional,major,14,process_variation,scrap,2025-04-06,863.46
NC000000720,NC-2026-0000720,production_order,PRD000010602,P000684,LOT00100045,2024-12-19,electrical,minor,4,machine_setting,rework,2025-01-07,1679.89
NC000000721,NC-2026-0000721,production_order,PRD000010610,P000588,LOT00074505,2025-05-19,electrical,minor,2,design_tolerance,return_to_supplier,2025-06-05,81.99
NC000000722,NC-2026-0000722,production_order,PRD000010626,P000109,LOT00029137,2025-12-13,functional,minor,1,supplier_material,scrap,2026-01-12,34.6
NC000000723,NC-2026-0000723,production_order,PRD000010634,P000611,LOT00181708,2025-04-13,dimensional,minor,3,supplier_material,rework,2025-05-07,296.51
NC000000724,NC-2026-0000724,production_order,PRD000010680,P000830,LOT00020440,2026-08-13,surface_finish,minor,3,supplier_material,rework,2026-08-27,64.22
NC000000725,NC-2026-0000725,production_order,PRD000010713,P000053,LOT00135892,2025-09-01,dimensional,major,8,process_variation,rework,2025-09-29,813.41
NC000000726,NC-2026-0000726,production_order,PRD000010737,P000209,LOT00059089,2026-03-25,functional,major,3,process_variation,use_as_is,2026-04-19,424.26
NC000000727,NC-2026-0000727,production_order,PRD000010753,P000458,LOT00026241,2025-12-08,dimensional,critical,4,process_variation,scrap,2026-01-07,109.01
NC000000728,NC-2026-0000728,production_order,PRD000010796,P000261,LOT00028624,2025-12-04,functional,major,5,design_tolerance,rework,2025-12-15,62.15
NC000000729,NC-2026-0000729,production_order,PRD000010806,P000084,LOT00046039,2026-01-11,functional,minor,3,process_variation,return_to_supplier,2026-02-05,189.44
NC000000730,NC-2026-0000730,production_order,PRD000010808,P000758,LOT00186582,2025-04-01,electrical,minor,1,operator_error,rework,2025-04-22,0.0
NC000000731,NC-2026-0000731,production_order,PRD000010810,P000006,LOT00126202,2024-04-01,packaging,minor,2,operator_error,scrap,2024-04-21,106.38
NC000000732,NC-2026-0000732,production_order,PRD000010817,P000613,LOT00210676,2026-01-19,packaging,minor,9,machine_setting,scrap,2026-02-18,130.25
NC000000733,NC-2026-0000733,production_order,PRD000010825,P000523,LOT00016517,2025-10-31,surface_finish,critical,4,operator_error,return_to_supplier,2025-11-13,232.23
NC000000734,NC-2026-0000734,production_order,PRD000010828,P000165,LOT00202563,2025-11-04,electrical,minor,9,supplier_material,scrap,2025-11-28,628.12
NC000000735,NC-2026-0000735,production_order,PRD000010887,P000479,LOT00148565,2024-02-26,packaging,major,3,process_variation,use_as_is,2024-03-05,242.82
NC000000736,NC-2026-0000736,production_order,PRD000010890,P000910,LOT00118700,2024-02-10,surface_finish,critical,11,process_variation,scrap,2024-03-11,568.41
NC000000737,NC-2026-0000737,production_order,PRD000010913,P000141,LOT00222462,2026-08-11,dimensional,minor,11,supplier_material,scrap,2026-08-15,143.56
NC000000738,NC-2026-0000738,production_order,PRD000010918,P000400,LOT00231714,2025-07-31,packaging,minor,2,operator_error,scrap,2025-08-20,319.61
NC000000739,NC-2026-0000739,production_order,PRD000010937,P000305,LOT00193112,2024-03-16,dimensional,minor,12,process_variation,scrap,2024-03-25,643.87
NC000000740,NC-2026-0000740,production_order,PRD000010943,P000090,LOT00196369,2025-12-20,functional,minor,1,operator_error,use_as_is,2026-01-04,75.06
NC000000741,NC-2026-0000741,production_order,PRD000010952,P000914,LOT00088370,2026-01-09,functional,minor,3,machine_setting,scrap,2026-01-12,273.87
NC000000742,NC-2026-0000742,production_order,PRD000010957,P000526,LOT00229450,2026-04-24,dimensional,minor,14,process_variation,use_as_is,2026-05-09,669.43
NC000000743,NC-2026-0000743,production_order,PRD000010964,P000630,LOT00133746,2025-11-18,surface_finish,minor,2,process_variation,scrap,2025-12-05,196.67
NC000000744,NC-2026-0000744,production_order,PRD000010988,P000189,LOT00115120,2024-08-09,surface_finish,critical,1,operator_error,return_to_supplier,2024-08-14,40.28
NC000000745,NC-2026-0000745,production_order,PRD000010995,P000361,LOT00030674,2026-08-03,electrical,major,1,machine_setting,use_as_is,2026-08-31,8.7
NC000000746,NC-2026-0000746,production_order,PRD000011039,P000320,LOT00070926,2024-10-05,packaging,minor,4,process_variation,scrap,2024-10-20,537.47
NC000000747,NC-2026-0000747,production_order,PRD000011057,P000400,LOT00141446,2024-06-14,functional,major,13,operator_error,rework,2024-06-16,1765.36
NC000000748,NC-2026-0000748,production_order,PRD000011073,P000724,LOT00092991,2024-06-10,surface_finish,minor,11,supplier_material,return_to_supplier,2024-06-24,803.93
NC000000749,NC-2026-0000749,production_order,PRD000011082,P000124,LOT00209489,2026-03-25,dimensional,minor,2,design_tolerance,rework,2026-04-23,104.91
NC000000750,NC-2026-0000750,production_order,PRD000011090,P000197,LOT00023232,2024-06-27,dimensional,major,4,machine_setting,rework,2024-07-16,240.54
NC000000751,NC-2026-0000751,production_order,PRD000011093,P000270,LOT00218919,2026-05-19,dimensional,minor,1,process_variation,rework,2026-06-05,53.18
NC000000752,NC-2026-0000752,production_order,PRD000011102,P000252,LOT00234971,2024-06-26,functional,minor,6,process_variation,scrap,2024-07-08,393.33
NC000000753,NC-2026-0000753,production_order,PRD000011117,P000017,LOT00149875,2024-07-10,electrical,minor,6,process_variation,rework,2024-07-31,166.54
NC000000754,NC-2026-0000754,production_order,PRD000011131,P000202,LOT00146519,2024-07-17,electrical,major,1,supplier_material,scrap,2024-08-16,72.65
NC000000755,NC-2026-0000755,production_order,PRD000011134,P000716,LOT00029157,2024-02-03,electrical,critical,3,supplier_material,scrap,2024-02-12,288.33
NC000000756,NC-2026-0000756,production_order,PRD000011137,P000595,LOT00019696,2025-03-06,packaging,minor,2,machine_setting,rework,2025-03-31,93.47
NC000000757,NC-2026-0000757,production_order,PRD000011146,P000266,LOT00016797,2024-10-09,packaging,major,5,operator_error,rework,2024-10-23,521.45
NC000000758,NC-2026-0000758,production_order,PRD000011159,P000896,LOT00075321,2025-03-16,packaging,minor,1,process_variation,rework,2025-04-09,42.48
NC000000759,NC-2026-0000759,production_order,PRD000011162,P000892,LOT00077363,2024-04-19,functional,minor,9,process_variation,rework,2024-05-18,351.24
NC000000760,NC-2026-0000760,production_order,PRD000011163,P000913,LOT00050394,2025-03-13,functional,major,2,machine_setting,rework,2025-04-10,200.72
NC000000761,NC-2026-0000761,production_order,PRD000011172,P000384,LOT00128682,2025-06-02,functional,minor,2,design_tolerance,rework,2025-07-01,273.34
NC000000762,NC-2026-0000762,production_order,PRD000011175,P000638,LOT00125489,2024-03-28,surface_finish,minor,5,operator_error,rework,2024-04-02,273.3
NC000000763,NC-2026-0000763,production_order,PRD000011176,P000932,LOT00058642,2024-10-27,electrical,minor,1,process_variation,return_to_supplier,2024-11-11,209.03
NC000000764,NC-2026-0000764,production_order,PRD000011183,P000181,LOT00230228,2024-07-14,functional,major,2,supplier_material,scrap,2024-08-13,123.3
NC000000765,NC-2026-0000765,production_order,PRD000011192,P000809,LOT00153226,2025-11-08,electrical,minor,9,supplier_material,use_as_is,2025-11-27,807.28
NC000000766,NC-2026-0000766,production_order,PRD000011201,P000653,LOT00082658,2025-06-08,functional,major,3,process_variation,rework,2025-07-02,90.37
NC000000767,NC-2026-0000767,production_order,PRD000011215,P000213,LOT00035045,2025-06-15,functional,major,3,process_variation,scrap,2025-07-06,191.56
NC000000768,NC-2026-0000768,production_order,PRD000011232,P000904,LOT00231399,2024-08-22,dimensional,minor,2,supplier_material,scrap,2024-08-25,367.5
NC000000769,NC-2026-0000769,production_order,PRD000011242,P000880,LOT00048852,2024-08-22,functional,minor,3,process_variation,return_to_supplier,2024-09-13,313.77
NC000000770,NC-2026-0000770,production_order,PRD000011263,P000772,LOT00139379,2026-03-17,functional,major,7,supplier_material,return_to_supplier,2026-03-26,585.41
NC000000771,NC-2026-0000771,production_order,PRD000011274,P000414,LOT00130251,2025-06-29,dimensional,minor,9,machine_setting,scrap,2025-07-23,408.3
NC000000772,NC-2026-0000772,production_order,PRD000011284,P000364,LOT00012432,2025-10-20,dimensional,minor,6,supplier_material,rework,2025-11-14,207.51
NC000000773,NC-2026-0000773,production_order,PRD000011299,P000886,LOT00061053,2024-11-30,dimensional,critical,12,design_tolerance,use_as_is,2024-12-27,330.38
NC000000774,NC-2026-0000774,production_order,PRD000011303,P000478,LOT00144828,2025-03-26,functional,minor,2,machine_setting,return_to_supplier,2025-04-06,66.4
NC000000775,NC-2026-0000775,production_order,PRD000011304,P000007,LOT00191126,2024-05-20,dimensional,minor,2,operator_error,return_to_supplier,2024-06-01,257.41
NC000000776,NC-2026-0000776,production_order,PRD000011315,P000048,LOT00088140,2026-04-07,electrical,minor,6,process_variation,return_to_supplier,2026-05-03,357.73
NC000000777,NC-2026-0000777,production_order,PRD000011335,P000094,LOT00247374,2024-11-21,electrical,minor,1,process_variation,scrap,2024-12-16,0.0
NC000000778,NC-2026-0000778,production_order,PRD000011342,P000486,LOT00151260,2024-03-29,electrical,major,1,machine_setting,scrap,2024-03-31,56.76
NC000000779,NC-2026-0000779,production_order,PRD000011355,P000865,LOT00232104,2024-09-12,surface_finish,minor,3,process_variation,use_as_is,2024-10-01,62.96
NC000000780,NC-2026-0000780,production_order,PRD000011370,P000380,LOT00128253,2024-10-28,surface_finish,minor,2,supplier_material,return_to_supplier,2024-11-05,61.57
NC000000781,NC-2026-0000781,production_order,PRD000011371,P000712,LOT00156952,2026-07-12,dimensional,minor,13,machine_setting,return_to_supplier,2026-07-30,1465.77
NC000000782,NC-2026-0000782,production_order,PRD000011373,P000509,LOT00177976,2026-07-18,functional,critical,13,process_variation,rework,2026-08-16,1209.19
NC000000783,NC-2026-0000783,production_order,PRD000011383,P000881,LOT00080966,2024-10-26,functional,minor,1,supplier_material,scrap,2024-11-23,66.21
NC000000784,NC-2026-0000784,production_order,PRD000011385,P000448,LOT00083855,2025-01-03,functional,major,9,operator_error,use_as_is,2025-01-27,607.87
NC000000785,NC-2026-0000785,production_order,PRD000011396,P000323,LOT00211501,2025-11-09,functional,minor,12,operator_error,scrap,2025-12-07,801.03
NC000000786,NC-2026-0000786,production_order,PRD000011401,P000309,LOT00231220,2024-06-24,functional,major,4,supplier_material,use_as_is,2024-07-23,109.01
NC000000787,NC-2026-0000787,production_order,PRD000011403,P000877,LOT00070149,2025-08-13,packaging,minor,11,machine_setting,rework,2025-09-11,312.59
NC000000788,NC-2026-0000788,production_order,PRD000011430,P000177,LOT00127751,2025-03-28,surface_finish,minor,3,machine_setting,rework,2025-04-13,82.75
NC000000789,NC-2026-0000789,production_order,PRD000011448,P000637,LOT00124847,2024-07-07,electrical,minor,1,process_variation,rework,2024-08-05,36.63
NC000000790,NC-2026-0000790,production_order,PRD000011449,P000027,LOT00099731,2025-11-06,surface_finish,minor,3,process_variation,return_to_supplier,2025-11-30,268.25
NC000000791,NC-2026-0000791,production_order,PRD000011481,P000109,LOT00192579,2025-12-11,dimensional,major,1,operator_error,rework,2026-01-02,26.3
NC000000792,NC-2026-0000792,production_order,PRD000011485,P000430,LOT00159478,2025-02-14,dimensional,minor,12,supplier_material,scrap,2025-02-26,538.24
NC000000793,NC-2026-0000793,production_order,PRD000011495,P000036,LOT00206435,2025-01-29,dimensional,minor,13,machine_setting,rework,2025-02-19,339.37
NC000000794,NC-2026-0000794,production_order,PRD000011508,P000449,LOT00180645,2026-03-24,surface_finish,major,5,process_variation,rework,2026-04-07,926.2
NC000000795,NC-2026-0000795,production_order,PRD000011511,P000620,LOT00004952,2024-09-13,functional,minor,10,machine_setting,rework,2024-09-29,910.76
NC000000796,NC-2026-0000796,production_order,PRD000011588,P000718,LOT00092892,2025-10-10,packaging,minor,7,supplier_material,rework,2025-11-07,859.26
NC000000797,NC-2026-0000797,production_order,PRD000011591,P000436,LOT00113721,2025-06-26,functional,minor,2,machine_setting,scrap,2025-07-15,53.11
NC000000798,NC-2026-0000798,production_order,PRD000011601,P000719,LOT00114214,2025-02-24,dimensional,minor,3,operator_error,rework,2025-03-20,153.13
NC000000799,NC-2026-0000799,production_order,PRD000011612,P000534,LOT00146476,2024-04-08,electrical,major,6,design_tolerance,return_to_supplier,2024-04-17,367.45
NC000000800,NC-2026-0000800,production_order,PRD000011617,P000907,LOT00142295,2026-02-26,electrical,minor,14,process_variation,use_as_is,2026-03-03,1491.33
NC000000801,NC-2026-0000801,production_order,PRD000011636,P000502,LOT00193702,2024-05-17,surface_finish,major,8,operator_error,rework,2024-05-29,487.93
NC000000802,NC-2026-0000802,production_order,PRD000011672,P000290,LOT00127985,2024-03-24,functional,critical,10,supplier_material,use_as_is,2024-03-27,1429.68
NC000000803,NC-2026-0000803,production_order,PRD000011676,P000428,LOT00014725,2025-02-26,functional,major,2,machine_setting,rework,2025-03-26,85.7
NC000000804,NC-2026-0000804,production_order,PRD000011678,P000803,LOT00021620,2024-02-04,dimensional,critical,6,machine_setting,return_to_supplier,2024-02-15,178.28
NC000000805,NC-2026-0000805,production_order,PRD000011691,P000915,LOT00070550,2024-11-16,surface_finish,major,1,supplier_material,rework,2024-11-20,347.13
NC000000806,NC-2026-0000806,production_order,PRD000011713,P000926,LOT00185921,2026-06-10,dimensional,major,1,machine_setting,use_as_is,2026-06-18,31.54
NC000000807,NC-2026-0000807,production_order,PRD000011724,P000386,LOT00008845,2026-01-17,packaging,major,3,machine_setting,return_to_supplier,2026-01-20,129.79
NC000000808,NC-2026-0000808,production_order,PRD000011727,P000306,LOT00196522,2025-06-23,surface_finish,major,3,process_variation,rework,2025-07-21,1071.61
NC000000809,NC-2026-0000809,production_order,PRD000011738,P000260,LOT00155030,2025-04-16,surface_finish,minor,5,design_tolerance,use_as_is,2025-04-26,449.07
NC000000810,NC-2026-0000810,production_order,PRD000011783,P000103,LOT00112153,2026-05-12,surface_finish,critical,12,design_tolerance,rework,2026-06-02,563.51
NC000000811,NC-2026-0000811,production_order,PRD000011817,P000187,LOT00040854,2026-04-10,electrical,minor,12,process_variation,scrap,2026-04-15,1022.9
NC000000812,NC-2026-0000812,production_order,PRD000011819,P000085,LOT00065619,2024-08-18,packaging,critical,14,operator_error,scrap,2024-09-11,292.78
NC000000813,NC-2026-0000813,production_order,PRD000011827,P000109,LOT00239490,2024-07-03,packaging,minor,3,machine_setting,rework,2024-07-10,69.57
NC000000814,NC-2026-0000814,production_order,PRD000011864,P000636,LOT00225597,2024-02-29,surface_finish,major,10,design_tolerance,rework,2024-03-15,338.98
NC000000815,NC-2026-0000815,production_order,PRD000011877,P000056,LOT00010593,2024-04-24,packaging,major,6,supplier_material,rework,2024-04-26,129.15
NC000000816,NC-2026-0000816,production_order,PRD000011941,P000722,LOT00007635,2024-05-20,dimensional,major,3,machine_setting,scrap,2024-06-19,150.64
NC000000817,NC-2026-0000817,production_order,PRD000011946,P000706,LOT00185243,2025-08-17,surface_finish,major,1,supplier_material,scrap,2025-09-12,107.73
NC000000818,NC-2026-0000818,production_order,PRD000011952,P000136,LOT00128780,2025-08-02,functional,minor,3,process_variation,scrap,2025-08-11,918.48
NC000000819,NC-2026-0000819,production_order,PRD000011972,P000679,LOT00063586,2025-05-22,dimensional,minor,1,process_variation,return_to_supplier,2025-05-29,50.55
NC000000820,NC-2026-0000820,production_order,PRD000011973,P000386,LOT00063071,2024-10-17,packaging,major,5,process_variation,use_as_is,2024-10-26,911.88
NC000000821,NC-2026-0000821,production_order,PRD000011992,P000873,LOT00076350,2026-05-29,functional,minor,9,process_variation,rework,2026-06-17,496.65
NC000000822,NC-2026-0000822,production_order,PRD000011995,P000798,LOT00239676,2025-03-29,surface_finish,minor,6,supplier_material,return_to_supplier,2025-04-25,892.45
NC000000823,NC-2026-0000823,production_order,PRD000012013,P000575,LOT00033739,2025-05-25,packaging,minor,14,machine_setting,return_to_supplier,2025-06-16,1144.73
NC000000824,NC-2026-0000824,production_order,PRD000012022,P000872,LOT00108553,2025-05-02,functional,major,1,process_variation,rework,2025-05-07,152.64
NC000000825,NC-2026-0000825,production_order,PRD000012062,P000752,LOT00209136,2024-09-24,surface_finish,critical,1,design_tolerance,use_as_is,2024-10-13,15.56
NC000000826,NC-2026-0000826,production_order,PRD000012075,P000353,LOT00048859,2026-09-02,functional,minor,2,machine_setting,return_to_supplier,2026-09-13,100.78
NC000000827,NC-2026-0000827,production_order,PRD000012094,P000309,LOT00072218,2026-06-24,surface_finish,critical,11,machine_setting,scrap,2026-07-19,380.17
NC000000828,NC-2026-0000828,production_order,PRD000012109,P000358,LOT00152224,2024-11-04,functional,critical,2,machine_setting,use_as_is,2024-11-23,239.63
NC000000829,NC-2026-0000829,production_order,PRD000012151,P000505,LOT00109117,2024-04-04,dimensional,minor,1,process_variation,rework,2024-04-14,13.67
NC000000830,NC-2026-0000830,production_order,PRD000012153,P000207,LOT00179246,2024-02-22,electrical,minor,10,process_variation,rework,2024-02-25,479.44
NC000000831,NC-2026-0000831,production_order,PRD000012183,P000448,LOT00168517,2025-08-03,electrical,minor,13,supplier_material,scrap,2025-08-14,565.06
NC000000832,NC-2026-0000832,production_order,PRD000012214,P000481,LOT00013142,2025-02-23,electrical,major,8,design_tolerance,rework,2025-03-04,71.68
NC000000833,NC-2026-0000833,production_order,PRD000012246,P000833,LOT00082374,2025-02-02,packaging,major,11,operator_error,return_to_supplier,2025-02-23,93.26
NC000000834,NC-2026-0000834,production_order,PRD000012253,P000164,LOT00179258,2025-08-31,electrical,major,2,operator_error,scrap,2025-09-17,26.96
NC000000835,NC-2026-0000835,production_order,PRD000012302,P000200,LOT00058397,2026-08-01,electrical,minor,2,machine_setting,return_to_supplier,2026-08-18,117.52
NC000000836,NC-2026-0000836,production_order,PRD000012323,P000926,LOT00215372,2024-09-10,electrical,major,10,operator_error,return_to_supplier,2024-09-30,215.19
NC000000837,NC-2026-0000837,production_order,PRD000012335,P000097,LOT00221954,2025-08-04,packaging,critical,6,process_variation,use_as_is,2025-08-28,565.19
NC000000838,NC-2026-0000838,production_order,PRD000012352,P000694,LOT00084220,2025-03-02,dimensional,major,3,process_variation,use_as_is,2025-03-11,279.99
NC000000839,NC-2026-0000839,production_order,PRD000012357,P000534,LOT00022249,2025-09-30,packaging,major,5,operator_error,rework,2025-10-17,332.4
NC000000840,NC-2026-0000840,production_order,PRD000012393,P000355,LOT00028761,2025-03-23,packaging,minor,13,process_variation,scrap,2025-03-29,246.07
NC000000841,NC-2026-0000841,production_order,PRD000012401,P000576,LOT00114301,2026-02-15,packaging,critical,3,machine_setting,use_as_is,2026-02-20,260.19
NC000000842,NC-2026-0000842,production_order,PRD000012405,P000487,LOT00199639,2025-06-28,surface_finish,critical,11,machine_setting,use_as_is,2025-07-27,710.23
NC000000843,NC-2026-0000843,production_order,PRD000012449,P000465,LOT00032661,2024-11-21,surface_finish,major,1,operator_error,rework,2024-12-09,0.0
NC000000844,NC-2026-0000844,production_order,PRD000012489,P000602,LOT00239891,2026-08-16,electrical,minor,10,supplier_material,rework,2026-08-24,1450.89
NC000000845,NC-2026-0000845,production_order,PRD000012512,P000663,LOT00039333,2024-02-10,functional,minor,5,supplier_material,use_as_is,2024-03-03,169.14
NC000000846,NC-2026-0000846,production_order,PRD000012516,P000814,LOT00178023,2026-04-05,functional,minor,6,process_variation,use_as_is,2026-04-10,283.02
NC000000847,NC-2026-0000847,production_order,PRD000012527,P000375,LOT00053384,2026-06-01,surface_finish,minor,2,design_tolerance,scrap,2026-06-06,833.13
NC000000848,NC-2026-0000848,production_order,PRD000012540,P000384,LOT00245657,2026-03-04,functional,major,13,process_variation,return_to_supplier,2026-03-10,2155.59
NC000000849,NC-2026-0000849,production_order,PRD000012552,P000089,LOT00101484,2026-07-01,functional,minor,2,design_tolerance,rework,2026-07-08,196.26
NC000000850,NC-2026-0000850,production_order,PRD000012553,P000399,LOT00023580,2025-06-12,surface_finish,minor,4,process_variation,return_to_supplier,2025-06-30,152.35
NC000000851,NC-2026-0000851,production_order,PRD000012577,P000541,LOT00174408,2026-05-30,functional,major,3,machine_setting,scrap,2026-06-05,927.13
NC000000852,NC-2026-0000852,production_order,PRD000012586,P000277,LOT00147653,2025-03-01,dimensional,minor,6,supplier_material,scrap,2025-03-19,39.93
NC000000853,NC-2026-0000853,production_order,PRD000012591,P000195,LOT00236236,2024-12-03,surface_finish,minor,3,machine_setting,rework,2024-12-09,417.79
NC000000854,NC-2026-0000854,production_order,PRD000012592,P000040,LOT00099718,2024-03-20,dimensional,minor,4,design_tolerance,scrap,2024-04-19,449.94
NC000000855,NC-2026-0000855,production_order,PRD000012611,P000565,LOT00027318,2026-04-20,dimensional,minor,4,supplier_material,rework,2026-05-07,1345.04
NC000000856,NC-2026-0000856,production_order,PRD000012612,P000124,LOT00241260,2026-09-17,packaging,minor,2,process_variation,return_to_supplier,2026-10-08,230.79
NC000000857,NC-2026-0000857,production_order,PRD000012622,P000793,LOT00066804,2025-06-26,packaging,major,4,operator_error,scrap,2025-07-22,466.86
NC000000858,NC-2026-0000858,production_order,PRD000012627,P000281,LOT00125249,2024-05-22,electrical,major,7,machine_setting,use_as_is,2024-05-31,315.33
NC000000859,NC-2026-0000859,production_order,PRD000012638,P000082,LOT00236404,2026-06-02,dimensional,critical,14,supplier_material,rework,2026-06-10,2901.09
NC000000860,NC-2026-0000860,production_order,PRD000012659,P000560,LOT00149029,2025-05-08,surface_finish,major,1,machine_setting,rework,2025-05-15,33.3
NC000000861,NC-2026-0000861,production_order,PRD000012715,P000475,LOT00156109,2024-06-02,dimensional,major,1,process_variation,use_as_is,2024-06-27,336.68
NC000000862,NC-2026-0000862,production_order,PRD000012752,P000520,LOT00166850,2025-12-13,dimensional,critical,5,operator_error,rework,2026-01-12,623.94
NC000000863,NC-2026-0000863,production_order,PRD000012753,P000357,LOT00222180,2024-07-18,functional,major,2,operator_error,rework,2024-08-12,108.04
NC000000864,NC-2026-0000864,production_order,PRD000012766,P000868,LOT00112508,2026-04-13,functional,minor,3,operator_error,scrap,2026-05-11,361.35
NC000000865,NC-2026-0000865,production_order,PRD000012775,P000368,LOT00249498,2024-04-28,packaging,critical,2,process_variation,scrap,2024-05-25,264.23
NC000000866,NC-2026-0000866,production_order,PRD000012782,P000590,LOT00191426,2025-11-26,surface_finish,major,2,process_variation,rework,2025-12-04,143.45
NC000000867,NC-2026-0000867,production_order,PRD000012791,P000823,LOT00175864,2025-04-23,electrical,major,1,process_variation,rework,2025-05-04,341.69
NC000000868,NC-2026-0000868,production_order,PRD000012797,P000012,LOT00095020,2024-02-23,functional,minor,5,supplier_material,rework,2024-02-27,390.81
NC000000869,NC-2026-0000869,production_order,PRD000012811,P000270,LOT00065423,2024-03-03,packaging,critical,6,design_tolerance,rework,2024-03-05,190.89
NC000000870,NC-2026-0000870,production_order,PRD000012840,P000232,LOT00178894,2024-02-13,functional,minor,1,design_tolerance,return_to_supplier,2024-03-12,84.9
NC000000871,NC-2026-0000871,production_order,PRD000012843,P000938,LOT00188553,2024-06-04,electrical,critical,6,design_tolerance,rework,2024-06-06,1247.2
NC000000872,NC-2026-0000872,production_order,PRD000012847,P000373,LOT00051254,2025-09-20,electrical,major,1,machine_setting,scrap,2025-10-20,54.08
NC000000873,NC-2026-0000873,production_order,PRD000012849,P000009,LOT00073961,2024-04-11,electrical,minor,3,machine_setting,use_as_is,2024-04-24,230.93
NC000000874,NC-2026-0000874,production_order,PRD000012870,P000220,LOT00000040,2025-06-15,functional,major,1,machine_setting,return_to_supplier,2025-06-27,299.1
NC000000875,NC-2026-0000875,production_order,PRD000012891,P000015,LOT00032711,2024-05-13,dimensional,minor,2,design_tolerance,rework,2024-06-10,1026.14
NC000000876,NC-2026-0000876,production_order,PRD000012905,P000006,LOT00231274,2025-07-28,functional,major,4,operator_error,return_to_supplier,2025-08-25,105.74
NC000000877,NC-2026-0000877,production_order,PRD000012910,P000634,LOT00160005,2024-06-30,dimensional,critical,12,design_tolerance,rework,2024-07-16,319.25
NC000000878,NC-2026-0000878,production_order,PRD000012917,P000919,LOT00049356,2025-05-11,functional,minor,5,process_variation,rework,2025-05-22,68.49
NC000000879,NC-2026-0000879,production_order,PRD000012921,P000927,LOT00161090,2026-01-01,functional,minor,1,machine_setting,use_as_is,2026-01-30,16.14
NC000000880,NC-2026-0000880,production_order,PRD000012935,P000945,LOT00209825,2026-08-06,functional,minor,1,supplier_material,scrap,2026-08-27,0.0
NC000000881,NC-2026-0000881,production_order,PRD000013015,P000304,LOT00052375,2025-06-25,surface_finish,minor,2,machine_setting,rework,2025-07-07,77.4
NC000000882,NC-2026-0000882,production_order,PRD000013021,P000129,LOT00216938,2024-10-26,functional,major,5,design_tolerance,rework,2024-11-15,205.65
NC000000883,NC-2026-0000883,production_order,PRD000013061,P000262,LOT00066092,2025-06-16,surface_finish,minor,1,machine_setting,scrap,2025-06-30,0.0
NC000000884,NC-2026-0000884,production_order,PRD000013109,P000040,LOT00077922,2025-09-19,functional,minor,4,machine_setting,rework,2025-10-17,432.05
NC000000885,NC-2026-0000885,production_order,PRD000013119,P000269,LOT00007329,2026-09-25,packaging,minor,6,supplier_material,scrap,2026-10-08,499.08
NC000000886,NC-2026-0000886,production_order,PRD000013145,P000424,LOT00100369,2024-09-25,functional,critical,7,design_tolerance,rework,2024-10-20,146.9
NC000000887,NC-2026-0000887,production_order,PRD000013166,P000225,LOT00077799,2025-01-06,dimensional,major,2,operator_error,rework,2025-01-23,250.26
NC000000888,NC-2026-0000888,production_order,PRD000013182,P000441,LOT00150946,2026-01-26,dimensional,major,4,design_tolerance,use_as_is,2026-02-21,96.43
NC000000889,NC-2026-0000889,production_order,PRD000013185,P000337,LOT00167304,2024-07-12,dimensional,major,2,operator_error,rework,2024-07-14,36.31
NC000000890,NC-2026-0000890,production_order,PRD000013191,P000609,LOT00031149,2025-09-03,functional,major,2,supplier_material,scrap,2025-09-06,208.32
NC000000891,NC-2026-0000891,production_order,PRD000013229,P000648,LOT00052859,2025-04-22,electrical,major,2,process_variation,scrap,2025-05-18,101.2
NC000000892,NC-2026-0000892,production_order,PRD000013232,P000242,LOT00098501,2026-04-19,dimensional,minor,2,process_variation,use_as_is,2026-05-05,200.1
NC000000893,NC-2026-0000893,production_order,PRD000013279,P000660,LOT00040249,2026-07-16,electrical,major,5,machine_setting,rework,2026-07-18,488.86
NC000000894,NC-2026-0000894,production_order,PRD000013299,P000426,LOT00144981,2024-06-21,surface_finish,major,1,machine_setting,use_as_is,2024-07-21,43.06
NC000000895,NC-2026-0000895,production_order,PRD000013309,P000115,LOT00017042,2025-12-30,dimensional,major,1,process_variation,return_to_supplier,2026-01-27,7.39
NC000000896,NC-2026-0000896,production_order,PRD000013316,P000007,LOT00139394,2026-03-29,dimensional,critical,9,operator_error,return_to_supplier,2026-04-14,614.84
NC000000897,NC-2026-0000897,production_order,PRD000013334,P000849,LOT00129370,2026-06-08,surface_finish,critical,3,process_variation,rework,2026-06-14,355.72
NC000000898,NC-2026-0000898,production_order,PRD000013345,P000630,LOT00143069,2025-08-30,dimensional,minor,2,supplier_material,rework,2025-09-28,175.42
NC000000899,NC-2026-0000899,production_order,PRD000013355,P000254,LOT00227709,2025-01-25,functional,major,5,operator_error,use_as_is,2025-02-24,576.33
NC000000900,NC-2026-0000900,production_order,PRD000013370,P000384,LOT00058638,2024-07-03,dimensional,minor,9,process_variation,return_to_supplier,2024-07-19,1253.18
NC000000901,NC-2026-0000901,production_order,PRD000013379,P000549,LOT00119274,2026-03-14,surface_finish,minor,6,machine_setting,rework,2026-04-09,334.12
NC000000902,NC-2026-0000902,production_order,PRD000013398,P000361,LOT00112215,2026-06-09,dimensional,minor,2,machine_setting,rework,2026-07-09,47.71
NC000000903,NC-2026-0000903,production_order,PRD000013458,P000514,LOT00167692,2025-08-15,functional,major,12,process_variation,scrap,2025-08-30,935.76
NC000000904,NC-2026-0000904,production_order,PRD000013471,P000882,LOT00035959,2025-11-22,functional,critical,4,process_variation,return_to_supplier,2025-12-07,212.78
NC000000905,NC-2026-0000905,production_order,PRD000013481,P000838,LOT00094579,2026-01-08,dimensional,major,1,supplier_material,rework,2026-01-16,91.61
NC000000906,NC-2026-0000906,production_order,PRD000013488,P000449,LOT00016928,2024-09-24,surface_finish,minor,8,machine_setting,use_as_is,2024-10-19,657.31
NC000000907,NC-2026-0000907,production_order,PRD000013489,P000396,LOT00096515,2026-07-21,surface_finish,major,4,process_variation,scrap,2026-08-11,614.7
NC000000908,NC-2026-0000908,production_order,PRD000013506,P000009,LOT00237112,2024-11-28,dimensional,minor,4,supplier_material,return_to_supplier,2024-12-21,328.46
NC000000909,NC-2026-0000909,production_order,PRD000013517,P000171,LOT00069286,2024-09-08,packaging,minor,1,design_tolerance,use_as_is,2024-09-30,184.75
NC000000910,NC-2026-0000910,production_order,PRD000013566,P000171,LOT00173769,2025-02-17,dimensional,minor,7,design_tolerance,rework,2025-03-18,1168.89
NC000000911,NC-2026-0000911,production_order,PRD000013670,P000904,LOT00181103,2026-04-21,surface_finish,minor,5,operator_error,use_as_is,2026-05-18,550.22
NC000000912,NC-2026-0000912,production_order,PRD000013680,P000197,LOT00243877,2026-05-24,electrical,minor,1,process_variation,return_to_supplier,2026-06-11,124.14
NC000000913,NC-2026-0000913,production_order,PRD000013689,P000371,LOT00229908,2024-03-23,dimensional,minor,1,process_variation,use_as_is,2024-04-14,68.2
NC000000914,NC-2026-0000914,production_order,PRD000013709,P000398,LOT00082790,2025-10-20,electrical,major,2,process_variation,rework,2025-11-05,369.03
NC000000915,NC-2026-0000915,production_order,PRD000013730,P000825,LOT00035112,2025-07-06,dimensional,major,1,process_variation,scrap,2025-07-19,16.38
NC000000916,NC-2026-0000916,production_order,PRD000013735,P000323,LOT00007693,2026-02-15,functional,minor,10,machine_setting,rework,2026-02-20,580.03
NC000000917,NC-2026-0000917,production_order,PRD000013761,P000459,LOT00033141,2025-08-05,dimensional,minor,2,process_variation,scrap,2025-08-29,23.19
NC000000918,NC-2026-0000918,production_order,PRD000013767,P000889,LOT00127324,2025-05-25,dimensional,minor,4,operator_error,return_to_supplier,2025-06-14,203.29
NC000000919,NC-2026-0000919,production_order,PRD000013791,P000308,LOT00030002,2024-10-09,electrical,major,7,machine_setting,return_to_supplier,2024-11-01,1218.32
NC000000920,NC-2026-0000920,production_order,PRD000013818,P000368,LOT00080925,2024-01-20,functional,major,3,operator_error,rework,2024-01-28,197.82
NC000000921,NC-2026-0000921,production_order,PRD000013820,P000554,LOT00114642,2026-07-23,dimensional,minor,5,process_variation,return_to_supplier,2026-08-09,678.78
NC000000922,NC-2026-0000922,production_order,PRD000013826,P000564,LOT00168612,2026-09-13,electrical,major,1,process_variation,return_to_supplier,2026-09-29,40.68
NC000000923,NC-2026-0000923,production_order,PRD000013828,P000549,LOT00200413,2025-08-25,surface_finish,major,2,process_variation,return_to_supplier,2025-09-01,34.4
NC000000924,NC-2026-0000924,production_order,PRD000013895,P000221,LOT00187246,2025-06-27,dimensional,major,8,machine_setting,scrap,2025-07-06,1221.93
NC000000925,NC-2026-0000925,production_order,PRD000013915,P000807,LOT00013082,2026-03-17,surface_finish,critical,8,operator_error,rework,2026-03-23,4143.19
NC000000926,NC-2026-0000926,production_order,PRD000013940,P000445,LOT00233244,2024-04-19,functional,minor,5,operator_error,scrap,2024-04-23,880.19
NC000000927,NC-2026-0000927,production_order,PRD000013948,P000586,LOT00023977,2025-09-10,packaging,minor,10,machine_setting,rework,2025-09-25,1847.53
NC000000928,NC-2026-0000928,production_order,PRD000013952,P000542,LOT00148503,2025-03-27,dimensional,minor,6,operator_error,scrap,2025-04-18,1167.17
NC000000929,NC-2026-0000929,production_order,PRD000013955,P000161,LOT00155548,2025-07-10,functional,minor,6,supplier_material,use_as_is,2025-07-18,451.62
NC000000930,NC-2026-0000930,production_order,PRD000013962,P000455,LOT00035895,2026-01-30,functional,critical,1,machine_setting,rework,2026-02-25,161.92
NC000000931,NC-2026-0000931,production_order,PRD000013973,P000687,LOT00072557,2026-04-25,functional,minor,7,supplier_material,rework,2026-05-09,1340.62
NC000000932,NC-2026-0000932,production_order,PRD000013995,P000870,LOT00008988,2024-08-30,packaging,minor,5,process_variation,use_as_is,2024-09-23,124.03
NC000000933,NC-2026-0000933,production_order,PRD000014012,P000386,LOT00032565,2025-01-23,packaging,major,2,machine_setting,rework,2025-02-19,115.13
NC000000934,NC-2026-0000934,production_order,PRD000014021,P000426,LOT00158583,2025-11-12,dimensional,minor,4,supplier_material,return_to_supplier,2025-12-11,334.59
NC000000935,NC-2026-0000935,production_order,PRD000014026,P000183,LOT00209886,2024-08-29,packaging,critical,4,machine_setting,rework,2024-09-10,426.17
NC000000936,NC-2026-0000936,production_order,PRD000014037,P000573,LOT00086827,2025-12-19,electrical,major,14,machine_setting,rework,2026-01-01,558.96
NC000000937,NC-2026-0000937,production_order,PRD000014052,P000120,LOT00193100,2024-02-25,functional,critical,1,process_variation,scrap,2024-03-08,33.56
NC000000938,NC-2026-0000938,production_order,PRD000014061,P000877,LOT00015584,2026-01-31,dimensional,minor,1,machine_setting,rework,2026-02-19,13.17
NC000000939,NC-2026-0000939,production_order,PRD000014067,P000596,LOT00067062,2024-09-10,functional,minor,1,machine_setting,scrap,2024-10-04,0.0
NC000000940,NC-2026-0000940,production_order,PRD000014069,P000379,LOT00026077,2024-02-28,surface_finish,critical,1,machine_setting,return_to_supplier,2024-03-01,54.36
NC000000941,NC-2026-0000941,production_order,PRD000014078,P000641,LOT00105505,2024-12-19,dimensional,major,5,supplier_material,return_to_supplier,2025-01-13,491.74
NC000000942,NC-2026-0000942,production_order,PRD000014102,P000673,LOT00015459,2026-05-27,dimensional,major,5,process_variation,rework,2026-06-06,1030.44
NC000000943,NC-2026-0000943,production_order,PRD000014104,P000443,LOT00034833,2026-02-17,surface_finish,minor,5,operator_error,return_to_supplier,2026-03-13,555.94
NC000000944,NC-2026-0000944,production_order,PRD000014127,P000005,LOT00183031,2024-06-30,electrical,minor,4,design_tolerance,rework,2024-07-17,246.8
NC000000945,NC-2026-0000945,production_order,PRD000014145,P000849,LOT00028448,2025-06-29,dimensional,minor,4,process_variation,scrap,2025-07-19,356.26
NC000000946,NC-2026-0000946,production_order,PRD000014148,P000632,LOT00036069,2026-01-19,functional,major,5,operator_error,rework,2026-01-24,455.63
NC000000947,NC-2026-0000947,production_order,PRD000014151,P000280,LOT00093627,2024-03-29,functional,minor,5,operator_error,rework,2024-04-22,126.38
NC000000948,NC-2026-0000948,production_order,PRD000014162,P000577,LOT00218527,2026-03-22,dimensional,major,2,process_variation,scrap,2026-03-30,180.42
NC000000949,NC-2026-0000949,production_order,PRD000014169,P000578,LOT00087235,2024-09-02,functional,major,1,supplier_material,scrap,2024-09-10,0.0
NC000000950,NC-2026-0000950,production_order,PRD000014186,P000524,LOT00004174,2024-11-10,surface_finish,minor,2,machine_setting,rework,2024-12-09,33.84
NC000000951,NC-2026-0000951,production_order,PRD000014220,P000355,LOT00077211,2026-05-28,electrical,minor,5,operator_error,scrap,2026-06-03,169.01
NC000000952,NC-2026-0000952,production_order,PRD000014223,P000673,LOT00164070,2025-12-14,dimensional,major,2,process_variation,rework,2025-12-19,155.72
NC000000953,NC-2026-0000953,production_order,PRD000014230,P000231,LOT00215199,2025-01-17,functional,minor,8,process_variation,rework,2025-02-16,1831.68
NC000000954,NC-2026-0000954,production_order,PRD000014263,P000774,LOT00104915,2024-02-11,functional,minor,9,operator_error,use_as_is,2024-03-04,219.41
NC000000955,NC-2026-0000955,production_order,PRD000014268,P000207,LOT00053253,2024-07-26,packaging,critical,4,machine_setting,use_as_is,2024-08-13,171.73
NC000000956,NC-2026-0000956,production_order,PRD000014311,P000780,LOT00085113,2026-09-01,electrical,major,3,operator_error,scrap,2026-09-03,135.53
NC000000957,NC-2026-0000957,production_order,PRD000014327,P000662,LOT00085810,2025-03-20,functional,minor,1,supplier_material,rework,2025-04-08,0.0
NC000000958,NC-2026-0000958,production_order,PRD000014330,P000828,LOT00154632,2024-09-02,surface_finish,minor,4,machine_setting,rework,2024-09-08,778.57
NC000000959,NC-2026-0000959,production_order,PRD000014364,P000855,LOT00131556,2026-07-12,surface_finish,major,6,machine_setting,use_as_is,2026-08-08,395.57
NC000000960,NC-2026-0000960,production_order,PRD000014370,P000910,LOT00091178,2025-01-17,dimensional,minor,1,machine_setting,scrap,2025-01-25,74.48
NC000000961,NC-2026-0000961,production_order,PRD000014379,P000434,LOT00227792,2026-01-23,electrical,major,9,machine_setting,rework,2026-02-07,1837.39
NC000000962,NC-2026-0000962,production_order,PRD000014393,P000797,LOT00140086,2025-12-11,dimensional,critical,1,process_variation,return_to_supplier,2025-12-19,54.67
NC000000963,NC-2026-0000963,production_order,PRD000014400,P000265,LOT00197812,2026-08-19,dimensional,minor,12,machine_setting,rework,2026-09-14,1456.93
NC000000964,NC-2026-0000964,production_order,PRD000014402,P000905,LOT00148023,2025-01-16,electrical,critical,5,machine_setting,return_to_supplier,2025-01-25,925.37
NC000000965,NC-2026-0000965,production_order,PRD000014416,P000375,LOT00119610,2025-04-28,dimensional,minor,9,operator_error,rework,2025-05-25,4228.46
NC000000966,NC-2026-0000966,production_order,PRD000014433,P000905,LOT00157272,2026-02-28,functional,minor,2,process_variation,scrap,2026-03-07,391.92
NC000000967,NC-2026-0000967,production_order,PRD000014453,P000868,LOT00149595,2025-05-26,packaging,major,3,process_variation,scrap,2025-06-09,289.64
NC000000968,NC-2026-0000968,production_order,PRD000014457,P000387,LOT00074791,2024-06-02,functional,critical,6,machine_setting,rework,2024-06-12,120.88
NC000000969,NC-2026-0000969,production_order,PRD000014470,P000231,LOT00082310,2024-02-22,surface_finish,major,3,machine_setting,rework,2024-03-21,497.05
NC000000970,NC-2026-0000970,production_order,PRD000014505,P000580,LOT00048554,2026-08-27,functional,critical,6,operator_error,rework,2026-09-02,313.39
NC000000971,NC-2026-0000971,production_order,PRD000014514,P000065,LOT00015170,2026-01-16,packaging,minor,2,machine_setting,scrap,2026-02-08,67.36
NC000000972,NC-2026-0000972,production_order,PRD000014539,P000785,LOT00028905,2025-01-17,electrical,minor,9,operator_error,scrap,2025-02-01,404.79
NC000000973,NC-2026-0000973,production_order,PRD000014547,P000364,LOT00222431,2025-04-17,surface_finish,critical,1,design_tolerance,use_as_is,2025-05-13,25.61
NC000000974,NC-2026-0000974,production_order,PRD000014561,P000233,LOT00109235,2025-12-07,surface_finish,major,7,machine_setting,rework,2025-12-17,301.14
NC000000975,NC-2026-0000975,production_order,PRD000014599,P000592,LOT00115735,2024-11-08,packaging,minor,2,design_tolerance,scrap,2024-11-21,110.39
NC000000976,NC-2026-0000976,production_order,PRD000014602,P000828,LOT00077399,2026-02-28,electrical,critical,2,process_variation,rework,2026-03-19,169.32
NC000000977,NC-2026-0000977,production_order,PRD000014605,P000422,LOT00179458,2026-02-25,surface_finish,major,5,supplier_material,rework,2026-03-24,561.22
NC000000978,NC-2026-0000978,production_order,PRD000014606,P000784,LOT00078776,2025-08-11,dimensional,minor,2,machine_setting,rework,2025-08-19,83.84
NC000000979,NC-2026-0000979,production_order,PRD000014608,P000120,LOT00167851,2026-01-14,functional,minor,3,machine_setting,use_as_is,2026-02-12,60.88
NC000000980,NC-2026-0000980,production_order,PRD000014615,P000826,LOT00103844,2025-08-02,surface_finish,critical,8,design_tolerance,rework,2025-08-20,2501.08
NC000000981,NC-2026-0000981,production_order,PRD000014666,P000759,LOT00015036,2025-01-20,electrical,minor,9,process_variation,scrap,2025-02-08,183.05
NC000000982,NC-2026-0000982,production_order,PRD000014675,P000257,LOT00012915,2026-05-24,functional,minor,2,supplier_material,rework,2026-06-04,282.02
NC000000983,NC-2026-0000983,production_order,PRD000014723,P000363,LOT00160592,2024-07-17,electrical,minor,3,machine_setting,use_as_is,2024-07-22,281.7
NC000000984,NC-2026-0000984,production_order,PRD000014728,P000836,LOT00095057,2026-07-05,packaging,major,11,machine_setting,rework,2026-07-13,281.33
NC000000985,NC-2026-0000985,production_order,PRD000014736,P000730,LOT00214201,2025-04-17,functional,minor,3,operator_error,scrap,2025-05-17,165.75
NC000000986,NC-2026-0000986,production_order,PRD000014746,P000617,LOT00188130,2025-09-09,functional,minor,5,process_variation,return_to_supplier,2025-09-20,112.27
NC000000987,NC-2026-0000987,production_order,PRD000014747,P000281,LOT00175617,2026-04-22,dimensional,major,8,operator_error,rework,2026-04-25,1034.74
NC000000988,NC-2026-0000988,production_order,PRD000014767,P000355,LOT00138807,2025-12-21,dimensional,minor,9,machine_setting,scrap,2026-01-13,209.58
NC000000989,NC-2026-0000989,production_order,PRD000014773,P000052,LOT00165768,2024-03-15,electrical,major,1,design_tolerance,scrap,2024-03-26,25.58
NC000000990,NC-2026-0000990,production_order,PRD000014795,P000822,LOT00163172,2024-07-10,functional,major,8,machine_setting,rework,2024-08-02,804.58
NC000000991,NC-2026-0000991,production_order,PRD000014816,P000635,LOT00209951,2026-01-19,functional,major,8,machine_setting,return_to_supplier,2026-02-14,1906.15
NC000000992,NC-2026-0000992,production_order,PRD000014823,P000508,LOT00196060,2024-04-28,functional,critical,8,operator_error,use_as_is,2024-05-11,92.39
NC000000993,NC-2026-0000993,production_order,PRD000014856,P000464,LOT00247074,2026-03-21,packaging,minor,2,process_variation,scrap,2026-04-20,224.88
NC000000994,NC-2026-0000994,production_order,PRD000014857,P000631,LOT00086767,2026-06-28,surface_finish,major,9,process_variation,use_as_is,2026-07-28,530.19
NC000000995,NC-2026-0000995,production_order,PRD000014875,P000280,LOT00015589,2024-06-13,functional,major,6,process_variation,scrap,2024-06-18,142.11
NC000000996,NC-2026-0000996,production_order,PRD000014876,P000222,LOT00019376,2025-01-10,surface_finish,minor,13,machine_setting,use_as_is,2025-01-27,3846.26
NC000000997,NC-2026-0000997,production_order,PRD000014880,P000364,LOT00039931,2025-06-04,dimensional,major,7,supplier_material,rework,2025-06-14,109.35
NC000000998,NC-2026-0000998,production_order,PRD000014886,P000844,LOT00026557,2026-08-31,dimensional,minor,6,process_variation,use_as_is,2026-09-17,2185.71
NC000000999,NC-2026-0000999,production_order,PRD000014907,P000670,LOT00027065,2026-05-15,dimensional,major,5,machine_setting,rework,2026-06-13,257.87
NC000001000,NC-2026-0001000,production_order,PRD000014983,P000649,LOT00219749,2025-10-28,electrical,minor,3,design_tolerance,rework,2025-11-14,598.31
NC000001001,NC-2026-0001001,production_order,PRD000015007,P000353,LOT00008988,2026-01-18,functional,critical,5,process_variation,use_as_is,2026-01-20,339.56
NC000001002,NC-2026-0001002,production_order,PRD000015018,P000547,LOT00249305,2025-09-20,functional,minor,8,design_tolerance,rework,2025-10-13,2525.85
NC000001003,NC-2026-0001003,production_order,PRD000015030,P000925,LOT00030508,2026-08-07,dimensional,major,5,machine_setting,scrap,2026-09-02,129.7
NC000001004,NC-2026-0001004,production_order,PRD000015054,P000550,LOT00196623,2026-09-12,surface_finish,critical,3,operator_error,return_to_supplier,2026-10-01,339.69
NC000001005,NC-2026-0001005,production_order,PRD000015089,P000170,LOT00100689,2026-08-11,surface_finish,minor,5,machine_setting,rework,2026-08-17,370.47
NC000001006,NC-2026-0001006,production_order,PRD000015100,P000244,LOT00161672,2024-09-26,surface_finish,minor,3,operator_error,use_as_is,2024-10-20,30.8
NC000001007,NC-2026-0001007,production_order,PRD000015109,P000352,LOT00108429,2026-03-10,packaging,minor,3,machine_setting,rework,2026-04-03,1138.79
NC000001008,NC-2026-0001008,production_order,PRD000015123,P000532,LOT00104279,2024-01-19,surface_finish,minor,2,supplier_material,rework,2024-02-06,151.27
NC000001009,NC-2026-0001009,production_order,PRD000015132,P000158,LOT00241526,2024-07-24,electrical,critical,1,process_variation,rework,2024-08-18,39.98
NC000001010,NC-2026-0001010,production_order,PRD000015136,P000528,LOT00086236,2026-04-09,dimensional,minor,1,process_variation,rework,2026-04-30,0.0
NC000001011,NC-2026-0001011,production_order,PRD000015164,P000678,LOT00141998,2026-05-07,functional,major,4,process_variation,use_as_is,2026-06-04,425.86
NC000001012,NC-2026-0001012,production_order,PRD000015191,P000325,LOT00047806,2024-09-03,surface_finish,major,3,operator_error,scrap,2024-09-29,437.32
NC000001013,NC-2026-0001013,production_order,PRD000015229,P000685,LOT00082402,2026-03-07,packaging,minor,5,operator_error,rework,2026-04-06,232.03
NC000001014,NC-2026-0001014,production_order,PRD000015241,P000320,LOT00096057,2024-11-20,packaging,major,10,machine_setting,rework,2024-12-03,493.14
NC000001015,NC-2026-0001015,production_order,PRD000015242,P000617,LOT00083815,2024-04-17,dimensional,major,1,supplier_material,use_as_is,2024-05-03,48.66
NC000001016,NC-2026-0001016,production_order,PRD000015251,P000023,LOT00218103,2025-11-02,electrical,major,1,supplier_material,rework,2025-11-20,23.99
NC000001017,NC-2026-0001017,production_order,PRD000015256,P000046,LOT00191087,2024-04-04,packaging,minor,3,machine_setting,return_to_supplier,2024-04-12,140.58
NC000001018,NC-2026-0001018,production_order,PRD000015279,P000213,LOT00237442,2025-08-31,surface_finish,minor,1,machine_setting,scrap,2025-09-13,0.0
NC000001019,NC-2026-0001019,production_order,PRD000015299,P000379,LOT00088464,2024-05-27,dimensional,minor,1,process_variation,rework,2024-06-25,70.86
NC000001020,NC-2026-0001020,production_order,PRD000015304,P000797,LOT00099842,2024-07-05,dimensional,major,7,operator_error,return_to_supplier,2024-07-09,245.35
NC000001021,NC-2026-0001021,production_order,PRD000015305,P000168,LOT00066095,2024-05-06,surface_finish,major,4,process_variation,rework,2024-06-01,696.91
NC000001022,NC-2026-0001022,production_order,PRD000015335,P000061,LOT00081184,2026-04-13,packaging,minor,8,machine_setting,use_as_is,2026-04-30,696.37
NC000001023,NC-2026-0001023,production_order,PRD000015338,P000446,LOT00047647,2026-07-03,surface_finish,critical,1,design_tolerance,scrap,2026-07-19,60.99
NC000001024,NC-2026-0001024,production_order,PRD000015356,P000164,LOT00174315,2025-07-21,packaging,minor,5,machine_setting,scrap,2025-08-13,235.28
NC000001025,NC-2026-0001025,production_order,PRD000015371,P000111,LOT00213151,2024-05-17,functional,minor,9,machine_setting,use_as_is,2024-06-08,1065.14
NC000001026,NC-2026-0001026,production_order,PRD000015406,P000832,LOT00238587,2024-04-28,electrical,major,4,supplier_material,rework,2024-05-12,64.59
NC000001027,NC-2026-0001027,production_order,PRD000015411,P000897,LOT00039284,2025-07-01,surface_finish,major,1,operator_error,return_to_supplier,2025-07-24,57.41
NC000001028,NC-2026-0001028,production_order,PRD000015428,P000312,LOT00233458,2026-06-18,functional,major,3,supplier_material,return_to_supplier,2026-07-17,355.84
NC000001029,NC-2026-0001029,production_order,PRD000015429,P000816,LOT00056998,2024-09-02,electrical,minor,9,operator_error,return_to_supplier,2024-09-20,434.11
NC000001030,NC-2026-0001030,production_order,PRD000015442,P000668,LOT00179938,2024-02-16,dimensional,major,1,supplier_material,rework,2024-03-17,17.71
NC000001031,NC-2026-0001031,production_order,PRD000015446,P000262,LOT00203999,2026-01-17,electrical,major,1,supplier_material,rework,2026-02-03,74.98
NC000001032,NC-2026-0001032,production_order,PRD000015449,P000864,LOT00040248,2026-02-03,surface_finish,minor,7,machine_setting,rework,2026-03-02,987.05
NC000001033,NC-2026-0001033,production_order,PRD000015466,P000061,LOT00082627,2024-09-10,functional,minor,8,operator_error,use_as_is,2024-09-15,1124.49
NC000001034,NC-2026-0001034,production_order,PRD000015467,P000465,LOT00248068,2025-11-07,surface_finish,major,1,supplier_material,rework,2025-11-23,0.0
NC000001035,NC-2026-0001035,production_order,PRD000015503,P000364,LOT00079902,2026-02-11,electrical,minor,8,operator_error,return_to_supplier,2026-02-24,233.29
NC000001036,NC-2026-0001036,production_order,PRD000015516,P000654,LOT00026810,2025-09-27,functional,minor,6,process_variation,rework,2025-10-16,377.32
NC000001037,NC-2026-0001037,production_order,PRD000015521,P000745,LOT00226741,2024-10-24,functional,minor,1,machine_setting,scrap,2024-11-17,41.29
NC000001038,NC-2026-0001038,production_order,PRD000015528,P000467,LOT00049970,2024-07-28,functional,major,3,machine_setting,use_as_is,2024-08-25,114.28
NC000001039,NC-2026-0001039,production_order,PRD000015538,P000890,LOT00223979,2024-07-22,packaging,major,1,supplier_material,scrap,2024-07-29,35.9
NC000001040,NC-2026-0001040,production_order,PRD000015553,P000328,LOT00005916,2025-08-13,functional,minor,3,process_variation,scrap,2025-08-16,298.89
NC000001041,NC-2026-0001041,production_order,PRD000015561,P000152,LOT00094667,2024-05-25,surface_finish,major,7,machine_setting,scrap,2024-06-01,252.29
NC000001042,NC-2026-0001042,production_order,PRD000015579,P000159,LOT00171633,2026-10-07,functional,major,2,machine_setting,use_as_is,2026-10-17,65.6
NC000001043,NC-2026-0001043,production_order,PRD000015615,P000635,LOT00217721,2024-09-14,functional,major,3,supplier_material,rework,2024-09-21,1134.19
NC000001044,NC-2026-0001044,production_order,PRD000015634,P000792,LOT00162663,2024-11-24,functional,minor,3,machine_setting,scrap,2024-11-30,1788.07
NC000001045,NC-2026-0001045,production_order,PRD000015638,P000318,LOT00150843,2024-09-28,surface_finish,major,5,process_variation,scrap,2024-10-06,212.91
NC000001046,NC-2026-0001046,production_order,PRD000015666,P000303,LOT00026262,2025-07-13,packaging,minor,4,machine_setting,rework,2025-07-26,278.44
NC000001047,NC-2026-0001047,production_order,PRD000015681,P000707,LOT00114626,2024-08-31,surface_finish,major,1,operator_error,scrap,2024-09-23,140.88
NC000001048,NC-2026-0001048,production_order,PRD000015689,P000789,LOT00239341,2024-06-23,functional,minor,11,operator_error,rework,2024-07-15,399.71
NC000001049,NC-2026-0001049,production_order,PRD000015697,P000945,LOT00155188,2025-10-31,functional,major,1,supplier_material,return_to_supplier,2025-11-04,0.0
NC000001050,NC-2026-0001050,production_order,PRD000015751,P000220,LOT00191565,2026-01-28,surface_finish,major,9,supplier_material,return_to_supplier,2026-02-18,1492.68
NC000001051,NC-2026-0001051,production_order,PRD000015767,P000890,LOT00185977,2026-04-03,packaging,major,2,process_variation,rework,2026-04-10,27.98
NC000001052,NC-2026-0001052,production_order,PRD000015849,P000579,LOT00068872,2025-08-22,surface_finish,critical,1,design_tolerance,use_as_is,2025-09-05,24.76
NC000001053,NC-2026-0001053,production_order,PRD000015858,P000755,LOT00216079,2026-02-28,surface_finish,minor,2,supplier_material,rework,2026-03-17,101.57
NC000001054,NC-2026-0001054,production_order,PRD000015860,P000901,LOT00115024,2025-07-04,functional,major,4,supplier_material,use_as_is,2025-07-26,210.73
NC000001055,NC-2026-0001055,production_order,PRD000015861,P000896,LOT00206918,2026-07-04,packaging,minor,5,process_variation,scrap,2026-07-15,176.37
NC000001056,NC-2026-0001056,production_order,PRD000015866,P000687,LOT00009582,2024-12-30,electrical,critical,7,operator_error,rework,2025-01-19,1210.75
NC000001057,NC-2026-0001057,production_order,PRD000015899,P000259,LOT00120620,2024-11-11,functional,minor,6,machine_setting,return_to_supplier,2024-12-07,645.72
NC000001058,NC-2026-0001058,production_order,PRD000015903,P000704,LOT00050610,2024-03-30,dimensional,major,5,design_tolerance,rework,2024-04-21,261.98
NC000001059,NC-2026-0001059,production_order,PRD000015964,P000244,LOT00189382,2026-09-06,functional,minor,2,process_variation,scrap,2026-09-20,47.57
NC000001060,NC-2026-0001060,production_order,PRD000016014,P000265,LOT00249822,2024-02-16,electrical,minor,1,machine_setting,rework,2024-03-07,189.3
NC000001061,NC-2026-0001061,production_order,PRD000016018,P000126,LOT00154781,2025-08-12,dimensional,minor,1,machine_setting,rework,2025-09-03,103.68
NC000001062,NC-2026-0001062,production_order,PRD000016026,P000685,LOT00143830,2026-01-27,surface_finish,critical,7,operator_error,rework,2026-02-03,1324.52
NC000001063,NC-2026-0001063,production_order,PRD000016029,P000751,LOT00099598,2024-11-22,surface_finish,major,4,design_tolerance,scrap,2024-12-20,183.54
NC000001064,NC-2026-0001064,production_order,PRD000016033,P000376,LOT00061135,2026-08-29,packaging,minor,3,operator_error,rework,2026-08-31,25.89
NC000001065,NC-2026-0001065,production_order,PRD000016050,P000115,LOT00210774,2025-06-27,dimensional,minor,1,supplier_material,scrap,2025-07-06,27.67
NC000001066,NC-2026-0001066,production_order,PRD000016052,P000871,LOT00073162,2024-12-28,surface_finish,minor,3,design_tolerance,scrap,2025-01-14,167.76
NC000001067,NC-2026-0001067,production_order,PRD000016095,P000483,LOT00050819,2024-04-28,dimensional,minor,5,design_tolerance,rework,2024-05-27,1438.35
NC000001068,NC-2026-0001068,production_order,PRD000016115,P000084,LOT00011499,2025-08-20,dimensional,major,5,design_tolerance,return_to_supplier,2025-09-04,283.47
NC000001069,NC-2026-0001069,production_order,PRD000016167,P000592,LOT00205203,2024-07-26,electrical,major,6,process_variation,rework,2024-07-31,670.39
NC000001070,NC-2026-0001070,production_order,PRD000016168,P000248,LOT00192130,2025-11-08,functional,minor,3,design_tolerance,scrap,2025-11-27,317.61
NC000001071,NC-2026-0001071,production_order,PRD000016217,P000818,LOT00190353,2026-08-25,surface_finish,minor,3,process_variation,return_to_supplier,2026-09-15,97.77
NC000001072,NC-2026-0001072,production_order,PRD000016229,P000774,LOT00151398,2024-04-18,packaging,minor,6,design_tolerance,rework,2024-05-02,173.66
NC000001073,NC-2026-0001073,production_order,PRD000016232,P000800,LOT00168947,2024-08-10,dimensional,major,2,machine_setting,rework,2024-08-24,87.69
NC000001074,NC-2026-0001074,production_order,PRD000016238,P000695,LOT00157134,2025-11-30,surface_finish,minor,3,supplier_material,use_as_is,2025-12-26,134.79
NC000001075,NC-2026-0001075,production_order,PRD000016267,P000139,LOT00104164,2026-02-23,surface_finish,major,2,machine_setting,scrap,2026-03-21,202.43
NC000001076,NC-2026-0001076,production_order,PRD000016305,P000697,LOT00100916,2024-04-21,functional,minor,1,supplier_material,scrap,2024-05-05,105.21
NC000001077,NC-2026-0001077,production_order,PRD000016351,P000711,LOT00098622,2026-07-16,electrical,major,3,machine_setting,rework,2026-08-06,461.43
NC000001078,NC-2026-0001078,production_order,PRD000016413,P000674,LOT00238324,2026-03-18,functional,minor,13,operator_error,scrap,2026-03-27,366.56
NC000001079,NC-2026-0001079,production_order,PRD000016426,P000221,LOT00221629,2025-01-03,dimensional,minor,9,design_tolerance,scrap,2025-01-29,1047.43
NC000001080,NC-2026-0001080,production_order,PRD000016467,P000408,LOT00111648,2026-05-31,functional,major,1,supplier_material,rework,2026-06-27,0.0
NC000001081,NC-2026-0001081,production_order,PRD000016475,P000506,LOT00193067,2026-04-02,electrical,minor,11,machine_setting,scrap,2026-04-21,327.24
NC000001082,NC-2026-0001082,production_order,PRD000016487,P000005,LOT00054070,2025-12-03,surface_finish,major,8,operator_error,use_as_is,2025-12-13,514.83
NC000001083,NC-2026-0001083,production_order,PRD000016494,P000362,LOT00008067,2026-04-16,electrical,major,9,supplier_material,rework,2026-05-07,540.95
NC000001084,NC-2026-0001084,production_order,PRD000016498,P000200,LOT00040432,2025-11-25,functional,minor,6,machine_setting,use_as_is,2025-12-19,339.58
NC000001085,NC-2026-0001085,production_order,PRD000016516,P000855,LOT00187765,2024-11-26,packaging,minor,7,operator_error,rework,2024-12-22,314.65
NC000001086,NC-2026-0001086,production_order,PRD000016525,P000906,LOT00167988,2024-03-03,packaging,minor,7,operator_error,scrap,2024-03-31,445.01
NC000001087,NC-2026-0001087,production_order,PRD000016529,P000063,LOT00068723,2026-09-25,electrical,critical,3,machine_setting,rework,2026-10-01,102.1
NC000001088,NC-2026-0001088,production_order,PRD000016539,P000197,LOT00022797,2025-04-19,dimensional,major,5,design_tolerance,scrap,2025-05-06,984.88
NC000001089,NC-2026-0001089,production_order,PRD000016586,P000215,LOT00166369,2024-08-23,packaging,minor,1,process_variation,rework,2024-09-14,23.18
NC000001090,NC-2026-0001090,production_order,PRD000016602,P000911,LOT00108487,2024-06-06,functional,major,3,process_variation,use_as_is,2024-06-27,143.97
NC000001091,NC-2026-0001091,production_order,PRD000016638,P000907,LOT00125699,2024-08-30,dimensional,minor,2,supplier_material,rework,2024-09-14,127.73
NC000001092,NC-2026-0001092,production_order,PRD000016649,P000747,LOT00004699,2024-01-20,functional,major,2,design_tolerance,scrap,2024-02-03,64.35
NC000001093,NC-2026-0001093,production_order,PRD000016657,P000793,LOT00147253,2026-06-17,functional,major,5,supplier_material,scrap,2026-06-28,200.2
NC000001094,NC-2026-0001094,production_order,PRD000016676,P000871,LOT00090292,2024-06-13,packaging,minor,4,supplier_material,use_as_is,2024-06-15,134.13
NC000001095,NC-2026-0001095,production_order,PRD000016723,P000446,LOT00111983,2025-12-24,electrical,minor,6,operator_error,scrap,2026-01-02,417.59
NC000001096,NC-2026-0001096,production_order,PRD000016731,P000506,LOT00153352,2024-07-23,functional,major,7,operator_error,rework,2024-08-08,451.34
NC000001097,NC-2026-0001097,production_order,PRD000016747,P000484,LOT00168939,2025-03-20,functional,minor,5,supplier_material,rework,2025-03-27,255.3
NC000001098,NC-2026-0001098,production_order,PRD000016790,P000090,LOT00140515,2025-06-18,surface_finish,major,1,supplier_material,scrap,2025-07-18,48.14
NC000001099,NC-2026-0001099,production_order,PRD000016799,P000601,LOT00244365,2025-01-08,packaging,minor,6,design_tolerance,rework,2025-01-22,1940.74
NC000001100,NC-2026-0001100,production_order,PRD000016809,P000631,LOT00190250,2026-01-13,surface_finish,minor,9,process_variation,use_as_is,2026-02-01,234.18
NC000001101,NC-2026-0001101,production_order,PRD000016829,P000209,LOT00096279,2024-09-20,functional,major,1,process_variation,rework,2024-10-05,0.0
NC000001102,NC-2026-0001102,production_order,PRD000016840,P000791,LOT00129435,2025-05-19,functional,minor,2,operator_error,scrap,2025-05-25,174.98
NC000001103,NC-2026-0001103,production_order,PRD000016843,P000209,LOT00162669,2025-09-08,packaging,major,1,machine_setting,scrap,2025-09-18,126.96
NC000001104,NC-2026-0001104,production_order,PRD000016853,P000077,LOT00182189,2026-07-06,electrical,major,4,operator_error,scrap,2026-07-28,147.97
NC000001105,NC-2026-0001105,production_order,PRD000016866,P000762,LOT00047593,2026-04-22,surface_finish,minor,4,design_tolerance,use_as_is,2026-05-18,207.1
NC000001106,NC-2026-0001106,production_order,PRD000016868,P000520,LOT00044792,2025-09-23,functional,minor,13,operator_error,scrap,2025-10-09,2504.61
NC000001107,NC-2026-0001107,production_order,PRD000016943,P000670,LOT00222941,2024-10-12,dimensional,minor,7,process_variation,scrap,2024-11-07,185.54
NC000001108,NC-2026-0001108,production_order,PRD000016948,P000611,LOT00229523,2024-04-08,dimensional,minor,5,design_tolerance,scrap,2024-05-05,295.31
NC000001109,NC-2026-0001109,production_order,PRD000016952,P000900,LOT00120008,2024-07-27,electrical,minor,8,machine_setting,scrap,2024-08-11,1043.66
NC000001110,NC-2026-0001110,production_order,PRD000016981,P000270,LOT00093417,2026-06-15,electrical,minor,3,machine_setting,scrap,2026-06-17,226.94
NC000001111,NC-2026-0001111,production_order,PRD000016987,P000130,LOT00070764,2024-09-14,electrical,major,5,process_variation,use_as_is,2024-10-13,320.16
NC000001112,NC-2026-0001112,production_order,PRD000017007,P000676,LOT00089992,2025-12-22,surface_finish,major,1,machine_setting,rework,2026-01-06,22.47
NC000001113,NC-2026-0001113,production_order,PRD000017012,P000029,LOT00093258,2026-01-01,packaging,minor,3,process_variation,rework,2026-01-09,126.85
NC000001114,NC-2026-0001114,production_order,PRD000017014,P000325,LOT00239476,2026-01-23,functional,minor,8,supplier_material,use_as_is,2026-02-10,669.29
NC000001115,NC-2026-0001115,production_order,PRD000017020,P000174,LOT00010570,2025-08-04,packaging,minor,2,process_variation,use_as_is,2025-08-31,385.36
NC000001116,NC-2026-0001116,production_order,PRD000017055,P000795,LOT00145830,2026-02-21,dimensional,minor,12,design_tolerance,rework,2026-03-22,632.18
NC000001117,NC-2026-0001117,production_order,PRD000017080,P000164,LOT00222080,2025-02-06,electrical,minor,12,process_variation,rework,2025-03-02,662.28
NC000001118,NC-2026-0001118,production_order,PRD000017089,P000584,LOT00185425,2026-02-14,functional,major,5,design_tolerance,scrap,2026-03-09,316.41
NC000001119,NC-2026-0001119,production_order,PRD000017106,P000134,LOT00022778,2025-07-19,dimensional,minor,8,machine_setting,rework,2025-08-03,181.86
NC000001120,NC-2026-0001120,production_order,PRD000017108,P000010,LOT00006443,2026-08-26,dimensional,major,10,machine_setting,scrap,2026-09-05,786.65
NC000001121,NC-2026-0001121,production_order,PRD000017116,P000163,LOT00153961,2025-09-16,functional,major,3,operator_error,use_as_is,2025-10-07,266.3
NC000001122,NC-2026-0001122,production_order,PRD000017122,P000618,LOT00165929,2024-08-29,surface_finish,major,4,process_variation,use_as_is,2024-09-26,421.49
NC000001123,NC-2026-0001123,production_order,PRD000017137,P000449,LOT00089817,2024-11-12,surface_finish,major,1,design_tolerance,scrap,2024-11-16,109.73
NC000001124,NC-2026-0001124,production_order,PRD000017145,P000618,LOT00015346,2026-09-10,packaging,major,1,operator_error,scrap,2026-09-12,60.07
NC000001125,NC-2026-0001125,production_order,PRD000017157,P000822,LOT00237710,2026-07-13,functional,minor,2,design_tolerance,rework,2026-07-27,139.99
NC000001126,NC-2026-0001126,production_order,PRD000017161,P000765,LOT00138453,2025-10-27,dimensional,minor,5,machine_setting,use_as_is,2025-11-14,122.36
NC000001127,NC-2026-0001127,production_order,PRD000017199,P000203,LOT00136189,2024-03-06,packaging,major,4,machine_setting,rework,2024-03-26,794.83
NC000001128,NC-2026-0001128,production_order,PRD000017202,P000515,LOT00129609,2024-04-03,electrical,minor,1,operator_error,rework,2024-04-29,0.0
NC000001129,NC-2026-0001129,production_order,PRD000017248,P000570,LOT00117704,2025-08-08,surface_finish,critical,2,operator_error,use_as_is,2025-08-19,327.4
NC000001130,NC-2026-0001130,production_order,PRD000017268,P000538,LOT00172579,2025-05-19,dimensional,minor,5,machine_setting,return_to_supplier,2025-06-10,1692.38
NC000001131,NC-2026-0001131,production_order,PRD000017274,P000187,LOT00074909,2025-11-28,electrical,minor,4,machine_setting,rework,2025-12-08,218.95
NC000001132,NC-2026-0001132,production_order,PRD000017315,P000785,LOT00110628,2026-03-29,dimensional,minor,2,supplier_material,rework,2026-04-11,53.25
NC000001133,NC-2026-0001133,production_order,PRD000017323,P000746,LOT00014860,2025-02-28,surface_finish,minor,2,machine_setting,return_to_supplier,2025-03-26,142.06
NC000001134,NC-2026-0001134,production_order,PRD000017329,P000389,LOT00050931,2024-08-13,packaging,major,1,machine_setting,use_as_is,2024-08-31,61.3
NC000001135,NC-2026-0001135,production_order,PRD000017331,P000710,LOT00132206,2026-01-30,dimensional,minor,6,machine_setting,use_as_is,2026-02-12,602.14
NC000001136,NC-2026-0001136,production_order,PRD000017346,P000578,LOT00159896,2025-05-18,functional,minor,2,machine_setting,scrap,2025-05-30,202.06
NC000001137,NC-2026-0001137,production_order,PRD000017414,P000148,LOT00060884,2024-04-27,functional,minor,5,design_tolerance,scrap,2024-05-04,542.16
NC000001138,NC-2026-0001138,production_order,PRD000017446,P000767,LOT00018676,2026-10-02,dimensional,minor,5,supplier_material,scrap,2026-10-26,441.32
NC000001139,NC-2026-0001139,production_order,PRD000017459,P000727,LOT00170013,2025-07-02,packaging,minor,3,design_tolerance,rework,2025-07-12,63.93
NC000001140,NC-2026-0001140,production_order,PRD000017460,P000059,LOT00082264,2024-05-01,functional,major,2,machine_setting,return_to_supplier,2024-05-16,337.2
NC000001141,NC-2026-0001141,production_order,PRD000017470,P000264,LOT00103377,2025-08-29,packaging,major,1,supplier_material,use_as_is,2025-09-23,94.81
NC000001142,NC-2026-0001142,production_order,PRD000017505,P000695,LOT00136751,2024-07-28,dimensional,minor,5,machine_setting,rework,2024-08-07,236.85
NC000001143,NC-2026-0001143,production_order,PRD000017544,P000549,LOT00173890,2024-08-23,surface_finish,critical,10,process_variation,return_to_supplier,2024-09-21,642.85
NC000001144,NC-2026-0001144,production_order,PRD000017562,P000397,LOT00230737,2024-11-20,functional,major,1,supplier_material,scrap,2024-12-15,75.79
NC000001145,NC-2026-0001145,production_order,PRD000017569,P000872,LOT00181167,2026-08-11,dimensional,minor,6,machine_setting,rework,2026-08-20,452.08
NC000001146,NC-2026-0001146,production_order,PRD000017583,P000949,LOT00215056,2024-08-29,functional,major,5,design_tolerance,use_as_is,2024-09-02,42.53
NC000001147,NC-2026-0001147,production_order,PRD000017586,P000082,LOT00071854,2025-10-03,functional,major,1,design_tolerance,return_to_supplier,2025-10-14,207.16
NC000001148,NC-2026-0001148,production_order,PRD000017589,P000288,LOT00108726,2026-02-09,dimensional,minor,2,machine_setting,use_as_is,2026-02-21,343.68
NC000001149,NC-2026-0001149,production_order,PRD000017613,P000771,LOT00201813,2026-06-06,dimensional,critical,1,process_variation,scrap,2026-06-10,73.92
NC000001150,NC-2026-0001150,production_order,PRD000017628,P000565,LOT00195756,2026-07-04,electrical,minor,1,design_tolerance,scrap,2026-07-23,343.25
NC000001151,NC-2026-0001151,production_order,PRD000017643,P000832,LOT00203264,2024-01-29,surface_finish,critical,3,process_variation,use_as_is,2024-02-18,129.84
NC000001152,NC-2026-0001152,production_order,PRD000017653,P000324,LOT00033519,2025-03-16,dimensional,major,7,operator_error,rework,2025-03-22,365.1
NC000001153,NC-2026-0001153,production_order,PRD000017665,P000044,LOT00084815,2025-07-05,functional,minor,5,machine_setting,rework,2025-07-17,818.88
NC000001154,NC-2026-0001154,production_order,PRD000017670,P000543,LOT00047839,2025-06-29,electrical,minor,1,design_tolerance,return_to_supplier,2025-07-04,0.0
NC000001155,NC-2026-0001155,production_order,PRD000017697,P000861,LOT00062609,2024-09-19,packaging,critical,4,operator_error,use_as_is,2024-09-27,866.13
NC000001156,NC-2026-0001156,production_order,PRD000017702,P000062,LOT00117928,2026-01-11,functional,critical,2,process_variation,rework,2026-01-16,105.64
NC000001157,NC-2026-0001157,production_order,PRD000017703,P000322,LOT00188145,2026-07-01,functional,minor,7,machine_setting,scrap,2026-07-09,3262.25
NC000001158,NC-2026-0001158,production_order,PRD000017708,P000804,LOT00187238,2026-05-05,dimensional,major,11,machine_setting,rework,2026-05-30,1591.89
NC000001159,NC-2026-0001159,production_order,PRD000017714,P000328,LOT00031308,2024-01-24,dimensional,minor,2,machine_setting,rework,2024-02-20,107.11
NC000001160,NC-2026-0001160,production_order,PRD000017716,P000202,LOT00108505,2025-03-07,functional,minor,9,operator_error,rework,2025-03-29,2455.96
NC000001161,NC-2026-0001161,production_order,PRD000017734,P000092,LOT00108391,2024-04-29,functional,minor,4,design_tolerance,scrap,2024-05-13,194.28
NC000001162,NC-2026-0001162,production_order,PRD000017735,P000023,LOT00170059,2026-06-21,dimensional,major,3,process_variation,scrap,2026-07-03,118.69
NC000001163,NC-2026-0001163,production_order,PRD000017757,P000823,LOT00020219,2026-06-18,dimensional,major,1,operator_error,use_as_is,2026-06-25,309.26
NC000001164,NC-2026-0001164,production_order,PRD000017759,P000175,LOT00178618,2024-04-05,electrical,minor,7,process_variation,use_as_is,2024-04-17,524.83
NC000001165,NC-2026-0001165,production_order,PRD000017761,P000439,LOT00135577,2026-03-28,surface_finish,major,5,machine_setting,rework,2026-04-14,737.52
NC000001166,NC-2026-0001166,production_order,PRD000017849,P000752,LOT00135228,2026-08-17,packaging,minor,3,design_tolerance,rework,2026-08-20,47.2
NC000001167,NC-2026-0001167,production_order,PRD000017852,P000395,LOT00202770,2026-07-31,surface_finish,major,13,machine_setting,use_as_is,2026-08-23,8415.1
NC000001168,NC-2026-0001168,production_order,PRD000017859,P000789,LOT00012060,2025-01-06,dimensional,major,6,operator_error,scrap,2025-02-05,138.83
NC000001169,NC-2026-0001169,production_order,PRD000017867,P000259,LOT00080638,2025-10-12,packaging,minor,2,supplier_material,return_to_supplier,2025-11-06,447.17
NC000001170,NC-2026-0001170,production_order,PRD000017899,P000043,LOT00134621,2025-03-09,electrical,critical,1,machine_setting,rework,2025-04-07,241.83
NC000001171,NC-2026-0001171,production_order,PRD000017916,P000692,LOT00109693,2024-08-31,functional,major,9,supplier_material,rework,2024-09-27,322.98
NC000001172,NC-2026-0001172,production_order,PRD000017948,P000724,LOT00158722,2025-07-09,functional,critical,14,machine_setting,rework,2025-07-31,1517.3
NC000001173,NC-2026-0001173,production_order,PRD000017967,P000634,LOT00127318,2025-10-23,packaging,minor,7,machine_setting,scrap,2025-10-28,91.49
NC000001174,NC-2026-0001174,production_order,PRD000018003,P000184,LOT00033583,2025-07-17,surface_finish,minor,5,process_variation,use_as_is,2025-07-28,532.16
NC000001175,NC-2026-0001175,production_order,PRD000018019,P000781,LOT00211118,2024-06-24,electrical,minor,3,process_variation,rework,2024-07-07,415.89
NC000001176,NC-2026-0001176,production_order,PRD000018052,P000154,LOT00210960,2025-08-04,functional,major,2,operator_error,rework,2025-08-13,55.69
NC000001177,NC-2026-0001177,production_order,PRD000018058,P000085,LOT00082695,2024-06-05,surface_finish,minor,2,machine_setting,rework,2024-06-18,67.7
NC000001178,NC-2026-0001178,production_order,PRD000018075,P000320,LOT00036600,2024-11-17,packaging,major,1,operator_error,use_as_is,2024-12-10,101.8
NC000001179,NC-2026-0001179,production_order,PRD000018090,P000699,LOT00104729,2024-09-16,electrical,major,3,design_tolerance,use_as_is,2024-10-02,217.96
NC000001180,NC-2026-0001180,production_order,PRD000018097,P000121,LOT00025335,2024-05-27,dimensional,minor,1,machine_setting,scrap,2024-06-19,60.98
NC000001181,NC-2026-0001181,production_order,PRD000018113,P000427,LOT00233319,2025-09-12,functional,major,9,process_variation,return_to_supplier,2025-09-19,532.44
NC000001182,NC-2026-0001182,production_order,PRD000018118,P000516,LOT00234608,2024-07-10,dimensional,major,2,operator_error,scrap,2024-08-04,96.93
NC000001183,NC-2026-0001183,production_order,PRD000018153,P000478,LOT00096969,2025-09-24,surface_finish,minor,3,supplier_material,use_as_is,2025-10-07,55.96
NC000001184,NC-2026-0001184,production_order,PRD000018166,P000326,LOT00104844,2025-10-16,surface_finish,critical,1,design_tolerance,rework,2025-10-22,131.38
NC000001185,NC-2026-0001185,production_order,PRD000018174,P000572,LOT00167954,2024-03-20,functional,minor,6,process_variation,use_as_is,2024-03-26,551.06
NC000001186,NC-2026-0001186,production_order,PRD000018215,P000155,LOT00220979,2024-05-19,functional,minor,6,machine_setting,rework,2024-06-07,190.17
NC000001187,NC-2026-0001187,production_order,PRD000018217,P000492,LOT00212741,2026-04-19,surface_finish,major,2,machine_setting,rework,2026-04-25,111.92
NC000001188,NC-2026-0001188,production_order,PRD000018237,P000673,LOT00040890,2025-05-29,surface_finish,minor,5,machine_setting,return_to_supplier,2025-06-03,399.46
NC000001189,NC-2026-0001189,production_order,PRD000018241,P000844,LOT00203195,2026-03-16,packaging,major,3,process_variation,rework,2026-03-30,1244.21
NC000001190,NC-2026-0001190,production_order,PRD000018243,P000652,LOT00225227,2025-05-08,electrical,minor,6,supplier_material,rework,2025-05-18,691.22
NC000001191,NC-2026-0001191,production_order,PRD000018255,P000633,LOT00176494,2026-08-31,dimensional,critical,1,supplier_material,rework,2026-09-10,90.14
NC000001192,NC-2026-0001192,production_order,PRD000018259,P000826,LOT00112160,2024-02-24,surface_finish,minor,3,design_tolerance,scrap,2024-03-21,278.7
NC000001193,NC-2026-0001193,production_order,PRD000018277,P000483,LOT00124615,2025-09-25,electrical,minor,3,supplier_material,use_as_is,2025-09-28,606.74
NC000001194,NC-2026-0001194,production_order,PRD000018284,P000603,LOT00001090,2025-11-25,surface_finish,minor,2,process_variation,scrap,2025-12-02,147.33
NC000001195,NC-2026-0001195,production_order,PRD000018290,P000088,LOT00087183,2024-03-12,surface_finish,minor,6,design_tolerance,return_to_supplier,2024-03-27,530.91
NC000001196,NC-2026-0001196,production_order,PRD000018293,P000842,LOT00122011,2025-06-29,functional,critical,4,machine_setting,scrap,2025-07-10,90.22
NC000001197,NC-2026-0001197,production_order,PRD000018294,P000603,LOT00143538,2026-06-24,packaging,minor,5,supplier_material,return_to_supplier,2026-07-02,243.35
NC000001198,NC-2026-0001198,production_order,PRD000018300,P000312,LOT00035683,2024-03-15,surface_finish,minor,6,supplier_material,rework,2024-04-01,616.93
NC000001199,NC-2026-0001199,production_order,PRD000018313,P000899,LOT00090790,2026-04-27,dimensional,minor,8,process_variation,rework,2026-05-09,2312.89
NC000001200,NC-2026-0001200,production_order,PRD000018316,P000902,LOT00224341,2024-07-16,surface_finish,minor,5,supplier_material,use_as_is,2024-08-10,70.09
NC000001201,NC-2026-0001201,production_order,PRD000018323,P000738,LOT00094123,2025-02-14,functional,minor,7,process_variation,rework,2025-03-03,117.15
NC000001202,NC-2026-0001202,production_order,PRD000018337,P000594,LOT00115384,2024-12-11,dimensional,major,10,machine_setting,scrap,2025-01-07,643.85
NC000001203,NC-2026-0001203,production_order,PRD000018349,P000060,LOT00113115,2026-06-13,functional,minor,12,process_variation,scrap,2026-06-29,469.92
NC000001204,NC-2026-0001204,production_order,PRD000018363,P000157,LOT00135336,2025-08-28,packaging,critical,2,operator_error,rework,2025-09-12,166.78
NC000001205,NC-2026-0001205,production_order,PRD000018375,P000360,LOT00069267,2024-08-21,dimensional,major,8,machine_setting,scrap,2024-08-23,1273.03
NC000001206,NC-2026-0001206,production_order,PRD000018390,P000646,LOT00019412,2025-07-01,dimensional,major,3,operator_error,return_to_supplier,2025-07-29,397.07
NC000001207,NC-2026-0001207,production_order,PRD000018422,P000890,LOT00101532,2024-12-23,dimensional,major,4,process_variation,rework,2025-01-20,178.69
NC000001208,NC-2026-0001208,production_order,PRD000018431,P000119,LOT00006888,2025-11-06,surface_finish,minor,2,process_variation,rework,2025-11-18,97.64
NC000001209,NC-2026-0001209,production_order,PRD000018444,P000648,LOT00223907,2026-09-16,packaging,minor,3,process_variation,scrap,2026-09-28,310.54
NC000001210,NC-2026-0001210,production_order,PRD000018454,P000569,LOT00018405,2024-04-16,electrical,minor,10,process_variation,use_as_is,2024-05-06,1953.61
NC000001211,NC-2026-0001211,production_order,PRD000018470,P000480,LOT00049393,2024-08-17,electrical,minor,5,operator_error,return_to_supplier,2024-09-13,522.63
NC000001212,NC-2026-0001212,production_order,PRD000018496,P000162,LOT00008200,2026-07-16,electrical,minor,14,operator_error,use_as_is,2026-08-09,299.68
NC000001213,NC-2026-0001213,production_order,PRD000018501,P000257,LOT00212517,2024-05-22,functional,minor,2,machine_setting,return_to_supplier,2024-06-19,288.67
NC000001214,NC-2026-0001214,production_order,PRD000018508,P000864,LOT00146295,2025-12-17,surface_finish,critical,2,process_variation,rework,2025-12-21,255.73
NC000001215,NC-2026-0001215,production_order,PRD000018556,P000415,LOT00001664,2026-03-02,surface_finish,minor,1,process_variation,rework,2026-03-07,37.47
NC000001216,NC-2026-0001216,production_order,PRD000018558,P000897,LOT00082270,2024-05-10,dimensional,minor,3,design_tolerance,scrap,2024-05-27,124.76
NC000001217,NC-2026-0001217,production_order,PRD000018572,P000632,LOT00049238,2024-09-26,surface_finish,critical,1,machine_setting,rework,2024-10-13,92.09
NC000001218,NC-2026-0001218,production_order,PRD000018598,P000607,LOT00164441,2025-10-26,electrical,minor,5,supplier_material,return_to_supplier,2025-11-21,236.04
NC000001219,NC-2026-0001219,production_order,PRD000018603,P000299,LOT00226705,2026-02-27,surface_finish,minor,2,design_tolerance,return_to_supplier,2026-03-27,615.22
NC000001220,NC-2026-0001220,production_order,PRD000018607,P000293,LOT00147861,2025-04-23,functional,critical,3,supplier_material,rework,2025-05-17,334.14
NC000001221,NC-2026-0001221,production_order,PRD000018615,P000437,LOT00183002,2025-10-29,functional,minor,4,process_variation,use_as_is,2025-11-25,730.85
NC000001222,NC-2026-0001222,production_order,PRD000018620,P000094,LOT00122335,2026-09-27,dimensional,major,1,process_variation,scrap,2026-10-25,0.0
NC000001223,NC-2026-0001223,production_order,PRD000018670,P000416,LOT00227828,2025-04-17,packaging,minor,1,design_tolerance,rework,2025-05-02,32.53
NC000001224,NC-2026-0001224,production_order,PRD000018674,P000303,LOT00027527,2024-07-25,functional,minor,10,process_variation,scrap,2024-08-09,518.65
NC000001225,NC-2026-0001225,production_order,PRD000018679,P000531,LOT00089727,2024-10-13,packaging,minor,12,operator_error,scrap,2024-11-03,1042.05
NC000001226,NC-2026-0001226,production_order,PRD000018732,P000448,LOT00060472,2026-05-30,dimensional,minor,1,supplier_material,rework,2026-06-25,26.78
NC000001227,NC-2026-0001227,production_order,PRD000018766,P000406,LOT00246697,2024-03-15,functional,major,5,design_tolerance,rework,2024-03-31,66.0
NC000001228,NC-2026-0001228,production_order,PRD000018768,P000575,LOT00214838,2026-08-20,dimensional,major,1,design_tolerance,rework,2026-09-11,97.83
NC000001229,NC-2026-0001229,production_order,PRD000018771,P000775,LOT00082466,2026-01-27,surface_finish,major,7,supplier_material,rework,2026-02-20,607.9
NC000001230,NC-2026-0001230,production_order,PRD000018799,P000027,LOT00213581,2025-09-07,electrical,major,8,supplier_material,rework,2025-09-16,527.92
NC000001231,NC-2026-0001231,production_order,PRD000018801,P000381,LOT00135824,2026-02-06,packaging,minor,2,supplier_material,rework,2026-03-01,320.39
NC000001232,NC-2026-0001232,production_order,PRD000018810,P000374,LOT00230470,2026-04-03,electrical,minor,7,design_tolerance,return_to_supplier,2026-04-25,957.42
NC000001233,NC-2026-0001233,production_order,PRD000018812,P000242,LOT00217339,2025-08-01,dimensional,minor,4,process_variation,return_to_supplier,2025-08-14,142.35
NC000001234,NC-2026-0001234,production_order,PRD000018818,P000348,LOT00103742,2025-09-15,dimensional,minor,4,machine_setting,rework,2025-10-15,178.07
NC000001235,NC-2026-0001235,production_order,PRD000018831,P000796,LOT00006127,2026-08-26,surface_finish,minor,7,operator_error,use_as_is,2026-08-31,443.0
NC000001236,NC-2026-0001236,production_order,PRD000018852,P000316,LOT00101595,2026-05-13,electrical,minor,1,machine_setting,return_to_supplier,2026-06-05,63.68
NC000001237,NC-2026-0001237,production_order,PRD000018862,P000837,LOT00145850,2024-09-19,electrical,major,4,process_variation,rework,2024-10-18,247.05
NC000001238,NC-2026-0001238,production_order,PRD000018870,P000664,LOT00005859,2026-07-16,dimensional,minor,3,design_tolerance,scrap,2026-08-14,149.66
NC000001239,NC-2026-0001239,production_order,PRD000018886,P000172,LOT00189367,2025-04-10,surface_finish,major,3,design_tolerance,rework,2025-04-21,83.66
NC000001240,NC-2026-0001240,production_order,PRD000018892,P000829,LOT00135793,2025-11-05,surface_finish,minor,2,process_variation,use_as_is,2025-11-14,537.97
NC000001241,NC-2026-0001241,production_order,PRD000018900,P000455,LOT00077653,2026-04-14,functional,minor,11,operator_error,use_as_is,2026-04-19,1739.87
NC000001242,NC-2026-0001242,production_order,PRD000018939,P000190,LOT00027079,2025-02-13,surface_finish,minor,7,design_tolerance,scrap,2025-02-27,503.76
NC000001243,NC-2026-0001243,production_order,PRD000018947,P000112,LOT00062033,2025-03-03,functional,major,3,machine_setting,rework,2025-03-06,1389.45
NC000001244,NC-2026-0001244,production_order,PRD000018954,P000148,LOT00239468,2024-11-15,packaging,minor,6,process_variation,return_to_supplier,2024-11-27,362.28
NC000001245,NC-2026-0001245,production_order,PRD000018985,P000663,LOT00245214,2025-08-16,dimensional,minor,5,design_tolerance,rework,2025-08-18,242.5
NC000001246,NC-2026-0001246,production_order,PRD000018987,P000509,LOT00202148,2024-09-19,electrical,critical,3,machine_setting,scrap,2024-09-30,270.07
NC000001247,NC-2026-0001247,production_order,PRD000018994,P000359,LOT00033590,2026-04-04,electrical,minor,2,machine_setting,return_to_supplier,2026-04-15,17.88
NC000001248,NC-2026-0001248,production_order,PRD000019012,P000250,LOT00114520,2024-12-20,functional,major,13,operator_error,rework,2025-01-15,1338.05
NC000001249,NC-2026-0001249,production_order,PRD000019018,P000431,LOT00247387,2024-11-10,functional,minor,13,machine_setting,rework,2024-11-29,179.4
NC000001250,NC-2026-0001250,production_order,PRD000019033,P000839,LOT00135142,2024-02-20,packaging,major,4,supplier_material,use_as_is,2024-03-08,265.63
NC000001251,NC-2026-0001251,production_order,PRD000019050,P000144,LOT00206976,2024-06-07,dimensional,minor,1,operator_error,rework,2024-06-19,88.68
NC000001252,NC-2026-0001252,production_order,PRD000019055,P000828,LOT00199531,2025-10-19,dimensional,major,12,supplier_material,rework,2025-11-08,933.58
NC000001253,NC-2026-0001253,production_order,PRD000019059,P000416,LOT00233143,2025-07-10,surface_finish,major,8,machine_setting,use_as_is,2025-07-25,542.46
NC000001254,NC-2026-0001254,production_order,PRD000019061,P000262,LOT00083859,2024-05-02,functional,minor,13,operator_error,return_to_supplier,2024-05-12,1258.19
NC000001255,NC-2026-0001255,production_order,PRD000019071,P000773,LOT00015799,2026-08-22,electrical,major,5,design_tolerance,use_as_is,2026-09-11,333.69
NC000001256,NC-2026-0001256,production_order,PRD000019140,P000813,LOT00129184,2026-08-03,electrical,major,7,machine_setting,rework,2026-08-06,286.09
NC000001257,NC-2026-0001257,production_order,PRD000019142,P000012,LOT00044579,2025-07-28,packaging,minor,10,operator_error,scrap,2025-08-16,1583.28
NC000001258,NC-2026-0001258,production_order,PRD000019147,P000452,LOT00019542,2025-06-20,electrical,minor,6,operator_error,rework,2025-06-23,449.01
NC000001259,NC-2026-0001259,production_order,PRD000019157,P000185,LOT00085060,2026-02-22,dimensional,major,7,operator_error,rework,2026-03-24,706.21
NC000001260,NC-2026-0001260,production_order,PRD000019162,P000929,LOT00073917,2026-07-26,functional,minor,1,design_tolerance,rework,2026-08-08,24.89
NC000001261,NC-2026-0001261,production_order,PRD000019191,P000484,LOT00123843,2024-09-09,dimensional,major,14,operator_error,return_to_supplier,2024-09-22,374.31
NC000001262,NC-2026-0001262,production_order,PRD000019196,P000502,LOT00219620,2025-02-25,functional,minor,14,machine_setting,rework,2025-03-06,2022.54
NC000001263,NC-2026-0001263,production_order,PRD000019197,P000472,LOT00025107,2024-05-08,surface_finish,minor,7,operator_error,rework,2024-05-28,644.67
NC000001264,NC-2026-0001264,production_order,PRD000019237,P000079,LOT00000288,2024-04-16,functional,minor,4,machine_setting,return_to_supplier,2024-04-22,130.68
NC000001265,NC-2026-0001265,production_order,PRD000019259,P000834,LOT00080044,2026-08-23,surface_finish,minor,6,design_tolerance,use_as_is,2026-08-29,142.18
NC000001266,NC-2026-0001266,production_order,PRD000019282,P000641,LOT00120333,2026-03-21,functional,major,14,operator_error,use_as_is,2026-04-06,2009.57
NC000001267,NC-2026-0001267,production_order,PRD000019306,P000486,LOT00052461,2026-04-22,surface_finish,minor,7,process_variation,rework,2026-05-06,410.33
NC000001268,NC-2026-0001268,production_order,PRD000019318,P000906,LOT00143576,2025-11-17,dimensional,minor,1,supplier_material,rework,2025-12-17,0.0
NC000001269,NC-2026-0001269,production_order,PRD000019322,P000670,LOT00232207,2026-07-06,electrical,minor,4,machine_setting,scrap,2026-07-29,170.33
NC000001270,NC-2026-0001270,production_order,PRD000019334,P000509,LOT00037085,2024-04-26,electrical,major,3,process_variation,scrap,2024-05-24,121.12
NC000001271,NC-2026-0001271,production_order,PRD000019376,P000836,LOT00102301,2026-03-03,dimensional,major,11,design_tolerance,return_to_supplier,2026-04-01,316.61
NC000001272,NC-2026-0001272,production_order,PRD000019392,P000555,LOT00029746,2025-10-01,dimensional,major,4,supplier_material,rework,2025-10-22,271.3
NC000001273,NC-2026-0001273,production_order,PRD000019408,P000242,LOT00214911,2024-04-11,functional,major,11,supplier_material,scrap,2024-05-03,943.33
NC000001274,NC-2026-0001274,production_order,PRD000019412,P000249,LOT00108602,2026-02-04,electrical,major,5,supplier_material,rework,2026-02-17,307.85
NC000001275,NC-2026-0001275,production_order,PRD000019416,P000447,LOT00029124,2024-05-27,functional,major,1,process_variation,use_as_is,2024-06-23,286.42
NC000001276,NC-2026-0001276,production_order,PRD000019418,P000939,LOT00048759,2025-04-10,packaging,minor,1,supplier_material,scrap,2025-05-10,0.0
NC000001277,NC-2026-0001277,production_order,PRD000019427,P000195,LOT00106891,2024-10-13,surface_finish,minor,1,machine_setting,return_to_supplier,2024-11-11,0.0
NC000001278,NC-2026-0001278,production_order,PRD000019429,P000459,LOT00109378,2026-05-01,dimensional,major,14,supplier_material,scrap,2026-05-10,344.49
NC000001279,NC-2026-0001279,production_order,PRD000019479,P000202,LOT00051300,2024-02-23,dimensional,major,2,process_variation,return_to_supplier,2024-03-21,127.43
NC000001280,NC-2026-0001280,production_order,PRD000019485,P000287,LOT00151144,2026-03-07,packaging,minor,2,supplier_material,return_to_supplier,2026-03-10,59.94
NC000001281,NC-2026-0001281,production_order,PRD000019508,P000809,LOT00007590,2025-09-01,dimensional,minor,9,design_tolerance,return_to_supplier,2025-09-25,639.96
NC000001282,NC-2026-0001282,production_order,PRD000019519,P000641,LOT00035956,2024-05-14,functional,major,1,process_variation,rework,2024-06-09,130.69
NC000001283,NC-2026-0001283,production_order,PRD000019526,P000306,LOT00187611,2025-02-06,dimensional,major,2,machine_setting,use_as_is,2025-02-28,229.13
NC000001284,NC-2026-0001284,production_order,PRD000019547,P000439,LOT00204738,2026-07-26,surface_finish,minor,1,supplier_material,rework,2026-08-22,156.23
NC000001285,NC-2026-0001285,production_order,PRD000019554,P000340,LOT00125683,2025-01-15,functional,minor,8,supplier_material,scrap,2025-01-21,188.19
NC000001286,NC-2026-0001286,production_order,PRD000019586,P000355,LOT00150007,2026-06-02,dimensional,minor,4,process_variation,use_as_is,2026-06-11,135.77
NC000001287,NC-2026-0001287,production_order,PRD000019612,P000536,LOT00141461,2026-02-24,surface_finish,minor,3,machine_setting,rework,2026-03-24,179.95
NC000001288,NC-2026-0001288,production_order,PRD000019631,P000077,LOT00065591,2025-07-14,packaging,major,3,machine_setting,use_as_is,2025-08-05,127.72
NC000001289,NC-2026-0001289,production_order,PRD000019641,P000786,LOT00092211,2026-03-08,functional,minor,4,process_variation,rework,2026-04-06,61.68
NC000001290,NC-2026-0001290,production_order,PRD000019643,P000186,LOT00045905,2025-12-28,packaging,minor,8,supplier_material,use_as_is,2025-12-30,250.4
NC000001291,NC-2026-0001291,production_order,PRD000019644,P000600,LOT00150949,2026-07-24,packaging,minor,9,machine_setting,scrap,2026-08-01,991.47
NC000001292,NC-2026-0001292,production_order,PRD000019650,P000120,LOT00176459,2026-09-21,surface_finish,minor,4,process_variation,rework,2026-10-21,73.8
NC000001293,NC-2026-0001293,production_order,PRD000019651,P000217,LOT00096664,2024-07-17,electrical,critical,3,process_variation,rework,2024-07-24,72.01
NC000001294,NC-2026-0001294,production_order,PRD000019654,P000936,LOT00232898,2025-05-08,functional,minor,4,process_variation,rework,2025-05-15,178.96
NC000001295,NC-2026-0001295,production_order,PRD000019702,P000326,LOT00203242,2024-07-01,electrical,critical,7,design_tolerance,rework,2024-07-26,398.15
NC000001296,NC-2026-0001296,production_order,PRD000019703,P000149,LOT00022772,2025-12-24,dimensional,major,13,supplier_material,rework,2026-01-23,1845.51
NC000001297,NC-2026-0001297,production_order,PRD000019719,P000029,LOT00034501,2026-02-28,dimensional,minor,1,supplier_material,rework,2026-03-26,164.09
NC000001298,NC-2026-0001298,production_order,PRD000019720,P000507,LOT00113598,2026-05-04,packaging,minor,2,supplier_material,rework,2026-05-24,126.02
NC000001299,NC-2026-0001299,production_order,PRD000019724,P000741,LOT00062125,2026-04-22,electrical,minor,5,supplier_material,rework,2026-04-26,98.18
NC000001300,NC-2026-0001300,production_order,PRD000019738,P000285,LOT00140063,2025-12-04,packaging,critical,2,design_tolerance,rework,2025-12-06,125.21
NC000001301,NC-2026-0001301,production_order,PRD000019743,P000669,LOT00173730,2025-06-08,dimensional,minor,1,machine_setting,rework,2025-07-01,0.0
NC000001302,NC-2026-0001302,production_order,PRD000019762,P000400,LOT00241005,2024-05-24,dimensional,major,1,process_variation,rework,2024-06-04,213.9
NC000001303,NC-2026-0001303,production_order,PRD000019801,P000548,LOT00009923,2026-08-05,packaging,critical,7,supplier_material,rework,2026-08-20,232.1
NC000001304,NC-2026-0001304,production_order,PRD000019826,P000163,LOT00247030,2024-10-08,surface_finish,minor,7,process_variation,return_to_supplier,2024-10-17,582.6
NC000001305,NC-2026-0001305,production_order,PRD000019858,P000365,LOT00247647,2026-04-07,dimensional,major,2,operator_error,return_to_supplier,2026-04-17,56.89
NC000001306,NC-2026-0001306,production_order,PRD000019864,P000212,LOT00184153,2025-08-02,surface_finish,minor,9,operator_error,rework,2025-08-15,1513.9
NC000001307,NC-2026-0001307,production_order,PRD000019877,P000922,LOT00173977,2024-11-24,functional,minor,3,process_variation,rework,2024-12-04,272.78
NC000001308,NC-2026-0001308,production_order,PRD000019883,P000728,LOT00028200,2025-05-26,functional,minor,3,supplier_material,use_as_is,2025-06-12,204.47
NC000001309,NC-2026-0001309,production_order,PRD000019907,P000158,LOT00170484,2024-09-25,functional,minor,5,machine_setting,rework,2024-10-02,252.64
NC000001310,NC-2026-0001310,production_order,PRD000019947,P000383,LOT00090198,2025-04-21,electrical,critical,5,process_variation,rework,2025-04-24,1129.51
NC000001311,NC-2026-0001311,production_order,PRD000019972,P000115,LOT00203431,2025-12-15,packaging,critical,2,process_variation,rework,2026-01-08,23.51
NC000001312,NC-2026-0001312,production_order,PRD000019979,P000929,LOT00023706,2024-11-29,dimensional,major,14,supplier_material,rework,2024-12-05,177.74
NC000001313,NC-2026-0001313,production_order,PRD000019982,P000606,LOT00016154,2024-03-19,packaging,minor,1,machine_setting,scrap,2024-03-27,170.6
NC000001314,NC-2026-0001314,production_order,PRD000019985,P000305,LOT00213053,2024-12-24,dimensional,critical,1,supplier_material,rework,2024-12-26,27.17
NC000001315,NC-2026-0001315,production_order,PRD000020020,P000615,LOT00170491,2026-09-02,electrical,major,9,operator_error,return_to_supplier,2026-09-16,354.7
NC000001316,NC-2026-0001316,production_order,PRD000020023,P000290,LOT00038400,2025-12-09,functional,critical,9,operator_error,rework,2025-12-13,1675.48
NC000001317,NC-2026-0001317,production_order,PRD000020026,P000067,LOT00013471,2025-04-26,surface_finish,critical,3,process_variation,use_as_is,2025-05-21,323.15
NC000001318,NC-2026-0001318,production_order,PRD000020028,P000409,LOT00029813,2024-05-22,surface_finish,minor,3,process_variation,rework,2024-05-25,224.23
NC000001319,NC-2026-0001319,production_order,PRD000020032,P000153,LOT00053779,2025-01-20,dimensional,major,5,operator_error,return_to_supplier,2025-02-09,238.67
NC000001320,NC-2026-0001320,production_order,PRD000020051,P000613,LOT00001828,2026-02-20,dimensional,major,2,supplier_material,scrap,2026-02-25,99.68
NC000001321,NC-2026-0001321,production_order,PRD000020067,P000017,LOT00101734,2026-03-30,functional,critical,5,machine_setting,rework,2026-04-17,184.19
NC000001322,NC-2026-0001322,production_order,PRD000020083,P000401,LOT00031682,2024-07-24,surface_finish,critical,7,machine_setting,rework,2024-08-03,532.8
NC000001323,NC-2026-0001323,production_order,PRD000020087,P000907,LOT00108518,2025-03-26,packaging,minor,7,process_variation,return_to_supplier,2025-03-29,709.35
NC000001324,NC-2026-0001324,production_order,PRD000020102,P000195,LOT00019946,2025-09-10,dimensional,minor,3,supplier_material,scrap,2025-10-06,480.33
NC000001325,NC-2026-0001325,production_order,PRD000020109,P000706,LOT00227576,2024-10-19,functional,major,11,process_variation,scrap,2024-11-04,825.46
NC000001326,NC-2026-0001326,production_order,PRD000020112,P000279,LOT00060635,2025-07-27,dimensional,major,13,operator_error,return_to_supplier,2025-08-20,181.69
NC000001327,NC-2026-0001327,production_order,PRD000020121,P000068,LOT00223361,2025-04-14,surface_finish,major,8,operator_error,use_as_is,2025-04-18,667.62
NC000001328,NC-2026-0001328,production_order,PRD000020125,P000294,LOT00132756,2024-12-04,surface_finish,major,2,process_variation,rework,2024-12-09,444.73
NC000001329,NC-2026-0001329,production_order,PRD000020145,P000091,LOT00084699,2026-02-15,dimensional,minor,11,machine_setting,scrap,2026-02-23,639.96
NC000001330,NC-2026-0001330,production_order,PRD000020150,P000144,LOT00195764,2024-07-19,surface_finish,major,2,supplier_material,scrap,2024-08-11,115.12
NC000001331,NC-2026-0001331,production_order,PRD000020163,P000543,LOT00150998,2024-11-04,electrical,minor,7,design_tolerance,rework,2024-12-03,687.5
NC000001332,NC-2026-0001332,production_order,PRD000020171,P000249,LOT00090128,2025-05-11,functional,minor,1,supplier_material,rework,2025-06-10,114.64
NC000001333,NC-2026-0001333,production_order,PRD000020173,P000306,LOT00042744,2025-10-04,functional,major,3,machine_setting,rework,2025-11-03,1153.75
NC000001334,NC-2026-0001334,production_order,PRD000020186,P000709,LOT00240021,2025-10-19,surface_finish,minor,6,design_tolerance,return_to_supplier,2025-11-04,344.74
NC000001335,NC-2026-0001335,production_order,PRD000020203,P000138,LOT00228115,2024-12-01,functional,critical,3,design_tolerance,rework,2024-12-23,159.08
NC000001336,NC-2026-0001336,production_order,PRD000020204,P000226,LOT00058679,2026-03-19,electrical,minor,2,machine_setting,rework,2026-04-10,46.05
NC000001337,NC-2026-0001337,production_order,PRD000020217,P000514,LOT00195719,2024-02-06,dimensional,minor,3,machine_setting,rework,2024-02-17,273.31
NC000001338,NC-2026-0001338,production_order,PRD000020231,P000608,LOT00063779,2024-09-23,dimensional,major,2,machine_setting,rework,2024-10-03,96.55
NC000001339,NC-2026-0001339,production_order,PRD000020245,P000438,LOT00081155,2025-10-19,surface_finish,critical,9,machine_setting,rework,2025-10-31,543.76
NC000001340,NC-2026-0001340,production_order,PRD000020264,P000833,LOT00062513,2024-04-18,dimensional,minor,1,machine_setting,rework,2024-05-16,11.28
NC000001341,NC-2026-0001341,production_order,PRD000020308,P000638,LOT00196460,2025-01-21,dimensional,major,2,process_variation,rework,2025-02-17,30.31
NC000001342,NC-2026-0001342,production_order,PRD000020325,P000819,LOT00078055,2026-08-07,functional,critical,1,supplier_material,rework,2026-08-28,88.6
NC000001343,NC-2026-0001343,production_order,PRD000020349,P000380,LOT00145854,2024-12-28,packaging,minor,1,design_tolerance,scrap,2025-01-07,54.85
NC000001344,NC-2026-0001344,production_order,PRD000020351,P000640,LOT00006592,2025-07-26,packaging,minor,4,operator_error,scrap,2025-08-25,140.08
NC000001345,NC-2026-0001345,production_order,PRD000020374,P000724,LOT00101574,2025-04-02,packaging,minor,3,machine_setting,use_as_is,2025-04-09,292.62
NC000001346,NC-2026-0001346,production_order,PRD000020396,P000190,LOT00029704,2024-10-17,functional,major,8,design_tolerance,rework,2024-10-23,224.69
NC000001347,NC-2026-0001347,production_order,PRD000020420,P000576,LOT00217686,2025-08-04,electrical,minor,5,process_variation,rework,2025-08-06,770.48
NC000001348,NC-2026-0001348,production_order,PRD000020456,P000149,LOT00028148,2026-01-04,electrical,major,8,operator_error,scrap,2026-01-12,1193.19
NC000001349,NC-2026-0001349,production_order,PRD000020471,P000653,LOT00176083,2025-03-20,functional,minor,1,process_variation,rework,2025-03-25,13.51
NC000001350,NC-2026-0001350,production_order,PRD000020480,P000511,LOT00142900,2026-03-11,packaging,minor,13,supplier_material,rework,2026-03-24,8484.63
NC000001351,NC-2026-0001351,production_order,PRD000020493,P000486,LOT00012455,2025-05-11,surface_finish,minor,1,process_variation,rework,2025-05-28,0.0
NC000001352,NC-2026-0001352,production_order,PRD000020496,P000403,LOT00008210,2026-03-18,dimensional,minor,1,machine_setting,scrap,2026-04-05,17.65
NC000001353,NC-2026-0001353,production_order,PRD000020502,P000364,LOT00207107,2024-02-07,packaging,major,8,process_variation,rework,2024-02-19,131.96
NC000001354,NC-2026-0001354,production_order,PRD000020512,P000133,LOT00202165,2025-08-18,functional,major,14,supplier_material,use_as_is,2025-09-16,410.7
NC000001355,NC-2026-0001355,production_order,PRD000020534,P000560,LOT00151743,2026-03-18,surface_finish,critical,10,machine_setting,scrap,2026-03-30,423.94
NC000001356,NC-2026-0001356,production_order,PRD000020553,P000749,LOT00110593,2025-07-22,packaging,minor,5,operator_error,scrap,2025-08-19,1245.56
NC000001357,NC-2026-0001357,production_order,PRD000020563,P000282,LOT00062448,2024-11-15,electrical,minor,3,machine_setting,return_to_supplier,2024-12-11,467.99
NC000001358,NC-2026-0001358,production_order,PRD000020575,P000209,LOT00119579,2025-03-25,functional,minor,13,machine_setting,use_as_is,2025-04-17,1122.38
NC000001359,NC-2026-0001359,production_order,PRD000020580,P000017,LOT00169733,2024-02-11,functional,minor,6,machine_setting,return_to_supplier,2024-03-05,289.34
NC000001360,NC-2026-0001360,production_order,PRD000020585,P000063,LOT00136413,2024-08-18,functional,minor,4,process_variation,rework,2024-09-11,184.69
NC000001361,NC-2026-0001361,production_order,PRD000020588,P000107,LOT00131609,2025-02-25,functional,critical,6,operator_error,scrap,2025-03-26,692.49
NC000001362,NC-2026-0001362,production_order,PRD000020610,P000820,LOT00139100,2025-02-27,surface_finish,minor,14,machine_setting,scrap,2025-03-20,2315.62
NC000001363,NC-2026-0001363,production_order,PRD000020626,P000194,LOT00227321,2025-06-16,surface_finish,major,1,process_variation,use_as_is,2025-07-03,130.84
NC000001364,NC-2026-0001364,production_order,PRD000020627,P000255,LOT00100793,2025-06-13,functional,minor,6,process_variation,rework,2025-06-23,975.07
NC000001365,NC-2026-0001365,production_order,PRD000020638,P000078,LOT00017978,2024-04-02,functional,minor,7,process_variation,rework,2024-04-04,259.61
NC000001366,NC-2026-0001366,production_order,PRD000020709,P000058,LOT00189804,2026-07-01,functional,major,5,process_variation,rework,2026-07-08,714.32
NC000001367,NC-2026-0001367,production_order,PRD000020742,P000179,LOT00200054,2026-03-15,surface_finish,minor,2,operator_error,rework,2026-04-13,270.27
NC000001368,NC-2026-0001368,production_order,PRD000020748,P000599,LOT00247266,2025-03-03,surface_finish,major,7,design_tolerance,rework,2025-03-10,531.13
NC000001369,NC-2026-0001369,production_order,PRD000020751,P000194,LOT00091597,2024-01-26,surface_finish,minor,2,process_variation,use_as_is,2024-02-09,292.62
NC000001370,NC-2026-0001370,production_order,PRD000020753,P000135,LOT00149254,2026-04-28,electrical,major,3,machine_setting,rework,2026-05-01,181.38
NC000001371,NC-2026-0001371,production_order,PRD000020757,P000644,LOT00093181,2026-04-13,surface_finish,critical,7,machine_setting,rework,2026-05-12,798.45
NC000001372,NC-2026-0001372,production_order,PRD000020768,P000161,LOT00161551,2026-02-11,functional,major,14,design_tolerance,rework,2026-03-04,828.0
NC000001373,NC-2026-0001373,production_order,PRD000020775,P000039,LOT00088598,2025-10-16,dimensional,major,4,design_tolerance,rework,2025-10-27,1147.86
NC000001374,NC-2026-0001374,production_order,PRD000020815,P000778,LOT00168389,2025-01-04,electrical,minor,3,operator_error,scrap,2025-01-24,1284.11
NC000001375,NC-2026-0001375,production_order,PRD000020822,P000367,LOT00067471,2024-08-09,surface_finish,major,6,operator_error,rework,2024-08-28,244.41
NC000001376,NC-2026-0001376,production_order,PRD000020823,P000364,LOT00054117,2024-12-15,dimensional,major,3,machine_setting,return_to_supplier,2024-12-18,136.49
NC000001377,NC-2026-0001377,production_order,PRD000020839,P000717,LOT00100326,2026-03-03,dimensional,minor,3,supplier_material,rework,2026-03-06,78.08
NC000001378,NC-2026-0001378,production_order,PRD000020843,P000587,LOT00180771,2025-07-19,dimensional,major,1,operator_error,rework,2025-08-06,165.44
NC000001379,NC-2026-0001379,production_order,PRD000020847,P000816,LOT00072643,2026-09-08,packaging,minor,2,machine_setting,scrap,2026-09-26,214.2
NC000001380,NC-2026-0001380,production_order,PRD000020852,P000321,LOT00133044,2024-07-15,dimensional,minor,2,machine_setting,scrap,2024-07-23,94.35
NC000001381,NC-2026-0001381,production_order,PRD000020854,P000631,LOT00022588,2025-10-16,dimensional,major,5,supplier_material,return_to_supplier,2025-10-25,209.01
NC000001382,NC-2026-0001382,production_order,PRD000020857,P000116,LOT00128363,2025-09-04,dimensional,minor,1,machine_setting,rework,2025-09-23,161.41
NC000001383,NC-2026-0001383,production_order,PRD000020871,P000795,LOT00011610,2024-06-27,surface_finish,critical,7,process_variation,rework,2024-07-04,267.29
NC000001384,NC-2026-0001384,production_order,PRD000020875,P000921,LOT00179329,2026-01-06,functional,minor,6,process_variation,return_to_supplier,2026-01-19,594.24
NC000001385,NC-2026-0001385,production_order,PRD000020912,P000411,LOT00008704,2025-05-08,surface_finish,major,4,supplier_material,use_as_is,2025-05-14,61.15
NC000001386,NC-2026-0001386,production_order,PRD000020925,P000374,LOT00038435,2024-10-09,surface_finish,minor,2,operator_error,rework,2024-10-31,91.03
NC000001387,NC-2026-0001387,production_order,PRD000020932,P000601,LOT00104440,2026-08-01,dimensional,major,6,operator_error,rework,2026-08-23,760.01
NC000001388,NC-2026-0001388,production_order,PRD000020944,P000540,LOT00004556,2024-04-26,functional,minor,7,operator_error,rework,2024-05-21,144.55
NC000001389,NC-2026-0001389,production_order,PRD000020948,P000756,LOT00159679,2025-11-01,electrical,minor,14,process_variation,rework,2025-11-25,804.49
NC000001390,NC-2026-0001390,production_order,PRD000020957,P000321,LOT00062958,2025-10-13,dimensional,minor,2,supplier_material,return_to_supplier,2025-10-30,28.69
NC000001391,NC-2026-0001391,production_order,PRD000020963,P000526,LOT00211336,2026-05-26,functional,critical,1,process_variation,return_to_supplier,2026-06-25,21.74
NC000001392,NC-2026-0001392,production_order,PRD000020974,P000843,LOT00179516,2024-10-12,surface_finish,minor,2,machine_setting,return_to_supplier,2024-11-06,67.99
NC000001393,NC-2026-0001393,production_order,PRD000020991,P000431,LOT00032987,2024-03-25,surface_finish,major,3,supplier_material,rework,2024-04-07,47.13
NC000001394,NC-2026-0001394,production_order,PRD000020992,P000225,LOT00102655,2025-05-27,surface_finish,minor,5,machine_setting,scrap,2025-06-07,309.07
NC000001395,NC-2026-0001395,production_order,PRD000020999,P000081,LOT00193251,2025-09-15,functional,critical,8,operator_error,scrap,2025-10-13,133.06
NC000001396,NC-2026-0001396,production_order,PRD000021000,P000839,LOT00000131,2025-07-05,surface_finish,major,11,supplier_material,rework,2025-08-02,553.0
NC000001397,NC-2026-0001397,production_order,PRD000021027,P000845,LOT00243346,2024-09-06,dimensional,major,2,process_variation,rework,2024-09-18,230.28
NC000001398,NC-2026-0001398,production_order,PRD000021029,P000786,LOT00017033,2025-09-25,surface_finish,minor,1,process_variation,rework,2025-10-01,0.0
NC000001399,NC-2026-0001399,production_order,PRD000021030,P000622,LOT00198567,2026-01-22,packaging,major,1,machine_setting,scrap,2026-02-03,0.0
NC000001400,NC-2026-0001400,production_order,PRD000021037,P000619,LOT00077254,2026-02-27,functional,critical,6,machine_setting,scrap,2026-03-19,366.41
NC000001401,NC-2026-0001401,production_order,PRD000021065,P000898,LOT00166343,2026-01-13,surface_finish,major,8,supplier_material,return_to_supplier,2026-02-03,459.38
NC000001402,NC-2026-0001402,production_order,PRD000021069,P000546,LOT00165236,2024-06-08,electrical,minor,3,machine_setting,rework,2024-06-30,103.71
NC000001403,NC-2026-0001403,production_order,PRD000021102,P000043,LOT00229937,2024-04-17,electrical,minor,6,design_tolerance,use_as_is,2024-04-19,832.75
NC000001404,NC-2026-0001404,production_order,PRD000021105,P000097,LOT00190882,2026-03-31,dimensional,minor,2,supplier_material,scrap,2026-04-02,213.43
NC000001405,NC-2026-0001405,production_order,PRD000021110,P000923,LOT00223258,2025-10-16,packaging,major,1,machine_setting,rework,2025-11-03,33.18
NC000001406,NC-2026-0001406,production_order,PRD000021127,P000287,LOT00066907,2026-08-29,packaging,major,2,supplier_material,scrap,2026-09-15,40.36
NC000001407,NC-2026-0001407,production_order,PRD000021159,P000775,LOT00154697,2026-05-28,surface_finish,minor,2,supplier_material,return_to_supplier,2026-06-12,214.09
NC000001408,NC-2026-0001408,production_order,PRD000021183,P000155,LOT00015372,2026-03-08,surface_finish,minor,3,process_variation,scrap,2026-03-12,317.59
NC000001409,NC-2026-0001409,production_order,PRD000021193,P000357,LOT00186431,2025-09-22,dimensional,critical,8,process_variation,scrap,2025-10-01,685.57
NC000001410,NC-2026-0001410,production_order,PRD000021206,P000665,LOT00202507,2025-05-21,electrical,minor,8,machine_setting,scrap,2025-06-17,227.32
NC000001411,NC-2026-0001411,production_order,PRD000021208,P000389,LOT00105571,2025-06-22,functional,major,10,process_variation,rework,2025-07-08,698.36
NC000001412,NC-2026-0001412,production_order,PRD000021221,P000462,LOT00127598,2024-12-28,functional,minor,2,design_tolerance,scrap,2025-01-14,224.78
NC000001413,NC-2026-0001413,production_order,PRD000021234,P000583,LOT00026290,2025-08-09,packaging,major,12,supplier_material,return_to_supplier,2025-08-22,864.62
NC000001414,NC-2026-0001414,production_order,PRD000021235,P000916,LOT00130929,2026-04-25,functional,minor,4,operator_error,rework,2026-05-24,204.87
NC000001415,NC-2026-0001415,production_order,PRD000021247,P000159,LOT00017870,2025-03-20,packaging,major,4,design_tolerance,use_as_is,2025-03-29,87.49
NC000001416,NC-2026-0001416,production_order,PRD000021283,P000422,LOT00054199,2024-11-19,packaging,critical,3,supplier_material,return_to_supplier,2024-11-22,476.97
NC000001417,NC-2026-0001417,production_order,PRD000021287,P000404,LOT00214621,2024-09-03,packaging,major,1,process_variation,scrap,2024-09-27,145.78
NC000001418,NC-2026-0001418,production_order,PRD000021299,P000630,LOT00247420,2024-11-05,surface_finish,minor,6,supplier_material,rework,2024-11-29,395.32
NC000001419,NC-2026-0001419,production_order,PRD000021307,P000919,LOT00112263,2025-05-16,functional,minor,3,design_tolerance,scrap,2025-06-02,110.0
NC000001420,NC-2026-0001420,production_order,PRD000021312,P000946,LOT00237323,2024-12-26,electrical,minor,2,process_variation,use_as_is,2025-01-18,126.82
NC000001421,NC-2026-0001421,production_order,PRD000021321,P000800,LOT00098193,2024-11-19,electrical,critical,9,design_tolerance,rework,2024-12-02,347.64
NC000001422,NC-2026-0001422,production_order,PRD000021322,P000164,LOT00174772,2025-02-28,packaging,major,2,machine_setting,rework,2025-03-14,117.35
NC000001423,NC-2026-0001423,production_order,PRD000021327,P000202,LOT00085094,2026-05-18,dimensional,minor,11,operator_error,rework,2026-05-26,1801.87
NC000001424,NC-2026-0001424,production_order,PRD000021339,P000842,LOT00202528,2026-07-04,electrical,minor,1,design_tolerance,use_as_is,2026-07-07,35.48
NC000001425,NC-2026-0001425,production_order,PRD000021360,P000294,LOT00248387,2024-01-29,functional,minor,1,machine_setting,return_to_supplier,2024-02-03,175.58
NC000001426,NC-2026-0001426,production_order,PRD000021383,P000312,LOT00015071,2024-07-25,functional,minor,1,process_variation,use_as_is,2024-08-21,109.81
NC000001427,NC-2026-0001427,production_order,PRD000021395,P000631,LOT00075976,2024-04-04,electrical,minor,9,machine_setting,scrap,2024-04-30,238.12
NC000001428,NC-2026-0001428,production_order,PRD000021403,P000086,LOT00209273,2024-10-23,packaging,major,11,operator_error,rework,2024-10-30,367.92
NC000001429,NC-2026-0001429,production_order,PRD000021427,P000911,LOT00190102,2024-04-26,packaging,major,5,machine_setting,use_as_is,2024-05-10,139.55
NC000001430,NC-2026-0001430,production_order,PRD000021455,P000896,LOT00221922,2024-06-09,packaging,minor,5,machine_setting,scrap,2024-07-08,99.14
NC000001431,NC-2026-0001431,production_order,PRD000021483,P000903,LOT00028825,2025-12-08,functional,major,13,design_tolerance,return_to_supplier,2025-12-19,421.78
NC000001432,NC-2026-0001432,production_order,PRD000021493,P000938,LOT00067139,2025-06-05,surface_finish,minor,3,machine_setting,return_to_supplier,2025-06-26,886.37
NC000001433,NC-2026-0001433,production_order,PRD000021504,P000725,LOT00015942,2025-07-08,surface_finish,major,5,process_variation,rework,2025-07-24,210.68
NC000001434,NC-2026-0001434,production_order,PRD000021539,P000517,LOT00082060,2025-04-21,electrical,minor,10,process_variation,return_to_supplier,2025-05-04,3417.02
NC000001435,NC-2026-0001435,production_order,PRD000021547,P000166,LOT00104936,2026-09-05,functional,minor,5,operator_error,rework,2026-09-10,400.21
NC000001436,NC-2026-0001436,production_order,PRD000021555,P000029,LOT00150289,2026-01-13,functional,minor,1,process_variation,rework,2026-02-06,178.11
NC000001437,NC-2026-0001437,production_order,PRD000021565,P000224,LOT00222983,2024-10-26,surface_finish,minor,11,design_tolerance,rework,2024-11-08,2868.32
NC000001438,NC-2026-0001438,production_order,PRD000021572,P000362,LOT00184254,2024-04-19,electrical,minor,2,operator_error,scrap,2024-04-22,120.52
NC000001439,NC-2026-0001439,production_order,PRD000021573,P000880,LOT00211226,2024-08-29,dimensional,critical,4,machine_setting,use_as_is,2024-08-31,491.93
NC000001440,NC-2026-0001440,production_order,PRD000021584,P000052,LOT00233065,2024-12-17,dimensional,critical,3,supplier_material,scrap,2025-01-13,67.92
NC000001441,NC-2026-0001441,production_order,PRD000021603,P000275,LOT00186007,2025-04-04,surface_finish,minor,9,machine_setting,rework,2025-05-03,801.11
NC000001442,NC-2026-0001442,production_order,PRD000021611,P000106,LOT00209195,2024-10-22,surface_finish,major,2,machine_setting,rework,2024-11-20,427.35
NC000001443,NC-2026-0001443,production_order,PRD000021627,P000109,LOT00141763,2024-12-07,functional,major,5,process_variation,rework,2024-12-18,260.71
NC000001444,NC-2026-0001444,production_order,PRD000021635,P000890,LOT00154947,2024-02-02,surface_finish,minor,1,machine_setting,rework,2024-02-10,16.07
NC000001445,NC-2026-0001445,production_order,PRD000021643,P000350,LOT00200426,2026-04-19,dimensional,critical,2,supplier_material,return_to_supplier,2026-05-10,55.03
NC000001446,NC-2026-0001446,production_order,PRD000021647,P000686,LOT00029285,2024-06-21,dimensional,critical,2,operator_error,scrap,2024-07-21,27.55
NC000001447,NC-2026-0001447,production_order,PRD000021674,P000056,LOT00130906,2024-02-20,dimensional,major,7,machine_setting,use_as_is,2024-03-02,530.24
NC000001448,NC-2026-0001448,production_order,PRD000021693,P000327,LOT00001444,2024-02-13,dimensional,minor,5,machine_setting,rework,2024-02-23,877.57
NC000001449,NC-2026-0001449,production_order,PRD000021706,P000219,LOT00029283,2026-03-23,functional,minor,8,supplier_material,scrap,2026-04-19,689.21
NC000001450,NC-2026-0001450,production_order,PRD000021708,P000037,LOT00142241,2025-12-30,surface_finish,minor,1,supplier_material,scrap,2026-01-11,0.0
NC000001451,NC-2026-0001451,production_order,PRD000021730,P000158,LOT00066951,2025-04-13,functional,major,2,process_variation,return_to_supplier,2025-05-13,63.22
NC000001452,NC-2026-0001452,production_order,PRD000021738,P000364,LOT00092011,2025-05-08,functional,major,2,design_tolerance,rework,2025-05-29,88.14
NC000001453,NC-2026-0001453,production_order,PRD000021740,P000026,LOT00237494,2025-09-06,packaging,major,9,supplier_material,rework,2025-09-24,284.78
NC000001454,NC-2026-0001454,production_order,PRD000021746,P000217,LOT00231625,2026-02-20,electrical,minor,4,process_variation,return_to_supplier,2026-02-27,250.11
NC000001455,NC-2026-0001455,production_order,PRD000021749,P000028,LOT00191712,2025-03-30,electrical,critical,1,machine_setting,scrap,2025-04-27,118.94
NC000001456,NC-2026-0001456,production_order,PRD000021750,P000746,LOT00001512,2024-12-09,surface_finish,critical,13,process_variation,use_as_is,2024-12-24,1303.15
NC000001457,NC-2026-0001457,production_order,PRD000021755,P000530,LOT00010450,2024-06-15,dimensional,major,10,machine_setting,rework,2024-06-26,313.25
NC000001458,NC-2026-0001458,production_order,PRD000021798,P000494,LOT00123129,2026-08-20,dimensional,minor,8,supplier_material,scrap,2026-09-06,289.53
NC000001459,NC-2026-0001459,production_order,PRD000021804,P000755,LOT00099965,2025-10-28,surface_finish,major,1,supplier_material,rework,2025-11-25,0.0
NC000001460,NC-2026-0001460,production_order,PRD000021818,P000098,LOT00063356,2024-02-04,dimensional,critical,10,operator_error,rework,2024-02-21,564.32
NC000001461,NC-2026-0001461,production_order,PRD000021839,P000553,LOT00033037,2025-07-11,packaging,major,2,design_tolerance,return_to_supplier,2025-07-23,600.27
NC000001462,NC-2026-0001462,production_order,PRD000021840,P000724,LOT00216451,2026-03-16,packaging,major,2,operator_error,scrap,2026-04-09,67.39
NC000001463,NC-2026-0001463,production_order,PRD000021846,P000921,LOT00106993,2026-01-15,functional,major,10,process_variation,use_as_is,2026-02-07,470.79
NC000001464,NC-2026-0001464,production_order,PRD000021859,P000484,LOT00156155,2024-02-24,surface_finish,major,2,machine_setting,use_as_is,2024-03-10,92.45
NC000001465,NC-2026-0001465,production_order,PRD000021860,P000549,LOT00101831,2026-05-25,surface_finish,critical,1,machine_setting,rework,2026-05-30,45.98
NC000001466,NC-2026-0001466,production_order,PRD000021874,P000007,LOT00137254,2025-07-09,functional,minor,3,process_variation,use_as_is,2025-07-28,166.21
NC000001467,NC-2026-0001467,production_order,PRD000021884,P000734,LOT00040475,2025-06-15,surface_finish,critical,8,machine_setting,rework,2025-07-11,512.15
NC000001468,NC-2026-0001468,production_order,PRD000021886,P000343,LOT00074820,2026-05-22,dimensional,minor,3,machine_setting,scrap,2026-06-21,144.03
NC000001469,NC-2026-0001469,production_order,PRD000021890,P000057,LOT00014909,2024-10-25,surface_finish,minor,1,design_tolerance,scrap,2024-11-16,208.61
NC000001470,NC-2026-0001470,production_order,PRD000021895,P000189,LOT00057839,2024-12-11,dimensional,minor,1,process_variation,rework,2024-12-14,63.52
NC000001471,NC-2026-0001471,production_order,PRD000021903,P000321,LOT00096201,2026-06-18,electrical,minor,7,machine_setting,scrap,2026-07-17,314.92
NC000001472,NC-2026-0001472,production_order,PRD000021910,P000484,LOT00079903,2024-12-23,dimensional,critical,1,supplier_material,scrap,2025-01-21,47.94
NC000001473,NC-2026-0001473,production_order,PRD000021914,P000054,LOT00202241,2024-01-31,dimensional,minor,3,machine_setting,scrap,2024-02-16,118.74
NC000001474,NC-2026-0001474,production_order,PRD000021924,P000040,LOT00075510,2025-06-15,dimensional,critical,1,process_variation,rework,2025-06-23,116.91
NC000001475,NC-2026-0001475,production_order,PRD000021949,P000564,LOT00093058,2025-11-12,surface_finish,major,2,design_tolerance,rework,2025-11-20,243.19
NC000001476,NC-2026-0001476,production_order,PRD000021982,P000620,LOT00002241,2026-03-30,electrical,major,5,design_tolerance,rework,2026-04-27,1908.23
NC000001477,NC-2026-0001477,production_order,PRD000021992,P000697,LOT00008361,2025-04-07,surface_finish,major,4,operator_error,rework,2025-04-20,388.89
NC000001478,NC-2026-0001478,production_order,PRD000022013,P000856,LOT00024398,2024-03-02,dimensional,minor,1,design_tolerance,rework,2024-03-23,62.56
NC000001479,NC-2026-0001479,production_order,PRD000022020,P000688,LOT00055775,2025-07-16,functional,major,8,operator_error,rework,2025-07-23,146.37
NC000001480,NC-2026-0001480,production_order,PRD000022042,P000868,LOT00207704,2026-04-19,functional,minor,4,process_variation,use_as_is,2026-04-29,425.74
NC000001481,NC-2026-0001481,production_order,PRD000022044,P000010,LOT00127571,2025-12-06,packaging,minor,2,process_variation,rework,2025-12-15,76.37
NC000001482,NC-2026-0001482,production_order,PRD000022051,P000483,LOT00008287,2026-02-17,packaging,minor,4,process_variation,use_as_is,2026-03-11,1000.98
NC000001483,NC-2026-0001483,production_order,PRD000022053,P000250,LOT00070722,2024-02-11,functional,critical,1,supplier_material,scrap,2024-03-01,127.13
NC000001484,NC-2026-0001484,production_order,PRD000022057,P000641,LOT00056961,2024-02-22,functional,minor,4,supplier_material,rework,2024-03-05,374.57
NC000001485,NC-2026-0001485,production_order,PRD000022088,P000055,LOT00238538,2024-05-18,dimensional,major,2,process_variation,rework,2024-05-23,779.09
NC000001486,NC-2026-0001486,production_order,PRD000022091,P000916,LOT00077464,2024-10-07,surface_finish,major,1,supplier_material,scrap,2024-11-04,0.0
NC000001487,NC-2026-0001487,production_order,PRD000022103,P000645,LOT00063897,2025-03-13,functional,major,3,supplier_material,use_as_is,2025-03-16,234.4
NC000001488,NC-2026-0001488,production_order,PRD000022119,P000357,LOT00090529,2025-02-19,functional,critical,7,process_variation,return_to_supplier,2025-03-18,359.97
NC000001489,NC-2026-0001489,production_order,PRD000022158,P000467,LOT00090571,2025-03-13,packaging,major,2,machine_setting,rework,2025-03-24,105.55
NC000001490,NC-2026-0001490,production_order,PRD000022178,P000091,LOT00060897,2024-03-13,dimensional,major,9,machine_setting,rework,2024-03-29,245.89
NC000001491,NC-2026-0001491,production_order,PRD000022193,P000632,LOT00146516,2025-10-15,electrical,minor,1,machine_setting,use_as_is,2025-10-22,0.0
NC000001492,NC-2026-0001492,production_order,PRD000022218,P000883,LOT00201953,2024-04-17,electrical,major,3,machine_setting,rework,2024-04-19,85.87
NC000001493,NC-2026-0001493,production_order,PRD000022220,P000272,LOT00148765,2024-05-07,functional,minor,3,machine_setting,use_as_is,2024-05-26,245.35
NC000001494,NC-2026-0001494,production_order,PRD000022227,P000616,LOT00182141,2025-10-27,surface_finish,minor,8,process_variation,return_to_supplier,2025-11-08,650.1
NC000001495,NC-2026-0001495,production_order,PRD000022240,P000595,LOT00185040,2024-08-08,dimensional,minor,7,process_variation,use_as_is,2024-08-10,214.25
NC000001496,NC-2026-0001496,production_order,PRD000022252,P000060,LOT00016417,2025-02-16,dimensional,major,13,design_tolerance,use_as_is,2025-02-22,826.08
NC000001497,NC-2026-0001497,production_order,PRD000022256,P000156,LOT00238022,2025-04-24,electrical,minor,3,operator_error,scrap,2025-05-05,191.15
NC000001498,NC-2026-0001498,production_order,PRD000022263,P000439,LOT00094098,2025-03-31,surface_finish,critical,4,operator_error,scrap,2025-04-22,291.19
NC000001499,NC-2026-0001499,production_order,PRD000022304,P000175,LOT00193709,2025-08-02,packaging,major,8,machine_setting,scrap,2025-08-11,311.08
NC000001500,NC-2026-0001500,production_order,PRD000022336,P000334,LOT00132490,2025-09-18,dimensional,critical,9,operator_error,rework,2025-09-30,971.27
NC000001501,NC-2026-0001501,production_order,PRD000022380,P000846,LOT00092481,2024-05-20,functional,minor,3,design_tolerance,use_as_is,2024-06-13,117.26
NC000001502,NC-2026-0001502,production_order,PRD000022405,P000531,LOT00238787,2025-05-16,packaging,minor,1,supplier_material,rework,2025-05-26,0.0
NC000001503,NC-2026-0001503,production_order,PRD000022407,P000251,LOT00175461,2026-05-23,functional,minor,6,design_tolerance,rework,2026-06-06,335.49
NC000001504,NC-2026-0001504,production_order,PRD000022430,P000922,LOT00231302,2024-12-14,surface_finish,major,10,operator_error,use_as_is,2024-12-31,677.19
NC000001505,NC-2026-0001505,production_order,PRD000022440,P000105,LOT00030628,2024-10-24,functional,major,13,operator_error,return_to_supplier,2024-11-01,1939.87
NC000001506,NC-2026-0001506,production_order,PRD000022444,P000942,LOT00030708,2025-10-29,packaging,minor,8,process_variation,use_as_is,2025-11-03,718.13
NC000001507,NC-2026-0001507,production_order,PRD000022447,P000906,LOT00062479,2026-02-19,surface_finish,minor,1,process_variation,rework,2026-03-17,113.68
NC000001508,NC-2026-0001508,production_order,PRD000022465,P000345,LOT00015911,2024-03-09,surface_finish,minor,4,operator_error,rework,2024-03-30,785.26
NC000001509,NC-2026-0001509,production_order,PRD000022484,P000149,LOT00018360,2025-12-28,surface_finish,major,2,design_tolerance,use_as_is,2026-01-22,175.23
NC000001510,NC-2026-0001510,production_order,PRD000022529,P000005,LOT00246314,2024-04-01,dimensional,critical,8,design_tolerance,scrap,2024-04-12,317.18
NC000001511,NC-2026-0001511,production_order,PRD000022539,P000897,LOT00098320,2025-04-20,surface_finish,major,9,operator_error,use_as_is,2025-04-29,820.36
NC000001512,NC-2026-0001512,production_order,PRD000022568,P000015,LOT00208217,2025-02-01,dimensional,minor,3,supplier_material,rework,2025-02-23,1230.83
NC000001513,NC-2026-0001513,production_order,PRD000022570,P000445,LOT00199247,2026-09-24,surface_finish,minor,4,supplier_material,scrap,2026-10-09,295.36
NC000001514,NC-2026-0001514,production_order,PRD000022609,P000794,LOT00246896,2025-05-22,packaging,major,4,process_variation,use_as_is,2025-06-02,658.21
NC000001515,NC-2026-0001515,production_order,PRD000022614,P000360,LOT00166112,2024-12-13,functional,major,2,design_tolerance,rework,2024-12-24,317.38
NC000001516,NC-2026-0001516,production_order,PRD000022646,P000560,LOT00153251,2025-03-31,electrical,minor,8,machine_setting,rework,2025-04-24,320.22
NC000001517,NC-2026-0001517,production_order,PRD000022675,P000660,LOT00043535,2026-02-01,functional,minor,1,supplier_material,rework,2026-03-03,0.0
NC000001518,NC-2026-0001518,production_order,PRD000022682,P000444,LOT00220362,2024-04-22,dimensional,minor,10,supplier_material,rework,2024-05-21,1070.37
NC000001519,NC-2026-0001519,production_order,PRD000022704,P000743,LOT00146555,2026-02-02,functional,major,4,operator_error,rework,2026-02-18,1096.87
NC000001520,NC-2026-0001520,production_order,PRD000022708,P000343,LOT00228015,2025-06-07,packaging,minor,2,machine_setting,scrap,2025-06-16,89.88
NC000001521,NC-2026-0001521,production_order,PRD000022749,P000749,LOT00195570,2024-09-20,dimensional,major,7,process_variation,rework,2024-10-13,1806.41
NC000001522,NC-2026-0001522,production_order,PRD000022754,P000677,LOT00193654,2024-04-08,packaging,major,6,machine_setting,rework,2024-04-22,1132.5
NC000001523,NC-2026-0001523,production_order,PRD000022759,P000657,LOT00033520,2025-04-26,functional,minor,1,supplier_material,scrap,2025-05-10,51.54
NC000001524,NC-2026-0001524,production_order,PRD000022762,P000843,LOT00089237,2026-05-20,functional,major,1,machine_setting,use_as_is,2026-06-19,15.84
NC000001525,NC-2026-0001525,production_order,PRD000022782,P000132,LOT00086822,2024-05-03,functional,major,7,design_tolerance,scrap,2024-05-15,116.08
NC000001526,NC-2026-0001526,production_order,PRD000022826,P000450,LOT00089298,2025-01-24,dimensional,major,3,machine_setting,return_to_supplier,2025-02-08,48.35
NC000001527,NC-2026-0001527,production_order,PRD000022833,P000356,LOT00082720,2025-06-16,surface_finish,major,5,machine_setting,rework,2025-06-29,422.04
NC000001528,NC-2026-0001528,production_order,PRD000022875,P000035,LOT00156543,2025-11-23,surface_finish,minor,1,operator_error,rework,2025-12-04,36.71
NC000001529,NC-2026-0001529,production_order,PRD000022885,P000917,LOT00100600,2024-05-16,electrical,major,2,operator_error,rework,2024-06-09,26.0
NC000001530,NC-2026-0001530,production_order,PRD000022889,P000557,LOT00138520,2025-09-05,packaging,minor,5,machine_setting,rework,2025-09-17,860.66
NC000001531,NC-2026-0001531,production_order,PRD000022894,P000449,LOT00094478,2025-04-16,functional,major,14,machine_setting,return_to_supplier,2025-04-28,2592.84
NC000001532,NC-2026-0001532,production_order,PRD000022896,P000480,LOT00224641,2025-01-15,surface_finish,minor,4,supplier_material,return_to_supplier,2025-02-02,459.81
NC000001533,NC-2026-0001533,production_order,PRD000022906,P000707,LOT00138919,2025-05-20,packaging,minor,1,process_variation,return_to_supplier,2025-06-03,168.94
NC000001534,NC-2026-0001534,production_order,PRD000022924,P000064,LOT00176105,2026-03-07,surface_finish,major,10,design_tolerance,return_to_supplier,2026-04-03,685.78
NC000001535,NC-2026-0001535,production_order,PRD000022933,P000494,LOT00104955,2025-12-04,dimensional,minor,6,operator_error,scrap,2025-12-31,154.47
NC000001536,NC-2026-0001536,production_order,PRD000022943,P000490,LOT00159809,2025-03-04,functional,minor,1,machine_setting,return_to_supplier,2025-04-01,58.0
NC000001537,NC-2026-0001537,production_order,PRD000022951,P000667,LOT00104217,2024-08-30,dimensional,critical,1,operator_error,rework,2024-09-10,328.85
NC000001538,NC-2026-0001538,production_order,PRD000022957,P000505,LOT00117206,2024-04-06,packaging,critical,3,machine_setting,use_as_is,2024-04-21,59.66
NC000001539,NC-2026-0001539,production_order,PRD000022966,P000148,LOT00064199,2024-06-23,surface_finish,major,10,supplier_material,rework,2024-07-02,316.76
NC000001540,NC-2026-0001540,production_order,PRD000022994,P000402,LOT00175939,2025-05-21,dimensional,minor,8,supplier_material,use_as_is,2025-05-28,1123.91
NC000001541,NC-2026-0001541,production_order,PRD000023023,P000806,LOT00028270,2024-06-21,functional,critical,9,operator_error,return_to_supplier,2024-07-19,542.64
NC000001542,NC-2026-0001542,production_order,PRD000023052,P000066,LOT00074952,2025-04-02,packaging,major,2,machine_setting,scrap,2025-04-11,138.09
NC000001543,NC-2026-0001543,production_order,PRD000023077,P000520,LOT00004474,2024-02-04,surface_finish,minor,2,process_variation,use_as_is,2024-02-17,297.57
NC000001544,NC-2026-0001544,production_order,PRD000023078,P000623,LOT00242119,2024-03-11,electrical,minor,7,process_variation,return_to_supplier,2024-04-10,964.12
NC000001545,NC-2026-0001545,production_order,PRD000023135,P000126,LOT00184561,2025-11-03,dimensional,minor,1,process_variation,rework,2025-11-05,82.16
NC000001546,NC-2026-0001546,production_order,PRD000023147,P000480,LOT00126282,2026-07-10,dimensional,minor,9,process_variation,rework,2026-08-03,1037.68
NC000001547,NC-2026-0001547,production_order,PRD000023162,P000147,LOT00050601,2025-11-08,packaging,major,6,process_variation,rework,2025-11-25,424.64
NC000001548,NC-2026-0001548,production_order,PRD000023189,P000123,LOT00200631,2026-02-23,electrical,major,3,process_variation,rework,2026-03-25,174.88
NC000001549,NC-2026-0001549,production_order,PRD000023199,P000506,LOT00220937,2025-01-25,surface_finish,critical,1,machine_setting,use_as_is,2025-02-07,69.54
NC000001550,NC-2026-0001550,production_order,PRD000023200,P000251,LOT00075769,2024-02-07,surface_finish,major,2,operator_error,use_as_is,2024-03-02,88.2
NC000001551,NC-2026-0001551,production_order,PRD000023205,P000426,LOT00245895,2024-06-05,dimensional,minor,6,process_variation,scrap,2024-06-07,435.15
NC000001552,NC-2026-0001552,production_order,PRD000023212,P000697,LOT00162634,2025-05-11,surface_finish,major,5,operator_error,rework,2025-05-16,1113.83
NC000001553,NC-2026-0001553,production_order,PRD000023226,P000901,LOT00243144,2024-09-08,packaging,minor,9,process_variation,scrap,2024-10-02,234.78
NC000001554,NC-2026-0001554,production_order,PRD000023286,P000726,LOT00162517,2024-04-20,functional,minor,1,supplier_material,scrap,2024-04-22,286.36
NC000001555,NC-2026-0001555,production_order,PRD000023299,P000423,LOT00237740,2025-01-09,dimensional,critical,4,process_variation,rework,2025-01-30,382.63
NC000001556,NC-2026-0001556,production_order,PRD000023315,P000937,LOT00008773,2024-08-12,functional,minor,1,operator_error,return_to_supplier,2024-09-04,87.12
NC000001557,NC-2026-0001557,production_order,PRD000023350,P000803,LOT00138904,2024-06-27,dimensional,minor,9,design_tolerance,rework,2024-07-07,151.16
NC000001558,NC-2026-0001558,production_order,PRD000023362,P000577,LOT00077890,2025-03-31,dimensional,minor,2,design_tolerance,use_as_is,2025-04-29,188.07
NC000001559,NC-2026-0001559,production_order,PRD000023363,P000519,LOT00248427,2026-06-25,electrical,minor,2,machine_setting,return_to_supplier,2026-07-10,138.01
NC000001560,NC-2026-0001560,production_order,PRD000023370,P000065,LOT00165120,2026-01-05,dimensional,minor,11,design_tolerance,rework,2026-01-14,502.27
NC000001561,NC-2026-0001561,production_order,PRD000023377,P000732,LOT00089523,2025-11-21,packaging,critical,6,design_tolerance,scrap,2025-12-09,571.43
NC000001562,NC-2026-0001562,production_order,PRD000023379,P000294,LOT00247335,2025-02-03,functional,minor,1,supplier_material,rework,2025-02-08,61.34
NC000001563,NC-2026-0001563,production_order,PRD000023386,P000873,LOT00055315,2025-08-27,surface_finish,major,1,operator_error,scrap,2025-09-13,0.0
NC000001564,NC-2026-0001564,production_order,PRD000023387,P000398,LOT00040685,2025-10-18,functional,major,10,machine_setting,rework,2025-11-09,2022.27
NC000001565,NC-2026-0001565,production_order,PRD000023454,P000553,LOT00105725,2026-02-28,surface_finish,minor,5,machine_setting,rework,2026-03-05,1310.5
NC000001566,NC-2026-0001566,production_order,PRD000023467,P000027,LOT00089138,2025-12-30,packaging,major,1,operator_error,use_as_is,2026-01-13,44.81
NC000001567,NC-2026-0001567,production_order,PRD000023476,P000420,LOT00201486,2026-05-08,dimensional,major,2,operator_error,use_as_is,2026-05-16,37.51
NC000001568,NC-2026-0001568,production_order,PRD000023483,P000538,LOT00242178,2025-05-02,functional,minor,13,design_tolerance,use_as_is,2025-05-16,3332.63
NC000001569,NC-2026-0001569,production_order,PRD000023487,P000141,LOT00175434,2026-02-14,functional,minor,5,process_variation,rework,2026-02-17,79.08
NC000001570,NC-2026-0001570,production_order,PRD000023495,P000740,LOT00051090,2025-12-22,functional,major,2,process_variation,rework,2026-01-15,47.98
NC000001571,NC-2026-0001571,production_order,PRD000023496,P000557,LOT00144281,2026-07-25,packaging,critical,1,design_tolerance,use_as_is,2026-08-06,105.64
NC000001572,NC-2026-0001572,production_order,PRD000023504,P000913,LOT00154168,2026-04-15,functional,major,3,supplier_material,scrap,2026-04-30,112.27
NC000001573,NC-2026-0001573,production_order,PRD000023509,P000362,LOT00199230,2025-02-01,dimensional,critical,5,design_tolerance,scrap,2025-02-16,647.83
NC000001574,NC-2026-0001574,production_order,PRD000023515,P000625,LOT00050829,2025-09-23,packaging,major,3,operator_error,scrap,2025-09-25,128.57
NC000001575,NC-2026-0001575,production_order,PRD000023520,P000171,LOT00114569,2026-09-12,dimensional,major,1,operator_error,rework,2026-10-05,168.89
NC000001576,NC-2026-0001576,production_order,PRD000023548,P000122,LOT00062693,2026-07-14,electrical,minor,6,supplier_material,rework,2026-07-30,336.08
NC000001577,NC-2026-0001577,production_order,PRD000023549,P000889,LOT00205215,2026-02-15,dimensional,major,10,machine_setting,rework,2026-03-05,520.58
NC000001578,NC-2026-0001578,production_order,PRD000023553,P000435,LOT00183724,2024-03-05,surface_finish,major,2,machine_setting,scrap,2024-03-11,111.83
NC000001579,NC-2026-0001579,production_order,PRD000023563,P000855,LOT00027942,2026-03-15,functional,major,3,process_variation,scrap,2026-03-19,75.66
NC000001580,NC-2026-0001580,production_order,PRD000023567,P000552,LOT00169296,2024-07-08,functional,major,1,process_variation,rework,2024-07-10,733.97
NC000001581,NC-2026-0001581,production_order,PRD000023570,P000301,LOT00118153,2025-10-12,functional,minor,9,process_variation,rework,2025-10-29,599.68
NC000001582,NC-2026-0001582,production_order,PRD000023571,P000755,LOT00103224,2025-11-16,functional,minor,5,process_variation,rework,2025-12-10,64.61
NC000001583,NC-2026-0001583,production_order,PRD000023603,P000113,LOT00125340,2026-01-12,functional,major,1,process_variation,rework,2026-02-10,68.91
NC000001584,NC-2026-0001584,production_order,PRD000023639,P000890,LOT00047984,2026-05-30,electrical,major,11,process_variation,use_as_is,2026-06-03,227.8
NC000001585,NC-2026-0001585,production_order,PRD000023654,P000041,LOT00098542,2025-12-02,electrical,major,8,design_tolerance,use_as_is,2025-12-23,370.23
NC000001586,NC-2026-0001586,production_order,PRD000023664,P000845,LOT00045232,2026-04-06,dimensional,major,10,machine_setting,return_to_supplier,2026-04-10,841.68
NC000001587,NC-2026-0001587,production_order,PRD000023675,P000808,LOT00128570,2026-01-13,functional,major,1,machine_setting,scrap,2026-01-29,105.72
NC000001588,NC-2026-0001588,production_order,PRD000023697,P000305,LOT00012136,2024-08-30,electrical,major,6,supplier_material,rework,2024-09-11,402.94
NC000001589,NC-2026-0001589,production_order,PRD000023699,P000019,LOT00003182,2026-01-27,packaging,minor,1,process_variation,rework,2026-02-25,118.33
NC000001590,NC-2026-0001590,production_order,PRD000023702,P000540,LOT00170348,2025-02-24,electrical,critical,12,process_variation,rework,2025-03-07,433.68
NC000001591,NC-2026-0001591,production_order,PRD000023716,P000121,LOT00112046,2024-11-06,electrical,minor,6,machine_setting,scrap,2024-12-04,317.8
NC000001592,NC-2026-0001592,production_order,PRD000023730,P000868,LOT00144268,2026-03-02,dimensional,minor,1,process_variation,use_as_is,2026-03-28,77.96
NC000001593,NC-2026-0001593,production_order,PRD000023731,P000341,LOT00033988,2025-03-08,functional,minor,6,process_variation,scrap,2025-03-25,290.3
NC000001594,NC-2026-0001594,production_order,PRD000023738,P000629,LOT00003111,2024-10-18,dimensional,major,5,operator_error,rework,2024-11-13,120.03
NC000001595,NC-2026-0001595,production_order,PRD000023775,P000617,LOT00023469,2025-07-05,packaging,minor,6,process_variation,rework,2025-07-19,167.8
NC000001596,NC-2026-0001596,production_order,PRD000023782,P000498,LOT00237034,2025-07-17,surface_finish,major,4,machine_setting,rework,2025-08-06,391.24
NC000001597,NC-2026-0001597,production_order,PRD000023794,P000102,LOT00006876,2025-10-31,electrical,major,1,supplier_material,rework,2025-11-29,148.53
NC000001598,NC-2026-0001598,production_order,PRD000023799,P000349,LOT00163606,2025-12-13,functional,major,1,design_tolerance,use_as_is,2026-01-06,40.7
NC000001599,NC-2026-0001599,production_order,PRD000023816,P000928,LOT00171445,2024-11-22,functional,major,5,machine_setting,scrap,2024-12-20,1352.67
NC000001600,NC-2026-0001600,production_order,PRD000023829,P000786,LOT00084285,2025-02-12,electrical,major,4,process_variation,use_as_is,2025-03-11,148.29
NC000001601,NC-2026-0001601,production_order,PRD000023831,P000244,LOT00232822,2024-03-22,functional,minor,4,supplier_material,rework,2024-04-13,115.07
NC000001602,NC-2026-0001602,production_order,PRD000023840,P000926,LOT00205381,2024-02-26,functional,minor,4,process_variation,rework,2024-03-16,38.13
NC000001603,NC-2026-0001603,production_order,PRD000023847,P000919,LOT00118897,2025-04-02,surface_finish,minor,3,operator_error,use_as_is,2025-05-02,86.99
NC000001604,NC-2026-0001604,production_order,PRD000023863,P000475,LOT00168439,2025-06-12,dimensional,major,13,process_variation,return_to_supplier,2025-07-11,5552.29
NC000001605,NC-2026-0001605,production_order,PRD000023882,P000679,LOT00181802,2026-03-09,surface_finish,minor,7,operator_error,rework,2026-03-12,325.12
NC000001606,NC-2026-0001606,production_order,PRD000023898,P000949,LOT00112432,2026-01-27,dimensional,minor,4,process_variation,rework,2026-02-11,110.93
NC000001607,NC-2026-0001607,production_order,PRD000023923,P000456,LOT00080343,2024-08-27,packaging,major,1,process_variation,return_to_supplier,2024-09-26,388.04
NC000001608,NC-2026-0001608,production_order,PRD000023933,P000147,LOT00188473,2026-01-13,dimensional,major,3,design_tolerance,scrap,2026-01-20,177.23
NC000001609,NC-2026-0001609,production_order,PRD000023956,P000181,LOT00075883,2025-11-12,electrical,major,14,machine_setting,rework,2025-12-06,1246.02
NC000001610,NC-2026-0001610,production_order,PRD000023962,P000882,LOT00203827,2025-08-02,packaging,minor,6,machine_setting,return_to_supplier,2025-08-19,807.45
NC000001611,NC-2026-0001611,production_order,PRD000023970,P000675,LOT00239760,2026-06-26,dimensional,minor,9,operator_error,use_as_is,2026-07-16,288.81
NC000001612,NC-2026-0001612,production_order,PRD000023981,P000720,LOT00195199,2025-08-12,dimensional,major,7,design_tolerance,rework,2025-09-10,598.92
NC000001613,NC-2026-0001613,production_order,PRD000024009,P000283,LOT00066518,2024-11-06,functional,major,6,process_variation,return_to_supplier,2024-11-30,699.52
NC000001614,NC-2026-0001614,production_order,PRD000024010,P000608,LOT00078522,2024-03-02,functional,major,12,process_variation,use_as_is,2024-03-16,825.82
NC000001615,NC-2026-0001615,production_order,PRD000024035,P000430,LOT00230153,2025-12-22,dimensional,minor,1,machine_setting,scrap,2025-12-24,20.15
NC000001616,NC-2026-0001616,production_order,PRD000024050,P000388,LOT00048579,2024-02-17,electrical,minor,4,supplier_material,rework,2024-02-28,243.22
NC000001617,NC-2026-0001617,production_order,PRD000024061,P000125,LOT00080782,2024-05-30,surface_finish,minor,3,operator_error,rework,2024-06-18,113.03
NC000001618,NC-2026-0001618,production_order,PRD000024086,P000453,LOT00116107,2026-09-19,surface_finish,minor,6,process_variation,rework,2026-10-18,589.64
NC000001619,NC-2026-0001619,production_order,PRD000024109,P000186,LOT00132970,2024-09-11,dimensional,critical,3,design_tolerance,scrap,2024-09-25,35.62
NC000001620,NC-2026-0001620,production_order,PRD000024115,P000498,LOT00218864,2025-07-22,packaging,minor,2,design_tolerance,scrap,2025-07-26,291.22
NC000001621,NC-2026-0001621,production_order,PRD000024122,P000094,LOT00024223,2025-09-15,functional,major,4,supplier_material,rework,2025-10-06,116.37
NC000001622,NC-2026-0001622,production_order,PRD000024132,P000437,LOT00021318,2024-09-19,surface_finish,minor,1,supplier_material,use_as_is,2024-10-13,0.0
NC000001623,NC-2026-0001623,production_order,PRD000024136,P000610,LOT00058012,2025-12-18,electrical,minor,4,process_variation,return_to_supplier,2025-12-31,168.85
NC000001624,NC-2026-0001624,production_order,PRD000024164,P000189,LOT00152166,2025-03-14,functional,minor,4,operator_error,use_as_is,2025-03-23,91.14
NC000001625,NC-2026-0001625,production_order,PRD000024170,P000488,LOT00145185,2024-02-20,electrical,minor,5,machine_setting,scrap,2024-03-07,24.99
NC000001626,NC-2026-0001626,production_order,PRD000024201,P000594,LOT00187025,2025-04-19,dimensional,major,1,process_variation,scrap,2025-05-13,32.43
NC000001627,NC-2026-0001627,production_order,PRD000024220,P000735,LOT00215382,2026-04-25,dimensional,minor,2,machine_setting,rework,2026-05-04,67.48
NC000001628,NC-2026-0001628,production_order,PRD000024235,P000152,LOT00098724,2025-03-11,dimensional,minor,1,process_variation,scrap,2025-03-14,40.41
NC000001629,NC-2026-0001629,production_order,PRD000024288,P000370,LOT00108894,2026-06-30,packaging,minor,2,machine_setting,use_as_is,2026-07-08,273.89
NC000001630,NC-2026-0001630,production_order,PRD000024294,P000585,LOT00184956,2025-07-20,surface_finish,minor,3,process_variation,rework,2025-07-27,78.38
NC000001631,NC-2026-0001631,production_order,PRD000024317,P000178,LOT00147558,2024-03-31,surface_finish,major,13,process_variation,scrap,2024-04-29,655.53
NC000001632,NC-2026-0001632,production_order,PRD000024335,P000301,LOT00237776,2024-09-17,dimensional,minor,1,operator_error,scrap,2024-09-22,28.16
NC000001633,NC-2026-0001633,production_order,PRD000024341,P000082,LOT00147653,2024-05-01,electrical,minor,10,machine_setting,rework,2024-05-15,1775.0
NC000001634,NC-2026-0001634,production_order,PRD000024351,P000660,LOT00052427,2025-03-14,packaging,minor,11,operator_error,use_as_is,2025-04-10,788.75
NC000001635,NC-2026-0001635,production_order,PRD000024393,P000675,LOT00144510,2025-09-17,electrical,critical,1,machine_setting,scrap,2025-09-21,0.0
NC000001636,NC-2026-0001636,production_order,PRD000024406,P000408,LOT00202711,2025-12-14,dimensional,minor,7,operator_error,use_as_is,2025-12-27,1142.63
NC000001637,NC-2026-0001637,production_order,PRD000024415,P000840,LOT00000961,2024-10-18,dimensional,minor,7,machine_setting,scrap,2024-10-21,247.57
NC000001638,NC-2026-0001638,production_order,PRD000024432,P000416,LOT00096640,2026-09-04,electrical,major,13,operator_error,scrap,2026-09-07,629.29
NC000001639,NC-2026-0001639,production_order,PRD000024434,P000751,LOT00099746,2026-07-31,surface_finish,major,4,design_tolerance,use_as_is,2026-08-30,92.2
NC000001640,NC-2026-0001640,production_order,PRD000024441,P000305,LOT00212958,2025-01-03,electrical,minor,8,process_variation,scrap,2025-01-14,526.13
NC000001641,NC-2026-0001641,production_order,PRD000024453,P000438,LOT00122378,2026-03-09,surface_finish,minor,2,design_tolerance,return_to_supplier,2026-03-29,78.05
NC000001642,NC-2026-0001642,production_order,PRD000024473,P000707,LOT00157147,2026-05-11,functional,minor,2,process_variation,scrap,2026-05-15,457.35
NC000001643,NC-2026-0001643,production_order,PRD000024528,P000285,LOT00175733,2026-02-24,electrical,minor,4,process_variation,scrap,2026-03-13,163.32
NC000001644,NC-2026-0001644,production_order,PRD000024532,P000628,LOT00172848,2025-04-29,surface_finish,major,6,machine_setting,rework,2025-05-25,376.08
NC000001645,NC-2026-0001645,production_order,PRD000024553,P000422,LOT00053995,2025-04-13,functional,minor,6,design_tolerance,rework,2025-04-24,978.51
NC000001646,NC-2026-0001646,production_order,PRD000024564,P000023,LOT00204198,2026-07-08,functional,minor,1,process_variation,rework,2026-07-30,0.0
NC000001647,NC-2026-0001647,production_order,PRD000024571,P000418,LOT00105304,2026-08-03,surface_finish,major,3,operator_error,use_as_is,2026-09-02,465.29
NC000001648,NC-2026-0001648,production_order,PRD000024601,P000201,LOT00077061,2024-02-05,dimensional,critical,6,process_variation,rework,2024-03-05,322.85
NC000001649,NC-2026-0001649,production_order,PRD000024625,P000616,LOT00144506,2026-03-29,functional,minor,6,machine_setting,rework,2026-04-12,371.92
NC000001650,NC-2026-0001650,production_order,PRD000024628,P000811,LOT00177189,2025-11-19,surface_finish,minor,3,operator_error,scrap,2025-12-04,1381.2
NC000001651,NC-2026-0001651,production_order,PRD000024636,P000805,LOT00069524,2025-10-26,functional,minor,6,machine_setting,scrap,2025-11-24,301.67
NC000001652,NC-2026-0001652,production_order,PRD000024647,P000067,LOT00149794,2024-01-30,surface_finish,major,2,process_variation,scrap,2024-02-16,90.11
NC000001653,NC-2026-0001653,production_order,PRD000024652,P000206,LOT00077121,2025-05-21,surface_finish,minor,2,machine_setting,scrap,2025-06-05,147.45
NC000001654,NC-2026-0001654,production_order,PRD000024658,P000520,LOT00075706,2025-12-18,surface_finish,major,12,design_tolerance,rework,2025-12-28,1017.99
NC000001655,NC-2026-0001655,production_order,PRD000024669,P000342,LOT00232994,2025-10-24,functional,minor,2,machine_setting,rework,2025-11-01,54.79
NC000001656,NC-2026-0001656,production_order,PRD000024682,P000718,LOT00063949,2025-08-04,functional,minor,2,process_variation,rework,2025-08-25,209.93
NC000001657,NC-2026-0001657,production_order,PRD000024714,P000638,LOT00155311,2025-12-22,dimensional,minor,9,machine_setting,use_as_is,2026-01-06,145.26
NC000001658,NC-2026-0001658,production_order,PRD000024719,P000007,LOT00172111,2025-08-03,dimensional,major,3,supplier_material,scrap,2025-08-12,540.24
NC000001659,NC-2026-0001659,production_order,PRD000024735,P000595,LOT00043850,2024-03-10,dimensional,major,2,supplier_material,scrap,2024-03-20,91.53
NC000001660,NC-2026-0001660,production_order,PRD000024771,P000536,LOT00149904,2026-08-30,dimensional,minor,3,machine_setting,rework,2026-09-01,320.95
NC000001661,NC-2026-0001661,production_order,PRD000024796,P000937,LOT00005753,2026-07-20,surface_finish,critical,2,supplier_material,scrap,2026-08-08,254.78
NC000001662,NC-2026-0001662,production_order,PRD000024825,P000469,LOT00049667,2024-06-28,dimensional,minor,4,machine_setting,scrap,2024-07-28,148.03
NC000001663,NC-2026-0001663,production_order,PRD000024834,P000327,LOT00179177,2024-03-24,dimensional,major,1,machine_setting,use_as_is,2024-04-06,174.15
NC000001664,NC-2026-0001664,production_order,PRD000024835,P000946,LOT00137171,2025-06-29,electrical,minor,1,process_variation,rework,2025-07-29,86.66
NC000001665,NC-2026-0001665,production_order,PRD000024863,P000332,LOT00007343,2024-03-31,functional,major,12,operator_error,return_to_supplier,2024-04-06,2180.76
NC000001666,NC-2026-0001666,production_order,PRD000024867,P000496,LOT00119833,2025-11-06,functional,minor,5,process_variation,scrap,2025-11-30,188.94
NC000001667,NC-2026-0001667,production_order,PRD000024886,P000540,LOT00212897,2026-08-25,dimensional,major,10,supplier_material,return_to_supplier,2026-09-01,579.98
NC000001668,NC-2026-0001668,production_order,PRD000024890,P000352,LOT00157359,2026-07-21,packaging,critical,2,operator_error,use_as_is,2026-07-27,705.15
NC000001669,NC-2026-0001669,production_order,PRD000024895,P000289,LOT00027371,2025-11-16,dimensional,minor,11,process_variation,use_as_is,2025-12-12,402.93
NC000001670,NC-2026-0001670,production_order,PRD000024918,P000227,LOT00218553,2026-04-28,packaging,major,1,process_variation,rework,2026-05-06,31.11
NC000001671,NC-2026-0001671,production_order,PRD000024921,P000519,LOT00175077,2024-07-22,surface_finish,minor,11,process_variation,return_to_supplier,2024-08-09,459.17
NC000001672,NC-2026-0001672,production_order,PRD000024924,P000163,LOT00214211,2024-12-18,electrical,critical,1,process_variation,rework,2024-12-30,0.0
NC000001673,NC-2026-0001673,production_order,PRD000024935,P000109,LOT00177211,2026-09-23,packaging,minor,1,supplier_material,scrap,2026-10-21,15.68
NC000001674,NC-2026-0001674,production_order,PRD000024944,P000571,LOT00094663,2024-10-14,functional,major,1,machine_setting,rework,2024-10-22,52.84
NC000001675,NC-2026-0001675,production_order,PRD000024961,P000055,LOT00163984,2024-03-25,dimensional,minor,2,operator_error,scrap,2024-04-13,372.28
NC000001676,NC-2026-0001676,production_order,PRD000024970,P000774,LOT00031863,2024-10-29,packaging,critical,1,supplier_material,rework,2024-11-14,0.0
NC000001677,NC-2026-0001677,production_order,PRD000024984,P000608,LOT00190541,2024-07-03,dimensional,minor,2,operator_error,rework,2024-07-09,76.23
NC000001678,NC-2026-0001678,production_order,PRD000025014,P000693,LOT00080456,2025-03-25,surface_finish,major,3,design_tolerance,rework,2025-04-15,101.27
NC000001679,NC-2026-0001679,production_order,PRD000025019,P000233,LOT00038577,2025-07-03,surface_finish,major,1,operator_error,scrap,2025-08-02,31.11
NC000001680,NC-2026-0001680,production_order,PRD000025036,P000751,LOT00170344,2024-08-20,dimensional,major,2,supplier_material,scrap,2024-09-09,25.17
NC000001681,NC-2026-0001681,production_order,PRD000025068,P000349,LOT00001559,2025-07-27,packaging,minor,3,machine_setting,return_to_supplier,2025-08-18,179.67
NC000001682,NC-2026-0001682,production_order,PRD000025069,P000927,LOT00109747,2024-07-12,functional,minor,3,process_variation,scrap,2024-07-30,203.69
NC000001683,NC-2026-0001683,production_order,PRD000025096,P000669,LOT00191396,2025-05-25,electrical,critical,2,process_variation,return_to_supplier,2025-06-22,184.5
NC000001684,NC-2026-0001684,production_order,PRD000025121,P000341,LOT00080766,2025-07-11,dimensional,minor,6,machine_setting,rework,2025-07-26,651.78
NC000001685,NC-2026-0001685,production_order,PRD000025146,P000141,LOT00217508,2026-09-27,functional,minor,6,process_variation,rework,2026-10-21,232.18
NC000001686,NC-2026-0001686,production_order,PRD000025176,P000442,LOT00182322,2026-02-18,electrical,critical,5,machine_setting,return_to_supplier,2026-03-11,1493.69
NC000001687,NC-2026-0001687,production_order,PRD000025187,P000246,LOT00011693,2026-03-11,surface_finish,critical,5,supplier_material,use_as_is,2026-04-03,609.33
NC000001688,NC-2026-0001688,production_order,PRD000025188,P000158,LOT00121633,2024-01-12,functional,major,1,design_tolerance,scrap,2024-02-01,14.2
NC000001689,NC-2026-0001689,production_order,PRD000025216,P000078,LOT00179993,2025-06-05,dimensional,critical,4,operator_error,rework,2025-06-16,97.77
NC000001690,NC-2026-0001690,production_order,PRD000025217,P000017,LOT00020343,2025-12-05,electrical,major,2,process_variation,rework,2026-01-03,28.24
NC000001691,NC-2026-0001691,production_order,PRD000025227,P000862,LOT00198793,2026-04-08,functional,major,5,operator_error,return_to_supplier,2026-04-15,358.79
NC000001692,NC-2026-0001692,production_order,PRD000025234,P000460,LOT00202068,2025-05-09,functional,minor,2,supplier_material,rework,2025-05-14,190.3
NC000001693,NC-2026-0001693,production_order,PRD000025249,P000637,LOT00176416,2025-02-16,functional,critical,6,design_tolerance,rework,2025-03-15,239.56
NC000001694,NC-2026-0001694,production_order,PRD000025283,P000575,LOT00048066,2025-02-28,packaging,major,4,process_variation,scrap,2025-03-07,812.78
NC000001695,NC-2026-0001695,production_order,PRD000025285,P000404,LOT00113672,2025-10-06,dimensional,minor,1,machine_setting,rework,2025-10-14,174.82
NC000001696,NC-2026-0001696,production_order,PRD000025301,P000292,LOT00177360,2025-01-18,functional,minor,3,machine_setting,rework,2025-02-17,1897.13
NC000001697,NC-2026-0001697,production_order,PRD000025306,P000100,LOT00042788,2025-10-27,functional,minor,8,process_variation,scrap,2025-11-13,228.66
NC000001698,NC-2026-0001698,production_order,PRD000025319,P000139,LOT00066364,2024-07-09,packaging,major,6,supplier_material,scrap,2024-07-19,178.28
NC000001699,NC-2026-0001699,production_order,PRD000025333,P000382,LOT00065460,2026-06-23,surface_finish,minor,4,machine_setting,use_as_is,2026-07-03,70.01
NC000001700,NC-2026-0001700,production_order,PRD000025380,P000770,LOT00153606,2024-06-07,packaging,minor,6,machine_setting,return_to_supplier,2024-07-04,634.73
NC000001701,NC-2026-0001701,production_order,PRD000025382,P000340,LOT00180584,2024-11-19,functional,minor,1,process_variation,scrap,2024-12-06,19.99
NC000001702,NC-2026-0001702,production_order,PRD000025409,P000940,LOT00247862,2026-06-03,electrical,minor,6,process_variation,rework,2026-06-21,1102.35
NC000001703,NC-2026-0001703,production_order,PRD000025417,P000203,LOT00072370,2024-02-12,dimensional,minor,10,operator_error,scrap,2024-02-27,1017.63
NC000001704,NC-2026-0001704,production_order,PRD000025431,P000186,LOT00230344,2026-06-19,electrical,minor,12,operator_error,rework,2026-07-10,155.52
NC000001705,NC-2026-0001705,production_order,PRD000025458,P000545,LOT00079026,2025-09-11,electrical,minor,1,machine_setting,use_as_is,2025-10-06,33.26
NC000001706,NC-2026-0001706,production_order,PRD000025460,P000326,LOT00146542,2024-05-06,electrical,major,6,operator_error,return_to_supplier,2024-05-17,450.01
NC000001707,NC-2026-0001707,production_order,PRD000025477,P000730,LOT00199292,2026-08-17,surface_finish,major,3,process_variation,return_to_supplier,2026-09-05,197.1
NC000001708,NC-2026-0001708,production_order,PRD000025481,P000905,LOT00052453,2025-07-13,surface_finish,major,1,process_variation,return_to_supplier,2025-08-07,174.17
NC000001709,NC-2026-0001709,production_order,PRD000025494,P000328,LOT00226192,2024-07-31,electrical,major,9,process_variation,use_as_is,2024-08-06,687.12
NC000001710,NC-2026-0001710,production_order,PRD000025520,P000480,LOT00143645,2025-07-19,functional,minor,4,supplier_material,rework,2025-07-26,244.12
NC000001711,NC-2026-0001711,production_order,PRD000025527,P000589,LOT00108557,2024-07-06,electrical,minor,1,supplier_material,scrap,2024-07-28,30.39
NC000001712,NC-2026-0001712,production_order,PRD000025562,P000425,LOT00064961,2025-06-10,functional,major,4,supplier_material,scrap,2025-06-24,422.52
NC000001713,NC-2026-0001713,production_order,PRD000025572,P000763,LOT00148178,2024-05-08,dimensional,major,6,process_variation,use_as_is,2024-05-26,62.5
NC000001714,NC-2026-0001714,production_order,PRD000025584,P000291,LOT00158541,2025-02-09,electrical,critical,12,operator_error,use_as_is,2025-02-17,1249.19
NC000001715,NC-2026-0001715,production_order,PRD000025585,P000368,LOT00024361,2026-10-09,dimensional,minor,3,design_tolerance,rework,2026-11-06,298.95
NC000001716,NC-2026-0001716,production_order,PRD000025588,P000355,LOT00095834,2025-03-21,functional,major,8,process_variation,return_to_supplier,2025-04-07,244.21
NC000001717,NC-2026-0001717,production_order,PRD000025601,P000128,LOT00000725,2026-08-22,electrical,major,1,machine_setting,scrap,2026-09-14,21.74
NC000001718,NC-2026-0001718,production_order,PRD000025619,P000238,LOT00225011,2025-09-18,dimensional,major,2,machine_setting,use_as_is,2025-09-21,290.09
NC000001719,NC-2026-0001719,production_order,PRD000025658,P000708,LOT00145660,2025-02-15,functional,minor,3,design_tolerance,rework,2025-02-22,410.96
NC000001720,NC-2026-0001720,production_order,PRD000025669,P000437,LOT00162327,2024-03-14,electrical,minor,10,supplier_material,scrap,2024-04-10,1343.73
NC000001721,NC-2026-0001721,production_order,PRD000025689,P000225,LOT00246405,2025-12-19,functional,major,3,process_variation,rework,2025-12-22,238.83
NC000001722,NC-2026-0001722,production_order,PRD000025716,P000047,LOT00147558,2024-11-14,dimensional,minor,1,operator_error,scrap,2024-12-12,77.5
NC000001723,NC-2026-0001723,production_order,PRD000025720,P000371,LOT00069689,2024-11-10,functional,major,3,operator_error,rework,2024-12-07,269.42
NC000001724,NC-2026-0001724,production_order,PRD000025733,P000944,LOT00138456,2025-08-21,surface_finish,critical,7,operator_error,rework,2025-08-23,215.5
NC000001725,NC-2026-0001725,production_order,PRD000025737,P000573,LOT00094801,2024-06-30,dimensional,major,1,supplier_material,scrap,2024-07-10,0.0
NC000001726,NC-2026-0001726,production_order,PRD000025751,P000859,LOT00023492,2026-01-02,dimensional,major,3,process_variation,scrap,2026-01-24,122.5
NC000001727,NC-2026-0001727,production_order,PRD000025784,P000426,LOT00177786,2024-11-17,surface_finish,minor,9,machine_setting,scrap,2024-12-12,288.03
NC000001728,NC-2026-0001728,production_order,PRD000025799,P000867,LOT00036437,2024-10-15,dimensional,minor,1,machine_setting,return_to_supplier,2024-10-31,214.01
NC000001729,NC-2026-0001729,production_order,PRD000025817,P000247,LOT00138558,2024-02-08,surface_finish,critical,6,machine_setting,scrap,2024-03-03,599.1
NC000001730,NC-2026-0001730,production_order,PRD000025859,P000427,LOT00084694,2026-07-25,functional,minor,4,supplier_material,scrap,2026-07-29,183.41
NC000001731,NC-2026-0001731,production_order,PRD000025906,P000653,LOT00089068,2026-08-15,surface_finish,minor,1,process_variation,return_to_supplier,2026-08-19,0.0
NC000001732,NC-2026-0001732,production_order,PRD000025928,P000679,LOT00090749,2025-07-22,dimensional,major,6,machine_setting,return_to_supplier,2025-07-31,303.47
NC000001733,NC-2026-0001733,production_order,PRD000025946,P000677,LOT00048588,2026-08-22,functional,minor,7,process_variation,return_to_supplier,2026-09-05,1021.22
NC000001734,NC-2026-0001734,production_order,PRD000025958,P000765,LOT00023706,2025-11-04,functional,minor,1,operator_error,scrap,2025-11-19,40.78
NC000001735,NC-2026-0001735,production_order,PRD000025963,P000143,LOT00188901,2025-11-18,functional,minor,3,machine_setting,rework,2025-12-10,94.83
NC000001736,NC-2026-0001736,production_order,PRD000025981,P000264,LOT00116751,2024-02-27,surface_finish,minor,6,process_variation,scrap,2024-03-08,656.84
NC000001737,NC-2026-0001737,production_order,PRD000026005,P000039,LOT00214653,2026-06-28,packaging,major,2,supplier_material,use_as_is,2026-07-02,850.97
NC000001738,NC-2026-0001738,production_order,PRD000026023,P000727,LOT00160985,2024-07-08,dimensional,major,2,machine_setting,rework,2024-08-05,23.7
NC000001739,NC-2026-0001739,production_order,PRD000026040,P000240,LOT00060439,2024-06-28,dimensional,minor,11,design_tolerance,rework,2024-07-17,2118.21
NC000001740,NC-2026-0001740,production_order,PRD000026053,P000652,LOT00153540,2025-12-23,electrical,minor,7,process_variation,use_as_is,2026-01-14,612.14
NC000001741,NC-2026-0001741,production_order,PRD000026054,P000586,LOT00030347,2026-04-04,functional,critical,11,process_variation,return_to_supplier,2026-04-20,1475.74
NC000001742,NC-2026-0001742,production_order,PRD000026081,P000286,LOT00096740,2024-11-01,packaging,minor,1,operator_error,rework,2024-11-28,66.36
NC000001743,NC-2026-0001743,production_order,PRD000026084,P000577,LOT00202611,2026-07-12,functional,minor,2,machine_setting,rework,2026-08-05,236.86
NC000001744,NC-2026-0001744,production_order,PRD000026108,P000228,LOT00050170,2024-09-28,functional,major,2,process_variation,rework,2024-10-15,179.86
NC000001745,NC-2026-0001745,production_order,PRD000026117,P000604,LOT00009510,2024-07-05,packaging,critical,2,supplier_material,rework,2024-07-07,307.04
NC000001746,NC-2026-0001746,production_order,PRD000026122,P000070,LOT00100154,2025-06-11,surface_finish,major,1,supplier_material,rework,2025-06-13,85.8
NC000001747,NC-2026-0001747,production_order,PRD000026132,P000890,LOT00184802,2024-03-22,functional,major,1,process_variation,rework,2024-04-14,44.98
NC000001748,NC-2026-0001748,production_order,PRD000026140,P000746,LOT00051985,2025-04-12,dimensional,major,8,design_tolerance,rework,2025-04-16,539.63
NC000001749,NC-2026-0001749,production_order,PRD000026148,P000113,LOT00093390,2026-05-18,dimensional,major,1,machine_setting,rework,2026-05-30,34.25
NC000001750,NC-2026-0001750,production_order,PRD000026150,P000631,LOT00198867,2025-11-10,functional,critical,9,machine_setting,use_as_is,2025-11-13,500.13
NC000001751,NC-2026-0001751,production_order,PRD000026181,P000905,LOT00086997,2025-05-25,dimensional,minor,13,machine_setting,scrap,2025-06-05,2868.59
NC000001752,NC-2026-0001752,production_order,PRD000026183,P000326,LOT00220072,2024-08-25,dimensional,minor,7,design_tolerance,rework,2024-08-30,552.53
NC000001753,NC-2026-0001753,production_order,PRD000026186,P000026,LOT00060428,2025-09-17,surface_finish,minor,10,design_tolerance,scrap,2025-09-23,408.47
NC000001754,NC-2026-0001754,production_order,PRD000026202,P000172,LOT00079087,2024-10-30,functional,minor,8,machine_setting,return_to_supplier,2024-11-23,292.08
NC000001755,NC-2026-0001755,production_order,PRD000026218,P000697,LOT00219538,2026-05-07,packaging,minor,9,machine_setting,scrap,2026-05-21,2341.57
NC000001756,NC-2026-0001756,production_order,PRD000026221,P000563,LOT00200525,2025-12-31,surface_finish,major,7,machine_setting,scrap,2026-01-22,1144.66
NC000001757,NC-2026-0001757,production_order,PRD000026233,P000607,LOT00183473,2024-12-15,functional,minor,12,design_tolerance,return_to_supplier,2025-01-01,1014.51
NC000001758,NC-2026-0001758,production_order,PRD000026279,P000857,LOT00240857,2024-09-28,surface_finish,major,9,design_tolerance,return_to_supplier,2024-10-19,376.74
NC000001759,NC-2026-0001759,production_order,PRD000026310,P000051,LOT00200157,2025-05-22,functional,major,7,design_tolerance,rework,2025-06-06,106.24
NC000001760,NC-2026-0001760,production_order,PRD000026332,P000737,LOT00034670,2026-07-31,surface_finish,minor,1,supplier_material,rework,2026-08-26,70.88
NC000001761,NC-2026-0001761,production_order,PRD000026346,P000440,LOT00065831,2024-05-03,surface_finish,minor,6,design_tolerance,scrap,2024-05-31,289.49
NC000001762,NC-2026-0001762,production_order,PRD000026360,P000705,LOT00085768,2026-04-10,dimensional,major,8,supplier_material,scrap,2026-04-29,566.37
NC000001763,NC-2026-0001763,production_order,PRD000026388,P000438,LOT00050052,2025-08-29,surface_finish,critical,5,machine_setting,rework,2025-09-23,509.02
NC000001764,NC-2026-0001764,production_order,PRD000026402,P000399,LOT00125049,2025-12-14,dimensional,major,5,operator_error,rework,2025-12-30,257.58
NC000001765,NC-2026-0001765,production_order,PRD000026468,P000532,LOT00172575,2025-05-10,surface_finish,major,3,process_variation,return_to_supplier,2025-06-01,140.5
NC000001766,NC-2026-0001766,production_order,PRD000026469,P000763,LOT00090777,2026-08-20,electrical,minor,10,machine_setting,rework,2026-09-09,71.02
NC000001767,NC-2026-0001767,production_order,PRD000026473,P000760,LOT00081602,2025-02-19,surface_finish,minor,2,operator_error,return_to_supplier,2025-03-02,74.94
NC000001768,NC-2026-0001768,production_order,PRD000026492,P000701,LOT00090865,2024-03-02,surface_finish,minor,4,machine_setting,scrap,2024-03-21,472.6
NC000001769,NC-2026-0001769,production_order,PRD000026496,P000431,LOT00003805,2024-11-25,electrical,major,3,process_variation,rework,2024-12-02,57.91
NC000001770,NC-2026-0001770,production_order,PRD000026508,P000884,LOT00242903,2026-09-16,surface_finish,minor,1,supplier_material,use_as_is,2026-09-30,17.59
NC000001771,NC-2026-0001771,production_order,PRD000026535,P000235,LOT00009490,2025-07-11,surface_finish,minor,6,operator_error,rework,2025-07-25,2159.61
NC000001772,NC-2026-0001772,production_order,PRD000026539,P000766,LOT00081726,2024-02-09,electrical,major,3,operator_error,rework,2024-02-12,261.24
NC000001773,NC-2026-0001773,production_order,PRD000026589,P000634,LOT00172278,2026-08-01,packaging,minor,9,design_tolerance,scrap,2026-08-27,209.28
NC000001774,NC-2026-0001774,production_order,PRD000026590,P000428,LOT00246629,2024-11-22,functional,major,3,supplier_material,scrap,2024-12-05,220.43
NC000001775,NC-2026-0001775,production_order,PRD000026606,P000025,LOT00071962,2024-06-20,functional,minor,2,process_variation,rework,2024-07-17,210.9
NC000001776,NC-2026-0001776,production_order,PRD000026620,P000422,LOT00159910,2026-03-12,packaging,minor,3,operator_error,rework,2026-04-04,497.0
NC000001777,NC-2026-0001777,production_order,PRD000026621,P000863,LOT00205554,2024-08-11,packaging,minor,2,machine_setting,rework,2024-08-26,335.11
NC000001778,NC-2026-0001778,production_order,PRD000026626,P000158,LOT00072924,2025-11-22,packaging,minor,11,process_variation,rework,2025-12-13,486.73
NC000001779,NC-2026-0001779,production_order,PRD000026629,P000898,LOT00209206,2026-03-22,functional,major,12,process_variation,scrap,2026-03-24,1458.87
NC000001780,NC-2026-0001780,production_order,PRD000026639,P000434,LOT00058857,2025-06-07,packaging,minor,7,process_variation,scrap,2025-06-29,725.6
NC000001781,NC-2026-0001781,production_order,PRD000026658,P000055,LOT00218304,2025-01-08,surface_finish,minor,4,machine_setting,rework,2025-01-25,1590.23
NC000001782,NC-2026-0001782,production_order,PRD000026673,P000540,LOT00080708,2024-08-16,surface_finish,major,5,supplier_material,scrap,2024-08-27,228.49
NC000001783,NC-2026-0001783,production_order,PRD000026696,P000562,LOT00116053,2025-02-02,dimensional,minor,1,machine_setting,rework,2025-02-08,0.0
NC000001784,NC-2026-0001784,production_order,PRD000026715,P000305,LOT00128640,2025-05-19,dimensional,minor,3,supplier_material,rework,2025-06-10,106.32
NC000001785,NC-2026-0001785,production_order,PRD000026724,P000666,LOT00039847,2025-11-29,functional,minor,5,process_variation,rework,2025-12-08,248.33
NC000001786,NC-2026-0001786,production_order,PRD000026737,P000262,LOT00158468,2025-10-02,surface_finish,minor,5,process_variation,rework,2025-10-06,147.57
NC000001787,NC-2026-0001787,production_order,PRD000026761,P000225,LOT00059778,2025-06-20,dimensional,major,6,process_variation,return_to_supplier,2025-07-05,688.33
NC000001788,NC-2026-0001788,production_order,PRD000026771,P000450,LOT00139264,2026-07-12,functional,minor,6,supplier_material,scrap,2026-08-11,221.86
NC000001789,NC-2026-0001789,production_order,PRD000026795,P000072,LOT00202042,2025-01-15,packaging,major,1,supplier_material,return_to_supplier,2025-01-19,25.75
NC000001790,NC-2026-0001790,production_order,PRD000026796,P000121,LOT00205839,2024-07-15,dimensional,major,5,process_variation,rework,2024-07-21,326.93
NC000001791,NC-2026-0001791,production_order,PRD000026798,P000582,LOT00213870,2024-07-11,dimensional,minor,12,process_variation,return_to_supplier,2024-07-14,3051.96
NC000001792,NC-2026-0001792,production_order,PRD000026822,P000418,LOT00195901,2024-11-11,packaging,major,1,process_variation,rework,2024-12-09,65.74
NC000001793,NC-2026-0001793,production_order,PRD000026838,P000373,LOT00213852,2024-06-19,functional,minor,8,design_tolerance,use_as_is,2024-06-27,428.67
NC000001794,NC-2026-0001794,production_order,PRD000026911,P000906,LOT00027753,2026-03-14,dimensional,critical,13,operator_error,use_as_is,2026-03-30,1446.6
NC000001795,NC-2026-0001795,production_order,PRD000026950,P000829,LOT00184141,2026-01-12,functional,major,2,machine_setting,use_as_is,2026-02-09,172.26
NC000001796,NC-2026-0001796,production_order,PRD000026951,P000259,LOT00156806,2026-09-13,dimensional,major,12,machine_setting,rework,2026-10-07,1862.98
NC000001797,NC-2026-0001797,production_order,PRD000026969,P000159,LOT00166003,2026-03-09,dimensional,minor,3,machine_setting,rework,2026-04-08,129.48
NC000001798,NC-2026-0001798,production_order,PRD000026972,P000212,LOT00008999,2025-06-02,functional,critical,1,machine_setting,rework,2025-06-12,257.65
NC000001799,NC-2026-0001799,production_order,PRD000026976,P000862,LOT00176569,2024-05-17,surface_finish,major,3,design_tolerance,use_as_is,2024-06-16,164.31
NC000001800,NC-2026-0001800,production_order,PRD000026987,P000401,LOT00041594,2025-06-06,dimensional,critical,8,supplier_material,scrap,2025-06-27,260.45
NC000001801,NC-2026-0001801,production_order,PRD000026988,P000077,LOT00172856,2024-03-15,electrical,major,14,machine_setting,rework,2024-04-09,382.65
NC000001802,NC-2026-0001802,production_order,PRD000027001,P000399,LOT00134354,2025-04-14,packaging,major,6,operator_error,use_as_is,2025-05-02,262.31
NC000001803,NC-2026-0001803,production_order,PRD000027015,P000020,LOT00155330,2025-07-14,electrical,minor,5,design_tolerance,rework,2025-08-11,138.41
NC000001804,NC-2026-0001804,production_order,PRD000027042,P000884,LOT00174077,2025-09-30,packaging,major,3,machine_setting,rework,2025-10-04,32.97
NC000001805,NC-2026-0001805,production_order,PRD000027047,P000146,LOT00137929,2025-11-12,electrical,major,2,process_variation,use_as_is,2025-11-20,39.45
NC000001806,NC-2026-0001806,production_order,PRD000027092,P000258,LOT00216980,2024-07-16,electrical,minor,2,operator_error,return_to_supplier,2024-07-23,99.22
NC000001807,NC-2026-0001807,production_order,PRD000027098,P000198,LOT00011389,2026-05-26,dimensional,major,10,machine_setting,rework,2026-06-08,369.39
NC000001808,NC-2026-0001808,production_order,PRD000027110,P000898,LOT00178749,2026-05-08,packaging,major,2,supplier_material,scrap,2026-05-23,61.06
NC000001809,NC-2026-0001809,production_order,PRD000027133,P000045,LOT00008815,2024-03-26,packaging,major,8,process_variation,scrap,2024-04-03,1572.13
NC000001810,NC-2026-0001810,production_order,PRD000027140,P000377,LOT00023775,2025-03-25,dimensional,minor,2,machine_setting,rework,2025-04-07,98.02
NC000001811,NC-2026-0001811,production_order,PRD000027154,P000645,LOT00165077,2024-06-20,functional,minor,7,supplier_material,scrap,2024-06-28,542.35
NC000001812,NC-2026-0001812,production_order,PRD000027156,P000473,LOT00071752,2026-02-10,electrical,minor,9,machine_setting,rework,2026-03-11,343.97
NC000001813,NC-2026-0001813,production_order,PRD000027169,P000806,LOT00086652,2024-10-22,functional,minor,9,process_variation,rework,2024-10-24,811.98
NC000001814,NC-2026-0001814,production_order,PRD000027188,P000677,LOT00143372,2026-08-03,surface_finish,critical,1,machine_setting,scrap,2026-08-31,62.19
NC000001815,NC-2026-0001815,production_order,PRD000027217,P000091,LOT00161095,2024-01-31,dimensional,minor,9,machine_setting,rework,2024-02-10,145.34
NC000001816,NC-2026-0001816,production_order,PRD000027221,P000328,LOT00229203,2024-07-10,functional,minor,7,supplier_material,rework,2024-07-21,679.42
NC000001817,NC-2026-0001817,production_order,PRD000027253,P000864,LOT00178052,2026-05-02,electrical,major,2,machine_setting,rework,2026-05-12,182.55
NC000001818,NC-2026-0001818,production_order,PRD000027295,P000808,LOT00107682,2026-04-27,functional,critical,11,operator_error,scrap,2026-04-29,1207.19
NC000001819,NC-2026-0001819,production_order,PRD000027323,P000842,LOT00242348,2025-04-21,packaging,major,4,process_variation,rework,2025-04-30,31.05
NC000001820,NC-2026-0001820,production_order,PRD000027342,P000100,LOT00184124,2025-12-06,surface_finish,minor,8,process_variation,scrap,2025-12-17,616.1
NC000001821,NC-2026-0001821,production_order,PRD000027380,P000629,LOT00221464,2026-05-08,electrical,major,2,design_tolerance,rework,2026-05-24,20.09
NC000001822,NC-2026-0001822,production_order,PRD000027397,P000941,LOT00148106,2025-01-14,surface_finish,minor,5,machine_setting,rework,2025-01-31,482.93
NC000001823,NC-2026-0001823,production_order,PRD000027434,P000013,LOT00228939,2024-06-11,packaging,major,6,operator_error,rework,2024-06-29,437.64
NC000001824,NC-2026-0001824,production_order,PRD000027451,P000714,LOT00202201,2025-02-26,packaging,major,4,operator_error,scrap,2025-03-24,188.39
NC000001825,NC-2026-0001825,production_order,PRD000027461,P000060,LOT00003631,2025-01-06,dimensional,major,1,design_tolerance,scrap,2025-01-23,59.75
NC000001826,NC-2026-0001826,production_order,PRD000027462,P000205,LOT00227006,2026-06-26,functional,minor,3,supplier_material,rework,2026-07-16,292.89
NC000001827,NC-2026-0001827,production_order,PRD000027470,P000685,LOT00102754,2026-01-31,electrical,minor,1,supplier_material,return_to_supplier,2026-02-04,0.0
NC000001828,NC-2026-0001828,production_order,PRD000027472,P000876,LOT00210770,2024-04-30,electrical,major,1,process_variation,scrap,2024-05-20,51.27
NC000001829,NC-2026-0001829,production_order,PRD000027514,P000895,LOT00184749,2026-07-12,functional,minor,4,machine_setting,rework,2026-07-28,166.61
NC000001830,NC-2026-0001830,production_order,PRD000027518,P000672,LOT00043388,2024-08-11,packaging,minor,9,operator_error,rework,2024-08-25,546.93
NC000001831,NC-2026-0001831,production_order,PRD000027544,P000372,LOT00100753,2026-01-11,packaging,minor,1,operator_error,scrap,2026-01-16,43.71
NC000001832,NC-2026-0001832,production_order,PRD000027551,P000645,LOT00081226,2024-04-19,functional,major,2,design_tolerance,use_as_is,2024-04-26,169.17
NC000001833,NC-2026-0001833,production_order,PRD000027559,P000620,LOT00051456,2024-10-09,surface_finish,major,10,machine_setting,rework,2024-10-11,3262.5
NC000001834,NC-2026-0001834,production_order,PRD000027570,P000162,LOT00071793,2024-08-29,packaging,minor,1,operator_error,rework,2024-09-09,32.88
NC000001835,NC-2026-0001835,production_order,PRD000027572,P000938,LOT00000772,2024-03-14,surface_finish,minor,2,operator_error,return_to_supplier,2024-03-30,563.23
NC000001836,NC-2026-0001836,production_order,PRD000027580,P000533,LOT00076241,2024-05-17,electrical,major,2,design_tolerance,use_as_is,2024-05-19,200.7
NC000001837,NC-2026-0001837,production_order,PRD000027591,P000589,LOT00044368,2026-01-16,dimensional,minor,2,machine_setting,use_as_is,2026-02-05,21.36
NC000001838,NC-2026-0001838,production_order,PRD000027595,P000064,LOT00161137,2025-10-07,surface_finish,major,5,operator_error,return_to_supplier,2025-10-30,392.59
NC000001839,NC-2026-0001839,production_order,PRD000027608,P000056,LOT00094611,2024-09-24,functional,minor,1,operator_error,use_as_is,2024-10-19,74.02
NC000001840,NC-2026-0001840,production_order,PRD000027614,P000090,LOT00021541,2024-03-17,dimensional,major,10,supplier_material,rework,2024-03-21,400.41
NC000001841,NC-2026-0001841,production_order,PRD000027618,P000611,LOT00003803,2024-12-08,electrical,minor,2,process_variation,rework,2024-12-27,100.57
NC000001842,NC-2026-0001842,production_order,PRD000027623,P000245,LOT00070834,2026-01-06,functional,major,11,supplier_material,scrap,2026-01-31,896.05
NC000001843,NC-2026-0001843,production_order,PRD000027625,P000182,LOT00223395,2025-06-07,dimensional,major,3,operator_error,rework,2025-07-06,80.23
NC000001844,NC-2026-0001844,production_order,PRD000027659,P000361,LOT00243795,2025-12-19,dimensional,major,11,supplier_material,return_to_supplier,2025-12-25,301.81
NC000001845,NC-2026-0001845,production_order,PRD000027681,P000941,LOT00195151,2025-03-31,dimensional,major,4,operator_error,use_as_is,2025-04-24,588.57
NC000001846,NC-2026-0001846,production_order,PRD000027685,P000846,LOT00232279,2025-03-16,dimensional,minor,2,process_variation,return_to_supplier,2025-04-14,108.73
NC000001847,NC-2026-0001847,production_order,PRD000027687,P000037,LOT00107421,2026-04-26,dimensional,minor,2,operator_error,rework,2026-05-03,137.09
NC000001848,NC-2026-0001848,production_order,PRD000027702,P000057,LOT00080960,2024-05-03,functional,critical,1,operator_error,use_as_is,2024-05-19,591.76
NC000001849,NC-2026-0001849,production_order,PRD000027710,P000922,LOT00092007,2025-06-29,surface_finish,minor,2,process_variation,return_to_supplier,2025-07-23,123.46
NC000001850,NC-2026-0001850,production_order,PRD000027750,P000509,LOT00134180,2024-04-29,dimensional,minor,2,operator_error,return_to_supplier,2024-05-24,66.14
NC000001851,NC-2026-0001851,production_order,PRD000027753,P000200,LOT00026132,2026-02-21,dimensional,major,6,process_variation,rework,2026-03-21,179.12
NC000001852,NC-2026-0001852,production_order,PRD000027764,P000188,LOT00070704,2024-01-23,functional,major,4,process_variation,scrap,2024-02-19,103.47
NC000001853,NC-2026-0001853,production_order,PRD000027768,P000850,LOT00148910,2025-10-28,surface_finish,minor,3,process_variation,return_to_supplier,2025-11-09,359.52
NC000001854,NC-2026-0001854,production_order,PRD000027774,P000840,LOT00004965,2024-11-20,dimensional,minor,12,machine_setting,use_as_is,2024-11-22,270.78
NC000001855,NC-2026-0001855,production_order,PRD000027777,P000790,LOT00125679,2024-12-26,electrical,minor,2,supplier_material,use_as_is,2025-01-10,65.66
NC000001856,NC-2026-0001856,production_order,PRD000027795,P000389,LOT00217858,2026-06-13,electrical,critical,13,process_variation,scrap,2026-07-08,927.52
NC000001857,NC-2026-0001857,production_order,PRD000027796,P000113,LOT00216073,2024-05-04,surface_finish,major,13,process_variation,use_as_is,2024-05-23,306.03
NC000001858,NC-2026-0001858,production_order,PRD000027827,P000740,LOT00170487,2025-08-17,electrical,minor,9,operator_error,return_to_supplier,2025-09-06,397.11
NC000001859,NC-2026-0001859,production_order,PRD000027829,P000208,LOT00089072,2024-05-12,dimensional,minor,2,supplier_material,rework,2024-05-25,48.93
NC000001860,NC-2026-0001860,production_order,PRD000027857,P000171,LOT00023273,2025-05-28,electrical,minor,5,process_variation,scrap,2025-06-17,864.95
NC000001861,NC-2026-0001861,production_order,PRD000027861,P000004,LOT00051333,2024-12-09,packaging,major,2,operator_error,rework,2024-12-12,184.14
NC000001862,NC-2026-0001862,production_order,PRD000027864,P000354,LOT00088704,2024-07-02,functional,critical,4,process_variation,use_as_is,2024-07-19,341.42
NC000001863,NC-2026-0001863,production_order,PRD000027885,P000733,LOT00241714,2026-01-08,electrical,major,1,machine_setting,rework,2026-02-02,132.76
NC000001864,NC-2026-0001864,production_order,PRD000027893,P000742,LOT00135435,2024-02-12,surface_finish,major,2,machine_setting,rework,2024-02-18,178.63
NC000001865,NC-2026-0001865,production_order,PRD000027897,P000761,LOT00054559,2026-08-11,packaging,critical,2,process_variation,return_to_supplier,2026-08-25,176.53
NC000001866,NC-2026-0001866,production_order,PRD000027901,P000178,LOT00188650,2026-03-04,functional,critical,10,machine_setting,return_to_supplier,2026-03-15,559.19
NC000001867,NC-2026-0001867,production_order,PRD000027910,P000563,LOT00099546,2026-02-20,functional,minor,6,operator_error,scrap,2026-03-06,1253.66
NC000001868,NC-2026-0001868,production_order,PRD000027918,P000620,LOT00178227,2026-02-22,dimensional,critical,5,machine_setting,rework,2026-03-20,1187.96
NC000001869,NC-2026-0001869,production_order,PRD000027930,P000327,LOT00062086,2025-07-06,dimensional,major,11,process_variation,return_to_supplier,2025-07-22,2501.71
NC000001870,NC-2026-0001870,production_order,PRD000027948,P000161,LOT00039889,2026-08-20,surface_finish,major,10,design_tolerance,return_to_supplier,2026-08-26,466.95
NC000001871,NC-2026-0001871,production_order,PRD000027951,P000047,LOT00123473,2025-08-28,dimensional,major,3,supplier_material,rework,2025-09-22,64.84
NC000001872,NC-2026-0001872,production_order,PRD000027967,P000272,LOT00138154,2024-04-09,surface_finish,minor,1,process_variation,rework,2024-05-02,73.05
NC000001873,NC-2026-0001873,production_order,PRD000027968,P000406,LOT00075050,2025-11-19,electrical,minor,12,machine_setting,rework,2025-12-18,178.01
NC000001874,NC-2026-0001874,production_order,PRD000027984,P000145,LOT00045816,2024-02-14,functional,major,8,machine_setting,scrap,2024-03-10,578.89
NC000001875,NC-2026-0001875,production_order,PRD000027987,P000076,LOT00161312,2026-04-04,functional,minor,2,process_variation,return_to_supplier,2026-04-16,423.7
NC000001876,NC-2026-0001876,production_order,PRD000027994,P000658,LOT00141038,2024-04-11,functional,major,3,design_tolerance,rework,2024-04-14,223.7
NC000001877,NC-2026-0001877,production_order,PRD000027999,P000270,LOT00117436,2026-07-23,packaging,critical,1,supplier_material,scrap,2026-07-29,53.12
NC000001878,NC-2026-0001878,production_order,PRD000028004,P000414,LOT00179181,2025-07-22,functional,minor,1,design_tolerance,use_as_is,2025-07-26,58.04
NC000001879,NC-2026-0001879,production_order,PRD000028025,P000420,LOT00135952,2025-10-15,packaging,critical,1,operator_error,use_as_is,2025-10-17,66.75
NC000001880,NC-2026-0001880,production_order,PRD000028027,P000155,LOT00127863,2025-10-07,dimensional,minor,7,process_variation,scrap,2025-10-24,540.49
NC000001881,NC-2026-0001881,production_order,PRD000028040,P000447,LOT00016737,2025-02-01,functional,major,10,process_variation,rework,2025-02-03,2051.01
NC000001882,NC-2026-0001882,production_order,PRD000028075,P000496,LOT00049731,2026-07-23,packaging,minor,2,supplier_material,use_as_is,2026-08-01,79.62
NC000001883,NC-2026-0001883,production_order,PRD000028113,P000594,LOT00130217,2025-07-27,packaging,major,2,operator_error,rework,2025-08-17,155.39
NC000001884,NC-2026-0001884,production_order,PRD000028175,P000925,LOT00002112,2024-09-30,surface_finish,minor,1,supplier_material,rework,2024-10-06,0.0
NC000001885,NC-2026-0001885,production_order,PRD000028196,P000198,LOT00145692,2025-10-23,packaging,minor,1,operator_error,return_to_supplier,2025-10-25,150.71
NC000001886,NC-2026-0001886,production_order,PRD000028197,P000053,LOT00122892,2024-12-05,packaging,minor,1,machine_setting,rework,2024-12-24,41.28
NC000001887,NC-2026-0001887,production_order,PRD000028200,P000682,LOT00034638,2024-07-23,surface_finish,major,2,operator_error,rework,2024-08-08,112.94
NC000001888,NC-2026-0001888,production_order,PRD000028202,P000429,LOT00101602,2024-06-12,functional,minor,10,machine_setting,rework,2024-06-28,479.49
NC000001889,NC-2026-0001889,production_order,PRD000028214,P000094,LOT00013791,2025-01-12,functional,major,8,supplier_material,scrap,2025-02-02,472.62
NC000001890,NC-2026-0001890,production_order,PRD000028235,P000804,LOT00084165,2024-12-05,dimensional,major,1,process_variation,rework,2024-12-08,169.12
NC000001891,NC-2026-0001891,production_order,PRD000028243,P000863,LOT00101865,2024-06-23,surface_finish,minor,5,process_variation,rework,2024-07-08,341.47
NC000001892,NC-2026-0001892,production_order,PRD000028251,P000582,LOT00064866,2025-01-24,functional,major,2,design_tolerance,rework,2025-02-03,119.73
NC000001893,NC-2026-0001893,production_order,PRD000028264,P000315,LOT00166419,2025-08-07,dimensional,critical,7,supplier_material,use_as_is,2025-08-11,710.23
NC000001894,NC-2026-0001894,production_order,PRD000028266,P000689,LOT00047635,2024-03-28,dimensional,major,4,operator_error,rework,2024-04-19,58.47
NC000001895,NC-2026-0001895,production_order,PRD000028271,P000612,LOT00148608,2024-02-05,surface_finish,major,9,process_variation,rework,2024-02-29,1606.88
NC000001896,NC-2026-0001896,production_order,PRD000028281,P000174,LOT00197766,2026-03-18,packaging,critical,4,machine_setting,return_to_supplier,2026-04-10,494.4
NC000001897,NC-2026-0001897,production_order,PRD000028291,P000396,LOT00092242,2026-06-05,functional,minor,8,supplier_material,rework,2026-06-09,1365.36
NC000001898,NC-2026-0001898,production_order,PRD000028294,P000844,LOT00196624,2024-05-20,functional,minor,3,process_variation,rework,2024-06-06,773.1
NC000001899,NC-2026-0001899,production_order,PRD000028316,P000160,LOT00120913,2024-02-24,functional,minor,6,design_tolerance,return_to_supplier,2024-03-02,838.55
NC000001900,NC-2026-0001900,production_order,PRD000028320,P000583,LOT00017617,2025-09-15,functional,major,3,process_variation,scrap,2025-09-29,155.67
NC000001901,NC-2026-0001901,production_order,PRD000028335,P000360,LOT00235651,2025-07-28,packaging,minor,7,supplier_material,rework,2025-07-30,1285.25
NC000001902,NC-2026-0001902,production_order,PRD000028369,P000367,LOT00103559,2026-08-16,functional,minor,11,design_tolerance,rework,2026-08-26,472.46
NC000001903,NC-2026-0001903,production_order,PRD000028420,P000219,LOT00027012,2025-04-29,functional,minor,4,supplier_material,use_as_is,2025-05-28,667.71
NC000001904,NC-2026-0001904,production_order,PRD000028447,P000106,LOT00226181,2026-05-02,packaging,critical,8,machine_setting,rework,2026-05-13,1693.78
NC000001905,NC-2026-0001905,production_order,PRD000028488,P000950,LOT00065118,2024-03-19,surface_finish,minor,11,process_variation,scrap,2024-03-22,1990.41
NC000001906,NC-2026-0001906,production_order,PRD000028506,P000262,LOT00169011,2025-04-11,dimensional,critical,4,machine_setting,rework,2025-05-08,123.78
NC000001907,NC-2026-0001907,production_order,PRD000028509,P000009,LOT00216329,2024-12-12,functional,major,3,process_variation,return_to_supplier,2025-01-07,436.46
NC000001908,NC-2026-0001908,production_order,PRD000028510,P000851,LOT00069185,2024-06-18,dimensional,minor,2,design_tolerance,use_as_is,2024-07-11,61.99
NC000001909,NC-2026-0001909,production_order,PRD000028550,P000049,LOT00149814,2025-07-08,surface_finish,major,7,operator_error,scrap,2025-07-26,1247.42
NC000001910,NC-2026-0001910,production_order,PRD000028559,P000285,LOT00002231,2025-05-05,dimensional,major,9,process_variation,return_to_supplier,2025-05-31,438.7
NC000001911,NC-2026-0001911,production_order,PRD000028568,P000737,LOT00222328,2024-08-16,dimensional,critical,12,supplier_material,scrap,2024-09-08,901.41
NC000001912,NC-2026-0001912,production_order,PRD000028578,P000535,LOT00047372,2025-10-02,dimensional,minor,7,process_variation,rework,2025-10-19,329.26
NC000001913,NC-2026-0001913,production_order,PRD000028607,P000538,LOT00168635,2025-01-14,surface_finish,critical,4,operator_error,use_as_is,2025-01-23,1278.89
NC000001914,NC-2026-0001914,production_order,PRD000028621,P000484,LOT00005279,2026-08-27,dimensional,critical,1,operator_error,return_to_supplier,2026-09-11,43.93
NC000001915,NC-2026-0001915,production_order,PRD000028635,P000274,LOT00068624,2024-09-08,electrical,critical,2,operator_error,rework,2024-09-23,258.47
NC000001916,NC-2026-0001916,production_order,PRD000028657,P000366,LOT00202987,2026-08-10,functional,major,3,process_variation,rework,2026-09-09,93.8
NC000001917,NC-2026-0001917,production_order,PRD000028659,P000016,LOT00076895,2026-05-12,dimensional,major,9,design_tolerance,scrap,2026-05-28,1321.1
NC000001918,NC-2026-0001918,production_order,PRD000028666,P000537,LOT00103254,2026-07-20,dimensional,major,3,process_variation,rework,2026-08-14,45.87
NC000001919,NC-2026-0001919,production_order,PRD000028675,P000772,LOT00143255,2025-05-31,surface_finish,critical,11,process_variation,scrap,2025-06-03,3706.62
NC000001920,NC-2026-0001920,production_order,PRD000028740,P000547,LOT00209702,2025-01-11,packaging,major,14,operator_error,rework,2025-01-16,4232.6
NC000001921,NC-2026-0001921,production_order,PRD000028746,P000255,LOT00131134,2024-06-11,dimensional,minor,2,supplier_material,rework,2024-06-27,321.1
NC000001922,NC-2026-0001922,production_order,PRD000028770,P000038,LOT00238310,2025-07-08,functional,minor,4,machine_setting,rework,2025-07-28,124.49
NC000001923,NC-2026-0001923,production_order,PRD000028787,P000537,LOT00013527,2025-08-15,functional,minor,1,supplier_material,return_to_supplier,2025-08-25,41.71
NC000001924,NC-2026-0001924,production_order,PRD000028796,P000322,LOT00163234,2025-05-31,surface_finish,minor,2,design_tolerance,use_as_is,2025-06-14,1803.37
NC000001925,NC-2026-0001925,production_order,PRD000028826,P000509,LOT00191321,2025-04-12,functional,minor,1,operator_error,rework,2025-04-19,115.02
NC000001926,NC-2026-0001926,production_order,PRD000028838,P000877,LOT00227775,2024-12-25,packaging,minor,13,process_variation,scrap,2025-01-06,506.58
NC000001927,NC-2026-0001927,production_order,PRD000028848,P000622,LOT00097171,2025-11-02,dimensional,minor,7,process_variation,rework,2025-11-08,772.34
NC000001928,NC-2026-0001928,production_order,PRD000028850,P000021,LOT00042010,2025-08-01,dimensional,major,1,machine_setting,use_as_is,2025-08-07,39.53
NC000001929,NC-2026-0001929,production_order,PRD000028869,P000285,LOT00033845,2024-04-28,dimensional,major,1,supplier_material,rework,2024-05-13,55.82
NC000001930,NC-2026-0001930,production_order,PRD000028878,P000784,LOT00058060,2024-05-21,surface_finish,minor,1,process_variation,use_as_is,2024-06-05,46.58
NC000001931,NC-2026-0001931,production_order,PRD000028883,P000530,LOT00016139,2026-04-29,electrical,critical,4,process_variation,scrap,2026-05-27,124.88
NC000001932,NC-2026-0001932,production_order,PRD000028895,P000457,LOT00217747,2025-08-15,functional,minor,5,design_tolerance,use_as_is,2025-08-24,657.8
NC000001933,NC-2026-0001933,production_order,PRD000028916,P000842,LOT00055421,2026-07-14,dimensional,minor,1,operator_error,rework,2026-07-22,13.65
NC000001934,NC-2026-0001934,production_order,PRD000028924,P000259,LOT00237786,2026-02-26,dimensional,critical,3,operator_error,scrap,2026-03-15,334.87
NC000001935,NC-2026-0001935,production_order,PRD000028959,P000014,LOT00079694,2024-05-27,dimensional,minor,7,operator_error,rework,2024-06-21,418.65
NC000001936,NC-2026-0001936,production_order,PRD000028965,P000285,LOT00145236,2025-08-31,surface_finish,critical,4,design_tolerance,scrap,2025-09-09,188.47
NC000001937,NC-2026-0001937,production_order,PRD000028970,P000509,LOT00007732,2025-09-23,dimensional,minor,6,machine_setting,use_as_is,2025-09-26,594.07
NC000001938,NC-2026-0001938,production_order,PRD000028981,P000810,LOT00200667,2026-04-27,functional,critical,3,machine_setting,return_to_supplier,2026-05-17,401.43
NC000001939,NC-2026-0001939,production_order,PRD000029004,P000546,LOT00160966,2026-05-06,functional,major,2,process_variation,scrap,2026-06-03,298.1
NC000001940,NC-2026-0001940,production_order,PRD000029006,P000395,LOT00145953,2025-10-31,packaging,minor,4,operator_error,scrap,2025-11-04,2152.3
NC000001941,NC-2026-0001941,production_order,PRD000029007,P000764,LOT00202194,2025-10-13,packaging,major,3,design_tolerance,rework,2025-10-19,304.47
NC000001942,NC-2026-0001942,production_order,PRD000029025,P000830,LOT00178698,2024-02-27,dimensional,major,1,supplier_material,use_as_is,2024-03-11,50.09
NC000001943,NC-2026-0001943,production_order,PRD000029031,P000391,LOT00182586,2024-11-23,functional,major,10,machine_setting,scrap,2024-12-17,311.54
NC000001944,NC-2026-0001944,production_order,PRD000029041,P000572,LOT00027482,2026-03-13,electrical,critical,5,supplier_material,return_to_supplier,2026-04-02,574.71
NC000001945,NC-2026-0001945,production_order,PRD000029048,P000112,LOT00211929,2024-12-27,packaging,minor,10,machine_setting,use_as_is,2025-01-25,4067.27
NC000001946,NC-2026-0001946,production_order,PRD000029049,P000342,LOT00155998,2025-11-22,dimensional,minor,6,machine_setting,rework,2025-11-30,321.14
NC000001947,NC-2026-0001947,production_order,PRD000029056,P000532,LOT00086608,2025-05-11,packaging,minor,4,process_variation,rework,2025-05-30,217.1
NC000001948,NC-2026-0001948,production_order,PRD000029073,P000169,LOT00044846,2026-04-30,packaging,minor,6,machine_setting,scrap,2026-05-28,876.7
NC000001949,NC-2026-0001949,production_order,PRD000029078,P000466,LOT00010838,2025-05-17,functional,minor,2,machine_setting,rework,2025-05-27,142.48
NC000001950,NC-2026-0001950,production_order,PRD000029091,P000612,LOT00043974,2025-05-05,packaging,minor,6,machine_setting,rework,2025-05-20,2091.59
NC000001951,NC-2026-0001951,production_order,PRD000029102,P000508,LOT00009544,2025-08-30,surface_finish,major,7,design_tolerance,rework,2025-09-22,264.71
NC000001952,NC-2026-0001952,production_order,PRD000029120,P000534,LOT00166041,2024-11-22,surface_finish,major,2,machine_setting,scrap,2024-12-22,64.58
NC000001953,NC-2026-0001953,production_order,PRD000029121,P000103,LOT00031855,2024-06-12,dimensional,major,3,operator_error,use_as_is,2024-07-05,132.3
NC000001954,NC-2026-0001954,production_order,PRD000029124,P000526,LOT00201733,2024-08-13,packaging,critical,8,process_variation,return_to_supplier,2024-08-27,363.24
NC000001955,NC-2026-0001955,production_order,PRD000029146,P000620,LOT00249585,2024-06-23,dimensional,minor,2,process_variation,return_to_supplier,2024-07-04,343.12
NC000001956,NC-2026-0001956,production_order,PRD000029153,P000775,LOT00140179,2026-05-31,dimensional,critical,5,machine_setting,scrap,2026-06-11,157.61
NC000001957,NC-2026-0001957,production_order,PRD000029171,P000808,LOT00033583,2024-07-26,functional,major,1,supplier_material,rework,2024-08-23,64.51
NC000001958,NC-2026-0001958,production_order,PRD000029179,P000154,LOT00125542,2024-06-15,functional,minor,4,operator_error,rework,2024-07-08,274.16
NC000001959,NC-2026-0001959,production_order,PRD000029199,P000229,LOT00200568,2025-08-12,electrical,major,2,machine_setting,return_to_supplier,2025-08-26,252.45
NC000001960,NC-2026-0001960,production_order,PRD000029204,P000601,LOT00205906,2026-05-08,dimensional,minor,11,design_tolerance,rework,2026-05-29,2435.27
NC000001961,NC-2026-0001961,production_order,PRD000029210,P000073,LOT00132505,2025-01-06,electrical,major,3,supplier_material,return_to_supplier,2025-01-23,326.61
NC000001962,NC-2026-0001962,production_order,PRD000029220,P000589,LOT00140630,2024-07-11,packaging,major,11,supplier_material,scrap,2024-07-16,276.57
NC000001963,NC-2026-0001963,production_order,PRD000029234,P000773,LOT00158772,2024-11-27,electrical,minor,1,process_variation,rework,2024-12-27,58.99
NC000001964,NC-2026-0001964,production_order,PRD000029255,P000304,LOT00106768,2025-09-10,surface_finish,critical,4,operator_error,rework,2025-10-08,178.15
NC000001965,NC-2026-0001965,production_order,PRD000029263,P000753,LOT00165351,2025-11-03,electrical,major,5,operator_error,use_as_is,2025-11-24,207.35
NC000001966,NC-2026-0001966,production_order,PRD000029303,P000678,LOT00071902,2025-02-16,dimensional,minor,6,operator_error,rework,2025-02-26,523.33
NC000001967,NC-2026-0001967,production_order,PRD000029321,P000464,LOT00099621,2025-05-05,dimensional,major,2,process_variation,rework,2025-05-08,267.77
NC000001968,NC-2026-0001968,production_order,PRD000029327,P000224,LOT00214173,2024-10-11,dimensional,major,1,machine_setting,rework,2024-10-30,0.0
NC000001969,NC-2026-0001969,production_order,PRD000029328,P000503,LOT00171610,2024-11-17,dimensional,critical,10,machine_setting,return_to_supplier,2024-11-22,2090.11
NC000001970,NC-2026-0001970,production_order,PRD000029329,P000092,LOT00160052,2026-06-26,functional,minor,1,operator_error,rework,2026-07-16,200.89
NC000001971,NC-2026-0001971,production_order,PRD000029333,P000524,LOT00117467,2026-04-10,surface_finish,minor,6,design_tolerance,rework,2026-04-17,160.21
NC000001972,NC-2026-0001972,production_order,PRD000029351,P000025,LOT00228749,2025-04-26,functional,minor,4,supplier_material,scrap,2025-05-09,266.52
NC000001973,NC-2026-0001973,production_order,PRD000029367,P000901,LOT00066683,2025-10-28,functional,major,6,process_variation,rework,2025-11-05,249.55
NC000001974,NC-2026-0001974,production_order,PRD000029401,P000099,LOT00211446,2025-05-16,functional,major,5,operator_error,scrap,2025-06-11,909.85
NC000001975,NC-2026-0001975,production_order,PRD000029416,P000249,LOT00088385,2026-01-01,functional,major,5,process_variation,scrap,2026-01-13,489.32
NC000001976,NC-2026-0001976,production_order,PRD000029425,P000728,LOT00090591,2025-10-24,surface_finish,minor,14,process_variation,rework,2025-11-08,1289.36
NC000001977,NC-2026-0001977,production_order,PRD000029436,P000270,LOT00208541,2024-06-16,functional,minor,2,operator_error,rework,2024-07-13,72.45
NC000001978,NC-2026-0001978,production_order,PRD000029437,P000201,LOT00090030,2025-04-19,surface_finish,minor,1,design_tolerance,use_as_is,2025-05-16,58.51
NC000001979,NC-2026-0001979,production_order,PRD000029467,P000350,LOT00125033,2026-01-24,surface_finish,major,1,machine_setting,use_as_is,2026-02-11,23.43
NC000001980,NC-2026-0001980,production_order,PRD000029475,P000071,LOT00035932,2025-07-26,dimensional,minor,13,design_tolerance,rework,2025-08-23,2441.61
NC000001981,NC-2026-0001981,production_order,PRD000029493,P000871,LOT00128309,2025-07-15,packaging,minor,6,process_variation,rework,2025-08-09,232.63
NC000001982,NC-2026-0001982,production_order,PRD000029520,P000336,LOT00047526,2025-06-05,electrical,minor,4,process_variation,rework,2025-06-09,573.73
NC000001983,NC-2026-0001983,production_order,PRD000029530,P000471,LOT00246741,2026-09-25,dimensional,minor,4,machine_setting,rework,2026-10-23,54.2
NC000001984,NC-2026-0001984,production_order,PRD000029532,P000091,LOT00139108,2025-03-06,dimensional,minor,4,design_tolerance,rework,2025-03-11,194.69
NC000001985,NC-2026-0001985,production_order,PRD000029576,P000699,LOT00246844,2026-06-11,dimensional,minor,2,process_variation,rework,2026-06-14,78.75
NC000001986,NC-2026-0001986,production_order,PRD000029621,P000322,LOT00007061,2024-04-07,surface_finish,minor,14,machine_setting,rework,2024-05-03,4176.33
NC000001987,NC-2026-0001987,production_order,PRD000029622,P000680,LOT00246396,2024-07-26,surface_finish,major,11,machine_setting,rework,2024-08-06,1016.66
NC000001988,NC-2026-0001988,production_order,PRD000029626,P000551,LOT00167279,2025-10-31,functional,minor,2,operator_error,return_to_supplier,2025-11-12,84.52
NC000001989,NC-2026-0001989,production_order,PRD000029641,P000142,LOT00110253,2025-08-30,dimensional,minor,4,operator_error,rework,2025-09-04,160.76
NC000001990,NC-2026-0001990,production_order,PRD000029648,P000037,LOT00216016,2026-05-13,electrical,minor,1,supplier_material,rework,2026-06-12,65.88
NC000001991,NC-2026-0001991,production_order,PRD000029649,P000570,LOT00166158,2025-01-26,functional,critical,2,supplier_material,return_to_supplier,2025-02-18,610.7
NC000001992,NC-2026-0001992,production_order,PRD000029673,P000158,LOT00154531,2024-11-09,surface_finish,major,6,supplier_material,scrap,2024-12-08,226.23
NC000001993,NC-2026-0001993,production_order,PRD000029677,P000682,LOT00133265,2025-07-23,electrical,major,1,supplier_material,use_as_is,2025-08-10,0.0
NC000001994,NC-2026-0001994,production_order,PRD000029681,P000687,LOT00136078,2024-11-01,dimensional,minor,6,process_variation,rework,2024-11-13,723.09
NC000001995,NC-2026-0001995,production_order,PRD000029683,P000330,LOT00237081,2024-12-12,dimensional,major,9,design_tolerance,rework,2025-01-05,485.2
NC000001996,NC-2026-0001996,production_order,PRD000029690,P000374,LOT00036328,2026-05-31,surface_finish,major,7,process_variation,rework,2026-06-15,1269.08
NC000001997,NC-2026-0001997,production_order,PRD000029698,P000927,LOT00161459,2024-08-31,surface_finish,major,4,supplier_material,rework,2024-09-20,187.34
NC000001998,NC-2026-0001998,production_order,PRD000029735,P000917,LOT00057438,2026-04-12,dimensional,minor,12,operator_error,scrap,2026-05-01,295.67
NC000001999,NC-2026-0001999,production_order,PRD000029759,P000330,LOT00159129,2024-05-25,dimensional,major,14,machine_setting,scrap,2024-05-28,696.89
NC000002000,NC-2026-0002000,production_order,PRD000029779,P000405,LOT00077261,2024-12-04,dimensional,major,11,process_variation,rework,2024-12-15,300.32
NC000002001,NC-2026-0002001,production_order,PRD000029818,P000069,LOT00169276,2026-03-20,surface_finish,minor,8,process_variation,rework,2026-04-02,251.92
NC000002002,NC-2026-0002002,production_order,PRD000029824,P000080,LOT00130008,2026-05-14,functional,critical,8,machine_setting,rework,2026-06-11,277.36
NC000002003,NC-2026-0002003,production_order,PRD000029852,P000318,LOT00083257,2024-06-29,packaging,major,12,machine_setting,rework,2024-07-13,326.15
NC000002004,NC-2026-0002004,production_order,PRD000029881,P000403,LOT00238311,2024-04-13,electrical,major,1,machine_setting,return_to_supplier,2024-05-02,32.56
NC000002005,NC-2026-0002005,production_order,PRD000029893,P000852,LOT00148719,2024-12-29,dimensional,minor,1,machine_setting,rework,2025-01-13,29.36
NC000002006,NC-2026-0002006,production_order,PRD000029934,P000003,LOT00119417,2024-10-23,dimensional,minor,1,operator_error,rework,2024-10-29,0.0
NC000002007,NC-2026-0002007,production_order,PRD000029941,P000346,LOT00171578,2025-04-24,surface_finish,minor,5,machine_setting,rework,2025-05-22,352.06
NC000002008,NC-2026-0002008,production_order,PRD000029961,P000445,LOT00141711,2024-07-03,functional,minor,13,process_variation,use_as_is,2024-07-13,727.91
NC000002009,NC-2026-0002009,production_order,PRD000029996,P000572,LOT00207315,2024-03-07,electrical,minor,2,machine_setting,scrap,2024-03-24,388.93
NC000002010,NC-2026-0002010,production_order,PRD000030011,P000309,LOT00047762,2024-04-09,functional,minor,4,process_variation,use_as_is,2024-04-21,253.82
NC000002011,NC-2026-0002011,production_order,PRD000030029,P000386,LOT00096480,2025-09-28,electrical,major,2,supplier_material,rework,2025-10-27,227.37
NC000002012,NC-2026-0002012,production_order,PRD000030034,P000551,LOT00189531,2026-09-12,functional,major,4,process_variation,scrap,2026-09-24,187.0
NC000002013,NC-2026-0002013,production_order,PRD000030048,P000237,LOT00204402,2025-01-24,functional,minor,6,process_variation,return_to_supplier,2025-01-31,257.42
NC000002014,NC-2026-0002014,production_order,PRD000030059,P000366,LOT00197232,2026-02-15,dimensional,minor,1,machine_setting,use_as_is,2026-03-09,21.62
NC000002015,NC-2026-0002015,production_order,PRD000030074,P000424,LOT00208719,2025-02-12,surface_finish,major,1,process_variation,use_as_is,2025-02-22,12.2
NC000002016,NC-2026-0002016,production_order,PRD000030110,P000737,LOT00026421,2026-05-24,functional,major,4,supplier_material,use_as_is,2026-06-01,484.88
NC000002017,NC-2026-0002017,production_order,PRD000030117,P000859,LOT00035538,2024-08-31,electrical,minor,4,machine_setting,rework,2024-09-18,129.36
NC000002018,NC-2026-0002018,production_order,PRD000030144,P000779,LOT00149579,2026-02-06,dimensional,major,2,supplier_material,rework,2026-02-20,195.66
NC000002019,NC-2026-0002019,production_order,PRD000030147,P000872,LOT00063378,2026-06-24,electrical,minor,4,design_tolerance,scrap,2026-07-15,631.61
NC000002020,NC-2026-0002020,production_order,PRD000030153,P000078,LOT00190200,2025-03-29,surface_finish,major,2,process_variation,scrap,2025-04-20,90.18
NC000002021,NC-2026-0002021,production_order,PRD000030176,P000525,LOT00042183,2024-06-13,electrical,major,4,supplier_material,scrap,2024-07-07,147.85
NC000002022,NC-2026-0002022,production_order,PRD000030185,P000857,LOT00063394,2026-06-23,dimensional,major,8,design_tolerance,scrap,2026-06-27,640.69
NC000002023,NC-2026-0002023,production_order,PRD000030201,P000883,LOT00198968,2026-07-25,surface_finish,minor,1,operator_error,rework,2026-08-03,40.48
NC000002024,NC-2026-0002024,production_order,PRD000030265,P000595,LOT00037419,2025-12-30,functional,major,11,design_tolerance,scrap,2026-01-17,186.03
NC000002025,NC-2026-0002025,production_order,PRD000030268,P000841,LOT00155256,2026-06-01,functional,major,1,operator_error,rework,2026-06-18,49.77
NC000002026,NC-2026-0002026,production_order,PRD000030283,P000464,LOT00217511,2026-02-18,electrical,critical,8,supplier_material,rework,2026-03-02,387.78
NC000002027,NC-2026-0002027,production_order,PRD000030295,P000549,LOT00242524,2025-07-15,surface_finish,major,3,supplier_material,return_to_supplier,2025-07-30,103.99
NC000002028,NC-2026-0002028,production_order,PRD000030305,P000388,LOT00097870,2025-06-16,functional,major,5,machine_setting,rework,2025-07-06,99.59
NC000002029,NC-2026-0002029,production_order,PRD000030324,P000523,LOT00045942,2026-04-26,packaging,minor,10,process_variation,rework,2026-05-17,504.05
NC000002030,NC-2026-0002030,production_order,PRD000030332,P000479,LOT00203621,2025-08-25,dimensional,critical,1,machine_setting,rework,2025-08-31,0.0
NC000002031,NC-2026-0002031,production_order,PRD000030333,P000100,LOT00238839,2024-12-16,surface_finish,minor,1,machine_setting,scrap,2025-01-14,70.92
NC000002032,NC-2026-0002032,production_order,PRD000030338,P000276,LOT00179735,2025-05-28,surface_finish,minor,3,process_variation,scrap,2025-06-04,65.25
NC000002033,NC-2026-0002033,production_order,PRD000030360,P000908,LOT00123575,2025-10-30,dimensional,major,5,process_variation,scrap,2025-11-06,394.09
NC000002034,NC-2026-0002034,production_order,PRD000030361,P000702,LOT00119803,2026-06-27,dimensional,major,9,process_variation,rework,2026-07-20,127.36
NC000002035,NC-2026-0002035,production_order,PRD000030370,P000146,LOT00132472,2024-10-19,packaging,minor,7,supplier_material,use_as_is,2024-11-05,169.72
NC000002036,NC-2026-0002036,production_order,PRD000030377,P000921,LOT00071087,2026-07-25,dimensional,major,1,machine_setting,return_to_supplier,2026-08-20,81.72
NC000002037,NC-2026-0002037,production_order,PRD000030400,P000657,LOT00083573,2024-02-16,electrical,minor,2,supplier_material,return_to_supplier,2024-02-27,109.84
NC000002038,NC-2026-0002038,production_order,PRD000030404,P000585,LOT00032926,2025-02-04,surface_finish,major,7,operator_error,scrap,2025-02-17,324.13
NC000002039,NC-2026-0002039,production_order,PRD000030413,P000560,LOT00206225,2026-09-17,dimensional,minor,9,design_tolerance,rework,2026-10-02,202.42
NC000002040,NC-2026-0002040,production_order,PRD000030426,P000105,LOT00180663,2024-11-09,surface_finish,major,5,process_variation,scrap,2024-11-13,584.52
NC000002041,NC-2026-0002041,production_order,PRD000030430,P000942,LOT00005229,2024-10-26,functional,minor,4,supplier_material,rework,2024-11-24,400.66
NC000002042,NC-2026-0002042,production_order,PRD000030439,P000654,LOT00199473,2026-05-27,dimensional,critical,2,design_tolerance,use_as_is,2026-06-16,339.05
NC000002043,NC-2026-0002043,production_order,PRD000030446,P000901,LOT00035585,2025-06-04,dimensional,major,2,operator_error,scrap,2025-06-24,39.22
NC000002044,NC-2026-0002044,production_order,PRD000030452,P000624,LOT00034773,2026-02-27,packaging,major,8,supplier_material,scrap,2026-03-03,1057.27
NC000002045,NC-2026-0002045,production_order,PRD000030480,P000138,LOT00108720,2026-09-18,packaging,minor,4,operator_error,rework,2026-10-10,70.48
NC000002046,NC-2026-0002046,production_order,PRD000030554,P000522,LOT00045286,2024-10-12,dimensional,major,7,process_variation,return_to_supplier,2024-10-28,687.55
NC000002047,NC-2026-0002047,production_order,PRD000030604,P000531,LOT00101525,2024-04-17,functional,minor,5,operator_error,use_as_is,2024-05-13,110.88
NC000002048,NC-2026-0002048,production_order,PRD000030605,P000006,LOT00241606,2025-11-09,surface_finish,minor,1,machine_setting,use_as_is,2025-11-28,55.14
NC000002049,NC-2026-0002049,production_order,PRD000030624,P000718,LOT00059809,2025-08-22,electrical,minor,2,design_tolerance,use_as_is,2025-09-19,147.13
NC000002050,NC-2026-0002050,production_order,PRD000030627,P000149,LOT00164441,2025-06-01,electrical,minor,2,process_variation,scrap,2025-06-15,270.05
NC000002051,NC-2026-0002051,production_order,PRD000030639,P000861,LOT00026104,2025-02-18,dimensional,major,4,process_variation,rework,2025-03-02,446.81
NC000002052,NC-2026-0002052,production_order,PRD000030640,P000069,LOT00048075,2025-11-09,functional,major,2,supplier_material,scrap,2025-12-09,60.73
NC000002053,NC-2026-0002053,production_order,PRD000030644,P000506,LOT00154318,2025-11-22,electrical,minor,1,supplier_material,rework,2025-12-14,64.9
NC000002054,NC-2026-0002054,production_order,PRD000030679,P000787,LOT00238459,2025-01-30,electrical,critical,2,process_variation,use_as_is,2025-02-17,66.76
NC000002055,NC-2026-0002055,production_order,PRD000030680,P000946,LOT00128196,2026-02-18,functional,critical,3,machine_setting,use_as_is,2026-03-02,236.06
NC000002056,NC-2026-0002056,production_order,PRD000030681,P000304,LOT00040933,2024-10-01,dimensional,minor,11,supplier_material,rework,2024-10-08,529.18
NC000002057,NC-2026-0002057,production_order,PRD000030683,P000766,LOT00187574,2025-05-03,functional,minor,2,process_variation,use_as_is,2025-05-08,289.99
NC000002058,NC-2026-0002058,production_order,PRD000030692,P000465,LOT00169701,2025-03-10,surface_finish,minor,1,operator_error,rework,2025-03-15,80.68
NC000002059,NC-2026-0002059,production_order,PRD000030747,P000535,LOT00146986,2026-08-24,dimensional,major,6,design_tolerance,rework,2026-09-10,554.1
NC000002060,NC-2026-0002060,production_order,PRD000030751,P000723,LOT00146089,2026-07-22,packaging,minor,9,design_tolerance,use_as_is,2026-08-02,141.04
NC000002061,NC-2026-0002061,production_order,PRD000030758,P000856,LOT00236246,2024-03-17,functional,minor,5,machine_setting,return_to_supplier,2024-04-16,97.3
NC000002062,NC-2026-0002062,production_order,PRD000030790,P000471,LOT00214446,2025-04-22,functional,critical,1,supplier_material,rework,2025-05-04,13.66
NC000002063,NC-2026-0002063,production_order,PRD000030797,P000502,LOT00049696,2025-09-09,packaging,minor,1,process_variation,use_as_is,2025-09-27,76.08
NC000002064,NC-2026-0002064,production_order,PRD000030814,P000727,LOT00202279,2026-05-26,electrical,critical,14,operator_error,scrap,2026-06-08,190.5
NC000002065,NC-2026-0002065,production_order,PRD000030815,P000671,LOT00227881,2024-12-02,dimensional,minor,4,machine_setting,rework,2024-12-18,92.84
NC000002066,NC-2026-0002066,production_order,PRD000030840,P000221,LOT00160584,2025-05-15,dimensional,major,4,process_variation,rework,2025-05-19,602.22
NC000002067,NC-2026-0002067,production_order,PRD000030847,P000780,LOT00086595,2025-12-05,electrical,minor,2,process_variation,scrap,2026-01-02,58.74
NC000002068,NC-2026-0002068,production_order,PRD000030854,P000539,LOT00043527,2024-06-07,functional,major,4,supplier_material,return_to_supplier,2024-07-05,452.88
NC000002069,NC-2026-0002069,production_order,PRD000030860,P000519,LOT00108074,2024-11-26,packaging,minor,1,operator_error,rework,2024-12-22,59.27
NC000002070,NC-2026-0002070,production_order,PRD000030878,P000530,LOT00081047,2024-11-23,electrical,major,6,operator_error,scrap,2024-12-20,185.44
NC000002071,NC-2026-0002071,production_order,PRD000030885,P000414,LOT00044410,2025-10-11,dimensional,major,6,design_tolerance,scrap,2025-11-05,156.03
NC000002072,NC-2026-0002072,production_order,PRD000030904,P000871,LOT00131866,2024-03-18,functional,minor,5,supplier_material,rework,2024-04-11,121.19
NC000002073,NC-2026-0002073,production_order,PRD000030913,P000107,LOT00130553,2026-09-06,dimensional,critical,6,operator_error,scrap,2026-09-29,402.79
NC000002074,NC-2026-0002074,production_order,PRD000030915,P000573,LOT00154748,2024-11-24,functional,major,1,machine_setting,use_as_is,2024-12-20,81.93
NC000002075,NC-2026-0002075,production_order,PRD000030931,P000110,LOT00218096,2025-07-16,surface_finish,major,6,supplier_material,rework,2025-08-03,99.15
NC000002076,NC-2026-0002076,production_order,PRD000030932,P000746,LOT00173773,2026-04-24,packaging,major,6,operator_error,scrap,2026-05-07,737.68
NC000002077,NC-2026-0002077,production_order,PRD000030942,P000568,LOT00210257,2024-06-03,dimensional,minor,1,machine_setting,use_as_is,2024-06-18,147.87
NC000002078,NC-2026-0002078,production_order,PRD000030967,P000501,LOT00129257,2024-07-13,packaging,major,1,process_variation,rework,2024-07-27,266.55
NC000002079,NC-2026-0002079,production_order,PRD000030984,P000593,LOT00021900,2025-06-29,surface_finish,major,2,process_variation,return_to_supplier,2025-07-11,64.81
NC000002080,NC-2026-0002080,production_order,PRD000030995,P000863,LOT00102684,2025-10-18,dimensional,major,5,operator_error,rework,2025-10-22,673.96
NC000002081,NC-2026-0002081,production_order,PRD000031039,P000552,LOT00220296,2024-06-07,electrical,major,7,process_variation,rework,2024-07-01,1849.09
NC000002082,NC-2026-0002082,production_order,PRD000031075,P000780,LOT00219513,2024-04-27,functional,minor,14,supplier_material,use_as_is,2024-05-12,407.47
NC000002083,NC-2026-0002083,production_order,PRD000031094,P000717,LOT00165254,2026-02-11,electrical,major,2,process_variation,return_to_supplier,2026-03-03,109.74
NC000002084,NC-2026-0002084,production_order,PRD000031095,P000561,LOT00082469,2024-08-17,electrical,minor,1,process_variation,scrap,2024-09-05,27.95
NC000002085,NC-2026-0002085,production_order,PRD000031096,P000309,LOT00128510,2026-08-15,electrical,major,10,operator_error,scrap,2026-08-23,695.66
NC000002086,NC-2026-0002086,production_order,PRD000031115,P000888,LOT00174134,2024-08-07,functional,minor,7,machine_setting,rework,2024-08-19,386.93
NC000002087,NC-2026-0002087,production_order,PRD000031160,P000680,LOT00182818,2026-04-05,electrical,major,7,process_variation,rework,2026-04-25,604.97
NC000002088,NC-2026-0002088,production_order,PRD000031182,P000029,LOT00063556,2025-11-02,surface_finish,major,3,process_variation,rework,2025-11-07,389.89
NC000002089,NC-2026-0002089,production_order,PRD000031183,P000804,LOT00199312,2024-03-14,functional,major,14,machine_setting,use_as_is,2024-03-31,1008.39
NC000002090,NC-2026-0002090,production_order,PRD000031208,P000858,LOT00106318,2025-03-01,surface_finish,minor,3,operator_error,scrap,2025-03-31,242.14
NC000002091,NC-2026-0002091,production_order,PRD000031212,P000300,LOT00107141,2026-06-21,functional,major,1,machine_setting,scrap,2026-07-12,103.62
NC000002092,NC-2026-0002092,production_order,PRD000031242,P000006,LOT00240646,2025-10-08,surface_finish,major,2,machine_setting,scrap,2025-11-03,71.71
NC000002093,NC-2026-0002093,production_order,PRD000031283,P000282,LOT00057965,2025-07-29,surface_finish,minor,11,supplier_material,scrap,2025-08-28,1386.13
NC000002094,NC-2026-0002094,production_order,PRD000031304,P000337,LOT00195282,2026-09-15,functional,minor,2,process_variation,scrap,2026-09-23,40.32
NC000002095,NC-2026-0002095,production_order,PRD000031323,P000017,LOT00188559,2024-08-28,functional,minor,2,operator_error,rework,2024-09-26,46.6
NC000002096,NC-2026-0002096,production_order,PRD000031347,P000105,LOT00053171,2024-02-08,dimensional,major,4,design_tolerance,return_to_supplier,2024-02-29,182.26
NC000002097,NC-2026-0002097,production_order,PRD000031371,P000176,LOT00134143,2024-02-14,functional,minor,2,machine_setting,return_to_supplier,2024-03-09,485.33
NC000002098,NC-2026-0002098,production_order,PRD000031384,P000174,LOT00165409,2024-11-23,dimensional,critical,7,machine_setting,scrap,2024-11-25,1443.9
NC000002099,NC-2026-0002099,production_order,PRD000031395,P000492,LOT00091339,2026-05-20,functional,minor,11,machine_setting,rework,2026-05-30,215.6
NC000002100,NC-2026-0002100,production_order,PRD000031403,P000604,LOT00022454,2024-06-07,packaging,critical,7,operator_error,scrap,2024-06-17,534.91
NC000002101,NC-2026-0002101,production_order,PRD000031407,P000875,LOT00078405,2025-09-20,electrical,critical,4,process_variation,rework,2025-09-30,309.21
NC000002102,NC-2026-0002102,production_order,PRD000031411,P000178,LOT00070815,2024-09-30,functional,minor,2,machine_setting,scrap,2024-10-22,26.2
NC000002103,NC-2026-0002103,production_order,PRD000031418,P000382,LOT00006323,2025-11-19,dimensional,minor,8,supplier_material,rework,2025-12-17,105.31
NC000002104,NC-2026-0002104,production_order,PRD000031424,P000437,LOT00154433,2026-09-13,dimensional,minor,9,design_tolerance,rework,2026-10-04,1702.46
NC000002105,NC-2026-0002105,production_order,PRD000031433,P000850,LOT00156353,2025-11-25,packaging,minor,14,supplier_material,rework,2025-11-29,3295.99
NC000002106,NC-2026-0002106,production_order,PRD000031449,P000599,LOT00240675,2024-09-03,functional,minor,3,design_tolerance,rework,2024-09-26,172.27
NC000002107,NC-2026-0002107,production_order,PRD000031453,P000490,LOT00003081,2026-07-20,functional,critical,1,machine_setting,scrap,2026-07-27,95.21
NC000002108,NC-2026-0002108,production_order,PRD000031471,P000277,LOT00245487,2025-01-29,dimensional,major,2,supplier_material,scrap,2025-02-08,23.47
NC000002109,NC-2026-0002109,production_order,PRD000031481,P000232,LOT00039724,2026-03-06,packaging,major,8,machine_setting,rework,2026-03-13,310.33
NC000002110,NC-2026-0002110,production_order,PRD000031517,P000099,LOT00234213,2025-02-23,electrical,major,4,supplier_material,rework,2025-03-18,611.87
NC000002111,NC-2026-0002111,production_order,PRD000031518,P000483,LOT00048704,2026-02-24,dimensional,minor,3,operator_error,rework,2026-03-16,471.05
NC000002112,NC-2026-0002112,production_order,PRD000031533,P000450,LOT00125949,2025-12-15,dimensional,minor,2,supplier_material,scrap,2025-12-31,120.41
NC000002113,NC-2026-0002113,production_order,PRD000031534,P000687,LOT00171420,2024-09-25,dimensional,critical,5,supplier_material,rework,2024-10-06,991.92
NC000002114,NC-2026-0002114,production_order,PRD000031537,P000709,LOT00082534,2025-06-27,surface_finish,major,13,process_variation,use_as_is,2025-07-17,840.85
NC000002115,NC-2026-0002115,production_order,PRD000031538,P000584,LOT00236353,2025-11-18,electrical,major,1,operator_error,scrap,2025-11-24,45.29
NC000002116,NC-2026-0002116,production_order,PRD000031548,P000023,LOT00124541,2024-03-28,dimensional,critical,7,process_variation,rework,2024-04-04,281.64
NC000002117,NC-2026-0002117,production_order,PRD000031556,P000780,LOT00082679,2024-09-24,packaging,major,7,process_variation,return_to_supplier,2024-10-09,192.78
NC000002118,NC-2026-0002118,production_order,PRD000031582,P000620,LOT00073915,2024-05-25,functional,minor,6,machine_setting,return_to_supplier,2024-06-22,1039.08
NC000002119,NC-2026-0002119,production_order,PRD000031586,P000778,LOT00228973,2026-06-21,surface_finish,major,3,process_variation,scrap,2026-07-12,1371.19
NC000002120,NC-2026-0002120,production_order,PRD000031587,P000124,LOT00086897,2025-08-17,packaging,minor,2,supplier_material,rework,2025-08-20,74.88
NC000002121,NC-2026-0002121,production_order,PRD000031593,P000186,LOT00150675,2025-01-13,surface_finish,minor,1,process_variation,scrap,2025-02-03,9.69
NC000002122,NC-2026-0002122,production_order,PRD000031597,P000113,LOT00084318,2026-01-27,functional,minor,7,machine_setting,rework,2026-02-24,320.09
NC000002123,NC-2026-0002123,production_order,PRD000031610,P000917,LOT00005146,2025-02-19,packaging,major,3,design_tolerance,scrap,2025-03-01,21.13
NC000002124,NC-2026-0002124,production_order,PRD000031618,P000013,LOT00162777,2025-11-27,surface_finish,major,6,supplier_material,use_as_is,2025-12-08,773.38
NC000002125,NC-2026-0002125,production_order,PRD000031621,P000525,LOT00139816,2026-09-19,dimensional,minor,14,design_tolerance,rework,2026-10-06,641.57
NC000002126,NC-2026-0002126,production_order,PRD000031649,P000325,LOT00038206,2026-04-28,functional,major,9,supplier_material,use_as_is,2026-05-01,1555.68
NC000002127,NC-2026-0002127,production_order,PRD000031659,P000296,LOT00169656,2026-04-30,dimensional,minor,5,operator_error,rework,2026-05-24,570.85
NC000002128,NC-2026-0002128,production_order,PRD000031663,P000830,LOT00000145,2025-10-28,electrical,major,4,process_variation,rework,2025-11-05,167.98
NC000002129,NC-2026-0002129,production_order,PRD000031670,P000410,LOT00222002,2025-12-10,electrical,major,2,machine_setting,scrap,2025-12-31,35.1
NC000002130,NC-2026-0002130,production_order,PRD000031673,P000065,LOT00132240,2024-08-27,functional,major,7,machine_setting,rework,2024-08-30,310.98
NC000002131,NC-2026-0002131,production_order,PRD000031678,P000535,LOT00133178,2026-07-01,packaging,minor,1,supplier_material,rework,2026-07-13,79.46
NC000002132,NC-2026-0002132,production_order,PRD000031682,P000580,LOT00213236,2025-01-31,surface_finish,minor,10,supplier_material,return_to_supplier,2025-02-02,465.8
NC000002133,NC-2026-0002133,production_order,PRD000031702,P000152,LOT00199588,2025-04-14,functional,minor,9,operator_error,rework,2025-05-08,414.38
NC000002134,NC-2026-0002134,production_order,PRD000031723,P000046,LOT00048208,2026-05-24,functional,minor,2,design_tolerance,rework,2026-06-11,49.91
NC000002135,NC-2026-0002135,production_order,PRD000031749,P000369,LOT00148484,2025-04-22,electrical,critical,6,process_variation,use_as_is,2025-04-28,252.29
NC000002136,NC-2026-0002136,production_order,PRD000031754,P000182,LOT00018024,2025-07-08,electrical,major,1,machine_setting,scrap,2025-07-28,47.31
NC000002137,NC-2026-0002137,production_order,PRD000031755,P000787,LOT00027597,2026-02-01,packaging,minor,2,process_variation,rework,2026-03-02,147.81
NC000002138,NC-2026-0002138,production_order,PRD000031772,P000922,LOT00126570,2025-06-05,surface_finish,minor,11,process_variation,use_as_is,2025-06-15,464.72
NC000002139,NC-2026-0002139,production_order,PRD000031784,P000708,LOT00047738,2024-03-18,dimensional,major,5,design_tolerance,rework,2024-04-13,906.63
NC000002140,NC-2026-0002140,production_order,PRD000031788,P000074,LOT00220701,2024-11-26,electrical,minor,4,process_variation,rework,2024-12-21,257.08
NC000002141,NC-2026-0002141,production_order,PRD000031816,P000172,LOT00130451,2024-04-29,packaging,minor,14,operator_error,use_as_is,2024-05-12,482.03
NC000002142,NC-2026-0002142,production_order,PRD000031835,P000628,LOT00027765,2026-04-14,dimensional,critical,5,machine_setting,rework,2026-04-26,455.9
NC000002143,NC-2026-0002143,production_order,PRD000031853,P000012,LOT00165241,2026-08-16,dimensional,minor,4,design_tolerance,return_to_supplier,2026-09-11,300.9
NC000002144,NC-2026-0002144,production_order,PRD000031858,P000095,LOT00046896,2025-10-20,dimensional,major,4,supplier_material,return_to_supplier,2025-11-08,160.25
NC000002145,NC-2026-0002145,production_order,PRD000031865,P000467,LOT00101889,2026-08-08,dimensional,minor,12,supplier_material,return_to_supplier,2026-08-30,261.89
NC000002146,NC-2026-0002146,production_order,PRD000031867,P000861,LOT00004127,2025-07-23,surface_finish,critical,3,machine_setting,use_as_is,2025-07-29,657.2
NC000002147,NC-2026-0002147,production_order,PRD000031871,P000566,LOT00244552,2025-01-20,packaging,minor,7,machine_setting,rework,2025-01-29,889.83
NC000002148,NC-2026-0002148,production_order,PRD000031898,P000724,LOT00207568,2026-08-02,electrical,critical,4,supplier_material,return_to_supplier,2026-08-28,254.36
NC000002149,NC-2026-0002149,production_order,PRD000031907,P000351,LOT00041496,2026-01-09,surface_finish,minor,7,supplier_material,scrap,2026-02-05,1913.17
NC000002150,NC-2026-0002150,production_order,PRD000031921,P000704,LOT00161963,2025-05-20,packaging,major,6,operator_error,return_to_supplier,2025-06-16,547.46
NC000002151,NC-2026-0002151,production_order,PRD000031951,P000935,LOT00078907,2026-02-28,surface_finish,minor,13,operator_error,rework,2026-03-30,2205.73
NC000002152,NC-2026-0002152,production_order,PRD000031982,P000530,LOT00008313,2025-01-01,functional,minor,7,machine_setting,return_to_supplier,2025-01-21,192.92
NC000002153,NC-2026-0002153,production_order,PRD000032029,P000622,LOT00159452,2026-01-08,dimensional,major,11,machine_setting,scrap,2026-01-14,2005.48
NC000002154,NC-2026-0002154,production_order,PRD000032033,P000477,LOT00194766,2026-05-16,surface_finish,minor,4,operator_error,return_to_supplier,2026-05-31,259.0
NC000002155,NC-2026-0002155,production_order,PRD000032067,P000022,LOT00119821,2024-11-06,electrical,minor,6,operator_error,scrap,2024-11-27,160.78
NC000002156,NC-2026-0002156,production_order,PRD000032087,P000065,LOT00067655,2024-02-28,surface_finish,minor,1,process_variation,rework,2024-03-07,15.46
NC000002157,NC-2026-0002157,production_order,PRD000032095,P000754,LOT00166650,2024-12-26,dimensional,minor,6,machine_setting,scrap,2025-01-22,766.35
NC000002158,NC-2026-0002158,production_order,PRD000032109,P000098,LOT00213768,2026-07-20,functional,minor,5,machine_setting,scrap,2026-08-09,251.54
NC000002159,NC-2026-0002159,production_order,PRD000032111,P000626,LOT00079578,2026-05-30,packaging,critical,3,machine_setting,scrap,2026-06-17,264.92
NC000002160,NC-2026-0002160,production_order,PRD000032125,P000206,LOT00180224,2025-01-31,surface_finish,major,4,operator_error,use_as_is,2025-02-02,657.83
NC000002161,NC-2026-0002161,production_order,PRD000032127,P000234,LOT00150243,2025-07-22,functional,minor,5,process_variation,use_as_is,2025-08-04,707.03
NC000002162,NC-2026-0002162,production_order,PRD000032152,P000329,LOT00185276,2024-03-11,dimensional,major,7,design_tolerance,rework,2024-04-06,2811.61
NC000002163,NC-2026-0002163,production_order,PRD000032185,P000352,LOT00035275,2024-01-22,functional,major,3,machine_setting,rework,2024-02-15,1183.81
NC000002164,NC-2026-0002164,production_order,PRD000032206,P000485,LOT00094624,2024-10-07,functional,major,6,design_tolerance,rework,2024-10-09,288.57
NC000002165,NC-2026-0002165,production_order,PRD000032226,P000309,LOT00057966,2024-06-14,dimensional,minor,9,process_variation,scrap,2024-06-30,421.77
NC000002166,NC-2026-0002166,production_order,PRD000032264,P000499,LOT00022164,2026-06-01,surface_finish,major,2,process_variation,rework,2026-06-12,169.0
NC000002167,NC-2026-0002167,production_order,PRD000032267,P000249,LOT00071924,2025-05-09,dimensional,critical,2,operator_error,rework,2025-05-15,194.57
NC000002168,NC-2026-0002168,production_order,PRD000032320,P000342,LOT00148948,2025-09-08,electrical,minor,8,operator_error,use_as_is,2025-10-08,826.74
NC000002169,NC-2026-0002169,production_order,PRD000032321,P000784,LOT00042265,2025-08-30,surface_finish,major,9,design_tolerance,use_as_is,2025-09-15,123.31
NC000002170,NC-2026-0002170,production_order,PRD000032343,P000775,LOT00226423,2025-07-26,functional,minor,5,design_tolerance,rework,2025-08-19,237.14
NC000002171,NC-2026-0002171,production_order,PRD000032385,P000872,LOT00155873,2026-01-04,surface_finish,major,1,machine_setting,rework,2026-01-23,59.49
NC000002172,NC-2026-0002172,production_order,PRD000032390,P000793,LOT00188489,2024-08-09,surface_finish,minor,8,machine_setting,scrap,2024-09-08,569.08
NC000002173,NC-2026-0002173,production_order,PRD000032434,P000037,LOT00063083,2026-01-27,functional,major,6,operator_error,return_to_supplier,2026-02-25,464.53
NC000002174,NC-2026-0002174,production_order,PRD000032450,P000107,LOT00134450,2025-12-16,dimensional,major,4,operator_error,rework,2026-01-04,285.43
NC000002175,NC-2026-0002175,production_order,PRD000032456,P000114,LOT00013294,2024-08-27,surface_finish,major,3,process_variation,rework,2024-08-30,94.44
NC000002176,NC-2026-0002176,production_order,PRD000032465,P000667,LOT00199640,2026-03-13,functional,major,8,operator_error,return_to_supplier,2026-04-11,2100.44
NC000002177,NC-2026-0002177,production_order,PRD000032474,P000204,LOT00060304,2025-09-29,packaging,minor,2,supplier_material,use_as_is,2025-10-25,235.21
NC000002178,NC-2026-0002178,production_order,PRD000032476,P000045,LOT00140564,2026-02-27,functional,minor,1,machine_setting,use_as_is,2026-03-15,190.79
NC000002179,NC-2026-0002179,production_order,PRD000032484,P000870,LOT00057070,2026-02-24,packaging,major,3,design_tolerance,return_to_supplier,2026-03-14,185.34
NC000002180,NC-2026-0002180,production_order,PRD000032488,P000906,LOT00120377,2026-04-17,electrical,minor,10,operator_error,scrap,2026-04-19,588.26
NC000002181,NC-2026-0002181,production_order,PRD000032521,P000919,LOT00186465,2026-08-16,functional,minor,10,operator_error,use_as_is,2026-08-28,304.94
NC000002182,NC-2026-0002182,production_order,PRD000032545,P000824,LOT00150832,2024-02-25,surface_finish,major,2,machine_setting,use_as_is,2024-03-20,140.51
NC000002183,NC-2026-0002183,production_order,PRD000032551,P000735,LOT00194619,2024-07-22,packaging,minor,5,supplier_material,return_to_supplier,2024-08-16,217.73
NC000002184,NC-2026-0002184,production_order,PRD000032566,P000618,LOT00149070,2025-06-18,functional,minor,6,supplier_material,return_to_supplier,2025-07-10,868.18
NC000002185,NC-2026-0002185,production_order,PRD000032567,P000383,LOT00008857,2024-11-29,surface_finish,minor,4,operator_error,scrap,2024-12-05,673.68
NC000002186,NC-2026-0002186,production_order,PRD000032571,P000007,LOT00198901,2024-05-11,electrical,minor,4,process_variation,rework,2024-05-20,419.9
NC000002187,NC-2026-0002187,production_order,PRD000032580,P000486,LOT00023504,2025-09-10,functional,minor,2,machine_setting,scrap,2025-09-20,136.52
NC000002188,NC-2026-0002188,production_order,PRD000032597,P000176,LOT00212029,2025-11-17,functional,minor,5,operator_error,use_as_is,2025-12-02,617.83
NC000002189,NC-2026-0002189,production_order,PRD000032610,P000053,LOT00062201,2024-10-02,dimensional,major,6,process_variation,scrap,2024-10-31,385.43
NC000002190,NC-2026-0002190,production_order,PRD000032625,P000544,LOT00040314,2024-06-10,dimensional,critical,2,design_tolerance,return_to_supplier,2024-06-18,114.73
NC000002191,NC-2026-0002191,production_order,PRD000032641,P000283,LOT00149815,2026-04-09,functional,minor,12,machine_setting,rework,2026-05-02,745.84
NC000002192,NC-2026-0002192,production_order,PRD000032689,P000061,LOT00046355,2025-03-06,functional,minor,1,process_variation,scrap,2025-03-26,82.48
NC000002193,NC-2026-0002193,production_order,PRD000032740,P000127,LOT00127893,2025-12-31,surface_finish,minor,11,process_variation,use_as_is,2026-01-30,547.51
NC000002194,NC-2026-0002194,production_order,PRD000032747,P000301,LOT00016090,2024-01-29,packaging,minor,5,machine_setting,rework,2024-02-06,199.62
NC000002195,NC-2026-0002195,production_order,PRD000032749,P000191,LOT00154465,2025-09-02,electrical,critical,6,machine_setting,rework,2025-09-28,140.35
NC000002196,NC-2026-0002196,production_order,PRD000032783,P000632,LOT00122025,2024-02-28,dimensional,critical,5,design_tolerance,return_to_supplier,2024-03-03,793.24
NC000002197,NC-2026-0002197,production_order,PRD000032790,P000467,LOT00193737,2024-01-17,dimensional,major,10,design_tolerance,scrap,2024-01-24,374.3
NC000002198,NC-2026-0002198,production_order,PRD000032859,P000179,LOT00116303,2026-05-08,functional,critical,8,operator_error,return_to_supplier,2026-05-15,3403.08
NC000002199,NC-2026-0002199,production_order,PRD000032864,P000304,LOT00026894,2025-01-22,packaging,critical,2,process_variation,rework,2025-02-12,130.24
NC000002200,NC-2026-0002200,production_order,PRD000032885,P000930,LOT00060638,2026-02-05,surface_finish,major,9,supplier_material,rework,2026-02-12,623.24
NC000002201,NC-2026-0002201,production_order,PRD000032891,P000844,LOT00026644,2024-05-11,electrical,critical,1,machine_setting,return_to_supplier,2024-06-03,234.72
NC000002202,NC-2026-0002202,production_order,PRD000032928,P000496,LOT00221477,2024-07-09,electrical,minor,7,operator_error,rework,2024-07-28,250.35
NC000002203,NC-2026-0002203,production_order,PRD000032929,P000940,LOT00194415,2026-07-03,electrical,minor,4,process_variation,return_to_supplier,2026-07-21,361.52
NC000002204,NC-2026-0002204,production_order,PRD000032945,P000185,LOT00127422,2024-07-16,dimensional,minor,11,machine_setting,scrap,2024-07-23,382.86
NC000002205,NC-2026-0002205,production_order,PRD000032971,P000851,LOT00159661,2024-11-16,surface_finish,minor,4,operator_error,return_to_supplier,2024-12-03,231.3
NC000002206,NC-2026-0002206,production_order,PRD000032972,P000222,LOT00028611,2026-01-04,electrical,minor,5,machine_setting,rework,2026-01-19,852.57
NC000002207,NC-2026-0002207,production_order,PRD000033047,P000635,LOT00071032,2024-09-05,surface_finish,minor,1,design_tolerance,use_as_is,2024-09-25,182.96
NC000002208,NC-2026-0002208,production_order,PRD000033061,P000848,LOT00021667,2026-04-07,functional,minor,1,machine_setting,use_as_is,2026-04-12,0.0
NC000002209,NC-2026-0002209,production_order,PRD000033065,P000888,LOT00008019,2024-05-20,surface_finish,critical,2,operator_error,rework,2024-06-12,186.12
NC000002210,NC-2026-0002210,production_order,PRD000033068,P000550,LOT00239070,2025-06-12,functional,critical,1,machine_setting,scrap,2025-07-03,58.01
NC000002211,NC-2026-0002211,production_order,PRD000033078,P000154,LOT00221211,2024-10-16,dimensional,major,6,process_variation,use_as_is,2024-10-21,169.21
NC000002212,NC-2026-0002212,production_order,PRD000033096,P000815,LOT00033145,2025-02-01,dimensional,major,10,design_tolerance,rework,2025-02-25,1575.73
NC000002213,NC-2026-0002213,production_order,PRD000033100,P000605,LOT00074158,2026-05-14,surface_finish,major,1,process_variation,scrap,2026-06-08,23.28
NC000002214,NC-2026-0002214,production_order,PRD000033129,P000018,LOT00195041,2024-09-12,surface_finish,critical,6,operator_error,rework,2024-09-23,408.5
NC000002215,NC-2026-0002215,production_order,PRD000033132,P000151,LOT00115060,2026-03-30,packaging,major,1,process_variation,return_to_supplier,2026-04-24,57.34
NC000002216,NC-2026-0002216,production_order,PRD000033141,P000581,LOT00079828,2025-01-13,functional,minor,2,process_variation,scrap,2025-01-19,20.53
NC000002217,NC-2026-0002217,production_order,PRD000033143,P000700,LOT00106996,2025-08-31,functional,minor,7,design_tolerance,rework,2025-09-15,332.92
NC000002218,NC-2026-0002218,production_order,PRD000033147,P000462,LOT00164564,2026-04-07,electrical,major,8,process_variation,scrap,2026-04-29,762.43
NC000002219,NC-2026-0002219,production_order,PRD000033159,P000437,LOT00011626,2024-02-11,functional,major,7,operator_error,rework,2024-03-12,329.46
NC000002220,NC-2026-0002220,production_order,PRD000033171,P000427,LOT00117399,2024-11-04,functional,minor,3,design_tolerance,use_as_is,2024-11-30,100.21
NC000002221,NC-2026-0002221,production_order,PRD000033176,P000937,LOT00126709,2025-12-07,dimensional,major,8,design_tolerance,rework,2026-01-02,2391.54
NC000002222,NC-2026-0002222,production_order,PRD000033196,P000472,LOT00012819,2024-09-03,packaging,major,8,process_variation,rework,2024-09-11,867.19
NC000002223,NC-2026-0002223,production_order,PRD000033243,P000256,LOT00112558,2026-03-06,packaging,major,2,operator_error,use_as_is,2026-03-25,51.81
NC000002224,NC-2026-0002224,production_order,PRD000033268,P000807,LOT00194210,2025-05-29,surface_finish,minor,2,process_variation,rework,2025-06-25,1510.99
NC000002225,NC-2026-0002225,production_order,PRD000033273,P000041,LOT00199009,2024-11-10,electrical,minor,3,design_tolerance,rework,2024-11-21,34.05
NC000002226,NC-2026-0002226,production_order,PRD000033302,P000724,LOT00019916,2026-06-13,electrical,minor,13,process_variation,use_as_is,2026-07-09,648.71
NC000002227,NC-2026-0002227,production_order,PRD000033310,P000637,LOT00036203,2026-04-23,packaging,minor,3,process_variation,rework,2026-05-22,69.39
NC000002228,NC-2026-0002228,production_order,PRD000033335,P000515,LOT00019568,2025-04-14,dimensional,major,6,operator_error,use_as_is,2025-04-30,209.54
NC000002229,NC-2026-0002229,production_order,PRD000033364,P000933,LOT00164481,2025-05-01,functional,major,2,process_variation,use_as_is,2025-05-24,208.83
NC000002230,NC-2026-0002230,production_order,PRD000033373,P000841,LOT00136980,2024-05-06,functional,minor,4,machine_setting,rework,2024-05-27,132.52
NC000002231,NC-2026-0002231,production_order,PRD000033375,P000326,LOT00056419,2024-11-19,dimensional,major,7,machine_setting,scrap,2024-12-18,656.85
NC000002232,NC-2026-0002232,production_order,PRD000033391,P000920,LOT00148611,2024-04-21,functional,critical,3,machine_setting,scrap,2024-05-11,101.82
NC000002233,NC-2026-0002233,production_order,PRD000033429,P000245,LOT00112175,2026-05-13,dimensional,minor,9,process_variation,use_as_is,2026-06-02,827.72
NC000002234,NC-2026-0002234,production_order,PRD000033432,P000192,LOT00035646,2026-06-01,dimensional,critical,13,design_tolerance,scrap,2026-06-19,405.84
NC000002235,NC-2026-0002235,production_order,PRD000033446,P000241,LOT00174297,2025-03-08,functional,minor,3,supplier_material,use_as_is,2025-03-10,73.47
NC000002236,NC-2026-0002236,production_order,PRD000033453,P000050,LOT00214789,2025-10-21,electrical,major,5,design_tolerance,use_as_is,2025-10-31,412.22
NC000002237,NC-2026-0002237,production_order,PRD000033469,P000533,LOT00069036,2025-10-05,dimensional,major,7,process_variation,use_as_is,2025-10-26,886.18
NC000002238,NC-2026-0002238,production_order,PRD000033488,P000195,LOT00070503,2024-05-20,packaging,major,2,design_tolerance,use_as_is,2024-06-16,216.56
NC000002239,NC-2026-0002239,production_order,PRD000033510,P000283,LOT00216118,2024-06-01,dimensional,minor,2,operator_error,rework,2024-06-10,453.07
NC000002240,NC-2026-0002240,production_order,PRD000033512,P000632,LOT00223703,2025-05-11,packaging,minor,7,operator_error,scrap,2025-05-15,2014.52
NC000002241,NC-2026-0002241,production_order,PRD000033522,P000803,LOT00052254,2026-02-24,electrical,major,5,machine_setting,use_as_is,2026-03-26,266.56
NC000002242,NC-2026-0002242,production_order,PRD000033531,P000817,LOT00208828,2026-01-02,surface_finish,minor,4,design_tolerance,rework,2026-02-01,333.82
NC000002243,NC-2026-0002243,production_order,PRD000033543,P000266,LOT00235704,2024-12-31,packaging,major,1,supplier_material,scrap,2025-01-28,137.32
NC000002244,NC-2026-0002244,production_order,PRD000033572,P000885,LOT00133000,2024-07-30,functional,major,6,operator_error,rework,2024-08-02,273.5
NC000002245,NC-2026-0002245,production_order,PRD000033625,P000835,LOT00241887,2024-04-06,packaging,major,12,operator_error,rework,2024-04-12,596.57
NC000002246,NC-2026-0002246,production_order,PRD000033630,P000181,LOT00074545,2026-01-10,electrical,minor,1,machine_setting,return_to_supplier,2026-01-27,21.57
NC000002247,NC-2026-0002247,production_order,PRD000033693,P000742,LOT00149189,2026-06-04,electrical,critical,7,process_variation,rework,2026-06-21,632.8
NC000002248,NC-2026-0002248,production_order,PRD000033700,P000012,LOT00112947,2024-05-05,electrical,critical,4,design_tolerance,rework,2024-06-03,832.65
NC000002249,NC-2026-0002249,production_order,PRD000033708,P000577,LOT00028793,2025-11-12,electrical,critical,3,operator_error,rework,2025-11-23,324.5
NC000002250,NC-2026-0002250,production_order,PRD000033709,P000876,LOT00092676,2025-09-05,dimensional,minor,5,operator_error,scrap,2025-09-14,212.75
NC000002251,NC-2026-0002251,production_order,PRD000033720,P000476,LOT00162157,2026-06-07,surface_finish,major,8,supplier_material,rework,2026-07-02,2493.59
NC000002252,NC-2026-0002252,production_order,PRD000033723,P000047,LOT00080190,2025-09-29,electrical,minor,3,operator_error,scrap,2025-10-23,201.43
NC000002253,NC-2026-0002253,production_order,PRD000033738,P000168,LOT00053394,2025-05-22,packaging,critical,5,supplier_material,rework,2025-05-28,709.89
NC000002254,NC-2026-0002254,production_order,PRD000033789,P000792,LOT00073837,2026-07-14,dimensional,major,6,process_variation,rework,2026-07-17,1294.06
NC000002255,NC-2026-0002255,production_order,PRD000033809,P000531,LOT00041943,2024-09-07,dimensional,minor,2,operator_error,scrap,2024-09-25,146.52
NC000002256,NC-2026-0002256,production_order,PRD000033810,P000919,LOT00064192,2024-09-24,electrical,major,3,operator_error,rework,2024-10-11,136.62
NC000002257,NC-2026-0002257,production_order,PRD000033838,P000395,LOT00235798,2024-04-02,functional,minor,1,operator_error,use_as_is,2024-04-27,383.6
NC000002258,NC-2026-0002258,production_order,PRD000033885,P000332,LOT00173515,2026-05-28,functional,major,7,machine_setting,scrap,2026-06-05,1861.19
NC000002259,NC-2026-0002259,production_order,PRD000033887,P000451,LOT00109097,2025-05-20,surface_finish,minor,6,machine_setting,rework,2025-05-27,303.52
NC000002260,NC-2026-0002260,production_order,PRD000033892,P000543,LOT00203430,2025-05-26,functional,major,14,machine_setting,scrap,2025-05-28,2464.78
NC000002261,NC-2026-0002261,production_order,PRD000033898,P000102,LOT00099082,2025-08-08,functional,minor,1,design_tolerance,return_to_supplier,2025-08-26,94.79
NC000002262,NC-2026-0002262,production_order,PRD000033910,P000578,LOT00218186,2024-05-29,surface_finish,major,1,supplier_material,rework,2024-06-10,35.85
NC000002263,NC-2026-0002263,production_order,PRD000033911,P000007,LOT00189846,2025-06-20,packaging,minor,4,machine_setting,rework,2025-06-25,516.98
NC000002264,NC-2026-0002264,production_order,PRD000033947,P000763,LOT00198118,2025-10-23,packaging,major,8,operator_error,scrap,2025-11-04,88.01
NC000002265,NC-2026-0002265,production_order,PRD000033954,P000384,LOT00176409,2026-03-18,packaging,major,7,design_tolerance,use_as_is,2026-04-11,815.28
NC000002266,NC-2026-0002266,production_order,PRD000033962,P000270,LOT00249964,2024-02-06,functional,minor,2,machine_setting,rework,2024-02-21,111.82
NC000002267,NC-2026-0002267,production_order,PRD000033964,P000863,LOT00229281,2024-05-29,surface_finish,minor,3,process_variation,rework,2024-06-18,581.31
NC000002268,NC-2026-0002268,production_order,PRD000033975,P000411,LOT00026725,2026-05-09,dimensional,minor,4,process_variation,scrap,2026-05-28,87.8
NC000002269,NC-2026-0002269,production_order,PRD000033986,P000549,LOT00223796,2024-05-05,functional,major,6,machine_setting,rework,2024-05-12,260.05
NC000002270,NC-2026-0002270,production_order,PRD000033996,P000173,LOT00017752,2026-05-01,surface_finish,minor,2,supplier_material,use_as_is,2026-05-10,256.41
NC000002271,NC-2026-0002271,production_order,PRD000034003,P000050,LOT00015400,2024-07-24,dimensional,minor,6,design_tolerance,scrap,2024-07-28,1142.4
NC000002272,NC-2026-0002272,production_order,PRD000034020,P000566,LOT00150212,2025-01-26,packaging,major,1,process_variation,use_as_is,2025-02-10,91.69
NC000002273,NC-2026-0002273,production_order,PRD000034030,P000456,LOT00098213,2024-08-01,functional,critical,2,supplier_material,scrap,2024-08-22,411.8
NC000002274,NC-2026-0002274,production_order,PRD000034031,P000717,LOT00201582,2025-07-14,surface_finish,minor,4,process_variation,scrap,2025-08-09,231.35
NC000002275,NC-2026-0002275,production_order,PRD000034100,P000637,LOT00091551,2025-01-03,packaging,minor,3,process_variation,use_as_is,2025-01-15,133.93
NC000002276,NC-2026-0002276,production_order,PRD000034157,P000860,LOT00243899,2026-09-08,dimensional,minor,5,process_variation,rework,2026-09-13,192.27
NC000002277,NC-2026-0002277,production_order,PRD000034160,P000621,LOT00096975,2024-12-08,functional,minor,5,machine_setting,rework,2024-12-27,299.53
NC000002278,NC-2026-0002278,production_order,PRD000034206,P000866,LOT00166539,2026-03-20,surface_finish,major,9,operator_error,use_as_is,2026-04-04,1604.21
NC000002279,NC-2026-0002279,production_order,PRD000034221,P000608,LOT00205321,2026-01-04,surface_finish,major,1,supplier_material,rework,2026-01-11,45.5
NC000002280,NC-2026-0002280,production_order,PRD000034245,P000055,LOT00131199,2024-02-05,dimensional,minor,3,operator_error,rework,2024-02-28,1148.78
NC000002281,NC-2026-0002281,production_order,PRD000034251,P000443,LOT00110011,2026-04-30,surface_finish,minor,9,supplier_material,rework,2026-05-02,1182.95
NC000002282,NC-2026-0002282,production_order,PRD000034262,P000232,LOT00226288,2025-12-18,dimensional,minor,4,operator_error,rework,2025-12-25,368.84
NC000002283,NC-2026-0002283,production_order,PRD000034264,P000917,LOT00117699,2024-04-14,surface_finish,major,1,supplier_material,scrap,2024-04-24,0.0
NC000002284,NC-2026-0002284,production_order,PRD000034273,P000905,LOT00074729,2025-07-26,surface_finish,major,3,operator_error,rework,2025-08-16,658.66
NC000002285,NC-2026-0002285,production_order,PRD000034278,P000795,LOT00123893,2026-06-21,electrical,minor,4,operator_error,scrap,2026-07-08,101.25
NC000002286,NC-2026-0002286,production_order,PRD000034298,P000459,LOT00190359,2024-05-07,functional,major,1,machine_setting,return_to_supplier,2024-06-03,12.61
NC000002287,NC-2026-0002287,production_order,PRD000034306,P000215,LOT00233856,2025-10-13,electrical,critical,1,supplier_material,rework,2025-11-08,23.38
NC000002288,NC-2026-0002288,production_order,PRD000034315,P000945,LOT00230576,2024-11-02,packaging,critical,6,supplier_material,scrap,2024-11-06,438.96
NC000002289,NC-2026-0002289,production_order,PRD000034324,P000703,LOT00245262,2024-05-25,packaging,major,14,design_tolerance,rework,2024-06-12,691.02
NC000002290,NC-2026-0002290,production_order,PRD000034349,P000866,LOT00022483,2026-06-05,packaging,minor,4,supplier_material,scrap,2026-06-14,1236.98
NC000002291,NC-2026-0002291,production_order,PRD000034356,P000447,LOT00090052,2026-01-11,dimensional,critical,9,machine_setting,rework,2026-02-03,2574.32
NC000002292,NC-2026-0002292,production_order,PRD000034361,P000917,LOT00095138,2024-03-03,dimensional,critical,3,design_tolerance,scrap,2024-03-25,99.81
NC000002293,NC-2026-0002293,production_order,PRD000034387,P000300,LOT00100033,2025-02-07,electrical,major,2,machine_setting,use_as_is,2025-02-26,451.94
NC000002294,NC-2026-0002294,production_order,PRD000034401,P000729,LOT00173284,2024-02-26,surface_finish,major,5,machine_setting,rework,2024-03-21,627.14
NC000002295,NC-2026-0002295,production_order,PRD000034418,P000063,LOT00042919,2024-11-29,packaging,minor,13,machine_setting,scrap,2024-12-18,233.88
NC000002296,NC-2026-0002296,production_order,PRD000034423,P000394,LOT00021875,2025-05-19,surface_finish,major,2,supplier_material,rework,2025-06-04,118.97
NC000002297,NC-2026-0002297,production_order,PRD000034425,P000274,LOT00234998,2026-06-17,electrical,minor,3,operator_error,return_to_supplier,2026-06-30,150.17
NC000002298,NC-2026-0002298,production_order,PRD000034426,P000165,LOT00004325,2026-02-22,packaging,major,5,machine_setting,rework,2026-03-09,249.92
NC000002299,NC-2026-0002299,production_order,PRD000034431,P000262,LOT00166759,2025-12-10,packaging,minor,14,supplier_material,scrap,2026-01-05,941.88
NC000002300,NC-2026-0002300,production_order,PRD000034437,P000025,LOT00013281,2024-07-07,dimensional,major,12,machine_setting,use_as_is,2024-08-04,925.82
NC000002301,NC-2026-0002301,production_order,PRD000034447,P000503,LOT00183974,2025-10-24,surface_finish,minor,9,operator_error,rework,2025-11-18,750.7
NC000002302,NC-2026-0002302,production_order,PRD000034467,P000089,LOT00168084,2026-05-04,dimensional,major,2,process_variation,rework,2026-05-11,344.09
NC000002303,NC-2026-0002303,production_order,PRD000034479,P000629,LOT00022705,2025-04-04,electrical,minor,4,operator_error,rework,2025-04-27,78.97
NC000002304,NC-2026-0002304,production_order,PRD000034483,P000138,LOT00048768,2024-06-29,dimensional,major,12,supplier_material,rework,2024-07-01,505.21
NC000002305,NC-2026-0002305,production_order,PRD000034496,P000571,LOT00218563,2026-04-07,functional,minor,3,supplier_material,return_to_supplier,2026-04-17,71.48
NC000002306,NC-2026-0002306,production_order,PRD000034523,P000336,LOT00159036,2024-12-08,dimensional,critical,3,machine_setting,use_as_is,2024-12-14,235.99
NC000002307,NC-2026-0002307,production_order,PRD000034538,P000946,LOT00021260,2024-07-11,dimensional,critical,4,operator_error,rework,2024-07-31,509.74
NC000002308,NC-2026-0002308,production_order,PRD000034539,P000862,LOT00092848,2026-01-31,dimensional,major,8,operator_error,rework,2026-02-18,1017.83
NC000002309,NC-2026-0002309,production_order,PRD000034544,P000424,LOT00147163,2026-09-20,surface_finish,critical,6,machine_setting,scrap,2026-10-13,155.87
NC000002310,NC-2026-0002310,production_order,PRD000034552,P000049,LOT00130059,2025-03-13,electrical,critical,13,process_variation,scrap,2025-03-28,1963.75
NC000002311,NC-2026-0002311,production_order,PRD000034572,P000862,LOT00111234,2025-07-03,dimensional,major,12,machine_setting,rework,2025-07-20,2015.4
NC000002312,NC-2026-0002312,production_order,PRD000034596,P000919,LOT00077992,2024-10-01,packaging,critical,2,supplier_material,use_as_is,2024-10-20,54.12
NC000002313,NC-2026-0002313,production_order,PRD000034608,P000338,LOT00161527,2026-01-06,packaging,major,2,machine_setting,return_to_supplier,2026-01-24,170.65
NC000002314,NC-2026-0002314,production_order,PRD000034616,P000749,LOT00070929,2026-01-27,functional,critical,1,supplier_material,use_as_is,2026-02-13,180.99
NC000002315,NC-2026-0002315,production_order,PRD000034628,P000204,LOT00086635,2024-05-26,dimensional,major,3,design_tolerance,rework,2024-06-09,181.25
NC000002316,NC-2026-0002316,production_order,PRD000034635,P000013,LOT00244477,2026-05-11,functional,minor,2,operator_error,return_to_supplier,2026-05-22,288.93
NC000002317,NC-2026-0002317,production_order,PRD000034642,P000090,LOT00239390,2024-12-18,surface_finish,major,5,supplier_material,rework,2025-01-16,279.31
NC000002318,NC-2026-0002318,production_order,PRD000034647,P000393,LOT00129449,2024-08-10,surface_finish,major,4,process_variation,return_to_supplier,2024-08-21,327.88
NC000002319,NC-2026-0002319,production_order,PRD000034656,P000602,LOT00179092,2025-03-17,dimensional,minor,14,machine_setting,use_as_is,2025-03-22,2000.63
NC000002320,NC-2026-0002320,production_order,PRD000034664,P000548,LOT00184918,2024-05-13,packaging,minor,6,operator_error,scrap,2024-05-28,291.37
NC000002321,NC-2026-0002321,production_order,PRD000034673,P000821,LOT00027150,2025-07-22,functional,minor,4,supplier_material,rework,2025-08-08,718.25
NC000002322,NC-2026-0002322,production_order,PRD000034689,P000502,LOT00122957,2026-04-23,dimensional,minor,6,design_tolerance,use_as_is,2026-05-16,291.38
NC000002323,NC-2026-0002323,production_order,PRD000034695,P000056,LOT00151888,2024-03-03,electrical,minor,1,machine_setting,use_as_is,2024-03-07,78.1
NC000002324,NC-2026-0002324,production_order,PRD000034697,P000907,LOT00163522,2026-08-06,electrical,major,4,machine_setting,rework,2026-08-17,290.16
NC000002325,NC-2026-0002325,production_order,PRD000034710,P000067,LOT00055235,2026-03-04,functional,major,3,supplier_material,use_as_is,2026-03-31,180.22
NC000002326,NC-2026-0002326,production_order,PRD000034763,P000297,LOT00056066,2025-06-29,surface_finish,minor,6,operator_error,rework,2025-07-14,844.86
NC000002327,NC-2026-0002327,production_order,PRD000034769,P000189,LOT00026771,2025-01-12,dimensional,minor,3,operator_error,rework,2025-02-03,80.64
NC000002328,NC-2026-0002328,production_order,PRD000034802,P000257,LOT00159203,2026-08-15,packaging,major,3,operator_error,return_to_supplier,2026-09-09,313.05
NC000002329,NC-2026-0002329,production_order,PRD000034805,P000794,LOT00178082,2026-08-21,dimensional,minor,8,machine_setting,rework,2026-09-15,674.13
NC000002330,NC-2026-0002330,production_order,PRD000034826,P000519,LOT00115284,2025-07-30,dimensional,minor,2,process_variation,scrap,2025-08-17,180.0
NC000002331,NC-2026-0002331,production_order,PRD000034827,P000902,LOT00147641,2025-04-04,surface_finish,minor,2,machine_setting,scrap,2025-04-20,28.87
NC000002332,NC-2026-0002332,production_order,PRD000034839,P000804,LOT00026500,2025-07-03,electrical,minor,1,machine_setting,rework,2025-07-23,45.88
NC000002333,NC-2026-0002333,production_order,PRD000034856,P000810,LOT00016351,2024-12-21,electrical,critical,6,operator_error,scrap,2025-01-12,1132.66
NC000002334,NC-2026-0002334,production_order,PRD000034858,P000840,LOT00096367,2026-01-23,surface_finish,major,13,process_variation,rework,2026-02-21,529.26
NC000002335,NC-2026-0002335,production_order,PRD000034863,P000387,LOT00085705,2025-05-19,packaging,minor,8,process_variation,scrap,2025-06-16,166.36
NC000002336,NC-2026-0002336,production_order,PRD000034900,P000389,LOT00186960,2024-05-08,packaging,minor,3,machine_setting,rework,2024-06-05,138.53
NC000002337,NC-2026-0002337,production_order,PRD000034914,P000344,LOT00248558,2024-04-15,packaging,critical,9,supplier_material,return_to_supplier,2024-04-22,655.38
NC000002338,NC-2026-0002338,production_order,PRD000034922,P000435,LOT00119350,2026-06-27,surface_finish,minor,13,machine_setting,use_as_is,2026-07-09,421.8
NC000002339,NC-2026-0002339,production_order,PRD000034978,P000417,LOT00000169,2025-08-28,functional,minor,2,process_variation,rework,2025-09-11,105.1
NC000002340,NC-2026-0002340,production_order,PRD000034996,P000117,LOT00032891,2025-03-06,surface_finish,minor,6,operator_error,scrap,2025-03-15,322.45
NC000002341,NC-2026-0002341,production_order,PRD000035017,P000903,LOT00058589,2025-10-13,packaging,minor,2,machine_setting,return_to_supplier,2025-11-12,302.14
NC000002342,NC-2026-0002342,production_order,PRD000035049,P000688,LOT00155662,2024-10-28,functional,minor,3,supplier_material,use_as_is,2024-11-09,93.61
NC000002343,NC-2026-0002343,production_order,PRD000035053,P000330,LOT00108179,2026-08-18,electrical,minor,3,design_tolerance,rework,2026-09-03,93.41
NC000002344,NC-2026-0002344,production_order,PRD000035056,P000148,LOT00095129,2025-11-22,functional,minor,10,supplier_material,use_as_is,2025-11-24,769.04
NC000002345,NC-2026-0002345,production_order,PRD000035062,P000027,LOT00012525,2024-08-19,functional,major,3,machine_setting,scrap,2024-09-08,123.37
NC000002346,NC-2026-0002346,production_order,PRD000035063,P000156,LOT00029504,2026-06-01,functional,minor,12,design_tolerance,use_as_is,2026-06-11,625.05
NC000002347,NC-2026-0002347,production_order,PRD000035080,P000023,LOT00019153,2026-05-16,dimensional,major,4,machine_setting,rework,2026-06-03,246.56
NC000002348,NC-2026-0002348,production_order,PRD000035095,P000718,LOT00178489,2025-10-14,electrical,major,2,design_tolerance,rework,2025-10-20,79.11
NC000002349,NC-2026-0002349,production_order,PRD000035101,P000854,LOT00150101,2025-11-01,functional,major,7,design_tolerance,return_to_supplier,2025-11-17,1266.83
NC000002350,NC-2026-0002350,production_order,PRD000035110,P000185,LOT00145061,2025-12-14,surface_finish,minor,1,supplier_material,scrap,2025-12-23,75.24
NC000002351,NC-2026-0002351,production_order,PRD000035116,P000567,LOT00163749,2026-08-08,electrical,major,1,supplier_material,rework,2026-08-26,35.12
NC000002352,NC-2026-0002352,production_order,PRD000035138,P000087,LOT00046589,2024-05-22,packaging,minor,8,operator_error,rework,2024-06-15,226.29
NC000002353,NC-2026-0002353,production_order,PRD000035146,P000115,LOT00022312,2026-01-25,packaging,major,3,process_variation,use_as_is,2026-02-04,52.69
NC000002354,NC-2026-0002354,production_order,PRD000035153,P000191,LOT00001972,2024-08-06,surface_finish,major,5,operator_error,rework,2024-08-24,66.36
NC000002355,NC-2026-0002355,production_order,PRD000035172,P000791,LOT00018888,2026-08-14,electrical,minor,3,supplier_material,rework,2026-09-13,108.24
NC000002356,NC-2026-0002356,production_order,PRD000035200,P000009,LOT00138416,2025-04-24,surface_finish,major,1,design_tolerance,scrap,2025-05-19,128.98
NC000002357,NC-2026-0002357,production_order,PRD000035203,P000361,LOT00205284,2025-06-19,electrical,minor,1,operator_error,use_as_is,2025-06-29,12.68
NC000002358,NC-2026-0002358,production_order,PRD000035211,P000872,LOT00081067,2025-12-27,dimensional,major,1,process_variation,scrap,2026-01-08,164.26
NC000002359,NC-2026-0002359,production_order,PRD000035224,P000786,LOT00075952,2026-07-04,packaging,major,6,operator_error,return_to_supplier,2026-07-22,211.56
NC000002360,NC-2026-0002360,production_order,PRD000035227,P000565,LOT00098566,2024-01-28,surface_finish,minor,1,process_variation,rework,2024-02-24,243.84
NC000002361,NC-2026-0002361,production_order,PRD000035241,P000310,LOT00237714,2026-07-24,surface_finish,major,1,process_variation,rework,2026-08-10,65.38
NC000002362,NC-2026-0002362,production_order,PRD000035258,P000833,LOT00083860,2025-09-26,surface_finish,minor,3,design_tolerance,rework,2025-10-21,122.21
NC000002363,NC-2026-0002363,production_order,PRD000035264,P000216,LOT00009032,2026-01-05,surface_finish,minor,10,supplier_material,scrap,2026-01-07,1333.24
NC000002364,NC-2026-0002364,production_order,PRD000035272,P000292,LOT00144676,2025-02-24,dimensional,major,1,machine_setting,rework,2025-03-18,659.25
NC000002365,NC-2026-0002365,production_order,PRD000035284,P000066,LOT00009296,2024-12-14,packaging,minor,9,process_variation,scrap,2025-01-04,633.55
NC000002366,NC-2026-0002366,production_order,PRD000035297,P000359,LOT00239399,2024-09-09,electrical,minor,14,machine_setting,scrap,2024-09-14,303.78
NC000002367,NC-2026-0002367,production_order,PRD000035304,P000725,LOT00158233,2025-11-12,electrical,minor,6,operator_error,rework,2025-11-16,177.98
NC000002368,NC-2026-0002368,production_order,PRD000035306,P000103,LOT00091034,2024-05-14,dimensional,major,6,machine_setting,use_as_is,2024-05-25,290.27
NC000002369,NC-2026-0002369,production_order,PRD000035342,P000744,LOT00051262,2026-08-02,packaging,minor,12,process_variation,rework,2026-08-26,551.62
NC000002370,NC-2026-0002370,production_order,PRD000035345,P000808,LOT00147073,2025-07-03,packaging,minor,1,design_tolerance,return_to_supplier,2025-08-02,71.27
NC000002371,NC-2026-0002371,production_order,PRD000035348,P000529,LOT00102121,2024-12-02,electrical,critical,3,design_tolerance,return_to_supplier,2024-12-07,301.8
NC000002372,NC-2026-0002372,production_order,PRD000035354,P000315,LOT00201616,2024-07-18,functional,minor,12,process_variation,rework,2024-08-05,919.08
NC000002373,NC-2026-0002373,production_order,PRD000035356,P000803,LOT00008186,2024-10-13,functional,minor,13,machine_setting,return_to_supplier,2024-10-20,472.63
NC000002374,NC-2026-0002374,production_order,PRD000035375,P000532,LOT00240047,2025-01-02,functional,minor,1,process_variation,scrap,2025-01-25,45.04
NC000002375,NC-2026-0002375,production_order,PRD000035426,P000310,LOT00143985,2024-02-05,surface_finish,major,5,machine_setting,use_as_is,2024-02-17,441.73
NC000002376,NC-2026-0002376,production_order,PRD000035428,P000497,LOT00139818,2025-07-29,electrical,major,4,machine_setting,rework,2025-08-01,154.34
NC000002377,NC-2026-0002377,production_order,PRD000035462,P000436,LOT00051081,2024-11-30,surface_finish,minor,13,supplier_material,rework,2024-12-29,284.87
NC000002378,NC-2026-0002378,production_order,PRD000035491,P000172,LOT00044895,2024-05-08,surface_finish,minor,2,supplier_material,scrap,2024-06-07,118.29
NC000002379,NC-2026-0002379,production_order,PRD000035508,P000331,LOT00126220,2026-08-13,surface_finish,critical,2,design_tolerance,rework,2026-09-02,363.41
NC000002380,NC-2026-0002380,production_order,PRD000035514,P000110,LOT00138160,2026-07-23,functional,critical,11,operator_error,scrap,2026-08-21,185.86
NC000002381,NC-2026-0002381,production_order,PRD000035534,P000699,LOT00092418,2025-11-16,functional,minor,12,process_variation,return_to_supplier,2025-12-16,846.1
NC000002382,NC-2026-0002382,production_order,PRD000035561,P000579,LOT00172070,2025-06-23,dimensional,major,6,operator_error,rework,2025-06-27,328.29
NC000002383,NC-2026-0002383,production_order,PRD000035574,P000632,LOT00201899,2026-03-02,dimensional,major,2,process_variation,scrap,2026-03-09,519.25
NC000002384,NC-2026-0002384,production_order,PRD000035575,P000072,LOT00075425,2024-04-14,packaging,major,1,machine_setting,rework,2024-05-14,46.21
NC000002385,NC-2026-0002385,production_order,PRD000035583,P000015,LOT00081672,2025-09-08,dimensional,critical,5,process_variation,scrap,2025-10-05,2166.43
NC000002386,NC-2026-0002386,production_order,PRD000035595,P000728,LOT00061895,2024-08-13,surface_finish,minor,7,design_tolerance,use_as_is,2024-09-12,194.45
NC000002387,NC-2026-0002387,production_order,PRD000035596,P000021,LOT00056331,2025-12-05,surface_finish,major,6,machine_setting,rework,2025-12-23,140.83
NC000002388,NC-2026-0002388,production_order,PRD000035602,P000411,LOT00205861,2024-06-27,functional,minor,2,machine_setting,rework,2024-07-19,62.48
NC000002389,NC-2026-0002389,production_order,PRD000035605,P000417,LOT00034707,2025-05-12,dimensional,major,4,machine_setting,return_to_supplier,2025-05-30,247.59
NC000002390,NC-2026-0002390,production_order,PRD000035612,P000933,LOT00089115,2025-06-26,surface_finish,major,2,design_tolerance,rework,2025-06-28,346.91
NC000002391,NC-2026-0002391,production_order,PRD000035620,P000204,LOT00208980,2025-11-07,electrical,major,1,process_variation,scrap,2025-11-29,37.25
NC000002392,NC-2026-0002392,production_order,PRD000035627,P000830,LOT00012587,2024-04-08,electrical,minor,3,machine_setting,rework,2024-05-04,69.25
NC000002393,NC-2026-0002393,production_order,PRD000035631,P000012,LOT00108835,2025-02-08,dimensional,minor,1,operator_error,rework,2025-03-09,168.3
NC000002394,NC-2026-0002394,production_order,PRD000035643,P000875,LOT00226291,2025-05-05,dimensional,major,2,operator_error,rework,2025-05-29,283.63
NC000002395,NC-2026-0002395,production_order,PRD000035650,P000083,LOT00118850,2025-03-31,functional,major,5,supplier_material,return_to_supplier,2025-04-08,438.11
NC000002396,NC-2026-0002396,production_order,PRD000035651,P000553,LOT00043305,2026-02-23,electrical,critical,11,operator_error,rework,2026-03-03,5359.69
NC000002397,NC-2026-0002397,production_order,PRD000035668,P000245,LOT00230353,2025-08-08,functional,major,7,supplier_material,rework,2025-08-28,1043.7
NC000002398,NC-2026-0002398,production_order,PRD000035682,P000325,LOT00247346,2025-01-12,packaging,minor,2,supplier_material,rework,2025-02-10,168.79
NC000002399,NC-2026-0002399,production_order,PRD000035699,P000790,LOT00154189,2024-10-19,packaging,minor,3,supplier_material,scrap,2024-11-16,86.51
NC000002400,NC-2026-0002400,production_order,PRD000035701,P000314,LOT00050051,2026-07-05,functional,minor,1,design_tolerance,return_to_supplier,2026-07-20,42.55
NC000002401,NC-2026-0002401,production_order,PRD000035718,P000385,LOT00135991,2026-09-18,functional,major,4,machine_setting,scrap,2026-10-10,167.29
NC000002402,NC-2026-0002402,production_order,PRD000035740,P000454,LOT00048935,2026-02-12,packaging,major,13,process_variation,scrap,2026-03-12,336.98
NC000002403,NC-2026-0002403,production_order,PRD000035747,P000182,LOT00047206,2024-11-30,functional,minor,8,operator_error,rework,2024-12-24,569.21
NC000002404,NC-2026-0002404,production_order,PRD000035748,P000887,LOT00227623,2024-01-24,functional,major,7,process_variation,rework,2024-02-01,844.39
NC000002405,NC-2026-0002405,production_order,PRD000035751,P000408,LOT00204123,2026-02-02,dimensional,minor,3,design_tolerance,rework,2026-02-04,539.83
NC000002406,NC-2026-0002406,production_order,PRD000035755,P000633,LOT00059759,2025-07-25,packaging,minor,1,operator_error,rework,2025-08-03,43.86
NC000002407,NC-2026-0002407,production_order,PRD000035774,P000055,LOT00143896,2024-04-04,packaging,major,14,machine_setting,return_to_supplier,2024-04-11,3324.96
NC000002408,NC-2026-0002408,production_order,PRD000035780,P000593,LOT00100104,2024-05-12,dimensional,minor,2,supplier_material,use_as_is,2024-05-25,161.06
NC000002409,NC-2026-0002409,production_order,PRD000035790,P000730,LOT00150217,2025-02-13,functional,minor,7,process_variation,rework,2025-03-06,131.8
NC000002410,NC-2026-0002410,production_order,PRD000035799,P000161,LOT00168910,2024-07-20,functional,minor,2,design_tolerance,return_to_supplier,2024-08-08,154.51
NC000002411,NC-2026-0002411,production_order,PRD000035809,P000474,LOT00200479,2025-10-01,dimensional,major,4,machine_setting,return_to_supplier,2025-10-22,369.49
NC000002412,NC-2026-0002412,production_order,PRD000035828,P000323,LOT00150946,2024-10-18,surface_finish,critical,4,process_variation,return_to_supplier,2024-10-26,113.36
NC000002413,NC-2026-0002413,production_order,PRD000035853,P000225,LOT00017646,2025-06-30,electrical,minor,9,process_variation,return_to_supplier,2025-07-21,744.88
NC000002414,NC-2026-0002414,production_order,PRD000035875,P000512,LOT00126802,2026-04-03,dimensional,major,6,machine_setting,rework,2026-04-14,400.75
NC000002415,NC-2026-0002415,production_order,PRD000035885,P000827,LOT00121043,2024-07-24,functional,minor,3,operator_error,rework,2024-08-20,57.46
NC000002416,NC-2026-0002416,production_order,PRD000035903,P000091,LOT00072823,2024-07-31,electrical,major,4,operator_error,rework,2024-08-12,217.54
NC000002417,NC-2026-0002417,production_order,PRD000035912,P000863,LOT00207476,2026-08-19,dimensional,minor,9,design_tolerance,scrap,2026-09-11,1992.69
NC000002418,NC-2026-0002418,production_order,PRD000035914,P000905,LOT00211761,2025-02-17,surface_finish,major,12,machine_setting,return_to_supplier,2025-02-24,2436.37
NC000002419,NC-2026-0002419,production_order,PRD000035925,P000684,LOT00186630,2024-09-20,surface_finish,critical,3,design_tolerance,rework,2024-10-05,1070.51
NC000002420,NC-2026-0002420,production_order,PRD000035933,P000478,LOT00011960,2024-10-27,electrical,minor,2,supplier_material,rework,2024-11-17,93.07
NC000002421,NC-2026-0002421,production_order,PRD000035992,P000275,LOT00014864,2024-05-11,functional,minor,8,process_variation,scrap,2024-05-20,353.69
NC000002422,NC-2026-0002422,production_order,PRD000036002,P000871,LOT00187904,2024-03-30,dimensional,major,3,machine_setting,use_as_is,2024-04-19,132.64
NC000002423,NC-2026-0002423,production_order,PRD000036056,P000011,LOT00238944,2024-07-27,electrical,major,5,machine_setting,rework,2024-08-24,51.33
NC000002424,NC-2026-0002424,production_order,PRD000036079,P000320,LOT00241673,2026-03-12,surface_finish,minor,2,process_variation,use_as_is,2026-04-03,260.05
NC000002425,NC-2026-0002425,production_order,PRD000036083,P000397,LOT00160798,2025-09-06,dimensional,minor,4,supplier_material,scrap,2025-09-25,376.6
NC000002426,NC-2026-0002426,production_order,PRD000036092,P000885,LOT00142094,2024-02-18,dimensional,minor,5,machine_setting,scrap,2024-03-09,507.68
NC000002427,NC-2026-0002427,production_order,PRD000036095,P000731,LOT00183233,2025-10-10,functional,major,9,machine_setting,rework,2025-10-14,683.04
NC000002428,NC-2026-0002428,production_order,PRD000036100,P000271,LOT00190619,2024-05-23,dimensional,major,1,operator_error,scrap,2024-06-12,75.52
NC000002429,NC-2026-0002429,production_order,PRD000036104,P000344,LOT00220654,2024-10-21,dimensional,minor,8,machine_setting,rework,2024-11-06,725.14
NC000002430,NC-2026-0002430,production_order,PRD000036121,P000594,LOT00182643,2025-07-11,surface_finish,critical,7,supplier_material,scrap,2025-07-18,342.41
NC000002431,NC-2026-0002431,production_order,PRD000036134,P000025,LOT00043923,2026-05-29,dimensional,critical,4,process_variation,scrap,2026-06-18,237.44
NC000002432,NC-2026-0002432,production_order,PRD000036142,P000375,LOT00159965,2025-06-11,packaging,minor,1,operator_error,use_as_is,2025-06-29,424.41
NC000002433,NC-2026-0002433,production_order,PRD000036159,P000330,LOT00190367,2026-08-16,dimensional,critical,8,machine_setting,rework,2026-08-19,365.69
NC000002434,NC-2026-0002434,production_order,PRD000036161,P000750,LOT00027648,2025-02-23,electrical,critical,1,operator_error,rework,2025-03-10,114.96
NC000002435,NC-2026-0002435,production_order,PRD000036163,P000250,LOT00053232,2025-10-04,packaging,major,1,design_tolerance,scrap,2025-11-02,50.39
NC000002436,NC-2026-0002436,production_order,PRD000036173,P000452,LOT00138894,2025-02-27,dimensional,critical,9,supplier_material,rework,2025-03-04,226.62
NC000002437,NC-2026-0002437,production_order,PRD000036185,P000192,LOT00006301,2024-11-06,functional,major,1,process_variation,rework,2024-11-23,34.02
NC000002438,NC-2026-0002438,production_order,PRD000036217,P000258,LOT00230374,2026-06-09,dimensional,minor,3,design_tolerance,use_as_is,2026-06-15,156.81
NC000002439,NC-2026-0002439,production_order,PRD000036219,P000119,LOT00100723,2024-06-05,functional,major,7,supplier_material,rework,2024-06-08,757.61
NC000002440,NC-2026-0002440,production_order,PRD000036229,P000041,LOT00101120,2025-03-28,electrical,minor,7,machine_setting,scrap,2025-04-14,224.0
NC000002441,NC-2026-0002441,production_order,PRD000036248,P000687,LOT00158294,2026-09-10,electrical,major,14,operator_error,rework,2026-10-09,2711.8
NC000002442,NC-2026-0002442,production_order,PRD000036249,P000161,LOT00059630,2024-04-27,functional,major,10,process_variation,use_as_is,2024-05-09,183.1
NC000002443,NC-2026-0002443,production_order,PRD000036254,P000722,LOT00127711,2024-07-18,surface_finish,minor,3,supplier_material,rework,2024-07-28,197.69
NC000002444,NC-2026-0002444,production_order,PRD000036277,P000639,LOT00023936,2024-03-25,dimensional,major,2,process_variation,scrap,2024-04-18,176.42
NC000002445,NC-2026-0002445,production_order,PRD000036298,P000328,LOT00119358,2025-11-27,dimensional,critical,13,design_tolerance,return_to_supplier,2025-12-07,1325.89
NC000002446,NC-2026-0002446,production_order,PRD000036300,P000256,LOT00052540,2026-01-17,functional,major,2,supplier_material,scrap,2026-02-10,65.89
NC000002447,NC-2026-0002447,production_order,PRD000036307,P000794,LOT00241920,2024-02-19,dimensional,critical,2,operator_error,rework,2024-03-11,115.38
NC000002448,NC-2026-0002448,production_order,PRD000036330,P000463,LOT00174420,2026-02-20,dimensional,critical,1,process_variation,return_to_supplier,2026-03-16,264.18
NC000002449,NC-2026-0002449,production_order,PRD000036331,P000835,LOT00032954,2025-09-13,packaging,major,14,supplier_material,rework,2025-10-06,720.97
NC000002450,NC-2026-0002450,production_order,PRD000036332,P000216,LOT00004770,2025-03-03,electrical,major,9,process_variation,return_to_supplier,2025-03-16,976.35
NC000002451,NC-2026-0002451,production_order,PRD000036339,P000118,LOT00066252,2026-05-27,dimensional,critical,1,supplier_material,use_as_is,2026-06-03,18.86
NC000002452,NC-2026-0002452,production_order,PRD000036380,P000923,LOT00225141,2024-05-25,functional,minor,13,design_tolerance,scrap,2024-06-10,415.17
NC000002453,NC-2026-0002453,production_order,PRD000036386,P000577,LOT00211675,2026-06-17,surface_finish,minor,7,operator_error,return_to_supplier,2026-06-30,736.4
NC000002454,NC-2026-0002454,production_order,PRD000036434,P000273,LOT00186342,2025-10-05,electrical,major,3,machine_setting,scrap,2025-10-18,374.07
NC000002455,NC-2026-0002455,production_order,PRD000036436,P000575,LOT00069737,2024-05-17,functional,major,5,operator_error,return_to_supplier,2024-05-19,913.83
NC000002456,NC-2026-0002456,production_order,PRD000036471,P000542,LOT00149073,2024-10-18,dimensional,major,2,supplier_material,rework,2024-11-11,275.05
NC000002457,NC-2026-0002457,production_order,PRD000036491,P000884,LOT00040827,2026-08-28,functional,critical,3,operator_error,use_as_is,2026-09-06,23.34
NC000002458,NC-2026-0002458,production_order,PRD000036500,P000695,LOT00140215,2024-04-22,surface_finish,minor,9,operator_error,rework,2024-05-12,382.77
NC000002459,NC-2026-0002459,production_order,PRD000036502,P000605,LOT00029578,2024-05-18,dimensional,critical,1,machine_setting,return_to_supplier,2024-06-10,0.0
NC000002460,NC-2026-0002460,production_order,PRD000036504,P000043,LOT00003751,2025-10-18,functional,major,3,machine_setting,rework,2025-10-24,888.33
NC000002461,NC-2026-0002461,production_order,PRD000036506,P000288,LOT00118964,2024-10-05,surface_finish,minor,2,machine_setting,return_to_supplier,2024-10-07,114.77
NC000002462,NC-2026-0002462,production_order,PRD000036508,P000198,LOT00155222,2026-03-20,surface_finish,major,4,machine_setting,rework,2026-04-17,385.5
NC000002463,NC-2026-0002463,production_order,PRD000036514,P000227,LOT00131831,2026-06-10,electrical,minor,1,supplier_material,rework,2026-06-17,26.62
NC000002464,NC-2026-0002464,production_order,PRD000036520,P000354,LOT00176088,2024-02-21,surface_finish,minor,11,operator_error,scrap,2024-03-21,1153.68
NC000002465,NC-2026-0002465,production_order,PRD000036533,P000943,LOT00177905,2025-04-30,dimensional,minor,8,machine_setting,use_as_is,2025-05-06,802.48
NC000002466,NC-2026-0002466,production_order,PRD000036538,P000766,LOT00089127,2025-02-01,packaging,minor,6,machine_setting,use_as_is,2025-02-12,763.31
NC000002467,NC-2026-0002467,production_order,PRD000036540,P000621,LOT00088449,2024-01-31,packaging,minor,1,process_variation,use_as_is,2024-02-21,46.74
NC000002468,NC-2026-0002468,production_order,PRD000036542,P000508,LOT00172504,2025-11-23,functional,minor,9,operator_error,scrap,2025-12-05,263.8
NC000002469,NC-2026-0002469,production_order,PRD000036574,P000491,LOT00058576,2025-07-08,dimensional,critical,4,operator_error,rework,2025-07-31,661.33
NC000002470,NC-2026-0002470,production_order,PRD000036594,P000391,LOT00090156,2026-03-30,dimensional,major,14,supplier_material,rework,2026-04-16,162.36
NC000002471,NC-2026-0002471,production_order,PRD000036596,P000379,LOT00184709,2024-11-12,surface_finish,major,8,supplier_material,rework,2024-11-15,721.4
NC000002472,NC-2026-0002472,production_order,PRD000036603,P000251,LOT00077498,2024-01-22,functional,minor,5,design_tolerance,rework,2024-01-30,151.77
NC000002473,NC-2026-0002473,production_order,PRD000036616,P000632,LOT00072692,2024-09-02,functional,minor,1,process_variation,rework,2024-09-08,91.44
NC000002474,NC-2026-0002474,production_order,PRD000036618,P000158,LOT00044375,2025-03-01,surface_finish,major,6,process_variation,rework,2025-03-04,145.76
NC000002475,NC-2026-0002475,production_order,PRD000036624,P000565,LOT00162571,2024-09-10,packaging,critical,1,machine_setting,rework,2024-09-22,150.4
NC000002476,NC-2026-0002476,production_order,PRD000036625,P000678,LOT00038543,2024-05-25,electrical,major,2,operator_error,rework,2024-06-21,173.05
NC000002477,NC-2026-0002477,production_order,PRD000036635,P000623,LOT00213454,2024-03-03,functional,minor,2,supplier_material,rework,2024-03-30,77.13
NC000002478,NC-2026-0002478,production_order,PRD000036643,P000260,LOT00008022,2024-12-29,surface_finish,major,2,design_tolerance,rework,2025-01-11,105.3
NC000002479,NC-2026-0002479,production_order,PRD000036657,P000769,LOT00022912,2024-10-01,surface_finish,major,3,operator_error,return_to_supplier,2024-10-25,221.65
NC000002480,NC-2026-0002480,production_order,PRD000036664,P000317,LOT00203442,2024-03-13,dimensional,minor,7,process_variation,use_as_is,2024-03-22,181.98
NC000002481,NC-2026-0002481,production_order,PRD000036674,P000315,LOT00059196,2024-06-14,surface_finish,major,4,process_variation,rework,2024-07-03,269.79
NC000002482,NC-2026-0002482,production_order,PRD000036715,P000279,LOT00026247,2025-02-03,functional,minor,1,operator_error,scrap,2025-02-21,32.81
NC000002483,NC-2026-0002483,production_order,PRD000036727,P000151,LOT00189120,2025-01-06,packaging,major,9,operator_error,scrap,2025-01-24,599.82
NC000002484,NC-2026-0002484,production_order,PRD000036756,P000701,LOT00011594,2026-05-27,functional,minor,5,operator_error,rework,2026-05-30,501.91
NC000002485,NC-2026-0002485,production_order,PRD000036765,P000132,LOT00170604,2025-10-17,dimensional,major,3,supplier_material,scrap,2025-11-07,121.0
NC000002486,NC-2026-0002486,production_order,PRD000036782,P000912,LOT00203755,2025-09-02,electrical,major,1,operator_error,rework,2025-09-08,41.11
NC000002487,NC-2026-0002487,production_order,PRD000036785,P000843,LOT00098459,2025-12-08,dimensional,major,4,machine_setting,rework,2025-12-11,144.03
NC000002488,NC-2026-0002488,production_order,PRD000036789,P000868,LOT00132388,2026-06-30,dimensional,minor,6,operator_error,use_as_is,2026-07-02,524.06
NC000002489,NC-2026-0002489,production_order,PRD000036815,P000417,LOT00041163,2026-03-06,functional,major,4,machine_setting,use_as_is,2026-03-14,157.35
NC000002490,NC-2026-0002490,production_order,PRD000036821,P000443,LOT00145496,2025-11-07,surface_finish,major,2,design_tolerance,scrap,2025-11-27,165.15
NC000002491,NC-2026-0002491,production_order,PRD000036822,P000158,LOT00243547,2025-04-19,surface_finish,major,3,supplier_material,rework,2025-04-28,58.42
NC000002492,NC-2026-0002492,production_order,PRD000036845,P000180,LOT00242141,2026-07-06,packaging,minor,8,operator_error,rework,2026-07-10,304.97
NC000002493,NC-2026-0002493,production_order,PRD000036847,P000697,LOT00072401,2025-05-27,functional,major,7,operator_error,rework,2025-06-16,1252.64
NC000002494,NC-2026-0002494,production_order,PRD000036856,P000542,LOT00248938,2025-09-17,functional,minor,4,supplier_material,rework,2025-10-06,597.64
NC000002495,NC-2026-0002495,production_order,PRD000036857,P000476,LOT00187957,2025-09-21,surface_finish,major,6,process_variation,scrap,2025-10-02,1854.35
NC000002496,NC-2026-0002496,production_order,PRD000036867,P000510,LOT00171626,2024-11-21,surface_finish,major,4,machine_setting,return_to_supplier,2024-12-07,29.94
NC000002497,NC-2026-0002497,production_order,PRD000036886,P000149,LOT00115446,2024-05-20,packaging,critical,3,machine_setting,rework,2024-06-19,461.05
NC000002498,NC-2026-0002498,production_order,PRD000036888,P000886,LOT00218984,2025-06-06,functional,major,1,supplier_material,rework,2025-06-26,19.79
NC000002499,NC-2026-0002499,production_order,PRD000036889,P000682,LOT00049809,2025-08-13,surface_finish,critical,6,process_variation,return_to_supplier,2025-08-22,585.76
NC000002500,NC-2026-0002500,production_order,PRD000036892,P000350,LOT00109156,2026-03-19,packaging,major,2,machine_setting,rework,2026-04-09,43.87
NC000002501,NC-2026-0002501,production_order,PRD000036894,P000703,LOT00228752,2026-04-04,functional,minor,5,machine_setting,scrap,2026-04-26,212.76
NC000002502,NC-2026-0002502,production_order,PRD000036928,P000832,LOT00221355,2025-11-20,packaging,major,3,machine_setting,scrap,2025-12-17,168.69
NC000002503,NC-2026-0002503,production_order,PRD000036955,P000623,LOT00012985,2024-07-01,functional,minor,7,machine_setting,scrap,2024-07-20,411.55
NC000002504,NC-2026-0002504,production_order,PRD000036959,P000107,LOT00197778,2025-03-17,surface_finish,minor,3,operator_error,rework,2025-03-31,206.21
NC000002505,NC-2026-0002505,production_order,PRD000036963,P000100,LOT00165220,2024-09-08,electrical,minor,2,design_tolerance,scrap,2024-09-17,38.39
NC000002506,NC-2026-0002506,production_order,PRD000036981,P000890,LOT00049455,2024-10-16,dimensional,minor,5,process_variation,rework,2024-11-09,119.1
NC000002507,NC-2026-0002507,production_order,PRD000036990,P000848,LOT00162725,2026-09-16,packaging,critical,1,process_variation,return_to_supplier,2026-09-23,169.07
NC000002508,NC-2026-0002508,production_order,PRD000037003,P000628,LOT00228922,2024-04-05,surface_finish,minor,2,process_variation,rework,2024-04-30,143.43
NC000002509,NC-2026-0002509,production_order,PRD000037011,P000072,LOT00123156,2024-06-28,packaging,minor,13,operator_error,rework,2024-07-09,378.28
NC000002510,NC-2026-0002510,production_order,PRD000037024,P000535,LOT00246580,2024-11-12,functional,major,7,design_tolerance,scrap,2024-11-23,553.62
NC000002511,NC-2026-0002511,production_order,PRD000037025,P000167,LOT00196134,2024-07-29,electrical,minor,12,machine_setting,rework,2024-08-20,1349.2
NC000002512,NC-2026-0002512,production_order,PRD000037044,P000596,LOT00002531,2024-11-02,electrical,minor,11,process_variation,use_as_is,2024-11-24,1318.44
NC000002513,NC-2026-0002513,production_order,PRD000037049,P000475,LOT00038766,2026-01-17,packaging,minor,8,machine_setting,use_as_is,2026-01-28,3269.62
NC000002514,NC-2026-0002514,production_order,PRD000037054,P000119,LOT00167915,2024-07-09,electrical,minor,2,process_variation,rework,2024-07-22,217.12
NC000002515,NC-2026-0002515,production_order,PRD000037068,P000600,LOT00178319,2026-08-21,dimensional,major,3,process_variation,use_as_is,2026-08-25,317.46
NC000002516,NC-2026-0002516,production_order,PRD000037082,P000783,LOT00107474,2024-08-13,packaging,major,1,supplier_material,scrap,2024-08-31,130.6
NC000002517,NC-2026-0002517,production_order,PRD000037111,P000682,LOT00101825,2026-08-11,dimensional,major,14,process_variation,use_as_is,2026-08-13,971.45
NC000002518,NC-2026-0002518,production_order,PRD000037132,P000424,LOT00028831,2026-08-14,functional,minor,3,design_tolerance,use_as_is,2026-08-23,81.67
NC000002519,NC-2026-0002519,production_order,PRD000037145,P000489,LOT00059921,2025-07-22,dimensional,minor,1,design_tolerance,rework,2025-08-15,103.04
NC000002520,NC-2026-0002520,production_order,PRD000037175,P000388,LOT00098277,2025-03-28,electrical,critical,2,process_variation,rework,2025-04-04,100.45
NC000002521,NC-2026-0002521,production_order,PRD000037185,P000212,LOT00096111,2026-07-07,dimensional,major,6,process_variation,scrap,2026-07-24,632.27
NC000002522,NC-2026-0002522,production_order,PRD000037199,P000284,LOT00052045,2025-01-04,packaging,major,1,supplier_material,rework,2025-01-15,7.07
NC000002523,NC-2026-0002523,production_order,PRD000037204,P000172,LOT00088581,2025-08-25,surface_finish,minor,2,supplier_material,use_as_is,2025-09-21,98.2
NC000002524,NC-2026-0002524,production_order,PRD000037214,P000155,LOT00161715,2024-02-08,packaging,minor,1,process_variation,rework,2024-02-22,56.54
NC000002525,NC-2026-0002525,production_order,PRD000037222,P000707,LOT00212116,2024-11-26,surface_finish,minor,1,operator_error,scrap,2024-12-08,166.37
NC000002526,NC-2026-0002526,production_order,PRD000037248,P000072,LOT00174825,2024-05-24,dimensional,minor,3,operator_error,rework,2024-06-01,132.53
NC000002527,NC-2026-0002527,production_order,PRD000037249,P000637,LOT00154411,2025-02-27,functional,critical,4,design_tolerance,use_as_is,2025-03-01,102.47
NC000002528,NC-2026-0002528,production_order,PRD000037257,P000081,LOT00067710,2026-06-27,dimensional,minor,6,process_variation,scrap,2026-07-12,91.04
NC000002529,NC-2026-0002529,production_order,PRD000037261,P000177,LOT00229139,2025-11-23,functional,major,11,supplier_material,rework,2025-11-25,404.84
NC000002530,NC-2026-0002530,production_order,PRD000037263,P000250,LOT00132151,2025-03-01,electrical,major,1,machine_setting,scrap,2025-03-11,129.74
NC000002531,NC-2026-0002531,production_order,PRD000037288,P000693,LOT00014673,2025-11-01,functional,critical,6,design_tolerance,scrap,2025-11-17,166.75
NC000002532,NC-2026-0002532,production_order,PRD000037306,P000068,LOT00124945,2025-06-12,packaging,major,2,process_variation,scrap,2025-06-26,57.39
NC000002533,NC-2026-0002533,production_order,PRD000037319,P000825,LOT00128293,2025-10-20,dimensional,major,1,machine_setting,rework,2025-10-31,46.85
NC000002534,NC-2026-0002534,production_order,PRD000037325,P000712,LOT00048241,2026-06-17,packaging,minor,5,supplier_material,scrap,2026-07-09,590.81
NC000002535,NC-2026-0002535,production_order,PRD000037334,P000408,LOT00043309,2024-08-01,surface_finish,minor,5,process_variation,return_to_supplier,2024-08-03,606.61
NC000002536,NC-2026-0002536,production_order,PRD000037340,P000754,LOT00003036,2025-01-20,electrical,critical,2,supplier_material,scrap,2025-01-31,240.35
NC000002537,NC-2026-0002537,production_order,PRD000037348,P000925,LOT00193835,2025-03-01,electrical,minor,4,machine_setting,rework,2025-03-17,61.45
NC000002538,NC-2026-0002538,production_order,PRD000037350,P000709,LOT00146545,2024-07-08,dimensional,major,2,operator_error,scrap,2024-08-01,43.91
NC000002539,NC-2026-0002539,production_order,PRD000037364,P000044,LOT00039662,2025-08-31,functional,minor,5,process_variation,rework,2025-09-05,542.17
NC000002540,NC-2026-0002540,production_order,PRD000037369,P000511,LOT00094969,2024-04-21,surface_finish,major,12,operator_error,rework,2024-04-26,1760.34
NC000002541,NC-2026-0002541,production_order,PRD000037370,P000687,LOT00211525,2024-11-10,functional,minor,5,design_tolerance,use_as_is,2024-12-04,511.19
NC000002542,NC-2026-0002542,production_order,PRD000037374,P000258,LOT00006936,2024-07-24,dimensional,major,1,process_variation,rework,2024-08-23,73.38
NC000002543,NC-2026-0002543,production_order,PRD000037379,P000700,LOT00101174,2024-06-11,packaging,minor,2,operator_error,rework,2024-07-10,50.77
NC000002544,NC-2026-0002544,production_order,PRD000037382,P000296,LOT00026812,2024-06-24,surface_finish,minor,11,operator_error,rework,2024-06-28,1269.93
NC000002545,NC-2026-0002545,production_order,PRD000037393,P000830,LOT00101336,2024-06-16,surface_finish,critical,2,supplier_material,use_as_is,2024-07-15,94.71
NC000002546,NC-2026-0002546,production_order,PRD000037411,P000850,LOT00105790,2024-11-29,surface_finish,minor,2,supplier_material,scrap,2024-12-25,635.55
NC000002547,NC-2026-0002547,production_order,PRD000037433,P000451,LOT00246565,2024-12-20,functional,critical,4,supplier_material,rework,2025-01-10,51.99
NC000002548,NC-2026-0002548,production_order,PRD000037434,P000938,LOT00124781,2025-01-21,surface_finish,minor,4,operator_error,rework,2025-01-25,1390.81
NC000002549,NC-2026-0002549,production_order,PRD000037444,P000397,LOT00247516,2024-07-22,dimensional,minor,10,process_variation,rework,2024-08-02,1292.46
NC000002550,NC-2026-0002550,production_order,PRD000037449,P000077,LOT00130664,2025-05-13,packaging,critical,12,machine_setting,rework,2025-05-23,806.47
NC000002551,NC-2026-0002551,production_order,PRD000037451,P000365,LOT00234745,2025-02-22,electrical,major,8,machine_setting,scrap,2025-03-01,231.36
NC000002552,NC-2026-0002552,production_order,PRD000037454,P000639,LOT00154763,2024-07-24,dimensional,major,3,supplier_material,scrap,2024-08-08,229.08
NC000002553,NC-2026-0002553,production_order,PRD000037475,P000030,LOT00084985,2026-07-27,dimensional,critical,8,process_variation,scrap,2026-08-01,97.51
NC000002554,NC-2026-0002554,production_order,PRD000037494,P000774,LOT00123889,2024-10-23,surface_finish,major,2,machine_setting,use_as_is,2024-11-21,64.82
NC000002555,NC-2026-0002555,production_order,PRD000037496,P000704,LOT00172397,2026-07-16,electrical,minor,2,design_tolerance,use_as_is,2026-08-01,265.8
NC000002556,NC-2026-0002556,production_order,PRD000037524,P000595,LOT00201621,2026-07-30,electrical,minor,4,machine_setting,rework,2026-08-03,223.94
NC000002557,NC-2026-0002557,production_order,PRD000037536,P000340,LOT00085252,2024-04-03,electrical,major,5,operator_error,rework,2024-04-22,365.99
NC000002558,NC-2026-0002558,production_order,PRD000037573,P000647,LOT00037621,2024-05-13,packaging,minor,7,machine_setting,rework,2024-06-11,358.51
NC000002559,NC-2026-0002559,production_order,PRD000037583,P000211,LOT00200890,2025-07-20,surface_finish,minor,13,operator_error,return_to_supplier,2025-08-15,1179.56
NC000002560,NC-2026-0002560,production_order,PRD000037589,P000844,LOT00044490,2025-06-03,dimensional,minor,6,operator_error,rework,2025-06-15,1036.43
NC000002561,NC-2026-0002561,production_order,PRD000037596,P000137,LOT00032549,2025-04-07,functional,minor,5,operator_error,rework,2025-04-29,241.67
NC000002562,NC-2026-0002562,production_order,PRD000037602,P000457,LOT00249025,2025-08-26,electrical,minor,7,process_variation,use_as_is,2025-09-22,1645.64
NC000002563,NC-2026-0002563,production_order,PRD000037604,P000791,LOT00192753,2026-09-19,dimensional,major,10,process_variation,rework,2026-10-06,377.99
NC000002564,NC-2026-0002564,production_order,PRD000037625,P000699,LOT00118768,2025-11-27,packaging,minor,14,process_variation,rework,2025-12-14,690.65
NC000002565,NC-2026-0002565,production_order,PRD000037634,P000846,LOT00024659,2024-07-08,dimensional,minor,11,supplier_material,scrap,2024-07-17,308.63
NC000002566,NC-2026-0002566,production_order,PRD000037637,P000589,LOT00007004,2024-06-26,surface_finish,major,5,operator_error,rework,2024-07-11,123.41
NC000002567,NC-2026-0002567,production_order,PRD000037647,P000554,LOT00246017,2025-01-06,surface_finish,minor,1,machine_setting,use_as_is,2025-01-23,61.65
NC000002568,NC-2026-0002568,production_order,PRD000037648,P000419,LOT00008556,2025-05-07,surface_finish,major,7,process_variation,rework,2025-05-13,373.21
NC000002569,NC-2026-0002569,production_order,PRD000037658,P000548,LOT00078964,2025-04-28,electrical,minor,4,machine_setting,return_to_supplier,2025-05-17,106.05
NC000002570,NC-2026-0002570,production_order,PRD000037669,P000856,LOT00095832,2026-07-06,electrical,minor,1,operator_error,return_to_supplier,2026-07-15,79.78
NC000002571,NC-2026-0002571,production_order,PRD000037676,P000223,LOT00164501,2025-09-13,dimensional,major,10,design_tolerance,use_as_is,2025-10-10,4922.52
NC000002572,NC-2026-0002572,production_order,PRD000037719,P000221,LOT00046216,2025-01-17,surface_finish,major,12,supplier_material,rework,2025-01-22,1229.73
NC000002573,NC-2026-0002573,production_order,PRD000037726,P000145,LOT00148560,2026-08-04,packaging,minor,5,machine_setting,rework,2026-08-21,460.52
NC000002574,NC-2026-0002574,production_order,PRD000037732,P000611,LOT00186782,2024-03-20,packaging,minor,1,operator_error,return_to_supplier,2024-03-31,36.48
NC000002575,NC-2026-0002575,production_order,PRD000037737,P000066,LOT00179361,2026-06-06,electrical,minor,4,process_variation,rework,2026-06-24,309.19
NC000002576,NC-2026-0002576,production_order,PRD000037738,P000035,LOT00020456,2024-06-04,electrical,major,11,design_tolerance,use_as_is,2024-06-18,1583.48
NC000002577,NC-2026-0002577,production_order,PRD000037747,P000938,LOT00150877,2026-05-08,electrical,major,2,process_variation,return_to_supplier,2026-05-14,551.32
NC000002578,NC-2026-0002578,production_order,PRD000037787,P000936,LOT00123761,2025-09-11,electrical,minor,4,machine_setting,scrap,2025-09-20,117.8
NC000002579,NC-2026-0002579,production_order,PRD000037793,P000021,LOT00244286,2024-02-14,packaging,minor,3,operator_error,rework,2024-02-25,200.52
NC000002580,NC-2026-0002580,production_order,PRD000037847,P000301,LOT00104634,2024-04-14,packaging,minor,1,machine_setting,scrap,2024-04-22,47.65
NC000002581,NC-2026-0002581,production_order,PRD000037853,P000183,LOT00076895,2024-07-04,surface_finish,minor,8,supplier_material,rework,2024-07-18,1866.14
NC000002582,NC-2026-0002582,production_order,PRD000037867,P000831,LOT00196771,2026-02-11,functional,critical,9,machine_setting,scrap,2026-03-12,262.53
NC000002583,NC-2026-0002583,production_order,PRD000037871,P000809,LOT00231194,2024-04-27,packaging,minor,13,machine_setting,rework,2024-05-17,591.53
NC000002584,NC-2026-0002584,production_order,PRD000037882,P000843,LOT00206188,2024-09-26,functional,minor,6,supplier_material,use_as_is,2024-10-09,289.16
NC000002585,NC-2026-0002585,production_order,PRD000037965,P000422,LOT00191741,2025-07-26,surface_finish,major,4,machine_setting,scrap,2025-08-19,269.18
NC000002586,NC-2026-0002586,production_order,PRD000037997,P000940,LOT00115265,2024-10-31,surface_finish,minor,2,machine_setting,rework,2024-11-17,278.25
NC000002587,NC-2026-0002587,production_order,PRD000037999,P000610,LOT00181179,2025-10-14,dimensional,minor,9,supplier_material,rework,2025-11-11,368.24
NC000002588,NC-2026-0002588,production_order,PRD000038000,P000363,LOT00038967,2025-10-15,packaging,major,13,supplier_material,rework,2025-10-24,423.15
NC000002589,NC-2026-0002589,production_order,PRD000038013,P000618,LOT00086929,2025-10-28,surface_finish,major,11,machine_setting,use_as_is,2025-11-02,412.87
NC000002590,NC-2026-0002590,production_order,PRD000038027,P000225,LOT00082710,2026-03-26,functional,minor,1,supplier_material,use_as_is,2026-04-25,65.32
NC000002591,NC-2026-0002591,production_order,PRD000038030,P000043,LOT00174093,2024-02-16,packaging,minor,2,operator_error,return_to_supplier,2024-03-10,313.57
NC000002592,NC-2026-0002592,production_order,PRD000038040,P000653,LOT00015335,2026-03-02,dimensional,minor,6,supplier_material,scrap,2026-03-12,175.67
NC000002593,NC-2026-0002593,production_order,PRD000038048,P000339,LOT00231200,2024-04-08,electrical,critical,7,machine_setting,scrap,2024-04-26,572.61
NC000002594,NC-2026-0002594,production_order,PRD000038055,P000086,LOT00228263,2025-11-22,surface_finish,major,1,process_variation,scrap,2025-12-11,67.81
NC000002595,NC-2026-0002595,production_order,PRD000038076,P000577,LOT00190024,2025-04-05,functional,major,4,machine_setting,scrap,2025-04-24,379.71
NC000002596,NC-2026-0002596,production_order,PRD000038077,P000799,LOT00029039,2026-07-29,functional,minor,13,supplier_material,scrap,2026-08-24,537.28
NC000002597,NC-2026-0002597,production_order,PRD000038088,P000125,LOT00091517,2025-03-19,surface_finish,minor,3,machine_setting,use_as_is,2025-03-24,69.4
NC000002598,NC-2026-0002598,production_order,PRD000038092,P000113,LOT00070782,2024-04-16,surface_finish,minor,1,operator_error,scrap,2024-04-29,18.04
NC000002599,NC-2026-0002599,production_order,PRD000038099,P000509,LOT00218034,2026-05-03,functional,minor,2,machine_setting,rework,2026-05-10,122.7
NC000002600,NC-2026-0002600,production_order,PRD000038118,P000131,LOT00208923,2025-05-05,electrical,minor,3,operator_error,rework,2025-05-18,211.5
NC000002601,NC-2026-0002601,production_order,PRD000038125,P000251,LOT00157095,2026-03-18,electrical,critical,11,design_tolerance,use_as_is,2026-03-21,382.99
NC000002602,NC-2026-0002602,production_order,PRD000038126,P000588,LOT00206243,2025-10-04,packaging,minor,1,operator_error,scrap,2025-10-14,31.72
NC000002603,NC-2026-0002603,production_order,PRD000038146,P000033,LOT00106966,2024-08-10,surface_finish,major,1,operator_error,return_to_supplier,2024-09-06,19.32
NC000002604,NC-2026-0002604,production_order,PRD000038166,P000467,LOT00227033,2024-03-23,functional,major,1,process_variation,return_to_supplier,2024-04-12,22.85
NC000002605,NC-2026-0002605,production_order,PRD000038168,P000143,LOT00174337,2025-07-13,functional,major,4,process_variation,rework,2025-07-29,116.87
NC000002606,NC-2026-0002606,production_order,PRD000038178,P000490,LOT00081674,2026-02-22,electrical,major,9,machine_setting,rework,2026-03-22,1721.51
NC000002607,NC-2026-0002607,production_order,PRD000038203,P000444,LOT00020262,2025-08-15,surface_finish,major,3,process_variation,rework,2025-09-07,566.62
NC000002608,NC-2026-0002608,production_order,PRD000038214,P000270,LOT00127243,2025-04-08,electrical,minor,12,supplier_material,use_as_is,2025-04-25,684.64
NC000002609,NC-2026-0002609,production_order,PRD000038218,P000815,LOT00020877,2025-12-07,functional,major,11,machine_setting,use_as_is,2026-01-04,5716.24
NC000002610,NC-2026-0002610,production_order,PRD000038263,P000634,LOT00167807,2024-09-16,dimensional,major,12,supplier_material,rework,2024-10-02,322.85
NC000002611,NC-2026-0002611,production_order,PRD000038272,P000208,LOT00066488,2026-09-12,dimensional,critical,3,process_variation,use_as_is,2026-10-07,64.72
NC000002612,NC-2026-0002612,production_order,PRD000038275,P000813,LOT00105066,2024-12-09,electrical,minor,1,machine_setting,use_as_is,2025-01-06,57.68
NC000002613,NC-2026-0002613,production_order,PRD000038293,P000173,LOT00154263,2024-02-22,functional,critical,9,process_variation,rework,2024-03-03,1046.71
NC000002614,NC-2026-0002614,production_order,PRD000038296,P000796,LOT00056034,2026-04-19,packaging,major,2,supplier_material,rework,2026-04-25,161.62
NC000002615,NC-2026-0002615,production_order,PRD000038302,P000199,LOT00188172,2026-02-09,packaging,major,2,design_tolerance,return_to_supplier,2026-02-11,129.49
NC000002616,NC-2026-0002616,production_order,PRD000038328,P000252,LOT00244190,2026-02-24,functional,major,5,machine_setting,rework,2026-03-24,526.02
NC000002617,NC-2026-0002617,production_order,PRD000038334,P000681,LOT00167435,2026-01-16,dimensional,major,2,process_variation,use_as_is,2026-02-09,79.7
NC000002618,NC-2026-0002618,production_order,PRD000038360,P000866,LOT00115135,2025-08-06,packaging,major,11,process_variation,rework,2025-09-03,3024.68
NC000002619,NC-2026-0002619,production_order,PRD000038400,P000094,LOT00099298,2025-06-02,dimensional,minor,5,supplier_material,return_to_supplier,2025-06-08,287.17
NC000002620,NC-2026-0002620,production_order,PRD000038439,P000408,LOT00074044,2026-02-09,electrical,critical,1,process_variation,return_to_supplier,2026-03-09,130.93
NC000002621,NC-2026-0002621,production_order,PRD000038459,P000502,LOT00080939,2025-03-30,surface_finish,major,1,supplier_material,rework,2025-04-26,112.24
NC000002622,NC-2026-0002622,production_order,PRD000038494,P000654,LOT00145328,2025-02-06,dimensional,major,4,machine_setting,use_as_is,2025-03-04,206.67
NC000002623,NC-2026-0002623,production_order,PRD000038502,P000139,LOT00110989,2024-10-17,surface_finish,major,3,process_variation,rework,2024-11-08,326.49
NC000002624,NC-2026-0002624,production_order,PRD000038519,P000015,LOT00210207,2024-08-15,packaging,major,2,operator_error,rework,2024-09-13,1188.75
NC000002625,NC-2026-0002625,production_order,PRD000038523,P000061,LOT00161878,2026-05-23,dimensional,major,14,machine_setting,rework,2026-06-18,1718.26
NC000002626,NC-2026-0002626,production_order,PRD000038534,P000731,LOT00216820,2025-10-24,dimensional,minor,5,process_variation,scrap,2025-11-14,704.49
NC000002627,NC-2026-0002627,production_order,PRD000038542,P000345,LOT00060556,2025-08-02,electrical,minor,9,operator_error,scrap,2025-09-01,697.94
NC000002628,NC-2026-0002628,production_order,PRD000038543,P000662,LOT00235648,2024-10-09,dimensional,critical,13,supplier_material,rework,2024-10-13,711.36
NC000002629,NC-2026-0002629,production_order,PRD000038557,P000245,LOT00249369,2025-10-29,electrical,major,14,process_variation,rework,2025-11-09,1222.48
NC000002630,NC-2026-0002630,production_order,PRD000038626,P000573,LOT00051142,2024-01-29,electrical,minor,1,operator_error,use_as_is,2024-02-23,72.1
NC000002631,NC-2026-0002631,production_order,PRD000038667,P000350,LOT00237224,2025-12-15,functional,minor,1,machine_setting,return_to_supplier,2026-01-07,23.69
NC000002632,NC-2026-0002632,production_order,PRD000038670,P000573,LOT00003709,2026-06-27,surface_finish,minor,4,machine_setting,rework,2026-07-06,210.11
NC000002633,NC-2026-0002633,production_order,PRD000038671,P000718,LOT00109642,2025-03-02,functional,minor,5,operator_error,rework,2025-03-17,434.75
NC000002634,NC-2026-0002634,production_order,PRD000038699,P000832,LOT00200337,2024-07-07,dimensional,minor,5,design_tolerance,rework,2024-07-29,88.76
NC000002635,NC-2026-0002635,production_order,PRD000038721,P000204,LOT00075203,2024-12-19,packaging,minor,6,design_tolerance,use_as_is,2024-12-24,545.65
NC000002636,NC-2026-0002636,production_order,PRD000038722,P000544,LOT00124187,2026-01-16,functional,major,1,machine_setting,rework,2026-01-20,63.59
NC000002637,NC-2026-0002637,production_order,PRD000038731,P000026,LOT00084616,2026-06-22,electrical,major,8,operator_error,return_to_supplier,2026-06-29,283.76
NC000002638,NC-2026-0002638,production_order,PRD000038738,P000691,LOT00069130,2024-09-07,electrical,minor,5,machine_setting,return_to_supplier,2024-09-13,101.97
NC000002639,NC-2026-0002639,production_order,PRD000038747,P000440,LOT00032468,2025-06-22,dimensional,major,13,supplier_material,rework,2025-06-28,887.09
NC000002640,NC-2026-0002640,production_order,PRD000038790,P000223,LOT00024308,2024-05-29,functional,minor,4,machine_setting,rework,2024-06-06,679.87
NC000002641,NC-2026-0002641,production_order,PRD000038814,P000556,LOT00078806,2025-04-18,electrical,minor,8,design_tolerance,rework,2025-04-27,326.95
NC000002642,NC-2026-0002642,production_order,PRD000038827,P000731,LOT00207644,2024-10-20,dimensional,minor,8,supplier_material,rework,2024-11-19,829.23
NC000002643,NC-2026-0002643,production_order,PRD000038845,P000282,LOT00008701,2025-11-10,dimensional,major,2,operator_error,scrap,2025-11-28,266.28
NC000002644,NC-2026-0002644,production_order,PRD000038853,P000806,LOT00218963,2025-12-09,surface_finish,minor,7,process_variation,rework,2026-01-05,491.82
NC000002645,NC-2026-0002645,production_order,PRD000038860,P000876,LOT00208287,2026-07-13,surface_finish,minor,6,supplier_material,rework,2026-08-07,274.25
NC000002646,NC-2026-0002646,production_order,PRD000038862,P000644,LOT00222303,2025-02-06,packaging,minor,1,operator_error,rework,2025-02-16,118.53
NC000002647,NC-2026-0002647,production_order,PRD000038899,P000865,LOT00112494,2025-03-03,functional,minor,12,process_variation,rework,2025-03-26,170.86
NC000002648,NC-2026-0002648,production_order,PRD000038902,P000524,LOT00035991,2025-07-28,functional,major,14,process_variation,use_as_is,2025-08-06,232.21
NC000002649,NC-2026-0002649,production_order,PRD000038906,P000746,LOT00128767,2024-02-05,packaging,minor,2,operator_error,scrap,2024-03-05,51.75
NC000002650,NC-2026-0002650,production_order,PRD000038920,P000802,LOT00238202,2026-07-20,electrical,minor,2,machine_setting,rework,2026-08-09,98.82
NC000002651,NC-2026-0002651,production_order,PRD000038932,P000099,LOT00185077,2026-03-17,packaging,major,9,operator_error,scrap,2026-03-27,1603.5
NC000002652,NC-2026-0002652,production_order,PRD000038944,P000376,LOT00196158,2024-01-24,electrical,minor,2,process_variation,scrap,2024-02-06,19.95
NC000002653,NC-2026-0002653,production_order,PRD000038975,P000173,LOT00086481,2026-04-17,packaging,major,8,machine_setting,rework,2026-04-25,1119.13
NC000002654,NC-2026-0002654,production_order,PRD000038988,P000198,LOT00079428,2025-11-30,functional,minor,12,design_tolerance,use_as_is,2025-12-02,1768.78
NC000002655,NC-2026-0002655,production_order,PRD000039000,P000306,LOT00075281,2025-11-01,surface_finish,minor,2,process_variation,rework,2025-11-11,223.6
NC000002656,NC-2026-0002656,production_order,PRD000039001,P000631,LOT00241420,2024-10-14,dimensional,minor,5,machine_setting,use_as_is,2024-10-29,248.26
NC000002657,NC-2026-0002657,production_order,PRD000039009,P000930,LOT00169122,2025-08-23,functional,major,12,process_variation,rework,2025-09-13,1965.24
NC000002658,NC-2026-0002658,production_order,PRD000039013,P000245,LOT00016284,2026-09-08,surface_finish,minor,9,operator_error,use_as_is,2026-09-23,1454.97
NC000002659,NC-2026-0002659,production_order,PRD000039025,P000818,LOT00117560,2025-07-05,packaging,minor,8,design_tolerance,rework,2025-07-22,232.95
NC000002660,NC-2026-0002660,production_order,PRD000039032,P000879,LOT00197069,2025-05-07,surface_finish,minor,3,design_tolerance,return_to_supplier,2025-06-03,323.52
NC000002661,NC-2026-0002661,production_order,PRD000039040,P000240,LOT00130606,2025-08-28,surface_finish,minor,8,operator_error,rework,2025-09-21,712.01
NC000002662,NC-2026-0002662,production_order,PRD000039049,P000563,LOT00180106,2025-03-02,dimensional,critical,4,supplier_material,return_to_supplier,2025-03-27,671.79
NC000002663,NC-2026-0002663,production_order,PRD000039095,P000070,LOT00102679,2025-10-02,dimensional,major,1,machine_setting,use_as_is,2025-10-05,46.53
NC000002664,NC-2026-0002664,production_order,PRD000039108,P000028,LOT00037064,2024-06-02,dimensional,minor,12,machine_setting,scrap,2024-06-25,947.5
NC000002665,NC-2026-0002665,production_order,PRD000039130,P000284,LOT00101095,2024-07-20,functional,minor,5,process_variation,return_to_supplier,2024-07-30,36.22
NC000002666,NC-2026-0002666,production_order,PRD000039153,P000812,LOT00220942,2025-03-07,surface_finish,major,5,supplier_material,rework,2025-03-18,622.01
NC000002667,NC-2026-0002667,production_order,PRD000039174,P000730,LOT00183345,2025-12-25,functional,minor,3,machine_setting,rework,2026-01-14,149.16
NC000002668,NC-2026-0002668,production_order,PRD000039180,P000631,LOT00153226,2024-10-23,functional,minor,1,design_tolerance,return_to_supplier,2024-11-07,20.29
NC000002669,NC-2026-0002669,production_order,PRD000039188,P000630,LOT00127704,2026-04-13,dimensional,minor,1,process_variation,rework,2026-05-06,162.93
NC000002670,NC-2026-0002670,production_order,PRD000039190,P000735,LOT00192321,2024-08-17,dimensional,minor,2,operator_error,rework,2024-08-21,31.84
NC000002671,NC-2026-0002671,production_order,PRD000039242,P000151,LOT00099154,2026-04-14,dimensional,minor,3,design_tolerance,rework,2026-04-17,179.67
NC000002672,NC-2026-0002672,production_order,PRD000039251,P000879,LOT00057654,2025-01-29,functional,major,11,operator_error,scrap,2025-02-10,1316.45
NC000002673,NC-2026-0002673,production_order,PRD000039261,P000639,LOT00235382,2024-09-05,electrical,major,2,design_tolerance,rework,2024-09-16,71.56
NC000002674,NC-2026-0002674,production_order,PRD000039272,P000780,LOT00025051,2026-09-18,dimensional,major,5,process_variation,rework,2026-09-27,220.28
NC000002675,NC-2026-0002675,production_order,PRD000039283,P000713,LOT00106318,2024-06-28,packaging,critical,9,process_variation,use_as_is,2024-07-26,926.01
NC000002676,NC-2026-0002676,production_order,PRD000039317,P000669,LOT00044694,2026-07-01,functional,major,1,supplier_material,rework,2026-07-05,92.36
NC000002677,NC-2026-0002677,production_order,PRD000039322,P000821,LOT00136723,2025-09-10,electrical,minor,6,machine_setting,rework,2025-10-03,496.04
NC000002678,NC-2026-0002678,production_order,PRD000039324,P000943,LOT00053028,2024-05-18,dimensional,major,1,supplier_material,scrap,2024-06-12,44.88
NC000002679,NC-2026-0002679,production_order,PRD000039350,P000353,LOT00137905,2025-01-08,packaging,major,9,process_variation,rework,2025-01-10,418.67
NC000002680,NC-2026-0002680,production_order,PRD000039359,P000245,LOT00190263,2024-08-17,functional,minor,3,supplier_material,scrap,2024-09-08,241.61
NC000002681,NC-2026-0002681,production_order,PRD000039388,P000618,LOT00095276,2025-07-04,functional,major,6,machine_setting,rework,2025-07-09,607.97
NC000002682,NC-2026-0002682,production_order,PRD000039416,P000288,LOT00066896,2024-09-04,functional,minor,7,supplier_material,rework,2024-09-18,747.93
NC000002683,NC-2026-0002683,production_order,PRD000039419,P000763,LOT00162525,2024-08-22,dimensional,minor,1,design_tolerance,rework,2024-09-03,19.32
NC000002684,NC-2026-0002684,production_order,PRD000039438,P000193,LOT00143109,2025-07-01,electrical,major,5,machine_setting,scrap,2025-07-05,1084.59
NC000002685,NC-2026-0002685,production_order,PRD000039456,P000219,LOT00230051,2024-03-11,functional,minor,12,process_variation,use_as_is,2024-04-02,490.42
NC000002686,NC-2026-0002686,production_order,PRD000039472,P000807,LOT00212759,2026-06-30,dimensional,minor,7,machine_setting,return_to_supplier,2026-07-24,2023.43
NC000002687,NC-2026-0002687,production_order,PRD000039505,P000809,LOT00233265,2026-06-03,packaging,minor,4,process_variation,use_as_is,2026-06-29,435.1
NC000002688,NC-2026-0002688,production_order,PRD000039527,P000132,LOT00174366,2026-01-03,dimensional,critical,4,operator_error,use_as_is,2026-01-31,109.55
NC000002689,NC-2026-0002689,production_order,PRD000039532,P000093,LOT00107846,2026-07-12,functional,minor,13,machine_setting,rework,2026-08-03,435.99
NC000002690,NC-2026-0002690,production_order,PRD000039558,P000546,LOT00241804,2024-11-13,electrical,major,3,supplier_material,return_to_supplier,2024-11-22,469.78
NC000002691,NC-2026-0002691,production_order,PRD000039561,P000021,LOT00175099,2024-02-29,surface_finish,minor,1,process_variation,rework,2024-03-05,75.92
NC000002692,NC-2026-0002692,production_order,PRD000039579,P000529,LOT00108091,2026-02-18,electrical,minor,5,machine_setting,rework,2026-03-16,160.42
NC000002693,NC-2026-0002693,production_order,PRD000039603,P000190,LOT00090782,2026-08-25,dimensional,minor,8,design_tolerance,rework,2026-09-14,922.73
NC000002694,NC-2026-0002694,production_order,PRD000039617,P000121,LOT00176733,2026-04-12,surface_finish,major,6,operator_error,return_to_supplier,2026-04-18,267.39
NC000002695,NC-2026-0002695,production_order,PRD000039622,P000649,LOT00116354,2024-11-10,packaging,minor,8,process_variation,rework,2024-11-19,1808.89
NC000002696,NC-2026-0002696,production_order,PRD000039626,P000675,LOT00214680,2025-11-17,packaging,major,12,operator_error,use_as_is,2025-12-10,393.29
NC000002697,NC-2026-0002697,production_order,PRD000039650,P000379,LOT00051267,2025-02-19,functional,minor,4,machine_setting,scrap,2025-02-25,291.78
NC000002698,NC-2026-0002698,production_order,PRD000039656,P000158,LOT00107810,2026-02-02,functional,critical,2,machine_setting,use_as_is,2026-02-15,92.95
NC000002699,NC-2026-0002699,production_order,PRD000039657,P000827,LOT00220335,2025-05-24,dimensional,critical,6,design_tolerance,rework,2025-06-21,108.64
NC000002700,NC-2026-0002700,production_order,PRD000039658,P000306,LOT00109894,2025-05-11,dimensional,minor,9,operator_error,use_as_is,2025-05-30,3343.25
NC000002701,NC-2026-0002701,production_order,PRD000039659,P000316,LOT00204803,2025-09-11,functional,major,1,machine_setting,rework,2025-09-18,0.0
NC000002702,NC-2026-0002702,production_order,PRD000039660,P000003,LOT00207726,2024-02-17,dimensional,major,4,operator_error,use_as_is,2024-03-07,779.63
NC000002703,NC-2026-0002703,production_order,PRD000039674,P000904,LOT00031440,2024-02-23,electrical,minor,2,design_tolerance,use_as_is,2024-03-19,163.34
NC000002704,NC-2026-0002704,production_order,PRD000039680,P000501,LOT00221965,2024-04-02,surface_finish,major,2,operator_error,rework,2024-04-28,588.19
NC000002705,NC-2026-0002705,production_order,PRD000039688,P000508,LOT00131705,2026-09-22,packaging,major,6,process_variation,rework,2026-10-09,202.68
NC000002706,NC-2026-0002706,production_order,PRD000039690,P000843,LOT00160681,2026-08-27,packaging,minor,5,design_tolerance,use_as_is,2026-09-03,135.12
NC000002707,NC-2026-0002707,production_order,PRD000039695,P000548,LOT00198777,2024-05-31,dimensional,major,1,operator_error,rework,2024-06-25,57.16
NC000002708,NC-2026-0002708,production_order,PRD000039702,P000307,LOT00191451,2024-03-03,functional,critical,1,supplier_material,rework,2024-03-29,24.91
NC000002709,NC-2026-0002709,production_order,PRD000039718,P000249,LOT00145339,2025-05-01,electrical,major,3,design_tolerance,return_to_supplier,2025-05-17,141.25
NC000002710,NC-2026-0002710,production_order,PRD000039724,P000400,LOT00091605,2025-04-24,packaging,minor,6,supplier_material,rework,2025-05-21,742.94
NC000002711,NC-2026-0002711,production_order,PRD000039734,P000725,LOT00207445,2025-01-29,functional,minor,4,process_variation,scrap,2025-02-03,143.05
NC000002712,NC-2026-0002712,production_order,PRD000039735,P000382,LOT00224594,2025-11-09,dimensional,minor,1,operator_error,scrap,2025-11-17,18.11
NC000002713,NC-2026-0002713,production_order,PRD000039759,P000902,LOT00100898,2026-06-16,packaging,minor,10,operator_error,return_to_supplier,2026-06-26,207.22
NC000002714,NC-2026-0002714,production_order,PRD000039781,P000766,LOT00125882,2026-03-29,functional,critical,12,machine_setting,rework,2026-04-17,2513.14
NC000002715,NC-2026-0002715,production_order,PRD000039783,P000352,LOT00146577,2024-03-27,electrical,minor,8,machine_setting,use_as_is,2024-04-10,1836.25
NC000002716,NC-2026-0002716,production_order,PRD000039785,P000453,LOT00241615,2025-02-21,packaging,minor,2,process_variation,return_to_supplier,2025-03-20,304.03
NC000002717,NC-2026-0002717,production_order,PRD000039786,P000273,LOT00214947,2025-04-30,electrical,major,2,machine_setting,rework,2025-05-23,85.78
NC000002718,NC-2026-0002718,production_order,PRD000039802,P000259,LOT00090032,2026-06-12,dimensional,minor,5,machine_setting,scrap,2026-07-09,727.22
NC000002719,NC-2026-0002719,production_order,PRD000039816,P000698,LOT00072933,2026-03-04,functional,critical,2,supplier_material,rework,2026-03-14,1001.58
NC000002720,NC-2026-0002720,production_order,PRD000039823,P000900,LOT00190447,2025-02-08,packaging,major,12,operator_error,rework,2025-02-13,1163.4
NC000002721,NC-2026-0002721,production_order,PRD000039863,P000341,LOT00155369,2024-01-11,functional,minor,2,process_variation,return_to_supplier,2024-01-22,171.26
NC000002722,NC-2026-0002722,production_order,PRD000039866,P000166,LOT00169370,2026-06-22,functional,minor,1,process_variation,use_as_is,2026-07-09,0.0
NC000002723,NC-2026-0002723,production_order,PRD000039868,P000865,LOT00030988,2026-03-14,packaging,minor,4,machine_setting,rework,2026-04-02,50.03
NC000002724,NC-2026-0002724,production_order,PRD000039874,P000791,LOT00004025,2026-03-07,dimensional,major,5,operator_error,rework,2026-03-12,412.62
NC000002725,NC-2026-0002725,production_order,PRD000039875,P000131,LOT00020187,2024-04-27,surface_finish,major,4,operator_error,rework,2024-05-25,154.98
NC000002726,NC-2026-0002726,production_order,PRD000039886,P000396,LOT00228509,2025-12-18,packaging,critical,3,process_variation,rework,2026-01-11,164.29
NC000002727,NC-2026-0002727,production_order,PRD000039896,P000089,LOT00226239,2026-05-14,packaging,major,3,process_variation,scrap,2026-06-11,454.49
NC000002728,NC-2026-0002728,production_order,PRD000039905,P000864,LOT00153669,2025-04-18,electrical,minor,3,process_variation,scrap,2025-04-25,459.37
NC000002729,NC-2026-0002729,production_order,PRD000039913,P000666,LOT00154060,2026-09-03,functional,major,4,machine_setting,scrap,2026-09-08,297.16
NC000002730,NC-2026-0002730,production_order,PRD000039939,P000444,LOT00124815,2025-06-01,electrical,minor,5,process_variation,rework,2025-06-20,386.02
NC000002731,NC-2026-0002731,production_order,PRD000039942,P000333,LOT00127350,2024-08-17,functional,minor,10,supplier_material,rework,2024-08-25,3634.56
NC000002732,NC-2026-0002732,production_order,PRD000039966,P000369,LOT00198691,2025-06-12,dimensional,minor,8,supplier_material,return_to_supplier,2025-07-09,364.53
NC000002733,NC-2026-0002733,production_order,PRD000039973,P000250,LOT00177847,2026-05-23,packaging,critical,3,machine_setting,rework,2026-06-02,260.54
NC000002734,NC-2026-0002734,production_order,PRD000039980,P000008,LOT00161624,2024-02-04,packaging,minor,2,process_variation,rework,2024-03-01,67.97
NC000002735,NC-2026-0002735,production_order,PRD000039981,P000752,LOT00126205,2026-04-26,dimensional,minor,2,design_tolerance,rework,2026-05-19,127.01
NC000002736,NC-2026-0002736,production_order,PRD000039988,P000271,LOT00115065,2026-01-21,functional,minor,5,operator_error,scrap,2026-02-03,136.24
NC000002737,NC-2026-0002737,production_order,PRD000040006,P000456,LOT00157170,2024-03-12,surface_finish,major,1,machine_setting,scrap,2024-04-01,307.55
NC000002738,NC-2026-0002738,production_order,PRD000040064,P000049,LOT00142239,2026-06-03,electrical,critical,4,design_tolerance,return_to_supplier,2026-06-11,406.84
NC000002739,NC-2026-0002739,production_order,PRD000040066,P000030,LOT00083492,2024-06-22,functional,critical,8,machine_setting,return_to_supplier,2024-06-30,243.8
NC000002740,NC-2026-0002740,production_order,PRD000040087,P000565,LOT00237231,2026-06-01,functional,minor,3,process_variation,rework,2026-06-06,323.4
NC000002741,NC-2026-0002741,production_order,PRD000040088,P000217,LOT00197887,2026-01-25,packaging,minor,1,process_variation,return_to_supplier,2026-02-19,105.21
NC000002742,NC-2026-0002742,production_order,PRD000040104,P000710,LOT00177376,2025-03-11,functional,minor,13,machine_setting,scrap,2025-03-26,1609.52
NC000002743,NC-2026-0002743,production_order,PRD000040153,P000385,LOT00066841,2025-03-10,surface_finish,major,12,operator_error,use_as_is,2025-03-27,479.4
NC000002744,NC-2026-0002744,production_order,PRD000040154,P000764,LOT00225617,2026-03-07,functional,minor,2,design_tolerance,scrap,2026-04-04,131.6
NC000002745,NC-2026-0002745,production_order,PRD000040174,P000463,LOT00198219,2026-05-15,packaging,major,3,process_variation,scrap,2026-05-27,738.66
NC000002746,NC-2026-0002746,production_order,PRD000040188,P000050,LOT00169704,2025-02-06,functional,major,3,machine_setting,rework,2025-02-11,232.09
NC000002747,NC-2026-0002747,production_order,PRD000040205,P000454,LOT00049952,2026-06-25,surface_finish,major,3,machine_setting,rework,2026-07-18,66.4
NC000002748,NC-2026-0002748,production_order,PRD000040210,P000082,LOT00022995,2026-02-08,functional,major,6,operator_error,rework,2026-02-21,807.55
NC000002749,NC-2026-0002749,production_order,PRD000040227,P000908,LOT00022170,2025-10-22,surface_finish,major,1,process_variation,scrap,2025-11-09,0.0
NC000002750,NC-2026-0002750,production_order,PRD000040249,P000849,LOT00128538,2025-07-05,electrical,minor,3,machine_setting,use_as_is,2025-07-12,322.72
NC000002751,NC-2026-0002751,production_order,PRD000040258,P000354,LOT00153625,2024-06-22,dimensional,minor,6,operator_error,return_to_supplier,2024-07-14,441.94
NC000002752,NC-2026-0002752,production_order,PRD000040260,P000231,LOT00151198,2025-07-10,dimensional,major,11,process_variation,rework,2025-07-12,1207.73
NC000002753,NC-2026-0002753,production_order,PRD000040269,P000247,LOT00019361,2026-08-30,packaging,minor,13,operator_error,use_as_is,2026-09-16,1204.14
NC000002754,NC-2026-0002754,production_order,PRD000040279,P000252,LOT00146315,2025-05-02,surface_finish,minor,2,machine_setting,use_as_is,2025-05-08,256.69
NC000002755,NC-2026-0002755,production_order,PRD000040310,P000885,LOT00122965,2025-06-16,dimensional,minor,8,operator_error,rework,2025-06-25,293.99
NC000002756,NC-2026-0002756,production_order,PRD000040330,P000245,LOT00175288,2024-03-23,functional,minor,9,supplier_material,return_to_supplier,2024-03-25,1568.6
NC000002757,NC-2026-0002757,production_order,PRD000040382,P000567,LOT00040235,2024-04-07,functional,minor,3,machine_setting,scrap,2024-04-16,352.65
NC000002758,NC-2026-0002758,production_order,PRD000040385,P000705,LOT00211858,2024-11-17,surface_finish,critical,4,design_tolerance,rework,2024-12-02,368.47
NC000002759,NC-2026-0002759,production_order,PRD000040393,P000213,LOT00203056,2025-01-01,electrical,minor,11,process_variation,return_to_supplier,2025-01-24,429.05
NC000002760,NC-2026-0002760,production_order,PRD000040399,P000571,LOT00075961,2025-11-17,dimensional,major,4,design_tolerance,use_as_is,2025-11-29,109.35
NC000002761,NC-2026-0002761,production_order,PRD000040407,P000393,LOT00051685,2025-02-01,electrical,minor,5,supplier_material,return_to_supplier,2025-02-26,1260.31
NC000002762,NC-2026-0002762,production_order,PRD000040410,P000781,LOT00100084,2024-12-27,dimensional,minor,11,supplier_material,use_as_is,2025-01-10,1545.39
NC000002763,NC-2026-0002763,production_order,PRD000040424,P000414,LOT00191905,2024-04-30,functional,major,5,process_variation,return_to_supplier,2024-05-14,147.21
NC000002764,NC-2026-0002764,production_order,PRD000040426,P000819,LOT00089339,2025-07-04,surface_finish,major,4,operator_error,use_as_is,2025-07-15,111.32
NC000002765,NC-2026-0002765,production_order,PRD000040431,P000704,LOT00050246,2025-12-19,functional,major,1,machine_setting,rework,2025-12-27,112.49
NC000002766,NC-2026-0002766,production_order,PRD000040440,P000567,LOT00211529,2025-12-29,surface_finish,major,13,supplier_material,return_to_supplier,2026-01-11,359.88
NC000002767,NC-2026-0002767,production_order,PRD000040441,P000848,LOT00083343,2026-04-17,functional,major,2,supplier_material,rework,2026-05-09,201.4
NC000002768,NC-2026-0002768,production_order,PRD000040444,P000164,LOT00188562,2025-01-18,surface_finish,major,12,supplier_material,use_as_is,2025-01-20,228.7
NC000002769,NC-2026-0002769,production_order,PRD000040450,P000018,LOT00188535,2025-01-05,surface_finish,major,8,design_tolerance,scrap,2025-01-19,776.11
NC000002770,NC-2026-0002770,production_order,PRD000040507,P000259,LOT00000227,2024-12-04,functional,minor,8,supplier_material,use_as_is,2024-12-17,2143.03
NC000002771,NC-2026-0002771,production_order,PRD000040528,P000700,LOT00189474,2024-10-20,dimensional,major,2,supplier_material,rework,2024-11-03,182.54
NC000002772,NC-2026-0002772,production_order,PRD000040530,P000465,LOT00213938,2024-09-10,electrical,major,2,supplier_material,return_to_supplier,2024-09-14,108.9
NC000002773,NC-2026-0002773,production_order,PRD000040535,P000552,LOT00011912,2024-06-27,dimensional,major,5,supplier_material,rework,2024-07-05,4174.53
NC000002774,NC-2026-0002774,production_order,PRD000040571,P000021,LOT00233587,2024-04-20,dimensional,critical,2,process_variation,rework,2024-05-13,148.16
NC000002775,NC-2026-0002775,production_order,PRD000040585,P000358,LOT00088627,2024-11-01,functional,critical,3,operator_error,use_as_is,2024-11-03,694.46
NC000002776,NC-2026-0002776,production_order,PRD000040589,P000872,LOT00247487,2025-02-24,functional,major,1,machine_setting,rework,2025-03-18,132.83
NC000002777,NC-2026-0002777,production_order,PRD000040606,P000572,LOT00125036,2025-07-30,electrical,minor,4,operator_error,rework,2025-08-18,378.64
NC000002778,NC-2026-0002778,production_order,PRD000040611,P000107,LOT00035446,2024-09-11,surface_finish,major,3,design_tolerance,rework,2024-09-19,122.18
NC000002779,NC-2026-0002779,production_order,PRD000040645,P000230,LOT00059178,2025-09-27,packaging,minor,1,machine_setting,use_as_is,2025-10-08,0.0
NC000002780,NC-2026-0002780,production_order,PRD000040646,P000899,LOT00216747,2024-12-06,functional,minor,1,operator_error,use_as_is,2024-12-09,119.73
NC000002781,NC-2026-0002781,production_order,PRD000040664,P000947,LOT00191845,2025-08-28,packaging,major,7,machine_setting,rework,2025-09-20,2132.68
NC000002782,NC-2026-0002782,production_order,PRD000040671,P000874,LOT00003732,2025-11-05,surface_finish,major,5,design_tolerance,rework,2025-11-12,239.43
NC000002783,NC-2026-0002783,production_order,PRD000040694,P000481,LOT00092857,2026-06-22,packaging,minor,7,operator_error,scrap,2026-07-14,217.89
NC000002784,NC-2026-0002784,production_order,PRD000040709,P000669,LOT00132322,2024-04-23,surface_finish,minor,8,machine_setting,return_to_supplier,2024-05-10,618.94
NC000002785,NC-2026-0002785,production_order,PRD000040716,P000520,LOT00210108,2025-04-29,electrical,minor,7,process_variation,scrap,2025-05-07,941.06
NC000002786,NC-2026-0002786,production_order,PRD000040757,P000495,LOT00103330,2025-10-15,dimensional,minor,4,design_tolerance,rework,2025-10-23,558.44
NC000002787,NC-2026-0002787,production_order,PRD000040805,P000218,LOT00039752,2024-04-25,functional,minor,4,supplier_material,rework,2024-05-10,379.89
NC000002788,NC-2026-0002788,production_order,PRD000040825,P000901,LOT00204657,2026-06-15,functional,major,6,process_variation,rework,2026-06-25,341.79
NC000002789,NC-2026-0002789,production_order,PRD000040829,P000274,LOT00174378,2025-09-25,functional,minor,7,machine_setting,use_as_is,2025-10-14,659.86
NC000002790,NC-2026-0002790,production_order,PRD000040841,P000128,LOT00021224,2025-04-24,dimensional,major,11,supplier_material,scrap,2025-04-28,208.33
NC000002791,NC-2026-0002791,production_order,PRD000040851,P000561,LOT00008280,2025-10-16,electrical,minor,1,process_variation,scrap,2025-11-12,33.24
NC000002792,NC-2026-0002792,production_order,PRD000040888,P000446,LOT00080448,2025-12-04,packaging,major,2,design_tolerance,scrap,2025-12-16,34.57
NC000002793,NC-2026-0002793,production_order,PRD000040889,P000827,LOT00000552,2025-04-02,surface_finish,major,1,machine_setting,use_as_is,2025-04-04,0.0
NC000002794,NC-2026-0002794,production_order,PRD000040892,P000276,LOT00168932,2026-09-16,dimensional,minor,1,operator_error,rework,2026-09-30,57.22
NC000002795,NC-2026-0002795,production_order,PRD000040894,P000245,LOT00075511,2024-01-30,surface_finish,minor,8,process_variation,rework,2024-02-28,1463.92
NC000002796,NC-2026-0002796,production_order,PRD000040919,P000909,LOT00113254,2026-02-17,surface_finish,minor,4,process_variation,return_to_supplier,2026-03-12,146.82
NC000002797,NC-2026-0002797,production_order,PRD000040925,P000127,LOT00095772,2025-11-18,packaging,minor,2,supplier_material,rework,2025-11-25,147.55
NC000002798,NC-2026-0002798,production_order,PRD000040935,P000743,LOT00225370,2024-10-21,functional,minor,1,operator_error,return_to_supplier,2024-11-14,0.0
NC000002799,NC-2026-0002799,production_order,PRD000040940,P000865,LOT00020420,2025-06-13,surface_finish,minor,1,supplier_material,scrap,2025-07-09,7.42
NC000002800,NC-2026-0002800,production_order,PRD000040981,P000328,LOT00029712,2026-09-08,functional,minor,1,machine_setting,rework,2026-10-04,33.23
NC000002801,NC-2026-0002801,production_order,PRD000040983,P000245,LOT00040775,2026-07-05,electrical,minor,4,machine_setting,scrap,2026-07-08,231.61
NC000002802,NC-2026-0002802,production_order,PRD000040987,P000904,LOT00107357,2025-12-08,electrical,minor,2,operator_error,scrap,2025-12-10,148.65
NC000002803,NC-2026-0002803,production_order,PRD000040989,P000244,LOT00219101,2025-07-30,functional,minor,1,supplier_material,rework,2025-08-13,7.59
NC000002804,NC-2026-0002804,production_order,PRD000040992,P000937,LOT00238476,2024-07-21,electrical,minor,2,process_variation,return_to_supplier,2024-08-10,257.5
NC000002805,NC-2026-0002805,production_order,PRD000041004,P000095,LOT00095780,2025-03-01,functional,minor,5,design_tolerance,rework,2025-03-30,218.52
NC000002806,NC-2026-0002806,production_order,PRD000041006,P000103,LOT00102806,2025-07-27,surface_finish,major,4,process_variation,scrap,2025-08-26,114.15
NC000002807,NC-2026-0002807,production_order,PRD000041009,P000147,LOT00020298,2025-10-18,dimensional,major,3,supplier_material,rework,2025-10-29,102.22
NC000002808,NC-2026-0002808,production_order,PRD000041012,P000337,LOT00189164,2025-08-28,electrical,critical,8,machine_setting,scrap,2025-09-16,230.09
NC000002809,NC-2026-0002809,production_order,PRD000041025,P000536,LOT00080098,2026-05-29,electrical,major,9,process_variation,use_as_is,2026-06-27,714.59
NC000002810,NC-2026-0002810,production_order,PRD000041042,P000709,LOT00040533,2025-10-05,dimensional,major,6,machine_setting,rework,2025-11-01,188.5
NC000002811,NC-2026-0002811,production_order,PRD000041057,P000754,LOT00180990,2025-08-10,functional,minor,4,supplier_material,return_to_supplier,2025-08-17,479.24
NC000002812,NC-2026-0002812,production_order,PRD000041060,P000407,LOT00054950,2025-12-31,functional,major,12,machine_setting,return_to_supplier,2026-01-28,1621.19
NC000002813,NC-2026-0002813,production_order,PRD000041066,P000228,LOT00159893,2024-11-17,dimensional,minor,13,process_variation,use_as_is,2024-11-30,3919.61
NC000002814,NC-2026-0002814,production_order,PRD000041069,P000891,LOT00091062,2026-01-27,packaging,major,6,process_variation,scrap,2026-02-21,162.19
NC000002815,NC-2026-0002815,production_order,PRD000041077,P000519,LOT00139184,2026-06-27,dimensional,minor,2,design_tolerance,scrap,2026-07-06,105.68
NC000002816,NC-2026-0002816,production_order,PRD000041081,P000345,LOT00153944,2024-11-03,functional,minor,4,operator_error,use_as_is,2024-11-08,741.09
NC000002817,NC-2026-0002817,production_order,PRD000041083,P000093,LOT00144272,2026-09-22,functional,major,7,design_tolerance,use_as_is,2026-09-30,350.27
NC000002818,NC-2026-0002818,production_order,PRD000041084,P000024,LOT00113034,2025-05-13,packaging,minor,2,supplier_material,rework,2025-05-20,28.26
NC000002819,NC-2026-0002819,production_order,PRD000041107,P000029,LOT00088378,2024-06-20,dimensional,minor,2,operator_error,use_as_is,2024-07-07,201.71
NC000002820,NC-2026-0002820,production_order,PRD000041130,P000595,LOT00118876,2025-05-18,surface_finish,critical,3,machine_setting,use_as_is,2025-05-31,101.11
NC000002821,NC-2026-0002821,production_order,PRD000041145,P000738,LOT00031909,2025-02-05,electrical,major,6,process_variation,scrap,2025-02-13,252.45
NC000002822,NC-2026-0002822,production_order,PRD000041158,P000155,LOT00057253,2025-04-17,dimensional,minor,9,operator_error,rework,2025-04-30,796.62
NC000002823,NC-2026-0002823,production_order,PRD000041168,P000663,LOT00081023,2025-10-06,dimensional,major,7,operator_error,rework,2025-10-14,742.76
NC000002824,NC-2026-0002824,production_order,PRD000041174,P000914,LOT00132723,2026-06-19,functional,minor,5,machine_setting,scrap,2026-07-09,377.37
NC000002825,NC-2026-0002825,production_order,PRD000041191,P000759,LOT00209417,2025-11-28,functional,major,8,design_tolerance,return_to_supplier,2025-12-17,294.63
NC000002826,NC-2026-0002826,production_order,PRD000041194,P000438,LOT00075141,2026-09-30,surface_finish,critical,2,design_tolerance,use_as_is,2026-10-23,90.42
NC000002827,NC-2026-0002827,production_order,PRD000041199,P000125,LOT00083393,2025-02-25,surface_finish,critical,5,process_variation,return_to_supplier,2025-03-08,243.76
NC000002828,NC-2026-0002828,production_order,PRD000041219,P000809,LOT00152764,2024-05-02,electrical,major,3,process_variation,rework,2024-05-15,138.09
NC000002829,NC-2026-0002829,production_order,PRD000041236,P000511,LOT00224374,2025-07-24,surface_finish,major,2,process_variation,return_to_supplier,2025-07-30,428.71
NC000002830,NC-2026-0002830,production_order,PRD000041240,P000582,LOT00170501,2024-07-07,packaging,minor,5,supplier_material,rework,2024-07-13,1342.51
NC000002831,NC-2026-0002831,production_order,PRD000041247,P000838,LOT00077568,2025-08-09,dimensional,minor,10,supplier_material,return_to_supplier,2025-08-26,1183.56
NC000002832,NC-2026-0002832,production_order,PRD000041251,P000334,LOT00166008,2026-04-04,electrical,minor,7,machine_setting,return_to_supplier,2026-04-12,447.0
NC000002833,NC-2026-0002833,production_order,PRD000041265,P000729,LOT00220767,2025-01-21,functional,major,2,machine_setting,return_to_supplier,2025-02-16,189.25
NC000002834,NC-2026-0002834,production_order,PRD000041269,P000176,LOT00019262,2025-03-29,electrical,major,1,process_variation,use_as_is,2025-04-04,99.61
NC000002835,NC-2026-0002835,production_order,PRD000041319,P000908,LOT00226368,2025-12-02,functional,minor,9,design_tolerance,rework,2025-12-26,699.3
NC000002836,NC-2026-0002836,production_order,PRD000041331,P000544,LOT00017856,2025-07-03,functional,minor,6,process_variation,scrap,2025-07-11,330.28
NC000002837,NC-2026-0002837,production_order,PRD000041336,P000872,LOT00069878,2025-11-15,electrical,minor,1,process_variation,rework,2025-11-22,209.24
NC000002838,NC-2026-0002838,production_order,PRD000041350,P000180,LOT00032167,2024-06-19,surface_finish,minor,7,machine_setting,rework,2024-07-17,140.46
NC000002839,NC-2026-0002839,production_order,PRD000041354,P000578,LOT00078742,2026-05-26,dimensional,major,6,process_variation,return_to_supplier,2026-06-25,595.47
NC000002840,NC-2026-0002840,production_order,PRD000041380,P000365,LOT00249760,2025-09-03,packaging,minor,1,machine_setting,scrap,2025-09-27,18.66
NC000002841,NC-2026-0002841,production_order,PRD000041382,P000136,LOT00192034,2024-07-06,packaging,major,6,supplier_material,rework,2024-07-11,1159.5
NC000002842,NC-2026-0002842,production_order,PRD000041390,P000193,LOT00197392,2024-01-22,dimensional,major,4,machine_setting,use_as_is,2024-02-07,962.31
NC000002843,NC-2026-0002843,production_order,PRD000041419,P000639,LOT00165189,2024-10-20,dimensional,major,2,supplier_material,rework,2024-11-09,80.46
NC000002844,NC-2026-0002844,production_order,PRD000041426,P000905,LOT00110316,2026-04-26,surface_finish,major,3,process_variation,use_as_is,2026-05-06,389.38
NC000002845,NC-2026-0002845,production_order,PRD000041445,P000551,LOT00191637,2025-05-06,functional,major,2,supplier_material,scrap,2025-05-18,206.85
NC000002846,NC-2026-0002846,production_order,PRD000041475,P000942,LOT00157446,2025-11-25,functional,minor,1,supplier_material,scrap,2025-12-25,137.39
NC000002847,NC-2026-0002847,production_order,PRD000041476,P000802,LOT00193528,2024-12-25,surface_finish,major,2,supplier_material,scrap,2025-01-15,72.13
NC000002848,NC-2026-0002848,production_order,PRD000041497,P000740,LOT00208360,2024-12-04,dimensional,minor,11,design_tolerance,scrap,2024-12-29,1103.95
NC000002849,NC-2026-0002849,production_order,PRD000041503,P000552,LOT00178759,2025-04-27,packaging,critical,12,supplier_material,rework,2025-05-02,7682.47
NC000002850,NC-2026-0002850,production_order,PRD000041504,P000728,LOT00059162,2026-07-29,dimensional,minor,2,process_variation,use_as_is,2026-08-04,163.74
NC000002851,NC-2026-0002851,production_order,PRD000041523,P000302,LOT00190207,2026-09-19,electrical,minor,14,operator_error,rework,2026-10-10,309.3
NC000002852,NC-2026-0002852,production_order,PRD000041528,P000156,LOT00019826,2024-07-12,surface_finish,major,1,process_variation,rework,2024-07-16,0.0
NC000002853,NC-2026-0002853,production_order,PRD000041536,P000101,LOT00107129,2025-11-25,electrical,critical,4,operator_error,scrap,2025-12-25,323.58
NC000002854,NC-2026-0002854,production_order,PRD000041569,P000650,LOT00239450,2025-02-10,electrical,major,11,operator_error,return_to_supplier,2025-03-07,676.95
NC000002855,NC-2026-0002855,production_order,PRD000041579,P000393,LOT00158570,2024-11-02,functional,minor,3,process_variation,rework,2024-12-01,879.53
NC000002856,NC-2026-0002856,production_order,PRD000041592,P000763,LOT00015951,2025-08-29,surface_finish,minor,6,supplier_material,rework,2025-09-18,64.64
NC000002857,NC-2026-0002857,production_order,PRD000041599,P000332,LOT00171844,2024-04-01,surface_finish,critical,6,process_variation,use_as_is,2024-04-04,1194.78
NC000002858,NC-2026-0002858,production_order,PRD000041605,P000849,LOT00007953,2024-12-15,packaging,minor,12,process_variation,return_to_supplier,2024-12-28,628.53
NC000002859,NC-2026-0002859,production_order,PRD000041612,P000521,LOT00168380,2024-04-11,dimensional,major,5,machine_setting,return_to_supplier,2024-05-03,442.61
NC000002860,NC-2026-0002860,production_order,PRD000041613,P000806,LOT00174009,2024-08-30,packaging,critical,9,process_variation,use_as_is,2024-09-03,465.93
NC000002861,NC-2026-0002861,production_order,PRD000041638,P000649,LOT00024242,2026-05-23,functional,minor,1,supplier_material,use_as_is,2026-05-27,250.61
NC000002862,NC-2026-0002862,production_order,PRD000041661,P000842,LOT00170884,2025-04-17,surface_finish,major,1,process_variation,scrap,2025-05-16,18.19
NC000002863,NC-2026-0002863,production_order,PRD000041666,P000611,LOT00246218,2025-12-03,functional,minor,5,process_variation,scrap,2025-12-24,347.1
NC000002864,NC-2026-0002864,production_order,PRD000041701,P000810,LOT00131581,2026-04-27,functional,critical,2,supplier_material,scrap,2026-05-18,197.91
NC000002865,NC-2026-0002865,production_order,PRD000041719,P000478,LOT00017703,2026-05-09,functional,minor,8,process_variation,rework,2026-06-08,185.98
NC000002866,NC-2026-0002866,production_order,PRD000041756,P000836,LOT00038240,2024-09-30,dimensional,major,1,operator_error,scrap,2024-10-10,21.03
NC000002867,NC-2026-0002867,production_order,PRD000041763,P000155,LOT00186206,2025-05-21,functional,major,3,operator_error,rework,2025-06-13,378.54
NC000002868,NC-2026-0002868,production_order,PRD000041768,P000162,LOT00062813,2025-07-11,functional,minor,9,process_variation,use_as_is,2025-07-22,624.79
NC000002869,NC-2026-0002869,production_order,PRD000041776,P000765,LOT00214622,2025-02-20,functional,minor,8,process_variation,rework,2025-03-05,468.11
NC000002870,NC-2026-0002870,production_order,PRD000041782,P000305,LOT00176793,2025-02-18,functional,minor,4,process_variation,rework,2025-02-21,274.05
NC000002871,NC-2026-0002871,production_order,PRD000041832,P000543,LOT00073528,2024-07-22,packaging,minor,2,design_tolerance,scrap,2024-07-28,167.97
NC000002872,NC-2026-0002872,production_order,PRD000041843,P000122,LOT00060134,2024-12-15,surface_finish,minor,7,operator_error,return_to_supplier,2025-01-09,613.08
NC000002873,NC-2026-0002873,production_order,PRD000041865,P000871,LOT00097255,2024-05-17,packaging,minor,2,machine_setting,rework,2024-06-11,80.89
NC000002874,NC-2026-0002874,production_order,PRD000041877,P000216,LOT00149022,2024-12-01,surface_finish,minor,6,operator_error,return_to_supplier,2024-12-22,606.46
NC000002875,NC-2026-0002875,production_order,PRD000041909,P000912,LOT00014766,2025-01-13,packaging,minor,2,operator_error,rework,2025-01-30,52.58
NC000002876,NC-2026-0002876,production_order,PRD000041920,P000591,LOT00176233,2024-02-15,dimensional,critical,1,design_tolerance,scrap,2024-03-11,248.03
NC000002877,NC-2026-0002877,production_order,PRD000041926,P000827,LOT00070733,2026-06-01,surface_finish,minor,8,machine_setting,rework,2026-06-19,135.57
NC000002878,NC-2026-0002878,production_order,PRD000041929,P000559,LOT00175828,2025-11-07,dimensional,critical,3,supplier_material,rework,2025-11-28,175.32
NC000002879,NC-2026-0002879,production_order,PRD000041934,P000024,LOT00243071,2025-01-21,surface_finish,major,2,operator_error,scrap,2025-02-09,29.95
NC000002880,NC-2026-0002880,production_order,PRD000041948,P000032,LOT00068124,2024-03-06,packaging,critical,11,process_variation,rework,2024-03-24,111.67
NC000002881,NC-2026-0002881,production_order,PRD000041953,P000881,LOT00202539,2026-08-06,dimensional,major,7,supplier_material,rework,2026-08-14,721.98
NC000002882,NC-2026-0002882,production_order,PRD000041982,P000877,LOT00016762,2024-11-30,dimensional,critical,1,machine_setting,scrap,2024-12-23,42.6
NC000002883,NC-2026-0002883,production_order,PRD000042017,P000651,LOT00105748,2024-07-25,functional,minor,8,supplier_material,return_to_supplier,2024-08-15,3070.07
NC000002884,NC-2026-0002884,production_order,PRD000042031,P000450,LOT00184395,2025-07-24,dimensional,minor,7,machine_setting,scrap,2025-07-30,162.43
NC000002885,NC-2026-0002885,production_order,PRD000042044,P000907,LOT00158867,2025-04-24,dimensional,critical,1,design_tolerance,scrap,2025-05-04,113.51
NC000002886,NC-2026-0002886,production_order,PRD000042046,P000755,LOT00052597,2024-07-15,surface_finish,minor,13,process_variation,rework,2024-08-07,847.52
NC000002887,NC-2026-0002887,production_order,PRD000042058,P000886,LOT00151159,2025-12-26,dimensional,minor,1,machine_setting,use_as_is,2025-12-31,28.13
NC000002888,NC-2026-0002888,production_order,PRD000042071,P000438,LOT00084447,2025-03-27,functional,minor,6,operator_error,rework,2025-04-18,209.0
NC000002889,NC-2026-0002889,production_order,PRD000042098,P000788,LOT00146236,2024-02-24,surface_finish,minor,5,machine_setting,use_as_is,2024-03-23,948.64
NC000002890,NC-2026-0002890,production_order,PRD000042099,P000386,LOT00010742,2025-11-11,dimensional,major,8,process_variation,return_to_supplier,2025-11-17,848.02
NC000002891,NC-2026-0002891,production_order,PRD000042112,P000205,LOT00195311,2025-06-11,surface_finish,minor,1,supplier_material,scrap,2025-07-06,47.65
NC000002892,NC-2026-0002892,production_order,PRD000042114,P000552,LOT00078964,2025-04-23,functional,minor,2,supplier_material,use_as_is,2025-05-02,1321.28
NC000002893,NC-2026-0002893,production_order,PRD000042121,P000919,LOT00192491,2024-04-13,functional,minor,6,supplier_material,scrap,2024-04-30,84.91
NC000002894,NC-2026-0002894,production_order,PRD000042141,P000402,LOT00195307,2026-01-21,electrical,major,7,process_variation,scrap,2026-01-28,1052.82
NC000002895,NC-2026-0002895,production_order,PRD000042170,P000363,LOT00236668,2024-10-06,functional,minor,1,process_variation,use_as_is,2024-10-18,0.0
NC000002896,NC-2026-0002896,production_order,PRD000042191,P000010,LOT00102855,2025-10-30,dimensional,major,2,process_variation,use_as_is,2025-11-02,101.82
NC000002897,NC-2026-0002897,production_order,PRD000042204,P000663,LOT00249472,2025-07-31,packaging,major,2,process_variation,use_as_is,2025-08-18,159.24
NC000002898,NC-2026-0002898,production_order,PRD000042208,P000092,LOT00071300,2025-01-05,packaging,major,9,operator_error,rework,2025-01-27,1219.4
NC000002899,NC-2026-0002899,production_order,PRD000042213,P000919,LOT00229350,2025-07-19,functional,minor,3,machine_setting,rework,2025-08-10,64.21
NC000002900,NC-2026-0002900,production_order,PRD000042239,P000070,LOT00082646,2025-06-17,dimensional,minor,11,process_variation,use_as_is,2025-07-12,1243.27
NC000002901,NC-2026-0002901,production_order,PRD000042246,P000530,LOT00050509,2024-08-09,functional,critical,11,operator_error,return_to_supplier,2024-08-19,482.84
NC000002902,NC-2026-0002902,production_order,PRD000042262,P000160,LOT00121319,2026-08-14,packaging,minor,7,machine_setting,use_as_is,2026-08-28,466.24
NC000002903,NC-2026-0002903,production_order,PRD000042270,P000165,LOT00076203,2025-12-09,functional,minor,3,operator_error,scrap,2026-01-08,111.73
NC000002904,NC-2026-0002904,production_order,PRD000042277,P000010,LOT00085665,2025-09-12,packaging,critical,5,operator_error,scrap,2025-10-03,368.24
NC000002905,NC-2026-0002905,production_order,PRD000042280,P000463,LOT00158297,2025-12-08,surface_finish,major,14,supplier_material,rework,2026-01-06,1607.89
NC000002906,NC-2026-0002906,production_order,PRD000042281,P000185,LOT00235724,2026-01-09,surface_finish,major,9,machine_setting,scrap,2026-01-15,1280.68
NC000002907,NC-2026-0002907,production_order,PRD000042296,P000236,LOT00088539,2026-04-24,dimensional,minor,1,machine_setting,rework,2026-05-23,36.5
NC000002908,NC-2026-0002908,production_order,PRD000042311,P000931,LOT00037438,2024-06-19,surface_finish,critical,1,design_tolerance,return_to_supplier,2024-07-12,23.56
NC000002909,NC-2026-0002909,production_order,PRD000042315,P000515,LOT00176061,2026-09-12,functional,minor,5,machine_setting,rework,2026-09-26,263.74
NC000002910,NC-2026-0002910,production_order,PRD000042318,P000530,LOT00075785,2025-04-09,dimensional,minor,10,process_variation,rework,2025-04-27,297.38
NC000002911,NC-2026-0002911,production_order,PRD000042320,P000313,LOT00090225,2026-09-24,functional,major,8,supplier_material,rework,2026-09-26,629.62
NC000002912,NC-2026-0002912,production_order,PRD000042345,P000233,LOT00144320,2025-10-08,dimensional,critical,13,supplier_material,rework,2025-10-26,696.43
NC000002913,NC-2026-0002913,production_order,PRD000042346,P000076,LOT00008219,2026-03-24,functional,minor,7,design_tolerance,use_as_is,2026-04-08,404.54
NC000002914,NC-2026-0002914,production_order,PRD000042360,P000805,LOT00086663,2024-02-16,electrical,minor,1,supplier_material,return_to_supplier,2024-03-01,22.27
NC000002915,NC-2026-0002915,production_order,PRD000042385,P000948,LOT00010396,2025-09-29,electrical,minor,13,process_variation,rework,2025-10-07,183.44
NC000002916,NC-2026-0002916,production_order,PRD000042402,P000028,LOT00086251,2024-04-24,surface_finish,major,3,operator_error,use_as_is,2024-05-12,457.67
NC000002917,NC-2026-0002917,production_order,PRD000042424,P000245,LOT00236974,2024-03-11,surface_finish,minor,3,process_variation,rework,2024-03-18,210.84
NC000002918,NC-2026-0002918,production_order,PRD000042433,P000389,LOT00061742,2025-09-20,packaging,major,6,machine_setting,rework,2025-10-14,332.74
NC000002919,NC-2026-0002919,production_order,PRD000042437,P000139,LOT00244275,2025-02-13,electrical,minor,9,machine_setting,rework,2025-03-02,443.35
NC000002920,NC-2026-0002920,production_order,PRD000042443,P000526,LOT00228792,2024-06-26,dimensional,minor,1,process_variation,return_to_supplier,2024-07-18,58.55
NC000002921,NC-2026-0002921,production_order,PRD000042448,P000596,LOT00093523,2025-10-09,functional,major,10,process_variation,return_to_supplier,2025-10-19,1005.28
NC000002922,NC-2026-0002922,production_order,PRD000042474,P000488,LOT00043306,2025-02-19,electrical,minor,8,supplier_material,use_as_is,2025-03-03,75.52
NC000002923,NC-2026-0002923,production_order,PRD000042494,P000731,LOT00115337,2024-05-03,surface_finish,critical,3,supplier_material,scrap,2024-06-01,353.53
NC000002924,NC-2026-0002924,production_order,PRD000042504,P000164,LOT00128864,2024-03-23,dimensional,major,4,supplier_material,rework,2024-03-25,88.22
NC000002925,NC-2026-0002925,production_order,PRD000042510,P000307,LOT00126537,2025-03-24,functional,minor,11,machine_setting,rework,2025-04-01,332.39
NC000002926,NC-2026-0002926,production_order,PRD000042511,P000521,LOT00170097,2025-09-17,packaging,minor,10,supplier_material,rework,2025-09-28,793.28
NC000002927,NC-2026-0002927,production_order,PRD000042517,P000605,LOT00222146,2025-12-28,electrical,minor,3,supplier_material,use_as_is,2026-01-16,186.89
NC000002928,NC-2026-0002928,production_order,PRD000042534,P000192,LOT00218495,2024-08-31,packaging,minor,2,supplier_material,scrap,2024-09-27,63.2
NC000002929,NC-2026-0002929,production_order,PRD000042535,P000469,LOT00002380,2025-08-09,surface_finish,minor,1,supplier_material,return_to_supplier,2025-08-29,16.21
NC000002930,NC-2026-0002930,production_order,PRD000042542,P000889,LOT00217337,2024-02-19,functional,minor,6,process_variation,rework,2024-02-24,146.11
NC000002931,NC-2026-0002931,production_order,PRD000042563,P000149,LOT00220094,2026-02-05,electrical,major,1,process_variation,rework,2026-02-07,44.7
NC000002932,NC-2026-0002932,production_order,PRD000042619,P000250,LOT00002738,2026-03-06,packaging,major,13,machine_setting,rework,2026-04-05,580.99
NC000002933,NC-2026-0002933,production_order,PRD000042638,P000617,LOT00081191,2025-03-05,electrical,minor,14,machine_setting,scrap,2025-03-20,408.27
NC000002934,NC-2026-0002934,production_order,PRD000042655,P000275,LOT00176478,2025-10-17,functional,major,10,machine_setting,return_to_supplier,2025-11-01,731.46
NC000002935,NC-2026-0002935,production_order,PRD000042663,P000703,LOT00164053,2024-05-22,functional,minor,3,machine_setting,return_to_supplier,2024-06-04,188.13
NC000002936,NC-2026-0002936,production_order,PRD000042668,P000083,LOT00177399,2024-04-06,dimensional,major,11,machine_setting,rework,2024-04-13,1311.13
NC000002937,NC-2026-0002937,production_order,PRD000042678,P000076,LOT00104732,2024-08-25,functional,minor,1,operator_error,scrap,2024-09-21,190.23
NC000002938,NC-2026-0002938,production_order,PRD000042710,P000066,LOT00248217,2025-04-04,functional,minor,2,machine_setting,scrap,2025-04-22,66.63
NC000002939,NC-2026-0002939,production_order,PRD000042747,P000064,LOT00006520,2026-04-09,functional,major,1,supplier_material,return_to_supplier,2026-04-11,50.03
NC000002940,NC-2026-0002940,production_order,PRD000042761,P000227,LOT00225063,2025-02-05,functional,minor,2,machine_setting,scrap,2025-02-24,110.48
NC000002941,NC-2026-0002941,production_order,PRD000042766,P000806,LOT00171525,2025-11-02,dimensional,minor,11,machine_setting,scrap,2025-11-14,597.6
NC000002942,NC-2026-0002942,production_order,PRD000042774,P000363,LOT00112087,2026-06-10,surface_finish,minor,5,process_variation,rework,2026-06-25,229.75
NC000002943,NC-2026-0002943,production_order,PRD000042783,P000363,LOT00145534,2025-11-22,dimensional,minor,2,process_variation,scrap,2025-12-18,181.54
NC000002944,NC-2026-0002944,production_order,PRD000042787,P000165,LOT00019367,2024-08-01,dimensional,major,6,process_variation,rework,2024-08-27,130.01
NC000002945,NC-2026-0002945,production_order,PRD000042800,P000182,LOT00020193,2024-10-22,packaging,critical,3,supplier_material,rework,2024-10-27,109.24
NC000002946,NC-2026-0002946,production_order,PRD000042815,P000244,LOT00028006,2026-02-16,packaging,minor,1,supplier_material,rework,2026-03-09,24.67
NC000002947,NC-2026-0002947,production_order,PRD000042835,P000542,LOT00067478,2024-02-14,surface_finish,critical,4,process_variation,scrap,2024-03-14,1186.47
NC000002948,NC-2026-0002948,production_order,PRD000042898,P000076,LOT00198487,2024-06-13,surface_finish,critical,2,machine_setting,scrap,2024-07-01,269.75
NC000002949,NC-2026-0002949,production_order,PRD000042903,P000298,LOT00222948,2026-09-25,functional,major,4,machine_setting,rework,2026-09-29,989.01
NC000002950,NC-2026-0002950,production_order,PRD000042909,P000556,LOT00179573,2025-09-09,dimensional,major,2,machine_setting,return_to_supplier,2025-09-12,57.0
NC000002951,NC-2026-0002951,production_order,PRD000042921,P000661,LOT00202581,2025-11-30,packaging,major,4,process_variation,rework,2025-12-07,298.32
NC000002952,NC-2026-0002952,production_order,PRD000042924,P000497,LOT00109046,2025-12-03,functional,minor,10,design_tolerance,use_as_is,2025-12-07,602.47
NC000002953,NC-2026-0002953,production_order,PRD000042957,P000797,LOT00189341,2026-07-04,electrical,major,3,machine_setting,return_to_supplier,2026-07-17,71.0
NC000002954,NC-2026-0002954,production_order,PRD000042965,P000792,LOT00207359,2024-03-29,dimensional,minor,3,process_variation,scrap,2024-04-02,974.61
NC000002955,NC-2026-0002955,production_order,PRD000042966,P000625,LOT00042894,2025-02-04,surface_finish,major,2,process_variation,use_as_is,2025-02-08,129.11
NC000002956,NC-2026-0002956,production_order,PRD000042975,P000632,LOT00224514,2024-10-25,functional,minor,3,process_variation,use_as_is,2024-11-17,253.98
NC000002957,NC-2026-0002957,production_order,PRD000042988,P000761,LOT00023468,2025-02-15,dimensional,minor,13,process_variation,scrap,2025-02-20,1008.03
NC000002958,NC-2026-0002958,production_order,PRD000043010,P000874,LOT00007951,2025-04-08,dimensional,minor,13,operator_error,rework,2025-04-19,1483.99
NC000002959,NC-2026-0002959,production_order,PRD000043012,P000897,LOT00183438,2025-10-22,electrical,minor,3,machine_setting,scrap,2025-11-01,89.45
NC000002960,NC-2026-0002960,production_order,PRD000043017,P000426,LOT00144683,2025-05-24,packaging,minor,7,supplier_material,scrap,2025-06-10,684.37
NC000002961,NC-2026-0002961,production_order,PRD000043039,P000739,LOT00150191,2025-09-05,dimensional,minor,4,supplier_material,rework,2025-09-17,167.71
NC000002962,NC-2026-0002962,production_order,PRD000043051,P000592,LOT00142755,2024-07-26,electrical,minor,3,machine_setting,return_to_supplier,2024-08-07,74.84
NC000002963,NC-2026-0002963,production_order,PRD000043054,P000134,LOT00221277,2026-01-26,packaging,major,3,machine_setting,rework,2026-02-19,89.28
NC000002964,NC-2026-0002964,production_order,PRD000043079,P000631,LOT00175076,2024-11-17,surface_finish,minor,2,machine_setting,scrap,2024-12-13,145.78
NC000002965,NC-2026-0002965,production_order,PRD000043093,P000526,LOT00197330,2026-03-20,electrical,major,3,operator_error,use_as_is,2026-04-18,136.62
NC000002966,NC-2026-0002966,production_order,PRD000043112,P000945,LOT00175203,2025-01-19,surface_finish,minor,6,process_variation,rework,2025-01-26,1312.98
NC000002967,NC-2026-0002967,production_order,PRD000043116,P000215,LOT00185353,2024-08-25,surface_finish,minor,7,machine_setting,rework,2024-09-13,209.25
NC000002968,NC-2026-0002968,production_order,PRD000043142,P000604,LOT00101826,2026-09-08,surface_finish,minor,3,process_variation,rework,2026-09-23,209.64
NC000002969,NC-2026-0002969,production_order,PRD000043143,P000309,LOT00098394,2025-10-19,electrical,major,3,machine_setting,use_as_is,2025-11-09,86.86
NC000002970,NC-2026-0002970,production_order,PRD000043147,P000806,LOT00101439,2025-09-25,electrical,major,2,machine_setting,rework,2025-10-25,69.87
NC000002971,NC-2026-0002971,production_order,PRD000043187,P000681,LOT00111270,2026-05-02,dimensional,minor,6,operator_error,rework,2026-05-17,372.08
NC000002972,NC-2026-0002972,production_order,PRD000043189,P000525,LOT00147851,2025-04-09,electrical,major,2,process_variation,rework,2025-05-04,46.26
NC000002973,NC-2026-0002973,production_order,PRD000043203,P000111,LOT00167171,2025-09-24,dimensional,critical,12,design_tolerance,use_as_is,2025-10-10,860.21
NC000002974,NC-2026-0002974,production_order,PRD000043272,P000339,LOT00201351,2026-08-27,packaging,minor,2,operator_error,return_to_supplier,2026-09-10,75.15
NC000002975,NC-2026-0002975,production_order,PRD000043279,P000594,LOT00140402,2026-01-08,functional,minor,6,operator_error,use_as_is,2026-01-24,490.12
NC000002976,NC-2026-0002976,production_order,PRD000043282,P000201,LOT00200852,2026-01-25,functional,minor,5,machine_setting,use_as_is,2026-02-21,102.53
NC000002977,NC-2026-0002977,production_order,PRD000043315,P000871,LOT00030351,2024-09-21,functional,critical,5,process_variation,rework,2024-10-12,76.16
NC000002978,NC-2026-0002978,production_order,PRD000043320,P000331,LOT00202544,2026-01-17,functional,minor,2,process_variation,use_as_is,2026-01-25,195.95
NC000002979,NC-2026-0002979,production_order,PRD000043328,P000888,LOT00008300,2026-07-03,electrical,critical,10,process_variation,scrap,2026-07-23,888.22
NC000002980,NC-2026-0002980,production_order,PRD000043386,P000208,LOT00228749,2026-03-05,functional,major,2,process_variation,scrap,2026-03-28,25.43
NC000002981,NC-2026-0002981,production_order,PRD000043404,P000743,LOT00083094,2025-12-07,surface_finish,critical,4,design_tolerance,rework,2026-01-06,886.44
NC000002982,NC-2026-0002982,production_order,PRD000043407,P000233,LOT00145439,2025-07-02,functional,major,1,operator_error,use_as_is,2025-07-20,0.0
NC000002983,NC-2026-0002983,production_order,PRD000043416,P000195,LOT00225054,2025-07-14,surface_finish,major,7,supplier_material,use_as_is,2025-07-26,829.63
NC000002984,NC-2026-0002984,production_order,PRD000043468,P000940,LOT00131564,2026-06-17,packaging,major,8,design_tolerance,rework,2026-07-17,728.56
NC000002985,NC-2026-0002985,production_order,PRD000043485,P000755,LOT00103239,2026-06-30,dimensional,major,3,operator_error,scrap,2026-07-14,58.7
NC000002986,NC-2026-0002986,production_order,PRD000043488,P000250,LOT00013614,2024-03-18,packaging,major,5,process_variation,rework,2024-04-09,432.11
NC000002987,NC-2026-0002987,production_order,PRD000043508,P000388,LOT00097638,2025-10-17,functional,minor,9,operator_error,scrap,2025-11-14,130.98
NC000002988,NC-2026-0002988,production_order,PRD000043543,P000861,LOT00109408,2025-06-01,electrical,minor,4,machine_setting,scrap,2025-06-11,945.23
NC000002989,NC-2026-0002989,production_order,PRD000043556,P000848,LOT00042524,2026-06-26,electrical,minor,2,operator_error,use_as_is,2026-07-14,226.66
NC000002990,NC-2026-0002990,production_order,PRD000043580,P000115,LOT00114407,2025-12-04,packaging,minor,5,process_variation,scrap,2025-12-07,169.17
NC000002991,NC-2026-0002991,production_order,PRD000043588,P000247,LOT00236063,2026-03-04,surface_finish,major,14,machine_setting,use_as_is,2026-03-13,543.01
NC000002992,NC-2026-0002992,production_order,PRD000043605,P000021,LOT00110089,2024-08-29,surface_finish,major,1,supplier_material,rework,2024-09-01,85.49
NC000002993,NC-2026-0002993,production_order,PRD000043616,P000220,LOT00152870,2024-01-13,functional,major,7,machine_setting,scrap,2024-01-23,514.1
NC000002994,NC-2026-0002994,production_order,PRD000043635,P000060,LOT00217162,2024-04-07,surface_finish,minor,9,machine_setting,rework,2024-04-30,360.68
NC000002995,NC-2026-0002995,production_order,PRD000043649,P000390,LOT00053459,2026-01-17,functional,major,2,operator_error,use_as_is,2026-02-03,17.63
NC000002996,NC-2026-0002996,production_order,PRD000043660,P000377,LOT00121295,2026-08-16,dimensional,minor,3,design_tolerance,scrap,2026-09-08,66.53
NC000002997,NC-2026-0002997,production_order,PRD000043661,P000504,LOT00232646,2026-05-31,electrical,minor,5,machine_setting,use_as_is,2026-06-10,530.34
NC000002998,NC-2026-0002998,production_order,PRD000043670,P000812,LOT00091250,2024-01-11,functional,minor,4,operator_error,rework,2024-01-25,633.69
NC000002999,NC-2026-0002999,production_order,PRD000043676,P000419,LOT00223019,2024-12-31,dimensional,critical,4,process_variation,rework,2025-01-24,319.23
NC000003000,NC-2026-0003000,production_order,PRD000043687,P000055,LOT00141651,2025-10-27,functional,major,8,machine_setting,return_to_supplier,2025-11-19,1876.33
NC000003001,NC-2026-0003001,production_order,PRD000043709,P000206,LOT00105790,2025-03-01,surface_finish,major,1,process_variation,scrap,2025-03-24,110.51
NC000003002,NC-2026-0003002,production_order,PRD000043761,P000285,LOT00105116,2026-06-22,surface_finish,major,11,supplier_material,use_as_is,2026-07-19,692.07
NC000003003,NC-2026-0003003,production_order,PRD000043778,P000873,LOT00217955,2024-03-08,dimensional,major,7,operator_error,return_to_supplier,2024-04-01,244.51
NC000003004,NC-2026-0003004,production_order,PRD000043793,P000843,LOT00223063,2025-05-12,dimensional,critical,1,process_variation,rework,2025-05-23,0.0
NC000003005,NC-2026-0003005,production_order,PRD000043816,P000948,LOT00163737,2025-08-09,electrical,minor,2,machine_setting,rework,2025-09-03,25.94
NC000003006,NC-2026-0003006,production_order,PRD000043839,P000792,LOT00067781,2026-05-02,dimensional,minor,1,supplier_material,use_as_is,2026-05-08,568.04
NC000003007,NC-2026-0003007,production_order,PRD000043858,P000361,LOT00018523,2024-05-04,electrical,minor,4,design_tolerance,rework,2024-05-15,97.07
NC000003008,NC-2026-0003008,production_order,PRD000043864,P000566,LOT00048735,2026-06-18,surface_finish,major,2,supplier_material,rework,2026-06-26,208.7
NC000003009,NC-2026-0003009,production_order,PRD000043881,P000452,LOT00130937,2025-04-10,functional,minor,2,operator_error,rework,2025-05-03,99.65
NC000003010,NC-2026-0003010,production_order,PRD000043911,P000444,LOT00190871,2024-09-29,functional,minor,3,operator_error,rework,2024-10-08,592.13
NC000003011,NC-2026-0003011,production_order,PRD000043918,P000550,LOT00053319,2024-10-13,functional,major,5,operator_error,return_to_supplier,2024-10-28,144.01
NC000003012,NC-2026-0003012,production_order,PRD000043922,P000122,LOT00001738,2025-02-20,electrical,critical,1,process_variation,rework,2025-03-13,57.47
NC000003013,NC-2026-0003013,production_order,PRD000043928,P000537,LOT00089077,2026-02-02,functional,major,2,operator_error,rework,2026-02-11,88.36
NC000003014,NC-2026-0003014,production_order,PRD000043987,P000646,LOT00127147,2024-07-02,surface_finish,major,1,machine_setting,rework,2024-07-10,99.44
NC000003015,NC-2026-0003015,production_order,PRD000044026,P000647,LOT00152319,2024-12-13,dimensional,major,4,design_tolerance,rework,2025-01-02,113.12
NC000003016,NC-2026-0003016,production_order,PRD000044030,P000761,LOT00158197,2026-05-11,dimensional,minor,2,operator_error,rework,2026-05-22,193.71
NC000003017,NC-2026-0003017,production_order,PRD000044058,P000923,LOT00008823,2025-08-06,dimensional,major,13,supplier_material,use_as_is,2025-08-08,211.98
NC000003018,NC-2026-0003018,production_order,PRD000044082,P000640,LOT00125119,2025-12-10,dimensional,major,4,supplier_material,scrap,2026-01-01,194.81
NC000003019,NC-2026-0003019,production_order,PRD000044086,P000055,LOT00147510,2025-06-23,dimensional,minor,3,process_variation,return_to_supplier,2025-07-05,1166.34
NC000003020,NC-2026-0003020,production_order,PRD000044087,P000444,LOT00111833,2025-02-07,surface_finish,minor,4,supplier_material,use_as_is,2025-03-05,842.57
NC000003021,NC-2026-0003021,production_order,PRD000044089,P000131,LOT00166789,2024-10-16,functional,minor,3,operator_error,rework,2024-11-14,274.43
NC000003022,NC-2026-0003022,production_order,PRD000044093,P000241,LOT00142539,2026-07-26,functional,critical,1,process_variation,use_as_is,2026-08-17,81.71
NC000003023,NC-2026-0003023,production_order,PRD000044134,P000536,LOT00150859,2025-11-27,surface_finish,minor,3,process_variation,rework,2025-12-17,286.33
NC000003024,NC-2026-0003024,production_order,PRD000044136,P000744,LOT00208166,2024-03-11,functional,critical,11,machine_setting,rework,2024-04-01,941.25
NC000003025,NC-2026-0003025,production_order,PRD000044174,P000630,LOT00138431,2024-08-14,functional,major,10,process_variation,scrap,2024-08-31,2413.99
NC000003026,NC-2026-0003026,production_order,PRD000044189,P000073,LOT00102197,2026-02-14,dimensional,critical,4,operator_error,scrap,2026-03-04,317.44
NC000003027,NC-2026-0003027,production_order,PRD000044205,P000349,LOT00188238,2026-08-09,packaging,major,3,machine_setting,rework,2026-09-07,84.54
NC000003028,NC-2026-0003028,production_order,PRD000044220,P000765,LOT00064615,2026-02-24,electrical,critical,5,operator_error,rework,2026-03-01,469.71
NC000003029,NC-2026-0003029,production_order,PRD000044235,P000154,LOT00015041,2026-08-27,electrical,minor,3,machine_setting,scrap,2026-09-07,265.73
NC000003030,NC-2026-0003030,production_order,PRD000044270,P000871,LOT00019085,2026-05-20,dimensional,minor,1,operator_error,scrap,2026-06-06,35.55
NC000003031,NC-2026-0003031,production_order,PRD000044293,P000137,LOT00153850,2025-03-13,dimensional,minor,3,operator_error,use_as_is,2025-03-25,42.98
NC000003032,NC-2026-0003032,production_order,PRD000044324,P000472,LOT00130165,2024-04-24,surface_finish,minor,4,process_variation,scrap,2024-05-06,440.09
NC000003033,NC-2026-0003033,production_order,PRD000044344,P000619,LOT00051807,2024-08-11,dimensional,major,5,supplier_material,rework,2024-09-03,227.24
NC000003034,NC-2026-0003034,production_order,PRD000044356,P000413,LOT00194557,2026-07-07,electrical,critical,7,design_tolerance,rework,2026-07-27,985.1
NC000003035,NC-2026-0003035,production_order,PRD000044373,P000328,LOT00105536,2025-10-08,electrical,major,4,operator_error,use_as_is,2025-10-16,300.14
NC000003036,NC-2026-0003036,production_order,PRD000044378,P000624,LOT00161701,2024-05-28,functional,major,1,supplier_material,rework,2024-06-15,157.13
NC000003037,NC-2026-0003037,production_order,PRD000044381,P000716,LOT00096554,2024-05-30,electrical,minor,1,machine_setting,use_as_is,2024-06-11,27.82
NC000003038,NC-2026-0003038,production_order,PRD000044388,P000234,LOT00022058,2026-04-28,functional,minor,1,supplier_material,scrap,2026-05-05,37.58
NC000003039,NC-2026-0003039,production_order,PRD000044406,P000354,LOT00114737,2025-02-28,packaging,minor,2,design_tolerance,rework,2025-03-28,213.42
NC000003040,NC-2026-0003040,production_order,PRD000044408,P000341,LOT00047524,2026-02-19,packaging,major,3,process_variation,rework,2026-03-18,194.21
NC000003041,NC-2026-0003041,production_order,PRD000044416,P000756,LOT00112023,2024-10-13,functional,major,6,machine_setting,scrap,2024-11-04,330.76
NC000003042,NC-2026-0003042,production_order,PRD000044428,P000741,LOT00126077,2024-10-17,functional,minor,6,machine_setting,scrap,2024-10-31,370.32
NC000003043,NC-2026-0003043,production_order,PRD000044429,P000441,LOT00072917,2026-05-08,surface_finish,major,3,operator_error,return_to_supplier,2026-05-20,125.08
NC000003044,NC-2026-0003044,production_order,PRD000044430,P000559,LOT00160490,2024-05-22,dimensional,major,3,operator_error,return_to_supplier,2024-06-18,528.67
NC000003045,NC-2026-0003045,production_order,PRD000044440,P000483,LOT00098194,2026-02-03,electrical,minor,4,supplier_material,rework,2026-02-25,889.78
NC000003046,NC-2026-0003046,production_order,PRD000044448,P000288,LOT00235800,2024-03-15,dimensional,minor,10,design_tolerance,rework,2024-04-14,1921.17
NC000003047,NC-2026-0003047,production_order,PRD000044451,P000646,LOT00162712,2025-07-07,packaging,major,5,process_variation,scrap,2025-07-30,645.58
NC000003048,NC-2026-0003048,production_order,PRD000044472,P000758,LOT00244425,2026-05-28,surface_finish,minor,2,process_variation,scrap,2026-05-30,45.14
NC000003049,NC-2026-0003049,production_order,PRD000044476,P000783,LOT00143351,2025-09-09,electrical,minor,3,process_variation,rework,2025-09-16,313.28
NC000003050,NC-2026-0003050,production_order,PRD000044490,P000311,LOT00016726,2025-08-16,functional,major,4,operator_error,scrap,2025-09-01,149.25
NC000003051,NC-2026-0003051,production_order,PRD000044525,P000906,LOT00048702,2025-07-28,surface_finish,major,14,machine_setting,rework,2025-07-30,756.94
NC000003052,NC-2026-0003052,production_order,PRD000044531,P000519,LOT00208048,2026-04-09,dimensional,minor,1,design_tolerance,use_as_is,2026-05-01,138.85
NC000003053,NC-2026-0003053,production_order,PRD000044532,P000131,LOT00075750,2024-01-30,packaging,critical,1,machine_setting,use_as_is,2024-02-04,101.83
NC000003054,NC-2026-0003054,production_order,PRD000044541,P000438,LOT00154630,2025-10-27,dimensional,critical,1,process_variation,scrap,2025-11-16,113.06
NC000003055,NC-2026-0003055,production_order,PRD000044544,P000927,LOT00238247,2024-02-21,surface_finish,major,2,machine_setting,rework,2024-03-10,91.94
NC000003056,NC-2026-0003056,production_order,PRD000044557,P000260,LOT00218778,2025-11-25,electrical,minor,10,machine_setting,scrap,2025-12-01,1302.02
NC000003057,NC-2026-0003057,production_order,PRD000044570,P000420,LOT00066446,2024-10-25,surface_finish,major,12,machine_setting,rework,2024-10-27,703.54
NC000003058,NC-2026-0003058,production_order,PRD000044585,P000446,LOT00109495,2025-09-22,surface_finish,minor,4,design_tolerance,rework,2025-09-29,170.29
NC000003059,NC-2026-0003059,production_order,PRD000044587,P000598,LOT00231066,2026-07-07,dimensional,minor,1,supplier_material,return_to_supplier,2026-07-15,135.4
NC000003060,NC-2026-0003060,production_order,PRD000044593,P000888,LOT00215027,2025-10-05,surface_finish,minor,9,operator_error,rework,2025-11-04,836.24
NC000003061,NC-2026-0003061,production_order,PRD000044594,P000237,LOT00164954,2024-04-05,dimensional,minor,3,machine_setting,use_as_is,2024-04-13,303.97
NC000003062,NC-2026-0003062,production_order,PRD000044599,P000516,LOT00001994,2024-08-05,electrical,major,4,machine_setting,scrap,2024-08-15,210.11
NC000003063,NC-2026-0003063,production_order,PRD000044628,P000855,LOT00228429,2025-02-13,surface_finish,major,7,machine_setting,scrap,2025-02-27,637.13
NC000003064,NC-2026-0003064,production_order,PRD000044643,P000111,LOT00187625,2025-09-04,functional,minor,5,process_variation,return_to_supplier,2025-09-16,295.38
NC000003065,NC-2026-0003065,production_order,PRD000044646,P000027,LOT00214161,2026-05-28,surface_finish,minor,2,process_variation,use_as_is,2026-06-10,71.14
NC000003066,NC-2026-0003066,production_order,PRD000044654,P000583,LOT00026119,2025-08-17,packaging,minor,2,operator_error,rework,2025-08-20,73.89
NC000003067,NC-2026-0003067,production_order,PRD000044664,P000848,LOT00127431,2026-08-07,packaging,major,6,machine_setting,rework,2026-08-14,1047.96
NC000003068,NC-2026-0003068,production_order,PRD000044681,P000453,LOT00119056,2025-06-30,electrical,minor,13,machine_setting,use_as_is,2025-07-02,2016.16
NC000003069,NC-2026-0003069,production_order,PRD000044682,P000635,LOT00044767,2025-02-23,dimensional,minor,12,machine_setting,use_as_is,2025-03-17,4205.64
NC000003070,NC-2026-0003070,production_order,PRD000044697,P000050,LOT00052780,2026-06-26,packaging,major,13,operator_error,rework,2026-07-17,815.63
NC000003071,NC-2026-0003071,production_order,PRD000044712,P000075,LOT00000865,2026-06-23,dimensional,minor,13,process_variation,return_to_supplier,2026-07-18,706.08
NC000003072,NC-2026-0003072,production_order,PRD000044716,P000354,LOT00150432,2025-07-20,functional,minor,2,operator_error,scrap,2025-07-29,43.09
NC000003073,NC-2026-0003073,production_order,PRD000044749,P000835,LOT00005684,2024-10-14,dimensional,minor,9,machine_setting,rework,2024-10-16,348.3
NC000003074,NC-2026-0003074,production_order,PRD000044760,P000340,LOT00022489,2024-06-19,electrical,minor,3,operator_error,rework,2024-07-14,144.12
NC000003075,NC-2026-0003075,production_order,PRD000044773,P000564,LOT00027037,2025-09-17,electrical,major,3,design_tolerance,return_to_supplier,2025-09-29,195.15
NC000003076,NC-2026-0003076,production_order,PRD000044799,P000109,LOT00002387,2024-06-14,functional,major,3,supplier_material,return_to_supplier,2024-06-26,84.2
NC000003077,NC-2026-0003077,production_order,PRD000044812,P000629,LOT00160482,2026-05-25,electrical,major,5,operator_error,rework,2026-06-12,105.73
NC000003078,NC-2026-0003078,production_order,PRD000044820,P000631,LOT00114752,2025-11-17,packaging,critical,1,machine_setting,return_to_supplier,2025-12-15,48.77
NC000003079,NC-2026-0003079,production_order,PRD000044828,P000229,LOT00029531,2024-08-08,packaging,major,5,process_variation,use_as_is,2024-09-04,563.61
NC000003080,NC-2026-0003080,production_order,PRD000044842,P000638,LOT00016781,2025-10-08,functional,minor,10,supplier_material,scrap,2025-11-03,285.85
NC000003081,NC-2026-0003081,production_order,PRD000044843,P000603,LOT00150517,2025-07-15,dimensional,major,2,process_variation,rework,2025-08-02,86.85
NC000003082,NC-2026-0003082,production_order,PRD000044868,P000297,LOT00078186,2026-08-25,packaging,minor,1,design_tolerance,return_to_supplier,2026-09-17,167.98
NC000003083,NC-2026-0003083,production_order,PRD000044874,P000491,LOT00174035,2026-05-02,dimensional,critical,9,operator_error,return_to_supplier,2026-05-13,1817.38
NC000003084,NC-2026-0003084,production_order,PRD000044885,P000797,LOT00202914,2025-05-16,dimensional,major,1,process_variation,rework,2025-05-23,18.93
NC000003085,NC-2026-0003085,production_order,PRD000044906,P000618,LOT00175809,2024-09-03,surface_finish,minor,3,design_tolerance,scrap,2024-09-05,111.13
NC000003086,NC-2026-0003086,production_order,PRD000044908,P000204,LOT00175161,2025-01-26,functional,minor,7,operator_error,rework,2025-02-20,987.51
NC000003087,NC-2026-0003087,production_order,PRD000044924,P000003,LOT00058968,2024-10-06,electrical,minor,5,supplier_material,rework,2024-10-17,616.28
NC000003088,NC-2026-0003088,production_order,PRD000044946,P000588,LOT00197713,2026-09-17,electrical,critical,9,design_tolerance,rework,2026-09-25,172.75
NC000003089,NC-2026-0003089,production_order,PRD000044957,P000331,LOT00115607,2025-10-24,surface_finish,minor,1,process_variation,return_to_supplier,2025-10-27,282.52
NC000003090,NC-2026-0003090,production_order,PRD000044985,P000654,LOT00147090,2026-02-19,dimensional,major,1,machine_setting,scrap,2026-03-09,126.52
NC000003091,NC-2026-0003091,production_order,PRD000044986,P000823,LOT00184436,2026-08-03,functional,minor,3,operator_error,return_to_supplier,2026-08-05,601.21
NC000003092,NC-2026-0003092,production_order,PRD000044990,P000840,LOT00233661,2026-02-03,surface_finish,critical,5,supplier_material,return_to_supplier,2026-02-13,232.31
NC000003093,NC-2026-0003093,production_order,PRD000044998,P000859,LOT00204013,2025-08-26,packaging,minor,5,machine_setting,rework,2025-09-09,243.46
NC000003094,NC-2026-0003094,production_order,PRD000045005,P000054,LOT00003212,2025-01-16,dimensional,major,14,design_tolerance,rework,2025-01-24,835.55
NC000003095,NC-2026-0003095,production_order,PRD000045019,P000133,LOT00220939,2024-02-18,dimensional,major,2,process_variation,return_to_supplier,2024-03-09,149.05
NC000003096,NC-2026-0003096,production_order,PRD000045028,P000185,LOT00007051,2025-02-15,functional,minor,2,process_variation,return_to_supplier,2025-03-09,137.8
NC000003097,NC-2026-0003097,production_order,PRD000045029,P000063,LOT00138886,2026-09-08,dimensional,major,3,design_tolerance,return_to_supplier,2026-09-30,182.11
NC000003098,NC-2026-0003098,production_order,PRD000045043,P000660,LOT00078942,2024-12-04,surface_finish,major,1,machine_setting,return_to_supplier,2024-12-15,103.4
NC000003099,NC-2026-0003099,production_order,PRD000045064,P000519,LOT00201766,2026-01-21,dimensional,major,10,process_variation,use_as_is,2026-02-06,680.23
NC000003100,NC-2026-0003100,production_order,PRD000045094,P000246,LOT00101968,2025-01-12,functional,major,3,operator_error,rework,2025-02-09,1192.89
NC000003101,NC-2026-0003101,production_order,PRD000045110,P000006,LOT00069871,2026-02-27,electrical,major,10,process_variation,scrap,2026-03-01,223.29
NC000003102,NC-2026-0003102,production_order,PRD000045111,P000660,LOT00059218,2025-11-18,surface_finish,major,6,operator_error,rework,2025-11-21,501.74
NC000003103,NC-2026-0003103,production_order,PRD000045163,P000811,LOT00119880,2025-02-20,functional,critical,1,machine_setting,rework,2025-03-05,514.0
NC000003104,NC-2026-0003104,production_order,PRD000045172,P000062,LOT00102809,2026-07-23,surface_finish,critical,2,process_variation,scrap,2026-07-31,118.53
NC000003105,NC-2026-0003105,production_order,PRD000045176,P000268,LOT00005557,2026-01-02,electrical,major,7,supplier_material,use_as_is,2026-01-12,181.37
NC000003106,NC-2026-0003106,production_order,PRD000045187,P000921,LOT00247938,2024-12-31,dimensional,major,11,supplier_material,scrap,2025-01-16,853.46
NC000003107,NC-2026-0003107,production_order,PRD000045212,P000931,LOT00188080,2024-04-09,functional,critical,7,machine_setting,return_to_supplier,2024-04-18,375.74
NC000003108,NC-2026-0003108,production_order,PRD000045217,P000451,LOT00227247,2026-05-12,dimensional,minor,9,supplier_material,return_to_supplier,2026-05-15,391.35
NC000003109,NC-2026-0003109,production_order,PRD000045225,P000606,LOT00136480,2025-01-16,functional,major,3,machine_setting,rework,2025-02-10,645.88
NC000003110,NC-2026-0003110,production_order,PRD000045229,P000021,LOT00077349,2026-04-15,dimensional,minor,1,supplier_material,use_as_is,2026-04-27,44.65
NC000003111,NC-2026-0003111,production_order,PRD000045234,P000619,LOT00130733,2025-12-09,packaging,critical,6,operator_error,return_to_supplier,2025-12-31,396.4
NC000003112,NC-2026-0003112,production_order,PRD000045282,P000941,LOT00240649,2025-01-02,surface_finish,minor,12,machine_setting,scrap,2025-01-06,1305.79
NC000003113,NC-2026-0003113,production_order,PRD000045285,P000371,LOT00158920,2026-02-13,functional,minor,5,supplier_material,scrap,2026-02-23,166.46
NC000003114,NC-2026-0003114,production_order,PRD000045294,P000878,LOT00139933,2024-04-10,electrical,minor,8,design_tolerance,return_to_supplier,2024-05-02,439.58
NC000003115,NC-2026-0003115,production_order,PRD000045309,P000077,LOT00120787,2025-07-28,electrical,major,7,process_variation,return_to_supplier,2025-08-05,292.12
NC000003116,NC-2026-0003116,production_order,PRD000045332,P000819,LOT00093335,2025-06-01,dimensional,major,3,machine_setting,use_as_is,2025-06-30,328.8
NC000003117,NC-2026-0003117,production_order,PRD000045343,P000152,LOT00189650,2025-01-27,functional,major,2,operator_error,rework,2025-02-02,92.81
NC000003118,NC-2026-0003118,production_order,PRD000045364,P000051,LOT00096549,2025-03-19,functional,critical,10,process_variation,scrap,2025-03-29,71.55
NC000003119,NC-2026-0003119,production_order,PRD000045375,P000842,LOT00162643,2026-06-26,functional,major,8,operator_error,scrap,2026-07-13,294.17
NC000003120,NC-2026-0003120,production_order,PRD000045415,P000165,LOT00018556,2025-09-07,packaging,major,11,design_tolerance,rework,2025-09-29,546.81
NC000003121,NC-2026-0003121,production_order,PRD000045483,P000174,LOT00039499,2025-05-19,dimensional,minor,2,process_variation,scrap,2025-05-23,467.62
NC000003122,NC-2026-0003122,production_order,PRD000045498,P000216,LOT00054887,2024-09-24,dimensional,critical,7,process_variation,scrap,2024-09-26,812.88
NC000003123,NC-2026-0003123,production_order,PRD000045526,P000207,LOT00112832,2024-07-18,surface_finish,minor,7,operator_error,rework,2024-08-08,306.54
NC000003124,NC-2026-0003124,production_order,PRD000045529,P000047,LOT00222063,2025-09-25,dimensional,minor,9,machine_setting,rework,2025-10-22,514.07
NC000003125,NC-2026-0003125,production_order,PRD000045535,P000245,LOT00046771,2024-09-06,functional,minor,4,operator_error,rework,2024-09-16,205.17
NC000003126,NC-2026-0003126,production_order,PRD000045567,P000241,LOT00129553,2024-12-02,dimensional,major,6,operator_error,rework,2024-12-08,413.37
NC000003127,NC-2026-0003127,production_order,PRD000045569,P000811,LOT00020437,2024-06-01,dimensional,minor,3,operator_error,scrap,2024-06-21,2878.17
NC000003128,NC-2026-0003128,production_order,PRD000045585,P000874,LOT00170367,2025-03-30,dimensional,major,14,process_variation,rework,2025-04-02,897.66
NC000003129,NC-2026-0003129,production_order,PRD000045599,P000084,LOT00053974,2026-01-14,dimensional,major,1,operator_error,rework,2026-01-19,117.75
NC000003130,NC-2026-0003130,production_order,PRD000045625,P000371,LOT00005593,2025-08-10,dimensional,minor,1,machine_setting,use_as_is,2025-08-15,43.58
NC000003131,NC-2026-0003131,production_order,PRD000045669,P000329,LOT00231245,2024-04-12,electrical,major,1,design_tolerance,use_as_is,2024-04-22,256.73
NC000003132,NC-2026-0003132,production_order,PRD000045673,P000396,LOT00012507,2024-05-30,surface_finish,minor,4,process_variation,rework,2024-06-17,345.76
NC000003133,NC-2026-0003133,production_order,PRD000045676,P000535,LOT00076308,2026-06-13,functional,minor,13,process_variation,rework,2026-06-22,546.58
NC000003134,NC-2026-0003134,production_order,PRD000045677,P000184,LOT00015020,2025-03-30,packaging,critical,8,machine_setting,scrap,2025-04-08,209.88
NC000003135,NC-2026-0003135,production_order,PRD000045693,P000894,LOT00123036,2026-04-15,electrical,minor,3,design_tolerance,rework,2026-04-20,197.26
NC000003136,NC-2026-0003136,production_order,PRD000045716,P000576,LOT00189299,2025-05-30,functional,minor,13,machine_setting,rework,2025-06-12,1584.02
NC000003137,NC-2026-0003137,production_order,PRD000045738,P000895,LOT00073956,2025-06-21,functional,minor,1,process_variation,scrap,2025-07-20,87.57
NC000003138,NC-2026-0003138,production_order,PRD000045741,P000127,LOT00065779,2026-02-27,dimensional,minor,2,process_variation,scrap,2026-03-28,108.55
NC000003139,NC-2026-0003139,production_order,PRD000045747,P000885,LOT00095187,2025-01-08,functional,major,4,operator_error,use_as_is,2025-01-28,167.62
NC000003140,NC-2026-0003140,production_order,PRD000045765,P000247,LOT00004920,2025-04-04,surface_finish,major,1,machine_setting,rework,2025-04-26,110.69
NC000003141,NC-2026-0003141,production_order,PRD000045770,P000482,LOT00058505,2024-06-10,functional,major,1,design_tolerance,return_to_supplier,2024-07-06,197.1
NC000003142,NC-2026-0003142,production_order,PRD000045786,P000463,LOT00153888,2024-09-07,packaging,minor,6,operator_error,use_as_is,2024-09-25,938.82
NC000003143,NC-2026-0003143,production_order,PRD000045788,P000374,LOT00113469,2024-01-14,surface_finish,minor,5,operator_error,scrap,2024-02-12,492.67
NC000003144,NC-2026-0003144,production_order,PRD000045802,P000018,LOT00025030,2025-01-11,packaging,minor,2,machine_setting,return_to_supplier,2025-01-17,248.79
NC000003145,NC-2026-0003145,production_order,PRD000045836,P000824,LOT00220867,2024-04-11,functional,major,6,process_variation,rework,2024-04-30,215.61
NC000003146,NC-2026-0003146,production_order,PRD000045850,P000271,LOT00074461,2025-02-08,packaging,critical,7,operator_error,rework,2025-02-21,342.45
NC000003147,NC-2026-0003147,production_order,PRD000045866,P000930,LOT00209710,2025-10-17,surface_finish,major,1,operator_error,rework,2025-11-13,135.17
NC000003148,NC-2026-0003148,production_order,PRD000045871,P000903,LOT00126308,2025-11-19,dimensional,major,1,supplier_material,scrap,2025-11-21,59.37
NC000003149,NC-2026-0003149,production_order,PRD000045889,P000418,LOT00014894,2026-07-05,electrical,minor,7,operator_error,rework,2026-07-27,538.35
NC000003150,NC-2026-0003150,production_order,PRD000045966,P000855,LOT00065207,2025-10-20,packaging,major,7,operator_error,scrap,2025-10-27,510.97
NC000003151,NC-2026-0003151,production_order,PRD000045972,P000864,LOT00100958,2024-07-19,dimensional,major,10,machine_setting,rework,2024-07-24,927.39
NC000003152,NC-2026-0003152,production_order,PRD000045989,P000163,LOT00150791,2025-05-19,functional,minor,5,process_variation,return_to_supplier,2025-06-02,461.45
NC000003153,NC-2026-0003153,production_order,PRD000045991,P000790,LOT00051688,2026-02-20,dimensional,minor,3,supplier_material,use_as_is,2026-03-20,23.52
NC000003154,NC-2026-0003154,production_order,PRD000045998,P000738,LOT00205926,2026-07-05,electrical,minor,1,machine_setting,rework,2026-07-08,50.32
NC000003155,NC-2026-0003155,production_order,PRD000046020,P000672,LOT00012842,2024-10-04,functional,minor,6,process_variation,return_to_supplier,2024-10-14,313.59
NC000003156,NC-2026-0003156,production_order,PRD000046059,P000820,LOT00187304,2025-05-23,packaging,major,10,machine_setting,scrap,2025-06-18,1346.61
NC000003157,NC-2026-0003157,production_order,PRD000046060,P000890,LOT00214016,2024-06-11,functional,minor,10,operator_error,scrap,2024-07-06,432.51
NC000003158,NC-2026-0003158,production_order,PRD000046109,P000092,LOT00143401,2025-12-05,functional,minor,1,design_tolerance,scrap,2025-12-24,0.0
NC000003159,NC-2026-0003159,production_order,PRD000046115,P000638,LOT00198570,2026-08-13,electrical,major,4,operator_error,rework,2026-09-10,172.59
NC000003160,NC-2026-0003160,production_order,PRD000046116,P000170,LOT00147906,2025-10-22,dimensional,major,1,operator_error,rework,2025-10-29,72.66
NC000003161,NC-2026-0003161,production_order,PRD000046119,P000325,LOT00027118,2024-07-19,electrical,major,3,machine_setting,return_to_supplier,2024-08-04,311.37
NC000003162,NC-2026-0003162,production_order,PRD000046137,P000589,LOT00108724,2024-08-26,surface_finish,minor,2,machine_setting,return_to_supplier,2024-09-06,43.82
NC000003163,NC-2026-0003163,production_order,PRD000046140,P000678,LOT00165869,2025-11-29,functional,critical,2,operator_error,rework,2025-12-26,60.62
NC000003164,NC-2026-0003164,production_order,PRD000046174,P000696,LOT00121536,2025-09-22,packaging,minor,4,design_tolerance,rework,2025-10-08,172.62
NC000003165,NC-2026-0003165,production_order,PRD000046176,P000289,LOT00175999,2026-07-14,packaging,minor,2,machine_setting,rework,2026-08-09,31.14
NC000003166,NC-2026-0003166,production_order,PRD000046186,P000440,LOT00022497,2025-03-15,electrical,minor,6,supplier_material,rework,2025-04-12,197.48
NC000003167,NC-2026-0003167,production_order,PRD000046203,P000310,LOT00217551,2024-05-07,surface_finish,major,9,machine_setting,return_to_supplier,2024-05-29,981.99
NC000003168,NC-2026-0003168,production_order,PRD000046217,P000243,LOT00107794,2025-12-30,dimensional,minor,2,machine_setting,scrap,2026-01-10,149.55
NC000003169,NC-2026-0003169,production_order,PRD000046219,P000112,LOT00245370,2024-09-25,electrical,minor,4,operator_error,use_as_is,2024-10-23,1617.57
NC000003170,NC-2026-0003170,production_order,PRD000046235,P000233,LOT00058047,2025-12-18,surface_finish,minor,11,design_tolerance,rework,2026-01-17,447.97
NC000003171,NC-2026-0003171,production_order,PRD000046245,P000874,LOT00105856,2026-03-06,surface_finish,major,4,process_variation,rework,2026-03-28,525.33
NC000003172,NC-2026-0003172,production_order,PRD000046247,P000440,LOT00025999,2025-04-26,dimensional,major,8,process_variation,return_to_supplier,2025-05-20,497.66
NC000003173,NC-2026-0003173,production_order,PRD000046252,P000217,LOT00146812,2025-06-30,functional,major,1,process_variation,use_as_is,2025-07-22,21.74
NC000003174,NC-2026-0003174,production_order,PRD000046264,P000412,LOT00148983,2025-01-08,dimensional,minor,10,supplier_material,rework,2025-01-16,243.99
NC000003175,NC-2026-0003175,production_order,PRD000046273,P000617,LOT00194963,2025-07-04,functional,major,8,process_variation,scrap,2025-07-21,238.1
NC000003176,NC-2026-0003176,production_order,PRD000046299,P000744,LOT00152859,2026-08-19,dimensional,minor,2,operator_error,scrap,2026-09-13,171.76
NC000003177,NC-2026-0003177,production_order,PRD000046316,P000225,LOT00217120,2024-02-13,dimensional,major,8,process_variation,rework,2024-02-24,804.33
NC000003178,NC-2026-0003178,production_order,PRD000046332,P000737,LOT00139111,2026-01-07,dimensional,major,12,design_tolerance,scrap,2026-02-02,1886.2
NC000003179,NC-2026-0003179,production_order,PRD000046334,P000531,LOT00087474,2025-12-10,functional,minor,14,design_tolerance,rework,2025-12-19,1084.82
NC000003180,NC-2026-0003180,production_order,PRD000046335,P000548,LOT00032588,2024-10-05,electrical,major,5,process_variation,rework,2024-10-26,82.82
NC000003181,NC-2026-0003181,production_order,PRD000046348,P000470,LOT00186506,2026-04-30,packaging,minor,3,machine_setting,return_to_supplier,2026-05-06,269.71
NC000003182,NC-2026-0003182,production_order,PRD000046352,P000532,LOT00239145,2026-03-11,surface_finish,critical,5,operator_error,rework,2026-03-20,183.27
NC000003183,NC-2026-0003183,production_order,PRD000046355,P000381,LOT00042179,2024-02-01,dimensional,minor,10,process_variation,return_to_supplier,2024-02-11,981.69
NC000003184,NC-2026-0003184,production_order,PRD000046373,P000746,LOT00107780,2026-06-24,dimensional,minor,5,machine_setting,rework,2026-07-08,277.35
NC000003185,NC-2026-0003185,production_order,PRD000046375,P000823,LOT00202127,2024-12-26,dimensional,minor,14,process_variation,return_to_supplier,2025-01-13,5106.11
NC000003186,NC-2026-0003186,production_order,PRD000046377,P000337,LOT00088862,2024-05-20,surface_finish,minor,10,process_variation,use_as_is,2024-05-29,279.51
NC000003187,NC-2026-0003187,production_order,PRD000046378,P000330,LOT00080191,2026-02-02,surface_finish,major,7,machine_setting,return_to_supplier,2026-02-05,238.58
NC000003188,NC-2026-0003188,production_order,PRD000046382,P000843,LOT00156192,2024-02-01,functional,minor,7,operator_error,use_as_is,2024-02-05,265.85
NC000003189,NC-2026-0003189,production_order,PRD000046386,P000386,LOT00148556,2026-03-09,functional,minor,6,supplier_material,use_as_is,2026-03-16,527.63
NC000003190,NC-2026-0003190,production_order,PRD000046401,P000418,LOT00204398,2024-08-03,surface_finish,minor,3,machine_setting,scrap,2024-08-24,109.3
NC000003191,NC-2026-0003191,production_order,PRD000046409,P000141,LOT00191721,2024-03-02,surface_finish,minor,12,operator_error,use_as_is,2024-03-28,417.76
NC000003192,NC-2026-0003192,production_order,PRD000046433,P000033,LOT00180459,2025-05-16,electrical,critical,11,design_tolerance,return_to_supplier,2025-05-29,424.6
NC000003193,NC-2026-0003193,production_order,PRD000046438,P000656,LOT00186161,2025-04-22,dimensional,major,3,machine_setting,return_to_supplier,2025-05-03,175.89
NC000003194,NC-2026-0003194,production_order,PRD000046439,P000793,LOT00165260,2026-07-19,packaging,major,1,operator_error,return_to_supplier,2026-07-28,34.31
NC000003195,NC-2026-0003195,production_order,PRD000046440,P000675,LOT00205712,2024-05-22,dimensional,major,12,operator_error,return_to_supplier,2024-06-15,352.3
NC000003196,NC-2026-0003196,production_order,PRD000046450,P000805,LOT00211827,2026-08-07,dimensional,major,12,process_variation,return_to_supplier,2026-08-23,889.63
NC000003197,NC-2026-0003197,production_order,PRD000046483,P000271,LOT00142471,2026-05-07,functional,minor,3,process_variation,scrap,2026-05-09,235.81
NC000003198,NC-2026-0003198,production_order,PRD000046486,P000048,LOT00150825,2026-08-08,functional,critical,5,process_variation,use_as_is,2026-08-25,270.21
NC000003199,NC-2026-0003199,production_order,PRD000046488,P000658,LOT00247655,2026-04-18,surface_finish,minor,14,supplier_material,return_to_supplier,2026-04-26,698.02
NC000003200,NC-2026-0003200,production_order,PRD000046500,P000592,LOT00000562,2024-01-25,dimensional,minor,2,supplier_material,use_as_is,2024-02-22,111.17
NC000003201,NC-2026-0003201,production_order,PRD000046504,P000409,LOT00216253,2026-08-10,dimensional,major,3,design_tolerance,rework,2026-09-05,65.62
NC000003202,NC-2026-0003202,production_order,PRD000046519,P000653,LOT00070310,2025-07-25,functional,minor,7,supplier_material,scrap,2025-08-22,64.99
NC000003203,NC-2026-0003203,production_order,PRD000046531,P000788,LOT00053585,2026-07-15,surface_finish,minor,1,machine_setting,return_to_supplier,2026-08-14,217.66
NC000003204,NC-2026-0003204,production_order,PRD000046568,P000474,LOT00184192,2025-07-25,electrical,critical,2,operator_error,rework,2025-07-28,56.03
NC000003205,NC-2026-0003205,production_order,PRD000046584,P000230,LOT00143756,2024-05-30,surface_finish,minor,2,process_variation,rework,2024-06-02,69.3
NC000003206,NC-2026-0003206,production_order,PRD000046605,P000261,LOT00149498,2024-09-03,dimensional,major,6,design_tolerance,rework,2024-09-11,115.2
NC000003207,NC-2026-0003207,production_order,PRD000046625,P000781,LOT00135184,2025-12-18,functional,critical,2,process_variation,rework,2026-01-12,273.05
NC000003208,NC-2026-0003208,production_order,PRD000046628,P000310,LOT00104894,2025-10-25,functional,major,1,operator_error,scrap,2025-11-18,167.92
NC000003209,NC-2026-0003209,production_order,PRD000046664,P000766,LOT00005830,2024-02-25,dimensional,minor,3,machine_setting,use_as_is,2024-03-17,345.15
NC000003210,NC-2026-0003210,production_order,PRD000046675,P000260,LOT00236946,2024-03-07,surface_finish,critical,3,supplier_material,return_to_supplier,2024-03-25,310.82
NC000003211,NC-2026-0003211,production_order,PRD000046683,P000002,LOT00234607,2025-02-03,functional,minor,6,design_tolerance,scrap,2025-02-12,657.82
NC000003212,NC-2026-0003212,production_order,PRD000046690,P000923,LOT00239109,2025-03-23,surface_finish,minor,1,supplier_material,scrap,2025-04-15,0.0
NC000003213,NC-2026-0003213,production_order,PRD000046730,P000391,LOT00169098,2026-04-09,dimensional,major,6,operator_error,use_as_is,2026-04-25,129.81
NC000003214,NC-2026-0003214,production_order,PRD000046743,P000350,LOT00225823,2024-04-11,functional,minor,4,operator_error,rework,2024-04-21,54.74
NC000003215,NC-2026-0003215,production_order,PRD000046772,P000949,LOT00217677,2024-07-11,packaging,major,11,machine_setting,scrap,2024-08-06,189.8
NC000003216,NC-2026-0003216,production_order,PRD000046800,P000101,LOT00234176,2025-04-30,electrical,minor,2,process_variation,rework,2025-05-08,108.73
NC000003217,NC-2026-0003217,production_order,PRD000046816,P000605,LOT00100469,2026-08-24,functional,minor,1,supplier_material,scrap,2026-08-27,58.54
NC000003218,NC-2026-0003218,production_order,PRD000046834,P000018,LOT00194586,2024-11-28,surface_finish,minor,4,design_tolerance,rework,2024-11-30,544.53
NC000003219,NC-2026-0003219,production_order,PRD000046852,P000686,LOT00216419,2025-04-08,functional,minor,4,process_variation,use_as_is,2025-04-25,134.52
NC000003220,NC-2026-0003220,production_order,PRD000046857,P000845,LOT00002761,2026-05-08,packaging,critical,6,operator_error,scrap,2026-05-21,885.4
NC000003221,NC-2026-0003221,production_order,PRD000046882,P000626,LOT00013686,2024-08-22,functional,critical,1,supplier_material,scrap,2024-08-28,69.98
NC000003222,NC-2026-0003222,production_order,PRD000046890,P000549,LOT00226156,2024-09-03,dimensional,major,4,supplier_material,rework,2024-09-15,125.82
NC000003223,NC-2026-0003223,production_order,PRD000046904,P000927,LOT00074276,2025-03-02,electrical,minor,7,process_variation,rework,2025-03-23,430.11
NC000003224,NC-2026-0003224,production_order,PRD000046918,P000207,LOT00055067,2024-10-07,packaging,minor,6,supplier_material,rework,2024-10-10,222.15
NC000003225,NC-2026-0003225,production_order,PRD000046922,P000345,LOT00078389,2025-12-17,functional,minor,4,machine_setting,return_to_supplier,2026-01-11,318.37
NC000003226,NC-2026-0003226,production_order,PRD000046936,P000092,LOT00099066,2025-09-04,functional,minor,2,supplier_material,rework,2025-09-10,233.91
NC000003227,NC-2026-0003227,production_order,PRD000046945,P000535,LOT00113696,2024-06-02,dimensional,critical,1,process_variation,use_as_is,2024-07-01,61.47
NC000003228,NC-2026-0003228,production_order,PRD000046967,P000378,LOT00136535,2026-03-13,functional,major,2,supplier_material,rework,2026-04-05,49.11
NC000003229,NC-2026-0003229,production_order,PRD000046968,P000155,LOT00154285,2025-04-05,electrical,minor,4,supplier_material,rework,2025-04-23,518.79
NC000003230,NC-2026-0003230,production_order,PRD000046980,P000156,LOT00010856,2025-06-11,dimensional,minor,5,design_tolerance,rework,2025-07-11,476.1
NC000003231,NC-2026-0003231,production_order,PRD000046983,P000618,LOT00006847,2024-08-03,dimensional,critical,10,supplier_material,rework,2024-09-02,716.51
NC000003232,NC-2026-0003232,production_order,PRD000046990,P000025,LOT00084832,2024-09-13,dimensional,major,1,machine_setting,scrap,2024-09-21,93.57
NC000003233,NC-2026-0003233,production_order,PRD000046994,P000872,LOT00228748,2024-08-28,packaging,minor,3,operator_error,return_to_supplier,2024-09-05,137.15
NC000003234,NC-2026-0003234,production_order,PRD000046998,P000055,LOT00185800,2024-07-13,functional,minor,5,process_variation,rework,2024-07-22,1045.56
NC000003235,NC-2026-0003235,production_order,PRD000047027,P000704,LOT00184943,2025-10-03,packaging,major,14,process_variation,scrap,2025-10-13,1004.62
NC000003236,NC-2026-0003236,production_order,PRD000047089,P000519,LOT00196014,2024-11-25,electrical,minor,2,design_tolerance,rework,2024-11-27,208.22
NC000003237,NC-2026-0003237,production_order,PRD000047097,P000584,LOT00129922,2026-08-24,packaging,minor,6,machine_setting,rework,2026-09-20,155.63
NC000003238,NC-2026-0003238,production_order,PRD000047142,P000412,LOT00219330,2025-07-09,functional,major,2,design_tolerance,scrap,2025-07-16,74.7
NC000003239,NC-2026-0003239,production_order,PRD000047161,P000503,LOT00138429,2024-08-12,surface_finish,major,3,process_variation,return_to_supplier,2024-08-18,515.71
NC000003240,NC-2026-0003240,production_order,PRD000047175,P000426,LOT00011599,2025-05-13,electrical,minor,9,supplier_material,scrap,2025-06-08,793.81
NC000003241,NC-2026-0003241,production_order,PRD000047182,P000175,LOT00040094,2025-08-21,packaging,major,4,supplier_material,use_as_is,2025-09-10,333.42
NC000003242,NC-2026-0003242,production_order,PRD000047204,P000395,LOT00119183,2024-07-01,dimensional,major,1,machine_setting,rework,2024-07-28,385.5
NC000003243,NC-2026-0003243,production_order,PRD000047207,P000935,LOT00202337,2024-04-03,electrical,major,1,supplier_material,use_as_is,2024-04-27,159.6
NC000003244,NC-2026-0003244,production_order,PRD000047219,P000878,LOT00156855,2025-11-19,functional,minor,1,machine_setting,rework,2025-12-14,88.48
NC000003245,NC-2026-0003245,production_order,PRD000047263,P000552,LOT00230640,2026-06-15,dimensional,minor,2,supplier_material,return_to_supplier,2026-07-15,1205.95
NC000003246,NC-2026-0003246,production_order,PRD000047286,P000053,LOT00008764,2024-04-25,functional,major,1,operator_error,scrap,2024-05-01,43.73
NC000003247,NC-2026-0003247,production_order,PRD000047305,P000642,LOT00214703,2025-09-01,electrical,minor,1,process_variation,scrap,2025-09-26,143.57
NC000003248,NC-2026-0003248,production_order,PRD000047308,P000456,LOT00175414,2025-01-05,packaging,major,2,machine_setting,return_to_supplier,2025-01-27,332.32
NC000003249,NC-2026-0003249,production_order,PRD000047309,P000578,LOT00062933,2024-02-27,electrical,minor,9,design_tolerance,return_to_supplier,2024-03-26,564.76
NC000003250,NC-2026-0003250,production_order,PRD000047311,P000346,LOT00003526,2026-04-23,functional,major,1,design_tolerance,rework,2026-05-02,58.85
NC000003251,NC-2026-0003251,production_order,PRD000047335,P000196,LOT00104448,2024-08-29,packaging,minor,4,supplier_material,scrap,2024-09-11,77.23
NC000003252,NC-2026-0003252,production_order,PRD000047360,P000004,LOT00213488,2025-08-13,surface_finish,major,6,process_variation,rework,2025-08-21,1153.85
NC000003253,NC-2026-0003253,production_order,PRD000047398,P000847,LOT00246105,2024-12-07,surface_finish,major,8,supplier_material,use_as_is,2024-12-18,405.23
NC000003254,NC-2026-0003254,production_order,PRD000047407,P000669,LOT00048461,2024-01-24,functional,minor,1,supplier_material,rework,2024-02-18,70.0
NC000003255,NC-2026-0003255,production_order,PRD000047410,P000424,LOT00213034,2025-07-20,dimensional,minor,1,operator_error,scrap,2025-08-14,0.0
NC000003256,NC-2026-0003256,production_order,PRD000047428,P000538,LOT00222893,2025-09-24,electrical,minor,5,machine_setting,rework,2025-10-13,1238.32
NC000003257,NC-2026-0003257,production_order,PRD000047429,P000834,LOT00090989,2024-11-20,surface_finish,minor,8,supplier_material,return_to_supplier,2024-12-13,289.92
NC000003258,NC-2026-0003258,production_order,PRD000047460,P000067,LOT00098280,2025-01-05,dimensional,critical,5,process_variation,rework,2025-01-16,810.94
NC000003259,NC-2026-0003259,production_order,PRD000047467,P000758,LOT00179689,2025-12-14,packaging,major,9,machine_setting,scrap,2026-01-02,411.97
NC000003260,NC-2026-0003260,production_order,PRD000047509,P000551,LOT00010658,2026-05-22,electrical,critical,6,operator_error,rework,2026-06-09,997.65
NC000003261,NC-2026-0003261,production_order,PRD000047518,P000240,LOT00066565,2024-08-02,functional,critical,7,supplier_material,rework,2024-08-08,1155.68
NC000003262,NC-2026-0003262,production_order,PRD000047533,P000645,LOT00243302,2026-06-16,packaging,minor,5,operator_error,scrap,2026-06-29,353.78
NC000003263,NC-2026-0003263,production_order,PRD000047535,P000413,LOT00024888,2024-10-26,dimensional,minor,11,process_variation,return_to_supplier,2024-11-25,913.41
NC000003264,NC-2026-0003264,production_order,PRD000047572,P000434,LOT00183401,2025-06-15,functional,minor,2,operator_error,rework,2025-06-19,146.48
NC000003265,NC-2026-0003265,production_order,PRD000047582,P000827,LOT00162488,2026-07-29,electrical,minor,5,machine_setting,scrap,2026-08-06,88.02
NC000003266,NC-2026-0003266,production_order,PRD000047584,P000434,LOT00212660,2025-11-03,dimensional,minor,2,machine_setting,use_as_is,2025-11-25,172.79
NC000003267,NC-2026-0003267,production_order,PRD000047586,P000692,LOT00069125,2024-02-10,functional,minor,5,design_tolerance,scrap,2024-02-28,251.42
NC000003268,NC-2026-0003268,production_order,PRD000047604,P000197,LOT00156323,2026-03-28,electrical,major,6,operator_error,rework,2026-04-25,1056.12
NC000003269,NC-2026-0003269,production_order,PRD000047607,P000023,LOT00223851,2025-06-05,functional,major,14,operator_error,use_as_is,2025-06-13,271.59
NC000003270,NC-2026-0003270,production_order,PRD000047609,P000544,LOT00009360,2024-12-10,dimensional,major,11,machine_setting,return_to_supplier,2025-01-09,630.59
NC000003271,NC-2026-0003271,production_order,PRD000047611,P000113,LOT00228079,2025-06-19,electrical,major,9,process_variation,rework,2025-07-06,325.13
NC000003272,NC-2026-0003272,production_order,PRD000047635,P000852,LOT00209647,2026-05-07,surface_finish,major,7,machine_setting,rework,2026-05-30,272.75
NC000003273,NC-2026-0003273,production_order,PRD000047651,P000939,LOT00101232,2026-07-30,surface_finish,major,2,operator_error,rework,2026-08-23,113.48
NC000003274,NC-2026-0003274,production_order,PRD000047653,P000373,LOT00226097,2024-09-06,packaging,minor,7,operator_error,use_as_is,2024-10-05,419.66
NC000003275,NC-2026-0003275,production_order,PRD000047659,P000927,LOT00101681,2026-08-10,dimensional,critical,1,supplier_material,scrap,2026-08-16,34.07
NC000003276,NC-2026-0003276,production_order,PRD000047664,P000857,LOT00093060,2024-09-10,packaging,minor,10,supplier_material,rework,2024-09-28,1169.81
NC000003277,NC-2026-0003277,production_order,PRD000047666,P000937,LOT00032317,2026-07-03,surface_finish,minor,5,design_tolerance,use_as_is,2026-07-23,1176.04
NC000003278,NC-2026-0003278,production_order,PRD000047670,P000717,LOT00201696,2024-04-25,functional,major,3,process_variation,rework,2024-05-06,207.8
NC000003279,NC-2026-0003279,production_order,PRD000047680,P000055,LOT00121329,2024-03-05,functional,major,6,operator_error,rework,2024-04-02,1325.28
NC000003280,NC-2026-0003280,production_order,PRD000047731,P000065,LOT00011551,2026-03-16,surface_finish,minor,8,process_variation,scrap,2026-04-15,389.48
NC000003281,NC-2026-0003281,production_order,PRD000047764,P000866,LOT00192140,2024-12-17,packaging,major,2,supplier_material,rework,2025-01-11,152.02
NC000003282,NC-2026-0003282,production_order,PRD000047769,P000383,LOT00000149,2025-06-29,functional,minor,6,supplier_material,use_as_is,2025-07-13,753.56
NC000003283,NC-2026-0003283,production_order,PRD000047784,P000804,LOT00248051,2025-07-24,dimensional,major,2,operator_error,return_to_supplier,2025-08-15,255.91
NC000003284,NC-2026-0003284,production_order,PRD000047786,P000777,LOT00176721,2024-05-23,electrical,minor,2,supplier_material,scrap,2024-06-08,85.24
NC000003285,NC-2026-0003285,production_order,PRD000047792,P000409,LOT00153485,2025-02-28,functional,minor,6,process_variation,scrap,2025-03-29,132.3
NC000003286,NC-2026-0003286,production_order,PRD000047807,P000943,LOT00144831,2025-01-10,functional,minor,4,design_tolerance,scrap,2025-01-13,160.19
NC000003287,NC-2026-0003287,production_order,PRD000047813,P000576,LOT00162712,2025-04-15,packaging,major,6,process_variation,use_as_is,2025-05-12,456.13
NC000003288,NC-2026-0003288,production_order,PRD000047830,P000212,LOT00108548,2026-10-09,dimensional,major,1,machine_setting,rework,2026-11-03,285.84
NC000003289,NC-2026-0003289,production_order,PRD000047871,P000579,LOT00198861,2026-06-11,packaging,major,7,machine_setting,rework,2026-07-08,291.37
NC000003290,NC-2026-0003290,production_order,PRD000047878,P000411,LOT00089099,2024-04-09,surface_finish,minor,3,operator_error,return_to_supplier,2024-04-27,51.35
NC000003291,NC-2026-0003291,production_order,PRD000047880,P000855,LOT00199328,2024-05-20,functional,minor,1,machine_setting,rework,2024-05-27,52.92
NC000003292,NC-2026-0003292,production_order,PRD000047891,P000873,LOT00152671,2025-12-04,functional,minor,4,machine_setting,rework,2025-12-07,204.14
NC000003293,NC-2026-0003293,production_order,PRD000047893,P000949,LOT00200135,2026-04-12,surface_finish,major,7,process_variation,rework,2026-04-19,192.84
NC000003294,NC-2026-0003294,production_order,PRD000047916,P000516,LOT00194681,2025-11-08,electrical,minor,4,supplier_material,scrap,2025-11-26,431.42
NC000003295,NC-2026-0003295,production_order,PRD000047917,P000296,LOT00095233,2025-04-19,functional,minor,3,process_variation,rework,2025-04-24,307.18
NC000003296,NC-2026-0003296,production_order,PRD000047931,P000767,LOT00226039,2025-11-02,functional,major,4,operator_error,rework,2025-11-26,390.93
NC000003297,NC-2026-0003297,production_order,PRD000047938,P000063,LOT00214824,2026-07-15,surface_finish,major,2,supplier_material,scrap,2026-07-22,120.33
NC000003298,NC-2026-0003298,production_order,PRD000047952,P000114,LOT00106531,2026-05-27,electrical,minor,1,process_variation,rework,2026-05-31,73.51
NC000003299,NC-2026-0003299,production_order,PRD000047959,P000042,LOT00006186,2024-12-16,surface_finish,minor,8,process_variation,scrap,2025-01-10,815.92
NC000003300,NC-2026-0003300,production_order,PRD000047965,P000023,LOT00053689,2025-02-10,dimensional,minor,10,operator_error,rework,2025-03-06,226.35
NC000003301,NC-2026-0003301,production_order,PRD000047979,P000201,LOT00196604,2025-11-01,electrical,minor,9,process_variation,rework,2025-11-05,584.29
NC000003302,NC-2026-0003302,production_order,PRD000047992,P000717,LOT00246841,2024-01-06,functional,minor,2,machine_setting,rework,2024-02-01,90.51
NC000003303,NC-2026-0003303,production_order,PRD000048004,P000259,LOT00056724,2024-03-14,surface_finish,minor,5,machine_setting,scrap,2024-03-21,332.12
NC000003304,NC-2026-0003304,production_order,PRD000048045,P000576,LOT00083625,2024-06-21,surface_finish,minor,4,design_tolerance,return_to_supplier,2024-07-20,686.72
NC000003305,NC-2026-0003305,production_order,PRD000048051,P000850,LOT00242838,2026-07-25,dimensional,major,9,machine_setting,use_as_is,2026-08-22,3124.92
NC000003306,NC-2026-0003306,production_order,PRD000048053,P000183,LOT00020132,2024-11-28,dimensional,minor,3,process_variation,scrap,2024-12-08,332.48
NC000003307,NC-2026-0003307,production_order,PRD000048059,P000158,LOT00062672,2026-07-31,packaging,major,1,machine_setting,use_as_is,2026-08-19,33.92
NC000003308,NC-2026-0003308,production_order,PRD000048060,P000689,LOT00175064,2025-04-24,surface_finish,major,1,machine_setting,rework,2025-05-16,41.1
NC000003309,NC-2026-0003309,production_order,PRD000048071,P000883,LOT00098440,2026-01-11,packaging,critical,1,supplier_material,scrap,2026-01-24,31.28
NC000003310,NC-2026-0003310,production_order,PRD000048109,P000463,LOT00053783,2024-08-06,electrical,minor,12,design_tolerance,use_as_is,2024-08-15,2028.84
NC000003311,NC-2026-0003311,production_order,PRD000048112,P000131,LOT00042146,2024-03-05,dimensional,major,14,design_tolerance,use_as_is,2024-03-26,1583.34
NC000003312,NC-2026-0003312,production_order,PRD000048125,P000537,LOT00151290,2026-02-14,surface_finish,minor,8,machine_setting,rework,2026-03-11,152.45
NC000003313,NC-2026-0003313,production_order,PRD000048134,P000576,LOT00213126,2024-02-27,dimensional,minor,1,process_variation,rework,2024-03-19,144.52
NC000003314,NC-2026-0003314,production_order,PRD000048181,P000323,LOT00060447,2025-05-31,surface_finish,critical,1,design_tolerance,scrap,2025-06-21,0.0
NC000003315,NC-2026-0003315,production_order,PRD000048188,P000105,LOT00014032,2024-09-29,packaging,major,3,supplier_material,return_to_supplier,2024-10-08,275.29
NC000003316,NC-2026-0003316,production_order,PRD000048192,P000863,LOT00092210,2025-05-19,functional,critical,1,process_variation,rework,2025-06-15,0.0
NC000003317,NC-2026-0003317,production_order,PRD000048194,P000165,LOT00027676,2024-11-06,packaging,minor,1,operator_error,rework,2024-12-03,41.33
NC000003318,NC-2026-0003318,production_order,PRD000048195,P000557,LOT00045538,2025-09-04,functional,major,3,supplier_material,use_as_is,2025-10-02,343.49
NC000003319,NC-2026-0003319,production_order,PRD000048235,P000570,LOT00235908,2024-05-18,functional,minor,2,machine_setting,rework,2024-06-16,521.6
NC000003320,NC-2026-0003320,production_order,PRD000048237,P000524,LOT00104420,2024-12-25,surface_finish,major,1,supplier_material,rework,2025-01-07,42.32
NC000003321,NC-2026-0003321,production_order,PRD000048245,P000793,LOT00132922,2025-04-26,dimensional,critical,1,process_variation,scrap,2025-05-19,118.19
NC000003322,NC-2026-0003322,production_order,PRD000048274,P000648,LOT00031248,2024-04-01,functional,minor,3,supplier_material,scrap,2024-04-21,174.08
NC000003323,NC-2026-0003323,production_order,PRD000048275,P000350,LOT00139897,2024-08-25,electrical,minor,3,supplier_material,rework,2024-09-13,123.97
NC000003324,NC-2026-0003324,production_order,PRD000048277,P000340,LOT00130632,2024-02-28,dimensional,critical,4,design_tolerance,rework,2024-03-14,239.79
NC000003325,NC-2026-0003325,production_order,PRD000048287,P000858,LOT00081588,2025-07-19,electrical,minor,2,design_tolerance,use_as_is,2025-07-21,111.09
NC000003326,NC-2026-0003326,production_order,PRD000048336,P000636,LOT00183903,2025-08-04,functional,major,7,supplier_material,scrap,2025-08-16,194.55
NC000003327,NC-2026-0003327,production_order,PRD000048338,P000532,LOT00117067,2024-01-30,dimensional,critical,11,design_tolerance,rework,2024-02-17,544.89
NC000003328,NC-2026-0003328,production_order,PRD000048353,P000630,LOT00049678,2026-08-16,dimensional,major,2,process_variation,rework,2026-08-29,354.42
NC000003329,NC-2026-0003329,production_order,PRD000048356,P000832,LOT00233249,2025-10-09,dimensional,major,7,operator_error,scrap,2025-10-26,299.82
NC000003330,NC-2026-0003330,production_order,PRD000048361,P000363,LOT00212300,2025-07-29,surface_finish,minor,1,supplier_material,return_to_supplier,2025-08-27,65.76
NC000003331,NC-2026-0003331,production_order,PRD000048367,P000510,LOT00011915,2026-01-14,packaging,critical,1,operator_error,scrap,2026-01-29,0.0
NC000003332,NC-2026-0003332,production_order,PRD000048380,P000797,LOT00129122,2026-01-25,functional,major,3,design_tolerance,use_as_is,2026-01-31,73.25
NC000003333,NC-2026-0003333,production_order,PRD000048415,P000280,LOT00118797,2026-08-24,packaging,minor,8,machine_setting,use_as_is,2026-08-29,671.42
NC000003334,NC-2026-0003334,production_order,PRD000048442,P000764,LOT00113594,2026-05-23,dimensional,minor,6,operator_error,return_to_supplier,2026-06-22,226.59
NC000003335,NC-2026-0003335,production_order,PRD000048453,P000632,LOT00207408,2026-03-19,dimensional,minor,2,machine_setting,rework,2026-04-09,264.85
NC000003336,NC-2026-0003336,production_order,PRD000048461,P000481,LOT00097881,2024-05-20,functional,minor,1,operator_error,rework,2024-06-05,16.85
NC000003337,NC-2026-0003337,production_order,PRD000048467,P000264,LOT00148204,2024-09-05,dimensional,minor,9,operator_error,scrap,2024-09-21,392.12
NC000003338,NC-2026-0003338,production_order,PRD000048520,P000719,LOT00129615,2024-02-17,surface_finish,major,9,machine_setting,return_to_supplier,2024-03-09,248.5
NC000003339,NC-2026-0003339,production_order,PRD000048523,P000413,LOT00016273,2026-01-15,functional,major,4,supplier_material,rework,2026-02-12,380.84
NC000003340,NC-2026-0003340,production_order,PRD000048524,P000387,LOT00215504,2024-04-13,surface_finish,critical,2,machine_setting,use_as_is,2024-04-18,49.49
NC000003341,NC-2026-0003341,production_order,PRD000048533,P000259,LOT00109219,2025-11-02,packaging,major,13,operator_error,scrap,2025-12-01,2653.56
NC000003342,NC-2026-0003342,production_order,PRD000048544,P000426,LOT00104674,2024-09-07,surface_finish,minor,11,supplier_material,rework,2024-09-12,457.38
NC000003343,NC-2026-0003343,production_order,PRD000048563,P000533,LOT00124559,2025-12-21,functional,minor,7,machine_setting,rework,2025-12-28,242.48
NC000003344,NC-2026-0003344,production_order,PRD000048580,P000408,LOT00190074,2025-01-22,packaging,minor,4,operator_error,rework,2025-02-15,291.65
NC000003345,NC-2026-0003345,production_order,PRD000048624,P000149,LOT00115036,2026-03-16,packaging,minor,3,operator_error,scrap,2026-04-01,260.63
NC000003346,NC-2026-0003346,production_order,PRD000048637,P000206,LOT00016073,2024-10-20,functional,major,7,machine_setting,rework,2024-11-15,677.85
NC000003347,NC-2026-0003347,production_order,PRD000048641,P000104,LOT00130699,2025-07-08,surface_finish,minor,2,process_variation,rework,2025-08-07,424.04
NC000003348,NC-2026-0003348,production_order,PRD000048642,P000239,LOT00013353,2025-04-26,functional,critical,12,process_variation,rework,2025-05-09,1415.52
NC000003349,NC-2026-0003349,production_order,PRD000048680,P000664,LOT00103460,2024-08-18,electrical,minor,14,process_variation,rework,2024-09-10,1037.61
NC000003350,NC-2026-0003350,production_order,PRD000048729,P000487,LOT00001614,2024-04-05,packaging,major,7,process_variation,scrap,2024-04-29,425.06
NC000003351,NC-2026-0003351,production_order,PRD000048772,P000129,LOT00038035,2024-03-13,dimensional,major,14,operator_error,use_as_is,2024-03-26,673.32
NC000003352,NC-2026-0003352,production_order,PRD000048785,P000103,LOT00084143,2024-10-25,dimensional,minor,4,machine_setting,scrap,2024-11-15,106.23
NC000003353,NC-2026-0003353,production_order,PRD000048849,P000266,LOT00183890,2024-06-29,surface_finish,major,2,supplier_material,rework,2024-07-08,570.36
NC000003354,NC-2026-0003354,production_order,PRD000048875,P000345,LOT00033952,2024-10-16,packaging,minor,3,machine_setting,rework,2024-10-24,419.68
NC000003355,NC-2026-0003355,production_order,PRD000048901,P000064,LOT00035070,2025-10-15,functional,major,5,process_variation,return_to_supplier,2025-11-09,238.73
NC000003356,NC-2026-0003356,production_order,PRD000048910,P000470,LOT00167668,2024-07-08,functional,minor,2,process_variation,scrap,2024-07-13,132.06
NC000003357,NC-2026-0003357,production_order,PRD000048921,P000123,LOT00045688,2025-12-26,functional,minor,6,process_variation,rework,2026-01-17,290.56
NC000003358,NC-2026-0003358,production_order,PRD000048940,P000905,LOT00249263,2024-02-03,electrical,major,6,process_variation,scrap,2024-02-08,1406.24
NC000003359,NC-2026-0003359,production_order,PRD000048968,P000825,LOT00236470,2026-07-05,functional,major,3,design_tolerance,scrap,2026-08-03,124.13
NC000003360,NC-2026-0003360,production_order,PRD000048995,P000494,LOT00234219,2026-07-17,functional,critical,10,machine_setting,return_to_supplier,2026-08-08,894.94
NC000003361,NC-2026-0003361,production_order,PRD000049014,P000026,LOT00223902,2025-07-21,dimensional,minor,5,design_tolerance,rework,2025-07-31,131.14
NC000003362,NC-2026-0003362,production_order,PRD000049015,P000303,LOT00202860,2024-04-03,packaging,minor,4,design_tolerance,return_to_supplier,2024-04-17,719.69
NC000003363,NC-2026-0003363,production_order,PRD000049028,P000091,LOT00029199,2025-01-07,surface_finish,minor,1,supplier_material,return_to_supplier,2025-01-25,0.0
NC000003364,NC-2026-0003364,production_order,PRD000049029,P000115,LOT00223641,2024-04-10,dimensional,major,13,process_variation,return_to_supplier,2024-04-18,396.62
NC000003365,NC-2026-0003365,production_order,PRD000049033,P000473,LOT00210768,2024-08-24,functional,minor,2,operator_error,scrap,2024-09-20,146.77
NC000003366,NC-2026-0003366,production_order,PRD000049035,P000300,LOT00011187,2024-09-10,packaging,minor,13,machine_setting,use_as_is,2024-09-16,2515.41
NC000003367,NC-2026-0003367,production_order,PRD000049059,P000728,LOT00013659,2026-08-13,functional,major,5,design_tolerance,rework,2026-08-29,571.96
NC000003368,NC-2026-0003368,production_order,PRD000049068,P000647,LOT00033206,2026-04-18,dimensional,minor,5,process_variation,scrap,2026-04-29,290.11
NC000003369,NC-2026-0003369,production_order,PRD000049079,P000216,LOT00103625,2025-06-15,dimensional,minor,8,process_variation,use_as_is,2025-07-03,527.16
NC000003370,NC-2026-0003370,production_order,PRD000049105,P000475,LOT00041389,2026-06-23,functional,minor,5,machine_setting,rework,2026-07-23,2460.91
NC000003371,NC-2026-0003371,production_order,PRD000049156,P000815,LOT00157035,2024-02-29,surface_finish,major,8,supplier_material,scrap,2024-03-02,4421.22
NC000003372,NC-2026-0003372,production_order,PRD000049166,P000947,LOT00072509,2026-05-08,packaging,critical,3,process_variation,use_as_is,2026-05-12,711.03
NC000003373,NC-2026-0003373,production_order,PRD000049214,P000541,LOT00063324,2024-09-03,functional,minor,7,supplier_material,use_as_is,2024-10-02,1888.84
NC000003374,NC-2026-0003374,production_order,PRD000049235,P000229,LOT00200166,2025-12-14,packaging,minor,6,operator_error,rework,2025-12-27,859.19
NC000003375,NC-2026-0003375,production_order,PRD000049278,P000134,LOT00022941,2024-06-19,packaging,major,3,supplier_material,rework,2024-07-16,138.19
NC000003376,NC-2026-0003376,production_order,PRD000049283,P000794,LOT00065116,2025-06-26,dimensional,critical,1,supplier_material,use_as_is,2025-07-21,140.03
NC000003377,NC-2026-0003377,production_order,PRD000049296,P000761,LOT00114946,2025-11-17,functional,minor,11,operator_error,rework,2025-11-28,650.33
NC000003378,NC-2026-0003378,production_order,PRD000049300,P000811,LOT00129666,2024-06-23,dimensional,minor,8,process_variation,rework,2024-06-28,4553.23
NC000003379,NC-2026-0003379,production_order,PRD000049313,P000697,LOT00071889,2025-07-18,functional,minor,4,machine_setting,rework,2025-08-10,1286.36
NC000003380,NC-2026-0003380,production_order,PRD000049318,P000864,LOT00105500,2025-12-30,dimensional,major,6,machine_setting,use_as_is,2026-01-27,622.99
NC000003381,NC-2026-0003381,production_order,PRD000049323,P000068,LOT00035485,2025-11-14,surface_finish,minor,1,machine_setting,use_as_is,2025-11-30,27.79
NC000003382,NC-2026-0003382,production_order,PRD000049343,P000423,LOT00225678,2024-04-18,dimensional,major,1,supplier_material,use_as_is,2024-05-06,97.64
NC000003383,NC-2026-0003383,production_order,PRD000049349,P000037,LOT00057219,2025-04-22,dimensional,minor,8,machine_setting,rework,2025-05-01,204.33
NC000003384,NC-2026-0003384,production_order,PRD000049361,P000676,LOT00027733,2026-05-17,packaging,minor,5,process_variation,rework,2026-05-20,125.77
NC000003385,NC-2026-0003385,production_order,PRD000049368,P000539,LOT00229289,2026-05-24,dimensional,minor,3,process_variation,scrap,2026-05-30,343.91
NC000003386,NC-2026-0003386,production_order,PRD000049393,P000078,LOT00010585,2025-06-15,packaging,major,3,process_variation,rework,2025-07-10,59.91
NC000003387,NC-2026-0003387,production_order,PRD000049411,P000293,LOT00191982,2026-08-22,surface_finish,minor,4,design_tolerance,scrap,2026-09-06,559.72
NC000003388,NC-2026-0003388,production_order,PRD000049425,P000600,LOT00077361,2024-05-12,surface_finish,minor,5,machine_setting,rework,2024-06-10,442.4
NC000003389,NC-2026-0003389,production_order,PRD000049435,P000513,LOT00021434,2024-10-23,dimensional,minor,1,machine_setting,rework,2024-11-12,0.0
NC000003390,NC-2026-0003390,production_order,PRD000049437,P000946,LOT00077720,2025-04-28,dimensional,major,10,supplier_material,rework,2025-05-20,956.45
NC000003391,NC-2026-0003391,production_order,PRD000049445,P000517,LOT00198954,2025-06-26,surface_finish,minor,4,process_variation,return_to_supplier,2025-07-23,1345.82
NC000003392,NC-2026-0003392,production_order,PRD000049456,P000701,LOT00108244,2024-08-19,dimensional,minor,13,process_variation,scrap,2024-09-03,1259.91
NC000003393,NC-2026-0003393,production_order,PRD000049493,P000360,LOT00138352,2024-10-28,packaging,major,3,process_variation,use_as_is,2024-11-02,573.56
NC000003394,NC-2026-0003394,production_order,PRD000049523,P000612,LOT00040347,2025-05-31,functional,major,3,process_variation,rework,2025-06-26,943.78
NC000003395,NC-2026-0003395,production_order,PRD000049530,P000366,LOT00020861,2024-03-27,dimensional,minor,2,design_tolerance,use_as_is,2024-04-21,95.22
NC000003396,NC-2026-0003396,production_order,PRD000049549,P000215,LOT00113163,2026-09-07,dimensional,minor,3,process_variation,use_as_is,2026-10-01,104.35
NC000003397,NC-2026-0003397,production_order,PRD000049555,P000887,LOT00155142,2025-07-02,surface_finish,minor,6,supplier_material,rework,2025-07-26,430.41
NC000003398,NC-2026-0003398,production_order,PRD000049565,P000188,LOT00152292,2026-08-24,dimensional,minor,1,supplier_material,rework,2026-09-17,0.0
NC000003399,NC-2026-0003399,production_order,PRD000049568,P000574,LOT00211442,2024-06-28,functional,minor,9,process_variation,scrap,2024-07-16,1142.48
NC000003400,NC-2026-0003400,production_order,PRD000049571,P000141,LOT00081713,2025-03-30,surface_finish,minor,1,supplier_material,return_to_supplier,2025-04-24,20.5
NC000003401,NC-2026-0003401,production_order,PRD000049586,P000066,LOT00168932,2026-07-08,dimensional,minor,1,process_variation,rework,2026-07-26,28.03
NC000003402,NC-2026-0003402,production_order,PRD000049599,P000517,LOT00111660,2026-06-05,packaging,major,9,supplier_material,rework,2026-06-18,2701.11
NC000003403,NC-2026-0003403,production_order,PRD000049618,P000929,LOT00130644,2026-02-02,functional,major,12,operator_error,rework,2026-02-06,319.87
NC000003404,NC-2026-0003404,production_order,PRD000049625,P000850,LOT00036887,2026-03-02,surface_finish,critical,1,design_tolerance,rework,2026-03-08,0.0
NC000003405,NC-2026-0003405,production_order,PRD000049652,P000674,LOT00114259,2024-02-08,dimensional,minor,6,process_variation,return_to_supplier,2024-02-13,152.15
NC000003406,NC-2026-0003406,production_order,PRD000049678,P000603,LOT00154907,2025-07-20,functional,major,6,supplier_material,rework,2025-08-08,141.43
NC000003407,NC-2026-0003407,production_order,PRD000049700,P000600,LOT00017504,2024-04-29,functional,major,2,supplier_material,rework,2024-05-23,213.42
NC000003408,NC-2026-0003408,production_order,PRD000049706,P000853,LOT00092928,2025-03-29,dimensional,minor,1,process_variation,rework,2025-04-19,32.34
NC000003409,NC-2026-0003409,production_order,PRD000049717,P000245,LOT00012052,2025-12-13,surface_finish,critical,2,supplier_material,rework,2026-01-09,124.57
NC000003410,NC-2026-0003410,production_order,PRD000049731,P000855,LOT00011697,2024-08-08,dimensional,major,4,operator_error,use_as_is,2024-08-26,132.26
NC000003411,NC-2026-0003411,production_order,PRD000049741,P000747,LOT00202805,2025-10-23,functional,major,12,supplier_material,rework,2025-10-25,187.25
NC000003412,NC-2026-0003412,production_order,PRD000049753,P000715,LOT00009487,2025-10-05,functional,minor,4,process_variation,scrap,2025-10-16,195.19
NC000003413,NC-2026-0003413,production_order,PRD000049761,P000800,LOT00247271,2026-07-12,dimensional,minor,13,machine_setting,rework,2026-07-17,1941.8
NC000003414,NC-2026-0003414,production_order,PRD000049791,P000585,LOT00232147,2024-04-27,functional,major,4,process_variation,rework,2024-04-29,119.64
NC000003415,NC-2026-0003415,production_order,PRD000049827,P000403,LOT00112119,2024-05-31,functional,major,3,operator_error,rework,2024-06-21,87.06
NC000003416,NC-2026-0003416,production_order,PRD000049831,P000271,LOT00044244,2024-05-29,electrical,major,1,operator_error,return_to_supplier,2024-06-02,80.7
NC000003417,NC-2026-0003417,production_order,PRD000049832,P000506,LOT00027824,2024-11-12,packaging,major,1,design_tolerance,rework,2024-11-28,63.99
NC000003418,NC-2026-0003418,production_order,PRD000049833,P000805,LOT00035061,2025-01-10,dimensional,minor,12,operator_error,scrap,2025-01-17,684.38
NC000003419,NC-2026-0003419,production_order,PRD000049841,P000179,LOT00104245,2024-10-18,surface_finish,major,5,operator_error,return_to_supplier,2024-11-07,2218.73
NC000003420,NC-2026-0003420,production_order,PRD000049847,P000468,LOT00057152,2024-06-27,electrical,major,8,process_variation,return_to_supplier,2024-07-20,689.28
NC000003421,NC-2026-0003421,production_order,PRD000049870,P000818,LOT00176300,2026-04-19,electrical,major,5,supplier_material,rework,2026-05-11,81.82
NC000003422,NC-2026-0003422,production_order,PRD000049878,P000135,LOT00103012,2025-06-20,packaging,minor,5,machine_setting,use_as_is,2025-07-12,158.11
NC000003423,NC-2026-0003423,production_order,PRD000049883,P000492,LOT00138540,2025-08-16,dimensional,critical,4,supplier_material,rework,2025-09-07,327.41
NC000003424,NC-2026-0003424,production_order,PRD000049902,P000517,LOT00114972,2024-04-14,functional,major,4,supplier_material,use_as_is,2024-04-22,723.34
NC000003425,NC-2026-0003425,production_order,PRD000049907,P000553,LOT00078108,2026-07-24,functional,major,9,supplier_material,scrap,2026-08-02,2771.94
NC000003426,NC-2026-0003426,production_order,PRD000049914,P000372,LOT00011367,2024-05-25,functional,minor,11,design_tolerance,rework,2024-06-09,527.18
NC000003427,NC-2026-0003427,production_order,PRD000049922,P000267,LOT00103243,2026-03-18,surface_finish,critical,5,process_variation,use_as_is,2026-03-25,650.75
NC000003428,NC-2026-0003428,production_order,PRD000049956,P000157,LOT00008184,2025-10-12,dimensional,minor,1,operator_error,scrap,2025-10-16,170.69
NC000003429,NC-2026-0003429,production_order,PRD000049958,P000734,LOT00103639,2024-05-12,dimensional,minor,12,machine_setting,rework,2024-06-11,360.15
NC000003430,NC-2026-0003430,production_order,PRD000049978,P000930,LOT00046384,2026-08-11,electrical,minor,1,operator_error,scrap,2026-08-17,257.84
NC000003431,NC-2026-0003431,production_order,PRD000049987,P000009,LOT00201077,2025-11-06,dimensional,minor,13,operator_error,rework,2025-11-21,669.12
NC000003432,NC-2026-0003432,production_order,PRD000049994,P000399,LOT00134397,2026-02-15,dimensional,major,4,process_variation,rework,2026-02-21,199.98
NC000003433,NC-2026-0003433,production_order,PRD000050013,P000451,LOT00122025,2026-01-22,dimensional,minor,5,design_tolerance,use_as_is,2026-02-06,180.33
NC000003434,NC-2026-0003434,production_order,PRD000050017,P000513,LOT00213674,2024-07-08,dimensional,major,3,process_variation,scrap,2024-07-26,314.64
NC000003435,NC-2026-0003435,production_order,PRD000050021,P000108,LOT00168118,2025-02-08,dimensional,major,6,machine_setting,scrap,2025-03-06,112.64
NC000003436,NC-2026-0003436,production_order,PRD000050024,P000356,LOT00013429,2024-11-21,functional,minor,12,process_variation,return_to_supplier,2024-11-29,1255.35
NC000003437,NC-2026-0003437,production_order,PRD000050026,P000687,LOT00009029,2024-02-09,electrical,minor,6,process_variation,rework,2024-02-18,591.4
NC000003438,NC-2026-0003438,production_order,PRD000050036,P000512,LOT00177033,2024-11-29,surface_finish,major,11,supplier_material,use_as_is,2024-12-05,766.52
NC000003439,NC-2026-0003439,production_order,PRD000050038,P000452,LOT00229205,2025-10-01,surface_finish,minor,1,machine_setting,rework,2025-10-13,39.64
NC000003440,NC-2026-0003440,production_order,PRD000050046,P000809,LOT00219766,2025-12-18,surface_finish,major,2,design_tolerance,rework,2025-12-30,105.59
NC000003441,NC-2026-0003441,production_order,PRD000050049,P000524,LOT00098335,2026-08-25,surface_finish,major,6,machine_setting,return_to_supplier,2026-08-29,169.05
NC000003442,NC-2026-0003442,production_order,PRD000050086,P000704,LOT00014152,2024-08-21,surface_finish,major,12,machine_setting,return_to_supplier,2024-09-16,1586.74
NC000003443,NC-2026-0003443,production_order,PRD000050090,P000095,LOT00092934,2025-10-25,surface_finish,major,9,supplier_material,return_to_supplier,2025-10-29,884.85
NC000003444,NC-2026-0003444,production_order,PRD000050101,P000692,LOT00087564,2026-02-17,dimensional,minor,6,design_tolerance,rework,2026-03-17,329.6
NC000003445,NC-2026-0003445,production_order,PRD000050104,P000755,LOT00190574,2024-04-10,functional,minor,3,operator_error,return_to_supplier,2024-04-23,169.91
NC000003446,NC-2026-0003446,production_order,PRD000050106,P000514,LOT00191279,2024-04-20,dimensional,minor,6,machine_setting,return_to_supplier,2024-04-26,258.48
NC000003447,NC-2026-0003447,production_order,PRD000050134,P000093,LOT00139209,2024-10-23,functional,minor,8,machine_setting,rework,2024-11-21,154.36
NC000003448,NC-2026-0003448,production_order,PRD000050151,P000470,LOT00204658,2026-05-12,dimensional,minor,4,machine_setting,scrap,2026-05-28,191.02
NC000003449,NC-2026-0003449,production_order,PRD000050154,P000005,LOT00048177,2024-03-19,functional,critical,4,design_tolerance,use_as_is,2024-04-11,157.67
NC000003450,NC-2026-0003450,production_order,PRD000050168,P000510,LOT00008331,2025-01-31,electrical,minor,5,supplier_material,rework,2025-02-05,70.34
NC000003451,NC-2026-0003451,production_order,PRD000050172,P000244,LOT00144259,2026-07-25,dimensional,minor,1,design_tolerance,return_to_supplier,2026-08-21,17.8
NC000003452,NC-2026-0003452,production_order,PRD000050181,P000104,LOT00011922,2026-03-24,electrical,major,9,process_variation,return_to_supplier,2026-04-11,929.53
NC000003453,NC-2026-0003453,production_order,PRD000050188,P000087,LOT00246039,2026-02-01,surface_finish,major,1,supplier_material,rework,2026-03-01,13.93
NC000003454,NC-2026-0003454,production_order,PRD000050195,P000485,LOT00233416,2024-12-27,packaging,minor,7,design_tolerance,return_to_supplier,2024-12-30,106.35
NC000003455,NC-2026-0003455,production_order,PRD000050212,P000327,LOT00110304,2024-09-10,electrical,major,6,design_tolerance,use_as_is,2024-10-06,695.55
NC000003456,NC-2026-0003456,production_order,PRD000050222,P000498,LOT00040786,2025-05-13,functional,major,10,process_variation,scrap,2025-05-24,1078.02
NC000003457,NC-2026-0003457,production_order,PRD000050228,P000556,LOT00171807,2025-09-25,electrical,minor,12,machine_setting,return_to_supplier,2025-10-22,399.44
NC000003458,NC-2026-0003458,production_order,PRD000050249,P000356,LOT00101314,2024-12-10,dimensional,minor,2,machine_setting,use_as_is,2025-01-08,168.29
NC000003459,NC-2026-0003459,production_order,PRD000050263,P000110,LOT00228129,2024-11-19,functional,minor,2,design_tolerance,rework,2024-11-28,39.36
NC000003460,NC-2026-0003460,production_order,PRD000050271,P000932,LOT00210595,2024-09-17,surface_finish,minor,8,machine_setting,rework,2024-10-17,1423.75
NC000003461,NC-2026-0003461,production_order,PRD000050285,P000810,LOT00174829,2025-01-16,functional,major,1,supplier_material,rework,2025-02-06,205.13
NC000003462,NC-2026-0003462,production_order,PRD000050305,P000816,LOT00247606,2024-09-25,functional,minor,3,machine_setting,scrap,2024-10-05,425.6
NC000003463,NC-2026-0003463,production_order,PRD000050324,P000676,LOT00097654,2025-06-24,electrical,major,9,operator_error,rework,2025-07-21,171.63
NC000003464,NC-2026-0003464,production_order,PRD000050346,P000045,LOT00182114,2024-06-04,functional,minor,1,machine_setting,use_as_is,2024-06-11,118.23
NC000003465,NC-2026-0003465,production_order,PRD000050353,P000378,LOT00138948,2025-01-27,surface_finish,major,14,supplier_material,use_as_is,2025-02-09,496.5
NC000003466,NC-2026-0003466,production_order,PRD000050362,P000193,LOT00124705,2024-08-27,surface_finish,minor,2,process_variation,rework,2024-08-29,347.27
NC000003467,NC-2026-0003467,production_order,PRD000050364,P000643,LOT00104926,2025-09-16,dimensional,major,8,machine_setting,scrap,2025-10-08,196.6
NC000003468,NC-2026-0003468,production_order,PRD000050406,P000330,LOT00187070,2025-01-27,functional,critical,13,machine_setting,scrap,2025-02-15,249.47
NC000003469,NC-2026-0003469,production_order,PRD000050433,P000083,LOT00240123,2025-10-09,surface_finish,minor,14,process_variation,scrap,2025-10-31,479.64
NC000003470,NC-2026-0003470,production_order,PRD000050449,P000650,LOT00045605,2026-01-17,functional,major,2,design_tolerance,use_as_is,2026-02-03,186.45
NC000003471,NC-2026-0003471,production_order,PRD000050486,P000312,LOT00248259,2024-02-01,functional,minor,6,machine_setting,rework,2024-02-15,739.35
NC000003472,NC-2026-0003472,production_order,PRD000050555,P000589,LOT00159923,2025-06-09,surface_finish,minor,1,machine_setting,rework,2025-06-12,0.0
NC000003473,NC-2026-0003473,production_order,PRD000050574,P000282,LOT00109869,2026-06-18,electrical,minor,13,machine_setting,use_as_is,2026-06-21,1364.79
NC000003474,NC-2026-0003474,production_order,PRD000050576,P000592,LOT00170275,2024-03-08,electrical,minor,1,operator_error,rework,2024-03-11,92.32
NC000003475,NC-2026-0003475,production_order,PRD000050610,P000433,LOT00174355,2025-10-11,surface_finish,minor,5,design_tolerance,return_to_supplier,2025-10-15,169.16
NC000003476,NC-2026-0003476,production_order,PRD000050616,P000795,LOT00010344,2026-06-24,packaging,minor,2,machine_setting,use_as_is,2026-07-24,24.87
NC000003477,NC-2026-0003477,production_order,PRD000050647,P000293,LOT00103188,2025-10-18,dimensional,minor,9,machine_setting,rework,2025-11-01,455.16
NC000003478,NC-2026-0003478,production_order,PRD000050657,P000336,LOT00218467,2024-05-18,surface_finish,major,3,machine_setting,scrap,2024-05-25,212.6
NC000003479,NC-2026-0003479,production_order,PRD000050669,P000216,LOT00238064,2025-07-23,packaging,major,1,process_variation,rework,2025-08-17,110.2
NC000003480,NC-2026-0003480,production_order,PRD000050676,P000171,LOT00052802,2026-02-18,functional,critical,9,operator_error,scrap,2026-03-13,407.87
NC000003481,NC-2026-0003481,production_order,PRD000050679,P000204,LOT00095081,2025-04-06,packaging,minor,8,design_tolerance,return_to_supplier,2025-04-08,822.1
NC000003482,NC-2026-0003482,production_order,PRD000050703,P000616,LOT00068689,2024-08-30,packaging,critical,9,machine_setting,use_as_is,2024-09-20,297.31
NC000003483,NC-2026-0003483,production_order,PRD000050717,P000656,LOT00129058,2026-02-20,functional,minor,9,operator_error,rework,2026-02-25,452.53
NC000003484,NC-2026-0003484,production_order,PRD000050727,P000182,LOT00067011,2025-09-28,surface_finish,major,2,design_tolerance,use_as_is,2025-10-26,153.41
NC000003485,NC-2026-0003485,production_order,PRD000050758,P000381,LOT00196613,2024-03-10,functional,minor,3,supplier_material,scrap,2024-03-22,445.88
NC000003486,NC-2026-0003486,production_order,PRD000050772,P000522,LOT00083831,2025-08-11,electrical,major,7,machine_setting,use_as_is,2025-08-13,453.81
NC000003487,NC-2026-0003487,production_order,PRD000050779,P000607,LOT00188592,2024-04-12,packaging,minor,1,machine_setting,return_to_supplier,2024-04-15,62.87
NC000003488,NC-2026-0003488,production_order,PRD000050791,P000382,LOT00201266,2026-03-21,electrical,major,14,supplier_material,scrap,2026-03-30,234.83
NC000003489,NC-2026-0003489,production_order,PRD000050793,P000700,LOT00131586,2024-09-03,packaging,major,6,machine_setting,use_as_is,2024-09-13,500.18
NC000003490,NC-2026-0003490,production_order,PRD000050825,P000044,LOT00237236,2025-12-03,surface_finish,major,6,process_variation,rework,2025-12-31,953.21
NC000003491,NC-2026-0003491,production_order,PRD000050832,P000003,LOT00114162,2025-11-24,dimensional,critical,3,machine_setting,use_as_is,2025-11-26,369.38
NC000003492,NC-2026-0003492,production_order,PRD000050833,P000641,LOT00136574,2026-03-16,dimensional,critical,6,supplier_material,scrap,2026-04-10,322.56
NC000003493,NC-2026-0003493,production_order,PRD000050845,P000149,LOT00081402,2025-01-27,electrical,minor,2,design_tolerance,rework,2025-02-12,142.93
NC000003494,NC-2026-0003494,production_order,PRD000050874,P000879,LOT00102014,2024-10-24,electrical,minor,9,supplier_material,use_as_is,2024-11-13,348.91
NC000003495,NC-2026-0003495,production_order,PRD000050881,P000709,LOT00034109,2025-09-28,electrical,minor,8,process_variation,return_to_supplier,2025-10-03,510.05
NC000003496,NC-2026-0003496,production_order,PRD000050900,P000102,LOT00164031,2026-03-26,functional,minor,9,machine_setting,use_as_is,2026-04-20,1635.66
NC000003497,NC-2026-0003497,production_order,PRD000050933,P000371,LOT00038188,2025-06-23,packaging,minor,1,design_tolerance,use_as_is,2025-07-08,0.0
NC000003498,NC-2026-0003498,production_order,PRD000050934,P000548,LOT00239163,2024-02-17,dimensional,critical,7,machine_setting,rework,2024-02-29,359.99
NC000003499,NC-2026-0003499,production_order,PRD000050940,P000165,LOT00235001,2025-04-27,surface_finish,minor,1,supplier_material,scrap,2025-05-09,40.24
NC000003500,NC-2026-0003500,production_order,PRD000050949,P000272,LOT00240073,2024-08-15,dimensional,critical,5,process_variation,use_as_is,2024-09-05,133.79
NC000003501,NC-2026-0003501,production_order,PRD000050950,P000948,LOT00064495,2024-03-18,dimensional,major,12,machine_setting,return_to_supplier,2024-04-08,95.64
NC000003502,NC-2026-0003502,production_order,PRD000050971,P000279,LOT00147341,2024-03-14,functional,major,9,process_variation,rework,2024-03-25,216.2
NC000003503,NC-2026-0003503,production_order,PRD000050975,P000705,LOT00109005,2025-04-02,dimensional,critical,8,process_variation,use_as_is,2025-04-05,235.34
NC000003504,NC-2026-0003504,production_order,PRD000051004,P000355,LOT00011307,2025-01-30,dimensional,minor,2,operator_error,rework,2025-02-18,26.37
NC000003505,NC-2026-0003505,production_order,PRD000051013,P000372,LOT00036612,2026-09-14,dimensional,critical,2,supplier_material,rework,2026-09-19,265.5
NC000003506,NC-2026-0003506,production_order,PRD000051022,P000422,LOT00229719,2026-09-18,functional,major,1,operator_error,scrap,2026-10-07,70.23
NC000003507,NC-2026-0003507,production_order,PRD000051051,P000190,LOT00189930,2025-03-31,electrical,minor,1,process_variation,scrap,2025-04-06,60.21
NC000003508,NC-2026-0003508,production_order,PRD000051052,P000693,LOT00095141,2024-06-11,packaging,major,1,machine_setting,return_to_supplier,2024-07-02,27.69
NC000003509,NC-2026-0003509,production_order,PRD000051087,P000632,LOT00205506,2024-05-26,packaging,minor,1,design_tolerance,use_as_is,2024-06-07,127.36
NC000003510,NC-2026-0003510,production_order,PRD000051088,P000689,LOT00123875,2026-04-29,functional,minor,5,process_variation,return_to_supplier,2026-05-13,217.28
NC000003511,NC-2026-0003511,production_order,PRD000051099,P000545,LOT00062905,2024-02-14,dimensional,minor,2,supplier_material,rework,2024-02-18,120.69
NC000003512,NC-2026-0003512,production_order,PRD000051104,P000376,LOT00249523,2026-07-01,functional,minor,5,operator_error,rework,2026-07-26,72.94
NC000003513,NC-2026-0003513,production_order,PRD000051123,P000832,LOT00144288,2025-01-02,electrical,major,2,machine_setting,scrap,2025-01-24,55.27
NC000003514,NC-2026-0003514,production_order,PRD000051212,P000177,LOT00111641,2024-06-07,functional,major,2,process_variation,rework,2024-06-20,23.15
NC000003515,NC-2026-0003515,production_order,PRD000051244,P000187,LOT00212849,2026-05-21,functional,minor,5,operator_error,scrap,2026-05-29,427.54
NC000003516,NC-2026-0003516,production_order,PRD000051273,P000733,LOT00248219,2025-02-06,surface_finish,major,7,operator_error,use_as_is,2025-03-06,874.38
NC000003517,NC-2026-0003517,production_order,PRD000051321,P000473,LOT00099162,2024-09-15,packaging,major,5,process_variation,rework,2024-10-08,134.82
NC000003518,NC-2026-0003518,production_order,PRD000051322,P000371,LOT00233434,2024-05-11,packaging,major,12,operator_error,scrap,2024-06-10,750.38
NC000003519,NC-2026-0003519,production_order,PRD000051336,P000580,LOT00162418,2025-10-31,functional,minor,1,design_tolerance,scrap,2025-11-25,12.71
NC000003520,NC-2026-0003520,production_order,PRD000051337,P000413,LOT00159609,2024-09-15,surface_finish,major,1,operator_error,scrap,2024-10-08,78.2
NC000003521,NC-2026-0003521,production_order,PRD000051344,P000878,LOT00226489,2025-06-16,dimensional,minor,8,process_variation,return_to_supplier,2025-07-08,744.42
NC000003522,NC-2026-0003522,production_order,PRD000051367,P000111,LOT00182945,2025-02-13,surface_finish,major,3,supplier_material,rework,2025-03-01,330.59
NC000003523,NC-2026-0003523,production_order,PRD000051401,P000448,LOT00134081,2025-03-11,functional,minor,1,operator_error,rework,2025-03-16,14.85
NC000003524,NC-2026-0003524,production_order,PRD000051442,P000061,LOT00075712,2025-04-26,electrical,major,2,process_variation,use_as_is,2025-05-09,102.7
NC000003525,NC-2026-0003525,production_order,PRD000051448,P000304,LOT00076836,2026-03-20,surface_finish,minor,2,process_variation,scrap,2026-04-15,130.74
NC000003526,NC-2026-0003526,production_order,PRD000051450,P000509,LOT00086160,2024-07-26,surface_finish,major,2,machine_setting,return_to_supplier,2024-07-31,113.69
NC000003527,NC-2026-0003527,production_order,PRD000051463,P000007,LOT00199987,2024-11-04,electrical,critical,12,process_variation,rework,2024-12-03,1507.08
NC000003528,NC-2026-0003528,production_order,PRD000051480,P000638,LOT00221829,2026-03-21,surface_finish,minor,1,operator_error,rework,2026-04-14,45.07
NC000003529,NC-2026-0003529,production_order,PRD000051511,P000048,LOT00060259,2024-12-21,packaging,minor,4,machine_setting,return_to_supplier,2025-01-13,96.7
NC000003530,NC-2026-0003530,production_order,PRD000051512,P000364,LOT00086147,2026-04-28,electrical,major,3,machine_setting,rework,2026-05-26,103.9
NC000003531,NC-2026-0003531,production_order,PRD000051522,P000334,LOT00030227,2026-03-17,dimensional,major,4,operator_error,rework,2026-04-16,475.18
NC000003532,NC-2026-0003532,production_order,PRD000051533,P000534,LOT00042655,2026-06-30,electrical,minor,1,machine_setting,scrap,2026-07-26,77.61
NC000003533,NC-2026-0003533,production_order,PRD000051544,P000356,LOT00140145,2026-06-13,packaging,critical,2,machine_setting,use_as_is,2026-06-30,241.76
NC000003534,NC-2026-0003534,production_order,PRD000051553,P000429,LOT00139525,2024-09-19,electrical,minor,6,machine_setting,scrap,2024-09-27,498.49
NC000003535,NC-2026-0003535,production_order,PRD000051563,P000481,LOT00035822,2025-11-13,functional,minor,1,supplier_material,rework,2025-12-10,0.0
NC000003536,NC-2026-0003536,production_order,PRD000051566,P000639,LOT00232109,2026-06-12,dimensional,minor,1,design_tolerance,rework,2026-06-30,96.79
NC000003537,NC-2026-0003537,production_order,PRD000051578,P000382,LOT00006088,2024-12-31,functional,minor,1,process_variation,use_as_is,2025-01-11,6.08
NC000003538,NC-2026-0003538,production_order,PRD000051581,P000353,LOT00168328,2024-12-12,packaging,minor,4,machine_setting,rework,2024-12-20,172.93
NC000003539,NC-2026-0003539,production_order,PRD000051590,P000690,LOT00109388,2025-01-11,functional,critical,2,machine_setting,rework,2025-02-06,125.56
NC000003540,NC-2026-0003540,production_order,PRD000051593,P000522,LOT00211846,2024-05-06,dimensional,minor,3,design_tolerance,scrap,2024-05-18,157.25
NC000003541,NC-2026-0003541,production_order,PRD000051611,P000110,LOT00105677,2026-04-05,functional,major,4,machine_setting,rework,2026-04-17,92.26
NC000003542,NC-2026-0003542,production_order,PRD000051615,P000283,LOT00154496,2025-02-07,functional,major,3,process_variation,scrap,2025-02-11,253.55
NC000003543,NC-2026-0003543,production_order,PRD000051628,P000854,LOT00118055,2024-03-11,functional,minor,8,process_variation,use_as_is,2024-03-30,1699.98
NC000003544,NC-2026-0003544,production_order,PRD000051652,P000001,LOT00166547,2026-09-20,functional,critical,7,supplier_material,use_as_is,2026-10-03,2312.55
NC000003545,NC-2026-0003545,production_order,PRD000051691,P000926,LOT00227377,2025-04-11,surface_finish,major,6,machine_setting,use_as_is,2025-05-11,136.51
NC000003546,NC-2026-0003546,production_order,PRD000051696,P000466,LOT00043994,2025-04-22,functional,minor,2,machine_setting,scrap,2025-05-09,73.67
NC000003547,NC-2026-0003547,production_order,PRD000051704,P000011,LOT00237534,2024-12-14,dimensional,minor,3,machine_setting,rework,2025-01-09,33.66
NC000003548,NC-2026-0003548,production_order,PRD000051722,P000440,LOT00190570,2026-04-05,packaging,major,7,operator_error,scrap,2026-04-19,379.01
NC000003549,NC-2026-0003549,production_order,PRD000051725,P000079,LOT00143014,2025-02-19,surface_finish,minor,2,machine_setting,rework,2025-03-21,43.23
NC000003550,NC-2026-0003550,production_order,PRD000051820,P000509,LOT00057948,2026-07-02,electrical,minor,8,machine_setting,return_to_supplier,2026-07-05,260.35
NC000003551,NC-2026-0003551,production_order,PRD000051825,P000073,LOT00148620,2026-07-05,dimensional,minor,2,operator_error,rework,2026-07-26,107.06
NC000003552,NC-2026-0003552,production_order,PRD000051849,P000939,LOT00114440,2026-02-09,dimensional,major,7,machine_setting,scrap,2026-02-18,806.88
NC000003553,NC-2026-0003553,production_order,PRD000051850,P000835,LOT00015265,2025-03-03,dimensional,major,2,operator_error,use_as_is,2025-03-28,110.97
NC000003554,NC-2026-0003554,production_order,PRD000051851,P000502,LOT00084730,2025-02-16,electrical,minor,1,machine_setting,rework,2025-02-26,72.45
NC000003555,NC-2026-0003555,production_order,PRD000051868,P000024,LOT00216525,2025-08-10,packaging,minor,6,supplier_material,use_as_is,2025-08-23,280.17
NC000003556,NC-2026-0003556,production_order,PRD000051874,P000858,LOT00034522,2024-11-22,dimensional,major,2,operator_error,rework,2024-12-18,187.46
NC000003557,NC-2026-0003557,production_order,PRD000051890,P000405,LOT00204729,2025-11-15,packaging,major,1,design_tolerance,rework,2025-12-02,54.3
NC000003558,NC-2026-0003558,production_order,PRD000051903,P000608,LOT00198964,2026-01-30,surface_finish,minor,8,supplier_material,rework,2026-02-27,690.09
NC000003559,NC-2026-0003559,production_order,PRD000051935,P000212,LOT00152476,2025-11-02,packaging,minor,7,process_variation,return_to_supplier,2025-12-01,1897.03
NC000003560,NC-2026-0003560,production_order,PRD000051944,P000613,LOT00018242,2024-07-19,packaging,major,4,design_tolerance,use_as_is,2024-08-02,165.12
NC000003561,NC-2026-0003561,production_order,PRD000051983,P000176,LOT00058173,2025-03-18,functional,minor,4,machine_setting,return_to_supplier,2025-03-22,733.16
NC000003562,NC-2026-0003562,production_order,PRD000051991,P000446,LOT00144866,2024-12-03,functional,minor,13,operator_error,rework,2024-12-29,903.53
NC000003563,NC-2026-0003563,production_order,PRD000051994,P000229,LOT00208776,2024-06-13,functional,minor,7,operator_error,rework,2024-07-02,1348.74
NC000003564,NC-2026-0003564,production_order,PRD000052006,P000404,LOT00073204,2024-06-26,functional,major,4,machine_setting,rework,2024-07-22,371.58
NC000003565,NC-2026-0003565,production_order,PRD000052056,P000806,LOT00072203,2025-12-08,functional,major,1,machine_setting,use_as_is,2026-01-02,95.65
NC000003566,NC-2026-0003566,production_order,PRD000052065,P000348,LOT00161284,2025-11-28,functional,major,8,design_tolerance,return_to_supplier,2025-12-15,325.53
NC000003567,NC-2026-0003567,production_order,PRD000052070,P000272,LOT00104313,2025-08-07,surface_finish,minor,10,supplier_material,rework,2025-08-11,703.02
NC000003568,NC-2026-0003568,production_order,PRD000052073,P000168,LOT00061337,2024-08-02,electrical,minor,9,machine_setting,use_as_is,2024-08-17,1155.81
NC000003569,NC-2026-0003569,production_order,PRD000052079,P000242,LOT00186972,2024-10-08,functional,major,3,design_tolerance,rework,2024-10-23,170.23
NC000003570,NC-2026-0003570,production_order,PRD000052092,P000352,LOT00128202,2026-07-12,dimensional,major,3,operator_error,use_as_is,2026-08-01,524.09
NC000003571,NC-2026-0003571,production_order,PRD000052099,P000044,LOT00184704,2026-02-06,electrical,minor,12,process_variation,scrap,2026-02-15,2280.87
NC000003572,NC-2026-0003572,production_order,PRD000052106,P000052,LOT00061272,2025-05-05,electrical,minor,5,process_variation,use_as_is,2025-05-20,239.88
NC000003573,NC-2026-0003573,production_order,PRD000052122,P000862,LOT00192230,2024-08-16,surface_finish,major,2,operator_error,rework,2024-08-27,247.13
NC000003574,NC-2026-0003574,production_order,PRD000052127,P000798,LOT00072070,2026-01-22,dimensional,major,11,machine_setting,rework,2026-02-03,1422.05
NC000003575,NC-2026-0003575,production_order,PRD000052130,P000344,LOT00079635,2024-04-04,dimensional,minor,1,supplier_material,scrap,2024-04-12,117.05
NC000003576,NC-2026-0003576,production_order,PRD000052132,P000912,LOT00039537,2025-12-02,functional,minor,1,operator_error,scrap,2025-12-06,18.37
NC000003577,NC-2026-0003577,production_order,PRD000052178,P000525,LOT00019506,2024-07-03,electrical,critical,8,operator_error,rework,2024-07-08,391.34
NC000003578,NC-2026-0003578,production_order,PRD000052218,P000118,LOT00122165,2026-06-28,electrical,minor,8,process_variation,rework,2026-07-18,202.8
NC000003579,NC-2026-0003579,production_order,PRD000052221,P000339,LOT00157411,2024-07-26,functional,critical,10,process_variation,rework,2024-08-20,1033.55
NC000003580,NC-2026-0003580,production_order,PRD000052233,P000927,LOT00133323,2026-01-10,dimensional,critical,7,design_tolerance,scrap,2026-02-06,443.74
NC000003581,NC-2026-0003581,production_order,PRD000052248,P000407,LOT00050153,2026-04-29,electrical,minor,4,process_variation,use_as_is,2026-05-22,559.69
NC000003582,NC-2026-0003582,production_order,PRD000052256,P000153,LOT00073427,2026-02-17,packaging,major,1,operator_error,rework,2026-03-16,103.29
NC000003583,NC-2026-0003583,production_order,PRD000052266,P000820,LOT00233252,2024-04-14,dimensional,major,3,operator_error,rework,2024-04-24,270.39
NC000003584,NC-2026-0003584,production_order,PRD000052274,P000533,LOT00149039,2024-08-10,surface_finish,critical,2,design_tolerance,scrap,2024-08-20,271.4
NC000003585,NC-2026-0003585,production_order,PRD000052286,P000110,LOT00153304,2024-12-07,functional,minor,4,process_variation,use_as_is,2025-01-04,89.73
NC000003586,NC-2026-0003586,production_order,PRD000052288,P000172,LOT00223072,2024-06-14,dimensional,minor,8,machine_setting,rework,2024-07-02,189.21
NC000003587,NC-2026-0003587,production_order,PRD000052299,P000586,LOT00024286,2024-09-09,electrical,minor,2,supplier_material,scrap,2024-09-16,232.36
NC000003588,NC-2026-0003588,production_order,PRD000052302,P000594,LOT00196708,2025-08-10,dimensional,major,3,machine_setting,scrap,2025-08-14,278.77
NC000003589,NC-2026-0003589,production_order,PRD000052308,P000587,LOT00075791,2026-09-08,electrical,major,5,machine_setting,return_to_supplier,2026-09-25,942.3
NC000003590,NC-2026-0003590,production_order,PRD000052357,P000089,LOT00218032,2024-06-20,packaging,minor,8,process_variation,rework,2024-06-26,1343.0
NC000003591,NC-2026-0003591,production_order,PRD000052358,P000677,LOT00244050,2025-10-12,packaging,critical,10,supplier_material,scrap,2025-11-02,1552.21
NC000003592,NC-2026-0003592,production_order,PRD000052424,P000752,LOT00161404,2024-02-25,dimensional,major,13,supplier_material,use_as_is,2024-03-11,249.17
NC000003593,NC-2026-0003593,production_order,PRD000052434,P000334,LOT00119537,2024-04-06,functional,major,9,machine_setting,use_as_is,2024-04-10,1073.55
NC000003594,NC-2026-0003594,production_order,PRD000052491,P000945,LOT00125189,2024-08-10,surface_finish,minor,6,process_variation,use_as_is,2024-08-20,935.28
NC000003595,NC-2026-0003595,production_order,PRD000052540,P000475,LOT00241314,2024-05-11,electrical,minor,4,operator_error,rework,2024-05-30,1097.54
NC000003596,NC-2026-0003596,production_order,PRD000052567,P000114,LOT00014201,2024-07-20,surface_finish,minor,10,machine_setting,use_as_is,2024-08-11,832.33
NC000003597,NC-2026-0003597,production_order,PRD000052571,P000492,LOT00183386,2026-06-02,functional,minor,3,machine_setting,use_as_is,2026-06-20,199.44
NC000003598,NC-2026-0003598,production_order,PRD000052577,P000936,LOT00027931,2024-08-10,surface_finish,minor,7,design_tolerance,scrap,2024-08-30,278.58
NC000003599,NC-2026-0003599,production_order,PRD000052587,P000571,LOT00070614,2024-04-01,electrical,minor,2,process_variation,rework,2024-04-13,215.4
NC000003600,NC-2026-0003600,production_order,PRD000052594,P000904,LOT00234397,2026-03-14,dimensional,major,6,machine_setting,rework,2026-03-30,1516.16
NC000003601,NC-2026-0003601,production_order,PRD000052602,P000320,LOT00060087,2026-04-06,packaging,major,2,process_variation,rework,2026-05-01,138.53
NC000003602,NC-2026-0003602,production_order,PRD000052618,P000692,LOT00191371,2026-03-13,surface_finish,minor,4,operator_error,scrap,2026-03-25,289.45
NC000003603,NC-2026-0003603,production_order,PRD000052631,P000424,LOT00026680,2026-04-02,surface_finish,major,5,supplier_material,use_as_is,2026-04-25,99.15
NC000003604,NC-2026-0003604,production_order,PRD000052642,P000068,LOT00156207,2024-09-24,surface_finish,minor,2,machine_setting,rework,2024-09-30,95.53
NC000003605,NC-2026-0003605,production_order,PRD000052674,P000542,LOT00146929,2026-03-02,surface_finish,minor,4,process_variation,scrap,2026-03-10,729.85
NC000003606,NC-2026-0003606,production_order,PRD000052679,P000212,LOT00136227,2024-04-06,dimensional,minor,8,supplier_material,scrap,2024-04-09,1249.78
NC000003607,NC-2026-0003607,production_order,PRD000052688,P000410,LOT00149832,2025-07-05,functional,minor,10,operator_error,scrap,2025-08-02,288.23
NC000003608,NC-2026-0003608,production_order,PRD000052699,P000520,LOT00213225,2024-09-29,packaging,major,1,design_tolerance,rework,2024-10-22,57.03
NC000003609,NC-2026-0003609,production_order,PRD000052702,P000141,LOT00052292,2025-05-15,electrical,critical,7,process_variation,return_to_supplier,2025-06-09,137.2
NC000003610,NC-2026-0003610,production_order,PRD000052706,P000644,LOT00196019,2025-08-13,electrical,major,1,supplier_material,rework,2025-08-28,138.09
NC000003611,NC-2026-0003611,production_order,PRD000052722,P000705,LOT00195352,2025-11-12,surface_finish,minor,6,supplier_material,scrap,2025-11-20,691.68
NC000003612,NC-2026-0003612,production_order,PRD000052725,P000605,LOT00207221,2026-03-16,packaging,minor,9,process_variation,use_as_is,2026-04-09,518.62
NC000003613,NC-2026-0003613,production_order,PRD000052747,P000404,LOT00007004,2025-01-17,electrical,minor,12,supplier_material,rework,2025-02-10,1302.57
NC000003614,NC-2026-0003614,production_order,PRD000052750,P000582,LOT00170254,2024-10-01,dimensional,minor,9,process_variation,rework,2024-10-09,1209.22
NC000003615,NC-2026-0003615,production_order,PRD000052785,P000275,LOT00103321,2026-02-25,surface_finish,minor,9,design_tolerance,scrap,2026-03-24,712.65
NC000003616,NC-2026-0003616,production_order,PRD000052806,P000741,LOT00109036,2025-01-15,dimensional,minor,3,operator_error,return_to_supplier,2025-01-21,184.9
NC000003617,NC-2026-0003617,production_order,PRD000052810,P000302,LOT00190233,2024-04-21,functional,major,4,operator_error,rework,2024-05-11,76.73
NC000003618,NC-2026-0003618,production_order,PRD000052818,P000768,LOT00120814,2024-08-16,dimensional,major,2,operator_error,scrap,2024-09-07,173.87
NC000003619,NC-2026-0003619,production_order,PRD000052859,P000393,LOT00100133,2026-01-08,functional,minor,8,process_variation,rework,2026-01-29,2408.08
NC000003620,NC-2026-0003620,production_order,PRD000052866,P000094,LOT00076990,2025-05-28,surface_finish,minor,2,operator_error,scrap,2025-06-07,81.9
NC000003621,NC-2026-0003621,production_order,PRD000052868,P000456,LOT00056827,2024-08-18,electrical,major,11,supplier_material,use_as_is,2024-09-10,1249.07
NC000003622,NC-2026-0003622,production_order,PRD000052881,P000530,LOT00115830,2026-04-25,surface_finish,critical,1,design_tolerance,use_as_is,2026-05-01,29.41
NC000003623,NC-2026-0003623,production_order,PRD000052883,P000731,LOT00030202,2025-09-12,surface_finish,minor,7,machine_setting,rework,2025-09-29,843.93
NC000003624,NC-2026-0003624,production_order,PRD000052895,P000020,LOT00046531,2025-03-16,functional,minor,2,process_variation,scrap,2025-04-06,56.35
NC000003625,NC-2026-0003625,production_order,PRD000052905,P000196,LOT00166218,2025-06-22,functional,major,1,process_variation,rework,2025-06-25,30.99
NC000003626,NC-2026-0003626,production_order,PRD000052911,P000244,LOT00074326,2026-06-07,electrical,major,1,machine_setting,scrap,2026-06-17,0.0
NC000003627,NC-2026-0003627,production_order,PRD000052922,P000821,LOT00152781,2025-08-26,dimensional,minor,1,operator_error,rework,2025-09-16,128.22
NC000003628,NC-2026-0003628,production_order,PRD000052929,P000895,LOT00176511,2025-01-07,surface_finish,critical,3,machine_setting,rework,2025-01-10,222.4
NC000003629,NC-2026-0003629,production_order,PRD000052930,P000795,LOT00172690,2024-01-30,packaging,major,7,supplier_material,rework,2024-02-03,279.02
NC000003630,NC-2026-0003630,production_order,PRD000052996,P000300,LOT00218507,2024-12-03,electrical,major,3,machine_setting,scrap,2024-12-14,318.03
NC000003631,NC-2026-0003631,production_order,PRD000052999,P000337,LOT00203330,2024-05-08,dimensional,minor,10,supplier_material,return_to_supplier,2024-05-25,172.47
NC000003632,NC-2026-0003632,production_order,PRD000053002,P000467,LOT00028131,2026-07-13,dimensional,minor,3,operator_error,scrap,2026-07-21,79.24
NC000003633,NC-2026-0003633,production_order,PRD000053005,P000318,LOT00062497,2026-02-01,electrical,critical,3,design_tolerance,scrap,2026-02-06,143.35
NC000003634,NC-2026-0003634,production_order,PRD000053026,P000019,LOT00191834,2024-11-20,functional,major,1,machine_setting,scrap,2024-11-29,327.41
NC000003635,NC-2026-0003635,production_order,PRD000053038,P000117,LOT00239760,2025-02-09,packaging,minor,2,supplier_material,rework,2025-03-08,81.51
NC000003636,NC-2026-0003636,production_order,PRD000053073,P000035,LOT00036100,2025-01-08,electrical,minor,5,process_variation,rework,2025-01-10,800.4
NC000003637,NC-2026-0003637,production_order,PRD000053102,P000063,LOT00001750,2026-08-19,packaging,minor,14,operator_error,use_as_is,2026-09-06,294.59
NC000003638,NC-2026-0003638,production_order,PRD000053138,P000039,LOT00066188,2025-04-30,functional,critical,1,machine_setting,return_to_supplier,2025-05-11,0.0
NC000003639,NC-2026-0003639,production_order,PRD000053142,P000468,LOT00128259,2024-09-19,electrical,critical,3,machine_setting,rework,2024-09-27,358.84
NC000003640,NC-2026-0003640,production_order,PRD000053154,P000114,LOT00104734,2024-04-01,dimensional,minor,4,machine_setting,rework,2024-04-13,79.32
NC000003641,NC-2026-0003641,production_order,PRD000053155,P000774,LOT00022314,2024-03-04,surface_finish,critical,5,operator_error,rework,2024-03-25,130.2
NC000003642,NC-2026-0003642,production_order,PRD000053173,P000797,LOT00237392,2026-09-29,functional,minor,11,operator_error,rework,2026-10-29,175.44
NC000003643,NC-2026-0003643,production_order,PRD000053206,P000852,LOT00186411,2024-05-12,functional,major,2,process_variation,return_to_supplier,2024-06-05,59.2
NC000003644,NC-2026-0003644,production_order,PRD000053223,P000195,LOT00036805,2026-08-21,dimensional,critical,6,design_tolerance,rework,2026-08-30,219.66
NC000003645,NC-2026-0003645,production_order,PRD000053244,P000093,LOT00230262,2024-10-19,surface_finish,major,3,supplier_material,scrap,2024-11-03,205.77
NC000003646,NC-2026-0003646,production_order,PRD000053255,P000947,LOT00046413,2024-11-05,surface_finish,major,2,operator_error,rework,2024-11-20,800.32
NC000003647,NC-2026-0003647,production_order,PRD000053266,P000786,LOT00174846,2025-09-19,packaging,minor,2,supplier_material,rework,2025-10-19,35.74
NC000003648,NC-2026-0003648,production_order,PRD000053267,P000861,LOT00184968,2026-03-09,dimensional,major,1,process_variation,return_to_supplier,2026-03-24,186.51
NC000003649,NC-2026-0003649,production_order,PRD000053279,P000615,LOT00047896,2026-07-17,electrical,major,5,design_tolerance,scrap,2026-07-24,318.95
NC000003650,NC-2026-0003650,production_order,PRD000053294,P000747,LOT00153330,2026-03-01,functional,minor,1,machine_setting,rework,2026-03-03,26.24
NC000003651,NC-2026-0003651,production_order,PRD000053351,P000130,LOT00192160,2026-01-01,dimensional,minor,1,process_variation,scrap,2026-01-17,0.0
NC000003652,NC-2026-0003652,production_order,PRD000053371,P000854,LOT00176898,2024-08-29,surface_finish,minor,9,design_tolerance,rework,2024-09-18,918.63
NC000003653,NC-2026-0003653,production_order,PRD000053384,P000943,LOT00039259,2026-09-03,surface_finish,minor,1,machine_setting,use_as_is,2026-09-28,0.0
NC000003654,NC-2026-0003654,production_order,PRD000053414,P000288,LOT00100977,2025-07-16,surface_finish,minor,2,operator_error,use_as_is,2025-08-09,126.78
NC000003655,NC-2026-0003655,production_order,PRD000053444,P000034,LOT00063673,2026-06-04,dimensional,critical,1,process_variation,use_as_is,2026-06-07,187.12
NC000003656,NC-2026-0003656,production_order,PRD000053473,P000907,LOT00063112,2026-09-13,electrical,major,2,supplier_material,rework,2026-10-08,143.21
NC000003657,NC-2026-0003657,production_order,PRD000053478,P000330,LOT00065186,2025-12-28,electrical,minor,3,process_variation,use_as_is,2026-01-20,255.68
NC000003658,NC-2026-0003658,production_order,PRD000053506,P000757,LOT00135639,2024-03-04,surface_finish,minor,2,design_tolerance,use_as_is,2024-03-18,82.46
NC000003659,NC-2026-0003659,production_order,PRD000053516,P000405,LOT00064103,2026-09-20,packaging,critical,3,machine_setting,rework,2026-10-01,183.89
NC000003660,NC-2026-0003660,production_order,PRD000053525,P000488,LOT00045429,2024-10-15,surface_finish,major,9,design_tolerance,rework,2024-11-08,101.74
NC000003661,NC-2026-0003661,production_order,PRD000053528,P000584,LOT00043353,2026-03-09,dimensional,minor,3,operator_error,scrap,2026-03-11,130.45
NC000003662,NC-2026-0003662,production_order,PRD000053558,P000745,LOT00052346,2024-04-02,functional,minor,1,process_variation,return_to_supplier,2024-04-17,47.65
NC000003663,NC-2026-0003663,production_order,PRD000053561,P000198,LOT00217779,2024-05-01,electrical,major,9,design_tolerance,use_as_is,2024-05-09,686.39
NC000003664,NC-2026-0003664,production_order,PRD000053567,P000312,LOT00055369,2026-03-20,functional,minor,5,supplier_material,use_as_is,2026-04-17,404.07
NC000003665,NC-2026-0003665,production_order,PRD000053577,P000270,LOT00172118,2024-12-04,surface_finish,major,10,design_tolerance,scrap,2024-12-08,318.59
NC000003666,NC-2026-0003666,production_order,PRD000053583,P000705,LOT00034853,2024-09-14,surface_finish,minor,3,operator_error,use_as_is,2024-10-07,149.5
NC000003667,NC-2026-0003667,production_order,PRD000053590,P000195,LOT00175116,2024-05-14,functional,major,2,process_variation,rework,2024-05-18,278.34
NC000003668,NC-2026-0003668,production_order,PRD000053598,P000321,LOT00023961,2024-10-17,surface_finish,minor,9,process_variation,rework,2024-10-20,251.94
NC000003669,NC-2026-0003669,production_order,PRD000053601,P000618,LOT00182643,2025-04-23,functional,critical,7,machine_setting,rework,2025-05-09,609.21
NC000003670,NC-2026-0003670,production_order,PRD000053614,P000455,LOT00244247,2025-06-13,functional,critical,2,design_tolerance,scrap,2025-06-23,311.53
NC000003671,NC-2026-0003671,production_order,PRD000053617,P000639,LOT00154548,2024-07-27,dimensional,major,12,operator_error,rework,2024-08-26,483.96
NC000003672,NC-2026-0003672,production_order,PRD000053621,P000286,LOT00129671,2025-08-10,packaging,minor,4,operator_error,use_as_is,2025-09-03,126.93
NC000003673,NC-2026-0003673,production_order,PRD000053624,P000099,LOT00215522,2025-01-10,functional,minor,9,operator_error,return_to_supplier,2025-01-15,556.18
NC000003674,NC-2026-0003674,production_order,PRD000053628,P000319,LOT00099670,2024-10-29,dimensional,major,5,operator_error,scrap,2024-11-06,139.98
NC000003675,NC-2026-0003675,production_order,PRD000053636,P000422,LOT00070428,2026-08-16,surface_finish,critical,3,machine_setting,rework,2026-09-05,419.59
NC000003676,NC-2026-0003676,production_order,PRD000053656,P000800,LOT00173387,2025-02-11,electrical,minor,5,supplier_material,rework,2025-02-22,240.02
NC000003677,NC-2026-0003677,production_order,PRD000053659,P000570,LOT00133751,2025-12-17,packaging,major,5,supplier_material,use_as_is,2026-01-08,1442.27
NC000003678,NC-2026-0003678,production_order,PRD000053668,P000125,LOT00240062,2026-06-23,electrical,major,1,machine_setting,rework,2026-07-06,40.54
NC000003679,NC-2026-0003679,production_order,PRD000053679,P000037,LOT00088580,2024-11-05,packaging,major,1,design_tolerance,return_to_supplier,2024-11-29,0.0
NC000003680,NC-2026-0003680,production_order,PRD000053681,P000877,LOT00130213,2024-08-24,functional,major,4,machine_setting,rework,2024-09-18,177.23
NC000003681,NC-2026-0003681,production_order,PRD000053707,P000136,LOT00002299,2025-06-02,electrical,major,4,design_tolerance,rework,2025-06-25,1282.61
NC000003682,NC-2026-0003682,production_order,PRD000053709,P000948,LOT00042901,2024-07-31,dimensional,minor,7,process_variation,use_as_is,2024-08-25,81.71
NC000003683,NC-2026-0003683,production_order,PRD000053713,P000822,LOT00233975,2026-09-21,functional,minor,1,supplier_material,rework,2026-10-16,40.68
NC000003684,NC-2026-0003684,production_order,PRD000053732,P000726,LOT00105094,2024-02-13,surface_finish,minor,5,operator_error,use_as_is,2024-03-06,731.58
NC000003685,NC-2026-0003685,production_order,PRD000053747,P000271,LOT00242734,2025-02-04,dimensional,critical,4,design_tolerance,rework,2025-02-09,304.17
NC000003686,NC-2026-0003686,production_order,PRD000053748,P000486,LOT00111272,2026-08-26,packaging,minor,3,supplier_material,return_to_supplier,2026-08-31,109.04
NC000003687,NC-2026-0003687,production_order,PRD000053768,P000324,LOT00169238,2026-03-18,functional,critical,1,operator_error,rework,2026-03-29,66.83
NC000003688,NC-2026-0003688,production_order,PRD000053773,P000469,LOT00215092,2026-04-09,electrical,minor,6,process_variation,rework,2026-04-18,126.51
NC000003689,NC-2026-0003689,production_order,PRD000053777,P000600,LOT00041829,2026-02-06,electrical,major,8,machine_setting,rework,2026-02-18,223.23
NC000003690,NC-2026-0003690,production_order,PRD000053781,P000255,LOT00020921,2025-11-23,dimensional,major,5,machine_setting,scrap,2025-11-30,204.16
NC000003691,NC-2026-0003691,production_order,PRD000053808,P000060,LOT00095628,2024-01-17,functional,major,2,process_variation,use_as_is,2024-01-25,46.79
NC000003692,NC-2026-0003692,production_order,PRD000053851,P000784,LOT00148420,2024-03-10,packaging,minor,5,process_variation,use_as_is,2024-03-23,237.84
NC000003693,NC-2026-0003693,production_order,PRD000053869,P000874,LOT00247463,2024-05-17,functional,minor,6,process_variation,use_as_is,2024-06-08,616.93
NC000003694,NC-2026-0003694,production_order,PRD000053895,P000319,LOT00128179,2024-06-09,surface_finish,major,1,design_tolerance,rework,2024-06-17,19.18
NC000003695,NC-2026-0003695,production_order,PRD000053898,P000487,LOT00221117,2025-11-18,electrical,major,4,design_tolerance,rework,2025-11-23,362.22
NC000003696,NC-2026-0003696,production_order,PRD000053900,P000850,LOT00206238,2025-01-25,dimensional,major,12,operator_error,return_to_supplier,2025-01-28,1630.39
NC000003697,NC-2026-0003697,production_order,PRD000053908,P000947,LOT00121707,2024-03-06,dimensional,major,5,operator_error,rework,2024-03-28,479.54
NC000003698,NC-2026-0003698,production_order,PRD000053926,P000506,LOT00096451,2025-11-22,surface_finish,minor,4,process_variation,rework,2025-12-17,94.14
NC000003699,NC-2026-0003699,production_order,PRD000053943,P000883,LOT00069983,2025-09-07,functional,minor,5,process_variation,use_as_is,2025-09-22,285.26
NC000003700,NC-2026-0003700,production_order,PRD000053959,P000113,LOT00149021,2024-05-16,packaging,major,5,supplier_material,rework,2024-05-19,242.87
NC000003701,NC-2026-0003701,production_order,PRD000053960,P000709,LOT00040759,2026-02-01,electrical,minor,3,design_tolerance,return_to_supplier,2026-02-12,44.14
NC000003702,NC-2026-0003702,production_order,PRD000053980,P000291,LOT00058924,2024-09-10,dimensional,minor,2,process_variation,rework,2024-09-19,120.4
NC000003703,NC-2026-0003703,production_order,PRD000054040,P000803,LOT00246939,2025-07-18,packaging,major,2,process_variation,use_as_is,2025-08-07,63.32
NC000003704,NC-2026-0003704,production_order,PRD000054048,P000819,LOT00035052,2026-08-17,functional,minor,3,process_variation,rework,2026-09-12,181.92
NC000003705,NC-2026-0003705,production_order,PRD000054069,P000622,LOT00018723,2025-12-20,electrical,minor,5,supplier_material,scrap,2025-12-27,296.87
NC000003706,NC-2026-0003706,production_order,PRD000054079,P000436,LOT00091465,2025-07-20,packaging,major,14,operator_error,scrap,2025-08-01,1251.45
NC000003707,NC-2026-0003707,production_order,PRD000054083,P000795,LOT00042880,2025-07-16,packaging,minor,4,process_variation,scrap,2025-07-25,107.22
NC000003708,NC-2026-0003708,production_order,PRD000054104,P000160,LOT00051030,2024-04-05,surface_finish,major,6,operator_error,return_to_supplier,2024-04-13,613.12
NC000003709,NC-2026-0003709,production_order,PRD000054108,P000759,LOT00186139,2025-11-27,dimensional,minor,3,operator_error,rework,2025-12-18,86.96
NC000003710,NC-2026-0003710,production_order,PRD000054109,P000851,LOT00125989,2024-11-24,surface_finish,minor,2,design_tolerance,return_to_supplier,2024-12-05,67.39
NC000003711,NC-2026-0003711,production_order,PRD000054150,P000384,LOT00209621,2026-06-12,dimensional,major,2,design_tolerance,rework,2026-07-07,111.1
NC000003712,NC-2026-0003712,production_order,PRD000054158,P000763,LOT00157847,2024-09-26,electrical,major,1,supplier_material,scrap,2024-10-06,9.34
NC000003713,NC-2026-0003713,production_order,PRD000054170,P000470,LOT00242663,2025-02-06,surface_finish,major,11,supplier_material,rework,2025-02-28,381.53
NC000003714,NC-2026-0003714,production_order,PRD000054185,P000854,LOT00121981,2025-09-28,dimensional,major,9,machine_setting,rework,2025-10-03,833.96
NC000003715,NC-2026-0003715,production_order,PRD000054186,P000410,LOT00050437,2026-02-03,surface_finish,minor,3,machine_setting,return_to_supplier,2026-02-19,131.06
NC000003716,NC-2026-0003716,production_order,PRD000054196,P000867,LOT00087943,2025-04-11,surface_finish,minor,1,operator_error,use_as_is,2025-04-24,265.59
NC000003717,NC-2026-0003717,production_order,PRD000054198,P000115,LOT00150691,2024-12-04,functional,minor,4,design_tolerance,use_as_is,2024-12-18,100.9
NC000003718,NC-2026-0003718,production_order,PRD000054208,P000228,LOT00194740,2024-10-21,electrical,minor,3,machine_setting,scrap,2024-10-30,680.82
NC000003719,NC-2026-0003719,production_order,PRD000054213,P000336,LOT00135000,2024-04-10,surface_finish,major,4,supplier_material,scrap,2024-04-13,772.5
NC000003720,NC-2026-0003720,production_order,PRD000054218,P000802,LOT00125140,2024-10-25,functional,major,1,process_variation,rework,2024-11-17,35.06
NC000003721,NC-2026-0003721,production_order,PRD000054228,P000926,LOT00119804,2025-08-15,functional,critical,7,supplier_material,return_to_supplier,2025-08-23,181.15
NC000003722,NC-2026-0003722,production_order,PRD000054234,P000065,LOT00137561,2024-03-31,dimensional,major,1,design_tolerance,scrap,2024-04-06,12.99
NC000003723,NC-2026-0003723,production_order,PRD000054267,P000929,LOT00026042,2026-01-13,functional,critical,1,machine_setting,return_to_supplier,2026-02-07,0.0
NC000003724,NC-2026-0003724,production_order,PRD000054293,P000639,LOT00245060,2024-12-03,dimensional,minor,4,operator_error,return_to_supplier,2024-12-14,114.28
NC000003725,NC-2026-0003725,production_order,PRD000054300,P000661,LOT00240480,2025-02-08,packaging,minor,2,machine_setting,scrap,2025-02-23,92.01
NC000003726,NC-2026-0003726,production_order,PRD000054301,P000492,LOT00197758,2025-09-26,functional,minor,4,supplier_material,use_as_is,2025-10-12,350.85
NC000003727,NC-2026-0003727,production_order,PRD000054307,P000932,LOT00007271,2024-11-23,surface_finish,major,1,supplier_material,use_as_is,2024-12-07,112.68
NC000003728,NC-2026-0003728,production_order,PRD000054313,P000828,LOT00205836,2024-09-14,packaging,minor,2,operator_error,scrap,2024-09-16,472.19
NC000003729,NC-2026-0003729,production_order,PRD000054321,P000638,LOT00130219,2024-07-27,surface_finish,major,2,machine_setting,scrap,2024-08-12,106.18
NC000003730,NC-2026-0003730,production_order,PRD000054326,P000868,LOT00248822,2026-09-19,dimensional,minor,8,process_variation,rework,2026-10-03,801.07
NC000003731,NC-2026-0003731,production_order,PRD000054330,P000531,LOT00115765,2026-08-31,dimensional,critical,2,process_variation,scrap,2026-09-08,56.9
NC000003732,NC-2026-0003732,production_order,PRD000054355,P000485,LOT00142626,2026-06-13,electrical,critical,5,design_tolerance,scrap,2026-07-07,121.71
NC000003733,NC-2026-0003733,production_order,PRD000054422,P000692,LOT00057040,2024-03-26,dimensional,minor,1,operator_error,return_to_supplier,2024-04-07,101.24
NC000003734,NC-2026-0003734,production_order,PRD000054425,P000517,LOT00084423,2026-07-05,surface_finish,minor,4,operator_error,rework,2026-07-20,1082.61
NC000003735,NC-2026-0003735,production_order,PRD000054475,P000300,LOT00077787,2025-04-09,electrical,minor,6,supplier_material,scrap,2025-04-16,1368.08
NC000003736,NC-2026-0003736,production_order,PRD000054491,P000056,LOT00182761,2025-03-09,dimensional,critical,6,supplier_material,return_to_supplier,2025-03-19,313.15
NC000003737,NC-2026-0003737,production_order,PRD000054511,P000746,LOT00000798,2024-05-29,surface_finish,critical,5,operator_error,use_as_is,2024-06-07,283.97
NC000003738,NC-2026-0003738,production_order,PRD000054521,P000514,LOT00059021,2026-02-20,electrical,major,13,process_variation,rework,2026-03-03,1511.68
NC000003739,NC-2026-0003739,production_order,PRD000054532,P000470,LOT00242303,2024-07-01,surface_finish,minor,1,process_variation,use_as_is,2024-07-25,56.89
NC000003740,NC-2026-0003740,production_order,PRD000054534,P000635,LOT00067479,2026-04-01,surface_finish,major,1,operator_error,rework,2026-04-25,0.0
NC000003741,NC-2026-0003741,production_order,PRD000054536,P000453,LOT00242678,2026-03-10,functional,minor,4,supplier_material,rework,2026-04-05,529.34
NC000003742,NC-2026-0003742,production_order,PRD000054545,P000697,LOT00049482,2026-04-30,dimensional,minor,1,process_variation,scrap,2026-05-17,265.75
NC000003743,NC-2026-0003743,production_order,PRD000054546,P000503,LOT00103177,2025-05-28,functional,critical,6,machine_setting,use_as_is,2025-05-31,304.01
NC000003744,NC-2026-0003744,production_order,PRD000054590,P000864,LOT00192345,2024-09-05,packaging,major,9,process_variation,use_as_is,2024-09-18,1470.01
NC000003745,NC-2026-0003745,production_order,PRD000054599,P000123,LOT00206153,2026-08-05,packaging,major,9,process_variation,scrap,2026-08-07,603.08
NC000003746,NC-2026-0003746,production_order,PRD000054620,P000878,LOT00199774,2026-02-09,surface_finish,minor,2,process_variation,use_as_is,2026-02-26,229.98
NC000003747,NC-2026-0003747,production_order,PRD000054631,P000330,LOT00003777,2024-03-31,electrical,major,2,supplier_material,scrap,2024-04-30,108.46
NC000003748,NC-2026-0003748,production_order,PRD000054664,P000272,LOT00213678,2025-03-02,electrical,minor,13,machine_setting,rework,2025-04-01,234.57
NC000003749,NC-2026-0003749,production_order,PRD000054667,P000021,LOT00223371,2025-03-05,electrical,minor,2,design_tolerance,use_as_is,2025-04-02,82.12
NC000003750,NC-2026-0003750,production_order,PRD000054693,P000548,LOT00035154,2025-04-28,functional,minor,4,supplier_material,rework,2025-05-25,188.04
NC000003751,NC-2026-0003751,production_order,PRD000054703,P000195,LOT00081924,2026-06-09,dimensional,minor,1,supplier_material,return_to_supplier,2026-07-01,140.0
NC000003752,NC-2026-0003752,production_order,PRD000054709,P000289,LOT00171952,2024-05-23,dimensional,major,12,machine_setting,rework,2024-06-20,716.6
NC000003753,NC-2026-0003753,production_order,PRD000054731,P000017,LOT00207907,2025-05-27,dimensional,major,1,design_tolerance,use_as_is,2025-06-17,12.13
NC000003754,NC-2026-0003754,production_order,PRD000054776,P000581,LOT00032008,2025-09-16,functional,minor,2,supplier_material,rework,2025-10-01,53.47
NC000003755,NC-2026-0003755,production_order,PRD000054802,P000630,LOT00020623,2024-05-27,dimensional,major,10,operator_error,rework,2024-06-20,3234.78
NC000003756,NC-2026-0003756,production_order,PRD000054822,P000532,LOT00079375,2025-03-25,packaging,major,3,operator_error,rework,2025-04-03,101.79
NC000003757,NC-2026-0003757,production_order,PRD000054861,P000342,LOT00195552,2025-03-05,electrical,critical,3,process_variation,rework,2025-03-07,88.29
NC000003758,NC-2026-0003758,production_order,PRD000054884,P000234,LOT00118919,2025-01-27,functional,major,12,supplier_material,scrap,2025-02-23,2004.07
NC000003759,NC-2026-0003759,production_order,PRD000054956,P000505,LOT00025729,2024-10-24,dimensional,minor,1,process_variation,scrap,2024-11-17,0.0
NC000003760,NC-2026-0003760,production_order,PRD000054960,P000315,LOT00212210,2026-09-04,packaging,minor,2,process_variation,rework,2026-09-15,169.22
NC000003761,NC-2026-0003761,production_order,PRD000054965,P000687,LOT00160092,2025-03-10,dimensional,major,11,machine_setting,rework,2025-04-05,1914.45
NC000003762,NC-2026-0003762,production_order,PRD000054982,P000455,LOT00188578,2025-05-21,packaging,major,5,design_tolerance,use_as_is,2025-06-07,550.66
NC000003763,NC-2026-0003763,production_order,PRD000055001,P000487,LOT00220194,2026-04-20,functional,major,2,operator_error,use_as_is,2026-05-06,144.55
NC000003764,NC-2026-0003764,production_order,PRD000055011,P000622,LOT00191991,2025-04-30,dimensional,major,3,machine_setting,scrap,2025-05-26,332.13
NC000003765,NC-2026-0003765,production_order,PRD000055031,P000318,LOT00025644,2025-08-13,electrical,critical,9,operator_error,rework,2025-09-11,511.94
NC000003766,NC-2026-0003766,production_order,PRD000055032,P000362,LOT00220643,2025-06-25,functional,minor,6,operator_error,rework,2025-07-19,256.96
NC000003767,NC-2026-0003767,production_order,PRD000055048,P000035,LOT00185881,2025-08-15,dimensional,minor,7,design_tolerance,scrap,2025-09-08,1146.86
NC000003768,NC-2026-0003768,production_order,PRD000055050,P000432,LOT00041415,2025-06-22,electrical,major,2,supplier_material,rework,2025-07-04,148.36
NC000003769,NC-2026-0003769,production_order,PRD000055061,P000663,LOT00215345,2026-06-26,dimensional,critical,3,machine_setting,scrap,2026-07-17,137.1
NC000003770,NC-2026-0003770,production_order,PRD000055108,P000743,LOT00143543,2024-09-26,electrical,minor,1,operator_error,scrap,2024-10-09,441.78
NC000003771,NC-2026-0003771,production_order,PRD000055111,P000091,LOT00125235,2025-09-04,dimensional,minor,6,machine_setting,use_as_is,2025-09-27,210.46
NC000003772,NC-2026-0003772,production_order,PRD000055127,P000182,LOT00053970,2024-11-12,functional,major,7,supplier_material,return_to_supplier,2024-11-23,318.77
NC000003773,NC-2026-0003773,production_order,PRD000055131,P000569,LOT00100293,2025-06-09,dimensional,major,9,operator_error,rework,2025-07-08,1905.61
NC000003774,NC-2026-0003774,production_order,PRD000055158,P000621,LOT00084927,2026-01-23,surface_finish,minor,2,process_variation,rework,2026-01-31,171.43
NC000003775,NC-2026-0003775,production_order,PRD000055173,P000065,LOT00160650,2026-01-13,surface_finish,major,13,supplier_material,rework,2026-01-27,359.77
NC000003776,NC-2026-0003776,production_order,PRD000055178,P000688,LOT00236415,2025-02-17,surface_finish,minor,2,operator_error,use_as_is,2025-02-22,51.32
NC000003777,NC-2026-0003777,production_order,PRD000055183,P000266,LOT00235514,2025-12-17,functional,minor,2,process_variation,rework,2026-01-16,631.94
NC000003778,NC-2026-0003778,production_order,PRD000055209,P000440,LOT00008307,2024-11-20,functional,major,12,supplier_material,use_as_is,2024-11-27,1142.55
NC000003779,NC-2026-0003779,production_order,PRD000055210,P000233,LOT00037346,2024-02-24,dimensional,minor,8,machine_setting,rework,2024-03-07,314.14
NC000003780,NC-2026-0003780,production_order,PRD000055222,P000868,LOT00056843,2024-03-06,dimensional,critical,8,process_variation,use_as_is,2024-03-08,824.01
NC000003781,NC-2026-0003781,production_order,PRD000055231,P000386,LOT00162777,2025-05-15,electrical,minor,3,machine_setting,scrap,2025-05-31,278.72
NC000003782,NC-2026-0003782,production_order,PRD000055235,P000126,LOT00042096,2024-03-19,packaging,minor,8,process_variation,rework,2024-04-06,826.7
NC000003783,NC-2026-0003783,production_order,PRD000055237,P000762,LOT00132381,2025-11-07,dimensional,major,5,machine_setting,return_to_supplier,2025-11-27,145.18
NC000003784,NC-2026-0003784,production_order,PRD000055257,P000888,LOT00192571,2026-08-21,dimensional,major,9,operator_error,rework,2026-08-24,669.44
NC000003785,NC-2026-0003785,production_order,PRD000055268,P000034,LOT00103059,2025-06-02,surface_finish,major,8,process_variation,rework,2025-06-23,1193.34
NC000003786,NC-2026-0003786,production_order,PRD000055297,P000256,LOT00211085,2026-08-08,functional,minor,2,operator_error,use_as_is,2026-08-29,42.59
NC000003787,NC-2026-0003787,production_order,PRD000055306,P000489,LOT00022197,2025-04-03,functional,minor,2,operator_error,return_to_supplier,2025-04-19,350.6
NC000003788,NC-2026-0003788,production_order,PRD000055315,P000364,LOT00081757,2026-05-17,functional,minor,1,supplier_material,use_as_is,2026-06-14,24.08
NC000003789,NC-2026-0003789,production_order,PRD000055326,P000755,LOT00081589,2025-02-14,surface_finish,critical,13,operator_error,scrap,2025-02-25,479.83
NC000003790,NC-2026-0003790,production_order,PRD000055327,P000658,LOT00105220,2026-04-12,electrical,minor,4,supplier_material,rework,2026-04-28,520.62
NC000003791,NC-2026-0003791,production_order,PRD000055351,P000541,LOT00083908,2024-03-24,dimensional,critical,6,machine_setting,use_as_is,2024-04-03,1029.42
NC000003792,NC-2026-0003792,production_order,PRD000055355,P000935,LOT00150382,2024-08-28,dimensional,minor,12,machine_setting,use_as_is,2024-08-30,913.84
NC000003793,NC-2026-0003793,production_order,PRD000055378,P000909,LOT00101411,2025-11-23,functional,minor,2,operator_error,rework,2025-12-23,92.25
NC000003794,NC-2026-0003794,production_order,PRD000055389,P000638,LOT00008894,2026-02-15,dimensional,major,6,operator_error,rework,2026-03-12,312.89
NC000003795,NC-2026-0003795,production_order,PRD000055435,P000323,LOT00234925,2026-04-11,functional,critical,8,machine_setting,return_to_supplier,2026-04-26,552.73
NC000003796,NC-2026-0003796,production_order,PRD000055448,P000533,LOT00243915,2025-10-20,functional,minor,9,machine_setting,use_as_is,2025-10-24,996.9
NC000003797,NC-2026-0003797,production_order,PRD000055452,P000600,LOT00217398,2024-04-15,surface_finish,minor,6,machine_setting,scrap,2024-04-22,383.17
NC000003798,NC-2026-0003798,production_order,PRD000055453,P000272,LOT00242301,2024-12-20,electrical,minor,2,machine_setting,return_to_supplier,2024-12-31,41.94
NC000003799,NC-2026-0003799,production_order,PRD000055500,P000606,LOT00050655,2024-05-12,dimensional,minor,1,supplier_material,return_to_supplier,2024-05-15,141.7
NC000003800,NC-2026-0003800,production_order,PRD000055501,P000134,LOT00036975,2025-11-07,surface_finish,major,3,process_variation,rework,2025-11-22,187.13
NC000003801,NC-2026-0003801,production_order,PRD000055504,P000825,LOT00022265,2026-08-19,functional,minor,6,operator_error,scrap,2026-09-07,133.5
NC000003802,NC-2026-0003802,production_order,PRD000055527,P000851,LOT00149134,2026-08-06,functional,minor,3,operator_error,use_as_is,2026-08-17,91.14
NC000003803,NC-2026-0003803,production_order,PRD000055528,P000148,LOT00178514,2024-07-06,dimensional,major,4,machine_setting,use_as_is,2024-07-11,188.59
NC000003804,NC-2026-0003804,production_order,PRD000055536,P000722,LOT00187002,2025-06-20,dimensional,minor,4,design_tolerance,use_as_is,2025-07-03,360.95
NC000003805,NC-2026-0003805,production_order,PRD000055558,P000069,LOT00177782,2026-01-21,surface_finish,minor,5,operator_error,scrap,2026-02-06,102.02
NC000003806,NC-2026-0003806,production_order,PRD000055563,P000214,LOT00081200,2024-02-25,functional,minor,13,design_tolerance,scrap,2024-03-12,1789.58
NC000003807,NC-2026-0003807,production_order,PRD000055574,P000653,LOT00210423,2024-11-07,surface_finish,minor,1,machine_setting,rework,2024-11-15,13.95
NC000003808,NC-2026-0003808,production_order,PRD000055581,P000422,LOT00197155,2025-05-13,surface_finish,minor,2,operator_error,rework,2025-05-31,81.72
NC000003809,NC-2026-0003809,production_order,PRD000055586,P000923,LOT00176891,2025-12-30,surface_finish,minor,4,machine_setting,scrap,2026-01-06,97.06
NC000003810,NC-2026-0003810,production_order,PRD000055589,P000422,LOT00031183,2026-02-23,surface_finish,minor,1,supplier_material,rework,2026-03-24,150.11
NC000003811,NC-2026-0003811,production_order,PRD000055593,P000441,LOT00048914,2025-10-26,surface_finish,minor,13,supplier_material,scrap,2025-11-20,333.77
NC000003812,NC-2026-0003812,production_order,PRD000055595,P000375,LOT00218824,2026-07-02,dimensional,major,11,design_tolerance,scrap,2026-07-16,6371.47
NC000003813,NC-2026-0003813,production_order,PRD000055615,P000887,LOT00059109,2026-03-05,electrical,minor,1,operator_error,return_to_supplier,2026-03-10,0.0
NC000003814,NC-2026-0003814,production_order,PRD000055616,P000279,LOT00101158,2026-03-17,dimensional,major,5,machine_setting,rework,2026-03-29,253.66
NC000003815,NC-2026-0003815,production_order,PRD000055629,P000406,LOT00107871,2025-03-23,functional,major,3,operator_error,rework,2025-03-31,89.51
NC000003816,NC-2026-0003816,production_order,PRD000055650,P000714,LOT00152565,2025-10-19,surface_finish,minor,9,process_variation,scrap,2025-11-05,236.07
NC000003817,NC-2026-0003817,production_order,PRD000055698,P000313,LOT00080914,2025-03-09,packaging,minor,8,machine_setting,rework,2025-03-19,208.55
NC000003818,NC-2026-0003818,production_order,PRD000055699,P000164,LOT00117886,2025-07-23,electrical,minor,13,process_variation,return_to_supplier,2025-08-06,176.73
NC000003819,NC-2026-0003819,production_order,PRD000055718,P000167,LOT00125178,2024-04-24,dimensional,minor,8,supplier_material,rework,2024-04-30,815.48
NC000003820,NC-2026-0003820,production_order,PRD000055743,P000615,LOT00248189,2025-10-04,dimensional,critical,1,operator_error,rework,2025-10-08,59.5
NC000003821,NC-2026-0003821,production_order,PRD000055761,P000414,LOT00127735,2024-01-08,surface_finish,minor,2,machine_setting,use_as_is,2024-02-01,40.07
NC000003822,NC-2026-0003822,production_order,PRD000055775,P000155,LOT00159334,2024-04-09,surface_finish,minor,7,process_variation,return_to_supplier,2024-05-09,862.61
NC000003823,NC-2026-0003823,production_order,PRD000055788,P000922,LOT00079748,2026-06-21,functional,minor,2,machine_setting,rework,2026-07-05,168.75
NC000003824,NC-2026-0003824,production_order,PRD000055799,P000398,LOT00220521,2024-07-02,packaging,minor,4,operator_error,return_to_supplier,2024-07-23,552.58
NC000003825,NC-2026-0003825,production_order,PRD000055812,P000851,LOT00054645,2025-05-17,functional,major,9,machine_setting,scrap,2025-05-25,136.74
NC000003826,NC-2026-0003826,production_order,PRD000055816,P000657,LOT00144124,2025-05-06,functional,minor,11,supplier_material,rework,2025-06-05,561.63
NC000003827,NC-2026-0003827,production_order,PRD000055831,P000553,LOT00134213,2024-05-09,surface_finish,minor,2,supplier_material,rework,2024-06-01,943.04
NC000003828,NC-2026-0003828,production_order,PRD000055837,P000456,LOT00034238,2026-02-06,dimensional,major,4,operator_error,return_to_supplier,2026-02-23,1248.96
NC000003829,NC-2026-0003829,production_order,PRD000055854,P000862,LOT00072890,2026-03-06,functional,critical,2,process_variation,scrap,2026-03-14,287.1
NC000003830,NC-2026-0003830,production_order,PRD000055910,P000936,LOT00053589,2025-11-27,packaging,minor,3,supplier_material,use_as_is,2025-12-14,147.29
NC000003831,NC-2026-0003831,production_order,PRD000055928,P000082,LOT00050647,2024-09-12,dimensional,minor,4,process_variation,use_as_is,2024-09-22,718.05
NC000003832,NC-2026-0003832,production_order,PRD000055931,P000388,LOT00042938,2024-12-01,surface_finish,minor,4,operator_error,rework,2024-12-05,90.31
NC000003833,NC-2026-0003833,production_order,PRD000055966,P000451,LOT00114840,2025-12-01,dimensional,major,5,design_tolerance,scrap,2025-12-31,119.37
NC000003834,NC-2026-0003834,production_order,PRD000055972,P000059,LOT00182898,2026-01-04,electrical,minor,5,machine_setting,rework,2026-01-10,828.79
NC000003835,NC-2026-0003835,production_order,PRD000055982,P000124,LOT00199234,2024-05-18,packaging,minor,13,operator_error,return_to_supplier,2024-06-13,579.52
NC000003836,NC-2026-0003836,production_order,PRD000055998,P000826,LOT00116683,2024-10-10,functional,minor,1,machine_setting,scrap,2024-10-28,367.88
NC000003837,NC-2026-0003837,production_order,PRD000056009,P000244,LOT00063305,2024-01-23,dimensional,major,7,machine_setting,use_as_is,2024-02-01,224.71
NC000003838,NC-2026-0003838,production_order,PRD000056015,P000782,LOT00064071,2025-10-10,electrical,critical,1,design_tolerance,use_as_is,2025-10-14,15.8
NC000003839,NC-2026-0003839,production_order,PRD000056031,P000607,LOT00014126,2025-10-19,packaging,major,1,machine_setting,return_to_supplier,2025-10-23,59.32
NC000003840,NC-2026-0003840,production_order,PRD000056055,P000862,LOT00160789,2025-02-19,surface_finish,minor,4,process_variation,scrap,2025-03-06,567.46
NC000003841,NC-2026-0003841,production_order,PRD000056069,P000140,LOT00163378,2025-02-09,dimensional,minor,7,machine_setting,scrap,2025-02-11,733.66
NC000003842,NC-2026-0003842,production_order,PRD000056083,P000314,LOT00048419,2025-12-04,electrical,major,5,process_variation,rework,2025-12-29,119.22
NC000003843,NC-2026-0003843,production_order,PRD000056089,P000022,LOT00177628,2024-12-29,dimensional,major,4,operator_error,rework,2025-01-18,114.31
NC000003844,NC-2026-0003844,production_order,PRD000056133,P000208,LOT00131622,2026-09-21,electrical,major,2,design_tolerance,rework,2026-09-30,25.28
NC000003845,NC-2026-0003845,production_order,PRD000056135,P000625,LOT00063036,2025-11-03,packaging,minor,1,process_variation,scrap,2025-11-17,111.57
NC000003846,NC-2026-0003846,production_order,PRD000056138,P000444,LOT00217709,2026-01-07,surface_finish,major,4,design_tolerance,rework,2026-01-13,682.48
NC000003847,NC-2026-0003847,production_order,PRD000056141,P000858,LOT00066709,2024-02-16,packaging,minor,2,process_variation,use_as_is,2024-03-12,144.09
NC000003848,NC-2026-0003848,production_order,PRD000056181,P000479,LOT00120811,2026-03-11,dimensional,minor,1,machine_setting,return_to_supplier,2026-04-07,104.43
NC000003849,NC-2026-0003849,production_order,PRD000056186,P000162,LOT00243943,2025-09-03,functional,minor,1,supplier_material,rework,2025-09-12,37.66
NC000003850,NC-2026-0003850,production_order,PRD000056194,P000770,LOT00128301,2026-03-31,electrical,major,3,operator_error,rework,2026-04-21,327.14
NC000003851,NC-2026-0003851,production_order,PRD000056222,P000389,LOT00209110,2026-07-27,surface_finish,major,8,operator_error,rework,2026-08-05,378.33
NC000003852,NC-2026-0003852,production_order,PRD000056231,P000280,LOT00025932,2025-12-03,dimensional,major,11,machine_setting,return_to_supplier,2025-12-30,584.7
NC000003853,NC-2026-0003853,production_order,PRD000056239,P000006,LOT00196217,2024-05-28,functional,major,12,machine_setting,use_as_is,2024-06-06,725.8
NC000003854,NC-2026-0003854,production_order,PRD000056251,P000405,LOT00227193,2026-09-10,functional,major,9,operator_error,use_as_is,2026-09-13,351.11
NC000003855,NC-2026-0003855,production_order,PRD000056259,P000369,LOT00017214,2024-05-07,packaging,minor,1,design_tolerance,rework,2024-05-10,47.56
NC000003856,NC-2026-0003856,production_order,PRD000056310,P000621,LOT00104765,2024-03-26,surface_finish,critical,1,design_tolerance,scrap,2024-04-09,0.0
NC000003857,NC-2026-0003857,production_order,PRD000056320,P000171,LOT00112952,2025-04-04,dimensional,minor,1,process_variation,rework,2025-04-14,0.0
NC000003858,NC-2026-0003858,production_order,PRD000056329,P000689,LOT00094518,2024-11-09,packaging,minor,11,supplier_material,rework,2024-11-20,246.24
NC000003859,NC-2026-0003859,production_order,PRD000056347,P000272,LOT00173684,2025-02-17,functional,minor,2,process_variation,use_as_is,2025-03-02,171.07
NC000003860,NC-2026-0003860,production_order,PRD000056358,P000613,LOT00045843,2025-05-27,surface_finish,major,8,machine_setting,use_as_is,2025-06-20,423.43
NC000003861,NC-2026-0003861,production_order,PRD000056383,P000593,LOT00001408,2024-09-17,dimensional,minor,9,process_variation,use_as_is,2024-09-30,556.83
NC000003862,NC-2026-0003862,production_order,PRD000056404,P000656,LOT00005451,2026-02-01,electrical,major,11,machine_setting,rework,2026-02-14,204.78
NC000003863,NC-2026-0003863,production_order,PRD000056406,P000721,LOT00110281,2025-08-28,surface_finish,minor,1,supplier_material,return_to_supplier,2025-08-30,0.0
NC000003864,NC-2026-0003864,production_order,PRD000056417,P000150,LOT00115435,2026-09-12,functional,minor,1,process_variation,rework,2026-10-04,67.93
NC000003865,NC-2026-0003865,production_order,PRD000056427,P000525,LOT00064868,2025-12-21,dimensional,minor,1,machine_setting,use_as_is,2025-12-31,54.77
NC000003866,NC-2026-0003866,production_order,PRD000056435,P000944,LOT00000992,2025-05-03,dimensional,minor,5,machine_setting,scrap,2025-05-15,208.71
NC000003867,NC-2026-0003867,production_order,PRD000056457,P000299,LOT00218735,2024-06-10,dimensional,major,2,machine_setting,use_as_is,2024-06-16,612.21
NC000003868,NC-2026-0003868,production_order,PRD000056478,P000939,LOT00243068,2025-06-16,dimensional,major,3,machine_setting,scrap,2025-07-14,353.66
NC000003869,NC-2026-0003869,production_order,PRD000056484,P000419,LOT00046901,2024-12-04,packaging,major,3,supplier_material,use_as_is,2024-12-29,91.24
NC000003870,NC-2026-0003870,production_order,PRD000056506,P000127,LOT00094762,2025-09-09,surface_finish,minor,7,operator_error,scrap,2025-10-09,465.73
NC000003871,NC-2026-0003871,production_order,PRD000056513,P000126,LOT00207898,2024-09-01,surface_finish,major,1,process_variation,scrap,2024-09-19,24.3
NC000003872,NC-2026-0003872,production_order,PRD000056543,P000222,LOT00014044,2026-06-19,functional,minor,2,machine_setting,rework,2026-07-04,587.82
NC000003873,NC-2026-0003873,production_order,PRD000056551,P000438,LOT00078668,2025-07-13,surface_finish,major,7,supplier_material,scrap,2025-07-29,749.35
NC000003874,NC-2026-0003874,production_order,PRD000056576,P000235,LOT00142405,2025-03-30,dimensional,major,9,operator_error,rework,2025-04-06,1517.96
NC000003875,NC-2026-0003875,production_order,PRD000056586,P000830,LOT00185915,2025-08-23,surface_finish,minor,7,process_variation,rework,2025-09-06,433.04
NC000003876,NC-2026-0003876,production_order,PRD000056587,P000292,LOT00231320,2026-02-19,functional,critical,10,machine_setting,return_to_supplier,2026-02-23,6126.11
NC000003877,NC-2026-0003877,production_order,PRD000056599,P000847,LOT00206335,2026-06-03,surface_finish,major,6,design_tolerance,rework,2026-07-01,197.17
NC000003878,NC-2026-0003878,production_order,PRD000056624,P000740,LOT00159314,2024-02-08,dimensional,major,2,machine_setting,use_as_is,2024-02-24,125.05
NC000003879,NC-2026-0003879,production_order,PRD000056638,P000767,LOT00195345,2025-05-15,functional,major,10,supplier_material,scrap,2025-05-21,405.8
NC000003880,NC-2026-0003880,production_order,PRD000056662,P000614,LOT00076468,2026-09-10,dimensional,minor,6,supplier_material,scrap,2026-09-26,693.83
NC000003881,NC-2026-0003881,production_order,PRD000056689,P000272,LOT00248435,2025-08-24,electrical,major,8,machine_setting,rework,2025-08-29,303.93
NC000003882,NC-2026-0003882,production_order,PRD000056764,P000735,LOT00107831,2024-05-05,electrical,minor,4,design_tolerance,rework,2024-05-26,195.39
NC000003883,NC-2026-0003883,production_order,PRD000056767,P000767,LOT00163347,2024-05-18,electrical,major,2,process_variation,rework,2024-05-25,204.87
NC000003884,NC-2026-0003884,production_order,PRD000056789,P000318,LOT00126952,2024-02-21,electrical,minor,1,machine_setting,scrap,2024-03-02,70.26
NC000003885,NC-2026-0003885,production_order,PRD000056794,P000779,LOT00015330,2026-01-01,electrical,minor,3,machine_setting,scrap,2026-01-30,400.04
NC000003886,NC-2026-0003886,production_order,PRD000056804,P000417,LOT00207346,2026-08-16,packaging,minor,1,machine_setting,scrap,2026-09-12,23.71
NC000003887,NC-2026-0003887,production_order,PRD000056828,P000361,LOT00073131,2026-08-17,packaging,critical,7,machine_setting,use_as_is,2026-09-07,196.19
NC000003888,NC-2026-0003888,production_order,PRD000056833,P000140,LOT00119069,2026-06-05,packaging,minor,2,machine_setting,scrap,2026-07-01,358.52
NC000003889,NC-2026-0003889,production_order,PRD000056838,P000404,LOT00141929,2025-01-18,functional,major,12,process_variation,scrap,2025-01-29,1225.37
NC000003890,NC-2026-0003890,production_order,PRD000056850,P000017,LOT00226230,2024-06-21,electrical,minor,11,process_variation,scrap,2024-07-09,475.11
NC000003891,NC-2026-0003891,production_order,PRD000056857,P000709,LOT00190908,2024-08-27,dimensional,major,8,process_variation,return_to_supplier,2024-09-11,246.04
NC000003892,NC-2026-0003892,production_order,PRD000056878,P000798,LOT00094887,2024-11-11,electrical,major,1,supplier_material,scrap,2024-11-22,115.76
NC000003893,NC-2026-0003893,production_order,PRD000056887,P000503,LOT00197805,2026-09-12,dimensional,minor,3,supplier_material,return_to_supplier,2026-10-09,403.87
NC000003894,NC-2026-0003894,production_order,PRD000056913,P000124,LOT00160435,2024-02-29,packaging,critical,5,machine_setting,return_to_supplier,2024-03-17,142.29
NC000003895,NC-2026-0003895,production_order,PRD000056939,P000858,LOT00009751,2026-05-06,functional,minor,1,machine_setting,scrap,2026-05-11,76.83
NC000003896,NC-2026-0003896,production_order,PRD000056952,P000928,LOT00024840,2024-12-21,electrical,minor,12,supplier_material,return_to_supplier,2025-01-07,3039.1
NC000003897,NC-2026-0003897,production_order,PRD000056969,P000831,LOT00228933,2025-12-06,electrical,minor,4,supplier_material,use_as_is,2025-12-26,92.19
NC000003898,NC-2026-0003898,production_order,PRD000056980,P000835,LOT00101495,2024-05-27,electrical,minor,10,operator_error,use_as_is,2024-05-31,315.06
NC000003899,NC-2026-0003899,production_order,PRD000056987,P000793,LOT00217519,2025-02-01,packaging,minor,8,supplier_material,rework,2025-02-27,311.85
NC000003900,NC-2026-0003900,production_order,PRD000056989,P000919,LOT00090302,2025-07-08,functional,major,2,operator_error,use_as_is,2025-07-23,59.91
NC000003901,NC-2026-0003901,production_order,PRD000057015,P000718,LOT00226137,2026-07-24,packaging,minor,4,supplier_material,rework,2026-08-22,444.93
NC000003902,NC-2026-0003902,production_order,PRD000057045,P000222,LOT00140035,2024-05-28,dimensional,major,2,supplier_material,rework,2024-06-14,834.44
NC000003903,NC-2026-0003903,production_order,PRD000057051,P000728,LOT00077165,2026-01-16,packaging,major,9,operator_error,use_as_is,2026-01-19,355.62
NC000003904,NC-2026-0003904,production_order,PRD000057078,P000640,LOT00104952,2024-02-20,dimensional,minor,5,design_tolerance,rework,2024-03-12,254.38
NC000003905,NC-2026-0003905,production_order,PRD000057093,P000622,LOT00231356,2026-05-17,dimensional,minor,5,machine_setting,rework,2026-06-15,575.73
NC000003906,NC-2026-0003906,production_order,PRD000057105,P000437,LOT00177817,2024-02-06,surface_finish,minor,10,process_variation,scrap,2024-02-27,1207.09
NC000003907,NC-2026-0003907,production_order,PRD000057130,P000750,LOT00159794,2025-10-22,electrical,minor,3,operator_error,use_as_is,2025-10-25,208.82
NC000003908,NC-2026-0003908,production_order,PRD000057131,P000571,LOT00089238,2025-12-27,packaging,minor,2,machine_setting,use_as_is,2026-01-05,178.45
NC000003909,NC-2026-0003909,production_order,PRD000057133,P000828,LOT00182269,2025-07-01,packaging,major,2,design_tolerance,scrap,2025-07-14,319.28
NC000003910,NC-2026-0003910,production_order,PRD000057142,P000049,LOT00168500,2024-08-01,dimensional,minor,7,process_variation,rework,2024-08-16,790.71
NC000003911,NC-2026-0003911,production_order,PRD000057160,P000743,LOT00226722,2025-04-03,electrical,minor,1,operator_error,use_as_is,2025-04-15,352.61
NC000003912,NC-2026-0003912,production_order,PRD000057164,P000363,LOT00248709,2025-06-27,functional,minor,4,process_variation,return_to_supplier,2025-07-03,360.95
NC000003913,NC-2026-0003913,production_order,PRD000057168,P000086,LOT00242050,2025-09-19,functional,minor,3,supplier_material,return_to_supplier,2025-10-02,177.27
NC000003914,NC-2026-0003914,production_order,PRD000057171,P000357,LOT00134099,2026-02-03,functional,major,7,machine_setting,rework,2026-02-07,121.86
NC000003915,NC-2026-0003915,production_order,PRD000057172,P000821,LOT00183793,2024-04-15,dimensional,minor,2,process_variation,rework,2024-04-23,404.15
NC000003916,NC-2026-0003916,production_order,PRD000057182,P000242,LOT00074254,2026-10-05,electrical,minor,9,machine_setting,rework,2026-10-30,786.12
NC000003917,NC-2026-0003917,production_order,PRD000057199,P000344,LOT00148982,2025-09-19,functional,major,2,supplier_material,rework,2025-10-07,171.27
NC000003918,NC-2026-0003918,production_order,PRD000057207,P000894,LOT00082013,2024-06-12,functional,critical,10,process_variation,rework,2024-06-20,212.69
NC000003919,NC-2026-0003919,production_order,PRD000057222,P000857,LOT00061838,2026-02-16,functional,minor,6,supplier_material,rework,2026-03-14,759.27
NC000003920,NC-2026-0003920,production_order,PRD000057240,P000395,LOT00178942,2025-04-02,functional,minor,3,process_variation,return_to_supplier,2025-04-27,2165.36
NC000003921,NC-2026-0003921,production_order,PRD000057269,P000298,LOT00093854,2026-01-03,dimensional,minor,5,process_variation,scrap,2026-01-26,1131.67
NC000003922,NC-2026-0003922,production_order,PRD000057300,P000674,LOT00119807,2025-09-07,functional,minor,1,supplier_material,use_as_is,2025-09-15,90.68
NC000003923,NC-2026-0003923,production_order,PRD000057308,P000437,LOT00186418,2024-02-02,surface_finish,major,2,supplier_material,scrap,2024-02-23,322.4
NC000003924,NC-2026-0003924,production_order,PRD000057312,P000732,LOT00224974,2024-09-10,packaging,critical,1,supplier_material,rework,2024-09-26,54.04
NC000003925,NC-2026-0003925,production_order,PRD000057366,P000697,LOT00019836,2024-09-19,packaging,major,1,machine_setting,rework,2024-09-24,261.63
NC000003926,NC-2026-0003926,production_order,PRD000057367,P000041,LOT00152005,2024-03-24,packaging,minor,3,process_variation,rework,2024-04-18,136.38
NC000003927,NC-2026-0003927,production_order,PRD000057392,P000103,LOT00039883,2026-06-28,surface_finish,major,1,design_tolerance,scrap,2026-07-26,0.0
NC000003928,NC-2026-0003928,production_order,PRD000057393,P000060,LOT00232405,2026-08-12,electrical,minor,1,machine_setting,scrap,2026-09-11,33.62
NC000003929,NC-2026-0003929,production_order,PRD000057401,P000841,LOT00249050,2025-08-19,dimensional,minor,4,machine_setting,return_to_supplier,2025-09-12,79.73
NC000003930,NC-2026-0003930,production_order,PRD000057403,P000913,LOT00229679,2026-05-29,electrical,major,5,supplier_material,use_as_is,2026-06-03,506.15
NC000003931,NC-2026-0003931,production_order,PRD000057412,P000099,LOT00185189,2025-07-23,functional,minor,6,supplier_material,scrap,2025-08-03,311.61
NC000003932,NC-2026-0003932,production_order,PRD000057414,P000144,LOT00152714,2024-10-15,packaging,major,2,operator_error,return_to_supplier,2024-10-29,180.1
NC000003933,NC-2026-0003933,production_order,PRD000057450,P000361,LOT00194052,2025-11-21,surface_finish,minor,1,process_variation,rework,2025-11-23,37.84
NC000003934,NC-2026-0003934,production_order,PRD000057456,P000684,LOT00195646,2024-08-12,electrical,major,4,operator_error,rework,2024-09-06,1612.65
NC000003935,NC-2026-0003935,production_order,PRD000057466,P000129,LOT00123077,2024-02-28,dimensional,minor,7,process_variation,rework,2024-03-04,133.96
NC000003936,NC-2026-0003936,production_order,PRD000057467,P000932,LOT00005535,2026-03-20,dimensional,minor,1,supplier_material,rework,2026-04-15,0.0
NC000003937,NC-2026-0003937,production_order,PRD000057470,P000103,LOT00247735,2024-01-23,functional,minor,2,process_variation,rework,2024-02-14,148.24
NC000003938,NC-2026-0003938,production_order,PRD000057498,P000265,LOT00217418,2024-04-24,electrical,major,4,process_variation,rework,2024-05-24,593.44
NC000003939,NC-2026-0003939,production_order,PRD000057505,P000463,LOT00200892,2025-08-30,packaging,minor,9,operator_error,rework,2025-09-10,2436.5
NC000003940,NC-2026-0003940,production_order,PRD000057513,P000117,LOT00126023,2025-10-21,surface_finish,minor,4,process_variation,rework,2025-10-28,233.77
NC000003941,NC-2026-0003941,production_order,PRD000057526,P000477,LOT00215422,2026-03-08,packaging,minor,2,operator_error,use_as_is,2026-03-23,197.6
NC000003942,NC-2026-0003942,production_order,PRD000057530,P000297,LOT00076019,2026-02-17,dimensional,major,3,process_variation,rework,2026-03-13,452.79
NC000003943,NC-2026-0003943,production_order,PRD000057537,P000547,LOT00240064,2025-04-05,functional,major,3,machine_setting,rework,2025-04-10,800.84
NC000003944,NC-2026-0003944,production_order,PRD000057541,P000721,LOT00091498,2026-01-19,functional,minor,4,machine_setting,scrap,2026-02-15,180.86
NC000003945,NC-2026-0003945,production_order,PRD000057554,P000736,LOT00228672,2025-08-10,dimensional,major,4,design_tolerance,rework,2025-08-12,162.54
NC000003946,NC-2026-0003946,production_order,PRD000057556,P000189,LOT00174053,2026-06-30,dimensional,major,3,supplier_material,rework,2026-07-27,134.01
NC000003947,NC-2026-0003947,production_order,PRD000057574,P000039,LOT00062388,2025-01-27,electrical,minor,12,supplier_material,return_to_supplier,2025-02-22,5879.5
NC000003948,NC-2026-0003948,production_order,PRD000057581,P000834,LOT00008337,2025-07-17,surface_finish,minor,2,process_variation,rework,2025-08-08,72.33
NC000003949,NC-2026-0003949,production_order,PRD000057596,P000585,LOT00211980,2025-02-13,dimensional,critical,3,supplier_material,rework,2025-03-12,186.84
NC000003950,NC-2026-0003950,production_order,PRD000057610,P000014,LOT00051498,2025-03-11,packaging,minor,12,machine_setting,use_as_is,2025-04-07,389.09
NC000003951,NC-2026-0003951,production_order,PRD000057611,P000657,LOT00188643,2026-02-04,dimensional,major,2,supplier_material,return_to_supplier,2026-02-11,50.46
NC000003952,NC-2026-0003952,production_order,PRD000057627,P000218,LOT00130746,2025-11-29,surface_finish,minor,1,process_variation,return_to_supplier,2025-12-09,47.44
NC000003953,NC-2026-0003953,production_order,PRD000057644,P000709,LOT00053910,2026-02-16,packaging,critical,8,process_variation,rework,2026-02-20,183.7
NC000003954,NC-2026-0003954,production_order,PRD000057645,P000563,LOT00033135,2024-10-26,packaging,critical,3,machine_setting,rework,2024-11-02,341.55
NC000003955,NC-2026-0003955,production_order,PRD000057685,P000585,LOT00054210,2025-09-16,surface_finish,minor,1,operator_error,return_to_supplier,2025-10-05,44.66
NC000003956,NC-2026-0003956,production_order,PRD000057699,P000383,LOT00144865,2026-02-09,surface_finish,minor,3,process_variation,rework,2026-02-24,479.31
NC000003957,NC-2026-0003957,production_order,PRD000057705,P000355,LOT00048568,2024-09-19,packaging,major,4,operator_error,rework,2024-10-01,72.97
NC000003958,NC-2026-0003958,production_order,PRD000057721,P000821,LOT00099329,2025-10-26,electrical,major,10,supplier_material,rework,2025-11-11,2112.93
NC000003959,NC-2026-0003959,production_order,PRD000057725,P000838,LOT00012106,2024-04-06,dimensional,major,7,operator_error,rework,2024-04-24,1125.28
NC000003960,NC-2026-0003960,production_order,PRD000057728,P000423,LOT00210610,2024-01-22,electrical,minor,1,process_variation,rework,2024-02-16,76.19
NC000003961,NC-2026-0003961,production_order,PRD000057751,P000550,LOT00054633,2025-06-03,functional,critical,3,machine_setting,return_to_supplier,2025-06-27,336.82
NC000003962,NC-2026-0003962,production_order,PRD000057755,P000264,LOT00130619,2026-04-12,surface_finish,minor,1,machine_setting,return_to_supplier,2026-05-11,0.0
NC000003963,NC-2026-0003963,production_order,PRD000057769,P000189,LOT00155138,2025-02-28,functional,major,8,operator_error,rework,2025-03-05,153.0
NC000003964,NC-2026-0003964,production_order,PRD000057773,P000273,LOT00149104,2024-07-01,surface_finish,minor,1,process_variation,use_as_is,2024-07-16,80.79
NC000003965,NC-2026-0003965,production_order,PRD000057779,P000408,LOT00029110,2024-09-06,functional,minor,2,machine_setting,rework,2024-10-02,317.65
NC000003966,NC-2026-0003966,production_order,PRD000057802,P000107,LOT00080258,2025-04-22,electrical,critical,13,design_tolerance,rework,2025-05-11,653.1
NC000003967,NC-2026-0003967,production_order,PRD000057808,P000370,LOT00188241,2026-03-29,dimensional,critical,2,operator_error,scrap,2026-04-03,187.92
NC000003968,NC-2026-0003968,production_order,PRD000057831,P000372,LOT00213800,2024-05-11,dimensional,minor,3,machine_setting,return_to_supplier,2024-06-09,339.49
NC000003969,NC-2026-0003969,production_order,PRD000057838,P000791,LOT00182840,2026-05-03,surface_finish,minor,10,process_variation,rework,2026-05-31,811.49
NC000003970,NC-2026-0003970,production_order,PRD000057860,P000494,LOT00074209,2024-10-31,functional,minor,10,process_variation,rework,2024-11-03,653.06
NC000003971,NC-2026-0003971,production_order,PRD000057863,P000101,LOT00036602,2024-07-15,surface_finish,major,4,design_tolerance,rework,2024-08-13,350.04
NC000003972,NC-2026-0003972,production_order,PRD000057864,P000402,LOT00085417,2025-02-19,functional,minor,5,process_variation,use_as_is,2025-02-28,353.75
NC000003973,NC-2026-0003973,production_order,PRD000057882,P000063,LOT00206244,2026-08-03,surface_finish,minor,11,supplier_material,rework,2026-08-25,446.73
NC000003974,NC-2026-0003974,production_order,PRD000057909,P000524,LOT00243534,2024-10-16,packaging,minor,8,process_variation,rework,2024-11-02,255.01
NC000003975,NC-2026-0003975,production_order,PRD000057911,P000647,LOT00118548,2026-02-26,electrical,minor,11,operator_error,rework,2026-03-20,174.55
NC000003976,NC-2026-0003976,production_order,PRD000057935,P000400,LOT00211439,2026-04-16,surface_finish,minor,7,operator_error,scrap,2026-05-12,1136.04
NC000003977,NC-2026-0003977,production_order,PRD000057950,P000341,LOT00036110,2024-02-17,surface_finish,minor,5,machine_setting,return_to_supplier,2024-02-29,626.69
NC000003978,NC-2026-0003978,production_order,PRD000057965,P000334,LOT00127759,2024-05-14,dimensional,major,2,machine_setting,return_to_supplier,2024-05-31,209.83
NC000003979,NC-2026-0003979,production_order,PRD000057975,P000833,LOT00191958,2026-04-22,packaging,major,2,process_variation,scrap,2026-04-28,32.74
NC000003980,NC-2026-0003980,production_order,PRD000057982,P000915,LOT00014804,2026-06-21,dimensional,critical,6,supplier_material,rework,2026-07-15,1317.27
NC000003981,NC-2026-0003981,production_order,PRD000058000,P000746,LOT00073155,2024-09-25,dimensional,minor,5,machine_setting,scrap,2024-10-05,550.94
NC000003982,NC-2026-0003982,production_order,PRD000058015,P000622,LOT00054184,2024-08-02,functional,major,2,supplier_material,rework,2024-08-29,413.63
NC000003983,NC-2026-0003983,production_order,PRD000058022,P000666,LOT00129256,2024-03-08,surface_finish,critical,4,machine_setting,return_to_supplier,2024-03-12,94.74
NC000003984,NC-2026-0003984,production_order,PRD000058051,P000528,LOT00244706,2024-05-03,dimensional,minor,2,supplier_material,use_as_is,2024-05-28,104.05
NC000003985,NC-2026-0003985,production_order,PRD000058084,P000739,LOT00231477,2024-11-12,functional,major,8,operator_error,rework,2024-12-02,1209.21
NC000003986,NC-2026-0003986,production_order,PRD000058089,P000011,LOT00078628,2026-07-24,electrical,minor,4,process_variation,scrap,2026-08-23,138.28
NC000003987,NC-2026-0003987,production_order,PRD000058093,P000078,LOT00161190,2024-09-24,surface_finish,minor,1,design_tolerance,rework,2024-10-12,19.01
NC000003988,NC-2026-0003988,production_order,PRD000058110,P000478,LOT00082487,2024-11-29,dimensional,major,7,design_tolerance,use_as_is,2024-12-25,506.81
NC000003989,NC-2026-0003989,production_order,PRD000058114,P000449,LOT00057332,2026-07-07,dimensional,major,11,supplier_material,rework,2026-07-15,866.99
NC000003990,NC-2026-0003990,production_order,PRD000058122,P000688,LOT00178630,2025-02-10,surface_finish,minor,4,process_variation,rework,2025-03-11,154.67
NC000003991,NC-2026-0003991,production_order,PRD000058128,P000078,LOT00146361,2024-07-26,functional,major,1,operator_error,scrap,2024-08-02,42.32
NC000003992,NC-2026-0003992,production_order,PRD000058142,P000876,LOT00122856,2026-06-21,functional,minor,1,supplier_material,scrap,2026-07-04,13.51
NC000003993,NC-2026-0003993,production_order,PRD000058152,P000465,LOT00093889,2026-08-21,electrical,minor,2,process_variation,scrap,2026-09-06,142.08
NC000003994,NC-2026-0003994,production_order,PRD000058178,P000786,LOT00163657,2025-10-09,electrical,minor,3,supplier_material,rework,2025-10-11,86.62
NC000003995,NC-2026-0003995,production_order,PRD000058187,P000747,LOT00225275,2025-03-06,packaging,major,2,process_variation,use_as_is,2025-03-11,65.87
NC000003996,NC-2026-0003996,production_order,PRD000058191,P000929,LOT00011527,2025-08-27,functional,major,3,machine_setting,rework,2025-09-10,81.36
NC000003997,NC-2026-0003997,production_order,PRD000058211,P000739,LOT00210157,2024-11-16,electrical,minor,1,operator_error,use_as_is,2024-12-09,40.36
NC000003998,NC-2026-0003998,production_order,PRD000058240,P000875,LOT00227610,2024-10-07,electrical,critical,4,design_tolerance,return_to_supplier,2024-10-28,528.38
NC000003999,NC-2026-0003999,production_order,PRD000058247,P000251,LOT00149159,2024-07-13,functional,major,2,machine_setting,use_as_is,2024-07-30,159.47
NC000004000,NC-2026-0004000,production_order,PRD000058260,P000472,LOT00037417,2024-04-04,functional,minor,5,process_variation,scrap,2024-04-08,363.19
NC000004001,NC-2026-0004001,production_order,PRD000058279,P000205,LOT00161688,2026-01-04,electrical,minor,2,operator_error,rework,2026-01-08,84.92
NC000004002,NC-2026-0004002,production_order,PRD000058284,P000289,LOT00027090,2026-02-01,electrical,minor,1,operator_error,scrap,2026-02-09,44.45
NC000004003,NC-2026-0004003,production_order,PRD000058288,P000017,LOT00048048,2026-07-21,functional,major,7,operator_error,use_as_is,2026-07-29,177.06
NC000004004,NC-2026-0004004,production_order,PRD000058290,P000241,LOT00149397,2025-10-08,packaging,major,9,operator_error,use_as_is,2025-11-07,535.67
NC000004005,NC-2026-0004005,production_order,PRD000058300,P000769,LOT00189762,2025-12-07,functional,critical,12,design_tolerance,rework,2025-12-25,1546.85
NC000004006,NC-2026-0004006,production_order,PRD000058322,P000022,LOT00017396,2024-07-25,electrical,minor,4,machine_setting,use_as_is,2024-07-31,75.43
NC000004007,NC-2026-0004007,production_order,PRD000058359,P000652,LOT00204278,2025-11-23,functional,minor,13,operator_error,use_as_is,2025-12-05,1548.36
NC000004008,NC-2026-0004008,production_order,PRD000058385,P000775,LOT00029830,2025-04-20,surface_finish,minor,1,process_variation,return_to_supplier,2025-05-18,71.18
NC000004009,NC-2026-0004009,production_order,PRD000058414,P000687,LOT00124822,2024-07-24,dimensional,major,13,design_tolerance,scrap,2024-08-09,1672.84
NC000004010,NC-2026-0004010,production_order,PRD000058432,P000884,LOT00137817,2024-11-15,packaging,minor,7,process_variation,use_as_is,2024-12-10,77.44
NC000004011,NC-2026-0004011,production_order,PRD000058461,P000435,LOT00041220,2025-05-17,dimensional,minor,4,operator_error,rework,2025-05-27,77.24
NC000004012,NC-2026-0004012,production_order,PRD000058466,P000325,LOT00201717,2025-07-25,functional,minor,1,machine_setting,return_to_supplier,2025-08-21,147.58
NC000004013,NC-2026-0004013,production_order,PRD000058467,P000689,LOT00072646,2026-03-25,packaging,minor,1,process_variation,return_to_supplier,2026-03-27,10.03
NC000004014,NC-2026-0004014,production_order,PRD000058468,P000690,LOT00151268,2025-04-23,surface_finish,minor,8,process_variation,return_to_supplier,2025-04-28,169.2
NC000004015,NC-2026-0004015,production_order,PRD000058482,P000568,LOT00015148,2026-07-20,functional,minor,8,design_tolerance,rework,2026-07-23,408.45
NC000004016,NC-2026-0004016,production_order,PRD000058486,P000681,LOT00082090,2026-08-15,surface_finish,minor,5,machine_setting,scrap,2026-08-29,263.27
NC000004017,NC-2026-0004017,production_order,PRD000058487,P000862,LOT00032188,2024-08-31,functional,minor,6,design_tolerance,use_as_is,2024-09-15,899.62
NC000004018,NC-2026-0004018,production_order,PRD000058506,P000277,LOT00203468,2024-03-06,electrical,minor,5,design_tolerance,scrap,2024-04-01,28.33
NC000004019,NC-2026-0004019,production_order,PRD000058514,P000401,LOT00146756,2025-07-30,functional,minor,1,design_tolerance,use_as_is,2025-08-17,0.0
NC000004020,NC-2026-0004020,production_order,PRD000058597,P000211,LOT00002830,2024-04-24,surface_finish,minor,1,machine_setting,rework,2024-05-13,0.0
NC000004021,NC-2026-0004021,production_order,PRD000058625,P000860,LOT00111276,2025-06-04,packaging,major,2,supplier_material,rework,2025-06-30,36.22
NC000004022,NC-2026-0004022,production_order,PRD000058663,P000678,LOT00239017,2024-03-26,functional,major,3,supplier_material,return_to_supplier,2024-04-16,172.31
NC000004023,NC-2026-0004023,production_order,PRD000058688,P000726,LOT00020763,2025-01-06,dimensional,minor,9,operator_error,scrap,2025-01-20,675.36
NC000004024,NC-2026-0004024,production_order,PRD000058699,P000756,LOT00195225,2025-12-07,dimensional,minor,11,machine_setting,rework,2026-01-01,1264.77
NC000004025,NC-2026-0004025,production_order,PRD000058708,P000082,LOT00038740,2026-01-09,dimensional,major,3,supplier_material,rework,2026-01-16,186.02
NC000004026,NC-2026-0004026,production_order,PRD000058715,P000050,LOT00193225,2026-03-06,dimensional,minor,6,process_variation,rework,2026-04-01,1102.24
NC000004027,NC-2026-0004027,production_order,PRD000058726,P000008,LOT00063185,2024-06-05,surface_finish,major,13,machine_setting,rework,2024-06-08,213.16
NC000004028,NC-2026-0004028,production_order,PRD000058732,P000749,LOT00185900,2024-01-11,functional,major,2,design_tolerance,use_as_is,2024-01-15,512.87
NC000004029,NC-2026-0004029,production_order,PRD000058750,P000189,LOT00107270,2025-08-09,electrical,minor,5,process_variation,return_to_supplier,2025-08-31,301.29
NC000004030,NC-2026-0004030,production_order,PRD000058759,P000656,LOT00126029,2024-12-18,dimensional,major,4,process_variation,return_to_supplier,2025-01-12,302.04
NC000004031,NC-2026-0004031,production_order,PRD000058768,P000711,LOT00070702,2024-04-19,dimensional,minor,1,operator_error,rework,2024-05-07,266.8
NC000004032,NC-2026-0004032,production_order,PRD000058770,P000687,LOT00245060,2025-09-08,surface_finish,minor,4,operator_error,return_to_supplier,2025-10-03,320.19
NC000004033,NC-2026-0004033,production_order,PRD000058796,P000311,LOT00175504,2026-08-25,dimensional,critical,4,design_tolerance,return_to_supplier,2026-09-13,68.07
NC000004034,NC-2026-0004034,production_order,PRD000058807,P000367,LOT00005043,2024-09-01,functional,minor,1,supplier_material,scrap,2024-09-26,34.61
NC000004035,NC-2026-0004035,production_order,PRD000058812,P000295,LOT00194675,2026-02-11,surface_finish,minor,3,operator_error,rework,2026-02-17,625.93
NC000004036,NC-2026-0004036,production_order,PRD000058820,P000456,LOT00093508,2026-03-30,electrical,major,6,process_variation,use_as_is,2026-04-02,2084.39
NC000004037,NC-2026-0004037,production_order,PRD000058828,P000906,LOT00164398,2025-04-09,surface_finish,major,1,machine_setting,scrap,2025-04-19,60.37
NC000004038,NC-2026-0004038,production_order,PRD000058830,P000759,LOT00074668,2025-06-29,functional,critical,10,machine_setting,scrap,2025-07-22,238.06
NC000004039,NC-2026-0004039,production_order,PRD000058880,P000874,LOT00015459,2025-06-16,electrical,major,4,supplier_material,use_as_is,2025-06-25,314.39
NC000004040,NC-2026-0004040,production_order,PRD000058883,P000526,LOT00098019,2025-12-29,dimensional,major,1,machine_setting,rework,2026-01-04,44.68
NC000004041,NC-2026-0004041,production_order,PRD000058903,P000232,LOT00084344,2026-08-08,dimensional,critical,1,process_variation,rework,2026-08-27,39.95
NC000004042,NC-2026-0004042,production_order,PRD000058927,P000088,LOT00182698,2026-04-16,functional,minor,1,machine_setting,scrap,2026-05-16,108.65
NC000004043,NC-2026-0004043,production_order,PRD000058977,P000863,LOT00093431,2025-07-20,dimensional,major,9,machine_setting,return_to_supplier,2025-08-07,887.19
NC000004044,NC-2026-0004044,production_order,PRD000058995,P000161,LOT00040285,2025-10-24,surface_finish,critical,2,operator_error,scrap,2025-11-13,117.92
NC000004045,NC-2026-0004045,production_order,PRD000058996,P000002,LOT00163468,2024-09-02,functional,minor,5,machine_setting,use_as_is,2024-09-23,247.47
NC000004046,NC-2026-0004046,production_order,PRD000058998,P000196,LOT00083890,2026-06-16,surface_finish,critical,1,machine_setting,return_to_supplier,2026-07-11,25.96
NC000004047,NC-2026-0004047,production_order,PRD000059000,P000335,LOT00109804,2025-05-02,packaging,major,3,machine_setting,return_to_supplier,2025-05-30,90.15
NC000004048,NC-2026-0004048,production_order,PRD000059015,P000093,LOT00104761,2026-02-19,dimensional,major,5,process_variation,rework,2026-03-03,353.66
NC000004049,NC-2026-0004049,production_order,PRD000059032,P000064,LOT00020205,2026-09-07,functional,major,2,design_tolerance,scrap,2026-09-20,105.73
NC000004050,NC-2026-0004050,production_order,PRD000059035,P000112,LOT00102529,2024-03-27,electrical,critical,3,process_variation,rework,2024-04-02,810.17
NC000004051,NC-2026-0004051,production_order,PRD000059046,P000604,LOT00197218,2025-12-27,dimensional,minor,5,machine_setting,rework,2026-01-08,429.18
NC000004052,NC-2026-0004052,production_order,PRD000059053,P000282,LOT00157163,2025-03-03,electrical,major,1,machine_setting,rework,2025-03-27,147.22
NC000004053,NC-2026-0004053,production_order,PRD000059057,P000104,LOT00126779,2024-08-30,functional,major,7,process_variation,rework,2024-09-07,509.0
NC000004054,NC-2026-0004054,production_order,PRD000059071,P000579,LOT00094680,2025-12-05,functional,minor,10,operator_error,rework,2026-01-04,382.05
NC000004055,NC-2026-0004055,production_order,PRD000059080,P000806,LOT00203744,2024-03-15,functional,minor,13,machine_setting,rework,2024-03-31,1065.56
NC000004056,NC-2026-0004056,production_order,PRD000059084,P000577,LOT00075999,2024-07-27,surface_finish,critical,12,operator_error,scrap,2024-07-29,983.48
NC000004057,NC-2026-0004057,production_order,PRD000059117,P000127,LOT00021951,2024-05-20,functional,minor,1,machine_setting,rework,2024-06-17,150.19
NC000004058,NC-2026-0004058,production_order,PRD000059139,P000226,LOT00052702,2025-05-21,electrical,minor,8,machine_setting,use_as_is,2025-05-31,184.2
NC000004059,NC-2026-0004059,production_order,PRD000059167,P000726,LOT00209264,2025-03-12,packaging,major,11,operator_error,rework,2025-03-21,1455.65
NC000004060,NC-2026-0004060,production_order,PRD000059173,P000344,LOT00055911,2024-02-27,surface_finish,critical,5,design_tolerance,return_to_supplier,2024-03-08,400.07
NC000004061,NC-2026-0004061,production_order,PRD000059198,P000025,LOT00019859,2026-02-03,surface_finish,major,9,operator_error,scrap,2026-02-06,787.68
NC000004062,NC-2026-0004062,production_order,PRD000059211,P000386,LOT00151046,2024-09-22,surface_finish,minor,1,design_tolerance,scrap,2024-10-22,187.39
NC000004063,NC-2026-0004063,production_order,PRD000059218,P000400,LOT00184428,2026-01-04,functional,minor,4,supplier_material,use_as_is,2026-01-07,705.05
NC000004064,NC-2026-0004064,production_order,PRD000059222,P000025,LOT00037722,2024-04-14,dimensional,minor,2,machine_setting,rework,2024-04-20,53.54
NC000004065,NC-2026-0004065,production_order,PRD000059225,P000544,LOT00015213,2026-02-03,surface_finish,minor,7,design_tolerance,return_to_supplier,2026-02-22,438.55
NC000004066,NC-2026-0004066,production_order,PRD000059235,P000252,LOT00093579,2026-07-22,functional,minor,3,process_variation,scrap,2026-08-01,234.05
NC000004067,NC-2026-0004067,production_order,PRD000059246,P000275,LOT00042445,2026-09-24,functional,major,4,operator_error,rework,2026-10-11,175.23
NC000004068,NC-2026-0004068,production_order,PRD000059261,P000603,LOT00013322,2024-12-08,packaging,minor,2,supplier_material,rework,2025-01-07,90.35
NC000004069,NC-2026-0004069,production_order,PRD000059296,P000444,LOT00218661,2026-04-11,electrical,minor,2,operator_error,scrap,2026-04-24,347.7
NC000004070,NC-2026-0004070,production_order,PRD000059317,P000755,LOT00200076,2024-08-06,electrical,minor,2,machine_setting,rework,2024-08-14,104.1
NC000004071,NC-2026-0004071,production_order,PRD000059330,P000927,LOT00066445,2024-09-19,surface_finish,major,14,machine_setting,scrap,2024-10-13,758.66
NC000004072,NC-2026-0004072,production_order,PRD000059337,P000835,LOT00234122,2025-12-03,functional,major,9,machine_setting,scrap,2026-01-01,467.68
NC000004073,NC-2026-0004073,production_order,PRD000059338,P000486,LOT00211795,2026-01-26,surface_finish,minor,4,process_variation,rework,2026-01-30,263.4
NC000004074,NC-2026-0004074,production_order,PRD000059351,P000922,LOT00165765,2025-09-02,dimensional,minor,6,supplier_material,rework,2025-09-05,708.81
NC000004075,NC-2026-0004075,production_order,PRD000059376,P000662,LOT00246247,2025-12-29,dimensional,major,10,design_tolerance,use_as_is,2026-01-15,663.32
NC000004076,NC-2026-0004076,production_order,PRD000059398,P000718,LOT00212906,2024-06-17,functional,minor,4,machine_setting,rework,2024-07-14,154.41
NC000004077,NC-2026-0004077,production_order,PRD000059439,P000046,LOT00104050,2026-06-04,dimensional,major,2,operator_error,rework,2026-06-19,104.89
NC000004078,NC-2026-0004078,production_order,PRD000059441,P000148,LOT00187982,2024-03-20,packaging,major,2,process_variation,use_as_is,2024-04-19,190.3
NC000004079,NC-2026-0004079,production_order,PRD000059446,P000233,LOT00080434,2024-05-22,electrical,major,12,machine_setting,rework,2024-06-01,624.67
NC000004080,NC-2026-0004080,production_order,PRD000059449,P000644,LOT00229474,2025-05-26,surface_finish,minor,12,design_tolerance,rework,2025-06-07,1114.46
NC000004081,NC-2026-0004081,production_order,PRD000059464,P000123,LOT00177963,2026-01-02,functional,minor,7,process_variation,rework,2026-01-31,474.86
NC000004082,NC-2026-0004082,production_order,PRD000059469,P000295,LOT00070823,2025-06-02,packaging,minor,3,design_tolerance,rework,2025-06-24,524.38
NC000004083,NC-2026-0004083,production_order,PRD000059483,P000281,LOT00091601,2025-05-19,packaging,minor,2,machine_setting,return_to_supplier,2025-05-28,295.71
NC000004084,NC-2026-0004084,production_order,PRD000059499,P000661,LOT00240129,2024-03-11,dimensional,major,13,process_variation,scrap,2024-03-29,1035.41
NC000004085,NC-2026-0004085,production_order,PRD000059508,P000352,LOT00080602,2024-09-20,dimensional,minor,8,process_variation,scrap,2024-09-30,1700.44
NC000004086,NC-2026-0004086,production_order,PRD000059530,P000534,LOT00051146,2025-02-16,functional,minor,8,process_variation,return_to_supplier,2025-03-06,209.07
NC000004087,NC-2026-0004087,production_order,PRD000059532,P000742,LOT00082705,2024-09-26,surface_finish,major,3,operator_error,scrap,2024-10-12,230.2
NC000004088,NC-2026-0004088,production_order,PRD000059546,P000662,LOT00174446,2025-06-12,functional,minor,2,supplier_material,return_to_supplier,2025-06-16,72.54
NC000004089,NC-2026-0004089,production_order,PRD000059563,P000736,LOT00035865,2026-05-30,functional,minor,5,operator_error,rework,2026-06-16,118.42
NC000004090,NC-2026-0004090,production_order,PRD000059567,P000441,LOT00007685,2024-03-03,dimensional,critical,1,operator_error,scrap,2024-03-23,35.45
NC000004091,NC-2026-0004091,production_order,PRD000059586,P000304,LOT00097239,2025-04-10,surface_finish,major,9,process_variation,scrap,2025-04-13,480.9
NC000004092,NC-2026-0004092,production_order,PRD000059603,P000394,LOT00026589,2026-07-15,surface_finish,minor,2,operator_error,rework,2026-08-11,42.28
NC000004093,NC-2026-0004093,production_order,PRD000059619,P000876,LOT00031118,2026-02-13,surface_finish,minor,3,machine_setting,rework,2026-02-23,116.2
NC000004094,NC-2026-0004094,production_order,PRD000059655,P000929,LOT00134293,2025-12-07,surface_finish,critical,12,supplier_material,rework,2025-12-21,309.96
NC000004095,NC-2026-0004095,production_order,PRD000059675,P000008,LOT00031411,2026-08-11,packaging,minor,1,process_variation,scrap,2026-09-05,38.12
NC000004096,NC-2026-0004096,production_order,PRD000059676,P000041,LOT00226292,2026-02-05,packaging,minor,14,process_variation,rework,2026-02-17,690.6
NC000004097,NC-2026-0004097,production_order,PRD000059704,P000225,LOT00146777,2026-03-15,surface_finish,critical,7,operator_error,rework,2026-03-21,522.42
NC000004098,NC-2026-0004098,production_order,PRD000059722,P000544,LOT00222805,2026-02-06,functional,major,12,machine_setting,rework,2026-03-07,844.69
NC000004099,NC-2026-0004099,production_order,PRD000059726,P000849,LOT00020826,2024-04-18,dimensional,minor,9,machine_setting,rework,2024-04-27,892.99
NC000004100,NC-2026-0004100,production_order,PRD000059730,P000668,LOT00017086,2025-11-27,surface_finish,critical,4,operator_error,use_as_is,2025-12-06,110.76
NC000004101,NC-2026-0004101,production_order,PRD000059733,P000935,LOT00096398,2025-10-04,dimensional,major,1,process_variation,scrap,2025-10-15,0.0
NC000004102,NC-2026-0004102,production_order,PRD000059744,P000201,LOT00022349,2025-08-04,packaging,minor,1,process_variation,rework,2025-08-09,32.71
NC000004103,NC-2026-0004103,production_order,PRD000059751,P000130,LOT00108448,2025-02-23,electrical,major,1,design_tolerance,scrap,2025-03-25,30.97
NC000004104,NC-2026-0004104,production_order,PRD000059761,P000112,LOT00088402,2024-10-18,electrical,critical,4,machine_setting,rework,2024-11-17,1582.6
NC000004105,NC-2026-0004105,production_order,PRD000059823,P000523,LOT00094598,2024-12-15,packaging,major,1,operator_error,scrap,2025-01-11,43.01
NC000004106,NC-2026-0004106,production_order,PRD000059828,P000490,LOT00164753,2026-02-18,functional,major,6,supplier_material,rework,2026-03-09,1076.53
NC000004107,NC-2026-0004107,production_order,PRD000059838,P000099,LOT00169015,2024-01-16,packaging,critical,1,operator_error,return_to_supplier,2024-01-20,55.57
NC000004108,NC-2026-0004108,production_order,PRD000059872,P000943,LOT00175232,2025-10-28,packaging,minor,3,supplier_material,scrap,2025-11-26,326.18
NC000004109,NC-2026-0004109,production_order,PRD000059879,P000586,LOT00208866,2024-05-23,surface_finish,major,2,operator_error,rework,2024-06-16,172.32
NC000004110,NC-2026-0004110,production_order,PRD000059888,P000440,LOT00133066,2026-05-06,dimensional,critical,3,machine_setting,scrap,2026-05-13,265.96
NC000004111,NC-2026-0004111,production_order,PRD000059897,P000518,LOT00202806,2024-12-21,functional,minor,4,supplier_material,rework,2025-01-10,163.08
NC000004112,NC-2026-0004112,production_order,PRD000059944,P000180,LOT00087401,2025-05-16,surface_finish,minor,7,process_variation,rework,2025-05-19,91.56
NC000004113,NC-2026-0004113,production_order,PRD000059946,P000243,LOT00226474,2024-08-15,surface_finish,minor,6,machine_setting,scrap,2024-08-31,333.75
NC000004114,NC-2026-0004114,production_order,PRD000059950,P000274,LOT00189450,2025-08-16,functional,minor,2,design_tolerance,rework,2025-09-14,206.42
NC000004115,NC-2026-0004115,production_order,PRD000059965,P000771,LOT00027901,2024-12-21,electrical,major,5,machine_setting,scrap,2025-01-19,934.21
NC000004116,NC-2026-0004116,production_order,PRD000059966,P000722,LOT00133235,2025-08-03,surface_finish,major,8,operator_error,rework,2025-08-15,360.95
NC000004117,NC-2026-0004117,production_order,PRD000059987,P000016,LOT00227740,2024-10-30,functional,minor,6,process_variation,use_as_is,2024-11-29,1196.09
NC000004118,NC-2026-0004118,production_order,PRD000059993,P000533,LOT00200643,2025-12-09,packaging,minor,6,process_variation,rework,2026-01-07,816.93
NC000004119,NC-2026-0004119,production_order,PRD000060001,P000217,LOT00022778,2024-09-22,electrical,minor,1,operator_error,rework,2024-09-25,92.32
NC000004120,NC-2026-0004120,production_order,PRD000060002,P000637,LOT00164039,2026-06-03,surface_finish,minor,13,machine_setting,rework,2026-06-24,749.44
NC000004121,NC-2026-0004121,production_order,PRD000060006,P000033,LOT00082767,2025-06-23,packaging,major,9,design_tolerance,return_to_supplier,2025-07-14,388.75
NC000004122,NC-2026-0004122,production_order,PRD000060019,P000386,LOT00143476,2026-01-13,functional,minor,14,process_variation,use_as_is,2026-01-17,2375.06
NC000004123,NC-2026-0004123,production_order,PRD000060027,P000508,LOT00000862,2025-12-11,surface_finish,major,5,operator_error,scrap,2026-01-04,91.21
NC000004124,NC-2026-0004124,production_order,PRD000060072,P000180,LOT00116563,2024-08-29,surface_finish,minor,2,supplier_material,rework,2024-09-17,71.92
NC000004125,NC-2026-0004125,production_order,PRD000060099,P000672,LOT00187548,2024-07-23,packaging,critical,11,design_tolerance,scrap,2024-08-16,445.36
NC000004126,NC-2026-0004126,production_order,PRD000060127,P000603,LOT00138340,2025-05-19,functional,minor,9,process_variation,use_as_is,2025-06-10,235.69
NC000004127,NC-2026-0004127,production_order,PRD000060132,P000054,LOT00152905,2025-08-31,electrical,critical,1,supplier_material,use_as_is,2025-09-06,86.45
NC000004128,NC-2026-0004128,production_order,PRD000060138,P000329,LOT00041050,2025-01-22,surface_finish,major,9,machine_setting,return_to_supplier,2025-02-05,1675.29
NC000004129,NC-2026-0004129,production_order,PRD000060149,P000514,LOT00111580,2025-01-16,surface_finish,critical,1,operator_error,rework,2025-01-31,32.56
NC000004130,NC-2026-0004130,production_order,PRD000060154,P000913,LOT00120489,2025-06-11,dimensional,critical,3,supplier_material,scrap,2025-06-22,219.15
NC000004131,NC-2026-0004131,production_order,PRD000060160,P000281,LOT00202367,2024-01-25,packaging,major,2,machine_setting,scrap,2024-01-31,326.8
NC000004132,NC-2026-0004132,production_order,PRD000060180,P000805,LOT00247716,2025-01-23,surface_finish,minor,6,operator_error,use_as_is,2025-02-19,520.6
NC000004133,NC-2026-0004133,production_order,PRD000060202,P000470,LOT00081447,2025-06-18,packaging,major,2,design_tolerance,scrap,2025-07-15,54.93
NC000004134,NC-2026-0004134,production_order,PRD000060205,P000703,LOT00205214,2025-11-24,surface_finish,major,1,design_tolerance,rework,2025-12-04,43.08
NC000004135,NC-2026-0004135,production_order,PRD000060216,P000440,LOT00016817,2026-01-24,dimensional,major,9,process_variation,return_to_supplier,2026-02-08,237.4
NC000004136,NC-2026-0004136,production_order,PRD000060240,P000459,LOT00004327,2024-12-12,dimensional,minor,4,operator_error,use_as_is,2025-01-06,74.95
NC000004137,NC-2026-0004137,production_order,PRD000060246,P000828,LOT00154767,2025-10-22,functional,minor,2,supplier_material,rework,2025-11-06,431.41
NC000004138,NC-2026-0004138,production_order,PRD000060281,P000698,LOT00047520,2025-12-05,functional,minor,2,process_variation,use_as_is,2025-12-28,1382.9
NC000004139,NC-2026-0004139,production_order,PRD000060285,P000160,LOT00245653,2025-11-23,surface_finish,major,6,machine_setting,rework,2025-12-15,797.29
NC000004140,NC-2026-0004140,production_order,PRD000060286,P000886,LOT00136431,2026-03-02,dimensional,major,8,process_variation,rework,2026-03-12,352.63
NC000004141,NC-2026-0004141,production_order,PRD000060288,P000197,LOT00245710,2024-10-05,electrical,minor,2,machine_setting,return_to_supplier,2024-10-31,285.68
NC000004142,NC-2026-0004142,production_order,PRD000060290,P000457,LOT00181258,2026-07-01,packaging,minor,1,supplier_material,return_to_supplier,2026-07-05,131.04
NC000004143,NC-2026-0004143,production_order,PRD000060348,P000738,LOT00106579,2026-02-01,electrical,minor,4,operator_error,use_as_is,2026-02-28,207.03
NC000004144,NC-2026-0004144,production_order,PRD000060360,P000237,LOT00050653,2025-09-11,functional,minor,2,process_variation,rework,2025-09-19,287.6
NC000004145,NC-2026-0004145,production_order,PRD000060367,P000052,LOT00123532,2024-02-21,electrical,minor,10,machine_setting,rework,2024-03-14,955.33
NC000004146,NC-2026-0004146,production_order,PRD000060377,P000837,LOT00009798,2026-01-19,dimensional,critical,2,machine_setting,use_as_is,2026-01-31,140.29
NC000004147,NC-2026-0004147,production_order,PRD000060393,P000425,LOT00208052,2025-06-03,surface_finish,minor,7,operator_error,rework,2025-06-29,335.04
NC000004148,NC-2026-0004148,production_order,PRD000060408,P000735,LOT00223503,2024-10-13,functional,major,6,process_variation,rework,2024-10-23,251.74
NC000004149,NC-2026-0004149,production_order,PRD000060419,P000082,LOT00088880,2025-04-12,dimensional,minor,2,process_variation,return_to_supplier,2025-05-04,128.42
NC000004150,NC-2026-0004150,production_order,PRD000060433,P000768,LOT00205866,2024-08-25,packaging,minor,6,machine_setting,return_to_supplier,2024-09-01,594.45
NC000004151,NC-2026-0004151,production_order,PRD000060472,P000432,LOT00244885,2024-09-13,functional,minor,8,machine_setting,rework,2024-09-28,298.89
NC000004152,NC-2026-0004152,production_order,PRD000060484,P000627,LOT00206927,2025-04-03,dimensional,minor,3,operator_error,return_to_supplier,2025-04-18,31.47
NC000004153,NC-2026-0004153,production_order,PRD000060491,P000512,LOT00159454,2024-09-30,packaging,minor,8,supplier_material,return_to_supplier,2024-10-28,593.19
NC000004154,NC-2026-0004154,production_order,PRD000060506,P000823,LOT00024554,2025-12-07,functional,minor,11,process_variation,rework,2025-12-26,2188.26
NC000004155,NC-2026-0004155,production_order,PRD000060515,P000457,LOT00125244,2026-02-18,functional,major,5,machine_setting,scrap,2026-03-07,1016.08
NC000004156,NC-2026-0004156,production_order,PRD000060526,P000049,LOT00098853,2025-03-11,packaging,critical,4,operator_error,rework,2025-04-10,248.36
NC000004157,NC-2026-0004157,production_order,PRD000060540,P000085,LOT00107815,2024-06-06,surface_finish,major,10,design_tolerance,use_as_is,2024-06-27,125.66
NC000004158,NC-2026-0004158,production_order,PRD000060556,P000570,LOT00160753,2026-06-24,dimensional,minor,1,machine_setting,use_as_is,2026-07-22,269.88
NC000004159,NC-2026-0004159,production_order,PRD000060577,P000021,LOT00221367,2024-10-08,surface_finish,minor,9,machine_setting,scrap,2024-10-30,567.9
NC000004160,NC-2026-0004160,production_order,PRD000060581,P000376,LOT00112623,2025-02-07,dimensional,minor,1,process_variation,scrap,2025-02-22,9.65
NC000004161,NC-2026-0004161,production_order,PRD000060609,P000544,LOT00167054,2025-06-20,surface_finish,minor,2,process_variation,use_as_is,2025-07-16,124.72
NC000004162,NC-2026-0004162,production_order,PRD000060626,P000074,LOT00166461,2024-08-27,packaging,critical,5,machine_setting,scrap,2024-09-26,271.4
NC000004163,NC-2026-0004163,production_order,PRD000060722,P000139,LOT00196363,2026-03-22,functional,minor,9,machine_setting,rework,2026-04-19,1090.57
NC000004164,NC-2026-0004164,production_order,PRD000060731,P000345,LOT00036381,2024-05-22,functional,major,10,machine_setting,rework,2024-06-11,569.86
NC000004165,NC-2026-0004165,production_order,PRD000060738,P000292,LOT00133611,2024-08-02,surface_finish,minor,1,operator_error,rework,2024-08-06,416.07
NC000004166,NC-2026-0004166,production_order,PRD000060744,P000422,LOT00116064,2025-02-01,functional,minor,4,process_variation,rework,2025-02-08,695.29
NC000004167,NC-2026-0004167,production_order,PRD000060765,P000053,LOT00118280,2024-01-30,dimensional,minor,1,process_variation,rework,2024-02-27,59.1
NC000004168,NC-2026-0004168,production_order,PRD000060768,P000279,LOT00184453,2024-11-14,electrical,major,7,process_variation,use_as_is,2024-11-25,284.18
NC000004169,NC-2026-0004169,production_order,PRD000060771,P000555,LOT00062693,2026-08-06,surface_finish,minor,1,operator_error,use_as_is,2026-08-29,180.96
NC000004170,NC-2026-0004170,production_order,PRD000060788,P000297,LOT00221435,2025-02-16,packaging,minor,8,machine_setting,rework,2025-02-19,1217.45
NC000004171,NC-2026-0004171,production_order,PRD000060824,P000055,LOT00002101,2025-08-11,surface_finish,critical,3,machine_setting,rework,2025-08-19,255.46
NC000004172,NC-2026-0004172,production_order,PRD000060828,P000100,LOT00124199,2026-09-09,surface_finish,minor,4,supplier_material,use_as_is,2026-09-18,161.28
NC000004173,NC-2026-0004173,production_order,PRD000060834,P000240,LOT00085848,2024-08-01,functional,major,5,process_variation,rework,2024-08-29,684.4
NC000004174,NC-2026-0004174,production_order,PRD000060845,P000488,LOT00101480,2025-01-07,functional,major,10,supplier_material,rework,2025-02-04,80.62
NC000004175,NC-2026-0004175,production_order,PRD000060857,P000872,LOT00214798,2024-10-17,electrical,critical,3,operator_error,scrap,2024-11-03,670.15
NC000004176,NC-2026-0004176,production_order,PRD000060890,P000163,LOT00111416,2024-03-06,functional,minor,4,design_tolerance,use_as_is,2024-03-08,163.02
NC000004177,NC-2026-0004177,production_order,PRD000060895,P000745,LOT00224668,2026-06-06,surface_finish,minor,1,operator_error,scrap,2026-06-24,0.0
NC000004178,NC-2026-0004178,production_order,PRD000060901,P000056,LOT00090914,2025-07-19,packaging,major,2,process_variation,rework,2025-07-29,166.63
NC000004179,NC-2026-0004179,production_order,PRD000060928,P000821,LOT00061246,2025-11-08,functional,minor,7,operator_error,return_to_supplier,2025-11-13,1621.34
NC000004180,NC-2026-0004180,production_order,PRD000060948,P000458,LOT00157677,2024-11-02,dimensional,minor,10,supplier_material,rework,2024-11-16,519.94
NC000004181,NC-2026-0004181,production_order,PRD000060964,P000861,LOT00146297,2026-09-17,functional,critical,6,supplier_material,use_as_is,2026-09-30,1116.3
NC000004182,NC-2026-0004182,production_order,PRD000060979,P000776,LOT00245829,2025-01-18,dimensional,minor,3,process_variation,rework,2025-01-30,176.04
NC000004183,NC-2026-0004183,production_order,PRD000060993,P000582,LOT00191287,2024-11-25,surface_finish,minor,6,machine_setting,return_to_supplier,2024-12-24,507.54
NC000004184,NC-2026-0004184,production_order,PRD000061046,P000290,LOT00049407,2026-08-06,dimensional,minor,13,supplier_material,use_as_is,2026-09-04,1633.57
NC000004185,NC-2026-0004185,production_order,PRD000061050,P000678,LOT00123422,2026-05-18,functional,critical,2,supplier_material,rework,2026-05-25,106.21
NC000004186,NC-2026-0004186,production_order,PRD000061062,P000307,LOT00021555,2025-12-11,packaging,minor,3,machine_setting,scrap,2025-12-25,223.61
NC000004187,NC-2026-0004187,production_order,PRD000061065,P000051,LOT00073555,2024-06-15,electrical,major,12,process_variation,scrap,2024-07-13,99.35
NC000004188,NC-2026-0004188,production_order,PRD000061072,P000505,LOT00013105,2024-10-11,electrical,major,3,machine_setting,rework,2024-10-17,86.88
NC000004189,NC-2026-0004189,production_order,PRD000061080,P000347,LOT00013503,2024-07-15,surface_finish,critical,10,supplier_material,scrap,2024-07-30,448.35
NC000004190,NC-2026-0004190,production_order,PRD000061099,P000754,LOT00227490,2026-05-31,packaging,major,3,process_variation,rework,2026-06-17,617.52
NC000004191,NC-2026-0004191,production_order,PRD000061104,P000610,LOT00213493,2024-06-18,surface_finish,minor,2,supplier_material,rework,2024-06-25,96.67
NC000004192,NC-2026-0004192,production_order,PRD000061119,P000494,LOT00044812,2026-08-25,packaging,minor,5,design_tolerance,scrap,2026-09-23,369.97
NC000004193,NC-2026-0004193,production_order,PRD000061134,P000323,LOT00193981,2026-05-22,functional,major,13,process_variation,rework,2026-05-27,1030.23
NC000004194,NC-2026-0004194,production_order,PRD000061142,P000946,LOT00032851,2024-07-27,functional,major,4,process_variation,use_as_is,2024-08-23,590.54
NC000004195,NC-2026-0004195,production_order,PRD000061163,P000131,LOT00214132,2026-07-31,functional,minor,5,machine_setting,rework,2026-08-30,150.41
NC000004196,NC-2026-0004196,production_order,PRD000061171,P000445,LOT00125787,2026-04-06,electrical,minor,14,process_variation,rework,2026-05-06,1112.1
NC000004197,NC-2026-0004197,production_order,PRD000061201,P000683,LOT00045770,2024-04-23,dimensional,minor,1,machine_setting,rework,2024-05-04,73.24
NC000004198,NC-2026-0004198,production_order,PRD000061206,P000608,LOT00131202,2025-11-27,electrical,major,2,process_variation,rework,2025-12-02,130.36
NC000004199,NC-2026-0004199,production_order,PRD000061213,P000254,LOT00227455,2024-04-07,electrical,minor,3,process_variation,return_to_supplier,2024-04-17,335.21
NC000004200,NC-2026-0004200,production_order,PRD000061235,P000529,LOT00107233,2025-04-14,functional,minor,3,supplier_material,rework,2025-05-09,437.67
NC000004201,NC-2026-0004201,production_order,PRD000061239,P000775,LOT00086771,2024-08-31,dimensional,minor,2,process_variation,rework,2024-09-29,185.15
NC000004202,NC-2026-0004202,production_order,PRD000061243,P000019,LOT00222952,2025-11-11,packaging,major,6,design_tolerance,return_to_supplier,2025-11-21,2122.52
NC000004203,NC-2026-0004203,production_order,PRD000061265,P000201,LOT00044649,2026-01-09,dimensional,major,4,supplier_material,rework,2026-01-17,161.36
NC000004204,NC-2026-0004204,production_order,PRD000061267,P000300,LOT00105963,2024-07-03,dimensional,major,4,operator_error,use_as_is,2024-07-14,590.21
NC000004205,NC-2026-0004205,production_order,PRD000061271,P000324,LOT00217445,2024-11-19,functional,critical,14,machine_setting,scrap,2024-12-16,877.58
NC000004206,NC-2026-0004206,production_order,PRD000061279,P000733,LOT00189127,2025-07-18,electrical,major,10,supplier_material,use_as_is,2025-08-11,1491.66
NC000004207,NC-2026-0004207,production_order,PRD000061308,P000862,LOT00164833,2024-05-18,surface_finish,major,1,operator_error,scrap,2024-06-09,84.25
NC000004208,NC-2026-0004208,production_order,PRD000061331,P000520,LOT00119450,2026-05-13,surface_finish,major,10,process_variation,return_to_supplier,2026-05-17,753.28
NC000004209,NC-2026-0004209,production_order,PRD000061350,P000875,LOT00222776,2024-10-08,dimensional,major,2,process_variation,rework,2024-10-13,198.48
NC000004210,NC-2026-0004210,production_order,PRD000061356,P000759,LOT00214030,2025-09-23,dimensional,major,1,design_tolerance,rework,2025-10-01,34.4
NC000004211,NC-2026-0004211,production_order,PRD000061360,P000862,LOT00171947,2026-04-14,surface_finish,major,3,operator_error,rework,2026-04-20,350.1
NC000004212,NC-2026-0004212,production_order,PRD000061381,P000096,LOT00106146,2025-10-19,electrical,major,1,design_tolerance,rework,2025-11-05,48.55
NC000004213,NC-2026-0004213,production_order,PRD000061386,P000006,LOT00090354,2026-02-27,dimensional,minor,1,machine_setting,rework,2026-03-22,59.3
NC000004214,NC-2026-0004214,production_order,PRD000061387,P000642,LOT00218287,2025-09-23,dimensional,major,3,process_variation,rework,2025-10-05,272.04
NC000004215,NC-2026-0004215,production_order,PRD000061404,P000151,LOT00137353,2025-03-15,functional,major,2,supplier_material,scrap,2025-03-25,75.64
NC000004216,NC-2026-0004216,production_order,PRD000061407,P000198,LOT00236619,2024-08-10,dimensional,major,1,supplier_material,use_as_is,2024-09-07,118.28
NC000004217,NC-2026-0004217,production_order,PRD000061436,P000712,LOT00022915,2025-03-30,surface_finish,major,7,machine_setting,scrap,2025-04-14,284.74
NC000004218,NC-2026-0004218,production_order,PRD000061473,P000929,LOT00177019,2025-09-04,functional,major,1,machine_setting,scrap,2025-09-24,39.12
NC000004219,NC-2026-0004219,production_order,PRD000061509,P000400,LOT00080612,2026-04-30,functional,minor,1,machine_setting,rework,2026-05-06,177.92
NC000004220,NC-2026-0004220,production_order,PRD000061528,P000241,LOT00056945,2026-06-05,surface_finish,minor,4,supplier_material,rework,2026-06-11,223.94
NC000004221,NC-2026-0004221,production_order,PRD000061542,P000191,LOT00192673,2025-02-19,dimensional,minor,2,design_tolerance,rework,2025-03-14,29.08
NC000004222,NC-2026-0004222,production_order,PRD000061556,P000326,LOT00102235,2024-02-28,functional,critical,4,design_tolerance,use_as_is,2024-03-17,208.64
NC000004223,NC-2026-0004223,production_order,PRD000061557,P000506,LOT00176477,2026-08-01,electrical,critical,4,process_variation,rework,2026-08-19,285.02
NC000004224,NC-2026-0004224,production_order,PRD000061574,P000373,LOT00132631,2026-03-27,dimensional,minor,2,supplier_material,rework,2026-04-21,234.25
NC000004225,NC-2026-0004225,production_order,PRD000061595,P000731,LOT00053417,2025-10-09,dimensional,minor,8,design_tolerance,use_as_is,2025-10-18,383.37
NC000004226,NC-2026-0004226,production_order,PRD000061601,P000089,LOT00030395,2025-03-15,functional,minor,1,design_tolerance,scrap,2025-03-31,55.22
NC000004227,NC-2026-0004227,production_order,PRD000061603,P000702,LOT00125411,2025-09-16,surface_finish,major,9,machine_setting,rework,2025-10-11,83.13
NC000004228,NC-2026-0004228,production_order,PRD000061609,P000591,LOT00091105,2025-10-09,functional,minor,11,operator_error,scrap,2025-11-03,1386.63
NC000004229,NC-2026-0004229,production_order,PRD000061656,P000887,LOT00204972,2025-04-13,surface_finish,minor,5,process_variation,rework,2025-05-12,703.55
NC000004230,NC-2026-0004230,production_order,PRD000061700,P000688,LOT00037594,2026-02-07,functional,minor,2,operator_error,rework,2026-02-19,58.2
NC000004231,NC-2026-0004231,production_order,PRD000061715,P000044,LOT00152778,2026-03-03,surface_finish,minor,1,design_tolerance,use_as_is,2026-03-21,254.8
NC000004232,NC-2026-0004232,production_order,PRD000061718,P000466,LOT00160867,2026-03-14,packaging,major,1,process_variation,rework,2026-04-08,59.41
NC000004233,NC-2026-0004233,production_order,PRD000061730,P000403,LOT00073864,2024-08-14,functional,minor,14,machine_setting,return_to_supplier,2024-08-20,328.27
NC000004234,NC-2026-0004234,production_order,PRD000061741,P000418,LOT00045442,2026-05-02,packaging,major,2,machine_setting,rework,2026-06-01,79.45
NC000004235,NC-2026-0004235,production_order,PRD000061744,P000885,LOT00216097,2026-01-31,packaging,minor,6,process_variation,scrap,2026-02-11,205.83
NC000004236,NC-2026-0004236,production_order,PRD000061748,P000858,LOT00014807,2026-08-17,dimensional,major,7,design_tolerance,rework,2026-09-13,640.36
NC000004237,NC-2026-0004237,production_order,PRD000061755,P000839,LOT00047039,2024-11-10,surface_finish,major,8,machine_setting,scrap,2024-12-01,568.92
NC000004238,NC-2026-0004238,production_order,PRD000061762,P000515,LOT00107224,2024-07-07,packaging,critical,1,process_variation,scrap,2024-07-20,39.02
NC000004239,NC-2026-0004239,production_order,PRD000061767,P000144,LOT00163264,2025-01-09,dimensional,minor,3,machine_setting,scrap,2025-01-30,74.77
NC000004240,NC-2026-0004240,production_order,PRD000061806,P000354,LOT00098492,2024-01-28,surface_finish,minor,7,process_variation,scrap,2024-02-08,244.74
NC000004241,NC-2026-0004241,production_order,PRD000061826,P000753,LOT00126967,2025-01-13,electrical,major,5,machine_setting,rework,2025-01-25,402.66
NC000004242,NC-2026-0004242,production_order,PRD000061836,P000005,LOT00033003,2025-10-18,electrical,minor,11,supplier_material,use_as_is,2025-11-11,1380.18
NC000004243,NC-2026-0004243,production_order,PRD000061887,P000231,LOT00063098,2026-05-31,dimensional,minor,12,process_variation,use_as_is,2026-06-21,1190.93
NC000004244,NC-2026-0004244,production_order,PRD000061897,P000479,LOT00036536,2024-02-20,dimensional,critical,2,supplier_material,return_to_supplier,2024-03-05,127.99
NC000004245,NC-2026-0004245,production_order,PRD000061913,P000032,LOT00220290,2025-08-08,dimensional,minor,9,supplier_material,scrap,2025-08-13,164.44
NC000004246,NC-2026-0004246,production_order,PRD000061915,P000454,LOT00046341,2024-06-26,functional,minor,12,supplier_material,scrap,2024-07-06,403.13
NC000004247,NC-2026-0004247,production_order,PRD000061927,P000184,LOT00020680,2025-07-31,functional,major,1,supplier_material,rework,2025-08-15,0.0
NC000004248,NC-2026-0004248,production_order,PRD000061937,P000217,LOT00035547,2025-04-21,dimensional,minor,9,operator_error,rework,2025-04-28,741.91
NC000004249,NC-2026-0004249,production_order,PRD000061940,P000174,LOT00152970,2025-11-03,functional,major,5,machine_setting,use_as_is,2025-11-16,1196.42
NC000004250,NC-2026-0004250,production_order,PRD000061942,P000339,LOT00169052,2024-10-21,dimensional,critical,3,process_variation,rework,2024-11-04,291.18
NC000004251,NC-2026-0004251,production_order,PRD000061945,P000852,LOT00230551,2024-10-30,dimensional,major,2,supplier_material,use_as_is,2024-11-16,39.06
NC000004252,NC-2026-0004252,production_order,PRD000061949,P000571,LOT00153833,2025-08-25,surface_finish,critical,4,design_tolerance,rework,2025-09-03,403.58
NC000004253,NC-2026-0004253,production_order,PRD000062013,P000131,LOT00143231,2024-12-23,functional,major,1,process_variation,scrap,2024-12-30,69.39
NC000004254,NC-2026-0004254,production_order,PRD000062021,P000627,LOT00112748,2025-06-17,surface_finish,minor,2,supplier_material,use_as_is,2025-07-01,17.55
NC000004255,NC-2026-0004255,production_order,PRD000062030,P000004,LOT00121262,2024-09-26,surface_finish,minor,5,supplier_material,scrap,2024-10-08,295.86
NC000004256,NC-2026-0004256,production_order,PRD000062051,P000252,LOT00175615,2026-01-11,surface_finish,minor,6,machine_setting,rework,2026-02-06,613.92
NC000004257,NC-2026-0004257,production_order,PRD000062052,P000413,LOT00025768,2024-08-03,functional,critical,7,operator_error,rework,2024-08-26,606.68
NC000004258,NC-2026-0004258,production_order,PRD000062069,P000225,LOT00215951,2026-04-20,functional,major,2,machine_setting,scrap,2026-05-10,197.66
NC000004259,NC-2026-0004259,production_order,PRD000062071,P000614,LOT00040487,2026-03-23,packaging,major,1,design_tolerance,use_as_is,2026-03-31,131.06
NC000004260,NC-2026-0004260,production_order,PRD000062077,P000931,LOT00188393,2025-05-14,surface_finish,major,4,design_tolerance,rework,2025-06-01,363.78
NC000004261,NC-2026-0004261,production_order,PRD000062078,P000344,LOT00155603,2024-11-21,electrical,minor,5,design_tolerance,scrap,2024-12-17,521.33
NC000004262,NC-2026-0004262,production_order,PRD000062081,P000232,LOT00181833,2024-05-01,surface_finish,major,10,operator_error,use_as_is,2024-05-16,477.05
NC000004263,NC-2026-0004263,production_order,PRD000062089,P000850,LOT00040316,2026-05-20,dimensional,minor,2,machine_setting,rework,2026-05-28,214.45
NC000004264,NC-2026-0004264,production_order,PRD000062090,P000182,LOT00188733,2025-01-06,electrical,critical,4,process_variation,rework,2025-01-22,136.95
NC000004265,NC-2026-0004265,production_order,PRD000062099,P000129,LOT00155983,2025-08-25,electrical,minor,1,process_variation,rework,2025-08-28,20.33
NC000004266,NC-2026-0004266,production_order,PRD000062105,P000003,LOT00057649,2025-06-03,functional,minor,14,operator_error,scrap,2025-06-19,2311.04
NC000004267,NC-2026-0004267,production_order,PRD000062116,P000881,LOT00075738,2026-03-31,dimensional,major,7,design_tolerance,scrap,2026-04-07,798.2
NC000004268,NC-2026-0004268,production_order,PRD000062141,P000668,LOT00098866,2025-06-17,dimensional,critical,3,machine_setting,use_as_is,2025-06-24,143.89
NC000004269,NC-2026-0004269,production_order,PRD000062143,P000040,LOT00163213,2025-05-07,electrical,major,1,process_variation,use_as_is,2025-05-23,162.18
NC000004270,NC-2026-0004270,production_order,PRD000062175,P000163,LOT00189710,2024-07-03,electrical,minor,9,process_variation,rework,2024-07-28,472.91
NC000004271,NC-2026-0004271,production_order,PRD000062178,P000847,LOT00126996,2025-08-31,functional,critical,12,supplier_material,return_to_supplier,2025-09-21,510.9
NC000004272,NC-2026-0004272,production_order,PRD000062189,P000652,LOT00223429,2025-09-02,packaging,minor,13,process_variation,rework,2025-09-29,1411.16
NC000004273,NC-2026-0004273,production_order,PRD000062191,P000925,LOT00088546,2024-11-23,functional,critical,3,machine_setting,rework,2024-12-06,70.45
NC000004274,NC-2026-0004274,production_order,PRD000062205,P000895,LOT00047673,2026-06-26,packaging,minor,6,machine_setting,use_as_is,2026-07-09,591.76
NC000004275,NC-2026-0004275,production_order,PRD000062209,P000060,LOT00139709,2025-08-30,functional,minor,8,machine_setting,use_as_is,2025-09-27,102.24
NC000004276,NC-2026-0004276,production_order,PRD000062216,P000600,LOT00098180,2024-03-29,dimensional,major,8,design_tolerance,use_as_is,2024-04-26,304.4
NC000004277,NC-2026-0004277,production_order,PRD000062220,P000856,LOT00099035,2025-03-17,functional,major,11,supplier_material,rework,2025-04-02,599.6
NC000004278,NC-2026-0004278,production_order,PRD000062235,P000261,LOT00139736,2024-07-28,functional,major,1,machine_setting,scrap,2024-08-09,28.84
NC000004279,NC-2026-0004279,production_order,PRD000062236,P000708,LOT00110677,2025-07-30,packaging,minor,9,process_variation,rework,2025-08-24,764.42
NC000004280,NC-2026-0004280,production_order,PRD000062243,P000380,LOT00006877,2025-08-19,packaging,minor,6,machine_setting,return_to_supplier,2025-08-23,486.73
NC000004281,NC-2026-0004281,production_order,PRD000062272,P000541,LOT00016696,2024-07-12,packaging,critical,11,design_tolerance,use_as_is,2024-07-22,2914.52
NC000004282,NC-2026-0004282,production_order,PRD000062276,P000125,LOT00177116,2026-01-11,functional,minor,7,operator_error,rework,2026-01-16,397.33
NC000004283,NC-2026-0004283,production_order,PRD000062291,P000024,LOT00109841,2026-03-11,functional,minor,12,design_tolerance,scrap,2026-03-15,462.78
NC000004284,NC-2026-0004284,production_order,PRD000062294,P000676,LOT00083176,2024-05-06,dimensional,minor,11,operator_error,use_as_is,2024-05-24,200.54
NC000004285,NC-2026-0004285,production_order,PRD000062312,P000699,LOT00107097,2024-03-24,electrical,major,7,operator_error,rework,2024-04-05,408.41
NC000004286,NC-2026-0004286,production_order,PRD000062319,P000192,LOT00093340,2026-03-31,electrical,minor,1,machine_setting,use_as_is,2026-04-28,29.96
NC000004287,NC-2026-0004287,production_order,PRD000062335,P000770,LOT00199414,2024-06-11,packaging,minor,6,operator_error,use_as_is,2024-06-21,281.31
NC000004288,NC-2026-0004288,production_order,PRD000062343,P000119,LOT00201658,2026-01-30,electrical,minor,1,process_variation,rework,2026-02-18,27.24
NC000004289,NC-2026-0004289,production_order,PRD000062349,P000108,LOT00248846,2024-02-21,functional,major,3,process_variation,scrap,2024-03-21,65.72
NC000004290,NC-2026-0004290,production_order,PRD000062358,P000093,LOT00091386,2024-12-19,electrical,critical,1,machine_setting,rework,2025-01-15,72.86
NC000004291,NC-2026-0004291,production_order,PRD000062397,P000809,LOT00160460,2025-02-25,functional,minor,3,machine_setting,return_to_supplier,2025-03-03,163.97
NC000004292,NC-2026-0004292,production_order,PRD000062399,P000369,LOT00090533,2026-05-22,dimensional,minor,4,operator_error,rework,2026-06-07,233.13
NC000004293,NC-2026-0004293,production_order,PRD000062408,P000646,LOT00043400,2026-01-05,electrical,critical,1,machine_setting,return_to_supplier,2026-01-13,122.34
NC000004294,NC-2026-0004294,production_order,PRD000062438,P000699,LOT00225479,2025-10-10,dimensional,minor,5,process_variation,return_to_supplier,2025-11-08,299.14
NC000004295,NC-2026-0004295,production_order,PRD000062441,P000535,LOT00024382,2024-10-10,packaging,minor,3,supplier_material,rework,2024-11-03,154.16
NC000004296,NC-2026-0004296,production_order,PRD000062447,P000881,LOT00241529,2024-02-01,functional,major,12,process_variation,rework,2024-02-05,1075.21
NC000004297,NC-2026-0004297,production_order,PRD000062473,P000409,LOT00145025,2025-10-14,packaging,minor,3,design_tolerance,scrap,2025-10-31,156.5
NC000004298,NC-2026-0004298,production_order,PRD000062496,P000754,LOT00011670,2026-06-08,packaging,major,10,machine_setting,rework,2026-06-25,1700.28
NC000004299,NC-2026-0004299,production_order,PRD000062515,P000693,LOT00133174,2026-04-10,packaging,critical,2,operator_error,rework,2026-04-17,31.83
NC000004300,NC-2026-0004300,production_order,PRD000062519,P000495,LOT00111187,2026-01-20,functional,minor,6,supplier_material,rework,2026-02-18,881.63
NC000004301,NC-2026-0004301,production_order,PRD000062531,P000544,LOT00145674,2025-07-08,functional,major,7,machine_setting,rework,2025-07-19,301.77
NC000004302,NC-2026-0004302,production_order,PRD000062539,P000711,LOT00247242,2025-04-12,functional,critical,10,process_variation,rework,2025-05-07,1391.14
NC000004303,NC-2026-0004303,production_order,PRD000062541,P000937,LOT00024535,2026-02-17,surface_finish,minor,3,process_variation,rework,2026-02-21,406.96
NC000004304,NC-2026-0004304,production_order,PRD000062559,P000456,LOT00110924,2025-12-23,electrical,critical,11,machine_setting,rework,2025-12-25,1254.14
NC000004305,NC-2026-0004305,production_order,PRD000062578,P000381,LOT00236203,2026-08-28,functional,minor,5,operator_error,rework,2026-09-06,997.77
NC000004306,NC-2026-0004306,production_order,PRD000062600,P000079,LOT00153843,2025-10-15,dimensional,minor,1,operator_error,rework,2025-10-28,7.03
NC000004307,NC-2026-0004307,production_order,PRD000062632,P000854,LOT00187031,2024-01-27,functional,minor,2,machine_setting,use_as_is,2024-02-17,173.56
NC000004308,NC-2026-0004308,production_order,PRD000062634,P000579,LOT00215547,2026-08-19,functional,minor,4,process_variation,rework,2026-08-21,267.76
NC000004309,NC-2026-0004309,production_order,PRD000062670,P000259,LOT00043617,2025-06-18,packaging,major,4,machine_setting,rework,2025-07-13,357.21
NC000004310,NC-2026-0004310,production_order,PRD000062683,P000751,LOT00105107,2026-06-02,surface_finish,major,1,process_variation,rework,2026-06-17,26.02
NC000004311,NC-2026-0004311,production_order,PRD000062687,P000532,LOT00189990,2024-12-31,dimensional,minor,4,design_tolerance,rework,2025-01-08,335.84
NC000004312,NC-2026-0004312,production_order,PRD000062694,P000177,LOT00097907,2026-09-02,surface_finish,major,2,supplier_material,rework,2026-09-04,97.46
NC000004313,NC-2026-0004313,production_order,PRD000062719,P000833,LOT00051624,2024-06-10,dimensional,minor,2,machine_setting,scrap,2024-07-06,31.43
NC000004314,NC-2026-0004314,production_order,PRD000062739,P000863,LOT00141640,2026-08-08,surface_finish,minor,1,process_variation,scrap,2026-08-13,62.99
NC000004315,NC-2026-0004315,production_order,PRD000062742,P000275,LOT00117293,2026-06-10,functional,major,2,machine_setting,rework,2026-06-16,106.59
NC000004316,NC-2026-0004316,production_order,PRD000062750,P000581,LOT00034581,2024-08-12,dimensional,minor,4,design_tolerance,scrap,2024-08-17,66.55
NC000004317,NC-2026-0004317,production_order,PRD000062759,P000305,LOT00236291,2024-10-28,surface_finish,minor,3,process_variation,use_as_is,2024-10-31,81.03
NC000004318,NC-2026-0004318,production_order,PRD000062769,P000632,LOT00042583,2024-03-05,packaging,minor,11,machine_setting,rework,2024-03-24,2561.36
NC000004319,NC-2026-0004319,production_order,PRD000062775,P000232,LOT00175104,2025-12-08,electrical,major,11,process_variation,scrap,2025-12-15,919.45
NC000004320,NC-2026-0004320,production_order,PRD000062776,P000345,LOT00176159,2025-10-01,dimensional,minor,13,design_tolerance,rework,2025-10-06,916.26
NC000004321,NC-2026-0004321,production_order,PRD000062791,P000185,LOT00147692,2025-10-17,functional,critical,3,supplier_material,scrap,2025-11-09,136.94
NC000004322,NC-2026-0004322,production_order,PRD000062801,P000308,LOT00239399,2026-02-05,functional,minor,1,operator_error,rework,2026-02-09,85.56
NC000004323,NC-2026-0004323,production_order,PRD000062809,P000339,LOT00010172,2024-01-25,surface_finish,major,2,process_variation,rework,2024-02-18,112.26
NC000004324,NC-2026-0004324,production_order,PRD000062819,P000762,LOT00239480,2024-08-30,packaging,major,3,operator_error,rework,2024-09-04,85.03
NC000004325,NC-2026-0004325,production_order,PRD000062830,P000843,LOT00223890,2024-10-28,functional,critical,10,supplier_material,return_to_supplier,2024-11-26,151.98
NC000004326,NC-2026-0004326,production_order,PRD000062838,P000012,LOT00134030,2024-07-13,dimensional,minor,1,operator_error,rework,2024-07-28,113.28
NC000004327,NC-2026-0004327,production_order,PRD000062857,P000340,LOT00007924,2025-02-26,electrical,minor,3,process_variation,rework,2025-03-04,136.52
NC000004328,NC-2026-0004328,production_order,PRD000062858,P000612,LOT00100327,2026-07-13,packaging,major,2,process_variation,use_as_is,2026-07-16,820.45
NC000004329,NC-2026-0004329,production_order,PRD000062879,P000659,LOT00017703,2024-06-15,packaging,minor,3,process_variation,scrap,2024-07-04,103.01
NC000004330,NC-2026-0004330,production_order,PRD000062908,P000066,LOT00032519,2026-04-14,functional,minor,2,machine_setting,rework,2026-04-17,70.36
NC000004331,NC-2026-0004331,production_order,PRD000062914,P000160,LOT00081213,2024-08-15,packaging,major,8,supplier_material,scrap,2024-08-24,1311.18
NC000004332,NC-2026-0004332,production_order,PRD000062923,P000103,LOT00188308,2025-09-25,functional,minor,3,machine_setting,return_to_supplier,2025-10-04,86.53
NC000004333,NC-2026-0004333,production_order,PRD000062926,P000239,LOT00100999,2025-04-01,dimensional,minor,8,supplier_material,rework,2025-04-23,1262.91
NC000004334,NC-2026-0004334,production_order,PRD000062938,P000859,LOT00056932,2026-08-28,electrical,major,1,process_variation,return_to_supplier,2026-09-12,29.64
NC000004335,NC-2026-0004335,production_order,PRD000062949,P000919,LOT00138620,2026-09-30,functional,minor,11,machine_setting,use_as_is,2026-10-16,515.47
NC000004336,NC-2026-0004336,production_order,PRD000062973,P000559,LOT00179263,2026-03-10,dimensional,major,2,supplier_material,rework,2026-03-19,107.07
NC000004337,NC-2026-0004337,production_order,PRD000062988,P000700,LOT00145484,2024-05-24,electrical,major,12,machine_setting,scrap,2024-05-31,1193.49
NC000004338,NC-2026-0004338,production_order,PRD000063001,P000857,LOT00114338,2024-10-15,functional,major,4,process_variation,rework,2024-11-04,555.85
NC000004339,NC-2026-0004339,production_order,PRD000063003,P000893,LOT00152509,2025-11-15,surface_finish,major,4,machine_setting,scrap,2025-11-25,472.32
NC000004340,NC-2026-0004340,production_order,PRD000063033,P000710,LOT00217691,2024-12-21,packaging,major,6,process_variation,rework,2025-01-07,775.79
NC000004341,NC-2026-0004341,production_order,PRD000063038,P000223,LOT00001199,2024-08-08,electrical,critical,4,design_tolerance,scrap,2024-08-22,1731.22
NC000004342,NC-2026-0004342,production_order,PRD000063100,P000171,LOT00142697,2024-08-11,functional,minor,14,operator_error,scrap,2024-08-19,792.57
NC000004343,NC-2026-0004343,production_order,PRD000063151,P000869,LOT00069769,2024-08-26,functional,minor,1,process_variation,scrap,2024-09-11,186.27
NC000004344,NC-2026-0004344,production_order,PRD000063157,P000172,LOT00210601,2025-09-18,dimensional,critical,10,process_variation,use_as_is,2025-09-21,340.94
NC000004345,NC-2026-0004345,production_order,PRD000063170,P000011,LOT00022906,2024-03-22,packaging,minor,2,supplier_material,rework,2024-04-15,59.16
NC000004346,NC-2026-0004346,production_order,PRD000063171,P000408,LOT00061087,2024-04-12,electrical,minor,2,design_tolerance,scrap,2024-04-22,421.44
NC000004347,NC-2026-0004347,production_order,PRD000063172,P000575,LOT00070927,2024-09-24,dimensional,major,1,machine_setting,use_as_is,2024-09-26,0.0
NC000004348,NC-2026-0004348,production_order,PRD000063176,P000299,LOT00206417,2026-06-29,electrical,minor,7,design_tolerance,return_to_supplier,2026-07-20,627.24
NC000004349,NC-2026-0004349,production_order,PRD000063192,P000550,LOT00069330,2024-07-30,dimensional,major,1,process_variation,scrap,2024-08-14,76.65
NC000004350,NC-2026-0004350,production_order,PRD000063198,P000313,LOT00122644,2025-01-20,electrical,minor,8,supplier_material,return_to_supplier,2025-01-28,557.99
NC000004351,NC-2026-0004351,production_order,PRD000063214,P000036,LOT00009087,2026-01-03,packaging,minor,12,process_variation,use_as_is,2026-01-15,265.12
NC000004352,NC-2026-0004352,production_order,PRD000063221,P000511,LOT00235594,2026-08-12,electrical,minor,9,operator_error,return_to_supplier,2026-09-10,3967.69
NC000004353,NC-2026-0004353,production_order,PRD000063232,P000324,LOT00030735,2025-11-04,functional,major,9,process_variation,use_as_is,2025-11-26,353.45
NC000004354,NC-2026-0004354,production_order,PRD000063241,P000266,LOT00099598,2024-10-19,functional,minor,6,operator_error,scrap,2024-11-11,1785.92
NC000004355,NC-2026-0004355,production_order,PRD000063257,P000248,LOT00188883,2024-02-20,surface_finish,minor,6,operator_error,use_as_is,2024-02-24,448.21
NC000004356,NC-2026-0004356,production_order,PRD000063260,P000068,LOT00098458,2025-06-08,packaging,minor,3,operator_error,use_as_is,2025-06-29,124.08
NC000004357,NC-2026-0004357,production_order,PRD000063314,P000282,LOT00071642,2026-03-03,surface_finish,major,3,process_variation,return_to_supplier,2026-03-23,398.78
NC000004358,NC-2026-0004358,production_order,PRD000063326,P000078,LOT00039507,2024-07-16,functional,minor,5,supplier_material,use_as_is,2024-07-22,159.33
NC000004359,NC-2026-0004359,production_order,PRD000063330,P000486,LOT00241803,2026-02-05,dimensional,minor,2,operator_error,scrap,2026-02-17,110.4
NC000004360,NC-2026-0004360,production_order,PRD000063332,P000773,LOT00241738,2025-12-15,surface_finish,minor,5,machine_setting,use_as_is,2025-12-28,99.61
NC000004361,NC-2026-0004361,production_order,PRD000063334,P000262,LOT00246646,2026-08-19,functional,major,1,process_variation,rework,2026-09-10,87.05
NC000004362,NC-2026-0004362,production_order,PRD000063368,P000364,LOT00223093,2025-11-14,electrical,minor,1,machine_setting,use_as_is,2025-11-29,38.27
NC000004363,NC-2026-0004363,production_order,PRD000063386,P000543,LOT00195522,2024-02-28,electrical,critical,1,supplier_material,use_as_is,2024-03-22,183.4
NC000004364,NC-2026-0004364,production_order,PRD000063393,P000521,LOT00079340,2025-07-10,packaging,major,14,operator_error,use_as_is,2025-07-19,1976.79
NC000004365,NC-2026-0004365,production_order,PRD000063397,P000384,LOT00143797,2024-06-22,packaging,minor,8,operator_error,use_as_is,2024-07-11,1348.77
NC000004366,NC-2026-0004366,production_order,PRD000063404,P000145,LOT00197820,2025-07-06,functional,critical,2,operator_error,use_as_is,2025-07-11,136.47
NC000004367,NC-2026-0004367,production_order,PRD000063428,P000413,LOT00100045,2024-02-17,surface_finish,minor,1,supplier_material,rework,2024-03-09,134.92
NC000004368,NC-2026-0004368,production_order,PRD000063457,P000779,LOT00198718,2026-02-20,dimensional,major,5,operator_error,scrap,2026-03-12,428.99
NC000004369,NC-2026-0004369,production_order,PRD000063509,P000265,LOT00074996,2026-07-30,dimensional,minor,12,design_tolerance,rework,2026-08-16,1238.89
NC000004370,NC-2026-0004370,production_order,PRD000063529,P000929,LOT00079286,2026-08-17,electrical,minor,6,supplier_material,scrap,2026-09-15,282.69
NC000004371,NC-2026-0004371,production_order,PRD000063547,P000479,LOT00196428,2026-03-15,electrical,minor,11,machine_setting,scrap,2026-03-19,1503.81
NC000004372,NC-2026-0004372,production_order,PRD000063553,P000465,LOT00084896,2026-08-01,dimensional,critical,5,operator_error,scrap,2026-08-17,415.89
NC000004373,NC-2026-0004373,production_order,PRD000063555,P000382,LOT00002871,2026-01-29,surface_finish,minor,9,machine_setting,use_as_is,2026-02-01,54.29
NC000004374,NC-2026-0004374,production_order,PRD000063570,P000363,LOT00244253,2026-05-23,dimensional,major,1,operator_error,use_as_is,2026-06-02,94.22
NC000004375,NC-2026-0004375,production_order,PRD000063576,P000115,LOT00187116,2024-04-05,dimensional,minor,1,machine_setting,scrap,2024-04-08,23.3
NC000004376,NC-2026-0004376,production_order,PRD000063582,P000368,LOT00098638,2026-01-11,electrical,major,6,process_variation,scrap,2026-02-02,780.9
NC000004377,NC-2026-0004377,production_order,PRD000063583,P000664,LOT00180432,2024-12-23,dimensional,minor,4,operator_error,return_to_supplier,2025-01-02,185.61
NC000004378,NC-2026-0004378,production_order,PRD000063600,P000039,LOT00071313,2024-04-13,functional,minor,7,machine_setting,use_as_is,2024-05-03,2418.35
NC000004379,NC-2026-0004379,production_order,PRD000063628,P000355,LOT00057177,2024-12-11,functional,critical,2,operator_error,use_as_is,2024-12-17,90.3
NC000004380,NC-2026-0004380,production_order,PRD000063645,P000520,LOT00061180,2025-04-20,functional,critical,3,supplier_material,rework,2025-05-17,349.63
NC000004381,NC-2026-0004381,production_order,PRD000063649,P000721,LOT00197299,2026-04-27,surface_finish,minor,14,supplier_material,rework,2026-05-21,266.09
NC000004382,NC-2026-0004382,production_order,PRD000063652,P000117,LOT00153144,2024-05-14,electrical,major,1,process_variation,rework,2024-06-08,66.25
NC000004383,NC-2026-0004383,production_order,PRD000063656,P000934,LOT00025870,2026-03-25,dimensional,major,7,process_variation,use_as_is,2026-03-31,133.86
NC000004384,NC-2026-0004384,production_order,PRD000063663,P000235,LOT00163547,2026-08-07,surface_finish,major,2,design_tolerance,use_as_is,2026-08-13,202.8
NC000004385,NC-2026-0004385,production_order,PRD000063674,P000058,LOT00068227,2024-05-07,functional,major,1,operator_error,rework,2024-05-13,82.64
NC000004386,NC-2026-0004386,production_order,PRD000063676,P000044,LOT00234539,2025-04-05,dimensional,minor,14,machine_setting,scrap,2025-04-25,3060.07
NC000004387,NC-2026-0004387,production_order,PRD000063710,P000781,LOT00004852,2024-06-04,surface_finish,minor,4,operator_error,return_to_supplier,2024-06-20,528.05
NC000004388,NC-2026-0004388,production_order,PRD000063712,P000240,LOT00091991,2024-06-13,electrical,critical,2,design_tolerance,rework,2024-06-24,171.25
NC000004389,NC-2026-0004389,production_order,PRD000063723,P000462,LOT00072279,2026-08-06,dimensional,minor,5,design_tolerance,rework,2026-08-28,576.82
NC000004390,NC-2026-0004390,production_order,PRD000063732,P000851,LOT00018695,2025-06-29,electrical,major,1,machine_setting,use_as_is,2025-07-04,42.07
NC000004391,NC-2026-0004391,production_order,PRD000063738,P000805,LOT00009389,2024-12-01,electrical,major,9,design_tolerance,rework,2024-12-24,227.57
NC000004392,NC-2026-0004392,production_order,PRD000063745,P000928,LOT00221946,2024-06-15,dimensional,minor,2,process_variation,use_as_is,2024-07-09,241.39
NC000004393,NC-2026-0004393,production_order,PRD000063758,P000916,LOT00192040,2024-10-05,dimensional,major,5,machine_setting,rework,2024-10-29,419.2
NC000004394,NC-2026-0004394,production_order,PRD000063761,P000738,LOT00134283,2024-07-06,electrical,minor,6,process_variation,use_as_is,2024-07-22,248.08
NC000004395,NC-2026-0004395,production_order,PRD000063763,P000117,LOT00066879,2026-06-20,surface_finish,critical,10,design_tolerance,rework,2026-07-19,1610.63
NC000004396,NC-2026-0004396,production_order,PRD000063768,P000126,LOT00231553,2025-11-30,packaging,minor,11,supplier_material,return_to_supplier,2025-12-28,602.01
NC000004397,NC-2026-0004397,production_order,PRD000063788,P000552,LOT00238899,2026-02-04,electrical,minor,5,supplier_material,scrap,2026-02-21,1272.38
NC000004398,NC-2026-0004398,production_order,PRD000063796,P000284,LOT00135086,2026-04-03,packaging,critical,10,process_variation,rework,2026-04-11,80.66
NC000004399,NC-2026-0004399,production_order,PRD000063826,P000601,LOT00151734,2025-10-11,dimensional,minor,5,operator_error,scrap,2025-11-05,1603.54
NC000004400,NC-2026-0004400,production_order,PRD000063840,P000888,LOT00046913,2024-11-19,functional,minor,12,machine_setting,rework,2024-12-15,1471.42
NC000004401,NC-2026-0004401,production_order,PRD000063874,P000749,LOT00182878,2025-12-27,packaging,critical,5,process_variation,scrap,2026-01-17,550.13
NC000004402,NC-2026-0004402,production_order,PRD000063879,P000818,LOT00158895,2024-08-19,surface_finish,minor,2,process_variation,scrap,2024-09-10,56.19
NC000004403,NC-2026-0004403,production_order,PRD000063899,P000075,LOT00199641,2025-11-16,electrical,minor,3,machine_setting,return_to_supplier,2025-11-27,122.73
NC000004404,NC-2026-0004404,production_order,PRD000063937,P000789,LOT00196587,2026-01-14,packaging,minor,14,machine_setting,use_as_is,2026-01-31,310.84
NC000004405,NC-2026-0004405,production_order,PRD000063969,P000947,LOT00201220,2026-07-13,surface_finish,critical,1,design_tolerance,use_as_is,2026-07-18,176.93
NC000004406,NC-2026-0004406,production_order,PRD000063995,P000244,LOT00217410,2025-01-14,functional,major,3,design_tolerance,scrap,2025-01-19,36.02
NC000004407,NC-2026-0004407,production_order,PRD000064003,P000390,LOT00197035,2024-04-23,functional,minor,1,operator_error,scrap,2024-05-06,12.32
NC000004408,NC-2026-0004408,production_order,PRD000064024,P000760,LOT00063724,2026-03-12,dimensional,critical,2,operator_error,scrap,2026-04-04,82.36
NC000004409,NC-2026-0004409,production_order,PRD000064031,P000278,LOT00158758,2025-12-09,functional,minor,12,design_tolerance,rework,2025-12-29,1102.39
NC000004410,NC-2026-0004410,production_order,PRD000064042,P000739,LOT00168315,2024-08-15,dimensional,minor,4,process_variation,scrap,2024-09-08,210.23
NC000004411,NC-2026-0004411,production_order,PRD000064052,P000234,LOT00132658,2024-06-10,dimensional,minor,5,process_variation,return_to_supplier,2024-06-15,326.02
NC000004412,NC-2026-0004412,production_order,PRD000064066,P000589,LOT00055896,2025-11-10,surface_finish,major,10,supplier_material,rework,2025-11-16,279.92
NC000004413,NC-2026-0004413,production_order,PRD000064096,P000651,LOT00133691,2024-06-21,surface_finish,minor,3,operator_error,scrap,2024-07-10,1104.11
NC000004414,NC-2026-0004414,production_order,PRD000064099,P000001,LOT00225161,2026-01-26,surface_finish,minor,6,machine_setting,scrap,2026-02-17,1644.57
NC000004415,NC-2026-0004415,production_order,PRD000064113,P000456,LOT00126260,2025-06-15,surface_finish,major,10,design_tolerance,return_to_supplier,2025-06-18,2311.37
NC000004416,NC-2026-0004416,production_order,PRD000064147,P000223,LOT00081424,2025-11-10,electrical,major,3,machine_setting,rework,2025-12-01,1213.94
NC000004417,NC-2026-0004417,production_order,PRD000064156,P000221,LOT00156479,2024-08-22,dimensional,minor,1,process_variation,rework,2024-09-14,0.0
NC000004418,NC-2026-0004418,production_order,PRD000064175,P000799,LOT00071159,2025-11-03,packaging,minor,9,process_variation,scrap,2025-11-09,1378.17
NC000004419,NC-2026-0004419,production_order,PRD000064231,P000617,LOT00198639,2025-03-13,surface_finish,critical,10,operator_error,return_to_supplier,2025-03-16,218.33
NC000004420,NC-2026-0004420,production_order,PRD000064232,P000451,LOT00211148,2026-06-08,electrical,minor,1,process_variation,scrap,2026-06-29,56.55
NC000004421,NC-2026-0004421,production_order,PRD000064234,P000734,LOT00160817,2024-11-18,dimensional,minor,7,supplier_material,use_as_is,2024-12-13,443.04
NC000004422,NC-2026-0004422,production_order,PRD000064245,P000934,LOT00084404,2026-01-12,surface_finish,major,3,machine_setting,rework,2026-02-01,33.94
NC000004423,NC-2026-0004423,production_order,PRD000064314,P000276,LOT00124032,2024-12-04,dimensional,critical,2,supplier_material,return_to_supplier,2024-12-26,97.51
NC000004424,NC-2026-0004424,production_order,PRD000064316,P000825,LOT00199444,2024-09-21,functional,minor,1,supplier_material,rework,2024-10-04,74.28
NC000004425,NC-2026-0004425,production_order,PRD000064323,P000047,LOT00189073,2024-04-21,functional,minor,13,machine_setting,rework,2024-05-20,774.21
NC000004426,NC-2026-0004426,production_order,PRD000064353,P000549,LOT00199711,2026-02-04,packaging,minor,1,machine_setting,return_to_supplier,2026-02-22,24.93
NC000004427,NC-2026-0004427,production_order,PRD000064397,P000235,LOT00248543,2025-04-29,functional,minor,4,machine_setting,rework,2025-05-07,430.97
NC000004428,NC-2026-0004428,production_order,PRD000064427,P000740,LOT00043600,2025-08-27,packaging,major,1,operator_error,use_as_is,2025-09-23,58.73
NC000004429,NC-2026-0004429,production_order,PRD000064428,P000834,LOT00080999,2025-07-23,surface_finish,minor,4,machine_setting,scrap,2025-08-10,105.01
NC000004430,NC-2026-0004430,production_order,PRD000064432,P000330,LOT00227551,2025-04-28,packaging,minor,14,machine_setting,return_to_supplier,2025-05-07,1029.41
NC000004431,NC-2026-0004431,production_order,PRD000064457,P000909,LOT00032516,2025-06-21,packaging,major,10,operator_error,return_to_supplier,2025-07-01,1044.51
NC000004432,NC-2026-0004432,production_order,PRD000064485,P000890,LOT00007297,2026-03-26,electrical,minor,4,operator_error,rework,2026-04-11,42.39
NC000004433,NC-2026-0004433,production_order,PRD000064492,P000405,LOT00199380,2024-09-11,dimensional,major,2,machine_setting,scrap,2024-09-17,32.96
NC000004434,NC-2026-0004434,production_order,PRD000064514,P000361,LOT00206897,2024-05-15,functional,minor,11,machine_setting,use_as_is,2024-06-08,384.09
NC000004435,NC-2026-0004435,production_order,PRD000064537,P000261,LOT00082246,2025-10-05,surface_finish,major,7,process_variation,use_as_is,2025-10-15,120.67
NC000004436,NC-2026-0004436,production_order,PRD000064540,P000810,LOT00202802,2025-11-16,surface_finish,major,6,process_variation,return_to_supplier,2025-12-04,1415.73
NC000004437,NC-2026-0004437,production_order,PRD000064546,P000334,LOT00229496,2025-01-15,functional,major,4,machine_setting,rework,2025-02-12,316.2
NC000004438,NC-2026-0004438,production_order,PRD000064569,P000124,LOT00124686,2025-06-20,electrical,major,1,process_variation,return_to_supplier,2025-07-16,65.56
NC000004439,NC-2026-0004439,production_order,PRD000064579,P000901,LOT00102489,2025-11-06,packaging,major,4,supplier_material,scrap,2025-11-19,242.14
NC000004440,NC-2026-0004440,production_order,PRD000064614,P000555,LOT00023231,2026-04-30,functional,major,5,supplier_material,use_as_is,2026-05-04,727.61
NC000004441,NC-2026-0004441,production_order,PRD000064647,P000880,LOT00096654,2025-01-27,functional,minor,12,process_variation,use_as_is,2025-02-01,2451.58
NC000004442,NC-2026-0004442,production_order,PRD000064648,P000835,LOT00117068,2025-09-22,surface_finish,major,2,design_tolerance,rework,2025-10-18,131.84
NC000004443,NC-2026-0004443,production_order,PRD000064652,P000915,LOT00169719,2025-04-30,functional,major,6,supplier_material,rework,2025-05-27,740.1
NC000004444,NC-2026-0004444,production_order,PRD000064653,P000545,LOT00037388,2026-03-03,packaging,minor,2,process_variation,use_as_is,2026-03-11,86.29
NC000004445,NC-2026-0004445,production_order,PRD000064662,P000647,LOT00249127,2026-08-22,functional,major,4,supplier_material,rework,2026-09-06,290.3
NC000004446,NC-2026-0004446,production_order,PRD000064669,P000084,LOT00017298,2024-03-20,functional,minor,2,process_variation,rework,2024-03-29,132.75
NC000004447,NC-2026-0004447,production_order,PRD000064681,P000281,LOT00248153,2025-07-28,surface_finish,minor,6,supplier_material,rework,2025-08-05,532.99
NC000004448,NC-2026-0004448,production_order,PRD000064686,P000361,LOT00201899,2024-08-27,surface_finish,critical,2,operator_error,rework,2024-09-05,48.96
NC000004449,NC-2026-0004449,production_order,PRD000064715,P000328,LOT00126967,2026-06-19,dimensional,major,12,supplier_material,scrap,2026-07-14,583.52
NC000004450,NC-2026-0004450,production_order,PRD000064759,P000775,LOT00010392,2025-04-02,packaging,major,6,design_tolerance,return_to_supplier,2025-04-17,635.33
NC000004451,NC-2026-0004451,production_order,PRD000064771,P000684,LOT00153306,2026-03-30,packaging,major,12,operator_error,rework,2026-04-13,1455.73
NC000004452,NC-2026-0004452,production_order,PRD000064789,P000596,LOT00016640,2024-11-14,packaging,major,12,process_variation,rework,2024-12-01,1115.12
NC000004453,NC-2026-0004453,production_order,PRD000064804,P000180,LOT00082402,2024-07-29,packaging,major,1,process_variation,scrap,2024-08-15,28.94
NC000004454,NC-2026-0004454,production_order,PRD000064870,P000853,LOT00222161,2024-07-28,dimensional,minor,2,operator_error,rework,2024-07-30,38.03
NC000004455,NC-2026-0004455,production_order,PRD000064872,P000312,LOT00214636,2025-02-28,surface_finish,minor,7,design_tolerance,rework,2025-03-03,334.73
NC000004456,NC-2026-0004456,production_order,PRD000064873,P000939,LOT00145548,2026-05-20,dimensional,major,13,operator_error,return_to_supplier,2026-05-29,1645.78
NC000004457,NC-2026-0004457,production_order,PRD000064878,P000809,LOT00230447,2025-05-10,electrical,critical,12,machine_setting,scrap,2025-05-28,828.74
NC000004458,NC-2026-0004458,production_order,PRD000064891,P000213,LOT00021025,2025-11-12,functional,minor,4,machine_setting,scrap,2025-11-26,121.94
NC000004459,NC-2026-0004459,production_order,PRD000064903,P000772,LOT00201616,2024-06-15,functional,minor,3,process_variation,rework,2024-06-24,467.71
NC000004460,NC-2026-0004460,production_order,PRD000064941,P000552,LOT00120782,2026-03-13,dimensional,minor,10,process_variation,return_to_supplier,2026-03-23,6917.83
NC000004461,NC-2026-0004461,production_order,PRD000064956,P000605,LOT00176136,2026-02-18,surface_finish,minor,12,design_tolerance,scrap,2026-02-20,815.64
NC000004462,NC-2026-0004462,production_order,PRD000064957,P000373,LOT00168032,2025-04-04,packaging,minor,4,operator_error,return_to_supplier,2025-04-15,341.02
NC000004463,NC-2026-0004463,production_order,PRD000064965,P000849,LOT00042716,2026-03-28,dimensional,major,9,operator_error,use_as_is,2026-04-04,738.95
NC000004464,NC-2026-0004464,production_order,PRD000064997,P000283,LOT00232028,2025-10-08,functional,major,1,design_tolerance,scrap,2025-10-14,54.15
NC000004465,NC-2026-0004465,production_order,PRD000065007,P000103,LOT00120909,2024-08-29,functional,major,6,process_variation,rework,2024-09-15,331.87
NC000004466,NC-2026-0004466,production_order,PRD000065045,P000308,LOT00173230,2026-02-03,electrical,minor,2,design_tolerance,rework,2026-02-09,271.29
NC000004467,NC-2026-0004467,production_order,PRD000065053,P000461,LOT00223587,2024-09-13,dimensional,minor,2,design_tolerance,rework,2024-09-26,93.98
NC000004468,NC-2026-0004468,production_order,PRD000065074,P000536,LOT00243285,2026-03-19,electrical,minor,4,supplier_material,return_to_supplier,2026-04-18,253.8
NC000004469,NC-2026-0004469,production_order,PRD000065141,P000756,LOT00141104,2025-08-25,functional,minor,3,design_tolerance,rework,2025-09-08,385.07
NC000004470,NC-2026-0004470,production_order,PRD000065156,P000870,LOT00146463,2024-10-24,surface_finish,minor,5,process_variation,rework,2024-11-14,111.77
NC000004471,NC-2026-0004471,production_order,PRD000065163,P000221,LOT00226666,2024-03-13,electrical,critical,1,operator_error,return_to_supplier,2024-03-19,115.68
NC000004472,NC-2026-0004472,production_order,PRD000065185,P000168,LOT00049140,2026-07-13,dimensional,major,8,machine_setting,rework,2026-08-03,566.21
NC000004473,NC-2026-0004473,production_order,PRD000065188,P000019,LOT00040681,2025-05-11,functional,minor,5,design_tolerance,scrap,2025-06-07,999.13
NC000004474,NC-2026-0004474,production_order,PRD000065198,P000161,LOT00095707,2025-04-24,dimensional,minor,12,machine_setting,scrap,2025-05-18,892.36
NC000004475,NC-2026-0004475,production_order,PRD000065207,P000690,LOT00120070,2024-11-26,surface_finish,critical,1,machine_setting,return_to_supplier,2024-12-13,0.0
NC000004476,NC-2026-0004476,production_order,PRD000065209,P000762,LOT00197525,2025-08-10,dimensional,minor,6,process_variation,rework,2025-08-14,435.55
NC000004477,NC-2026-0004477,production_order,PRD000065214,P000624,LOT00000423,2025-07-15,functional,minor,12,supplier_material,scrap,2025-08-01,1503.24
NC000004478,NC-2026-0004478,production_order,PRD000065215,P000883,LOT00240739,2025-01-17,dimensional,minor,1,operator_error,rework,2025-02-10,20.0
NC000004479,NC-2026-0004479,production_order,PRD000065232,P000073,LOT00131528,2025-08-15,dimensional,major,5,process_variation,use_as_is,2025-08-18,680.58
NC000004480,NC-2026-0004480,production_order,PRD000065241,P000718,LOT00113416,2024-02-06,packaging,minor,2,design_tolerance,rework,2024-03-07,191.84
NC000004481,NC-2026-0004481,production_order,PRD000065255,P000237,LOT00182625,2025-08-16,packaging,minor,5,machine_setting,return_to_supplier,2025-09-10,718.64
NC000004482,NC-2026-0004482,production_order,PRD000065264,P000418,LOT00163527,2026-05-23,surface_finish,major,13,process_variation,return_to_supplier,2026-05-25,680.05
NC000004483,NC-2026-0004483,production_order,PRD000065275,P000333,LOT00132927,2026-03-26,packaging,minor,11,process_variation,rework,2026-04-11,4817.95
NC000004484,NC-2026-0004484,production_order,PRD000065280,P000374,LOT00116401,2025-06-14,electrical,minor,7,operator_error,rework,2025-06-19,304.59
NC000004485,NC-2026-0004485,production_order,PRD000065324,P000814,LOT00080989,2024-01-28,dimensional,minor,5,machine_setting,rework,2024-02-18,91.87
NC000004486,NC-2026-0004486,production_order,PRD000065351,P000823,LOT00117784,2025-01-12,electrical,major,7,process_variation,use_as_is,2025-01-18,1259.67
NC000004487,NC-2026-0004487,production_order,PRD000065358,P000562,LOT00214872,2024-03-05,functional,minor,1,machine_setting,rework,2024-03-10,70.36
NC000004488,NC-2026-0004488,production_order,PRD000065370,P000857,LOT00226740,2026-02-26,functional,major,2,process_variation,rework,2026-03-07,113.18
NC000004489,NC-2026-0004489,production_order,PRD000065383,P000470,LOT00008466,2024-05-05,packaging,major,6,process_variation,rework,2024-05-20,493.6
NC000004490,NC-2026-0004490,production_order,PRD000065422,P000359,LOT00217385,2025-04-07,surface_finish,major,1,machine_setting,use_as_is,2025-04-16,15.48
NC000004491,NC-2026-0004491,production_order,PRD000065436,P000363,LOT00013029,2024-09-15,functional,major,1,operator_error,rework,2024-09-30,0.0
NC000004492,NC-2026-0004492,production_order,PRD000065439,P000464,LOT00215214,2025-07-25,packaging,minor,7,supplier_material,return_to_supplier,2025-07-31,443.97
NC000004493,NC-2026-0004493,production_order,PRD000065441,P000893,LOT00176087,2026-06-26,functional,critical,7,machine_setting,use_as_is,2026-07-03,1462.57
NC000004494,NC-2026-0004494,production_order,PRD000065505,P000751,LOT00059952,2026-05-04,dimensional,major,2,supplier_material,rework,2026-05-30,62.89
NC000004495,NC-2026-0004495,production_order,PRD000065528,P000199,LOT00145174,2025-02-19,dimensional,critical,4,process_variation,scrap,2025-02-23,106.8
NC000004496,NC-2026-0004496,production_order,PRD000065545,P000721,LOT00013268,2024-04-02,dimensional,minor,6,design_tolerance,rework,2024-04-29,219.73
NC000004497,NC-2026-0004497,production_order,PRD000065546,P000789,LOT00145183,2025-04-28,surface_finish,minor,5,machine_setting,rework,2025-05-04,131.58
NC000004498,NC-2026-0004498,production_order,PRD000065606,P000133,LOT00185919,2025-11-28,dimensional,major,5,process_variation,scrap,2025-12-16,95.7
NC000004499,NC-2026-0004499,production_order,PRD000065610,P000284,LOT00240665,2025-06-14,surface_finish,minor,3,process_variation,scrap,2025-07-14,16.85
NC000004500,NC-2026-0004500,production_order,PRD000065620,P000855,LOT00104159,2025-10-02,surface_finish,major,1,design_tolerance,rework,2025-10-06,78.73
NC000004501,NC-2026-0004501,production_order,PRD000065630,P000166,LOT00115681,2025-12-17,dimensional,major,2,process_variation,return_to_supplier,2025-12-25,172.16
NC000004502,NC-2026-0004502,production_order,PRD000065631,P000561,LOT00050766,2025-10-29,functional,critical,1,supplier_material,scrap,2025-11-10,34.85
NC000004503,NC-2026-0004503,production_order,PRD000065639,P000349,LOT00076306,2026-05-27,dimensional,critical,12,design_tolerance,scrap,2026-05-30,551.54
NC000004504,NC-2026-0004504,production_order,PRD000065654,P000569,LOT00001457,2024-06-14,functional,minor,4,supplier_material,scrap,2024-07-09,653.15
NC000004505,NC-2026-0004505,production_order,PRD000065683,P000353,LOT00141158,2026-01-26,functional,minor,3,process_variation,rework,2026-02-09,167.14
NC000004506,NC-2026-0004506,production_order,PRD000065703,P000749,LOT00194734,2024-10-11,dimensional,minor,4,operator_error,rework,2024-10-25,259.44
NC000004507,NC-2026-0004507,production_order,PRD000065720,P000202,LOT00241108,2025-05-18,electrical,major,1,process_variation,scrap,2025-05-31,0.0
NC000004508,NC-2026-0004508,production_order,PRD000065724,P000873,LOT00062751,2025-01-16,packaging,minor,8,machine_setting,use_as_is,2025-02-08,190.92
NC000004509,NC-2026-0004509,production_order,PRD000065727,P000740,LOT00063047,2025-02-01,surface_finish,major,2,supplier_material,scrap,2025-02-07,124.02
NC000004510,NC-2026-0004510,production_order,PRD000065742,P000321,LOT00124383,2025-01-05,surface_finish,minor,6,operator_error,scrap,2025-02-02,252.85
NC000004511,NC-2026-0004511,production_order,PRD000065776,P000936,LOT00225857,2024-12-01,surface_finish,minor,2,operator_error,use_as_is,2024-12-20,107.2
NC000004512,NC-2026-0004512,production_order,PRD000065788,P000866,LOT00186409,2024-04-05,electrical,major,14,process_variation,scrap,2024-04-26,3688.07
NC000004513,NC-2026-0004513,production_order,PRD000065792,P000318,LOT00121533,2025-07-16,electrical,major,3,machine_setting,rework,2025-07-21,178.56
NC000004514,NC-2026-0004514,production_order,PRD000065794,P000028,LOT00229898,2025-11-13,surface_finish,major,5,machine_setting,scrap,2025-12-05,788.43
NC000004515,NC-2026-0004515,production_order,PRD000065813,P000553,LOT00216024,2026-01-25,surface_finish,minor,1,supplier_material,use_as_is,2026-02-13,163.0
NC000004516,NC-2026-0004516,production_order,PRD000065832,P000434,LOT00024719,2025-02-10,functional,critical,2,process_variation,return_to_supplier,2025-02-25,256.42
NC000004517,NC-2026-0004517,production_order,PRD000065838,P000938,LOT00093561,2025-12-16,electrical,critical,2,supplier_material,rework,2026-01-15,399.17
NC000004518,NC-2026-0004518,production_order,PRD000065864,P000348,LOT00082413,2025-07-15,electrical,major,4,design_tolerance,scrap,2025-07-24,264.12
NC000004519,NC-2026-0004519,production_order,PRD000065866,P000439,LOT00178021,2026-08-17,functional,major,9,process_variation,rework,2026-08-30,558.45
NC000004520,NC-2026-0004520,production_order,PRD000065902,P000937,LOT00241907,2024-09-12,functional,minor,4,operator_error,rework,2024-10-03,1017.36
NC000004521,NC-2026-0004521,production_order,PRD000065904,P000532,LOT00097917,2025-05-01,electrical,minor,1,machine_setting,rework,2025-05-14,34.23
NC000004522,NC-2026-0004522,production_order,PRD000065912,P000938,LOT00102020,2025-02-14,surface_finish,minor,4,machine_setting,rework,2025-03-02,522.39
NC000004523,NC-2026-0004523,production_order,PRD000065930,P000688,LOT00083534,2025-09-10,surface_finish,minor,1,operator_error,rework,2025-09-17,55.51
NC000004524,NC-2026-0004524,production_order,PRD000065947,P000174,LOT00245385,2024-08-11,electrical,major,8,operator_error,rework,2024-08-14,1434.85
NC000004525,NC-2026-0004525,production_order,PRD000065950,P000113,LOT00125578,2024-06-23,packaging,major,8,machine_setting,return_to_supplier,2024-07-04,276.86
NC000004526,NC-2026-0004526,production_order,PRD000065956,P000232,LOT00039560,2025-01-29,dimensional,major,10,supplier_material,rework,2025-02-05,892.68
NC000004527,NC-2026-0004527,production_order,PRD000065984,P000011,LOT00099561,2025-11-21,packaging,critical,2,design_tolerance,rework,2025-12-17,65.09
NC000004528,NC-2026-0004528,production_order,PRD000065990,P000563,LOT00009777,2024-05-11,electrical,major,2,machine_setting,use_as_is,2024-06-10,434.93
NC000004529,NC-2026-0004529,production_order,PRD000066026,P000112,LOT00017124,2025-01-30,packaging,major,1,machine_setting,return_to_supplier,2025-02-20,274.15
NC000004530,NC-2026-0004530,production_order,PRD000066039,P000145,LOT00038100,2026-06-04,dimensional,critical,3,design_tolerance,rework,2026-06-14,345.36
NC000004531,NC-2026-0004531,production_order,PRD000066048,P000720,LOT00037890,2024-06-10,surface_finish,minor,2,machine_setting,rework,2024-07-07,140.73
NC000004532,NC-2026-0004532,production_order,PRD000066053,P000007,LOT00086200,2025-10-19,dimensional,minor,4,operator_error,use_as_is,2025-11-09,801.41
NC000004533,NC-2026-0004533,production_order,PRD000066070,P000250,LOT00133122,2026-02-13,packaging,critical,1,supplier_material,rework,2026-02-27,123.56
NC000004534,NC-2026-0004534,production_order,PRD000066075,P000336,LOT00230606,2025-07-13,functional,major,7,operator_error,scrap,2025-07-26,891.92
NC000004535,NC-2026-0004535,production_order,PRD000066085,P000945,LOT00046099,2025-11-19,functional,critical,8,machine_setting,return_to_supplier,2025-12-09,1448.8
NC000004536,NC-2026-0004536,production_order,PRD000066098,P000175,LOT00103040,2026-04-19,electrical,major,11,machine_setting,rework,2026-04-21,451.93
NC000004537,NC-2026-0004537,production_order,PRD000066121,P000869,LOT00073711,2025-08-16,dimensional,critical,4,design_tolerance,rework,2025-08-29,603.58
NC000004538,NC-2026-0004538,production_order,PRD000066124,P000886,LOT00195595,2026-07-22,dimensional,minor,6,design_tolerance,use_as_is,2026-08-04,138.97
NC000004539,NC-2026-0004539,production_order,PRD000066126,P000107,LOT00158801,2026-01-05,electrical,major,11,supplier_material,scrap,2026-01-21,1000.51
NC000004540,NC-2026-0004540,production_order,PRD000066167,P000068,LOT00194201,2024-06-14,dimensional,minor,2,process_variation,rework,2024-07-02,102.27
NC000004541,NC-2026-0004541,production_order,PRD000066201,P000553,LOT00060712,2024-08-02,functional,minor,13,supplier_material,rework,2024-08-24,5053.87
NC000004542,NC-2026-0004542,production_order,PRD000066241,P000863,LOT00144141,2024-09-26,dimensional,major,2,supplier_material,rework,2024-10-18,420.0
NC000004543,NC-2026-0004543,production_order,PRD000066272,P000248,LOT00148089,2025-01-26,surface_finish,major,13,process_variation,rework,2025-02-09,2204.7
NC000004544,NC-2026-0004544,production_order,PRD000066298,P000823,LOT00051637,2025-03-15,functional,minor,3,operator_error,return_to_supplier,2025-04-02,775.55
NC000004545,NC-2026-0004545,production_order,PRD000066309,P000250,LOT00058855,2025-12-30,dimensional,critical,6,supplier_material,rework,2026-01-27,625.44
NC000004546,NC-2026-0004546,production_order,PRD000066324,P000239,LOT00122555,2024-10-20,electrical,minor,2,machine_setting,scrap,2024-11-14,294.15
NC000004547,NC-2026-0004547,production_order,PRD000066334,P000076,LOT00039508,2024-11-10,functional,major,3,operator_error,rework,2024-11-14,386.07
NC000004548,NC-2026-0004548,production_order,PRD000066349,P000529,LOT00239503,2024-07-16,surface_finish,major,8,supplier_material,use_as_is,2024-07-22,1231.95
NC000004549,NC-2026-0004549,production_order,PRD000066360,P000341,LOT00202859,2024-03-11,surface_finish,minor,6,operator_error,rework,2024-04-06,1124.66
NC000004550,NC-2026-0004550,production_order,PRD000066387,P000222,LOT00061135,2024-06-10,packaging,major,4,operator_error,rework,2024-07-04,915.09
NC000004551,NC-2026-0004551,production_order,PRD000066442,P000268,LOT00025217,2026-04-15,dimensional,minor,2,design_tolerance,rework,2026-05-05,45.97
NC000004552,NC-2026-0004552,production_order,PRD000066446,P000189,LOT00147837,2024-08-31,surface_finish,major,11,process_variation,use_as_is,2024-09-18,679.66
NC000004553,NC-2026-0004553,production_order,PRD000066468,P000060,LOT00116162,2026-08-31,dimensional,minor,11,machine_setting,rework,2026-09-08,519.97
NC000004554,NC-2026-0004554,production_order,PRD000066496,P000542,LOT00154425,2024-12-31,packaging,major,3,process_variation,rework,2025-01-18,305.32
NC000004555,NC-2026-0004555,production_order,PRD000066499,P000769,LOT00139047,2025-03-16,surface_finish,major,2,supplier_material,rework,2025-03-31,198.82
NC000004556,NC-2026-0004556,production_order,PRD000066506,P000714,LOT00149607,2024-02-17,dimensional,critical,1,design_tolerance,rework,2024-03-09,67.87
NC000004557,NC-2026-0004557,production_order,PRD000066537,P000877,LOT00063006,2025-03-11,dimensional,critical,3,operator_error,rework,2025-03-23,89.03
NC000004558,NC-2026-0004558,production_order,PRD000066545,P000186,LOT00155355,2024-12-08,surface_finish,minor,2,process_variation,rework,2024-12-10,42.05
NC000004559,NC-2026-0004559,production_order,PRD000066603,P000064,LOT00132647,2026-01-18,electrical,major,3,process_variation,rework,2026-02-10,188.54
NC000004560,NC-2026-0004560,production_order,PRD000066620,P000140,LOT00092621,2025-01-20,dimensional,major,3,operator_error,rework,2025-02-19,700.47
NC000004561,NC-2026-0004561,production_order,PRD000066629,P000131,LOT00029842,2024-05-01,functional,major,4,operator_error,use_as_is,2024-05-14,186.82
NC000004562,NC-2026-0004562,production_order,PRD000066633,P000747,LOT00026906,2025-07-25,surface_finish,major,4,process_variation,return_to_supplier,2025-08-04,69.49
NC000004563,NC-2026-0004563,production_order,PRD000066639,P000835,LOT00228297,2024-10-15,surface_finish,minor,5,process_variation,scrap,2024-11-08,450.01
NC000004564,NC-2026-0004564,production_order,PRD000066649,P000797,LOT00240008,2024-09-08,surface_finish,minor,5,machine_setting,rework,2024-09-30,285.2
NC000004565,NC-2026-0004565,production_order,PRD000066665,P000553,LOT00154191,2026-04-18,electrical,minor,12,machine_setting,return_to_supplier,2026-04-26,1708.76
NC000004566,NC-2026-0004566,production_order,PRD000066677,P000110,LOT00118904,2024-10-30,electrical,major,8,supplier_material,rework,2024-11-24,152.87
NC000004567,NC-2026-0004567,production_order,PRD000066702,P000239,LOT00213127,2024-09-18,functional,minor,10,process_variation,use_as_is,2024-09-21,1513.17
NC000004568,NC-2026-0004568,production_order,PRD000066729,P000141,LOT00208636,2025-05-13,functional,critical,3,operator_error,use_as_is,2025-05-21,35.75
NC000004569,NC-2026-0004569,production_order,PRD000066732,P000732,LOT00156291,2026-06-11,surface_finish,minor,3,operator_error,use_as_is,2026-06-17,101.91
NC000004570,NC-2026-0004570,production_order,PRD000066783,P000560,LOT00187003,2025-10-08,dimensional,critical,6,process_variation,scrap,2025-10-14,178.04
NC000004571,NC-2026-0004571,production_order,PRD000066786,P000122,LOT00048743,2025-02-13,surface_finish,critical,6,process_variation,use_as_is,2025-03-02,555.65
NC000004572,NC-2026-0004572,production_order,PRD000066797,P000384,LOT00017793,2025-04-16,surface_finish,major,4,machine_setting,rework,2025-05-06,275.26
NC000004573,NC-2026-0004573,production_order,PRD000066799,P000111,LOT00172221,2026-07-31,surface_finish,major,7,operator_error,scrap,2026-08-22,315.57
NC000004574,NC-2026-0004574,production_order,PRD000066800,P000808,LOT00014042,2024-10-17,dimensional,minor,7,supplier_material,scrap,2024-11-04,652.06
NC000004575,NC-2026-0004575,production_order,PRD000066811,P000761,LOT00157974,2026-03-14,dimensional,major,1,operator_error,rework,2026-04-01,0.0
NC000004576,NC-2026-0004576,production_order,PRD000066849,P000771,LOT00012571,2025-03-11,surface_finish,critical,8,supplier_material,scrap,2025-03-22,653.11
NC000004577,NC-2026-0004577,production_order,PRD000066858,P000475,LOT00160880,2026-02-14,dimensional,minor,3,design_tolerance,return_to_supplier,2026-02-23,776.63
NC000004578,NC-2026-0004578,production_order,PRD000066859,P000814,LOT00178455,2024-03-13,functional,critical,2,machine_setting,rework,2024-04-04,31.05
NC000004579,NC-2026-0004579,production_order,PRD000066864,P000065,LOT00164471,2025-03-07,electrical,minor,6,process_variation,scrap,2025-03-31,109.73
NC000004580,NC-2026-0004580,production_order,PRD000066889,P000289,LOT00055085,2024-06-18,dimensional,minor,6,supplier_material,scrap,2024-07-18,339.53
NC000004581,NC-2026-0004581,production_order,PRD000066901,P000524,LOT00016597,2025-07-02,surface_finish,major,3,process_variation,use_as_is,2025-07-17,155.93
NC000004582,NC-2026-0004582,production_order,PRD000066915,P000865,LOT00190247,2024-07-30,packaging,minor,4,machine_setting,rework,2024-08-02,86.58
NC000004583,NC-2026-0004583,production_order,PRD000066934,P000813,LOT00214303,2025-07-17,functional,major,6,process_variation,rework,2025-08-13,270.0
NC000004584,NC-2026-0004584,production_order,PRD000066951,P000349,LOT00026848,2025-02-21,functional,minor,10,supplier_material,rework,2025-03-16,543.9
NC000004585,NC-2026-0004585,production_order,PRD000067017,P000912,LOT00134063,2026-04-04,electrical,major,2,process_variation,rework,2026-04-18,127.78
NC000004586,NC-2026-0004586,production_order,PRD000067028,P000500,LOT00064936,2026-07-12,electrical,major,9,process_variation,scrap,2026-07-28,215.63
NC000004587,NC-2026-0004587,production_order,PRD000067036,P000340,LOT00107654,2025-02-11,dimensional,minor,2,operator_error,return_to_supplier,2025-02-28,96.47
NC000004588,NC-2026-0004588,production_order,PRD000067052,P000490,LOT00057821,2026-06-03,surface_finish,critical,2,process_variation,scrap,2026-06-13,184.29
NC000004589,NC-2026-0004589,production_order,PRD000067057,P000377,LOT00024785,2026-03-20,dimensional,minor,11,supplier_material,rework,2026-04-17,240.62
NC000004590,NC-2026-0004590,production_order,PRD000067069,P000450,LOT00246415,2026-07-08,functional,minor,7,operator_error,rework,2026-07-26,406.15
NC000004591,NC-2026-0004591,production_order,PRD000067115,P000147,LOT00112939,2025-06-12,electrical,major,5,operator_error,scrap,2025-07-08,362.34
NC000004592,NC-2026-0004592,production_order,PRD000067130,P000178,LOT00055050,2024-03-08,surface_finish,minor,7,machine_setting,rework,2024-03-16,266.99
NC000004593,NC-2026-0004593,production_order,PRD000067142,P000515,LOT00070349,2025-04-25,dimensional,major,4,design_tolerance,rework,2025-05-10,184.13
NC000004594,NC-2026-0004594,production_order,PRD000067170,P000882,LOT00182834,2025-01-19,packaging,minor,2,machine_setting,use_as_is,2025-02-03,330.54
NC000004595,NC-2026-0004595,production_order,PRD000067172,P000766,LOT00063925,2025-06-08,dimensional,major,5,machine_setting,rework,2025-07-03,1016.86
NC000004596,NC-2026-0004596,production_order,PRD000067190,P000636,LOT00219567,2025-09-06,dimensional,minor,4,supplier_material,use_as_is,2025-09-27,132.03
NC000004597,NC-2026-0004597,production_order,PRD000067193,P000811,LOT00002777,2024-06-26,packaging,critical,10,machine_setting,scrap,2024-07-19,7077.74
NC000004598,NC-2026-0004598,production_order,PRD000067236,P000306,LOT00221962,2024-06-23,dimensional,major,4,process_variation,return_to_supplier,2024-07-10,1325.49
NC000004599,NC-2026-0004599,production_order,PRD000067241,P000153,LOT00096490,2024-06-27,dimensional,minor,6,process_variation,rework,2024-07-02,698.82
NC000004600,NC-2026-0004600,production_order,PRD000067244,P000324,LOT00154747,2025-03-22,dimensional,major,5,machine_setting,use_as_is,2025-04-08,126.94
NC000004601,NC-2026-0004601,production_order,PRD000067287,P000581,LOT00100270,2026-01-17,surface_finish,major,11,supplier_material,scrap,2026-02-01,205.18
NC000004602,NC-2026-0004602,production_order,PRD000067288,P000678,LOT00153154,2026-05-18,functional,minor,2,operator_error,rework,2026-06-08,95.1
NC000004603,NC-2026-0004603,production_order,PRD000067318,P000083,LOT00096959,2026-08-17,dimensional,major,5,machine_setting,rework,2026-09-10,421.14
NC000004604,NC-2026-0004604,production_order,PRD000067325,P000129,LOT00163407,2025-01-11,electrical,minor,4,machine_setting,return_to_supplier,2025-02-02,93.53
NC000004605,NC-2026-0004605,production_order,PRD000067336,P000002,LOT00145703,2025-07-07,functional,minor,2,process_variation,rework,2025-07-26,72.49
NC000004606,NC-2026-0004606,production_order,PRD000067359,P000098,LOT00193684,2026-05-22,dimensional,minor,12,operator_error,return_to_supplier,2026-06-21,668.37
NC000004607,NC-2026-0004607,production_order,PRD000067374,P000703,LOT00122250,2024-09-25,functional,critical,13,design_tolerance,rework,2024-10-12,852.51
NC000004608,NC-2026-0004608,production_order,PRD000067380,P000672,LOT00165667,2026-02-23,electrical,major,9,machine_setting,scrap,2026-03-21,253.58
NC000004609,NC-2026-0004609,production_order,PRD000067408,P000532,LOT00096214,2024-08-08,surface_finish,major,14,process_variation,use_as_is,2024-08-19,490.42
NC000004610,NC-2026-0004610,production_order,PRD000067416,P000526,LOT00067986,2026-09-21,functional,critical,6,operator_error,rework,2026-09-28,313.26
NC000004611,NC-2026-0004611,production_order,PRD000067439,P000108,LOT00076256,2025-11-04,packaging,major,11,machine_setting,scrap,2025-11-29,390.77
NC000004612,NC-2026-0004612,production_order,PRD000067445,P000697,LOT00235346,2024-07-15,dimensional,major,5,machine_setting,rework,2024-07-31,1213.92
NC000004613,NC-2026-0004613,production_order,PRD000067447,P000554,LOT00028930,2024-03-21,dimensional,major,8,supplier_material,rework,2024-03-27,1560.3
NC000004614,NC-2026-0004614,production_order,PRD000067469,P000268,LOT00111126,2024-03-27,surface_finish,minor,3,process_variation,use_as_is,2024-04-09,99.72
NC000004615,NC-2026-0004615,production_order,PRD000067482,P000396,LOT00160288,2024-07-24,packaging,minor,5,machine_setting,rework,2024-08-20,432.73
NC000004616,NC-2026-0004616,production_order,PRD000067513,P000328,LOT00162565,2024-08-29,surface_finish,minor,3,design_tolerance,rework,2024-09-13,142.97
NC000004617,NC-2026-0004617,production_order,PRD000067535,P000808,LOT00178819,2024-07-08,functional,minor,8,machine_setting,rework,2024-08-04,920.03
NC000004618,NC-2026-0004618,production_order,PRD000067557,P000378,LOT00152273,2024-04-08,functional,minor,5,supplier_material,use_as_is,2024-05-04,66.27
NC000004619,NC-2026-0004619,production_order,PRD000067574,P000149,LOT00133157,2026-08-25,functional,major,3,operator_error,rework,2026-08-27,198.26
NC000004620,NC-2026-0004620,production_order,PRD000067592,P000469,LOT00121802,2025-10-11,electrical,minor,4,supplier_material,use_as_is,2025-10-19,130.82
NC000004621,NC-2026-0004621,production_order,PRD000067605,P000292,LOT00037616,2024-08-13,functional,major,2,operator_error,rework,2024-09-10,1233.04
NC000004622,NC-2026-0004622,production_order,PRD000067619,P000250,LOT00197998,2024-02-07,electrical,major,13,process_variation,rework,2024-02-19,1227.36
NC000004623,NC-2026-0004623,production_order,PRD000067622,P000506,LOT00078863,2026-01-17,packaging,minor,5,operator_error,scrap,2026-02-11,176.32
NC000004624,NC-2026-0004624,production_order,PRD000067637,P000428,LOT00115734,2025-11-10,packaging,minor,3,operator_error,return_to_supplier,2025-11-24,78.61
NC000004625,NC-2026-0004625,production_order,PRD000067654,P000589,LOT00230712,2024-06-25,surface_finish,minor,1,supplier_material,rework,2024-06-30,0.0
NC000004626,NC-2026-0004626,production_order,PRD000067675,P000252,LOT00229934,2024-10-16,packaging,critical,7,design_tolerance,rework,2024-10-24,409.25
NC000004627,NC-2026-0004627,production_order,PRD000067678,P000143,LOT00073957,2024-03-26,surface_finish,minor,14,supplier_material,rework,2024-04-12,444.38
NC000004628,NC-2026-0004628,production_order,PRD000067685,P000043,LOT00159317,2025-08-04,electrical,critical,2,process_variation,use_as_is,2025-08-30,445.31
NC000004629,NC-2026-0004629,production_order,PRD000067687,P000519,LOT00021672,2024-10-12,dimensional,minor,1,operator_error,rework,2024-11-05,0.0
NC000004630,NC-2026-0004630,production_order,PRD000067690,P000350,LOT00126643,2025-08-19,functional,minor,2,machine_setting,rework,2025-09-07,22.05
NC000004631,NC-2026-0004631,production_order,PRD000067701,P000539,LOT00244387,2026-08-16,packaging,major,4,supplier_material,scrap,2026-08-22,170.76
NC000004632,NC-2026-0004632,production_order,PRD000067710,P000419,LOT00148541,2026-08-25,dimensional,major,1,design_tolerance,scrap,2026-08-30,0.0
NC000004633,NC-2026-0004633,production_order,PRD000067756,P000823,LOT00131476,2026-07-07,functional,minor,5,machine_setting,rework,2026-08-06,1283.63
NC000004634,NC-2026-0004634,production_order,PRD000067762,P000112,LOT00114126,2025-06-21,surface_finish,minor,5,process_variation,scrap,2025-07-12,2064.48
NC000004635,NC-2026-0004635,production_order,PRD000067772,P000678,LOT00038007,2024-03-05,packaging,minor,6,process_variation,scrap,2024-03-23,474.54
NC000004636,NC-2026-0004636,production_order,PRD000067780,P000774,LOT00243425,2026-04-10,electrical,major,8,operator_error,rework,2026-05-05,278.84
NC000004637,NC-2026-0004637,production_order,PRD000067806,P000701,LOT00094911,2026-01-23,surface_finish,minor,11,operator_error,use_as_is,2026-02-12,1272.82
NC000004638,NC-2026-0004638,production_order,PRD000067813,P000363,LOT00172298,2026-04-19,packaging,minor,2,design_tolerance,return_to_supplier,2026-05-10,90.22
NC000004639,NC-2026-0004639,production_order,PRD000067823,P000914,LOT00089465,2024-04-07,surface_finish,minor,14,supplier_material,rework,2024-04-10,512.59
NC000004640,NC-2026-0004640,production_order,PRD000067833,P000373,LOT00165653,2026-04-22,dimensional,minor,6,machine_setting,rework,2026-05-05,158.81
NC000004641,NC-2026-0004641,production_order,PRD000067839,P000259,LOT00154126,2026-09-13,dimensional,minor,7,machine_setting,rework,2026-10-13,401.14
NC000004642,NC-2026-0004642,production_order,PRD000067856,P000138,LOT00059589,2026-10-11,dimensional,minor,1,process_variation,scrap,2026-11-06,46.01
NC000004643,NC-2026-0004643,production_order,PRD000067874,P000544,LOT00002096,2026-03-12,dimensional,major,3,machine_setting,rework,2026-03-15,45.19
NC000004644,NC-2026-0004644,production_order,PRD000067899,P000840,LOT00062658,2025-09-01,surface_finish,minor,1,process_variation,rework,2025-09-09,25.89
NC000004645,NC-2026-0004645,production_order,PRD000067909,P000548,LOT00046452,2024-04-29,electrical,major,1,machine_setting,rework,2024-05-08,35.65
NC000004646,NC-2026-0004646,production_order,PRD000067912,P000144,LOT00183240,2026-05-07,surface_finish,major,1,design_tolerance,rework,2026-05-11,83.12
NC000004647,NC-2026-0004647,production_order,PRD000067913,P000756,LOT00065377,2026-01-30,dimensional,major,6,operator_error,rework,2026-02-20,479.87
NC000004648,NC-2026-0004648,production_order,PRD000067917,P000023,LOT00069137,2024-10-21,functional,major,1,process_variation,rework,2024-10-29,31.29
NC000004649,NC-2026-0004649,production_order,PRD000067951,P000761,LOT00117507,2025-06-09,dimensional,major,5,machine_setting,rework,2025-06-23,345.27
NC000004650,NC-2026-0004650,production_order,PRD000067972,P000684,LOT00105189,2024-11-15,dimensional,minor,5,supplier_material,rework,2024-11-23,1331.52
NC000004651,NC-2026-0004651,production_order,PRD000067991,P000196,LOT00090105,2024-11-19,dimensional,critical,4,process_variation,scrap,2024-12-11,70.92
NC000004652,NC-2026-0004652,production_order,PRD000068012,P000623,LOT00123840,2024-05-16,dimensional,major,3,operator_error,rework,2024-05-29,236.37
NC000004653,NC-2026-0004653,production_order,PRD000068021,P000375,LOT00077860,2025-01-25,dimensional,minor,2,design_tolerance,scrap,2025-02-16,345.44
NC000004654,NC-2026-0004654,production_order,PRD000068046,P000333,LOT00200656,2026-09-16,dimensional,major,10,design_tolerance,return_to_supplier,2026-10-14,2972.12
NC000004655,NC-2026-0004655,production_order,PRD000068061,P000595,LOT00165087,2025-03-24,dimensional,minor,4,machine_setting,return_to_supplier,2025-04-22,96.12
NC000004656,NC-2026-0004656,production_order,PRD000068062,P000620,LOT00166345,2024-02-23,functional,minor,12,machine_setting,use_as_is,2024-03-03,1958.57
NC000004657,NC-2026-0004657,production_order,PRD000068068,P000936,LOT00232259,2026-05-07,dimensional,major,5,design_tolerance,rework,2026-05-15,194.41
NC000004658,NC-2026-0004658,production_order,PRD000068079,P000406,LOT00045560,2025-06-10,surface_finish,major,9,supplier_material,use_as_is,2025-06-23,109.66
NC000004659,NC-2026-0004659,production_order,PRD000068093,P000521,LOT00067977,2026-09-06,functional,major,2,supplier_material,scrap,2026-10-04,69.62
NC000004660,NC-2026-0004660,production_order,PRD000068121,P000446,LOT00178822,2025-08-04,dimensional,critical,7,process_variation,rework,2025-08-07,503.19
NC000004661,NC-2026-0004661,production_order,PRD000068124,P000182,LOT00140396,2025-02-19,dimensional,minor,14,operator_error,return_to_supplier,2025-03-11,1015.11
NC000004662,NC-2026-0004662,production_order,PRD000068135,P000394,LOT00154773,2025-08-13,functional,major,2,machine_setting,rework,2025-08-24,36.19
NC000004663,NC-2026-0004663,production_order,PRD000068143,P000532,LOT00142665,2024-12-16,surface_finish,minor,4,process_variation,rework,2025-01-11,90.54
NC000004664,NC-2026-0004664,production_order,PRD000068215,P000614,LOT00062173,2024-12-19,electrical,minor,4,machine_setting,use_as_is,2025-01-07,423.1
NC000004665,NC-2026-0004665,production_order,PRD000068248,P000156,LOT00116521,2026-01-01,functional,major,4,design_tolerance,scrap,2026-01-08,255.56
NC000004666,NC-2026-0004666,production_order,PRD000068259,P000215,LOT00116032,2025-07-08,functional,minor,8,process_variation,rework,2025-07-25,119.52
NC000004667,NC-2026-0004667,production_order,PRD000068271,P000807,LOT00006264,2025-01-25,packaging,major,12,machine_setting,use_as_is,2025-02-19,2008.19
NC000004668,NC-2026-0004668,production_order,PRD000068295,P000738,LOT00107877,2026-02-09,packaging,minor,8,process_variation,rework,2026-03-07,329.59
NC000004669,NC-2026-0004669,production_order,PRD000068305,P000654,LOT00170560,2026-05-01,electrical,minor,1,operator_error,rework,2026-05-12,0.0
NC000004670,NC-2026-0004670,production_order,PRD000068312,P000778,LOT00222344,2025-11-14,dimensional,major,1,operator_error,rework,2025-12-03,292.99
NC000004671,NC-2026-0004671,production_order,PRD000068324,P000115,LOT00132422,2024-08-28,functional,major,2,process_variation,rework,2024-09-11,30.22
NC000004672,NC-2026-0004672,production_order,PRD000068345,P000266,LOT00106344,2025-11-04,packaging,critical,3,design_tolerance,scrap,2025-11-17,269.58
NC000004673,NC-2026-0004673,production_order,PRD000068359,P000786,LOT00165600,2026-05-06,dimensional,minor,2,supplier_material,rework,2026-05-18,66.21
NC000004674,NC-2026-0004674,production_order,PRD000068376,P000787,LOT00187272,2026-07-01,packaging,minor,5,design_tolerance,scrap,2026-07-16,118.28
NC000004675,NC-2026-0004675,production_order,PRD000068389,P000071,LOT00149803,2026-04-24,surface_finish,minor,6,machine_setting,rework,2026-05-14,1157.22
NC000004676,NC-2026-0004676,production_order,PRD000068407,P000050,LOT00038926,2026-07-02,functional,critical,2,supplier_material,rework,2026-07-14,237.02
NC000004677,NC-2026-0004677,production_order,PRD000068416,P000671,LOT00086816,2025-10-02,packaging,major,3,supplier_material,scrap,2025-10-17,71.83
NC000004678,NC-2026-0004678,production_order,PRD000068468,P000407,LOT00001503,2026-05-22,electrical,major,1,machine_setting,scrap,2026-06-11,127.08
NC000004679,NC-2026-0004679,production_order,PRD000068476,P000750,LOT00000218,2025-01-23,dimensional,major,12,supplier_material,scrap,2025-02-11,1166.47
NC000004680,NC-2026-0004680,production_order,PRD000068478,P000492,LOT00006654,2025-09-27,dimensional,major,5,process_variation,rework,2025-10-17,299.0
NC000004681,NC-2026-0004681,production_order,PRD000068480,P000173,LOT00084087,2025-08-24,functional,minor,3,machine_setting,scrap,2025-09-09,198.18
NC000004682,NC-2026-0004682,production_order,PRD000068481,P000439,LOT00168451,2024-11-20,packaging,minor,7,supplier_material,rework,2024-12-16,560.69
NC000004683,NC-2026-0004683,production_order,PRD000068482,P000503,LOT00119932,2024-08-19,dimensional,minor,3,machine_setting,rework,2024-09-18,564.97
NC000004684,NC-2026-0004684,production_order,PRD000068491,P000184,LOT00060391,2025-03-08,surface_finish,minor,1,design_tolerance,rework,2025-04-05,126.62
NC000004685,NC-2026-0004685,production_order,PRD000068500,P000359,LOT00034625,2025-02-24,surface_finish,minor,14,supplier_material,return_to_supplier,2025-02-28,229.92
NC000004686,NC-2026-0004686,production_order,PRD000068510,P000235,LOT00111703,2024-12-30,packaging,major,8,machine_setting,return_to_supplier,2025-01-03,1024.94
NC000004687,NC-2026-0004687,production_order,PRD000068523,P000595,LOT00170355,2024-12-27,functional,minor,10,design_tolerance,scrap,2025-01-24,210.19
NC000004688,NC-2026-0004688,production_order,PRD000068533,P000480,LOT00232194,2026-06-23,electrical,minor,2,process_variation,rework,2026-07-13,125.43
NC000004689,NC-2026-0004689,production_order,PRD000068545,P000075,LOT00128561,2025-09-10,functional,major,1,operator_error,scrap,2025-09-24,14.31
NC000004690,NC-2026-0004690,production_order,PRD000068553,P000597,LOT00009613,2024-05-09,electrical,minor,5,machine_setting,scrap,2024-05-26,222.56
NC000004691,NC-2026-0004691,production_order,PRD000068574,P000501,LOT00171401,2024-10-13,surface_finish,major,8,supplier_material,rework,2024-10-19,2635.92
NC000004692,NC-2026-0004692,production_order,PRD000068579,P000598,LOT00076051,2024-04-04,surface_finish,major,11,operator_error,use_as_is,2024-05-03,1208.64
NC000004693,NC-2026-0004693,production_order,PRD000068582,P000888,LOT00174262,2025-06-28,functional,major,2,design_tolerance,scrap,2025-07-01,130.01
NC000004694,NC-2026-0004694,production_order,PRD000068586,P000816,LOT00053510,2024-11-11,surface_finish,major,4,machine_setting,scrap,2024-12-02,566.02
NC000004695,NC-2026-0004695,production_order,PRD000068591,P000508,LOT00107328,2024-05-10,surface_finish,minor,9,machine_setting,rework,2024-06-06,226.35
NC000004696,NC-2026-0004696,production_order,PRD000068614,P000755,LOT00046549,2025-09-25,electrical,minor,7,process_variation,use_as_is,2025-10-10,451.32
NC000004697,NC-2026-0004697,production_order,PRD000068619,P000155,LOT00037488,2025-04-04,dimensional,major,4,process_variation,rework,2025-04-07,172.74
NC000004698,NC-2026-0004698,production_order,PRD000068623,P000888,LOT00057385,2025-02-21,functional,major,3,process_variation,rework,2025-03-09,319.64
NC000004699,NC-2026-0004699,production_order,PRD000068647,P000696,LOT00107332,2025-06-17,electrical,minor,7,design_tolerance,return_to_supplier,2025-07-17,152.96
NC000004700,NC-2026-0004700,production_order,PRD000068659,P000501,LOT00194264,2025-11-08,surface_finish,minor,9,machine_setting,use_as_is,2025-11-28,2936.04
NC000004701,NC-2026-0004701,production_order,PRD000068669,P000431,LOT00019045,2026-02-28,surface_finish,major,2,supplier_material,rework,2026-03-12,54.14
NC000004702,NC-2026-0004702,production_order,PRD000068681,P000859,LOT00088555,2024-08-31,dimensional,major,1,operator_error,rework,2024-09-23,102.7
NC000004703,NC-2026-0004703,production_order,PRD000068703,P000442,LOT00069431,2025-04-24,electrical,minor,3,operator_error,rework,2025-05-05,440.2
NC000004704,NC-2026-0004704,production_order,PRD000068717,P000462,LOT00086023,2024-09-25,surface_finish,critical,4,machine_setting,use_as_is,2024-10-06,536.4
NC000004705,NC-2026-0004705,production_order,PRD000068719,P000593,LOT00053644,2024-02-03,dimensional,major,2,machine_setting,rework,2024-02-28,243.29
NC000004706,NC-2026-0004706,production_order,PRD000068721,P000577,LOT00203767,2025-12-30,electrical,minor,4,supplier_material,return_to_supplier,2026-01-18,208.66
NC000004707,NC-2026-0004707,production_order,PRD000068725,P000426,LOT00096982,2025-08-10,surface_finish,minor,12,operator_error,return_to_supplier,2025-08-29,629.81
NC000004708,NC-2026-0004708,production_order,PRD000068734,P000252,LOT00149121,2024-07-28,functional,minor,5,supplier_material,scrap,2024-08-05,839.73
NC000004709,NC-2026-0004709,production_order,PRD000068737,P000093,LOT00217656,2025-09-24,dimensional,minor,5,supplier_material,scrap,2025-10-20,362.43
NC000004710,NC-2026-0004710,production_order,PRD000068739,P000379,LOT00133135,2026-07-26,packaging,minor,1,design_tolerance,rework,2026-08-22,39.2
NC000004711,NC-2026-0004711,production_order,PRD000068780,P000852,LOT00073879,2025-10-16,surface_finish,minor,9,supplier_material,return_to_supplier,2025-10-25,313.58
NC000004712,NC-2026-0004712,production_order,PRD000068795,P000463,LOT00162186,2024-02-25,electrical,major,5,operator_error,return_to_supplier,2024-03-06,1201.97
NC000004713,NC-2026-0004713,production_order,PRD000068801,P000505,LOT00076922,2026-01-06,functional,minor,10,supplier_material,return_to_supplier,2026-02-04,244.77
NC000004714,NC-2026-0004714,production_order,PRD000068836,P000300,LOT00006608,2024-09-10,surface_finish,minor,7,operator_error,rework,2024-10-01,1438.79
NC000004715,NC-2026-0004715,production_order,PRD000068845,P000914,LOT00197343,2024-10-16,packaging,major,2,design_tolerance,return_to_supplier,2024-10-23,46.83
NC000004716,NC-2026-0004716,production_order,PRD000068849,P000367,LOT00148066,2024-03-06,dimensional,minor,5,design_tolerance,scrap,2024-03-15,63.79
NC000004717,NC-2026-0004717,production_order,PRD000068904,P000014,LOT00156863,2025-02-19,surface_finish,major,4,process_variation,rework,2025-02-28,308.14
NC000004718,NC-2026-0004718,production_order,PRD000068912,P000427,LOT00175592,2024-04-22,dimensional,major,1,operator_error,rework,2024-05-06,22.28
NC000004719,NC-2026-0004719,production_order,PRD000068913,P000579,LOT00209335,2025-04-21,dimensional,critical,4,design_tolerance,return_to_supplier,2025-05-10,255.03
NC000004720,NC-2026-0004720,production_order,PRD000068918,P000390,LOT00135810,2024-04-20,surface_finish,minor,4,operator_error,use_as_is,2024-04-26,61.76
NC000004721,NC-2026-0004721,production_order,PRD000068930,P000875,LOT00239273,2025-06-04,electrical,major,5,design_tolerance,rework,2025-06-27,341.4
NC000004722,NC-2026-0004722,production_order,PRD000068966,P000684,LOT00087217,2024-04-15,surface_finish,minor,4,process_variation,return_to_supplier,2024-05-04,514.58
NC000004723,NC-2026-0004723,production_order,PRD000068975,P000168,LOT00215018,2026-02-20,functional,major,5,supplier_material,rework,2026-03-19,410.11
NC000004724,NC-2026-0004724,production_order,PRD000068994,P000215,LOT00085323,2026-02-16,dimensional,major,13,machine_setting,rework,2026-03-15,432.08
NC000004725,NC-2026-0004725,production_order,PRD000068998,P000446,LOT00199285,2025-11-27,electrical,major,3,supplier_material,scrap,2025-12-11,135.47
NC000004726,NC-2026-0004726,production_order,PRD000069041,P000833,LOT00203673,2026-07-12,dimensional,major,7,machine_setting,use_as_is,2026-07-19,205.07
NC000004727,NC-2026-0004727,production_order,PRD000069077,P000620,LOT00185368,2024-08-26,functional,minor,4,operator_error,return_to_supplier,2024-09-12,1510.51
NC000004728,NC-2026-0004728,production_order,PRD000069095,P000285,LOT00058597,2025-06-03,functional,minor,10,machine_setting,use_as_is,2025-06-14,671.95
NC000004729,NC-2026-0004729,production_order,PRD000069146,P000212,LOT00071038,2025-08-01,surface_finish,minor,11,design_tolerance,rework,2025-08-16,1610.67
NC000004730,NC-2026-0004730,production_order,PRD000069150,P000017,LOT00117275,2024-09-02,surface_finish,minor,1,supplier_material,rework,2024-09-24,28.63
NC000004731,NC-2026-0004731,production_order,PRD000069155,P000237,LOT00179956,2026-02-27,electrical,minor,5,process_variation,scrap,2026-03-03,626.25
NC000004732,NC-2026-0004732,production_order,PRD000069165,P000398,LOT00160365,2025-10-18,functional,minor,3,design_tolerance,use_as_is,2025-10-31,605.57
NC000004733,NC-2026-0004733,production_order,PRD000069179,P000512,LOT00172657,2026-02-06,electrical,major,9,machine_setting,rework,2026-02-17,339.68
NC000004734,NC-2026-0004734,production_order,PRD000069182,P000443,LOT00053067,2026-09-11,dimensional,minor,10,process_variation,rework,2026-10-04,839.16
NC000004735,NC-2026-0004735,production_order,PRD000069208,P000292,LOT00063449,2024-06-02,dimensional,minor,7,machine_setting,return_to_supplier,2024-06-17,4005.33
NC000004736,NC-2026-0004736,production_order,PRD000069222,P000142,LOT00075370,2024-02-21,dimensional,major,9,machine_setting,scrap,2024-02-24,855.09
NC000004737,NC-2026-0004737,production_order,PRD000069228,P000011,LOT00083504,2026-06-29,dimensional,minor,8,process_variation,use_as_is,2026-07-28,198.06
NC000004738,NC-2026-0004738,production_order,PRD000069243,P000825,LOT00047323,2026-09-10,dimensional,major,4,machine_setting,scrap,2026-09-15,136.9
NC000004739,NC-2026-0004739,production_order,PRD000069271,P000871,LOT00117775,2025-02-08,surface_finish,major,4,design_tolerance,rework,2025-03-02,65.61
NC000004740,NC-2026-0004740,production_order,PRD000069339,P000128,LOT00232651,2025-12-31,electrical,minor,2,supplier_material,use_as_is,2026-01-12,45.01
NC000004741,NC-2026-0004741,production_order,PRD000069340,P000760,LOT00091760,2024-08-26,electrical,major,2,process_variation,rework,2024-09-17,91.04
NC000004742,NC-2026-0004742,production_order,PRD000069362,P000460,LOT00024643,2025-07-12,functional,critical,2,process_variation,use_as_is,2025-08-02,297.9
NC000004743,NC-2026-0004743,production_order,PRD000069369,P000452,LOT00038837,2025-03-13,functional,major,2,supplier_material,rework,2025-04-07,80.42
NC000004744,NC-2026-0004744,production_order,PRD000069381,P000409,LOT00152745,2025-03-14,surface_finish,minor,2,machine_setting,use_as_is,2025-04-07,97.41
NC000004745,NC-2026-0004745,production_order,PRD000069400,P000311,LOT00021989,2026-04-09,dimensional,minor,14,supplier_material,return_to_supplier,2026-04-26,358.86
NC000004746,NC-2026-0004746,production_order,PRD000069428,P000155,LOT00138200,2025-07-17,packaging,minor,4,operator_error,rework,2025-08-16,150.52
NC000004747,NC-2026-0004747,production_order,PRD000069431,P000191,LOT00086133,2026-06-27,surface_finish,critical,3,machine_setting,scrap,2026-07-14,58.42
NC000004748,NC-2026-0004748,production_order,PRD000069456,P000137,LOT00106621,2026-02-11,electrical,minor,7,operator_error,rework,2026-02-17,160.44
NC000004749,NC-2026-0004749,production_order,PRD000069480,P000220,LOT00192915,2024-01-23,functional,critical,11,process_variation,scrap,2024-02-05,3325.05
NC000004750,NC-2026-0004750,production_order,PRD000069494,P000475,LOT00205480,2026-08-27,surface_finish,minor,13,operator_error,use_as_is,2026-09-15,6024.49
NC000004751,NC-2026-0004751,production_order,PRD000069524,P000280,LOT00219327,2026-03-02,functional,critical,5,operator_error,rework,2026-03-14,215.12
NC000004752,NC-2026-0004752,production_order,PRD000069529,P000607,LOT00161241,2025-03-11,dimensional,minor,1,supplier_material,scrap,2025-04-10,0.0
NC000004753,NC-2026-0004753,production_order,PRD000069532,P000828,LOT00184713,2024-06-22,dimensional,minor,7,design_tolerance,rework,2024-07-19,1286.0
NC000004754,NC-2026-0004754,production_order,PRD000069536,P000133,LOT00183634,2026-07-15,surface_finish,minor,2,supplier_material,scrap,2026-07-30,114.39
NC000004755,NC-2026-0004755,production_order,PRD000069542,P000567,LOT00121219,2026-05-15,surface_finish,minor,10,machine_setting,rework,2026-05-28,596.41
NC000004756,NC-2026-0004756,production_order,PRD000069546,P000723,LOT00095581,2024-11-15,dimensional,critical,1,supplier_material,rework,2024-11-24,45.47
NC000004757,NC-2026-0004757,production_order,PRD000069563,P000529,LOT00030535,2024-04-01,surface_finish,minor,8,operator_error,use_as_is,2024-04-28,654.16
NC000004758,NC-2026-0004758,production_order,PRD000069579,P000011,LOT00208909,2025-05-13,surface_finish,minor,2,machine_setting,rework,2025-05-25,64.68
NC000004759,NC-2026-0004759,production_order,PRD000069580,P000019,LOT00066687,2024-05-02,packaging,minor,4,machine_setting,scrap,2024-05-10,1672.16
NC000004760,NC-2026-0004760,production_order,PRD000069595,P000701,LOT00062650,2025-08-15,functional,minor,3,machine_setting,rework,2025-08-17,299.32
NC000004761,NC-2026-0004761,production_order,PRD000069620,P000936,LOT00193617,2024-10-06,functional,minor,4,machine_setting,scrap,2024-10-26,187.86
NC000004762,NC-2026-0004762,production_order,PRD000069628,P000070,LOT00202755,2025-02-09,functional,minor,1,operator_error,scrap,2025-02-12,69.5
NC000004763,NC-2026-0004763,production_order,PRD000069654,P000754,LOT00072496,2025-09-30,electrical,major,3,process_variation,use_as_is,2025-10-17,315.21
NC000004764,NC-2026-0004764,production_order,PRD000069655,P000278,LOT00016186,2024-11-22,electrical,minor,2,machine_setting,scrap,2024-11-27,181.61
NC000004765,NC-2026-0004765,production_order,PRD000069682,P000082,LOT00090421,2025-10-19,functional,minor,10,machine_setting,rework,2025-11-18,1040.39
NC000004766,NC-2026-0004766,production_order,PRD000069684,P000094,LOT00058654,2025-10-13,surface_finish,major,3,machine_setting,rework,2025-10-28,69.36
NC000004767,NC-2026-0004767,production_order,PRD000069709,P000165,LOT00165977,2026-07-06,dimensional,major,2,design_tolerance,scrap,2026-07-16,60.53
NC000004768,NC-2026-0004768,production_order,PRD000069718,P000825,LOT00159524,2024-12-01,surface_finish,minor,4,process_variation,scrap,2024-12-21,72.55
NC000004769,NC-2026-0004769,production_order,PRD000069720,P000144,LOT00103985,2024-12-18,surface_finish,major,14,machine_setting,scrap,2024-12-20,413.68
NC000004770,NC-2026-0004770,production_order,PRD000069733,P000457,LOT00063940,2024-05-07,packaging,major,4,machine_setting,rework,2024-05-22,726.9
NC000004771,NC-2026-0004771,production_order,PRD000069735,P000054,LOT00239643,2025-07-24,surface_finish,minor,3,design_tolerance,scrap,2025-08-08,134.73
NC000004772,NC-2026-0004772,production_order,PRD000069738,P000747,LOT00194477,2026-07-01,surface_finish,minor,1,machine_setting,rework,2026-07-22,20.21
NC000004773,NC-2026-0004773,production_order,PRD000069739,P000032,LOT00144339,2026-03-10,electrical,major,1,machine_setting,scrap,2026-03-21,43.33
NC000004774,NC-2026-0004774,production_order,PRD000069762,P000207,LOT00203386,2024-02-07,surface_finish,major,11,design_tolerance,scrap,2024-03-06,281.47
NC000004775,NC-2026-0004775,production_order,PRD000069763,P000084,LOT00203422,2025-09-21,dimensional,minor,4,design_tolerance,scrap,2025-09-27,153.05
NC000004776,NC-2026-0004776,production_order,PRD000069766,P000650,LOT00013013,2025-11-26,dimensional,major,4,process_variation,rework,2025-12-20,552.64
NC000004777,NC-2026-0004777,production_order,PRD000069789,P000733,LOT00076840,2025-08-30,functional,major,5,process_variation,rework,2025-09-28,472.93
NC000004778,NC-2026-0004778,production_order,PRD000069805,P000777,LOT00152664,2024-04-05,dimensional,minor,4,design_tolerance,rework,2024-05-01,218.64
NC000004779,NC-2026-0004779,production_order,PRD000069822,P000613,LOT00105032,2025-11-14,dimensional,major,3,machine_setting,rework,2025-12-13,140.53
NC000004780,NC-2026-0004780,production_order,PRD000069839,P000853,LOT00170019,2025-09-15,dimensional,major,3,machine_setting,rework,2025-10-11,65.51
NC000004781,NC-2026-0004781,production_order,PRD000069843,P000914,LOT00131208,2024-12-27,surface_finish,minor,4,design_tolerance,rework,2025-01-11,301.07
NC000004782,NC-2026-0004782,production_order,PRD000069877,P000916,LOT00159210,2025-07-08,dimensional,minor,8,machine_setting,rework,2025-07-23,731.81
NC000004783,NC-2026-0004783,production_order,PRD000069905,P000933,LOT00163077,2026-08-13,surface_finish,major,2,operator_error,rework,2026-09-07,308.9
NC000004784,NC-2026-0004784,production_order,PRD000069927,P000900,LOT00100512,2024-09-16,packaging,critical,6,machine_setting,return_to_supplier,2024-10-12,1133.8
NC000004785,NC-2026-0004785,production_order,PRD000069934,P000024,LOT00231871,2024-03-09,functional,major,5,machine_setting,rework,2024-03-12,199.09
NC000004786,NC-2026-0004786,production_order,PRD000069965,P000786,LOT00017703,2024-07-15,dimensional,major,11,process_variation,use_as_is,2024-07-27,249.93
NC000004787,NC-2026-0004787,production_order,PRD000069972,P000590,LOT00186835,2025-11-28,surface_finish,major,4,process_variation,use_as_is,2025-12-10,283.78
NC000004788,NC-2026-0004788,production_order,PRD000069980,P000397,LOT00040917,2024-02-09,dimensional,major,6,process_variation,rework,2024-02-24,268.46
NC000004789,NC-2026-0004789,production_order,PRD000069995,P000928,LOT00057697,2024-07-16,packaging,minor,2,supplier_material,rework,2024-08-05,213.43
NC000004790,NC-2026-0004790,production_order,PRD000070021,P000655,LOT00117811,2025-02-18,dimensional,minor,1,design_tolerance,return_to_supplier,2025-03-09,56.76
NC000004791,NC-2026-0004791,production_order,PRD000070025,P000623,LOT00079976,2024-03-27,packaging,critical,10,operator_error,scrap,2024-04-15,364.0
NC000004792,NC-2026-0004792,production_order,PRD000070055,P000311,LOT00160701,2024-08-17,functional,minor,10,operator_error,scrap,2024-08-29,372.17
NC000004793,NC-2026-0004793,production_order,PRD000070061,P000220,LOT00057318,2026-10-06,electrical,critical,1,operator_error,rework,2026-10-12,0.0
NC000004794,NC-2026-0004794,production_order,PRD000070063,P000847,LOT00017804,2025-08-01,electrical,minor,11,machine_setting,return_to_supplier,2025-08-16,311.38
NC000004795,NC-2026-0004795,production_order,PRD000070069,P000448,LOT00153974,2026-03-14,electrical,major,6,machine_setting,scrap,2026-04-11,409.3
NC000004796,NC-2026-0004796,production_order,PRD000070090,P000385,LOT00232400,2025-12-20,surface_finish,critical,1,machine_setting,return_to_supplier,2025-12-28,52.21
NC000004797,NC-2026-0004797,production_order,PRD000070114,P000116,LOT00215829,2025-04-28,functional,major,1,process_variation,return_to_supplier,2025-05-10,55.54
NC000004798,NC-2026-0004798,production_order,PRD000070136,P000727,LOT00209549,2024-06-09,packaging,major,9,operator_error,rework,2024-07-04,166.65
NC000004799,NC-2026-0004799,production_order,PRD000070155,P000347,LOT00151060,2024-07-09,electrical,major,6,process_variation,scrap,2024-07-30,196.96
NC000004800,NC-2026-0004800,production_order,PRD000070158,P000453,LOT00127127,2025-08-02,surface_finish,minor,1,machine_setting,rework,2025-08-30,72.94
NC000004801,NC-2026-0004801,production_order,PRD000070169,P000068,LOT00112018,2026-04-12,surface_finish,minor,8,process_variation,rework,2026-04-16,309.12
NC000004802,NC-2026-0004802,production_order,PRD000070212,P000701,LOT00162978,2025-02-02,packaging,major,5,process_variation,scrap,2025-03-02,195.07
NC000004803,NC-2026-0004803,production_order,PRD000070224,P000673,LOT00073978,2025-10-06,surface_finish,minor,14,machine_setting,scrap,2025-11-01,5316.59
NC000004804,NC-2026-0004804,production_order,PRD000070229,P000298,LOT00236440,2025-04-05,dimensional,minor,1,supplier_material,rework,2025-04-25,0.0
NC000004805,NC-2026-0004805,production_order,PRD000070237,P000594,LOT00102211,2025-02-11,packaging,major,8,operator_error,scrap,2025-02-13,389.64
NC000004806,NC-2026-0004806,production_order,PRD000070241,P000388,LOT00129597,2024-03-13,functional,minor,1,process_variation,return_to_supplier,2024-04-04,42.54
NC000004807,NC-2026-0004807,production_order,PRD000070246,P000408,LOT00184279,2026-07-27,functional,major,13,design_tolerance,rework,2026-07-29,2586.05
NC000004808,NC-2026-0004808,production_order,PRD000070263,P000507,LOT00154017,2025-09-24,surface_finish,minor,4,supplier_material,return_to_supplier,2025-09-28,211.81
NC000004809,NC-2026-0004809,production_order,PRD000070280,P000311,LOT00185900,2024-03-27,electrical,minor,11,machine_setting,return_to_supplier,2024-04-14,167.38
NC000004810,NC-2026-0004810,production_order,PRD000070295,P000790,LOT00071748,2024-02-03,dimensional,minor,2,supplier_material,rework,2024-02-13,13.5
NC000004811,NC-2026-0004811,production_order,PRD000070337,P000577,LOT00184129,2025-05-04,dimensional,critical,4,design_tolerance,rework,2025-05-20,158.51
NC000004812,NC-2026-0004812,production_order,PRD000070341,P000638,LOT00098246,2026-01-04,dimensional,major,3,process_variation,scrap,2026-01-21,38.05
NC000004813,NC-2026-0004813,production_order,PRD000070359,P000395,LOT00003869,2024-03-09,packaging,major,4,operator_error,return_to_supplier,2024-03-25,2743.73
NC000004814,NC-2026-0004814,production_order,PRD000070374,P000886,LOT00021842,2025-06-04,dimensional,minor,11,operator_error,use_as_is,2025-06-28,292.3
NC000004815,NC-2026-0004815,production_order,PRD000070395,P000239,LOT00035856,2025-06-05,electrical,major,5,design_tolerance,rework,2025-06-20,1110.49
NC000004816,NC-2026-0004816,production_order,PRD000070408,P000443,LOT00116459,2025-08-03,functional,critical,1,process_variation,return_to_supplier,2025-08-15,73.31
NC000004817,NC-2026-0004817,production_order,PRD000070413,P000104,LOT00027159,2026-09-18,electrical,minor,8,supplier_material,rework,2026-10-02,964.57
NC000004818,NC-2026-0004818,production_order,PRD000070448,P000491,LOT00208618,2026-02-17,dimensional,minor,11,process_variation,rework,2026-03-18,2732.06
NC000004819,NC-2026-0004819,production_order,PRD000070449,P000699,LOT00144814,2024-09-12,surface_finish,major,10,design_tolerance,scrap,2024-10-04,721.93
NC000004820,NC-2026-0004820,production_order,PRD000070460,P000144,LOT00086655,2025-06-28,functional,minor,2,design_tolerance,return_to_supplier,2025-07-12,138.54
NC000004821,NC-2026-0004821,production_order,PRD000070497,P000400,LOT00175322,2026-01-04,surface_finish,minor,10,process_variation,scrap,2026-01-11,2000.88
NC000004822,NC-2026-0004822,production_order,PRD000070508,P000258,LOT00189179,2026-09-22,surface_finish,major,3,operator_error,rework,2026-10-22,449.94
NC000004823,NC-2026-0004823,production_order,PRD000070542,P000940,LOT00176725,2025-05-27,electrical,minor,13,operator_error,scrap,2025-05-31,1371.99
NC000004824,NC-2026-0004824,production_order,PRD000070559,P000388,LOT00088910,2025-09-10,electrical,major,2,operator_error,scrap,2025-09-21,61.84
NC000004825,NC-2026-0004825,production_order,PRD000070569,P000036,LOT00145776,2025-07-06,surface_finish,major,6,design_tolerance,rework,2025-07-13,192.3
NC000004826,NC-2026-0004826,production_order,PRD000070602,P000412,LOT00224341,2024-01-29,functional,minor,2,process_variation,use_as_is,2024-02-21,37.09
NC000004827,NC-2026-0004827,production_order,PRD000070611,P000550,LOT00240186,2026-01-02,functional,major,2,machine_setting,rework,2026-01-20,268.38
NC000004828,NC-2026-0004828,production_order,PRD000070622,P000210,LOT00172911,2025-06-24,functional,minor,1,supplier_material,scrap,2025-06-30,98.86
NC000004829,NC-2026-0004829,production_order,PRD000070623,P000083,LOT00006025,2026-03-25,packaging,minor,5,process_variation,scrap,2026-04-02,453.62
NC000004830,NC-2026-0004830,production_order,PRD000070627,P000350,LOT00170497,2026-09-09,dimensional,major,1,operator_error,scrap,2026-09-21,0.0
NC000004831,NC-2026-0004831,production_order,PRD000070642,P000020,LOT00123840,2024-03-24,functional,major,3,process_variation,scrap,2024-04-21,53.25
NC000004832,NC-2026-0004832,production_order,PRD000070669,P000219,LOT00129994,2024-05-08,dimensional,major,4,supplier_material,scrap,2024-05-24,563.95
NC000004833,NC-2026-0004833,production_order,PRD000070671,P000218,LOT00116886,2026-05-23,dimensional,major,9,process_variation,use_as_is,2026-06-20,1291.98
NC000004834,NC-2026-0004834,production_order,PRD000070697,P000060,LOT00137018,2025-07-30,surface_finish,minor,6,machine_setting,rework,2025-08-13,90.62
NC000004835,NC-2026-0004835,production_order,PRD000070703,P000132,LOT00166410,2025-07-07,packaging,minor,5,design_tolerance,use_as_is,2025-08-04,279.24
NC000004836,NC-2026-0004836,production_order,PRD000070713,P000677,LOT00222878,2024-11-21,functional,minor,5,machine_setting,rework,2024-12-15,830.23
NC000004837,NC-2026-0004837,production_order,PRD000070718,P000739,LOT00068051,2024-12-20,functional,minor,1,process_variation,scrap,2025-01-18,0.0
NC000004838,NC-2026-0004838,production_order,PRD000070732,P000697,LOT00152295,2025-03-19,dimensional,major,1,operator_error,rework,2025-04-14,147.19
NC000004839,NC-2026-0004839,production_order,PRD000070739,P000117,LOT00105336,2026-09-30,dimensional,major,2,process_variation,rework,2026-10-12,131.89
NC000004840,NC-2026-0004840,production_order,PRD000070743,P000141,LOT00052524,2026-08-04,functional,minor,8,machine_setting,scrap,2026-08-09,225.69
NC000004841,NC-2026-0004841,production_order,PRD000070756,P000413,LOT00244329,2025-12-01,packaging,major,10,process_variation,return_to_supplier,2025-12-27,1363.88
NC000004842,NC-2026-0004842,production_order,PRD000070758,P000776,LOT00121986,2024-07-15,packaging,critical,11,operator_error,return_to_supplier,2024-08-07,961.06
NC000004843,NC-2026-0004843,production_order,PRD000070776,P000936,LOT00044211,2024-03-08,functional,major,2,process_variation,rework,2024-03-15,50.48
NC000004844,NC-2026-0004844,production_order,PRD000070782,P000180,LOT00109462,2025-12-28,packaging,minor,1,operator_error,scrap,2026-01-09,0.0
NC000004845,NC-2026-0004845,production_order,PRD000070802,P000287,LOT00135613,2026-04-02,surface_finish,minor,4,design_tolerance,scrap,2026-04-10,182.01
NC000004846,NC-2026-0004846,production_order,PRD000070805,P000893,LOT00038802,2024-09-04,surface_finish,major,1,supplier_material,rework,2024-09-23,99.12
NC000004847,NC-2026-0004847,production_order,PRD000070811,P000293,LOT00243147,2025-04-20,packaging,major,1,design_tolerance,scrap,2025-05-04,136.87
NC000004848,NC-2026-0004848,production_order,PRD000070819,P000641,LOT00162245,2024-07-06,electrical,minor,2,supplier_material,scrap,2024-07-11,315.32
NC000004849,NC-2026-0004849,production_order,PRD000070832,P000172,LOT00076260,2024-05-08,surface_finish,major,2,supplier_material,use_as_is,2024-05-31,115.05
NC000004850,NC-2026-0004850,production_order,PRD000070834,P000912,LOT00037210,2026-05-11,dimensional,minor,8,design_tolerance,rework,2026-05-30,475.46
NC000004851,NC-2026-0004851,production_order,PRD000070841,P000371,LOT00218220,2024-07-07,functional,minor,5,machine_setting,scrap,2024-07-19,214.84
NC000004852,NC-2026-0004852,production_order,PRD000070883,P000429,LOT00228269,2024-04-20,surface_finish,minor,1,machine_setting,rework,2024-05-14,71.24
NC000004853,NC-2026-0004853,production_order,PRD000070897,P000813,LOT00114191,2026-03-19,functional,major,4,process_variation,rework,2026-03-31,205.3
NC000004854,NC-2026-0004854,production_order,PRD000070899,P000935,LOT00160284,2024-07-28,surface_finish,minor,3,process_variation,use_as_is,2024-08-11,202.53
NC000004855,NC-2026-0004855,production_order,PRD000070904,P000584,LOT00039427,2025-10-22,packaging,minor,2,process_variation,return_to_supplier,2025-10-26,169.11
NC000004856,NC-2026-0004856,production_order,PRD000070907,P000638,LOT00194278,2025-06-11,functional,major,4,design_tolerance,rework,2025-06-27,206.6
NC000004857,NC-2026-0004857,production_order,PRD000070913,P000007,LOT00134398,2025-01-05,functional,major,3,process_variation,use_as_is,2025-01-13,515.08
NC000004858,NC-2026-0004858,production_order,PRD000070916,P000437,LOT00000632,2025-02-28,electrical,major,8,machine_setting,use_as_is,2025-03-19,1644.92
NC000004859,NC-2026-0004859,production_order,PRD000070962,P000911,LOT00232673,2024-03-24,dimensional,minor,11,operator_error,rework,2024-04-11,268.57
NC000004860,NC-2026-0004860,production_order,PRD000070964,P000831,LOT00107196,2024-04-06,functional,critical,2,machine_setting,rework,2024-05-02,101.95
NC000004861,NC-2026-0004861,production_order,PRD000070968,P000449,LOT00015576,2024-01-21,dimensional,minor,2,machine_setting,use_as_is,2024-02-12,369.06
NC000004862,NC-2026-0004862,production_order,PRD000070981,P000664,LOT00112242,2025-05-05,surface_finish,minor,3,process_variation,rework,2025-05-19,235.96
NC000004863,NC-2026-0004863,production_order,PRD000071002,P000787,LOT00023606,2025-12-27,dimensional,minor,2,machine_setting,rework,2026-01-21,95.89
NC000004864,NC-2026-0004864,production_order,PRD000071006,P000475,LOT00104553,2024-03-04,functional,critical,7,design_tolerance,use_as_is,2024-03-21,2149.11
NC000004865,NC-2026-0004865,production_order,PRD000071015,P000086,LOT00047161,2025-05-26,dimensional,minor,2,operator_error,rework,2025-06-16,133.46
NC000004866,NC-2026-0004866,production_order,PRD000071020,P000638,LOT00011698,2024-07-15,surface_finish,critical,7,process_variation,use_as_is,2024-08-10,213.5
NC000004867,NC-2026-0004867,production_order,PRD000071034,P000523,LOT00169764,2026-05-04,electrical,minor,3,process_variation,rework,2026-05-13,160.12
NC000004868,NC-2026-0004868,production_order,PRD000071039,P000244,LOT00075490,2026-04-12,electrical,minor,2,machine_setting,return_to_supplier,2026-05-04,23.54
NC000004869,NC-2026-0004869,production_order,PRD000071065,P000823,LOT00163610,2026-04-18,packaging,minor,4,machine_setting,scrap,2026-05-02,1699.53
NC000004870,NC-2026-0004870,production_order,PRD000071071,P000816,LOT00059167,2025-04-28,packaging,minor,11,supplier_material,scrap,2025-05-09,1232.83
NC000004871,NC-2026-0004871,production_order,PRD000071083,P000373,LOT00119033,2026-04-22,packaging,major,1,process_variation,use_as_is,2026-05-13,122.2
NC000004872,NC-2026-0004872,production_order,PRD000071133,P000483,LOT00119181,2024-02-06,surface_finish,minor,1,machine_setting,scrap,2024-02-08,0.0
NC000004873,NC-2026-0004873,production_order,PRD000071149,P000415,LOT00209854,2024-09-24,functional,minor,1,design_tolerance,scrap,2024-10-19,67.99
NC000004874,NC-2026-0004874,production_order,PRD000071154,P000665,LOT00163871,2026-03-07,dimensional,minor,6,machine_setting,rework,2026-03-19,156.53
NC000004875,NC-2026-0004875,production_order,PRD000071178,P000811,LOT00049567,2026-05-11,dimensional,minor,9,operator_error,rework,2026-05-17,7864.67
NC000004876,NC-2026-0004876,production_order,PRD000071193,P000191,LOT00105455,2025-11-24,dimensional,minor,4,supplier_material,use_as_is,2025-11-26,134.12
NC000004877,NC-2026-0004877,production_order,PRD000071201,P000946,LOT00211444,2026-03-17,surface_finish,minor,5,process_variation,rework,2026-03-27,214.57
NC000004878,NC-2026-0004878,production_order,PRD000071229,P000151,LOT00117574,2025-12-24,surface_finish,minor,4,process_variation,return_to_supplier,2026-01-21,124.39
NC000004879,NC-2026-0004879,production_order,PRD000071272,P000408,LOT00205785,2025-11-16,functional,critical,9,supplier_material,scrap,2025-11-19,1218.1
NC000004880,NC-2026-0004880,production_order,PRD000071291,P000682,LOT00047432,2024-09-24,dimensional,minor,1,operator_error,use_as_is,2024-09-26,133.59
NC000004881,NC-2026-0004881,production_order,PRD000071359,P000812,LOT00229538,2025-03-04,surface_finish,minor,2,supplier_material,rework,2025-03-21,223.17
NC000004882,NC-2026-0004882,production_order,PRD000071367,P000846,LOT00013028,2025-09-20,surface_finish,major,2,supplier_material,return_to_supplier,2025-10-11,31.54
NC000004883,NC-2026-0004883,production_order,PRD000071409,P000147,LOT00138996,2025-10-07,surface_finish,major,8,machine_setting,rework,2025-10-25,343.78
NC000004884,NC-2026-0004884,production_order,PRD000071420,P000818,LOT00082069,2024-06-27,surface_finish,major,12,operator_error,scrap,2024-07-20,292.0
NC000004885,NC-2026-0004885,production_order,PRD000071439,P000598,LOT00077886,2024-09-03,dimensional,major,3,design_tolerance,rework,2024-09-07,162.54
NC000004886,NC-2026-0004886,production_order,PRD000071448,P000072,LOT00000106,2024-06-16,surface_finish,major,1,process_variation,use_as_is,2024-06-28,31.85
NC000004887,NC-2026-0004887,production_order,PRD000071501,P000824,LOT00041734,2026-06-05,packaging,minor,1,supplier_material,rework,2026-07-01,63.54
NC000004888,NC-2026-0004888,production_order,PRD000071502,P000371,LOT00120456,2024-11-08,dimensional,minor,14,operator_error,use_as_is,2024-11-30,1162.74
NC000004889,NC-2026-0004889,production_order,PRD000071512,P000270,LOT00087628,2026-09-07,packaging,critical,3,machine_setting,return_to_supplier,2026-10-04,261.5
NC000004890,NC-2026-0004890,production_order,PRD000071513,P000038,LOT00098923,2026-03-27,packaging,minor,4,process_variation,rework,2026-04-20,209.91
NC000004891,NC-2026-0004891,production_order,PRD000071548,P000648,LOT00241327,2025-11-24,packaging,minor,5,machine_setting,rework,2025-12-16,396.52
NC000004892,NC-2026-0004892,production_order,PRD000071549,P000888,LOT00112304,2025-02-28,dimensional,minor,5,design_tolerance,use_as_is,2025-03-07,413.53
NC000004893,NC-2026-0004893,production_order,PRD000071557,P000646,LOT00175660,2024-02-01,packaging,critical,4,operator_error,scrap,2024-02-03,398.32
NC000004894,NC-2026-0004894,production_order,PRD000071568,P000577,LOT00155680,2024-09-14,electrical,critical,1,supplier_material,scrap,2024-10-03,73.49
NC000004895,NC-2026-0004895,production_order,PRD000071575,P000332,LOT00224375,2024-07-31,dimensional,major,5,machine_setting,rework,2024-08-27,1665.47
NC000004896,NC-2026-0004896,production_order,PRD000071599,P000273,LOT00103641,2025-03-03,dimensional,critical,2,process_variation,return_to_supplier,2025-03-21,333.87
NC000004897,NC-2026-0004897,production_order,PRD000071600,P000709,LOT00218251,2024-09-01,electrical,minor,7,operator_error,rework,2024-09-12,104.27
NC000004898,NC-2026-0004898,production_order,PRD000071601,P000131,LOT00175140,2024-03-17,functional,minor,11,machine_setting,rework,2024-04-16,673.97
NC000004899,NC-2026-0004899,production_order,PRD000071630,P000680,LOT00044583,2026-04-17,functional,minor,1,machine_setting,scrap,2026-04-22,86.77
NC000004900,NC-2026-0004900,production_order,PRD000071644,P000387,LOT00176408,2024-06-08,surface_finish,major,6,design_tolerance,scrap,2024-06-23,121.05
NC000004901,NC-2026-0004901,production_order,PRD000071656,P000670,LOT00010251,2025-06-05,packaging,minor,1,machine_setting,scrap,2025-06-26,46.36
NC000004902,NC-2026-0004902,production_order,PRD000071662,P000530,LOT00054577,2024-06-05,dimensional,major,4,supplier_material,return_to_supplier,2024-06-14,59.64
NC000004903,NC-2026-0004903,production_order,PRD000071675,P000366,LOT00138708,2026-10-10,functional,major,9,machine_setting,scrap,2026-10-16,295.45
NC000004904,NC-2026-0004904,production_order,PRD000071685,P000449,LOT00186636,2024-11-04,packaging,critical,2,supplier_material,use_as_is,2024-12-04,314.14
NC000004905,NC-2026-0004905,production_order,PRD000071691,P000287,LOT00204192,2024-08-31,electrical,major,8,supplier_material,return_to_supplier,2024-09-20,262.84
NC000004906,NC-2026-0004906,production_order,PRD000071713,P000778,LOT00202693,2026-05-28,functional,critical,3,process_variation,rework,2026-06-12,1110.01
NC000004907,NC-2026-0004907,production_order,PRD000071727,P000720,LOT00063346,2026-03-11,surface_finish,major,4,process_variation,rework,2026-03-23,462.34
NC000004908,NC-2026-0004908,production_order,PRD000071730,P000189,LOT00146825,2026-07-28,functional,minor,4,process_variation,rework,2026-08-26,125.31
NC000004909,NC-2026-0004909,production_order,PRD000071736,P000089,LOT00116532,2025-03-11,dimensional,minor,5,operator_error,scrap,2025-03-17,698.22
NC000004910,NC-2026-0004910,production_order,PRD000071783,P000771,LOT00219635,2026-03-13,dimensional,minor,4,operator_error,rework,2026-03-22,952.79
NC000004911,NC-2026-0004911,production_order,PRD000071794,P000510,LOT00200699,2026-04-10,surface_finish,major,1,process_variation,rework,2026-05-04,11.03
NC000004912,NC-2026-0004912,production_order,PRD000071796,P000216,LOT00122899,2025-08-30,dimensional,minor,1,supplier_material,rework,2025-09-23,90.9
NC000004913,NC-2026-0004913,production_order,PRD000071812,P000499,LOT00042636,2025-06-24,dimensional,minor,6,machine_setting,use_as_is,2025-07-15,338.77
NC000004914,NC-2026-0004914,production_order,PRD000071817,P000463,LOT00104932,2024-09-01,functional,major,3,machine_setting,rework,2024-09-17,703.61
NC000004915,NC-2026-0004915,production_order,PRD000071843,P000870,LOT00063270,2026-06-15,surface_finish,major,7,operator_error,return_to_supplier,2026-06-29,537.68
NC000004916,NC-2026-0004916,production_order,PRD000071866,P000284,LOT00028992,2026-01-14,dimensional,major,6,design_tolerance,return_to_supplier,2026-02-03,57.94
NC000004917,NC-2026-0004917,production_order,PRD000071886,P000214,LOT00137334,2024-04-23,electrical,minor,5,machine_setting,scrap,2024-04-25,605.9
NC000004918,NC-2026-0004918,production_order,PRD000071909,P000063,LOT00031238,2026-07-30,functional,minor,6,operator_error,use_as_is,2026-08-12,181.85
NC000004919,NC-2026-0004919,production_order,PRD000071911,P000241,LOT00201131,2026-02-05,functional,major,1,supplier_material,rework,2026-02-10,0.0
NC000004920,NC-2026-0004920,production_order,PRD000071918,P000548,LOT00100681,2024-03-08,packaging,minor,3,operator_error,return_to_supplier,2024-03-29,137.14
NC000004921,NC-2026-0004921,production_order,PRD000071927,P000783,LOT00154733,2024-03-27,surface_finish,minor,7,machine_setting,rework,2024-04-22,1153.25
NC000004922,NC-2026-0004922,production_order,PRD000071930,P000228,LOT00025230,2024-03-22,functional,major,11,supplier_material,return_to_supplier,2024-04-21,1501.58
NC000004923,NC-2026-0004923,production_order,PRD000071963,P000086,LOT00051205,2024-04-10,surface_finish,minor,8,machine_setting,rework,2024-05-06,322.74
NC000004924,NC-2026-0004924,production_order,PRD000071973,P000270,LOT00195759,2025-08-28,surface_finish,major,5,design_tolerance,use_as_is,2025-09-01,146.49
NC000004925,NC-2026-0004925,production_order,PRD000071974,P000920,LOT00226690,2026-02-03,dimensional,minor,1,operator_error,rework,2026-03-01,19.02
NC000004926,NC-2026-0004926,production_order,PRD000071980,P000127,LOT00054869,2026-05-20,functional,minor,3,supplier_material,return_to_supplier,2026-05-22,158.2
NC000004927,NC-2026-0004927,production_order,PRD000071991,P000762,LOT00005243,2026-07-08,surface_finish,major,4,operator_error,scrap,2026-08-06,236.04
NC000004928,NC-2026-0004928,production_order,PRD000072018,P000111,LOT00041471,2026-07-15,surface_finish,minor,5,machine_setting,rework,2026-08-02,610.13
NC000004929,NC-2026-0004929,production_order,PRD000072055,P000402,LOT00144701,2025-09-22,packaging,minor,3,operator_error,rework,2025-10-08,487.12
NC000004930,NC-2026-0004930,production_order,PRD000072086,P000096,LOT00113283,2024-07-09,dimensional,minor,3,process_variation,return_to_supplier,2024-08-02,118.79
NC000004931,NC-2026-0004931,production_order,PRD000072105,P000509,LOT00228413,2024-08-07,functional,minor,13,process_variation,rework,2024-08-30,1263.81
NC000004932,NC-2026-0004932,production_order,PRD000072126,P000518,LOT00103747,2025-10-29,functional,major,3,supplier_material,rework,2025-10-31,140.38
NC000004933,NC-2026-0004933,production_order,PRD000072132,P000392,LOT00112802,2026-07-17,electrical,major,1,supplier_material,use_as_is,2026-08-12,27.25
NC000004934,NC-2026-0004934,production_order,PRD000072139,P000006,LOT00130718,2025-02-11,functional,minor,1,machine_setting,rework,2025-03-13,40.33
NC000004935,NC-2026-0004935,production_order,PRD000072176,P000429,LOT00187896,2025-06-21,functional,critical,3,operator_error,rework,2025-07-20,81.59
NC000004936,NC-2026-0004936,production_order,PRD000072189,P000601,LOT00148966,2026-04-23,surface_finish,minor,2,process_variation,use_as_is,2026-05-16,656.94
NC000004937,NC-2026-0004937,production_order,PRD000072254,P000290,LOT00080484,2025-11-26,packaging,major,6,machine_setting,rework,2025-12-21,749.21
NC000004938,NC-2026-0004938,production_order,PRD000072282,P000625,LOT00034480,2024-08-02,functional,minor,1,machine_setting,scrap,2024-08-26,75.59
NC000004939,NC-2026-0004939,production_order,PRD000072288,P000241,LOT00238960,2024-12-05,surface_finish,minor,3,process_variation,use_as_is,2024-12-10,232.53
NC000004940,NC-2026-0004940,production_order,PRD000072297,P000520,LOT00197065,2024-10-17,electrical,minor,9,machine_setting,return_to_supplier,2024-11-04,1396.57
NC000004941,NC-2026-0004941,production_order,PRD000072315,P000337,LOT00239966,2024-01-24,packaging,major,2,machine_setting,rework,2024-02-19,28.53
NC000004942,NC-2026-0004942,production_order,PRD000072334,P000322,LOT00136411,2024-07-04,surface_finish,minor,4,process_variation,rework,2024-07-13,2466.71
NC000004943,NC-2026-0004943,production_order,PRD000072350,P000622,LOT00086692,2024-02-23,electrical,major,12,operator_error,scrap,2024-03-16,2373.32
NC000004944,NC-2026-0004944,production_order,PRD000072362,P000452,LOT00223372,2024-09-09,surface_finish,minor,1,operator_error,scrap,2024-10-07,37.63
NC000004945,NC-2026-0004945,production_order,PRD000072372,P000089,LOT00086866,2024-03-04,dimensional,minor,6,supplier_material,scrap,2024-03-15,578.25
NC000004946,NC-2026-0004946,production_order,PRD000072376,P000839,LOT00034366,2024-07-30,electrical,critical,11,design_tolerance,rework,2024-08-04,415.44
NC000004947,NC-2026-0004947,production_order,PRD000072384,P000742,LOT00169916,2024-10-12,dimensional,major,1,supplier_material,rework,2024-11-01,59.1
NC000004948,NC-2026-0004948,production_order,PRD000072397,P000706,LOT00185063,2025-04-11,dimensional,minor,9,process_variation,rework,2025-05-05,327.95
NC000004949,NC-2026-0004949,production_order,PRD000072398,P000250,LOT00236585,2025-02-08,surface_finish,critical,1,machine_setting,scrap,2025-02-24,124.11
NC000004950,NC-2026-0004950,production_order,PRD000072415,P000919,LOT00234402,2026-08-11,surface_finish,major,10,machine_setting,rework,2026-08-17,224.53
NC000004951,NC-2026-0004951,production_order,PRD000072423,P000257,LOT00177975,2025-06-20,functional,critical,2,operator_error,rework,2025-07-06,88.11
NC000004952,NC-2026-0004952,production_order,PRD000072446,P000886,LOT00149387,2026-05-19,electrical,minor,7,machine_setting,rework,2026-06-17,234.87
NC000004953,NC-2026-0004953,production_order,PRD000072462,P000030,LOT00139417,2026-03-05,functional,minor,1,design_tolerance,scrap,2026-03-11,35.54
NC000004954,NC-2026-0004954,production_order,PRD000072485,P000400,LOT00109180,2024-04-28,dimensional,major,1,supplier_material,use_as_is,2024-05-02,191.93
NC000004955,NC-2026-0004955,production_order,PRD000072493,P000799,LOT00049241,2024-11-10,electrical,minor,14,supplier_material,rework,2024-12-04,578.87
NC000004956,NC-2026-0004956,production_order,PRD000072499,P000431,LOT00210986,2026-07-11,surface_finish,minor,5,process_variation,rework,2026-07-18,30.4
NC000004957,NC-2026-0004957,production_order,PRD000072506,P000250,LOT00237047,2025-04-11,packaging,minor,2,design_tolerance,use_as_is,2025-04-21,248.51
NC000004958,NC-2026-0004958,production_order,PRD000072515,P000768,LOT00063680,2024-10-09,dimensional,minor,1,operator_error,scrap,2024-11-07,190.82
NC000004959,NC-2026-0004959,production_order,PRD000072531,P000157,LOT00213484,2025-01-06,functional,major,3,process_variation,return_to_supplier,2025-01-24,481.17
NC000004960,NC-2026-0004960,production_order,PRD000072537,P000354,LOT00210953,2026-09-02,surface_finish,major,3,supplier_material,rework,2026-09-14,261.16
NC000004961,NC-2026-0004961,production_order,PRD000072547,P000382,LOT00223324,2026-07-20,dimensional,major,2,machine_setting,rework,2026-07-23,20.84
NC000004962,NC-2026-0004962,production_order,PRD000072568,P000322,LOT00236553,2026-09-20,surface_finish,major,3,process_variation,use_as_is,2026-10-12,764.98
NC000004963,NC-2026-0004963,production_order,PRD000072591,P000560,LOT00044131,2024-06-26,electrical,major,3,process_variation,rework,2024-07-13,238.82
NC000004964,NC-2026-0004964,production_order,PRD000072598,P000424,LOT00022226,2026-09-06,dimensional,minor,6,supplier_material,use_as_is,2026-09-13,149.64
NC000004965,NC-2026-0004965,production_order,PRD000072602,P000043,LOT00158107,2025-03-02,dimensional,minor,1,supplier_material,use_as_is,2025-03-18,0.0
NC000004966,NC-2026-0004966,production_order,PRD000072623,P000393,LOT00207844,2024-09-21,dimensional,major,4,process_variation,return_to_supplier,2024-10-13,408.69
NC000004967,NC-2026-0004967,production_order,PRD000072635,P000551,LOT00016096,2024-09-07,functional,minor,1,process_variation,rework,2024-09-09,0.0
NC000004968,NC-2026-0004968,production_order,PRD000072657,P000719,LOT00136891,2026-05-31,dimensional,minor,1,process_variation,scrap,2026-06-10,46.27
NC000004969,NC-2026-0004969,production_order,PRD000072674,P000106,LOT00103224,2025-10-15,dimensional,major,4,machine_setting,rework,2025-11-07,867.64
NC000004970,NC-2026-0004970,production_order,PRD000072679,P000305,LOT00164023,2025-04-23,electrical,minor,3,operator_error,scrap,2025-05-20,209.31
NC000004971,NC-2026-0004971,production_order,PRD000072695,P000491,LOT00024098,2026-07-27,electrical,major,2,design_tolerance,return_to_supplier,2026-08-17,111.69
NC000004972,NC-2026-0004972,production_order,PRD000072715,P000074,LOT00138629,2026-01-03,surface_finish,minor,3,machine_setting,rework,2026-01-26,93.96
NC000004973,NC-2026-0004973,production_order,PRD000072733,P000743,LOT00011032,2024-11-05,dimensional,minor,8,supplier_material,return_to_supplier,2024-11-11,1475.37
NC000004974,NC-2026-0004974,production_order,PRD000072736,P000160,LOT00137274,2024-09-05,dimensional,major,1,machine_setting,rework,2024-10-02,94.77
NC000004975,NC-2026-0004975,production_order,PRD000072741,P000501,LOT00070738,2024-02-20,functional,minor,1,design_tolerance,scrap,2024-03-01,263.76
NC000004976,NC-2026-0004976,production_order,PRD000072744,P000448,LOT00041680,2025-04-22,dimensional,minor,9,supplier_material,scrap,2025-05-21,608.46
NC000004977,NC-2026-0004977,production_order,PRD000072745,P000356,LOT00122991,2024-02-13,functional,major,1,machine_setting,scrap,2024-03-05,104.45
NC000004978,NC-2026-0004978,production_order,PRD000072755,P000692,LOT00014718,2024-06-11,packaging,minor,7,design_tolerance,rework,2024-07-04,270.04
NC000004979,NC-2026-0004979,production_order,PRD000072763,P000899,LOT00156151,2025-01-30,surface_finish,minor,10,process_variation,rework,2025-02-23,2223.96
NC000004980,NC-2026-0004980,production_order,PRD000072765,P000672,LOT00213258,2025-03-20,dimensional,minor,14,machine_setting,return_to_supplier,2025-04-03,223.19
NC000004981,NC-2026-0004981,production_order,PRD000072802,P000189,LOT00162007,2024-03-15,functional,minor,1,machine_setting,rework,2024-04-11,52.64
NC000004982,NC-2026-0004982,production_order,PRD000072807,P000239,LOT00247576,2025-01-07,dimensional,minor,3,operator_error,scrap,2025-02-06,488.98
NC000004983,NC-2026-0004983,production_order,PRD000072815,P000790,LOT00096404,2024-11-23,dimensional,critical,7,process_variation,use_as_is,2024-12-04,98.06
NC000004984,NC-2026-0004984,production_order,PRD000072818,P000675,LOT00130604,2026-08-14,dimensional,minor,8,machine_setting,rework,2026-08-25,80.61
NC000004985,NC-2026-0004985,production_order,PRD000072829,P000536,LOT00146630,2024-02-08,functional,minor,2,process_variation,use_as_is,2024-02-29,139.44
NC000004986,NC-2026-0004986,production_order,PRD000072830,P000516,LOT00203708,2025-11-15,packaging,minor,9,design_tolerance,rework,2025-12-12,656.43
NC000004987,NC-2026-0004987,production_order,PRD000072836,P000374,LOT00122548,2026-07-14,dimensional,minor,12,process_variation,rework,2026-08-04,2035.19
NC000004988,NC-2026-0004988,production_order,PRD000072843,P000698,LOT00118256,2025-04-15,packaging,minor,7,process_variation,use_as_is,2025-04-25,4758.38
NC000004989,NC-2026-0004989,production_order,PRD000072847,P000531,LOT00078037,2025-12-06,dimensional,minor,4,operator_error,use_as_is,2025-12-27,338.7
NC000004990,NC-2026-0004990,production_order,PRD000072857,P000317,LOT00193605,2025-08-28,surface_finish,minor,8,process_variation,return_to_supplier,2025-09-25,583.7
NC000004991,NC-2026-0004991,production_order,PRD000072871,P000934,LOT00061203,2024-10-17,surface_finish,minor,8,machine_setting,rework,2024-10-30,378.16
NC000004992,NC-2026-0004992,production_order,PRD000072872,P000001,LOT00040974,2024-05-20,electrical,major,10,process_variation,rework,2024-06-01,2123.21
NC000004993,NC-2026-0004993,production_order,PRD000072893,P000568,LOT00222239,2025-05-12,functional,major,1,supplier_material,rework,2025-05-24,139.26
NC000004994,NC-2026-0004994,production_order,PRD000072898,P000521,LOT00196039,2024-02-21,functional,major,2,supplier_material,rework,2024-03-05,264.09
NC000004995,NC-2026-0004995,production_order,PRD000072900,P000290,LOT00090329,2025-12-11,functional,minor,2,supplier_material,rework,2026-01-06,394.94
NC000004996,NC-2026-0004996,production_order,PRD000072917,P000775,LOT00131315,2024-05-27,dimensional,major,1,machine_setting,scrap,2024-06-15,102.34
NC000004997,NC-2026-0004997,production_order,PRD000072929,P000632,LOT00057361,2026-07-05,packaging,minor,3,operator_error,rework,2026-07-25,229.64
NC000004998,NC-2026-0004998,production_order,PRD000072934,P000901,LOT00008801,2024-04-22,functional,minor,6,machine_setting,rework,2024-05-18,447.44
NC000004999,NC-2026-0004999,production_order,PRD000072962,P000368,LOT00226797,2025-02-25,dimensional,critical,2,design_tolerance,return_to_supplier,2025-03-03,277.95
NC000005000,NC-2026-0005000,production_order,PRD000072964,P000760,LOT00083457,2024-10-01,packaging,minor,3,machine_setting,rework,2024-10-21,109.22
NC000005001,NC-2026-0005001,production_order,PRD000072971,P000697,LOT00147865,2025-09-17,dimensional,major,3,process_variation,use_as_is,2025-10-14,771.48
NC000005002,NC-2026-0005002,production_order,PRD000072983,P000113,LOT00156886,2025-08-18,functional,minor,7,process_variation,use_as_is,2025-09-11,391.24
NC000005003,NC-2026-0005003,production_order,PRD000072989,P000605,LOT00174828,2024-12-15,packaging,major,1,process_variation,scrap,2025-01-02,70.73
NC000005004,NC-2026-0005004,production_order,PRD000073000,P000517,LOT00179721,2024-01-27,functional,major,12,supplier_material,rework,2024-02-17,4823.61
NC000005005,NC-2026-0005005,production_order,PRD000073023,P000830,LOT00142206,2024-05-24,dimensional,major,3,process_variation,rework,2024-06-14,48.71
NC000005006,NC-2026-0005006,production_order,PRD000073028,P000133,LOT00209630,2025-05-04,electrical,minor,10,process_variation,scrap,2025-05-20,158.78
NC000005007,NC-2026-0005007,production_order,PRD000073038,P000175,LOT00013495,2026-02-14,functional,major,1,process_variation,rework,2026-02-22,85.53
NC000005008,NC-2026-0005008,production_order,PRD000073051,P000756,LOT00116157,2025-01-26,electrical,major,2,operator_error,use_as_is,2025-02-05,107.1
NC000005009,NC-2026-0005009,production_order,PRD000073074,P000461,LOT00112608,2024-06-30,functional,major,4,design_tolerance,scrap,2024-07-19,211.27
NC000005010,NC-2026-0005010,production_order,PRD000073103,P000935,LOT00025818,2025-05-24,surface_finish,minor,12,design_tolerance,rework,2025-06-08,1185.92
NC000005011,NC-2026-0005011,production_order,PRD000073117,P000797,LOT00167019,2024-04-02,dimensional,minor,4,supplier_material,scrap,2024-04-09,153.06
NC000005012,NC-2026-0005012,production_order,PRD000073123,P000835,LOT00014214,2024-01-13,surface_finish,minor,11,process_variation,rework,2024-02-05,426.01
NC000005013,NC-2026-0005013,production_order,PRD000073129,P000345,LOT00213815,2025-10-17,functional,major,1,operator_error,use_as_is,2025-10-19,85.79
NC000005014,NC-2026-0005014,production_order,PRD000073140,P000565,LOT00105045,2025-10-30,electrical,minor,4,design_tolerance,return_to_supplier,2025-11-28,1111.35
NC000005015,NC-2026-0005015,production_order,PRD000073170,P000669,LOT00079777,2025-03-28,dimensional,minor,1,supplier_material,rework,2025-04-14,54.28
NC000005016,NC-2026-0005016,production_order,PRD000073183,P000366,LOT00106537,2024-11-05,functional,minor,4,supplier_material,scrap,2024-11-27,247.6
NC000005017,NC-2026-0005017,production_order,PRD000073187,P000417,LOT00198197,2025-02-09,packaging,major,9,design_tolerance,scrap,2025-02-21,211.53
NC000005018,NC-2026-0005018,production_order,PRD000073219,P000362,LOT00237286,2024-04-17,packaging,minor,10,operator_error,rework,2024-05-13,1199.44
NC000005019,NC-2026-0005019,production_order,PRD000073233,P000474,LOT00243024,2026-03-25,surface_finish,minor,13,process_variation,use_as_is,2026-04-19,1036.93
NC000005020,NC-2026-0005020,production_order,PRD000073235,P000770,LOT00090114,2024-12-21,functional,major,12,machine_setting,scrap,2025-01-13,1005.45
NC000005021,NC-2026-0005021,production_order,PRD000073239,P000652,LOT00210409,2024-10-10,packaging,minor,13,operator_error,scrap,2024-10-14,1315.79
NC000005022,NC-2026-0005022,production_order,PRD000073245,P000112,LOT00076555,2024-06-09,packaging,critical,10,supplier_material,rework,2024-06-16,1398.69
NC000005023,NC-2026-0005023,production_order,PRD000073246,P000322,LOT00131648,2024-12-15,dimensional,minor,6,operator_error,return_to_supplier,2024-12-30,6657.52
NC000005024,NC-2026-0005024,production_order,PRD000073254,P000132,LOT00228385,2025-06-18,surface_finish,minor,1,machine_setting,scrap,2025-07-17,14.59
NC000005025,NC-2026-0005025,production_order,PRD000073259,P000045,LOT00074271,2025-10-31,packaging,major,4,operator_error,rework,2025-11-17,488.85
NC000005026,NC-2026-0005026,production_order,PRD000073273,P000446,LOT00214907,2025-05-18,surface_finish,minor,10,operator_error,scrap,2025-05-23,166.51
NC000005027,NC-2026-0005027,production_order,PRD000073326,P000779,LOT00096330,2025-03-20,functional,minor,7,supplier_material,scrap,2025-03-28,415.41
NC000005028,NC-2026-0005028,production_order,PRD000073332,P000807,LOT00074548,2024-12-28,surface_finish,minor,1,machine_setting,scrap,2025-01-20,452.57
NC000005029,NC-2026-0005029,production_order,PRD000073339,P000131,LOT00155433,2026-09-10,dimensional,minor,3,process_variation,return_to_supplier,2026-09-20,299.11
NC000005030,NC-2026-0005030,production_order,PRD000073342,P000024,LOT00075420,2024-07-15,electrical,minor,3,machine_setting,use_as_is,2024-08-03,74.64
NC000005031,NC-2026-0005031,production_order,PRD000073372,P000888,LOT00148892,2025-09-19,functional,major,1,supplier_material,scrap,2025-09-21,73.2
NC000005032,NC-2026-0005032,production_order,PRD000073389,P000655,LOT00202212,2025-03-22,electrical,minor,12,supplier_material,use_as_is,2025-03-27,769.66
NC000005033,NC-2026-0005033,production_order,PRD000073415,P000934,LOT00164150,2024-06-30,electrical,minor,3,design_tolerance,return_to_supplier,2024-07-25,135.64
NC000005034,NC-2026-0005034,production_order,PRD000073425,P000835,LOT00143943,2024-12-03,surface_finish,minor,1,machine_setting,return_to_supplier,2024-12-13,75.57
NC000005035,NC-2026-0005035,production_order,PRD000073435,P000274,LOT00044094,2024-11-11,functional,major,1,operator_error,rework,2024-11-22,64.72
NC000005036,NC-2026-0005036,production_order,PRD000073438,P000292,LOT00004966,2025-03-23,electrical,minor,9,machine_setting,return_to_supplier,2025-04-15,5059.14
NC000005037,NC-2026-0005037,production_order,PRD000073440,P000629,LOT00222866,2026-06-10,packaging,minor,1,design_tolerance,scrap,2026-06-30,20.08
NC000005038,NC-2026-0005038,production_order,PRD000073470,P000638,LOT00117007,2024-02-08,dimensional,minor,1,machine_setting,scrap,2024-02-16,44.7
NC000005039,NC-2026-0005039,production_order,PRD000073473,P000266,LOT00172485,2024-11-21,functional,major,3,operator_error,rework,2024-12-15,331.54
NC000005040,NC-2026-0005040,production_order,PRD000073483,P000321,LOT00215626,2024-11-19,packaging,critical,9,supplier_material,rework,2024-12-09,236.25
NC000005041,NC-2026-0005041,production_order,PRD000073507,P000128,LOT00021151,2025-08-06,packaging,minor,5,supplier_material,scrap,2025-09-05,65.77
NC000005042,NC-2026-0005042,production_order,PRD000073538,P000561,LOT00014015,2025-04-08,dimensional,major,3,process_variation,use_as_is,2025-04-16,157.99
NC000005043,NC-2026-0005043,production_order,PRD000073547,P000429,LOT00094481,2026-04-13,electrical,major,8,operator_error,scrap,2026-04-20,460.84
NC000005044,NC-2026-0005044,production_order,PRD000073562,P000924,LOT00006804,2025-06-26,packaging,major,6,design_tolerance,scrap,2025-07-18,993.08
NC000005045,NC-2026-0005045,production_order,PRD000073574,P000837,LOT00032217,2026-02-19,electrical,major,6,machine_setting,use_as_is,2026-03-09,467.27
NC000005046,NC-2026-0005046,production_order,PRD000073590,P000378,LOT00107990,2024-05-15,dimensional,minor,1,supplier_material,scrap,2024-06-11,7.75
NC000005047,NC-2026-0005047,production_order,PRD000073602,P000424,LOT00005882,2025-12-10,functional,major,5,supplier_material,return_to_supplier,2026-01-09,34.76
NC000005048,NC-2026-0005048,production_order,PRD000073611,P000516,LOT00173137,2024-04-08,dimensional,major,5,supplier_material,rework,2024-05-02,213.99
NC000005049,NC-2026-0005049,production_order,PRD000073642,P000191,LOT00209327,2024-12-23,surface_finish,critical,4,supplier_material,scrap,2024-12-28,108.0
NC000005050,NC-2026-0005050,production_order,PRD000073645,P000003,LOT00186268,2024-10-29,surface_finish,major,1,process_variation,rework,2024-11-12,116.57
NC000005051,NC-2026-0005051,production_order,PRD000073681,P000830,LOT00008094,2024-04-03,functional,major,1,design_tolerance,rework,2024-04-13,20.75
NC000005052,NC-2026-0005052,production_order,PRD000073691,P000126,LOT00184837,2024-07-04,surface_finish,major,5,design_tolerance,return_to_supplier,2024-07-29,412.82
NC000005053,NC-2026-0005053,production_order,PRD000073693,P000553,LOT00042212,2025-08-08,electrical,minor,4,design_tolerance,scrap,2025-08-31,2118.97
NC000005054,NC-2026-0005054,production_order,PRD000073695,P000096,LOT00023346,2024-02-24,functional,minor,7,operator_error,rework,2024-03-24,251.32
NC000005055,NC-2026-0005055,production_order,PRD000073719,P000258,LOT00163362,2025-12-29,functional,major,2,supplier_material,rework,2026-01-21,151.96
NC000005056,NC-2026-0005056,production_order,PRD000073724,P000795,LOT00085620,2025-07-12,dimensional,minor,11,operator_error,scrap,2025-07-23,214.7
NC000005057,NC-2026-0005057,production_order,PRD000073747,P000812,LOT00071983,2026-03-07,packaging,major,14,machine_setting,rework,2026-04-06,2105.79
NC000005058,NC-2026-0005058,production_order,PRD000073749,P000243,LOT00204849,2024-08-02,functional,major,6,machine_setting,rework,2024-08-18,411.4
NC000005059,NC-2026-0005059,production_order,PRD000073757,P000242,LOT00240154,2025-10-06,dimensional,minor,3,machine_setting,rework,2025-10-12,125.52
NC000005060,NC-2026-0005060,production_order,PRD000073762,P000702,LOT00069389,2025-05-09,functional,major,2,supplier_material,rework,2025-05-15,65.65
NC000005061,NC-2026-0005061,production_order,PRD000073782,P000815,LOT00048704,2026-06-11,packaging,major,6,operator_error,return_to_supplier,2026-06-29,1674.37
NC000005062,NC-2026-0005062,production_order,PRD000073788,P000657,LOT00187409,2025-08-05,functional,minor,3,supplier_material,scrap,2025-08-31,47.77
NC000005063,NC-2026-0005063,production_order,PRD000073819,P000504,LOT00066040,2025-11-15,packaging,critical,12,process_variation,rework,2025-12-04,1671.64
NC000005064,NC-2026-0005064,production_order,PRD000073856,P000543,LOT00031632,2025-10-16,functional,minor,11,operator_error,return_to_supplier,2025-11-04,773.55
NC000005065,NC-2026-0005065,production_order,PRD000073875,P000714,LOT00166579,2026-06-14,functional,major,13,machine_setting,rework,2026-06-26,907.01
NC000005066,NC-2026-0005066,production_order,PRD000073905,P000236,LOT00141534,2025-10-24,packaging,minor,2,operator_error,rework,2025-10-27,26.49
NC000005067,NC-2026-0005067,production_order,PRD000073934,P000282,LOT00027544,2024-12-12,dimensional,major,5,design_tolerance,use_as_is,2024-12-24,795.68
NC000005068,NC-2026-0005068,production_order,PRD000073947,P000267,LOT00197268,2026-02-07,functional,major,4,design_tolerance,rework,2026-03-02,504.7
NC000005069,NC-2026-0005069,production_order,PRD000073949,P000800,LOT00220238,2024-06-10,electrical,major,13,machine_setting,rework,2024-06-22,1657.2
NC000005070,NC-2026-0005070,production_order,PRD000073950,P000620,LOT00174002,2024-07-17,surface_finish,major,2,process_variation,rework,2024-08-03,377.68
NC000005071,NC-2026-0005071,production_order,PRD000073955,P000662,LOT00011142,2026-08-27,packaging,minor,1,design_tolerance,rework,2026-09-14,49.16
NC000005072,NC-2026-0005072,production_order,PRD000073966,P000564,LOT00110469,2026-09-23,surface_finish,minor,14,machine_setting,return_to_supplier,2026-10-10,1612.33
NC000005073,NC-2026-0005073,production_order,PRD000073970,P000121,LOT00055556,2025-02-14,functional,minor,4,process_variation,rework,2025-03-09,376.51
NC000005074,NC-2026-0005074,production_order,PRD000073978,P000097,LOT00232342,2024-04-09,dimensional,major,12,operator_error,return_to_supplier,2024-05-03,961.61
NC000005075,NC-2026-0005075,production_order,PRD000073998,P000349,LOT00209672,2025-06-29,dimensional,minor,1,process_variation,scrap,2025-07-23,53.39
NC000005076,NC-2026-0005076,production_order,PRD000074008,P000138,LOT00152487,2025-10-19,electrical,minor,4,machine_setting,rework,2025-11-15,171.0
NC000005077,NC-2026-0005077,production_order,PRD000074022,P000061,LOT00095091,2025-01-11,surface_finish,minor,13,operator_error,scrap,2025-01-27,1770.37
NC000005078,NC-2026-0005078,production_order,PRD000074027,P000735,LOT00131834,2026-04-06,surface_finish,critical,3,process_variation,rework,2026-04-18,119.16
NC000005079,NC-2026-0005079,production_order,PRD000074059,P000142,LOT00009935,2024-10-22,packaging,minor,5,supplier_material,use_as_is,2024-11-03,470.31
NC000005080,NC-2026-0005080,production_order,PRD000074063,P000912,LOT00144066,2024-04-27,packaging,major,11,process_variation,rework,2024-05-16,359.61
NC000005081,NC-2026-0005081,production_order,PRD000074067,P000165,LOT00078017,2024-12-26,packaging,major,2,design_tolerance,scrap,2025-01-14,102.74
NC000005082,NC-2026-0005082,production_order,PRD000074072,P000156,LOT00058046,2026-02-15,surface_finish,minor,10,machine_setting,rework,2026-02-26,737.35
NC000005083,NC-2026-0005083,production_order,PRD000074073,P000200,LOT00007201,2026-08-07,electrical,major,6,process_variation,rework,2026-09-06,345.7
NC000005084,NC-2026-0005084,production_order,PRD000074090,P000910,LOT00052754,2025-10-17,electrical,minor,6,operator_error,return_to_supplier,2025-11-05,608.2
NC000005085,NC-2026-0005085,production_order,PRD000074100,P000728,LOT00058209,2024-04-10,functional,minor,3,machine_setting,use_as_is,2024-04-15,90.21
NC000005086,NC-2026-0005086,production_order,PRD000074110,P000261,LOT00168086,2025-04-24,functional,critical,1,supplier_material,rework,2025-05-15,16.24
NC000005087,NC-2026-0005087,production_order,PRD000074117,P000373,LOT00037454,2025-03-24,surface_finish,minor,6,machine_setting,return_to_supplier,2025-04-23,527.48
NC000005088,NC-2026-0005088,production_order,PRD000074123,P000212,LOT00175746,2025-06-10,functional,major,3,operator_error,use_as_is,2025-06-26,573.81
NC000005089,NC-2026-0005089,production_order,PRD000074170,P000896,LOT00114893,2024-03-25,surface_finish,major,1,design_tolerance,rework,2024-04-24,16.38
NC000005090,NC-2026-0005090,production_order,PRD000074192,P000659,LOT00144680,2026-01-19,dimensional,critical,1,operator_error,scrap,2026-02-13,25.57
NC000005091,NC-2026-0005091,production_order,PRD000074206,P000616,LOT00005804,2025-02-23,functional,major,1,process_variation,rework,2025-03-04,30.05
NC000005092,NC-2026-0005092,production_order,PRD000074228,P000805,LOT00010804,2024-07-16,functional,critical,2,supplier_material,rework,2024-08-14,66.64
NC000005093,NC-2026-0005093,production_order,PRD000074252,P000623,LOT00241167,2026-05-16,dimensional,critical,5,process_variation,rework,2026-06-03,190.3
NC000005094,NC-2026-0005094,production_order,PRD000074289,P000815,LOT00245937,2024-09-08,packaging,major,3,supplier_material,scrap,2024-09-16,826.94
NC000005095,NC-2026-0005095,production_order,PRD000074317,P000824,LOT00003843,2024-11-17,surface_finish,minor,1,design_tolerance,rework,2024-11-20,0.0
NC000005096,NC-2026-0005096,production_order,PRD000074339,P000202,LOT00211004,2024-06-18,electrical,critical,6,machine_setting,scrap,2024-07-17,1386.49
NC000005097,NC-2026-0005097,production_order,PRD000074347,P000828,LOT00109976,2026-06-18,packaging,critical,11,machine_setting,rework,2026-07-16,1301.36
NC000005098,NC-2026-0005098,production_order,PRD000074396,P000844,LOT00012954,2025-07-21,dimensional,major,6,machine_setting,return_to_supplier,2025-08-01,1958.9
NC000005099,NC-2026-0005099,production_order,PRD000074423,P000846,LOT00087494,2026-07-27,packaging,major,11,operator_error,scrap,2026-08-05,461.46
NC000005100,NC-2026-0005100,production_order,PRD000074433,P000923,LOT00246731,2026-01-12,electrical,major,12,operator_error,use_as_is,2026-01-23,591.7
NC000005101,NC-2026-0005101,production_order,PRD000074434,P000354,LOT00055821,2024-02-01,dimensional,major,1,machine_setting,rework,2024-02-06,25.04
NC000005102,NC-2026-0005102,production_order,PRD000074452,P000934,LOT00138018,2024-11-03,functional,major,3,machine_setting,use_as_is,2024-11-27,126.99
NC000005103,NC-2026-0005103,production_order,PRD000074474,P000476,LOT00171553,2024-05-15,surface_finish,minor,1,operator_error,rework,2024-05-20,231.17
NC000005104,NC-2026-0005104,production_order,PRD000074483,P000487,LOT00157112,2026-06-23,packaging,major,8,supplier_material,rework,2026-07-11,569.73
NC000005105,NC-2026-0005105,production_order,PRD000074524,P000377,LOT00015686,2024-03-18,dimensional,major,4,process_variation,rework,2024-04-12,61.16
NC000005106,NC-2026-0005106,production_order,PRD000074526,P000063,LOT00077024,2025-01-27,surface_finish,minor,2,design_tolerance,return_to_supplier,2025-02-04,120.33
NC000005107,NC-2026-0005107,production_order,PRD000074532,P000947,LOT00217826,2025-12-17,functional,minor,3,supplier_material,rework,2026-01-16,619.04
NC000005108,NC-2026-0005108,production_order,PRD000074608,P000006,LOT00016494,2026-03-01,packaging,minor,11,supplier_material,rework,2026-03-18,649.01
NC000005109,NC-2026-0005109,production_order,PRD000074634,P000715,LOT00039441,2025-04-24,functional,minor,2,process_variation,rework,2025-05-20,125.92
NC000005110,NC-2026-0005110,production_order,PRD000074645,P000677,LOT00049330,2026-07-22,functional,critical,11,machine_setting,rework,2026-08-02,2274.37
NC000005111,NC-2026-0005111,production_order,PRD000074649,P000436,LOT00246749,2024-10-28,surface_finish,critical,12,design_tolerance,rework,2024-11-18,399.65
NC000005112,NC-2026-0005112,production_order,PRD000074650,P000083,LOT00225281,2026-08-12,electrical,major,5,machine_setting,rework,2026-08-27,579.41
NC000005113,NC-2026-0005113,production_order,PRD000074666,P000368,LOT00215348,2025-07-14,functional,major,1,operator_error,scrap,2025-07-23,101.11
NC000005114,NC-2026-0005114,production_order,PRD000074668,P000246,LOT00154624,2025-03-14,functional,critical,12,supplier_material,rework,2025-03-25,1828.18
NC000005115,NC-2026-0005115,production_order,PRD000074673,P000550,LOT00032306,2025-09-13,surface_finish,major,2,process_variation,use_as_is,2025-09-30,56.76
NC000005116,NC-2026-0005116,production_order,PRD000074690,P000006,LOT00117778,2026-07-03,functional,major,9,operator_error,scrap,2026-07-29,670.95
NC000005117,NC-2026-0005117,production_order,PRD000074693,P000875,LOT00238005,2026-03-30,surface_finish,major,5,process_variation,rework,2026-04-04,236.34
NC000005118,NC-2026-0005118,production_order,PRD000074702,P000629,LOT00129786,2024-12-19,functional,critical,2,process_variation,scrap,2025-01-06,58.1
NC000005119,NC-2026-0005119,production_order,PRD000074715,P000321,LOT00241504,2024-10-19,functional,minor,5,supplier_material,rework,2024-11-05,159.63
NC000005120,NC-2026-0005120,production_order,PRD000074721,P000753,LOT00028457,2026-04-18,surface_finish,major,9,supplier_material,rework,2026-05-10,849.3
NC000005121,NC-2026-0005121,production_order,PRD000074731,P000629,LOT00217536,2026-03-10,dimensional,minor,1,supplier_material,rework,2026-03-15,19.51
NC000005122,NC-2026-0005122,production_order,PRD000074734,P000030,LOT00075054,2026-02-15,dimensional,minor,9,machine_setting,use_as_is,2026-03-10,109.41
NC000005123,NC-2026-0005123,production_order,PRD000074738,P000731,LOT00192557,2025-05-05,dimensional,minor,9,supplier_material,rework,2025-05-17,926.85
NC000005124,NC-2026-0005124,production_order,PRD000074740,P000762,LOT00148337,2024-03-29,surface_finish,minor,2,machine_setting,rework,2024-04-15,127.7
NC000005125,NC-2026-0005125,production_order,PRD000074786,P000589,LOT00107027,2026-05-11,electrical,minor,7,supplier_material,use_as_is,2026-05-20,263.63
NC000005126,NC-2026-0005126,production_order,PRD000074797,P000140,LOT00028891,2025-07-03,packaging,critical,1,machine_setting,use_as_is,2025-07-24,208.95
NC000005127,NC-2026-0005127,production_order,PRD000074806,P000736,LOT00232058,2024-03-31,surface_finish,minor,3,machine_setting,scrap,2024-04-08,49.96
NC000005128,NC-2026-0005128,production_order,PRD000074820,P000089,LOT00039033,2026-02-06,dimensional,major,3,machine_setting,rework,2026-02-09,379.75
NC000005129,NC-2026-0005129,production_order,PRD000074826,P000503,LOT00083120,2024-06-06,surface_finish,minor,3,supplier_material,rework,2024-06-08,556.82
NC000005130,NC-2026-0005130,production_order,PRD000074835,P000638,LOT00213542,2024-11-29,functional,minor,5,process_variation,rework,2024-12-23,235.83
NC000005131,NC-2026-0005131,production_order,PRD000074858,P000395,LOT00103691,2025-08-31,functional,minor,7,operator_error,rework,2025-09-15,2505.19
NC000005132,NC-2026-0005132,production_order,PRD000074862,P000642,LOT00229045,2024-11-02,packaging,minor,3,operator_error,use_as_is,2024-11-07,446.0
NC000005133,NC-2026-0005133,production_order,PRD000074869,P000687,LOT00113800,2025-11-26,packaging,major,1,supplier_material,scrap,2025-11-29,74.0
NC000005134,NC-2026-0005134,production_order,PRD000074920,P000685,LOT00037162,2025-04-10,packaging,major,1,machine_setting,use_as_is,2025-04-27,202.99
NC000005135,NC-2026-0005135,production_order,PRD000074929,P000223,LOT00011116,2025-09-16,functional,minor,9,process_variation,rework,2025-10-09,1589.66
NC000005136,NC-2026-0005136,production_order,PRD000074940,P000188,LOT00097749,2025-11-25,functional,minor,6,process_variation,return_to_supplier,2025-12-14,469.63
NC000005137,NC-2026-0005137,production_order,PRD000074943,P000535,LOT00102334,2026-04-25,packaging,minor,6,process_variation,rework,2026-04-29,502.26
NC000005138,NC-2026-0005138,production_order,PRD000074951,P000566,LOT00002812,2024-02-11,functional,minor,5,supplier_material,rework,2024-03-05,852.93
NC000005139,NC-2026-0005139,production_order,PRD000074954,P000320,LOT00042306,2024-06-18,surface_finish,major,5,machine_setting,rework,2024-06-23,387.31
NC000005140,NC-2026-0005140,production_order,PRD000074972,P000925,LOT00131828,2025-07-18,dimensional,minor,1,machine_setting,rework,2025-08-03,42.31
NC000005141,NC-2026-0005141,production_order,PRD000074981,P000112,LOT00153370,2024-06-09,dimensional,major,8,process_variation,use_as_is,2024-06-17,3019.01
NC000005142,NC-2026-0005142,production_order,PRD000075001,P000142,LOT00199150,2025-11-04,surface_finish,minor,4,operator_error,return_to_supplier,2025-11-29,148.3
NC000005143,NC-2026-0005143,production_order,PRD000075019,P000751,LOT00145048,2024-02-14,functional,major,3,process_variation,rework,2024-03-11,47.04
NC000005144,NC-2026-0005144,production_order,PRD000075022,P000888,LOT00178656,2025-12-27,functional,minor,4,operator_error,use_as_is,2026-01-18,402.22
NC000005145,NC-2026-0005145,production_order,PRD000075035,P000766,LOT00249428,2025-11-29,functional,major,2,process_variation,scrap,2025-12-07,376.04
NC000005146,NC-2026-0005146,production_order,PRD000075039,P000734,LOT00200214,2024-04-02,surface_finish,minor,2,design_tolerance,rework,2024-04-12,113.97
NC000005147,NC-2026-0005147,production_order,PRD000075058,P000303,LOT00224615,2026-06-14,electrical,major,1,design_tolerance,use_as_is,2026-06-23,67.18
NC000005148,NC-2026-0005148,production_order,PRD000075082,P000381,LOT00024402,2025-08-05,surface_finish,critical,1,operator_error,return_to_supplier,2025-08-28,156.43
NC000005149,NC-2026-0005149,production_order,PRD000075095,P000406,LOT00128923,2025-04-03,functional,major,2,process_variation,scrap,2025-04-08,18.56
NC000005150,NC-2026-0005150,production_order,PRD000075177,P000799,LOT00006897,2024-03-27,surface_finish,major,1,supplier_material,rework,2024-04-12,85.42
NC000005151,NC-2026-0005151,production_order,PRD000075218,P000323,LOT00039899,2025-02-22,surface_finish,critical,2,machine_setting,use_as_is,2025-03-11,96.62
NC000005152,NC-2026-0005152,production_order,PRD000075235,P000946,LOT00233305,2026-08-23,electrical,critical,2,machine_setting,scrap,2026-08-29,215.25
NC000005153,NC-2026-0005153,production_order,PRD000075259,P000930,LOT00145489,2026-06-24,packaging,major,2,process_variation,scrap,2026-07-06,204.26
NC000005154,NC-2026-0005154,production_order,PRD000075265,P000480,LOT00062139,2026-06-26,functional,major,1,process_variation,scrap,2026-07-12,65.31
NC000005155,NC-2026-0005155,production_order,PRD000075287,P000666,LOT00031820,2024-02-13,surface_finish,major,9,operator_error,rework,2024-03-13,521.7
NC000005156,NC-2026-0005156,production_order,PRD000075298,P000367,LOT00115837,2025-10-26,surface_finish,minor,8,supplier_material,rework,2025-11-08,291.74
NC000005157,NC-2026-0005157,production_order,PRD000075326,P000204,LOT00002172,2025-09-24,surface_finish,major,4,supplier_material,rework,2025-10-08,167.71
NC000005158,NC-2026-0005158,production_order,PRD000075333,P000113,LOT00154174,2025-02-10,dimensional,major,9,process_variation,rework,2025-02-26,267.87
NC000005159,NC-2026-0005159,production_order,PRD000075336,P000578,LOT00102785,2025-01-25,packaging,major,1,machine_setting,rework,2025-02-08,108.63
NC000005160,NC-2026-0005160,production_order,PRD000075343,P000217,LOT00078790,2025-09-04,dimensional,minor,7,supplier_material,rework,2025-10-04,415.06
NC000005161,NC-2026-0005161,production_order,PRD000075352,P000917,LOT00247777,2024-12-18,packaging,critical,4,design_tolerance,scrap,2024-12-30,78.22
NC000005162,NC-2026-0005162,production_order,PRD000075392,P000044,LOT00210668,2024-09-30,dimensional,minor,2,process_variation,use_as_is,2024-10-30,512.06
NC000005163,NC-2026-0005163,production_order,PRD000075408,P000195,LOT00233039,2025-02-05,packaging,major,6,machine_setting,scrap,2025-03-02,419.02
NC000005164,NC-2026-0005164,production_order,PRD000075434,P000837,LOT00221496,2025-05-03,dimensional,minor,4,supplier_material,rework,2025-05-16,238.27
NC000005165,NC-2026-0005165,production_order,PRD000075452,P000236,LOT00211185,2026-08-16,packaging,minor,2,operator_error,rework,2026-09-05,73.63
NC000005166,NC-2026-0005166,production_order,PRD000075482,P000925,LOT00146942,2026-07-07,functional,critical,5,supplier_material,rework,2026-08-03,102.83
NC000005167,NC-2026-0005167,production_order,PRD000075518,P000892,LOT00134595,2025-07-26,electrical,minor,4,supplier_material,scrap,2025-08-18,105.16
NC000005168,NC-2026-0005168,production_order,PRD000075530,P000489,LOT00176634,2025-06-10,dimensional,major,13,design_tolerance,scrap,2025-07-02,2432.03
NC000005169,NC-2026-0005169,production_order,PRD000075537,P000067,LOT00170704,2024-12-03,electrical,major,1,process_variation,use_as_is,2024-12-30,0.0
NC000005170,NC-2026-0005170,production_order,PRD000075552,P000153,LOT00168641,2024-05-15,functional,critical,8,machine_setting,rework,2024-06-06,645.13
NC000005171,NC-2026-0005171,production_order,PRD000075557,P000404,LOT00202159,2025-09-18,dimensional,minor,2,operator_error,rework,2025-10-09,398.11
NC000005172,NC-2026-0005172,production_order,PRD000075573,P000940,LOT00014914,2025-08-19,electrical,major,5,process_variation,scrap,2025-08-25,900.55
NC000005173,NC-2026-0005173,production_order,PRD000075580,P000714,LOT00049218,2024-05-05,surface_finish,major,9,supplier_material,rework,2024-05-22,653.43
NC000005174,NC-2026-0005174,production_order,PRD000075598,P000868,LOT00048332,2025-03-04,packaging,minor,1,machine_setting,scrap,2025-03-11,107.88
NC000005175,NC-2026-0005175,production_order,PRD000075636,P000484,LOT00175316,2025-01-29,surface_finish,minor,5,process_variation,return_to_supplier,2025-02-05,344.83
NC000005176,NC-2026-0005176,production_order,PRD000075648,P000566,LOT00100190,2025-10-28,surface_finish,minor,5,supplier_material,rework,2025-11-12,711.76
NC000005177,NC-2026-0005177,production_order,PRD000075657,P000165,LOT00247937,2024-02-28,functional,minor,12,supplier_material,rework,2024-03-27,527.01
NC000005178,NC-2026-0005178,production_order,PRD000075671,P000511,LOT00078949,2025-11-11,surface_finish,major,6,process_variation,rework,2025-12-04,3361.86
NC000005179,NC-2026-0005179,production_order,PRD000075677,P000637,LOT00235655,2025-11-28,functional,major,2,design_tolerance,scrap,2025-12-18,109.31
NC000005180,NC-2026-0005180,production_order,PRD000075684,P000417,LOT00211120,2026-03-24,dimensional,minor,1,operator_error,rework,2026-04-14,20.68
NC000005181,NC-2026-0005181,production_order,PRD000075690,P000160,LOT00109940,2025-11-03,surface_finish,major,3,process_variation,rework,2025-12-03,278.89
NC000005182,NC-2026-0005182,production_order,PRD000075693,P000727,LOT00001783,2026-05-03,surface_finish,minor,10,process_variation,return_to_supplier,2026-05-18,317.42
NC000005183,NC-2026-0005183,production_order,PRD000075705,P000111,LOT00179094,2025-03-07,electrical,major,4,machine_setting,rework,2025-03-09,471.3
NC000005184,NC-2026-0005184,production_order,PRD000075721,P000836,LOT00033942,2026-07-21,packaging,minor,2,design_tolerance,rework,2026-08-04,32.74
NC000005185,NC-2026-0005185,production_order,PRD000075760,P000152,LOT00193034,2024-08-05,dimensional,major,4,supplier_material,rework,2024-08-08,178.6
NC000005186,NC-2026-0005186,production_order,PRD000075774,P000516,LOT00084894,2025-02-21,surface_finish,major,9,supplier_material,rework,2025-03-21,743.05
NC000005187,NC-2026-0005187,production_order,PRD000075788,P000592,LOT00166178,2025-11-30,surface_finish,critical,6,supplier_material,scrap,2025-12-15,169.55
NC000005188,NC-2026-0005188,production_order,PRD000075797,P000063,LOT00029828,2024-07-17,dimensional,critical,10,operator_error,rework,2024-08-13,497.18
NC000005189,NC-2026-0005189,production_order,PRD000075810,P000934,LOT00063307,2025-04-19,dimensional,major,3,machine_setting,return_to_supplier,2025-05-05,55.25
NC000005190,NC-2026-0005190,production_order,PRD000075830,P000563,LOT00225755,2026-07-25,dimensional,major,3,design_tolerance,return_to_supplier,2026-08-03,250.98
NC000005191,NC-2026-0005191,production_order,PRD000075834,P000809,LOT00177849,2025-06-21,packaging,major,1,supplier_material,scrap,2025-07-12,104.78
NC000005192,NC-2026-0005192,production_order,PRD000075849,P000685,LOT00151080,2025-03-28,packaging,major,1,design_tolerance,rework,2025-04-17,186.07
NC000005193,NC-2026-0005193,production_order,PRD000075863,P000602,LOT00064093,2024-02-21,dimensional,critical,3,machine_setting,scrap,2024-03-05,247.34
NC000005194,NC-2026-0005194,production_order,PRD000075882,P000193,LOT00103969,2025-08-02,packaging,critical,3,design_tolerance,scrap,2025-08-17,789.25
NC000005195,NC-2026-0005195,production_order,PRD000075884,P000870,LOT00126259,2024-12-25,packaging,minor,7,process_variation,return_to_supplier,2025-01-10,201.85
NC000005196,NC-2026-0005196,production_order,PRD000075908,P000511,LOT00001850,2024-12-15,surface_finish,major,4,process_variation,rework,2025-01-10,2774.18
NC000005197,NC-2026-0005197,production_order,PRD000075919,P000296,LOT00220248,2024-09-01,functional,minor,13,process_variation,rework,2024-09-30,852.73
NC000005198,NC-2026-0005198,production_order,PRD000075925,P000824,LOT00070776,2025-08-19,electrical,major,13,machine_setting,return_to_supplier,2025-09-18,273.32
NC000005199,NC-2026-0005199,production_order,PRD000076011,P000642,LOT00019540,2024-05-24,surface_finish,major,2,machine_setting,rework,2024-06-21,83.85
NC000005200,NC-2026-0005200,production_order,PRD000076015,P000322,LOT00066801,2025-03-13,functional,major,8,machine_setting,return_to_supplier,2025-03-30,1816.62
NC000005201,NC-2026-0005201,production_order,PRD000076019,P000505,LOT00114504,2024-02-27,electrical,minor,2,process_variation,return_to_supplier,2024-03-01,47.92
NC000005202,NC-2026-0005202,production_order,PRD000076032,P000899,LOT00096204,2024-09-16,dimensional,minor,1,operator_error,rework,2024-09-25,248.75
NC000005203,NC-2026-0005203,production_order,PRD000076034,P000632,LOT00149399,2025-05-29,functional,minor,2,process_variation,rework,2025-06-21,161.82
NC000005204,NC-2026-0005204,production_order,PRD000076036,P000524,LOT00122526,2024-10-09,functional,critical,8,machine_setting,use_as_is,2024-10-25,256.87
NC000005205,NC-2026-0005205,production_order,PRD000076045,P000930,LOT00095721,2025-07-01,electrical,minor,6,operator_error,return_to_supplier,2025-07-23,821.02
NC000005206,NC-2026-0005206,production_order,PRD000076059,P000644,LOT00182516,2024-02-15,surface_finish,major,5,supplier_material,rework,2024-03-16,701.63
NC000005207,NC-2026-0005207,production_order,PRD000076063,P000515,LOT00014742,2025-12-21,functional,minor,1,operator_error,rework,2026-01-05,23.36
NC000005208,NC-2026-0005208,production_order,PRD000076082,P000811,LOT00075109,2025-08-07,packaging,major,6,operator_error,rework,2025-08-29,4058.21
NC000005209,NC-2026-0005209,production_order,PRD000076093,P000045,LOT00092623,2025-09-17,packaging,major,4,process_variation,return_to_supplier,2025-10-17,213.14
NC000005210,NC-2026-0005210,production_order,PRD000076111,P000554,LOT00226641,2025-06-25,surface_finish,major,2,supplier_material,use_as_is,2025-07-25,309.46
NC000005211,NC-2026-0005211,production_order,PRD000076114,P000864,LOT00126039,2024-03-10,dimensional,minor,1,operator_error,scrap,2024-03-31,68.14
NC000005212,NC-2026-0005212,production_order,PRD000076126,P000215,LOT00142378,2024-03-14,packaging,major,5,machine_setting,use_as_is,2024-03-25,122.45
NC000005213,NC-2026-0005213,production_order,PRD000076129,P000753,LOT00166251,2024-06-30,packaging,minor,2,operator_error,use_as_is,2024-07-06,114.01
NC000005214,NC-2026-0005214,production_order,PRD000076130,P000283,LOT00045449,2025-11-01,functional,major,1,machine_setting,use_as_is,2025-11-11,117.29
NC000005215,NC-2026-0005215,production_order,PRD000076139,P000874,LOT00150529,2024-02-03,surface_finish,minor,7,operator_error,return_to_supplier,2024-02-13,853.76
NC000005216,NC-2026-0005216,production_order,PRD000076152,P000654,LOT00198391,2025-03-20,packaging,minor,9,design_tolerance,use_as_is,2025-04-12,680.3
NC000005217,NC-2026-0005217,production_order,PRD000076155,P000879,LOT00044136,2026-08-16,packaging,minor,4,machine_setting,use_as_is,2026-08-21,392.4
NC000005218,NC-2026-0005218,production_order,PRD000076179,P000224,LOT00247847,2026-05-23,functional,minor,2,machine_setting,return_to_supplier,2026-06-18,700.87
NC000005219,NC-2026-0005219,production_order,PRD000076188,P000090,LOT00198940,2024-08-01,packaging,major,5,operator_error,return_to_supplier,2024-08-07,419.06
NC000005220,NC-2026-0005220,production_order,PRD000076193,P000575,LOT00047624,2025-01-11,functional,critical,1,machine_setting,scrap,2025-01-23,130.05
NC000005221,NC-2026-0005221,production_order,PRD000076205,P000830,LOT00140418,2024-07-12,dimensional,minor,6,operator_error,return_to_supplier,2024-07-17,399.43
NC000005222,NC-2026-0005222,production_order,PRD000076251,P000435,LOT00190438,2026-07-28,electrical,critical,5,supplier_material,rework,2026-08-16,147.16
NC000005223,NC-2026-0005223,production_order,PRD000076255,P000683,LOT00037900,2024-09-06,functional,major,7,operator_error,use_as_is,2024-09-22,394.3
NC000005224,NC-2026-0005224,production_order,PRD000076258,P000180,LOT00126451,2026-03-29,dimensional,minor,7,machine_setting,use_as_is,2026-04-14,78.44
NC000005225,NC-2026-0005225,production_order,PRD000076262,P000625,LOT00075334,2025-07-01,functional,major,2,supplier_material,rework,2025-07-27,216.41
NC000005226,NC-2026-0005226,production_order,PRD000076286,P000782,LOT00189683,2024-08-26,packaging,major,1,operator_error,rework,2024-09-19,17.76
NC000005227,NC-2026-0005227,production_order,PRD000076293,P000335,LOT00121905,2024-12-12,surface_finish,major,4,machine_setting,return_to_supplier,2024-12-17,157.37
NC000005228,NC-2026-0005228,production_order,PRD000076326,P000894,LOT00193048,2024-06-03,packaging,minor,4,machine_setting,return_to_supplier,2024-06-20,93.38
NC000005229,NC-2026-0005229,production_order,PRD000076344,P000358,LOT00163618,2026-06-21,packaging,major,9,supplier_material,return_to_supplier,2026-06-30,3066.57
NC000005230,NC-2026-0005230,production_order,PRD000076372,P000759,LOT00035796,2024-09-13,surface_finish,minor,2,operator_error,return_to_supplier,2024-09-27,27.52
NC000005231,NC-2026-0005231,production_order,PRD000076375,P000754,LOT00116204,2026-01-17,dimensional,major,5,operator_error,scrap,2026-01-26,707.8
NC000005232,NC-2026-0005232,production_order,PRD000076387,P000307,LOT00172959,2025-11-21,surface_finish,major,3,design_tolerance,rework,2025-12-21,218.93
NC000005233,NC-2026-0005233,production_order,PRD000076393,P000246,LOT00161087,2025-10-01,functional,minor,10,supplier_material,use_as_is,2025-10-19,4621.84
NC000005234,NC-2026-0005234,production_order,PRD000076394,P000398,LOT00092414,2024-11-01,functional,minor,7,design_tolerance,scrap,2024-11-12,672.03
NC000005235,NC-2026-0005235,production_order,PRD000076410,P000503,LOT00096770,2026-08-01,dimensional,major,6,operator_error,use_as_is,2026-08-10,1230.49
NC000005236,NC-2026-0005236,production_order,PRD000076417,P000509,LOT00004432,2025-07-19,surface_finish,minor,10,design_tolerance,rework,2025-08-16,581.25
NC000005237,NC-2026-0005237,production_order,PRD000076450,P000710,LOT00128832,2024-03-21,packaging,minor,6,design_tolerance,scrap,2024-04-06,471.5
NC000005238,NC-2026-0005238,production_order,PRD000076452,P000063,LOT00021528,2024-04-15,surface_finish,critical,1,operator_error,use_as_is,2024-05-02,71.88
NC000005239,NC-2026-0005239,production_order,PRD000076513,P000434,LOT00208919,2026-07-11,packaging,critical,1,operator_error,scrap,2026-07-14,265.87
NC000005240,NC-2026-0005240,production_order,PRD000076515,P000622,LOT00128193,2026-08-13,surface_finish,major,8,machine_setting,rework,2026-09-07,1400.01
NC000005241,NC-2026-0005241,production_order,PRD000076527,P000735,LOT00213900,2026-08-18,surface_finish,minor,4,supplier_material,scrap,2026-08-20,170.13
NC000005242,NC-2026-0005242,production_order,PRD000076532,P000055,LOT00045539,2025-12-01,surface_finish,minor,2,machine_setting,use_as_is,2025-12-30,245.26
NC000005243,NC-2026-0005243,production_order,PRD000076541,P000704,LOT00106569,2024-03-15,surface_finish,minor,5,operator_error,use_as_is,2024-03-18,737.55
NC000005244,NC-2026-0005244,production_order,PRD000076558,P000819,LOT00168622,2026-01-29,functional,minor,3,supplier_material,return_to_supplier,2026-02-15,373.41
NC000005245,NC-2026-0005245,production_order,PRD000076563,P000777,LOT00173749,2026-01-26,dimensional,minor,5,supplier_material,scrap,2026-02-12,397.73
NC000005246,NC-2026-0005246,production_order,PRD000076577,P000397,LOT00108612,2026-04-23,packaging,minor,4,process_variation,rework,2026-05-16,519.26
NC000005247,NC-2026-0005247,production_order,PRD000076591,P000721,LOT00031685,2024-03-01,surface_finish,minor,1,machine_setting,rework,2024-03-20,0.0
NC000005248,NC-2026-0005248,production_order,PRD000076598,P000686,LOT00093735,2026-03-06,dimensional,minor,5,machine_setting,rework,2026-03-10,133.12
NC000005249,NC-2026-0005249,production_order,PRD000076603,P000641,LOT00239177,2026-09-11,electrical,minor,6,process_variation,rework,2026-09-15,839.77
NC000005250,NC-2026-0005250,production_order,PRD000076650,P000613,LOT00156893,2025-06-15,surface_finish,minor,4,operator_error,return_to_supplier,2025-06-23,190.54
NC000005251,NC-2026-0005251,production_order,PRD000076681,P000809,LOT00220791,2024-11-16,functional,minor,1,operator_error,return_to_supplier,2024-12-15,99.42
NC000005252,NC-2026-0005252,production_order,PRD000076698,P000012,LOT00093902,2026-05-04,dimensional,minor,13,machine_setting,rework,2026-05-16,877.08
NC000005253,NC-2026-0005253,production_order,PRD000076707,P000610,LOT00149315,2026-08-27,dimensional,minor,6,operator_error,use_as_is,2026-09-16,64.9
NC000005254,NC-2026-0005254,production_order,PRD000076725,P000105,LOT00148182,2026-08-19,electrical,minor,12,machine_setting,scrap,2026-09-03,849.2
NC000005255,NC-2026-0005255,production_order,PRD000076738,P000885,LOT00163450,2026-04-27,functional,critical,2,operator_error,use_as_is,2026-05-05,237.9
NC000005256,NC-2026-0005256,production_order,PRD000076741,P000590,LOT00119479,2024-12-17,surface_finish,major,10,supplier_material,rework,2025-01-14,1274.85
NC000005257,NC-2026-0005257,production_order,PRD000076742,P000248,LOT00030324,2024-02-09,functional,major,6,supplier_material,rework,2024-03-03,953.46
NC000005258,NC-2026-0005258,production_order,PRD000076753,P000484,LOT00127782,2024-07-10,dimensional,minor,4,process_variation,scrap,2024-07-17,294.07
NC000005259,NC-2026-0005259,production_order,PRD000076773,P000538,LOT00191125,2025-06-05,functional,major,1,machine_setting,return_to_supplier,2025-06-29,0.0
NC000005260,NC-2026-0005260,production_order,PRD000076785,P000163,LOT00193360,2025-11-02,surface_finish,minor,1,machine_setting,scrap,2025-11-23,141.93
NC000005261,NC-2026-0005261,production_order,PRD000076789,P000893,LOT00187942,2024-12-08,functional,major,11,design_tolerance,rework,2024-12-20,1180.78
NC000005262,NC-2026-0005262,production_order,PRD000076806,P000477,LOT00204509,2026-09-26,electrical,major,8,supplier_material,rework,2026-10-05,664.79
NC000005263,NC-2026-0005263,production_order,PRD000076818,P000708,LOT00209710,2024-09-24,electrical,critical,1,operator_error,return_to_supplier,2024-10-21,120.85
NC000005264,NC-2026-0005264,production_order,PRD000076828,P000212,LOT00043139,2025-10-31,surface_finish,critical,1,supplier_material,return_to_supplier,2025-11-26,296.54
NC000005265,NC-2026-0005265,production_order,PRD000076833,P000349,LOT00020169,2026-07-08,surface_finish,minor,7,supplier_material,scrap,2026-07-26,273.86
NC000005266,NC-2026-0005266,production_order,PRD000076837,P000552,LOT00113769,2026-06-06,packaging,major,4,supplier_material,use_as_is,2026-06-24,1330.29
NC000005267,NC-2026-0005267,production_order,PRD000076884,P000876,LOT00065640,2024-09-08,packaging,minor,11,operator_error,rework,2024-10-02,594.47
NC000005268,NC-2026-0005268,production_order,PRD000076915,P000705,LOT00114692,2025-08-11,electrical,critical,6,process_variation,rework,2025-09-02,784.74
NC000005269,NC-2026-0005269,production_order,PRD000076931,P000318,LOT00204341,2024-04-28,surface_finish,major,3,process_variation,rework,2024-05-19,223.29
NC000005270,NC-2026-0005270,production_order,PRD000076947,P000573,LOT00069684,2026-01-14,packaging,major,7,operator_error,use_as_is,2026-02-12,407.07
NC000005271,NC-2026-0005271,production_order,PRD000076966,P000055,LOT00098071,2024-02-03,dimensional,minor,10,machine_setting,rework,2024-02-11,1825.59
NC000005272,NC-2026-0005272,production_order,PRD000076974,P000686,LOT00113444,2025-07-24,dimensional,minor,5,operator_error,scrap,2025-08-23,69.62
NC000005273,NC-2026-0005273,production_order,PRD000076975,P000519,LOT00088911,2026-08-06,packaging,minor,9,machine_setting,rework,2026-08-16,1047.72
NC000005274,NC-2026-0005274,production_order,PRD000077006,P000368,LOT00131181,2026-07-18,dimensional,major,3,supplier_material,scrap,2026-07-28,346.81
NC000005275,NC-2026-0005275,production_order,PRD000077025,P000871,LOT00238878,2025-08-10,packaging,minor,7,design_tolerance,use_as_is,2025-09-04,176.17
NC000005276,NC-2026-0005276,production_order,PRD000077042,P000435,LOT00162592,2026-05-21,functional,major,10,operator_error,use_as_is,2026-06-19,249.92
NC000005277,NC-2026-0005277,production_order,PRD000077047,P000042,LOT00149456,2025-08-07,dimensional,major,9,process_variation,scrap,2025-09-04,870.32
NC000005278,NC-2026-0005278,production_order,PRD000077049,P000199,LOT00184946,2025-01-29,functional,minor,1,process_variation,rework,2025-02-06,16.18
NC000005279,NC-2026-0005279,production_order,PRD000077068,P000093,LOT00169437,2025-05-16,surface_finish,minor,2,process_variation,rework,2025-05-28,35.74
NC000005280,NC-2026-0005280,production_order,PRD000077069,P000722,LOT00006095,2025-11-20,packaging,major,5,supplier_material,use_as_is,2025-12-05,271.43
NC000005281,NC-2026-0005281,production_order,PRD000077120,P000311,LOT00190741,2025-02-17,functional,critical,1,operator_error,scrap,2025-02-23,34.37
NC000005282,NC-2026-0005282,production_order,PRD000077128,P000143,LOT00152015,2024-05-26,packaging,minor,3,supplier_material,rework,2024-06-12,116.46
NC000005283,NC-2026-0005283,production_order,PRD000077138,P000044,LOT00144913,2024-05-29,electrical,major,2,design_tolerance,use_as_is,2024-06-22,437.21
NC000005284,NC-2026-0005284,production_order,PRD000077148,P000124,LOT00032041,2026-08-09,dimensional,major,1,process_variation,rework,2026-09-03,34.61
NC000005285,NC-2026-0005285,production_order,PRD000077152,P000354,LOT00076780,2025-09-17,packaging,major,5,process_variation,use_as_is,2025-09-29,527.8
NC000005286,NC-2026-0005286,production_order,PRD000077163,P000221,LOT00155834,2025-05-12,packaging,minor,6,process_variation,rework,2025-05-20,608.33
NC000005287,NC-2026-0005287,production_order,PRD000077185,P000426,LOT00080680,2026-01-17,dimensional,major,1,process_variation,return_to_supplier,2026-02-12,90.29
NC000005288,NC-2026-0005288,production_order,PRD000077190,P000201,LOT00097273,2025-12-25,dimensional,major,3,process_variation,scrap,2026-01-15,178.39
NC000005289,NC-2026-0005289,production_order,PRD000077206,P000840,LOT00039720,2024-04-02,packaging,minor,1,machine_setting,rework,2024-04-05,25.33
NC000005290,NC-2026-0005290,production_order,PRD000077239,P000348,LOT00238179,2026-06-20,packaging,minor,13,process_variation,rework,2026-07-05,952.05
NC000005291,NC-2026-0005291,production_order,PRD000077240,P000473,LOT00202217,2024-10-15,electrical,major,1,machine_setting,rework,2024-11-11,43.86
NC000005292,NC-2026-0005292,production_order,PRD000077242,P000919,LOT00057704,2025-08-28,packaging,major,2,supplier_material,rework,2025-09-01,71.78
NC000005293,NC-2026-0005293,production_order,PRD000077261,P000805,LOT00019958,2026-04-08,electrical,major,2,machine_setting,scrap,2026-05-08,196.97
NC000005294,NC-2026-0005294,production_order,PRD000077271,P000698,LOT00177589,2025-06-09,functional,minor,7,process_variation,rework,2025-07-04,2472.34
NC000005295,NC-2026-0005295,production_order,PRD000077293,P000541,LOT00031208,2025-04-16,functional,critical,5,operator_error,rework,2025-05-07,1374.45
NC000005296,NC-2026-0005296,production_order,PRD000077294,P000043,LOT00109565,2026-01-06,dimensional,major,7,machine_setting,rework,2026-02-03,844.09
NC000005297,NC-2026-0005297,production_order,PRD000077297,P000309,LOT00160470,2025-01-05,electrical,minor,2,supplier_material,scrap,2025-02-02,138.17
NC000005298,NC-2026-0005298,production_order,PRD000077304,P000226,LOT00213498,2025-02-26,surface_finish,major,3,operator_error,scrap,2025-03-24,90.1
NC000005299,NC-2026-0005299,production_order,PRD000077307,P000757,LOT00246318,2025-07-04,functional,minor,5,machine_setting,scrap,2025-07-23,185.19
NC000005300,NC-2026-0005300,production_order,PRD000077343,P000019,LOT00051594,2024-09-07,electrical,major,5,operator_error,rework,2024-10-04,741.82
NC000005301,NC-2026-0005301,production_order,PRD000077344,P000747,LOT00025467,2024-02-15,dimensional,major,2,supplier_material,rework,2024-03-09,56.96
NC000005302,NC-2026-0005302,production_order,PRD000077368,P000482,LOT00046408,2026-03-10,surface_finish,minor,2,process_variation,scrap,2026-03-27,229.28
NC000005303,NC-2026-0005303,production_order,PRD000077376,P000930,LOT00063203,2024-12-25,functional,major,1,process_variation,rework,2025-01-21,84.74
NC000005304,NC-2026-0005304,production_order,PRD000077384,P000901,LOT00139691,2025-07-29,packaging,minor,2,design_tolerance,rework,2025-08-19,72.7
NC000005305,NC-2026-0005305,production_order,PRD000077392,P000563,LOT00173951,2025-04-20,surface_finish,minor,3,machine_setting,rework,2025-04-29,541.41
NC000005306,NC-2026-0005306,production_order,PRD000077401,P000764,LOT00215571,2025-05-31,functional,major,3,supplier_material,scrap,2025-06-13,214.19
NC000005307,NC-2026-0005307,production_order,PRD000077409,P000833,LOT00153358,2024-07-18,functional,minor,3,machine_setting,rework,2024-08-15,122.31
NC000005308,NC-2026-0005308,production_order,PRD000077423,P000429,LOT00032577,2024-06-05,electrical,minor,8,machine_setting,rework,2024-06-14,231.37
NC000005309,NC-2026-0005309,production_order,PRD000077426,P000711,LOT00018717,2026-01-18,surface_finish,minor,3,machine_setting,return_to_supplier,2026-02-05,382.54
NC000005310,NC-2026-0005310,production_order,PRD000077450,P000439,LOT00014631,2024-04-15,electrical,major,1,supplier_material,use_as_is,2024-05-15,81.43
NC000005311,NC-2026-0005311,production_order,PRD000077452,P000022,LOT00014111,2026-04-07,functional,major,3,supplier_material,use_as_is,2026-05-03,170.84
NC000005312,NC-2026-0005312,production_order,PRD000077484,P000023,LOT00118846,2026-09-03,functional,major,2,process_variation,rework,2026-09-17,114.47
NC000005313,NC-2026-0005313,production_order,PRD000077487,P000188,LOT00207837,2026-05-31,functional,major,3,operator_error,scrap,2026-06-08,331.85
NC000005314,NC-2026-0005314,production_order,PRD000077499,P000439,LOT00001591,2024-07-01,packaging,minor,10,process_variation,rework,2024-07-24,1318.46
NC000005315,NC-2026-0005315,production_order,PRD000077530,P000620,LOT00096639,2025-09-25,dimensional,major,1,machine_setting,return_to_supplier,2025-10-21,349.02
NC000005316,NC-2026-0005316,production_order,PRD000077534,P000382,LOT00092857,2024-08-08,surface_finish,critical,8,process_variation,use_as_is,2024-09-07,48.79
NC000005317,NC-2026-0005317,production_order,PRD000077553,P000766,LOT00086164,2025-06-26,electrical,minor,13,design_tolerance,use_as_is,2025-07-21,2294.05
NC000005318,NC-2026-0005318,production_order,PRD000077569,P000867,LOT00063910,2025-12-04,functional,major,4,design_tolerance,scrap,2025-12-26,513.63
NC000005319,NC-2026-0005319,production_order,PRD000077577,P000548,LOT00200602,2024-07-06,surface_finish,minor,5,machine_setting,rework,2024-07-11,229.76
NC000005320,NC-2026-0005320,production_order,PRD000077603,P000523,LOT00066225,2024-04-22,dimensional,major,10,process_variation,rework,2024-05-14,612.99
NC000005321,NC-2026-0005321,production_order,PRD000077606,P000275,LOT00023818,2025-02-26,packaging,major,1,supplier_material,rework,2025-03-17,48.68
NC000005322,NC-2026-0005322,production_order,PRD000077608,P000700,LOT00165839,2024-03-28,dimensional,minor,1,operator_error,return_to_supplier,2024-04-24,24.17
NC000005323,NC-2026-0005323,production_order,PRD000077621,P000416,LOT00087768,2025-08-05,functional,critical,5,design_tolerance,use_as_is,2025-08-13,266.67
NC000005324,NC-2026-0005324,production_order,PRD000077647,P000434,LOT00247250,2024-07-07,packaging,major,1,design_tolerance,rework,2024-08-05,152.01
NC000005325,NC-2026-0005325,production_order,PRD000077658,P000450,LOT00227312,2024-04-19,electrical,major,1,machine_setting,rework,2024-05-01,48.05
NC000005326,NC-2026-0005326,production_order,PRD000077700,P000855,LOT00015355,2024-03-11,surface_finish,minor,5,operator_error,rework,2024-04-03,425.53
NC000005327,NC-2026-0005327,production_order,PRD000077708,P000266,LOT00164869,2024-11-04,dimensional,minor,1,process_variation,return_to_supplier,2024-11-16,286.36
NC000005328,NC-2026-0005328,production_order,PRD000077713,P000538,LOT00142904,2025-05-21,electrical,minor,1,supplier_material,use_as_is,2025-06-15,0.0
NC000005329,NC-2026-0005329,production_order,PRD000077714,P000208,LOT00030698,2026-04-11,electrical,minor,2,machine_setting,rework,2026-05-03,52.61
NC000005330,NC-2026-0005330,production_order,PRD000077731,P000184,LOT00080375,2024-07-27,functional,major,6,design_tolerance,scrap,2024-08-08,779.44
NC000005331,NC-2026-0005331,production_order,PRD000077740,P000764,LOT00017674,2024-10-07,functional,major,13,supplier_material,return_to_supplier,2024-10-28,686.23
NC000005332,NC-2026-0005332,production_order,PRD000077758,P000881,LOT00064389,2026-06-16,functional,minor,1,operator_error,rework,2026-06-28,0.0
NC000005333,NC-2026-0005333,production_order,PRD000077770,P000897,LOT00185355,2026-10-02,dimensional,minor,2,machine_setting,rework,2026-10-28,227.06
NC000005334,NC-2026-0005334,production_order,PRD000077797,P000134,LOT00040151,2025-06-26,packaging,critical,1,supplier_material,return_to_supplier,2025-07-08,61.03
NC000005335,NC-2026-0005335,production_order,PRD000077800,P000658,LOT00077686,2026-05-27,dimensional,major,9,operator_error,use_as_is,2026-06-25,1335.62
NC000005336,NC-2026-0005336,production_order,PRD000077813,P000002,LOT00171355,2025-07-17,surface_finish,minor,9,operator_error,use_as_is,2025-08-15,1085.36
NC000005337,NC-2026-0005337,production_order,PRD000077832,P000197,LOT00238047,2025-05-28,functional,minor,1,machine_setting,rework,2025-06-14,133.51
NC000005338,NC-2026-0005338,production_order,PRD000077871,P000098,LOT00171939,2024-01-12,packaging,minor,12,design_tolerance,rework,2024-01-26,288.11
NC000005339,NC-2026-0005339,production_order,PRD000077886,P000332,LOT00195369,2026-09-23,dimensional,minor,3,operator_error,scrap,2026-10-16,487.86
NC000005340,NC-2026-0005340,production_order,PRD000077888,P000770,LOT00191502,2026-07-22,dimensional,minor,1,process_variation,use_as_is,2026-08-11,0.0
NC000005341,NC-2026-0005341,production_order,PRD000077902,P000781,LOT00127217,2024-02-22,functional,minor,6,operator_error,scrap,2024-03-15,256.6
NC000005342,NC-2026-0005342,production_order,PRD000077909,P000692,LOT00168967,2025-11-06,dimensional,major,1,operator_error,rework,2025-11-17,38.49
NC000005343,NC-2026-0005343,production_order,PRD000077940,P000193,LOT00009070,2026-01-15,dimensional,minor,3,machine_setting,rework,2026-01-17,586.49
NC000005344,NC-2026-0005344,production_order,PRD000077948,P000098,LOT00205870,2026-09-22,dimensional,major,8,supplier_material,scrap,2026-10-14,373.29
NC000005345,NC-2026-0005345,production_order,PRD000077966,P000179,LOT00113474,2024-07-23,functional,major,6,design_tolerance,use_as_is,2024-07-30,1163.59
NC000005346,NC-2026-0005346,production_order,PRD000077973,P000006,LOT00077884,2026-04-18,dimensional,major,1,machine_setting,return_to_supplier,2026-05-15,71.61
NC000005347,NC-2026-0005347,production_order,PRD000077975,P000112,LOT00210757,2026-09-20,surface_finish,critical,3,design_tolerance,scrap,2026-10-02,545.62
NC000005348,NC-2026-0005348,production_order,PRD000077976,P000093,LOT00172299,2026-07-28,surface_finish,minor,2,supplier_material,use_as_is,2026-08-25,122.0
NC000005349,NC-2026-0005349,production_order,PRD000077986,P000799,LOT00116646,2026-09-16,dimensional,minor,12,machine_setting,scrap,2026-09-28,840.98
NC000005350,NC-2026-0005350,production_order,PRD000078010,P000118,LOT00178090,2024-03-28,functional,major,1,process_variation,scrap,2024-04-25,31.46
NC000005351,NC-2026-0005351,production_order,PRD000078026,P000381,LOT00198818,2024-04-17,packaging,minor,3,supplier_material,rework,2024-04-23,411.87
NC000005352,NC-2026-0005352,production_order,PRD000078043,P000352,LOT00198096,2025-06-01,dimensional,minor,2,design_tolerance,rework,2025-06-21,175.5
NC000005353,NC-2026-0005353,production_order,PRD000078063,P000450,LOT00055035,2026-03-12,dimensional,minor,2,process_variation,use_as_is,2026-04-07,88.09
NC000005354,NC-2026-0005354,production_order,PRD000078120,P000370,LOT00126651,2025-01-23,surface_finish,major,1,machine_setting,rework,2025-02-15,76.19
NC000005355,NC-2026-0005355,production_order,PRD000078122,P000639,LOT00130304,2024-11-17,dimensional,major,14,supplier_material,rework,2024-12-10,422.12
NC000005356,NC-2026-0005356,production_order,PRD000078125,P000792,LOT00062804,2024-07-10,packaging,major,1,supplier_material,rework,2024-07-12,318.5
NC000005357,NC-2026-0005357,production_order,PRD000078138,P000178,LOT00026898,2024-02-18,surface_finish,minor,4,operator_error,use_as_is,2024-03-04,101.75
NC000005358,NC-2026-0005358,production_order,PRD000078141,P000547,LOT00190094,2025-05-02,dimensional,minor,7,operator_error,rework,2025-05-05,807.78
NC000005359,NC-2026-0005359,production_order,PRD000078171,P000890,LOT00114760,2025-02-10,surface_finish,critical,2,design_tolerance,rework,2025-02-14,57.32
NC000005360,NC-2026-0005360,production_order,PRD000078184,P000687,LOT00045272,2026-03-26,surface_finish,major,12,design_tolerance,return_to_supplier,2026-04-21,1051.73
NC000005361,NC-2026-0005361,production_order,PRD000078202,P000087,LOT00185861,2024-02-08,surface_finish,minor,4,process_variation,scrap,2024-02-10,40.8
NC000005362,NC-2026-0005362,production_order,PRD000078204,P000308,LOT00136677,2024-02-02,packaging,minor,10,process_variation,use_as_is,2024-02-09,862.96
NC000005363,NC-2026-0005363,production_order,PRD000078238,P000376,LOT00017273,2025-06-10,packaging,minor,9,operator_error,use_as_is,2025-07-06,38.99
NC000005364,NC-2026-0005364,production_order,PRD000078242,P000088,LOT00155930,2024-11-04,dimensional,minor,11,operator_error,rework,2024-11-09,1768.98
NC000005365,NC-2026-0005365,production_order,PRD000078246,P000769,LOT00220888,2025-12-17,electrical,minor,3,process_variation,scrap,2026-01-09,398.67
NC000005366,NC-2026-0005366,production_order,PRD000078258,P000656,LOT00145531,2025-03-20,surface_finish,minor,6,design_tolerance,rework,2025-03-23,132.66
NC000005367,NC-2026-0005367,production_order,PRD000078267,P000454,LOT00194446,2025-12-25,dimensional,minor,3,process_variation,scrap,2026-01-05,62.56
NC000005368,NC-2026-0005368,production_order,PRD000078305,P000558,LOT00190647,2025-12-13,packaging,major,5,process_variation,scrap,2026-01-06,308.83
NC000005369,NC-2026-0005369,production_order,PRD000078317,P000441,LOT00176737,2024-06-19,electrical,major,13,design_tolerance,scrap,2024-07-04,281.68
NC000005370,NC-2026-0005370,production_order,PRD000078327,P000740,LOT00194651,2024-04-02,functional,minor,6,supplier_material,scrap,2024-04-23,674.38
NC000005371,NC-2026-0005371,production_order,PRD000078332,P000789,LOT00209720,2025-11-20,functional,minor,3,operator_error,scrap,2025-12-19,71.5
NC000005372,NC-2026-0005372,production_order,PRD000078356,P000418,LOT00072081,2024-07-16,dimensional,major,2,process_variation,scrap,2024-07-19,221.25
NC000005373,NC-2026-0005373,production_order,PRD000078361,P000338,LOT00141220,2025-03-14,dimensional,major,8,process_variation,scrap,2025-04-06,167.49
NC000005374,NC-2026-0005374,production_order,PRD000078370,P000079,LOT00154120,2025-08-15,electrical,minor,3,operator_error,rework,2025-08-18,67.35
NC000005375,NC-2026-0005375,production_order,PRD000078371,P000862,LOT00058670,2026-04-20,surface_finish,major,7,process_variation,scrap,2026-05-08,564.62
NC000005376,NC-2026-0005376,production_order,PRD000078379,P000191,LOT00061937,2024-07-22,functional,minor,1,operator_error,rework,2024-08-04,10.65
NC000005377,NC-2026-0005377,production_order,PRD000078383,P000582,LOT00044688,2024-05-07,dimensional,major,4,process_variation,return_to_supplier,2024-05-10,764.98
NC000005378,NC-2026-0005378,production_order,PRD000078386,P000616,LOT00227567,2026-07-17,functional,minor,4,operator_error,rework,2026-07-31,221.75
NC000005379,NC-2026-0005379,production_order,PRD000078421,P000715,LOT00029346,2024-12-01,dimensional,minor,2,design_tolerance,rework,2024-12-26,136.58
NC000005380,NC-2026-0005380,production_order,PRD000078459,P000682,LOT00114678,2025-03-13,functional,minor,1,supplier_material,rework,2025-03-23,174.04
NC000005381,NC-2026-0005381,production_order,PRD000078472,P000375,LOT00122835,2024-05-20,electrical,minor,5,design_tolerance,return_to_supplier,2024-06-06,2718.12
NC000005382,NC-2026-0005382,production_order,PRD000078496,P000534,LOT00241634,2026-02-22,dimensional,minor,1,supplier_material,return_to_supplier,2026-03-12,91.24
NC000005383,NC-2026-0005383,production_order,PRD000078535,P000710,LOT00217886,2024-08-20,dimensional,critical,12,operator_error,rework,2024-09-12,762.38
NC000005384,NC-2026-0005384,production_order,PRD000078547,P000733,LOT00034401,2025-01-01,dimensional,major,3,supplier_material,scrap,2025-01-05,513.2
NC000005385,NC-2026-0005385,production_order,PRD000078557,P000389,LOT00213843,2026-04-02,packaging,minor,2,supplier_material,use_as_is,2026-04-15,258.06
NC000005386,NC-2026-0005386,production_order,PRD000078565,P000456,LOT00156295,2026-08-15,packaging,minor,1,operator_error,return_to_supplier,2026-08-17,323.86
NC000005387,NC-2026-0005387,production_order,PRD000078567,P000636,LOT00215565,2026-07-13,functional,major,2,machine_setting,return_to_supplier,2026-08-04,70.35
NC000005388,NC-2026-0005388,production_order,PRD000078572,P000399,LOT00122010,2026-06-09,functional,major,10,design_tolerance,rework,2026-06-29,510.27
NC000005389,NC-2026-0005389,production_order,PRD000078574,P000320,LOT00049490,2025-07-18,packaging,minor,11,process_variation,return_to_supplier,2025-08-11,1184.33
NC000005390,NC-2026-0005390,production_order,PRD000078576,P000748,LOT00170784,2025-10-14,dimensional,minor,7,process_variation,rework,2025-10-16,253.07
NC000005391,NC-2026-0005391,production_order,PRD000078577,P000202,LOT00084255,2026-06-16,dimensional,major,1,process_variation,use_as_is,2026-07-04,145.19
NC000005392,NC-2026-0005392,production_order,PRD000078579,P000069,LOT00081577,2024-01-18,functional,minor,2,machine_setting,use_as_is,2024-01-21,42.75
NC000005393,NC-2026-0005393,production_order,PRD000078580,P000587,LOT00119547,2024-08-30,packaging,major,9,machine_setting,rework,2024-09-15,1272.87
NC000005394,NC-2026-0005394,production_order,PRD000078582,P000585,LOT00241727,2024-04-23,surface_finish,minor,10,operator_error,return_to_supplier,2024-05-15,273.35
NC000005395,NC-2026-0005395,production_order,PRD000078584,P000103,LOT00229239,2024-10-27,functional,minor,13,machine_setting,scrap,2024-11-06,740.71
NC000005396,NC-2026-0005396,production_order,PRD000078588,P000842,LOT00101811,2025-07-21,functional,minor,4,process_variation,use_as_is,2025-08-07,116.65
NC000005397,NC-2026-0005397,production_order,PRD000078600,P000920,LOT00106465,2026-02-21,electrical,minor,2,operator_error,rework,2026-03-23,53.37
NC000005398,NC-2026-0005398,production_order,PRD000078623,P000169,LOT00114544,2026-02-08,dimensional,major,3,operator_error,return_to_supplier,2026-03-08,430.98
NC000005399,NC-2026-0005399,production_order,PRD000078716,P000937,LOT00055182,2026-01-12,functional,major,4,machine_setting,rework,2026-01-19,282.24
NC000005400,NC-2026-0005400,production_order,PRD000078761,P000625,LOT00039509,2026-08-02,packaging,minor,6,supplier_material,rework,2026-08-29,494.91
NC000005401,NC-2026-0005401,production_order,PRD000078781,P000022,LOT00210322,2026-08-25,functional,minor,11,design_tolerance,rework,2026-09-10,152.39
NC000005402,NC-2026-0005402,production_order,PRD000078787,P000831,LOT00010721,2025-01-06,electrical,critical,6,operator_error,rework,2025-01-21,148.95
NC000005403,NC-2026-0005403,production_order,PRD000078796,P000683,LOT00172746,2026-02-24,surface_finish,major,5,supplier_material,scrap,2026-02-27,409.54
NC000005404,NC-2026-0005404,production_order,PRD000078797,P000438,LOT00045370,2024-05-08,dimensional,minor,9,process_variation,scrap,2024-05-26,991.62
NC000005405,NC-2026-0005405,production_order,PRD000078815,P000177,LOT00146924,2024-08-22,surface_finish,critical,10,process_variation,scrap,2024-09-20,520.55
NC000005406,NC-2026-0005406,production_order,PRD000078818,P000750,LOT00191626,2024-10-13,dimensional,major,4,machine_setting,rework,2024-11-02,121.85
NC000005407,NC-2026-0005407,production_order,PRD000078839,P000414,LOT00076407,2025-09-12,packaging,minor,7,machine_setting,rework,2025-09-16,224.48
NC000005408,NC-2026-0005408,production_order,PRD000078840,P000722,LOT00083018,2025-12-21,surface_finish,major,6,process_variation,use_as_is,2026-01-07,263.56
NC000005409,NC-2026-0005409,production_order,PRD000078850,P000633,LOT00022896,2026-03-31,packaging,major,10,process_variation,scrap,2026-04-17,516.37
NC000005410,NC-2026-0005410,production_order,PRD000078854,P000217,LOT00217622,2024-10-24,functional,major,8,process_variation,return_to_supplier,2024-11-07,442.19
NC000005411,NC-2026-0005411,production_order,PRD000078860,P000636,LOT00133175,2024-03-15,dimensional,minor,11,supplier_material,return_to_supplier,2024-04-11,261.23
NC000005412,NC-2026-0005412,production_order,PRD000078868,P000701,LOT00196561,2025-10-24,dimensional,major,2,process_variation,rework,2025-11-04,106.9
NC000005413,NC-2026-0005413,production_order,PRD000078873,P000030,LOT00102828,2024-08-08,functional,minor,14,design_tolerance,scrap,2024-08-22,203.72
NC000005414,NC-2026-0005414,production_order,PRD000078875,P000850,LOT00174277,2024-05-21,functional,minor,2,machine_setting,use_as_is,2024-06-19,610.29
NC000005415,NC-2026-0005415,production_order,PRD000078882,P000084,LOT00065855,2026-05-23,functional,major,14,machine_setting,rework,2026-06-14,1585.81
NC000005416,NC-2026-0005416,production_order,PRD000078913,P000853,LOT00096682,2026-08-04,dimensional,minor,3,operator_error,scrap,2026-08-09,44.98
NC000005417,NC-2026-0005417,production_order,PRD000078938,P000512,LOT00021239,2025-10-20,surface_finish,major,4,supplier_material,rework,2025-10-29,142.77
NC000005418,NC-2026-0005418,production_order,PRD000078941,P000759,LOT00014096,2026-09-17,dimensional,minor,1,process_variation,scrap,2026-09-26,32.05
NC000005419,NC-2026-0005419,production_order,PRD000078954,P000647,LOT00129636,2025-07-18,dimensional,minor,2,process_variation,scrap,2025-08-16,41.83
NC000005420,NC-2026-0005420,production_order,PRD000078964,P000664,LOT00025968,2025-03-14,dimensional,minor,1,design_tolerance,return_to_supplier,2025-03-23,61.47
NC000005421,NC-2026-0005421,production_order,PRD000078968,P000406,LOT00036353,2025-11-28,dimensional,minor,2,operator_error,use_as_is,2025-12-08,53.54
NC000005422,NC-2026-0005422,production_order,PRD000078983,P000786,LOT00062852,2025-03-29,packaging,major,8,supplier_material,rework,2025-04-13,260.16
NC000005423,NC-2026-0005423,production_order,PRD000078991,P000343,LOT00235163,2026-02-10,functional,minor,2,supplier_material,rework,2026-03-08,21.91
NC000005424,NC-2026-0005424,production_order,PRD000078992,P000289,LOT00236876,2024-07-20,packaging,major,6,process_variation,rework,2024-08-03,244.56
NC000005425,NC-2026-0005425,production_order,PRD000079008,P000005,LOT00156849,2024-10-26,functional,major,3,operator_error,rework,2024-11-21,373.81
NC000005426,NC-2026-0005426,production_order,PRD000079016,P000341,LOT00194962,2024-07-30,electrical,minor,1,process_variation,rework,2024-08-27,0.0
NC000005427,NC-2026-0005427,production_order,PRD000079034,P000744,LOT00206535,2026-09-19,functional,major,4,machine_setting,scrap,2026-10-11,343.51
NC000005428,NC-2026-0005428,production_order,PRD000079035,P000536,LOT00216000,2026-03-19,functional,critical,1,process_variation,rework,2026-04-16,78.1
NC000005429,NC-2026-0005429,production_order,PRD000079037,P000602,LOT00194324,2025-12-26,surface_finish,critical,3,process_variation,rework,2026-01-05,111.04
NC000005430,NC-2026-0005430,production_order,PRD000079041,P000797,LOT00015526,2026-06-24,functional,minor,9,operator_error,use_as_is,2026-07-02,391.41
NC000005431,NC-2026-0005431,production_order,PRD000079096,P000535,LOT00212920,2025-05-18,functional,minor,1,supplier_material,rework,2025-05-21,77.15
NC000005432,NC-2026-0005432,production_order,PRD000079098,P000345,LOT00079033,2026-03-11,functional,minor,9,process_variation,rework,2026-04-02,619.73
NC000005433,NC-2026-0005433,production_order,PRD000079102,P000382,LOT00012085,2025-02-16,surface_finish,minor,3,supplier_material,scrap,2025-03-05,61.75
NC000005434,NC-2026-0005434,production_order,PRD000079119,P000840,LOT00061982,2026-01-04,packaging,major,3,machine_setting,scrap,2026-02-03,122.71
NC000005435,NC-2026-0005435,production_order,PRD000079125,P000768,LOT00119982,2025-06-24,functional,major,1,operator_error,rework,2025-07-11,114.32
NC000005436,NC-2026-0005436,production_order,PRD000079137,P000865,LOT00199198,2024-04-09,packaging,major,6,process_variation,rework,2024-05-05,45.89
NC000005437,NC-2026-0005437,production_order,PRD000079138,P000407,LOT00074771,2024-05-08,functional,minor,2,process_variation,use_as_is,2024-06-03,256.41
NC000005438,NC-2026-0005438,production_order,PRD000079155,P000748,LOT00116642,2024-03-26,functional,major,14,operator_error,scrap,2024-04-09,840.61
NC000005439,NC-2026-0005439,production_order,PRD000079156,P000763,LOT00073989,2024-09-25,packaging,major,2,supplier_material,rework,2024-10-12,43.24
NC000005440,NC-2026-0005440,production_order,PRD000079172,P000233,LOT00015818,2024-03-18,packaging,major,2,process_variation,return_to_supplier,2024-04-08,44.17
NC000005441,NC-2026-0005441,production_order,PRD000079185,P000161,LOT00012449,2025-07-04,surface_finish,major,1,design_tolerance,rework,2025-07-30,55.86
NC000005442,NC-2026-0005442,production_order,PRD000079216,P000933,LOT00044691,2025-11-12,functional,minor,11,machine_setting,rework,2025-11-30,1817.9
NC000005443,NC-2026-0005443,production_order,PRD000079240,P000677,LOT00210221,2024-03-18,surface_finish,major,2,supplier_material,rework,2024-03-30,200.45
NC000005444,NC-2026-0005444,production_order,PRD000079255,P000336,LOT00192745,2024-08-03,functional,major,1,supplier_material,scrap,2024-08-29,97.42
NC000005445,NC-2026-0005445,production_order,PRD000079266,P000183,LOT00239295,2026-04-10,dimensional,minor,8,machine_setting,rework,2026-04-26,1192.92
NC000005446,NC-2026-0005446,production_order,PRD000079268,P000558,LOT00200522,2024-03-23,dimensional,major,1,process_variation,return_to_supplier,2024-03-26,21.42
NC000005447,NC-2026-0005447,production_order,PRD000079272,P000041,LOT00031614,2026-02-12,functional,major,2,process_variation,rework,2026-02-17,51.0
NC000005448,NC-2026-0005448,production_order,PRD000079274,P000040,LOT00037000,2025-03-19,functional,minor,2,supplier_material,scrap,2025-04-16,123.89
NC000005449,NC-2026-0005449,production_order,PRD000079294,P000040,LOT00118360,2025-10-15,functional,minor,2,design_tolerance,return_to_supplier,2025-10-18,120.0
NC000005450,NC-2026-0005450,production_order,PRD000079300,P000809,LOT00097807,2026-06-06,functional,minor,13,supplier_material,use_as_is,2026-06-18,1428.23
NC000005451,NC-2026-0005451,production_order,PRD000079316,P000563,LOT00221027,2025-09-29,dimensional,minor,9,supplier_material,rework,2025-10-23,1244.91
NC000005452,NC-2026-0005452,production_order,PRD000079347,P000811,LOT00155371,2024-05-12,electrical,major,2,supplier_material,rework,2024-05-23,1755.71
NC000005453,NC-2026-0005453,production_order,PRD000079355,P000903,LOT00185011,2025-06-11,surface_finish,critical,10,machine_setting,return_to_supplier,2025-06-24,679.55
NC000005454,NC-2026-0005454,production_order,PRD000079357,P000395,LOT00141907,2025-06-13,surface_finish,minor,3,supplier_material,rework,2025-07-06,1110.93
NC000005455,NC-2026-0005455,production_order,PRD000079364,P000230,LOT00115260,2025-05-30,dimensional,major,2,operator_error,rework,2025-06-10,100.68
NC000005456,NC-2026-0005456,production_order,PRD000079390,P000191,LOT00074625,2026-02-07,dimensional,critical,3,operator_error,use_as_is,2026-02-24,107.01
NC000005457,NC-2026-0005457,production_order,PRD000079413,P000668,LOT00014375,2024-10-09,functional,minor,1,machine_setting,rework,2024-10-17,64.64
NC000005458,NC-2026-0005458,production_order,PRD000079421,P000524,LOT00040291,2025-06-28,electrical,major,11,supplier_material,scrap,2025-07-05,195.15
NC000005459,NC-2026-0005459,production_order,PRD000079428,P000299,LOT00010605,2025-11-09,dimensional,major,5,process_variation,rework,2025-11-20,1005.09
NC000005460,NC-2026-0005460,production_order,PRD000079441,P000703,LOT00099028,2024-11-28,dimensional,minor,3,design_tolerance,scrap,2024-12-27,200.07
NC000005461,NC-2026-0005461,production_order,PRD000079442,P000431,LOT00033591,2025-10-21,surface_finish,minor,10,machine_setting,return_to_supplier,2025-10-28,238.56
NC000005462,NC-2026-0005462,production_order,PRD000079460,P000068,LOT00197907,2026-03-11,electrical,major,4,process_variation,scrap,2026-03-23,245.48
NC000005463,NC-2026-0005463,production_order,PRD000079477,P000292,LOT00170369,2025-05-20,packaging,minor,8,supplier_material,rework,2025-06-11,1388.22
NC000005464,NC-2026-0005464,production_order,PRD000079499,P000493,LOT00214205,2025-10-05,dimensional,major,2,design_tolerance,return_to_supplier,2025-11-03,138.99
NC000005465,NC-2026-0005465,production_order,PRD000079523,P000489,LOT00136426,2024-02-06,functional,minor,1,design_tolerance,scrap,2024-03-06,165.9
NC000005466,NC-2026-0005466,production_order,PRD000079544,P000240,LOT00123017,2024-09-27,electrical,minor,14,machine_setting,use_as_is,2024-10-20,1670.63
NC000005467,NC-2026-0005467,production_order,PRD000079596,P000845,LOT00246731,2024-05-15,electrical,minor,1,supplier_material,rework,2024-06-08,0.0
NC000005468,NC-2026-0005468,production_order,PRD000079612,P000612,LOT00232397,2026-03-12,dimensional,minor,1,operator_error,rework,2026-04-02,143.53
NC000005469,NC-2026-0005469,production_order,PRD000079650,P000619,LOT00224785,2025-10-25,surface_finish,minor,2,machine_setting,return_to_supplier,2025-11-14,53.42
NC000005470,NC-2026-0005470,production_order,PRD000079673,P000422,LOT00129145,2026-03-06,electrical,minor,12,machine_setting,rework,2026-03-10,2008.56
NC000005471,NC-2026-0005471,production_order,PRD000079681,P000852,LOT00237704,2025-01-12,packaging,minor,5,operator_error,use_as_is,2025-01-22,218.87
NC000005472,NC-2026-0005472,production_order,PRD000079683,P000645,LOT00238051,2025-04-29,functional,minor,1,process_variation,rework,2025-05-07,69.25
NC000005473,NC-2026-0005473,production_order,PRD000079696,P000798,LOT00121828,2024-10-05,electrical,major,2,process_variation,rework,2024-10-30,295.89
NC000005474,NC-2026-0005474,production_order,PRD000079705,P000817,LOT00218427,2026-03-21,functional,minor,7,supplier_material,rework,2026-04-13,840.49
NC000005475,NC-2026-0005475,production_order,PRD000079720,P000945,LOT00006288,2024-05-20,functional,major,4,process_variation,rework,2024-05-25,211.0
NC000005476,NC-2026-0005476,production_order,PRD000079723,P000234,LOT00213726,2024-05-04,packaging,minor,5,machine_setting,rework,2024-05-12,679.0
NC000005477,NC-2026-0005477,production_order,PRD000079747,P000384,LOT00032421,2025-11-03,packaging,major,3,supplier_material,scrap,2025-11-07,127.75
NC000005478,NC-2026-0005478,production_order,PRD000079759,P000726,LOT00015026,2026-04-23,electrical,major,9,design_tolerance,rework,2026-05-04,943.13
NC000005479,NC-2026-0005479,production_order,PRD000079761,P000138,LOT00036822,2025-02-28,surface_finish,minor,1,process_variation,rework,2025-03-15,0.0
NC000005480,NC-2026-0005480,production_order,PRD000079763,P000057,LOT00010096,2025-10-04,functional,major,14,process_variation,return_to_supplier,2025-10-14,6008.73
NC000005481,NC-2026-0005481,production_order,PRD000079788,P000105,LOT00198824,2025-04-26,functional,minor,4,process_variation,rework,2025-05-03,258.7
NC000005482,NC-2026-0005482,production_order,PRD000079799,P000352,LOT00017362,2025-08-07,surface_finish,critical,6,design_tolerance,use_as_is,2025-08-12,2256.9
NC000005483,NC-2026-0005483,production_order,PRD000079821,P000875,LOT00129454,2024-02-09,functional,major,2,supplier_material,rework,2024-03-03,179.51
NC000005484,NC-2026-0005484,production_order,PRD000079835,P000446,LOT00074680,2024-08-22,functional,major,7,design_tolerance,rework,2024-08-30,475.26
NC000005485,NC-2026-0005485,production_order,PRD000079845,P000193,LOT00160863,2026-02-03,functional,minor,3,operator_error,scrap,2026-02-13,496.62
NC000005486,NC-2026-0005486,production_order,PRD000079854,P000417,LOT00192175,2025-02-20,dimensional,minor,6,design_tolerance,rework,2025-03-05,225.67
NC000005487,NC-2026-0005487,production_order,PRD000079857,P000627,LOT00097149,2024-07-26,dimensional,minor,13,operator_error,use_as_is,2024-08-23,104.19
NC000005488,NC-2026-0005488,production_order,PRD000079864,P000449,LOT00208427,2025-10-22,surface_finish,minor,3,design_tolerance,use_as_is,2025-11-08,479.09
NC000005489,NC-2026-0005489,production_order,PRD000079871,P000100,LOT00073396,2025-04-19,surface_finish,minor,2,process_variation,scrap,2025-05-13,174.94
NC000005490,NC-2026-0005490,production_order,PRD000079872,P000676,LOT00108365,2026-05-25,electrical,major,13,process_variation,rework,2026-06-20,545.06
NC000005491,NC-2026-0005491,production_order,PRD000079910,P000399,LOT00061652,2026-09-17,functional,minor,9,supplier_material,scrap,2026-10-13,304.7
NC000005492,NC-2026-0005492,production_order,PRD000079932,P000544,LOT00011488,2025-10-27,packaging,minor,11,operator_error,rework,2025-11-15,614.43
NC000005493,NC-2026-0005493,production_order,PRD000079950,P000760,LOT00063277,2024-12-15,electrical,minor,6,machine_setting,rework,2024-12-29,143.99
NC000005494,NC-2026-0005494,production_order,PRD000079960,P000115,LOT00193137,2025-11-09,functional,major,4,operator_error,return_to_supplier,2025-11-19,91.03
NC000005495,NC-2026-0005495,production_order,PRD000079974,P000638,LOT00061091,2026-08-25,surface_finish,major,12,supplier_material,rework,2026-08-29,393.3
NC000005496,NC-2026-0005496,production_order,PRD000079975,P000593,LOT00242331,2024-03-12,functional,minor,13,process_variation,use_as_is,2024-04-05,814.84
NC000005497,NC-2026-0005497,production_order,PRD000079986,P000625,LOT00236798,2024-05-15,electrical,critical,2,operator_error,use_as_is,2024-05-22,149.42
NC000005498,NC-2026-0005498,production_order,PRD000080013,P000877,LOT00176006,2025-07-13,electrical,minor,5,process_variation,rework,2025-08-07,89.61
NC000005499,NC-2026-0005499,production_order,PRD000080016,P000579,LOT00213126,2026-06-21,surface_finish,major,3,operator_error,return_to_supplier,2026-07-01,55.28
NC000005500,NC-2026-0005500,production_order,PRD000080021,P000351,LOT00210528,2024-05-29,surface_finish,minor,4,operator_error,use_as_is,2024-06-21,1544.38
NC000005501,NC-2026-0005501,production_order,PRD000080022,P000121,LOT00078088,2025-06-24,functional,minor,3,operator_error,rework,2025-07-17,183.08
NC000005502,NC-2026-0005502,production_order,PRD000080039,P000243,LOT00079261,2025-11-15,electrical,minor,4,supplier_material,scrap,2025-11-21,247.76
NC000005503,NC-2026-0005503,production_order,PRD000080040,P000438,LOT00231641,2025-04-09,packaging,critical,4,process_variation,rework,2025-04-28,189.78
NC000005504,NC-2026-0005504,production_order,PRD000080047,P000246,LOT00089307,2026-09-04,surface_finish,major,3,process_variation,rework,2026-10-04,414.64
NC000005505,NC-2026-0005505,production_order,PRD000080049,P000291,LOT00209029,2026-09-19,functional,minor,4,supplier_material,rework,2026-10-05,535.9
NC000005506,NC-2026-0005506,production_order,PRD000080053,P000879,LOT00234755,2025-01-10,dimensional,minor,7,operator_error,rework,2025-01-22,264.75
NC000005507,NC-2026-0005507,production_order,PRD000080055,P000888,LOT00079210,2025-12-18,dimensional,major,1,supplier_material,scrap,2026-01-16,0.0
NC000005508,NC-2026-0005508,production_order,PRD000080061,P000346,LOT00093657,2024-06-29,dimensional,major,9,process_variation,rework,2024-07-24,409.31
NC000005509,NC-2026-0005509,production_order,PRD000080103,P000727,LOT00139908,2025-02-23,functional,critical,2,design_tolerance,rework,2025-03-03,80.39
NC000005510,NC-2026-0005510,production_order,PRD000080104,P000941,LOT00166979,2025-11-24,functional,critical,5,process_variation,use_as_is,2025-12-19,561.18
NC000005511,NC-2026-0005511,production_order,PRD000080117,P000916,LOT00038608,2024-11-02,surface_finish,major,4,machine_setting,return_to_supplier,2024-12-01,418.02
NC000005512,NC-2026-0005512,production_order,PRD000080135,P000157,LOT00145410,2024-04-06,surface_finish,minor,5,machine_setting,scrap,2024-04-19,838.83
NC000005513,NC-2026-0005513,production_order,PRD000080151,P000596,LOT00057220,2024-12-29,dimensional,minor,6,machine_setting,return_to_supplier,2024-12-31,721.54
NC000005514,NC-2026-0005514,production_order,PRD000080159,P000186,LOT00242463,2026-10-04,surface_finish,minor,4,operator_error,use_as_is,2026-10-25,86.65
NC000005515,NC-2026-0005515,production_order,PRD000080182,P000781,LOT00155632,2026-10-08,functional,major,4,supplier_material,scrap,2026-10-19,411.5
NC000005516,NC-2026-0005516,production_order,PRD000080183,P000190,LOT00237509,2025-10-06,dimensional,minor,7,supplier_material,rework,2025-10-11,470.11
NC000005517,NC-2026-0005517,production_order,PRD000080220,P000271,LOT00025500,2024-10-09,dimensional,minor,2,supplier_material,rework,2024-10-24,46.26
NC000005518,NC-2026-0005518,production_order,PRD000080248,P000649,LOT00030247,2024-09-17,functional,major,1,process_variation,use_as_is,2024-09-23,122.47
NC000005519,NC-2026-0005519,production_order,PRD000080259,P000735,LOT00066153,2024-09-16,surface_finish,major,4,process_variation,scrap,2024-10-14,232.38
NC000005520,NC-2026-0005520,production_order,PRD000080265,P000170,LOT00032527,2024-03-14,dimensional,major,9,process_variation,scrap,2024-03-18,261.14
NC000005521,NC-2026-0005521,production_order,PRD000080281,P000161,LOT00131966,2025-10-03,packaging,major,2,supplier_material,rework,2025-11-02,34.1
NC000005522,NC-2026-0005522,production_order,PRD000080283,P000695,LOT00063652,2025-03-18,electrical,major,5,supplier_material,rework,2025-04-11,105.7
NC000005523,NC-2026-0005523,production_order,PRD000080284,P000483,LOT00223548,2024-06-14,dimensional,critical,9,operator_error,use_as_is,2024-06-28,3469.99
NC000005524,NC-2026-0005524,production_order,PRD000080285,P000754,LOT00134226,2024-04-03,functional,minor,3,process_variation,use_as_is,2024-04-28,507.81
NC000005525,NC-2026-0005525,production_order,PRD000080291,P000517,LOT00051676,2026-04-17,dimensional,major,3,process_variation,rework,2026-05-03,1026.47
NC000005526,NC-2026-0005526,production_order,PRD000080311,P000115,LOT00076113,2024-12-08,packaging,minor,6,process_variation,scrap,2025-01-04,89.18
NC000005527,NC-2026-0005527,production_order,PRD000080312,P000403,LOT00135509,2025-06-21,packaging,major,8,operator_error,rework,2025-07-16,181.32
NC000005528,NC-2026-0005528,production_order,PRD000080314,P000367,LOT00144219,2024-06-04,electrical,minor,2,process_variation,rework,2024-06-24,77.32
NC000005529,NC-2026-0005529,production_order,PRD000080318,P000829,LOT00094162,2026-03-12,surface_finish,minor,8,design_tolerance,return_to_supplier,2026-04-10,1587.75
NC000005530,NC-2026-0005530,production_order,PRD000080337,P000892,LOT00125599,2025-09-22,surface_finish,minor,7,design_tolerance,use_as_is,2025-09-25,322.92
NC000005531,NC-2026-0005531,production_order,PRD000080397,P000545,LOT00038920,2025-01-16,functional,major,5,supplier_material,rework,2025-01-23,333.85
NC000005532,NC-2026-0005532,production_order,PRD000080417,P000342,LOT00180927,2024-12-31,surface_finish,minor,3,supplier_material,return_to_supplier,2025-01-06,209.26
NC000005533,NC-2026-0005533,production_order,PRD000080422,P000439,LOT00132051,2024-10-07,electrical,minor,4,operator_error,rework,2024-10-21,166.79
NC000005534,NC-2026-0005534,production_order,PRD000080429,P000424,LOT00214871,2025-02-06,functional,minor,10,process_variation,scrap,2025-02-10,68.48
NC000005535,NC-2026-0005535,production_order,PRD000080474,P000535,LOT00113557,2025-08-28,surface_finish,minor,1,machine_setting,scrap,2025-09-12,69.35
NC000005536,NC-2026-0005536,production_order,PRD000080475,P000198,LOT00162069,2025-11-20,electrical,minor,4,design_tolerance,use_as_is,2025-12-03,301.64
NC000005537,NC-2026-0005537,production_order,PRD000080495,P000260,LOT00151896,2026-02-17,surface_finish,major,10,machine_setting,return_to_supplier,2026-02-24,988.61
NC000005538,NC-2026-0005538,production_order,PRD000080517,P000309,LOT00029634,2024-04-12,dimensional,minor,1,operator_error,return_to_supplier,2024-05-08,31.25
NC000005539,NC-2026-0005539,production_order,PRD000080527,P000942,LOT00035954,2024-06-10,dimensional,major,10,supplier_material,rework,2024-06-16,955.52
NC000005540,NC-2026-0005540,production_order,PRD000080535,P000497,LOT00056426,2024-04-18,dimensional,major,7,process_variation,use_as_is,2024-05-15,201.09
NC000005541,NC-2026-0005541,production_order,PRD000080536,P000256,LOT00001538,2024-11-21,surface_finish,minor,3,process_variation,scrap,2024-12-13,130.33
NC000005542,NC-2026-0005542,production_order,PRD000080583,P000698,LOT00156000,2025-03-30,dimensional,major,1,operator_error,rework,2025-04-15,0.0
NC000005543,NC-2026-0005543,production_order,PRD000080584,P000223,LOT00144893,2026-08-15,functional,minor,1,design_tolerance,use_as_is,2026-09-04,290.73
NC000005544,NC-2026-0005544,production_order,PRD000080593,P000631,LOT00015889,2024-07-04,packaging,major,14,process_variation,rework,2024-07-21,629.32
NC000005545,NC-2026-0005545,production_order,PRD000080691,P000698,LOT00192736,2024-04-13,surface_finish,minor,2,process_variation,return_to_supplier,2024-05-04,864.4
NC000005546,NC-2026-0005546,production_order,PRD000080694,P000591,LOT00240436,2026-06-27,dimensional,critical,9,supplier_material,rework,2026-07-19,2244.1
NC000005547,NC-2026-0005547,production_order,PRD000080708,P000113,LOT00029128,2024-10-05,functional,minor,2,process_variation,scrap,2024-10-15,88.24
NC000005548,NC-2026-0005548,production_order,PRD000080712,P000523,LOT00177997,2025-12-10,dimensional,minor,3,process_variation,rework,2025-12-19,157.64
NC000005549,NC-2026-0005549,production_order,PRD000080715,P000732,LOT00190753,2025-12-18,electrical,minor,1,machine_setting,rework,2026-01-03,0.0
NC000005550,NC-2026-0005550,production_order,PRD000080724,P000189,LOT00159482,2024-03-25,functional,major,3,machine_setting,scrap,2024-03-31,72.19
NC000005551,NC-2026-0005551,production_order,PRD000080729,P000548,LOT00173518,2026-09-11,packaging,major,9,process_variation,use_as_is,2026-10-05,395.21
NC000005552,NC-2026-0005552,production_order,PRD000080739,P000675,LOT00023344,2024-05-23,functional,minor,4,process_variation,rework,2024-06-17,133.12
NC000005553,NC-2026-0005553,production_order,PRD000080741,P000568,LOT00206880,2024-10-13,dimensional,minor,6,design_tolerance,rework,2024-11-07,887.44
NC000005554,NC-2026-0005554,production_order,PRD000080759,P000281,LOT00120138,2025-12-13,dimensional,major,11,operator_error,rework,2025-12-17,1378.15
NC000005555,NC-2026-0005555,production_order,PRD000080803,P000081,LOT00144582,2025-10-28,dimensional,minor,6,supplier_material,rework,2025-11-21,100.24
NC000005556,NC-2026-0005556,production_order,PRD000080837,P000826,LOT00099049,2025-05-06,functional,minor,14,supplier_material,return_to_supplier,2025-05-18,2501.3
NC000005557,NC-2026-0005557,production_order,PRD000080840,P000513,LOT00217489,2026-03-15,dimensional,minor,4,design_tolerance,return_to_supplier,2026-04-11,427.64
NC000005558,NC-2026-0005558,production_order,PRD000080882,P000591,LOT00219747,2025-11-10,dimensional,major,3,machine_setting,rework,2025-12-04,369.57
NC000005559,NC-2026-0005559,production_order,PRD000080903,P000367,LOT00233976,2024-08-27,dimensional,major,13,process_variation,rework,2024-09-04,476.14
NC000005560,NC-2026-0005560,production_order,PRD000080928,P000901,LOT00153237,2025-02-02,electrical,major,11,design_tolerance,return_to_supplier,2025-02-24,456.16
NC000005561,NC-2026-0005561,production_order,PRD000080940,P000132,LOT00173937,2025-04-13,functional,major,1,process_variation,use_as_is,2025-05-06,0.0
NC000005562,NC-2026-0005562,production_order,PRD000080995,P000165,LOT00061835,2024-04-25,surface_finish,major,11,supplier_material,scrap,2024-05-11,676.37
NC000005563,NC-2026-0005563,production_order,PRD000080996,P000268,LOT00193099,2024-03-02,electrical,minor,11,machine_setting,rework,2024-03-10,408.79
NC000005564,NC-2026-0005564,production_order,PRD000081003,P000708,LOT00243495,2026-06-23,dimensional,minor,1,operator_error,use_as_is,2026-06-26,260.67
NC000005565,NC-2026-0005565,production_order,PRD000081046,P000516,LOT00015770,2024-02-15,surface_finish,major,2,machine_setting,rework,2024-02-20,81.95
NC000005566,NC-2026-0005566,production_order,PRD000081055,P000002,LOT00095464,2026-04-14,dimensional,minor,3,machine_setting,rework,2026-04-23,89.86
NC000005567,NC-2026-0005567,production_order,PRD000081076,P000625,LOT00140335,2025-11-07,electrical,major,13,machine_setting,scrap,2025-12-07,1301.58
NC000005568,NC-2026-0005568,production_order,PRD000081082,P000422,LOT00075048,2025-03-15,dimensional,minor,2,machine_setting,scrap,2025-03-28,112.5
NC000005569,NC-2026-0005569,production_order,PRD000081083,P000265,LOT00124685,2024-06-18,dimensional,major,11,operator_error,use_as_is,2024-07-14,1421.54
NC000005570,NC-2026-0005570,production_order,PRD000081102,P000811,LOT00142136,2024-02-15,functional,minor,1,supplier_material,scrap,2024-03-15,295.39
NC000005571,NC-2026-0005571,production_order,PRD000081110,P000055,LOT00232404,2024-10-19,dimensional,minor,10,machine_setting,return_to_supplier,2024-11-01,1460.06
NC000005572,NC-2026-0005572,production_order,PRD000081138,P000727,LOT00022843,2024-10-02,electrical,minor,13,supplier_material,use_as_is,2024-10-26,203.5
NC000005573,NC-2026-0005573,production_order,PRD000081150,P000734,LOT00150546,2025-09-11,dimensional,critical,4,process_variation,scrap,2025-10-10,239.4
NC000005574,NC-2026-0005574,production_order,PRD000081154,P000912,LOT00021526,2025-12-25,dimensional,minor,1,machine_setting,rework,2026-01-08,0.0
NC000005575,NC-2026-0005575,production_order,PRD000081204,P000164,LOT00087655,2024-06-21,dimensional,minor,1,design_tolerance,rework,2024-07-18,0.0
NC000005576,NC-2026-0005576,production_order,PRD000081221,P000020,LOT00184729,2025-09-25,surface_finish,minor,2,design_tolerance,scrap,2025-10-13,21.82
NC000005577,NC-2026-0005577,production_order,PRD000081246,P000101,LOT00103392,2024-06-08,functional,major,6,process_variation,scrap,2024-06-23,555.86
NC000005578,NC-2026-0005578,production_order,PRD000081248,P000080,LOT00224705,2026-07-05,surface_finish,major,4,operator_error,scrap,2026-07-18,186.29
NC000005579,NC-2026-0005579,production_order,PRD000081256,P000225,LOT00191908,2025-06-16,surface_finish,minor,3,operator_error,rework,2025-07-01,152.49
NC000005580,NC-2026-0005580,production_order,PRD000081263,P000713,LOT00158200,2025-04-29,functional,minor,1,process_variation,scrap,2025-05-27,122.84
NC000005581,NC-2026-0005581,production_order,PRD000081266,P000296,LOT00164077,2025-07-08,functional,minor,1,process_variation,rework,2025-07-30,32.03
NC000005582,NC-2026-0005582,production_order,PRD000081283,P000704,LOT00210021,2024-10-17,packaging,major,3,machine_setting,scrap,2024-10-30,359.23
NC000005583,NC-2026-0005583,production_order,PRD000081289,P000616,LOT00155339,2025-02-03,electrical,major,6,design_tolerance,use_as_is,2025-02-09,557.94
NC000005584,NC-2026-0005584,production_order,PRD000081293,P000181,LOT00008178,2026-07-07,dimensional,minor,6,supplier_material,use_as_is,2026-08-02,278.16
NC000005585,NC-2026-0005585,production_order,PRD000081318,P000935,LOT00054190,2024-02-24,functional,major,7,machine_setting,use_as_is,2024-02-26,867.08
NC000005586,NC-2026-0005586,production_order,PRD000081346,P000258,LOT00126356,2024-02-15,electrical,critical,6,supplier_material,use_as_is,2024-03-06,178.34
NC000005587,NC-2026-0005587,production_order,PRD000081391,P000931,LOT00228832,2026-06-30,packaging,minor,2,operator_error,return_to_supplier,2026-07-14,59.47
NC000005588,NC-2026-0005588,production_order,PRD000081407,P000766,LOT00117025,2026-03-02,functional,critical,5,process_variation,use_as_is,2026-03-26,1134.27
NC000005589,NC-2026-0005589,production_order,PRD000081409,P000299,LOT00223798,2026-02-28,packaging,minor,1,operator_error,use_as_is,2026-03-03,0.0
NC000005590,NC-2026-0005590,production_order,PRD000081418,P000930,LOT00080371,2024-03-24,electrical,critical,8,process_variation,rework,2024-04-16,1705.78
NC000005591,NC-2026-0005591,production_order,PRD000081426,P000214,LOT00014186,2026-02-07,dimensional,critical,14,machine_setting,scrap,2026-02-27,952.08
NC000005592,NC-2026-0005592,production_order,PRD000081467,P000476,LOT00186658,2024-03-06,dimensional,major,11,design_tolerance,scrap,2024-03-27,1573.67
NC000005593,NC-2026-0005593,production_order,PRD000081483,P000743,LOT00240266,2024-07-09,dimensional,major,2,operator_error,return_to_supplier,2024-07-31,434.88
NC000005594,NC-2026-0005594,production_order,PRD000081497,P000355,LOT00107551,2026-01-26,functional,major,7,operator_error,rework,2026-02-16,80.07
NC000005595,NC-2026-0005595,production_order,PRD000081529,P000561,LOT00066768,2024-01-24,dimensional,minor,2,operator_error,return_to_supplier,2024-02-10,76.64
NC000005596,NC-2026-0005596,production_order,PRD000081557,P000313,LOT00177282,2026-04-11,electrical,minor,9,operator_error,return_to_supplier,2026-05-02,411.87
NC000005597,NC-2026-0005597,production_order,PRD000081570,P000904,LOT00078529,2025-06-18,surface_finish,minor,5,operator_error,scrap,2025-07-18,668.36
NC000005598,NC-2026-0005598,production_order,PRD000081594,P000499,LOT00170082,2026-06-22,functional,minor,1,machine_setting,rework,2026-07-08,77.72
NC000005599,NC-2026-0005599,production_order,PRD000081599,P000873,LOT00068630,2024-08-12,functional,critical,1,design_tolerance,use_as_is,2024-09-07,0.0
NC000005600,NC-2026-0005600,production_order,PRD000081625,P000169,LOT00049752,2025-05-31,dimensional,major,2,machine_setting,return_to_supplier,2025-06-22,655.67
NC000005601,NC-2026-0005601,production_order,PRD000081631,P000312,LOT00051522,2025-10-05,functional,minor,2,operator_error,scrap,2025-10-22,250.74
NC000005602,NC-2026-0005602,production_order,PRD000081657,P000789,LOT00050798,2025-02-15,dimensional,major,1,machine_setting,use_as_is,2025-03-05,21.37
NC000005603,NC-2026-0005603,production_order,PRD000081660,P000245,LOT00224172,2026-02-02,surface_finish,minor,1,design_tolerance,scrap,2026-02-18,0.0
NC000005604,NC-2026-0005604,production_order,PRD000081662,P000630,LOT00091342,2026-02-24,dimensional,minor,1,design_tolerance,rework,2026-02-26,234.18
NC000005605,NC-2026-0005605,production_order,PRD000081673,P000940,LOT00189462,2024-02-29,functional,minor,5,supplier_material,use_as_is,2024-03-12,569.84
NC000005606,NC-2026-0005606,production_order,PRD000081687,P000629,LOT00097313,2026-07-12,functional,minor,8,supplier_material,return_to_supplier,2026-07-14,233.42
NC000005607,NC-2026-0005607,production_order,PRD000081696,P000462,LOT00056093,2026-05-29,packaging,major,8,machine_setting,scrap,2026-06-09,783.69
NC000005608,NC-2026-0005608,production_order,PRD000081697,P000051,LOT00091836,2024-10-17,packaging,major,14,process_variation,scrap,2024-11-03,77.6
NC000005609,NC-2026-0005609,production_order,PRD000081710,P000504,LOT00133300,2025-11-15,functional,minor,4,machine_setting,scrap,2025-11-22,663.37
NC000005610,NC-2026-0005610,production_order,PRD000081719,P000396,LOT00112692,2025-04-29,electrical,minor,13,operator_error,return_to_supplier,2025-05-14,1341.62
NC000005611,NC-2026-0005611,production_order,PRD000081727,P000926,LOT00166880,2026-04-10,surface_finish,major,2,process_variation,use_as_is,2026-04-16,34.99
NC000005612,NC-2026-0005612,production_order,PRD000081730,P000443,LOT00205037,2024-08-07,functional,major,1,machine_setting,rework,2024-08-15,57.05
NC000005613,NC-2026-0005613,production_order,PRD000081759,P000350,LOT00104328,2026-01-13,packaging,major,5,design_tolerance,scrap,2026-01-20,131.65
NC000005614,NC-2026-0005614,production_order,PRD000081784,P000614,LOT00064278,2026-04-17,surface_finish,minor,13,supplier_material,rework,2026-05-04,1972.02
NC000005615,NC-2026-0005615,production_order,PRD000081805,P000036,LOT00140164,2026-07-14,packaging,minor,4,process_variation,rework,2026-07-23,156.0
NC000005616,NC-2026-0005616,production_order,PRD000081830,P000322,LOT00198123,2026-04-24,functional,minor,4,operator_error,use_as_is,2026-05-11,2577.9
NC000005617,NC-2026-0005617,production_order,PRD000081840,P000817,LOT00195487,2024-05-07,surface_finish,minor,4,machine_setting,use_as_is,2024-05-14,290.69
NC000005618,NC-2026-0005618,production_order,PRD000081853,P000682,LOT00216251,2026-05-27,packaging,minor,1,design_tolerance,rework,2026-06-19,0.0
NC000005619,NC-2026-0005619,production_order,PRD000081870,P000937,LOT00138163,2026-07-15,electrical,minor,2,process_variation,rework,2026-08-08,237.86
NC000005620,NC-2026-0005620,production_order,PRD000081888,P000099,LOT00102007,2025-06-25,dimensional,minor,7,supplier_material,scrap,2025-07-08,447.71
NC000005621,NC-2026-0005621,production_order,PRD000081895,P000100,LOT00059220,2026-01-04,electrical,minor,8,design_tolerance,use_as_is,2026-01-13,548.13
NC000005622,NC-2026-0005622,production_order,PRD000081896,P000164,LOT00149750,2024-06-22,functional,minor,3,process_variation,scrap,2024-06-28,71.99
NC000005623,NC-2026-0005623,production_order,PRD000081904,P000839,LOT00120064,2025-09-10,functional,major,4,supplier_material,rework,2025-09-27,173.07
NC000005624,NC-2026-0005624,production_order,PRD000081916,P000174,LOT00012389,2025-04-02,dimensional,major,1,machine_setting,rework,2025-04-04,173.63
NC000005625,NC-2026-0005625,production_order,PRD000081919,P000932,LOT00104282,2025-10-18,packaging,minor,1,process_variation,rework,2025-11-14,0.0
NC000005626,NC-2026-0005626,production_order,PRD000081921,P000871,LOT00218472,2025-03-22,surface_finish,minor,9,machine_setting,rework,2025-04-11,304.72
NC000005627,NC-2026-0005627,production_order,PRD000081924,P000178,LOT00015462,2025-12-26,surface_finish,major,8,machine_setting,return_to_supplier,2026-01-19,150.66
NC000005628,NC-2026-0005628,production_order,PRD000081941,P000414,LOT00091782,2026-03-09,surface_finish,major,7,supplier_material,return_to_supplier,2026-03-18,402.3
NC000005629,NC-2026-0005629,production_order,PRD000081942,P000384,LOT00212081,2026-07-13,dimensional,major,1,process_variation,scrap,2026-07-30,0.0
NC000005630,NC-2026-0005630,production_order,PRD000081954,P000777,LOT00074170,2024-07-17,surface_finish,major,2,process_variation,rework,2024-07-28,174.02
NC000005631,NC-2026-0005631,production_order,PRD000081972,P000693,LOT00040397,2024-06-12,surface_finish,major,1,process_variation,scrap,2024-07-10,16.83
NC000005632,NC-2026-0005632,production_order,PRD000081983,P000289,LOT00003683,2025-03-14,dimensional,minor,14,machine_setting,use_as_is,2025-04-03,263.81
NC000005633,NC-2026-0005633,production_order,PRD000081984,P000002,LOT00056514,2026-06-02,functional,major,13,supplier_material,rework,2026-06-14,1626.49
NC000005634,NC-2026-0005634,production_order,PRD000082021,P000053,LOT00210157,2024-07-20,functional,minor,2,operator_error,scrap,2024-08-07,219.19
NC000005635,NC-2026-0005635,production_order,PRD000082024,P000030,LOT00246454,2024-08-22,electrical,major,7,machine_setting,rework,2024-09-21,152.54
NC000005636,NC-2026-0005636,production_order,PRD000082056,P000150,LOT00171127,2026-08-02,surface_finish,critical,2,supplier_material,scrap,2026-08-15,164.99
NC000005637,NC-2026-0005637,production_order,PRD000082062,P000440,LOT00104651,2026-05-31,surface_finish,critical,5,supplier_material,scrap,2026-06-08,211.69
NC000005638,NC-2026-0005638,production_order,PRD000082101,P000043,LOT00020647,2025-05-27,functional,minor,2,process_variation,rework,2025-06-13,215.2
NC000005639,NC-2026-0005639,production_order,PRD000082111,P000561,LOT00195229,2026-04-21,functional,critical,5,process_variation,return_to_supplier,2026-05-17,189.06
NC000005640,NC-2026-0005640,production_order,PRD000082120,P000530,LOT00016958,2024-06-29,functional,minor,10,machine_setting,use_as_is,2024-07-05,406.4
NC000005641,NC-2026-0005641,production_order,PRD000082121,P000432,LOT00169432,2025-04-21,functional,major,4,supplier_material,return_to_supplier,2025-05-18,309.52
NC000005642,NC-2026-0005642,production_order,PRD000082125,P000251,LOT00169427,2025-10-04,packaging,major,12,supplier_material,rework,2025-11-03,258.89
NC000005643,NC-2026-0005643,production_order,PRD000082130,P000326,LOT00188780,2024-02-24,surface_finish,minor,9,operator_error,use_as_is,2024-03-05,325.26
NC000005644,NC-2026-0005644,production_order,PRD000082184,P000677,LOT00205377,2025-04-02,electrical,major,3,operator_error,rework,2025-04-30,239.61
NC000005645,NC-2026-0005645,production_order,PRD000082185,P000396,LOT00149098,2024-02-07,functional,major,5,operator_error,use_as_is,2024-03-08,259.72
NC000005646,NC-2026-0005646,production_order,PRD000082190,P000195,LOT00025522,2025-04-18,dimensional,minor,3,machine_setting,use_as_is,2025-04-25,400.28
NC000005647,NC-2026-0005647,production_order,PRD000082198,P000381,LOT00067596,2024-08-08,electrical,minor,5,design_tolerance,rework,2024-09-05,239.11
NC000005648,NC-2026-0005648,production_order,PRD000082224,P000499,LOT00124841,2025-01-15,functional,major,5,machine_setting,return_to_supplier,2025-02-12,1003.61
NC000005649,NC-2026-0005649,production_order,PRD000082229,P000667,LOT00200889,2026-06-24,dimensional,critical,2,process_variation,use_as_is,2026-06-27,415.28
NC000005650,NC-2026-0005650,production_order,PRD000082268,P000634,LOT00180879,2026-06-20,functional,minor,5,process_variation,rework,2026-07-12,78.01
NC000005651,NC-2026-0005651,production_order,PRD000082279,P000083,LOT00013882,2025-08-31,functional,major,3,process_variation,rework,2025-09-04,233.49
NC000005652,NC-2026-0005652,production_order,PRD000082286,P000278,LOT00139229,2024-02-05,packaging,critical,4,process_variation,use_as_is,2024-02-16,323.48
NC000005653,NC-2026-0005653,production_order,PRD000082298,P000809,LOT00018345,2024-09-12,functional,critical,2,process_variation,scrap,2024-10-03,82.72
NC000005654,NC-2026-0005654,production_order,PRD000082305,P000863,LOT00064791,2026-06-30,dimensional,minor,5,machine_setting,use_as_is,2026-07-17,637.07
NC000005655,NC-2026-0005655,production_order,PRD000082334,P000253,LOT00111164,2025-10-09,surface_finish,critical,7,process_variation,rework,2025-10-26,627.88
NC000005656,NC-2026-0005656,production_order,PRD000082342,P000722,LOT00093464,2026-02-07,packaging,major,3,machine_setting,scrap,2026-02-19,164.46
NC000005657,NC-2026-0005657,production_order,PRD000082370,P000370,LOT00055976,2026-02-17,functional,minor,1,machine_setting,rework,2026-03-03,0.0
NC000005658,NC-2026-0005658,production_order,PRD000082378,P000579,LOT00140485,2026-05-12,functional,major,6,design_tolerance,scrap,2026-05-14,486.26
NC000005659,NC-2026-0005659,production_order,PRD000082387,P000448,LOT00108664,2024-05-07,surface_finish,major,9,machine_setting,use_as_is,2024-05-27,167.46
NC000005660,NC-2026-0005660,production_order,PRD000082390,P000554,LOT00169932,2024-09-16,packaging,minor,1,design_tolerance,use_as_is,2024-10-05,193.95
NC000005661,NC-2026-0005661,production_order,PRD000082407,P000906,LOT00041540,2025-01-12,dimensional,major,1,machine_setting,rework,2025-01-15,85.67
NC000005662,NC-2026-0005662,production_order,PRD000082427,P000494,LOT00042335,2025-01-08,functional,major,11,process_variation,return_to_supplier,2025-01-31,654.29
NC000005663,NC-2026-0005663,production_order,PRD000082460,P000505,LOT00113850,2026-03-02,electrical,major,7,design_tolerance,scrap,2026-03-31,120.71
NC000005664,NC-2026-0005664,production_order,PRD000082470,P000340,LOT00005816,2025-09-04,packaging,major,2,supplier_material,rework,2025-09-13,41.52
NC000005665,NC-2026-0005665,production_order,PRD000082505,P000850,LOT00213141,2026-01-25,surface_finish,minor,5,process_variation,rework,2026-02-10,916.53
NC000005666,NC-2026-0005666,production_order,PRD000082533,P000899,LOT00123669,2024-03-15,electrical,major,1,design_tolerance,rework,2024-03-29,152.79
NC000005667,NC-2026-0005667,production_order,PRD000082542,P000176,LOT00247343,2025-09-21,dimensional,minor,3,supplier_material,scrap,2025-09-25,780.63
NC000005668,NC-2026-0005668,production_order,PRD000082577,P000202,LOT00049124,2025-10-04,packaging,major,6,supplier_material,return_to_supplier,2025-11-03,1326.07
NC000005669,NC-2026-0005669,production_order,PRD000082580,P000900,LOT00152996,2024-04-01,surface_finish,minor,9,operator_error,rework,2024-04-10,1003.24
NC000005670,NC-2026-0005670,production_order,PRD000082581,P000490,LOT00106182,2025-11-04,electrical,minor,4,machine_setting,scrap,2025-11-10,177.98
NC000005671,NC-2026-0005671,production_order,PRD000082596,P000093,LOT00059816,2025-08-27,surface_finish,minor,6,design_tolerance,return_to_supplier,2025-09-12,286.52
NC000005672,NC-2026-0005672,production_order,PRD000082667,P000901,LOT00160307,2026-01-08,surface_finish,minor,3,process_variation,return_to_supplier,2026-01-28,236.08
NC000005673,NC-2026-0005673,production_order,PRD000082678,P000443,LOT00091724,2025-07-23,surface_finish,major,1,machine_setting,rework,2025-08-05,67.07
NC000005674,NC-2026-0005674,production_order,PRD000082693,P000164,LOT00184032,2025-12-31,packaging,major,1,operator_error,scrap,2026-01-24,41.56
NC000005675,NC-2026-0005675,production_order,PRD000082711,P000185,LOT00073658,2026-06-13,dimensional,major,2,supplier_material,rework,2026-07-10,299.52
NC000005676,NC-2026-0005676,production_order,PRD000082714,P000213,LOT00003408,2026-01-18,surface_finish,minor,3,supplier_material,rework,2026-01-25,152.85
NC000005677,NC-2026-0005677,production_order,PRD000082742,P000093,LOT00004412,2025-06-29,dimensional,minor,3,design_tolerance,rework,2025-07-25,186.32
NC000005678,NC-2026-0005678,production_order,PRD000082759,P000811,LOT00084588,2026-08-02,packaging,minor,5,operator_error,rework,2026-08-27,1565.36
NC000005679,NC-2026-0005679,production_order,PRD000082788,P000240,LOT00221993,2025-10-18,surface_finish,minor,12,operator_error,rework,2025-11-16,2307.53
NC000005680,NC-2026-0005680,production_order,PRD000082805,P000741,LOT00040585,2025-02-17,surface_finish,minor,3,operator_error,use_as_is,2025-03-11,94.65
NC000005681,NC-2026-0005681,production_order,PRD000082812,P000431,LOT00140649,2025-07-23,functional,minor,3,machine_setting,return_to_supplier,2025-08-08,81.91
NC000005682,NC-2026-0005682,production_order,PRD000082815,P000133,LOT00038624,2026-06-14,dimensional,minor,2,machine_setting,return_to_supplier,2026-06-19,39.24
NC000005683,NC-2026-0005683,production_order,PRD000082816,P000399,LOT00206606,2026-09-23,functional,minor,11,process_variation,return_to_supplier,2026-10-05,161.18
NC000005684,NC-2026-0005684,production_order,PRD000082828,P000746,LOT00226041,2025-04-22,dimensional,minor,5,process_variation,rework,2025-04-24,288.96
NC000005685,NC-2026-0005685,production_order,PRD000082894,P000919,LOT00243806,2025-06-28,dimensional,major,1,operator_error,return_to_supplier,2025-07-07,50.96
NC000005686,NC-2026-0005686,production_order,PRD000082901,P000527,LOT00218092,2025-10-15,packaging,major,10,supplier_material,rework,2025-11-07,4507.59
NC000005687,NC-2026-0005687,production_order,PRD000082905,P000039,LOT00203114,2026-02-05,functional,minor,10,machine_setting,rework,2026-02-25,4870.41
NC000005688,NC-2026-0005688,production_order,PRD000082921,P000418,LOT00199503,2025-01-18,electrical,major,2,design_tolerance,scrap,2025-01-28,301.31
NC000005689,NC-2026-0005689,production_order,PRD000082939,P000043,LOT00060465,2026-05-08,functional,major,4,machine_setting,rework,2026-05-28,620.29
NC000005690,NC-2026-0005690,production_order,PRD000082953,P000779,LOT00211185,2025-11-19,packaging,minor,3,process_variation,return_to_supplier,2025-12-02,221.99
NC000005691,NC-2026-0005691,production_order,PRD000082961,P000263,LOT00056976,2024-04-20,dimensional,major,13,process_variation,rework,2024-04-23,1295.06
NC000005692,NC-2026-0005692,production_order,PRD000082965,P000881,LOT00071294,2025-01-07,dimensional,minor,5,operator_error,rework,2025-01-10,686.16
NC000005693,NC-2026-0005693,production_order,PRD000082989,P000923,LOT00042252,2024-06-27,electrical,minor,2,machine_setting,rework,2024-06-30,64.44
NC000005694,NC-2026-0005694,production_order,PRD000082999,P000087,LOT00178017,2024-06-13,electrical,major,5,operator_error,rework,2024-06-26,71.16
NC000005695,NC-2026-0005695,production_order,PRD000083001,P000224,LOT00014846,2026-05-11,functional,major,4,supplier_material,rework,2026-05-24,2405.72
NC000005696,NC-2026-0005696,production_order,PRD000083013,P000133,LOT00150029,2026-07-12,surface_finish,minor,3,process_variation,scrap,2026-08-10,143.63
NC000005697,NC-2026-0005697,production_order,PRD000083021,P000892,LOT00086218,2025-06-20,packaging,minor,2,operator_error,rework,2025-07-17,80.95
NC000005698,NC-2026-0005698,production_order,PRD000083060,P000637,LOT00177212,2024-10-03,functional,minor,2,machine_setting,rework,2024-10-28,142.44
NC000005699,NC-2026-0005699,production_order,PRD000083063,P000841,LOT00033903,2026-02-19,dimensional,minor,2,process_variation,rework,2026-03-12,70.55
NC000005700,NC-2026-0005700,production_order,PRD000083079,P000493,LOT00088841,2024-06-07,dimensional,major,4,machine_setting,use_as_is,2024-06-22,509.93
NC000005701,NC-2026-0005701,production_order,PRD000083083,P000170,LOT00063660,2024-02-15,dimensional,minor,2,supplier_material,scrap,2024-02-23,248.43
NC000005702,NC-2026-0005702,production_order,PRD000083102,P000637,LOT00212071,2026-06-23,electrical,minor,9,operator_error,rework,2026-06-26,185.9
NC000005703,NC-2026-0005703,production_order,PRD000083139,P000140,LOT00112376,2026-04-07,functional,minor,1,process_variation,rework,2026-05-01,135.09
NC000005704,NC-2026-0005704,production_order,PRD000083144,P000637,LOT00106124,2025-02-27,functional,major,1,process_variation,return_to_supplier,2025-03-01,54.05
NC000005705,NC-2026-0005705,production_order,PRD000083165,P000909,LOT00012248,2026-08-16,dimensional,major,7,operator_error,rework,2026-08-30,317.06
NC000005706,NC-2026-0005706,production_order,PRD000083174,P000213,LOT00056470,2025-10-29,electrical,major,4,design_tolerance,rework,2025-10-31,203.0
NC000005707,NC-2026-0005707,production_order,PRD000083178,P000396,LOT00045254,2025-05-30,functional,major,3,process_variation,use_as_is,2025-06-03,123.9
NC000005708,NC-2026-0005708,production_order,PRD000083191,P000908,LOT00163432,2026-02-26,electrical,major,1,machine_setting,return_to_supplier,2026-03-17,63.91
NC000005709,NC-2026-0005709,production_order,PRD000083216,P000211,LOT00202771,2025-09-18,electrical,critical,7,supplier_material,rework,2025-09-21,238.91
NC000005710,NC-2026-0005710,production_order,PRD000083221,P000773,LOT00045224,2025-12-01,surface_finish,major,4,supplier_material,use_as_is,2025-12-16,255.99
NC000005711,NC-2026-0005711,production_order,PRD000083222,P000152,LOT00002085,2024-06-12,functional,minor,1,operator_error,rework,2024-06-22,14.36
NC000005712,NC-2026-0005712,production_order,PRD000083224,P000342,LOT00140703,2026-09-01,dimensional,minor,3,operator_error,rework,2026-09-13,272.98
NC000005713,NC-2026-0005713,production_order,PRD000083238,P000325,LOT00080004,2025-02-20,functional,critical,6,operator_error,rework,2025-03-03,1146.72
NC000005714,NC-2026-0005714,production_order,PRD000083262,P000663,LOT00025481,2025-07-20,packaging,minor,1,operator_error,rework,2025-08-16,40.28
NC000005715,NC-2026-0005715,production_order,PRD000083287,P000772,LOT00030165,2025-10-25,dimensional,major,1,design_tolerance,rework,2025-10-29,0.0
NC000005716,NC-2026-0005716,production_order,PRD000083313,P000456,LOT00141104,2026-04-20,packaging,minor,1,process_variation,return_to_supplier,2026-05-16,246.95
NC000005717,NC-2026-0005717,production_order,PRD000083314,P000365,LOT00119005,2025-07-23,packaging,minor,1,operator_error,scrap,2025-08-07,0.0
NC000005718,NC-2026-0005718,production_order,PRD000083315,P000209,LOT00247836,2026-01-11,functional,minor,3,process_variation,scrap,2026-01-21,166.8
NC000005719,NC-2026-0005719,production_order,PRD000083350,P000807,LOT00176566,2024-03-15,electrical,major,1,supplier_material,use_as_is,2024-04-04,0.0
NC000005720,NC-2026-0005720,production_order,PRD000083356,P000047,LOT00117090,2024-08-20,functional,minor,10,process_variation,return_to_supplier,2024-09-08,733.46
NC000005721,NC-2026-0005721,production_order,PRD000083357,P000608,LOT00077625,2025-06-05,electrical,major,7,machine_setting,rework,2025-06-18,365.55
NC000005722,NC-2026-0005722,production_order,PRD000083360,P000149,LOT00130823,2024-03-23,functional,minor,2,operator_error,rework,2024-04-02,296.95
NC000005723,NC-2026-0005723,production_order,PRD000083361,P000744,LOT00092880,2026-08-25,electrical,critical,2,design_tolerance,rework,2026-08-28,130.31
NC000005724,NC-2026-0005724,production_order,PRD000083374,P000915,LOT00088181,2025-11-09,packaging,major,6,process_variation,scrap,2025-11-24,635.56
NC000005725,NC-2026-0005725,production_order,PRD000083391,P000339,LOT00108075,2025-03-18,electrical,major,2,process_variation,return_to_supplier,2025-04-08,137.9
NC000005726,NC-2026-0005726,production_order,PRD000083399,P000541,LOT00051707,2025-09-02,surface_finish,critical,10,process_variation,scrap,2025-09-24,2424.41
NC000005727,NC-2026-0005727,production_order,PRD000083413,P000631,LOT00008111,2025-06-01,surface_finish,major,1,operator_error,rework,2025-06-22,96.54
NC000005728,NC-2026-0005728,production_order,PRD000083419,P000194,LOT00216272,2026-03-22,surface_finish,minor,1,process_variation,rework,2026-03-29,151.41
NC000005729,NC-2026-0005729,production_order,PRD000083437,P000620,LOT00131805,2025-12-13,dimensional,major,1,process_variation,scrap,2026-01-06,242.31
NC000005730,NC-2026-0005730,production_order,PRD000083452,P000183,LOT00086610,2026-02-21,electrical,major,4,design_tolerance,return_to_supplier,2026-03-09,507.06
NC000005731,NC-2026-0005731,production_order,PRD000083453,P000203,LOT00174780,2026-07-29,electrical,minor,3,operator_error,use_as_is,2026-08-23,742.0
NC000005732,NC-2026-0005732,production_order,PRD000083486,P000113,LOT00155403,2025-11-07,packaging,minor,4,machine_setting,use_as_is,2025-11-17,195.87
NC000005733,NC-2026-0005733,production_order,PRD000083499,P000546,LOT00107931,2025-03-26,packaging,minor,5,operator_error,return_to_supplier,2025-04-25,319.35
NC000005734,NC-2026-0005734,production_order,PRD000083500,P000745,LOT00079920,2024-12-05,surface_finish,critical,5,machine_setting,rework,2024-12-28,108.23
NC000005735,NC-2026-0005735,production_order,PRD000083522,P000065,LOT00104451,2025-06-02,electrical,minor,7,operator_error,rework,2025-07-01,227.14
NC000005736,NC-2026-0005736,production_order,PRD000083544,P000055,LOT00176057,2026-01-17,packaging,minor,13,process_variation,use_as_is,2026-02-02,1714.45
NC000005737,NC-2026-0005737,production_order,PRD000083550,P000642,LOT00039471,2024-03-15,dimensional,minor,7,machine_setting,scrap,2024-03-28,543.94
NC000005738,NC-2026-0005738,production_order,PRD000083553,P000215,LOT00144509,2024-06-23,electrical,minor,9,supplier_material,scrap,2024-07-16,135.8
NC000005739,NC-2026-0005739,production_order,PRD000083559,P000306,LOT00211182,2026-05-22,surface_finish,minor,1,operator_error,use_as_is,2026-06-13,334.05
NC000005740,NC-2026-0005740,production_order,PRD000083560,P000005,LOT00042460,2024-10-18,dimensional,critical,3,design_tolerance,return_to_supplier,2024-11-04,299.62
NC000005741,NC-2026-0005741,production_order,PRD000083606,P000645,LOT00052766,2024-03-06,surface_finish,minor,9,operator_error,scrap,2024-03-17,309.4
NC000005742,NC-2026-0005742,production_order,PRD000083616,P000535,LOT00059060,2025-02-19,packaging,minor,10,operator_error,rework,2025-03-20,849.23
NC000005743,NC-2026-0005743,production_order,PRD000083623,P000900,LOT00235767,2024-06-20,packaging,major,2,design_tolerance,rework,2024-07-14,270.19
NC000005744,NC-2026-0005744,production_order,PRD000083624,P000148,LOT00005795,2024-11-21,surface_finish,major,6,process_variation,return_to_supplier,2024-11-27,241.67
NC000005745,NC-2026-0005745,production_order,PRD000083636,P000536,LOT00070366,2025-03-19,functional,major,4,machine_setting,rework,2025-04-17,432.06
NC000005746,NC-2026-0005746,production_order,PRD000083644,P000120,LOT00021864,2024-03-06,functional,major,3,design_tolerance,return_to_supplier,2024-03-18,145.27
NC000005747,NC-2026-0005747,production_order,PRD000083679,P000478,LOT00059563,2024-03-27,packaging,major,9,process_variation,rework,2024-04-17,319.13
NC000005748,NC-2026-0005748,production_order,PRD000083695,P000015,LOT00215881,2024-12-11,electrical,minor,3,machine_setting,use_as_is,2024-12-19,1477.13
NC000005749,NC-2026-0005749,production_order,PRD000083696,P000203,LOT00170461,2024-02-06,surface_finish,major,7,machine_setting,use_as_is,2024-02-28,567.71
NC000005750,NC-2026-0005750,production_order,PRD000083702,P000435,LOT00104493,2025-01-07,dimensional,minor,2,process_variation,rework,2025-01-28,65.87
NC000005751,NC-2026-0005751,production_order,PRD000083713,P000036,LOT00096063,2024-01-23,electrical,major,11,design_tolerance,rework,2024-02-12,295.93
NC000005752,NC-2026-0005752,production_order,PRD000083721,P000686,LOT00177799,2025-12-03,surface_finish,minor,4,operator_error,use_as_is,2026-01-01,138.97
NC000005753,NC-2026-0005753,production_order,PRD000083726,P000693,LOT00222915,2026-03-24,surface_finish,minor,1,process_variation,rework,2026-04-09,50.11
NC000005754,NC-2026-0005754,production_order,PRD000083745,P000102,LOT00118587,2024-11-18,electrical,minor,1,supplier_material,scrap,2024-12-18,123.39
NC000005755,NC-2026-0005755,production_order,PRD000083779,P000797,LOT00051426,2025-03-26,packaging,major,3,design_tolerance,scrap,2025-04-01,123.46
NC000005756,NC-2026-0005756,production_order,PRD000083800,P000823,LOT00178136,2025-04-29,dimensional,minor,1,machine_setting,rework,2025-05-10,178.23
NC000005757,NC-2026-0005757,production_order,PRD000083804,P000743,LOT00089552,2026-08-27,electrical,major,4,process_variation,return_to_supplier,2026-09-22,1222.64
NC000005758,NC-2026-0005758,production_order,PRD000083815,P000243,LOT00198232,2024-09-20,dimensional,minor,7,design_tolerance,scrap,2024-10-04,376.59
NC000005759,NC-2026-0005759,production_order,PRD000083858,P000621,LOT00096130,2024-10-20,packaging,minor,2,process_variation,rework,2024-11-02,105.56
NC000005760,NC-2026-0005760,production_order,PRD000083884,P000374,LOT00023047,2026-01-31,dimensional,minor,5,supplier_material,use_as_is,2026-02-18,261.24
NC000005761,NC-2026-0005761,production_order,PRD000083891,P000087,LOT00080884,2025-09-29,surface_finish,minor,4,process_variation,rework,2025-10-26,36.75
NC000005762,NC-2026-0005762,production_order,PRD000083914,P000895,LOT00211936,2024-07-14,dimensional,minor,13,design_tolerance,scrap,2024-07-27,746.77
NC000005763,NC-2026-0005763,production_order,PRD000083917,P000788,LOT00083744,2025-07-12,surface_finish,minor,5,process_variation,rework,2025-08-10,1752.71
NC000005764,NC-2026-0005764,production_order,PRD000083927,P000266,LOT00061802,2025-11-09,dimensional,major,6,operator_error,return_to_supplier,2025-11-27,1360.21
NC000005765,NC-2026-0005765,production_order,PRD000083931,P000722,LOT00089209,2024-06-16,functional,critical,2,supplier_material,rework,2024-07-04,41.0
NC000005766,NC-2026-0005766,production_order,PRD000083944,P000708,LOT00068058,2026-02-15,functional,major,1,operator_error,rework,2026-02-22,180.32
NC000005767,NC-2026-0005767,production_order,PRD000083951,P000942,LOT00105917,2025-07-23,functional,major,4,operator_error,rework,2025-08-06,850.59
NC000005768,NC-2026-0005768,production_order,PRD000083957,P000015,LOT00060911,2025-09-22,dimensional,major,2,machine_setting,rework,2025-10-02,1101.84
NC000005769,NC-2026-0005769,production_order,PRD000083960,P000140,LOT00084036,2024-06-25,functional,minor,5,machine_setting,scrap,2024-07-07,1198.91
NC000005770,NC-2026-0005770,production_order,PRD000083963,P000483,LOT00028836,2026-07-12,electrical,minor,3,supplier_material,scrap,2026-07-30,1095.86
NC000005771,NC-2026-0005771,production_order,PRD000083989,P000496,LOT00111922,2024-01-14,functional,major,1,process_variation,rework,2024-02-03,18.32
NC000005772,NC-2026-0005772,production_order,PRD000083994,P000214,LOT00187970,2026-03-20,surface_finish,critical,2,process_variation,rework,2026-04-04,419.9
NC000005773,NC-2026-0005773,production_order,PRD000084003,P000274,LOT00220908,2025-03-02,dimensional,major,2,process_variation,rework,2025-03-25,232.74
NC000005774,NC-2026-0005774,production_order,PRD000084004,P000866,LOT00094673,2024-02-11,dimensional,critical,1,supplier_material,use_as_is,2024-02-15,265.25
NC000005775,NC-2026-0005775,production_order,PRD000084012,P000231,LOT00174559,2026-01-05,functional,major,1,supplier_material,return_to_supplier,2026-02-01,124.91
NC000005776,NC-2026-0005776,production_order,PRD000084013,P000599,LOT00071242,2026-08-21,surface_finish,minor,4,operator_error,rework,2026-09-05,317.81
NC000005777,NC-2026-0005777,production_order,PRD000084022,P000092,LOT00129161,2026-04-21,surface_finish,major,1,supplier_material,scrap,2026-05-01,123.03
NC000005778,NC-2026-0005778,production_order,PRD000084023,P000917,LOT00113593,2026-05-20,surface_finish,minor,14,process_variation,return_to_supplier,2026-05-29,159.66
NC000005779,NC-2026-0005779,production_order,PRD000084027,P000373,LOT00194202,2025-06-27,electrical,minor,9,supplier_material,rework,2025-07-22,892.54
NC000005780,NC-2026-0005780,production_order,PRD000084028,P000512,LOT00247133,2025-10-19,electrical,critical,11,supplier_material,use_as_is,2025-10-21,632.87
NC000005781,NC-2026-0005781,production_order,PRD000084034,P000119,LOT00123174,2025-03-10,electrical,minor,5,operator_error,return_to_supplier,2025-03-22,559.63
NC000005782,NC-2026-0005782,production_order,PRD000084040,P000592,LOT00175975,2025-08-11,packaging,major,3,design_tolerance,use_as_is,2025-08-18,150.17
NC000005783,NC-2026-0005783,production_order,PRD000084043,P000809,LOT00181629,2025-01-16,dimensional,minor,9,operator_error,return_to_supplier,2025-01-27,321.52
NC000005784,NC-2026-0005784,production_order,PRD000084047,P000290,LOT00223353,2025-03-29,surface_finish,minor,8,machine_setting,scrap,2025-04-19,643.32
NC000005785,NC-2026-0005785,production_order,PRD000084081,P000848,LOT00039265,2026-06-13,packaging,minor,3,supplier_material,rework,2026-06-16,240.77
NC000005786,NC-2026-0005786,production_order,PRD000084092,P000681,LOT00202154,2024-10-08,dimensional,major,8,supplier_material,rework,2024-10-15,552.88
NC000005787,NC-2026-0005787,production_order,PRD000084093,P000746,LOT00124097,2024-04-13,electrical,major,1,operator_error,rework,2024-05-01,76.9
NC000005788,NC-2026-0005788,production_order,PRD000084104,P000658,LOT00148031,2024-09-25,surface_finish,minor,1,machine_setting,rework,2024-09-30,141.12
NC000005789,NC-2026-0005789,production_order,PRD000084109,P000297,LOT00060331,2025-12-10,surface_finish,minor,2,machine_setting,return_to_supplier,2025-12-24,93.65
NC000005790,NC-2026-0005790,production_order,PRD000084113,P000069,LOT00052614,2025-07-07,dimensional,major,4,process_variation,rework,2025-07-26,56.64
NC000005791,NC-2026-0005791,production_order,PRD000084133,P000483,LOT00082670,2026-03-03,functional,minor,13,supplier_material,return_to_supplier,2026-03-25,4776.63
NC000005792,NC-2026-0005792,production_order,PRD000084138,P000086,LOT00071614,2026-08-31,dimensional,minor,5,operator_error,scrap,2026-09-08,173.5
NC000005793,NC-2026-0005793,production_order,PRD000084140,P000929,LOT00097180,2025-02-28,electrical,minor,1,machine_setting,rework,2025-03-10,37.75
NC000005794,NC-2026-0005794,production_order,PRD000084156,P000334,LOT00148760,2024-02-26,dimensional,minor,3,process_variation,scrap,2024-03-15,385.34
NC000005795,NC-2026-0005795,production_order,PRD000084171,P000126,LOT00078729,2024-11-14,functional,minor,9,design_tolerance,use_as_is,2024-11-29,471.49
NC000005796,NC-2026-0005796,production_order,PRD000084179,P000182,LOT00203139,2025-09-01,surface_finish,major,3,supplier_material,return_to_supplier,2025-09-05,213.92
NC000005797,NC-2026-0005797,production_order,PRD000084186,P000831,LOT00155605,2024-12-05,packaging,minor,4,process_variation,rework,2025-01-04,137.53
NC000005798,NC-2026-0005798,production_order,PRD000084188,P000360,LOT00142298,2025-08-09,electrical,minor,14,design_tolerance,rework,2025-09-05,682.68
NC000005799,NC-2026-0005799,production_order,PRD000084191,P000197,LOT00063592,2026-04-23,functional,minor,1,design_tolerance,rework,2026-04-25,270.94
NC000005800,NC-2026-0005800,production_order,PRD000084215,P000273,LOT00219503,2026-03-09,electrical,minor,3,process_variation,use_as_is,2026-04-04,502.67
NC000005801,NC-2026-0005801,production_order,PRD000084219,P000199,LOT00220697,2024-07-28,surface_finish,major,8,operator_error,rework,2024-08-26,464.77
NC000005802,NC-2026-0005802,production_order,PRD000084236,P000424,LOT00091972,2026-02-12,electrical,critical,4,operator_error,return_to_supplier,2026-03-03,99.84
NC000005803,NC-2026-0005803,production_order,PRD000084241,P000468,LOT00077235,2025-06-28,electrical,minor,7,supplier_material,rework,2025-07-24,299.39
NC000005804,NC-2026-0005804,production_order,PRD000084242,P000408,LOT00110802,2025-04-17,dimensional,minor,1,design_tolerance,use_as_is,2025-04-25,74.13
NC000005805,NC-2026-0005805,production_order,PRD000084257,P000859,LOT00140955,2026-08-14,surface_finish,minor,7,process_variation,scrap,2026-08-27,274.37
NC000005806,NC-2026-0005806,production_order,PRD000084268,P000230,LOT00230965,2026-04-05,dimensional,minor,2,process_variation,rework,2026-04-09,58.61
NC000005807,NC-2026-0005807,production_order,PRD000084288,P000585,LOT00191501,2025-09-14,packaging,major,3,process_variation,return_to_supplier,2025-10-06,68.52
NC000005808,NC-2026-0005808,production_order,PRD000084311,P000022,LOT00018131,2026-06-02,packaging,critical,4,machine_setting,scrap,2026-06-11,206.28
NC000005809,NC-2026-0005809,production_order,PRD000084329,P000659,LOT00118426,2025-10-22,electrical,minor,6,design_tolerance,rework,2025-11-13,293.32
NC000005810,NC-2026-0005810,production_order,PRD000084330,P000519,LOT00080606,2026-01-28,electrical,minor,2,design_tolerance,scrap,2026-02-14,178.16
NC000005811,NC-2026-0005811,production_order,PRD000084332,P000896,LOT00102782,2024-07-11,functional,minor,1,process_variation,rework,2024-08-04,16.51
NC000005812,NC-2026-0005812,production_order,PRD000084338,P000502,LOT00004154,2026-09-02,functional,minor,9,process_variation,scrap,2026-09-20,1341.38
NC000005813,NC-2026-0005813,production_order,PRD000084341,P000698,LOT00059442,2024-09-24,dimensional,minor,4,process_variation,scrap,2024-10-01,649.29
NC000005814,NC-2026-0005814,production_order,PRD000084355,P000323,LOT00131069,2025-11-14,dimensional,major,11,process_variation,rework,2025-12-09,376.83
NC000005815,NC-2026-0005815,production_order,PRD000084366,P000710,LOT00219255,2025-03-07,dimensional,critical,8,supplier_material,return_to_supplier,2025-03-31,412.17
NC000005816,NC-2026-0005816,production_order,PRD000084371,P000545,LOT00014206,2026-05-06,dimensional,minor,2,machine_setting,scrap,2026-05-12,42.38
NC000005817,NC-2026-0005817,production_order,PRD000084377,P000629,LOT00160166,2026-02-17,surface_finish,major,3,operator_error,return_to_supplier,2026-03-14,49.52
NC000005818,NC-2026-0005818,production_order,PRD000084386,P000742,LOT00127279,2024-07-07,functional,minor,6,machine_setting,use_as_is,2024-07-12,480.92
NC000005819,NC-2026-0005819,production_order,PRD000084399,P000715,LOT00020604,2025-12-03,surface_finish,minor,2,process_variation,rework,2026-01-01,44.84
NC000005820,NC-2026-0005820,production_order,PRD000084411,P000156,LOT00003015,2024-05-01,dimensional,minor,1,operator_error,return_to_supplier,2024-05-10,0.0
NC000005821,NC-2026-0005821,production_order,PRD000084418,P000347,LOT00230835,2024-04-23,dimensional,major,8,design_tolerance,return_to_supplier,2024-04-29,165.21
NC000005822,NC-2026-0005822,production_order,PRD000084434,P000084,LOT00185114,2025-07-12,packaging,critical,9,machine_setting,use_as_is,2025-07-16,629.47
NC000005823,NC-2026-0005823,production_order,PRD000084447,P000087,LOT00076887,2024-10-16,functional,critical,9,operator_error,rework,2024-11-07,248.2
NC000005824,NC-2026-0005824,production_order,PRD000084449,P000950,LOT00223429,2024-11-22,surface_finish,minor,5,machine_setting,rework,2024-12-15,889.64
NC000005825,NC-2026-0005825,production_order,PRD000084481,P000077,LOT00034713,2025-05-16,surface_finish,minor,7,machine_setting,use_as_is,2025-06-13,877.37
NC000005826,NC-2026-0005826,production_order,PRD000084491,P000928,LOT00083659,2024-10-22,surface_finish,minor,1,operator_error,rework,2024-11-03,209.79
NC000005827,NC-2026-0005827,production_order,PRD000084524,P000947,LOT00235970,2025-10-02,surface_finish,minor,7,design_tolerance,rework,2025-10-24,1755.36
NC000005828,NC-2026-0005828,production_order,PRD000084546,P000731,LOT00122672,2026-01-20,electrical,major,4,machine_setting,rework,2026-01-26,362.52
NC000005829,NC-2026-0005829,production_order,PRD000084595,P000745,LOT00221104,2024-06-30,surface_finish,major,1,machine_setting,rework,2024-07-09,58.08
NC000005830,NC-2026-0005830,production_order,PRD000084612,P000212,LOT00027834,2026-01-10,surface_finish,major,2,process_variation,scrap,2026-01-24,326.54
NC000005831,NC-2026-0005831,production_order,PRD000084669,P000711,LOT00042414,2024-05-01,electrical,major,7,design_tolerance,scrap,2024-05-24,1124.56
NC000005832,NC-2026-0005832,production_order,PRD000084688,P000118,LOT00153883,2025-09-15,surface_finish,minor,1,machine_setting,return_to_supplier,2025-09-23,38.33
NC000005833,NC-2026-0005833,production_order,PRD000084715,P000636,LOT00236094,2024-11-27,electrical,minor,4,supplier_material,rework,2024-12-26,81.92
NC000005834,NC-2026-0005834,production_order,PRD000084759,P000943,LOT00230817,2024-02-27,dimensional,major,4,machine_setting,rework,2024-03-13,108.24
NC000005835,NC-2026-0005835,production_order,PRD000084783,P000007,LOT00233272,2024-08-07,functional,minor,3,supplier_material,rework,2024-08-15,136.5
NC000005836,NC-2026-0005836,production_order,PRD000084802,P000813,LOT00185818,2025-11-12,functional,minor,5,process_variation,rework,2025-12-01,304.82
NC000005837,NC-2026-0005837,production_order,PRD000084823,P000403,LOT00204834,2024-02-27,dimensional,minor,6,machine_setting,return_to_supplier,2024-03-21,131.05
NC000005838,NC-2026-0005838,production_order,PRD000084833,P000934,LOT00072025,2025-01-19,dimensional,minor,3,machine_setting,scrap,2025-02-14,91.68
NC000005839,NC-2026-0005839,production_order,PRD000084838,P000936,LOT00199489,2024-09-05,functional,minor,2,supplier_material,use_as_is,2024-10-01,114.25
NC000005840,NC-2026-0005840,production_order,PRD000084844,P000382,LOT00091475,2025-04-30,surface_finish,minor,7,process_variation,scrap,2025-05-22,72.2
NC000005841,NC-2026-0005841,production_order,PRD000084865,P000697,LOT00117718,2024-02-08,dimensional,major,4,operator_error,return_to_supplier,2024-02-16,1272.62
NC000005842,NC-2026-0005842,production_order,PRD000084881,P000191,LOT00117034,2024-02-01,surface_finish,minor,11,supplier_material,rework,2024-02-27,189.48
NC000005843,NC-2026-0005843,production_order,PRD000084898,P000007,LOT00110998,2025-12-14,dimensional,major,1,design_tolerance,return_to_supplier,2026-01-08,91.35
NC000005844,NC-2026-0005844,production_order,PRD000084904,P000574,LOT00229524,2025-07-22,surface_finish,minor,7,supplier_material,scrap,2025-07-28,750.25
NC000005845,NC-2026-0005845,production_order,PRD000084908,P000827,LOT00120666,2024-03-10,packaging,minor,13,supplier_material,rework,2024-03-17,596.84
NC000005846,NC-2026-0005846,production_order,PRD000084936,P000922,LOT00171343,2026-07-30,functional,major,2,design_tolerance,use_as_is,2026-08-22,98.41
NC000005847,NC-2026-0005847,production_order,PRD000084947,P000173,LOT00140672,2026-05-13,surface_finish,minor,4,machine_setting,rework,2026-06-09,424.72
NC000005848,NC-2026-0005848,production_order,PRD000084949,P000316,LOT00078758,2025-08-31,dimensional,major,9,supplier_material,scrap,2025-09-18,428.69
NC000005849,NC-2026-0005849,production_order,PRD000084953,P000261,LOT00212554,2026-08-02,electrical,major,4,supplier_material,scrap,2026-08-24,64.57
NC000005850,NC-2026-0005850,production_order,PRD000084958,P000708,LOT00227407,2025-03-18,surface_finish,major,4,machine_setting,rework,2025-04-06,1323.58
NC000005851,NC-2026-0005851,production_order,PRD000085004,P000580,LOT00067846,2025-08-22,surface_finish,major,1,process_variation,return_to_supplier,2025-09-21,18.47
NC000005852,NC-2026-0005852,production_order,PRD000085021,P000183,LOT00025972,2024-10-04,electrical,major,3,machine_setting,scrap,2024-10-12,412.0
NC000005853,NC-2026-0005853,production_order,PRD000085023,P000834,LOT00063853,2026-09-16,dimensional,major,11,process_variation,rework,2026-10-03,448.97
NC000005854,NC-2026-0005854,production_order,PRD000085052,P000854,LOT00090591,2024-08-03,functional,minor,3,design_tolerance,rework,2024-08-23,290.21
NC000005855,NC-2026-0005855,production_order,PRD000085082,P000055,LOT00047468,2025-02-14,dimensional,minor,13,machine_setting,rework,2025-03-01,5491.24
NC000005856,NC-2026-0005856,production_order,PRD000085083,P000368,LOT00034660,2026-07-03,packaging,major,6,design_tolerance,rework,2026-07-05,648.24
NC000005857,NC-2026-0005857,production_order,PRD000085095,P000838,LOT00175541,2024-02-06,functional,major,8,supplier_material,return_to_supplier,2024-02-10,357.37
NC000005858,NC-2026-0005858,production_order,PRD000085103,P000163,LOT00022031,2026-09-19,functional,minor,3,supplier_material,use_as_is,2026-10-01,493.28
NC000005859,NC-2026-0005859,production_order,PRD000085107,P000601,LOT00127399,2025-12-28,dimensional,minor,7,operator_error,rework,2026-01-24,2241.84
NC000005860,NC-2026-0005860,production_order,PRD000085112,P000417,LOT00237247,2025-06-17,functional,minor,2,machine_setting,rework,2025-07-04,134.24
NC000005861,NC-2026-0005861,production_order,PRD000085128,P000789,LOT00169707,2024-05-01,electrical,minor,2,operator_error,rework,2024-05-03,42.08
NC000005862,NC-2026-0005862,production_order,PRD000085129,P000497,LOT00149293,2024-06-27,packaging,minor,6,machine_setting,scrap,2024-07-16,274.64
NC000005863,NC-2026-0005863,production_order,PRD000085141,P000121,LOT00158421,2025-10-27,dimensional,major,10,machine_setting,rework,2025-11-07,1005.45
NC000005864,NC-2026-0005864,production_order,PRD000085172,P000255,LOT00142697,2025-08-02,functional,major,3,supplier_material,return_to_supplier,2025-08-06,244.92
NC000005865,NC-2026-0005865,production_order,PRD000085185,P000094,LOT00214523,2024-12-19,dimensional,minor,2,process_variation,use_as_is,2025-01-06,62.91
NC000005866,NC-2026-0005866,production_order,PRD000085229,P000079,LOT00114991,2024-11-16,electrical,minor,5,supplier_material,rework,2024-12-11,58.07
NC000005867,NC-2026-0005867,production_order,PRD000085232,P000199,LOT00193648,2024-04-07,dimensional,major,4,supplier_material,rework,2024-04-22,83.49
NC000005868,NC-2026-0005868,production_order,PRD000085309,P000260,LOT00193113,2024-08-19,packaging,minor,3,process_variation,rework,2024-09-04,444.33
NC000005869,NC-2026-0005869,production_order,PRD000085333,P000794,LOT00161087,2025-10-28,dimensional,minor,5,machine_setting,rework,2025-11-16,565.39
NC000005870,NC-2026-0005870,production_order,PRD000085342,P000663,LOT00059331,2026-07-29,dimensional,minor,1,process_variation,rework,2026-08-16,54.68
NC000005871,NC-2026-0005871,production_order,PRD000085391,P000064,LOT00053221,2026-04-27,functional,minor,1,operator_error,use_as_is,2026-05-10,76.68
NC000005872,NC-2026-0005872,production_order,PRD000085422,P000213,LOT00170804,2024-08-13,dimensional,minor,6,process_variation,scrap,2024-09-01,302.18
NC000005873,NC-2026-0005873,production_order,PRD000085428,P000098,LOT00171807,2026-04-25,functional,major,3,machine_setting,rework,2026-04-29,42.77
NC000005874,NC-2026-0005874,production_order,PRD000085438,P000216,LOT00031879,2025-12-18,packaging,minor,14,process_variation,return_to_supplier,2026-01-03,924.21
NC000005875,NC-2026-0005875,production_order,PRD000085439,P000156,LOT00134939,2025-10-11,packaging,major,1,process_variation,rework,2025-11-01,0.0
NC000005876,NC-2026-0005876,production_order,PRD000085461,P000516,LOT00121925,2024-02-29,functional,minor,2,design_tolerance,return_to_supplier,2024-03-08,197.8
NC000005877,NC-2026-0005877,production_order,PRD000085465,P000470,LOT00179462,2025-07-20,functional,minor,5,process_variation,return_to_supplier,2025-07-23,362.9
NC000005878,NC-2026-0005878,production_order,PRD000085528,P000056,LOT00150326,2026-06-28,packaging,major,1,design_tolerance,rework,2026-07-25,90.07
NC000005879,NC-2026-0005879,production_order,PRD000085532,P000318,LOT00220808,2024-09-14,dimensional,major,12,supplier_material,scrap,2024-09-19,747.4
NC000005880,NC-2026-0005880,production_order,PRD000085538,P000670,LOT00232505,2025-03-16,surface_finish,major,9,design_tolerance,scrap,2025-03-26,194.08
NC000005881,NC-2026-0005881,production_order,PRD000085540,P000454,LOT00060147,2025-09-17,packaging,minor,1,operator_error,use_as_is,2025-10-04,30.2
NC000005882,NC-2026-0005882,production_order,PRD000085562,P000676,LOT00035460,2024-10-21,packaging,major,11,supplier_material,scrap,2024-10-29,473.02
NC000005883,NC-2026-0005883,production_order,PRD000085568,P000285,LOT00084485,2025-12-05,surface_finish,minor,3,design_tolerance,rework,2026-01-01,200.31
NC000005884,NC-2026-0005884,production_order,PRD000085622,P000264,LOT00001592,2026-08-03,packaging,minor,2,supplier_material,use_as_is,2026-08-15,122.6
NC000005885,NC-2026-0005885,production_order,PRD000085659,P000637,LOT00135702,2024-11-25,electrical,minor,8,machine_setting,rework,2024-12-13,556.55
NC000005886,NC-2026-0005886,production_order,PRD000085672,P000861,LOT00096378,2026-07-19,functional,major,4,machine_setting,rework,2026-08-14,473.23
NC000005887,NC-2026-0005887,production_order,PRD000085703,P000024,LOT00211564,2026-09-13,electrical,minor,1,process_variation,rework,2026-09-25,14.23
NC000005888,NC-2026-0005888,production_order,PRD000085718,P000364,LOT00239217,2024-03-07,functional,minor,7,process_variation,rework,2024-03-25,165.87
NC000005889,NC-2026-0005889,production_order,PRD000085722,P000034,LOT00086054,2026-09-18,functional,minor,6,machine_setting,return_to_supplier,2026-10-12,1387.66
NC000005890,NC-2026-0005890,production_order,PRD000085730,P000939,LOT00190954,2024-12-15,functional,minor,7,machine_setting,rework,2025-01-06,571.9
NC000005891,NC-2026-0005891,production_order,PRD000085753,P000257,LOT00151301,2026-06-07,surface_finish,minor,4,machine_setting,rework,2026-06-17,173.42
NC000005892,NC-2026-0005892,production_order,PRD000085755,P000335,LOT00059023,2026-04-30,dimensional,major,1,operator_error,use_as_is,2026-05-29,25.53
NC000005893,NC-2026-0005893,production_order,PRD000085774,P000527,LOT00217026,2026-01-06,dimensional,minor,8,supplier_material,use_as_is,2026-01-30,1364.18
NC000005894,NC-2026-0005894,production_order,PRD000085792,P000925,LOT00147255,2026-02-23,packaging,major,5,operator_error,rework,2026-03-05,112.3
NC000005895,NC-2026-0005895,production_order,PRD000085799,P000062,LOT00082199,2025-09-09,dimensional,minor,6,supplier_material,rework,2025-09-25,115.24
NC000005896,NC-2026-0005896,production_order,PRD000085803,P000564,LOT00155592,2026-05-07,surface_finish,minor,3,supplier_material,rework,2026-05-10,189.26
NC000005897,NC-2026-0005897,production_order,PRD000085811,P000715,LOT00169684,2025-11-28,surface_finish,major,7,design_tolerance,rework,2025-12-09,369.84
NC000005898,NC-2026-0005898,production_order,PRD000085834,P000860,LOT00144034,2025-11-12,surface_finish,minor,2,process_variation,return_to_supplier,2025-12-06,89.15
NC000005899,NC-2026-0005899,production_order,PRD000085848,P000091,LOT00228882,2025-06-01,packaging,major,6,machine_setting,return_to_supplier,2025-06-20,193.78
NC000005900,NC-2026-0005900,production_order,PRD000085861,P000930,LOT00209739,2026-01-30,dimensional,minor,1,process_variation,return_to_supplier,2026-02-06,108.8
NC000005901,NC-2026-0005901,production_order,PRD000085864,P000697,LOT00010081,2026-05-30,functional,major,2,supplier_material,rework,2026-06-16,301.17
NC000005902,NC-2026-0005902,production_order,PRD000085868,P000377,LOT00124059,2025-03-10,dimensional,major,3,supplier_material,use_as_is,2025-03-26,98.08
NC000005903,NC-2026-0005903,production_order,PRD000085878,P000867,LOT00021249,2024-07-17,functional,minor,1,supplier_material,scrap,2024-07-31,189.86
NC000005904,NC-2026-0005904,production_order,PRD000085904,P000040,LOT00238200,2026-09-15,electrical,minor,8,supplier_material,scrap,2026-09-22,499.98
NC000005905,NC-2026-0005905,production_order,PRD000085923,P000049,LOT00212459,2024-06-10,electrical,major,13,process_variation,rework,2024-06-25,1558.93
NC000005906,NC-2026-0005906,production_order,PRD000085940,P000601,LOT00041429,2025-02-10,electrical,critical,4,design_tolerance,rework,2025-03-11,1212.48
NC000005907,NC-2026-0005907,production_order,PRD000085944,P000577,LOT00205459,2024-10-31,functional,major,7,design_tolerance,rework,2024-11-22,1136.55
NC000005908,NC-2026-0005908,production_order,PRD000085962,P000083,LOT00160976,2024-11-13,dimensional,minor,6,process_variation,use_as_is,2024-12-06,305.21
NC000005909,NC-2026-0005909,production_order,PRD000085977,P000598,LOT00156246,2025-03-13,surface_finish,minor,5,process_variation,use_as_is,2025-03-24,361.19
NC000005910,NC-2026-0005910,production_order,PRD000085981,P000366,LOT00248587,2024-08-15,functional,major,4,machine_setting,rework,2024-08-31,69.97
NC000005911,NC-2026-0005911,production_order,PRD000085990,P000426,LOT00124691,2025-10-13,surface_finish,major,13,machine_setting,return_to_supplier,2025-10-31,1301.86
NC000005912,NC-2026-0005912,production_order,PRD000086013,P000944,LOT00170231,2024-10-08,dimensional,minor,3,supplier_material,use_as_is,2024-10-27,170.49
NC000005913,NC-2026-0005913,production_order,PRD000086049,P000304,LOT00214813,2026-01-06,dimensional,critical,6,machine_setting,scrap,2026-02-01,168.43
NC000005914,NC-2026-0005914,production_order,PRD000086088,P000034,LOT00095929,2024-07-19,functional,minor,7,supplier_material,use_as_is,2024-08-14,1288.6
NC000005915,NC-2026-0005915,production_order,PRD000086096,P000235,LOT00007041,2024-10-23,functional,major,10,supplier_material,use_as_is,2024-11-03,2856.4
NC000005916,NC-2026-0005916,production_order,PRD000086102,P000303,LOT00090301,2024-11-07,packaging,minor,3,machine_setting,rework,2024-12-03,684.04
NC000005917,NC-2026-0005917,production_order,PRD000086106,P000111,LOT00093145,2024-10-30,packaging,major,3,machine_setting,rework,2024-11-05,250.85
NC000005918,NC-2026-0005918,production_order,PRD000086122,P000798,LOT00043013,2025-08-09,packaging,major,4,supplier_material,rework,2025-09-05,236.72
NC000005919,NC-2026-0005919,production_order,PRD000086141,P000666,LOT00131395,2024-06-06,dimensional,minor,3,process_variation,scrap,2024-06-13,174.04
NC000005920,NC-2026-0005920,production_order,PRD000086148,P000201,LOT00127320,2024-05-17,surface_finish,major,2,supplier_material,return_to_supplier,2024-06-16,119.84
NC000005921,NC-2026-0005921,production_order,PRD000086157,P000273,LOT00132534,2024-04-21,surface_finish,major,1,process_variation,rework,2024-05-04,60.19
NC000005922,NC-2026-0005922,production_order,PRD000086158,P000730,LOT00007875,2024-04-19,dimensional,minor,11,machine_setting,rework,2024-05-06,730.69
NC000005923,NC-2026-0005923,production_order,PRD000086169,P000855,LOT00229254,2026-04-14,electrical,major,1,design_tolerance,use_as_is,2026-05-14,27.11
NC000005924,NC-2026-0005924,production_order,PRD000086189,P000801,LOT00102980,2024-08-05,packaging,major,1,machine_setting,scrap,2024-08-19,41.69
NC000005925,NC-2026-0005925,production_order,PRD000086193,P000339,LOT00153163,2024-10-25,packaging,minor,1,process_variation,use_as_is,2024-11-18,51.28
NC000005926,NC-2026-0005926,production_order,PRD000086195,P000768,LOT00234434,2025-02-11,packaging,minor,7,machine_setting,use_as_is,2025-03-03,1083.75
NC000005927,NC-2026-0005927,production_order,PRD000086196,P000712,LOT00141201,2024-04-24,functional,major,2,machine_setting,rework,2024-05-22,150.02
NC000005928,NC-2026-0005928,production_order,PRD000086207,P000420,LOT00233248,2025-09-19,dimensional,minor,3,supplier_material,return_to_supplier,2025-09-22,61.83
NC000005929,NC-2026-0005929,production_order,PRD000086215,P000120,LOT00109135,2024-02-22,functional,major,2,operator_error,scrap,2024-03-21,50.52
NC000005930,NC-2026-0005930,production_order,PRD000086216,P000351,LOT00006483,2025-08-08,electrical,minor,11,machine_setting,rework,2025-08-10,5964.2
NC000005931,NC-2026-0005931,production_order,PRD000086241,P000940,LOT00232281,2024-11-02,dimensional,major,10,process_variation,return_to_supplier,2024-11-16,663.14
NC000005932,NC-2026-0005932,production_order,PRD000086277,P000105,LOT00212607,2026-02-18,functional,critical,11,supplier_material,scrap,2026-03-10,927.93
NC000005933,NC-2026-0005933,production_order,PRD000086287,P000407,LOT00019422,2024-07-22,surface_finish,minor,10,operator_error,return_to_supplier,2024-08-09,797.97
NC000005934,NC-2026-0005934,production_order,PRD000086328,P000871,LOT00133823,2025-07-26,surface_finish,major,3,operator_error,scrap,2025-07-30,62.49
NC000005935,NC-2026-0005935,production_order,PRD000086333,P000633,LOT00202654,2025-11-22,dimensional,minor,5,operator_error,rework,2025-12-02,463.98
NC000005936,NC-2026-0005936,production_order,PRD000086350,P000150,LOT00192594,2024-12-28,dimensional,critical,6,supplier_material,return_to_supplier,2025-01-13,409.14
NC000005937,NC-2026-0005937,production_order,PRD000086372,P000250,LOT00081023,2025-02-02,surface_finish,major,9,process_variation,use_as_is,2025-02-08,1119.91
NC000005938,NC-2026-0005938,production_order,PRD000086393,P000929,LOT00183847,2026-03-24,functional,minor,4,supplier_material,rework,2026-04-15,195.52
NC000005939,NC-2026-0005939,production_order,PRD000086422,P000504,LOT00199378,2024-03-02,surface_finish,major,5,design_tolerance,scrap,2024-03-19,278.93
NC000005940,NC-2026-0005940,production_order,PRD000086435,P000349,LOT00012702,2025-08-14,dimensional,minor,4,supplier_material,rework,2025-09-13,60.55
NC000005941,NC-2026-0005941,production_order,PRD000086449,P000515,LOT00092833,2025-01-04,electrical,minor,4,supplier_material,rework,2025-01-13,44.89
NC000005942,NC-2026-0005942,production_order,PRD000086456,P000031,LOT00239315,2025-04-08,functional,critical,13,process_variation,scrap,2025-05-01,567.97
NC000005943,NC-2026-0005943,production_order,PRD000086492,P000674,LOT00164265,2025-01-20,packaging,minor,6,machine_setting,rework,2025-01-25,393.63
NC000005944,NC-2026-0005944,production_order,PRD000086527,P000277,LOT00053363,2025-09-04,packaging,major,8,design_tolerance,return_to_supplier,2025-10-02,25.18
NC000005945,NC-2026-0005945,production_order,PRD000086529,P000208,LOT00003044,2025-10-12,packaging,minor,6,operator_error,rework,2025-11-06,110.3
NC000005946,NC-2026-0005946,production_order,PRD000086539,P000664,LOT00031367,2026-01-06,dimensional,critical,2,operator_error,use_as_is,2026-02-01,110.01
NC000005947,NC-2026-0005947,production_order,PRD000086543,P000090,LOT00114711,2024-05-07,packaging,minor,1,supplier_material,return_to_supplier,2024-05-12,41.87
NC000005948,NC-2026-0005948,production_order,PRD000086551,P000123,LOT00065771,2026-08-23,functional,minor,3,machine_setting,scrap,2026-08-28,97.87
NC000005949,NC-2026-0005949,production_order,PRD000086557,P000070,LOT00222672,2026-05-11,packaging,major,1,process_variation,rework,2026-05-24,111.55
NC000005950,NC-2026-0005950,production_order,PRD000086560,P000795,LOT00220937,2024-10-05,functional,major,8,machine_setting,use_as_is,2024-10-14,314.0
NC000005951,NC-2026-0005951,production_order,PRD000086620,P000575,LOT00134327,2024-11-14,functional,major,8,supplier_material,use_as_is,2024-12-10,1548.6
NC000005952,NC-2026-0005952,production_order,PRD000086631,P000518,LOT00019978,2024-06-26,functional,minor,2,process_variation,return_to_supplier,2024-07-04,34.19
NC000005953,NC-2026-0005953,production_order,PRD000086688,P000346,LOT00169283,2025-11-21,packaging,minor,5,supplier_material,use_as_is,2025-12-02,245.43
NC000005954,NC-2026-0005954,production_order,PRD000086693,P000066,LOT00073604,2026-08-13,electrical,minor,2,supplier_material,rework,2026-08-23,181.83
NC000005955,NC-2026-0005955,production_order,PRD000086719,P000107,LOT00050418,2024-05-11,surface_finish,minor,9,process_variation,rework,2024-05-27,469.71
NC000005956,NC-2026-0005956,production_order,PRD000086724,P000894,LOT00221934,2025-11-17,surface_finish,critical,1,process_variation,scrap,2025-11-28,48.32
NC000005957,NC-2026-0005957,production_order,PRD000086751,P000628,LOT00050909,2026-08-06,dimensional,major,1,design_tolerance,return_to_supplier,2026-08-20,130.48
NC000005958,NC-2026-0005958,production_order,PRD000086782,P000771,LOT00113302,2024-07-07,surface_finish,minor,11,process_variation,return_to_supplier,2024-07-23,850.46
NC000005959,NC-2026-0005959,production_order,PRD000086796,P000610,LOT00157567,2024-11-01,electrical,major,3,process_variation,rework,2024-11-20,75.72
NC000005960,NC-2026-0005960,production_order,PRD000086800,P000782,LOT00057779,2026-01-20,functional,major,13,machine_setting,return_to_supplier,2026-01-31,441.97
NC000005961,NC-2026-0005961,production_order,PRD000086826,P000782,LOT00034088,2024-04-14,functional,critical,9,operator_error,use_as_is,2024-05-11,288.11
NC000005962,NC-2026-0005962,production_order,PRD000086856,P000047,LOT00191888,2026-08-10,functional,minor,2,process_variation,rework,2026-08-20,128.69
NC000005963,NC-2026-0005963,production_order,PRD000086859,P000746,LOT00244262,2026-05-09,surface_finish,minor,4,machine_setting,rework,2026-05-15,476.24
NC000005964,NC-2026-0005964,production_order,PRD000086875,P000892,LOT00066268,2024-04-27,surface_finish,minor,1,machine_setting,return_to_supplier,2024-05-01,52.93
NC000005965,NC-2026-0005965,production_order,PRD000086879,P000875,LOT00069770,2026-04-07,packaging,critical,1,supplier_material,rework,2026-04-15,0.0
NC000005966,NC-2026-0005966,production_order,PRD000086898,P000711,LOT00196174,2025-11-02,functional,minor,8,operator_error,scrap,2025-11-21,1998.8
NC000005967,NC-2026-0005967,production_order,PRD000086915,P000669,LOT00145533,2026-08-29,functional,minor,3,machine_setting,use_as_is,2026-09-26,234.74
NC000005968,NC-2026-0005968,production_order,PRD000086934,P000880,LOT00091299,2026-09-27,dimensional,minor,5,operator_error,use_as_is,2026-10-05,875.78
NC000005969,NC-2026-0005969,production_order,PRD000086942,P000439,LOT00236417,2024-12-22,dimensional,critical,3,supplier_material,scrap,2025-01-05,489.54
NC000005970,NC-2026-0005970,production_order,PRD000086946,P000064,LOT00067431,2024-08-14,surface_finish,major,8,operator_error,rework,2024-09-05,498.43
NC000005971,NC-2026-0005971,production_order,PRD000086950,P000314,LOT00134159,2026-03-04,electrical,minor,4,design_tolerance,scrap,2026-03-20,323.16
NC000005972,NC-2026-0005972,production_order,PRD000086974,P000013,LOT00133006,2025-11-20,dimensional,major,6,process_variation,use_as_is,2025-11-24,938.69
NC000005973,NC-2026-0005973,production_order,PRD000086978,P000495,LOT00185995,2025-06-03,packaging,critical,5,operator_error,rework,2025-06-10,737.69
NC000005974,NC-2026-0005974,production_order,PRD000086982,P000226,LOT00009159,2026-02-07,dimensional,minor,1,process_variation,use_as_is,2026-02-16,0.0
NC000005975,NC-2026-0005975,production_order,PRD000086991,P000615,LOT00106824,2024-08-11,electrical,major,6,process_variation,use_as_is,2024-08-16,158.43
NC000005976,NC-2026-0005976,production_order,PRD000087001,P000367,LOT00115226,2025-07-02,packaging,major,2,operator_error,rework,2025-07-30,64.04
NC000005977,NC-2026-0005977,production_order,PRD000087005,P000428,LOT00227053,2026-09-22,dimensional,minor,13,machine_setting,scrap,2026-10-22,713.04
NC000005978,NC-2026-0005978,production_order,PRD000087023,P000509,LOT00146645,2025-03-10,functional,major,1,operator_error,scrap,2025-03-25,42.48
NC000005979,NC-2026-0005979,production_order,PRD000087039,P000421,LOT00115616,2024-03-30,functional,minor,1,design_tolerance,scrap,2024-04-22,104.71
NC000005980,NC-2026-0005980,production_order,PRD000087053,P000212,LOT00222818,2025-11-24,dimensional,minor,2,operator_error,scrap,2025-12-22,343.9
NC000005981,NC-2026-0005981,production_order,PRD000087057,P000442,LOT00197784,2026-07-25,functional,major,3,machine_setting,rework,2026-08-20,911.47
NC000005982,NC-2026-0005982,production_order,PRD000087062,P000134,LOT00099179,2025-03-25,electrical,major,6,operator_error,rework,2025-04-01,438.57
NC000005983,NC-2026-0005983,production_order,PRD000087066,P000635,LOT00077199,2024-12-12,functional,minor,11,process_variation,scrap,2024-12-21,3487.59
NC000005984,NC-2026-0005984,production_order,PRD000087102,P000874,LOT00164979,2026-09-11,surface_finish,major,9,operator_error,use_as_is,2026-09-24,641.47
NC000005985,NC-2026-0005985,production_order,PRD000087106,P000487,LOT00047600,2025-01-29,dimensional,minor,10,operator_error,scrap,2025-02-07,359.16
NC000005986,NC-2026-0005986,production_order,PRD000087107,P000613,LOT00123947,2025-01-22,packaging,major,10,operator_error,use_as_is,2025-02-04,228.67
NC000005987,NC-2026-0005987,production_order,PRD000087136,P000307,LOT00021296,2025-03-09,packaging,major,9,supplier_material,scrap,2025-03-26,962.56
NC000005988,NC-2026-0005988,production_order,PRD000087153,P000109,LOT00117863,2024-10-25,surface_finish,major,7,machine_setting,rework,2024-11-10,289.1
NC000005989,NC-2026-0005989,production_order,PRD000087163,P000344,LOT00172918,2026-04-25,surface_finish,major,3,operator_error,rework,2026-05-13,434.42
NC000005990,NC-2026-0005990,production_order,PRD000087165,P000904,LOT00201161,2024-08-05,surface_finish,critical,1,operator_error,use_as_is,2024-09-02,0.0
NC000005991,NC-2026-0005991,production_order,PRD000087167,P000175,LOT00133104,2026-07-09,surface_finish,minor,2,design_tolerance,return_to_supplier,2026-08-07,82.68
NC000005992,NC-2026-0005992,production_order,PRD000087169,P000042,LOT00173850,2024-06-06,surface_finish,minor,14,machine_setting,return_to_supplier,2024-06-15,440.08
NC000005993,NC-2026-0005993,production_order,PRD000087174,P000610,LOT00029559,2024-07-03,packaging,minor,3,operator_error,rework,2024-07-29,31.66
NC000005994,NC-2026-0005994,production_order,PRD000087178,P000770,LOT00155641,2024-11-25,packaging,minor,5,machine_setting,rework,2024-11-28,694.88
NC000005995,NC-2026-0005995,production_order,PRD000087190,P000086,LOT00231822,2025-10-06,functional,major,10,supplier_material,use_as_is,2025-10-18,1190.79
NC000005996,NC-2026-0005996,production_order,PRD000087199,P000798,LOT00182796,2024-11-04,surface_finish,major,13,design_tolerance,use_as_is,2024-11-20,689.92
NC000005997,NC-2026-0005997,production_order,PRD000087219,P000388,LOT00201525,2025-12-17,packaging,minor,5,operator_error,rework,2025-12-28,113.2
NC000005998,NC-2026-0005998,production_order,PRD000087267,P000127,LOT00005590,2025-09-26,packaging,major,2,supplier_material,rework,2025-09-28,243.58
NC000005999,NC-2026-0005999,production_order,PRD000087274,P000066,LOT00129423,2025-02-01,electrical,minor,7,design_tolerance,use_as_is,2025-02-23,288.49
NC000006000,NC-2026-0006000,production_order,PRD000087293,P000030,LOT00097836,2024-03-16,dimensional,minor,8,process_variation,use_as_is,2024-03-18,204.18
NC000006001,NC-2026-0006001,production_order,PRD000087308,P000681,LOT00085828,2025-03-05,electrical,minor,6,operator_error,use_as_is,2025-04-02,258.27
NC000006002,NC-2026-0006002,production_order,PRD000087346,P000778,LOT00082281,2025-02-02,electrical,minor,1,machine_setting,scrap,2025-03-03,263.83
NC000006003,NC-2026-0006003,production_order,PRD000087360,P000942,LOT00170384,2026-08-11,surface_finish,minor,2,operator_error,scrap,2026-08-29,337.68
NC000006004,NC-2026-0006004,production_order,PRD000087368,P000445,LOT00166556,2024-08-02,dimensional,minor,4,machine_setting,scrap,2024-08-09,747.04
NC000006005,NC-2026-0006005,production_order,PRD000087386,P000340,LOT00031592,2024-07-30,dimensional,critical,5,operator_error,return_to_supplier,2024-08-13,444.08
NC000006006,NC-2026-0006006,production_order,PRD000087415,P000473,LOT00108826,2025-03-24,surface_finish,major,12,process_variation,rework,2025-04-14,573.52
NC000006007,NC-2026-0006007,production_order,PRD000087439,P000776,LOT00097697,2025-08-15,dimensional,major,6,operator_error,rework,2025-08-23,416.56
NC000006008,NC-2026-0006008,production_order,PRD000087458,P000009,LOT00228128,2026-03-25,surface_finish,minor,1,machine_setting,rework,2026-04-04,177.12
NC000006009,NC-2026-0006009,production_order,PRD000087470,P000489,LOT00071191,2025-04-22,dimensional,major,5,process_variation,rework,2025-04-26,392.74
NC000006010,NC-2026-0006010,production_order,PRD000087476,P000409,LOT00198275,2025-07-27,dimensional,major,11,process_variation,rework,2025-08-09,588.86
NC000006011,NC-2026-0006011,production_order,PRD000087477,P000826,LOT00058956,2024-04-18,packaging,major,8,machine_setting,return_to_supplier,2024-04-21,591.35
NC000006012,NC-2026-0006012,production_order,PRD000087494,P000734,LOT00066923,2024-09-17,functional,minor,11,machine_setting,rework,2024-09-24,409.06
NC000006013,NC-2026-0006013,production_order,PRD000087514,P000826,LOT00227117,2024-04-08,surface_finish,minor,1,supplier_material,use_as_is,2024-04-18,97.29
NC000006014,NC-2026-0006014,production_order,PRD000087515,P000499,LOT00129903,2025-11-20,surface_finish,major,7,design_tolerance,scrap,2025-12-07,1002.28
NC000006015,NC-2026-0006015,production_order,PRD000087527,P000770,LOT00126635,2025-03-13,surface_finish,major,13,operator_error,scrap,2025-04-11,1324.29
NC000006016,NC-2026-0006016,production_order,PRD000087576,P000522,LOT00124562,2024-09-07,functional,minor,2,design_tolerance,use_as_is,2024-10-03,171.47
NC000006017,NC-2026-0006017,production_order,PRD000087577,P000332,LOT00229173,2026-04-01,packaging,minor,10,process_variation,scrap,2026-04-10,4315.02
NC000006018,NC-2026-0006018,production_order,PRD000087593,P000617,LOT00078121,2026-01-22,surface_finish,major,8,machine_setting,rework,2026-02-13,353.39
NC000006019,NC-2026-0006019,production_order,PRD000087600,P000133,LOT00175029,2024-02-26,dimensional,minor,4,design_tolerance,rework,2024-03-27,190.04
NC000006020,NC-2026-0006020,production_order,PRD000087615,P000950,LOT00181802,2025-05-11,electrical,critical,6,operator_error,rework,2025-05-29,975.27
NC000006021,NC-2026-0006021,production_order,PRD000087628,P000795,LOT00156925,2024-09-08,packaging,minor,7,supplier_material,rework,2024-09-24,279.2
NC000006022,NC-2026-0006022,production_order,PRD000087646,P000269,LOT00097696,2024-07-21,dimensional,minor,5,design_tolerance,scrap,2024-07-26,242.04
NC000006023,NC-2026-0006023,production_order,PRD000087678,P000276,LOT00019823,2024-03-11,dimensional,major,4,process_variation,rework,2024-04-10,173.73
NC000006024,NC-2026-0006024,production_order,PRD000087699,P000914,LOT00116242,2024-04-29,packaging,major,1,design_tolerance,rework,2024-05-14,85.81
NC000006025,NC-2026-0006025,production_order,PRD000087725,P000831,LOT00103752,2026-07-15,functional,minor,3,process_variation,return_to_supplier,2026-08-13,114.6
NC000006026,NC-2026-0006026,production_order,PRD000087730,P000553,LOT00163626,2024-09-01,functional,major,8,machine_setting,rework,2024-10-01,2390.88
NC000006027,NC-2026-0006027,production_order,PRD000087756,P000530,LOT00089602,2024-10-04,electrical,major,7,process_variation,use_as_is,2024-10-07,188.51
NC000006028,NC-2026-0006028,production_order,PRD000087757,P000414,LOT00214339,2024-12-02,functional,minor,11,process_variation,scrap,2025-01-01,203.91
NC000006029,NC-2026-0006029,production_order,PRD000087760,P000407,LOT00043903,2025-09-09,packaging,minor,3,operator_error,return_to_supplier,2025-10-02,164.24
NC000006030,NC-2026-0006030,production_order,PRD000087766,P000498,LOT00091611,2024-02-12,packaging,major,11,operator_error,use_as_is,2024-03-08,743.75
NC000006031,NC-2026-0006031,production_order,PRD000087784,P000202,LOT00121154,2025-08-29,surface_finish,minor,11,supplier_material,return_to_supplier,2025-09-07,3205.11
NC000006032,NC-2026-0006032,production_order,PRD000087804,P000936,LOT00061658,2025-09-10,dimensional,critical,8,process_variation,rework,2025-09-15,133.38
NC000006033,NC-2026-0006033,production_order,PRD000087806,P000468,LOT00175068,2026-09-04,functional,minor,12,machine_setting,return_to_supplier,2026-09-19,1044.87
NC000006034,NC-2026-0006034,production_order,PRD000087807,P000923,LOT00218012,2024-03-04,surface_finish,critical,2,design_tolerance,scrap,2024-03-26,43.9
NC000006035,NC-2026-0006035,production_order,PRD000087832,P000512,LOT00196502,2026-06-24,packaging,major,6,design_tolerance,rework,2026-07-02,531.03
NC000006036,NC-2026-0006036,production_order,PRD000087842,P000273,LOT00236508,2024-08-22,surface_finish,minor,1,operator_error,return_to_supplier,2024-08-29,205.21
NC000006037,NC-2026-0006037,production_order,PRD000087846,P000790,LOT00129338,2024-02-07,dimensional,minor,2,process_variation,scrap,2024-03-01,22.23
NC000006038,NC-2026-0006038,production_order,PRD000087848,P000058,LOT00192880,2025-01-06,functional,minor,2,operator_error,rework,2025-02-05,289.35
NC000006039,NC-2026-0006039,production_order,PRD000087856,P000845,LOT00238638,2025-11-21,functional,major,8,design_tolerance,rework,2025-12-07,710.07
NC000006040,NC-2026-0006040,production_order,PRD000087868,P000313,LOT00227522,2024-07-25,functional,minor,1,machine_setting,rework,2024-07-27,66.33
NC000006041,NC-2026-0006041,production_order,PRD000087909,P000343,LOT00235873,2025-09-12,dimensional,major,8,process_variation,rework,2025-10-06,248.52
NC000006042,NC-2026-0006042,production_order,PRD000087924,P000791,LOT00220997,2024-05-04,dimensional,major,1,machine_setting,return_to_supplier,2024-05-17,72.83
NC000006043,NC-2026-0006043,production_order,PRD000087934,P000016,LOT00084909,2025-02-21,surface_finish,major,4,design_tolerance,scrap,2025-03-13,685.18
NC000006044,NC-2026-0006044,production_order,PRD000087949,P000821,LOT00194830,2025-12-25,electrical,major,8,supplier_material,scrap,2026-01-05,1180.18
NC000006045,NC-2026-0006045,production_order,PRD000087950,P000398,LOT00187365,2025-10-06,dimensional,major,2,design_tolerance,scrap,2025-10-19,342.96
NC000006046,NC-2026-0006046,production_order,PRD000087951,P000018,LOT00034750,2024-01-22,packaging,minor,3,operator_error,rework,2024-02-21,228.45
NC000006047,NC-2026-0006047,production_order,PRD000087986,P000854,LOT00117217,2025-11-03,packaging,major,4,operator_error,use_as_is,2025-12-03,213.79
NC000006048,NC-2026-0006048,production_order,PRD000087994,P000823,LOT00205564,2024-08-09,dimensional,major,11,supplier_material,use_as_is,2024-09-04,3590.71
NC000006049,NC-2026-0006049,production_order,PRD000088004,P000791,LOT00109624,2026-03-22,functional,critical,5,supplier_material,rework,2026-04-16,399.85
NC000006050,NC-2026-0006050,production_order,PRD000088014,P000594,LOT00217093,2024-02-04,packaging,minor,7,machine_setting,scrap,2024-02-17,633.12
NC000006051,NC-2026-0006051,production_order,PRD000088021,P000524,LOT00075093,2025-05-20,surface_finish,major,4,machine_setting,scrap,2025-06-18,222.82
NC000006052,NC-2026-0006052,production_order,PRD000088027,P000753,LOT00062812,2025-12-28,electrical,major,5,process_variation,rework,2026-01-27,424.07
NC000006053,NC-2026-0006053,production_order,PRD000088037,P000807,LOT00040688,2024-06-07,dimensional,major,3,design_tolerance,rework,2024-06-23,1582.37
NC000006054,NC-2026-0006054,production_order,PRD000088043,P000592,LOT00189072,2024-09-26,dimensional,major,3,machine_setting,use_as_is,2024-10-07,148.87
NC000006055,NC-2026-0006055,production_order,PRD000088047,P000551,LOT00095318,2025-11-27,functional,minor,1,machine_setting,use_as_is,2025-11-29,125.98
NC000006056,NC-2026-0006056,production_order,PRD000088078,P000472,LOT00223336,2026-07-18,dimensional,major,1,operator_error,use_as_is,2026-07-21,134.96
NC000006057,NC-2026-0006057,production_order,PRD000088089,P000339,LOT00247946,2026-06-08,surface_finish,minor,4,operator_error,rework,2026-06-27,107.45
NC000006058,NC-2026-0006058,production_order,PRD000088096,P000428,LOT00196504,2026-06-09,surface_finish,minor,1,design_tolerance,scrap,2026-07-05,36.51
NC000006059,NC-2026-0006059,production_order,PRD000088097,P000743,LOT00087508,2024-03-23,functional,major,11,design_tolerance,use_as_is,2024-04-18,4079.56
NC000006060,NC-2026-0006060,production_order,PRD000088138,P000547,LOT00058112,2024-09-30,electrical,minor,8,process_variation,rework,2024-10-29,2423.66
NC000006061,NC-2026-0006061,production_order,PRD000088140,P000138,LOT00062675,2026-05-21,dimensional,major,1,machine_setting,return_to_supplier,2026-06-14,56.25
NC000006062,NC-2026-0006062,production_order,PRD000088196,P000378,LOT00064989,2025-05-12,packaging,major,5,operator_error,rework,2025-05-17,115.98
NC000006063,NC-2026-0006063,production_order,PRD000088200,P000101,LOT00179868,2025-06-22,functional,major,4,process_variation,scrap,2025-07-08,238.5
NC000006064,NC-2026-0006064,production_order,PRD000088234,P000039,LOT00214629,2026-04-24,packaging,minor,1,machine_setting,scrap,2026-04-28,505.31
NC000006065,NC-2026-0006065,production_order,PRD000088244,P000003,LOT00088799,2025-02-24,surface_finish,major,6,supplier_material,rework,2025-03-05,851.75
NC000006066,NC-2026-0006066,production_order,PRD000088251,P000918,LOT00196460,2026-05-26,packaging,minor,7,operator_error,scrap,2026-06-04,299.78
NC000006067,NC-2026-0006067,production_order,PRD000088259,P000242,LOT00075087,2024-03-05,packaging,minor,3,design_tolerance,use_as_is,2024-03-27,292.37
NC000006068,NC-2026-0006068,production_order,PRD000088260,P000273,LOT00145042,2025-03-03,dimensional,minor,2,design_tolerance,use_as_is,2025-04-01,141.22
NC000006069,NC-2026-0006069,production_order,PRD000088278,P000475,LOT00194137,2026-01-25,dimensional,minor,5,operator_error,scrap,2026-02-11,800.97
NC000006070,NC-2026-0006070,production_order,PRD000088299,P000486,LOT00156792,2024-11-11,dimensional,major,1,design_tolerance,rework,2024-11-30,15.2
NC000006071,NC-2026-0006071,production_order,PRD000088306,P000047,LOT00095958,2024-03-13,surface_finish,minor,10,process_variation,scrap,2024-04-09,641.06
NC000006072,NC-2026-0006072,production_order,PRD000088308,P000319,LOT00066685,2024-12-15,electrical,minor,5,supplier_material,scrap,2025-01-02,104.15
NC000006073,NC-2026-0006073,production_order,PRD000088351,P000731,LOT00081150,2024-07-29,functional,minor,6,supplier_material,scrap,2024-08-02,424.46
NC000006074,NC-2026-0006074,production_order,PRD000088359,P000241,LOT00193342,2025-06-20,electrical,major,2,design_tolerance,rework,2025-06-22,91.05
NC000006075,NC-2026-0006075,production_order,PRD000088380,P000881,LOT00153559,2025-05-04,electrical,minor,6,machine_setting,use_as_is,2025-05-20,467.05
NC000006076,NC-2026-0006076,production_order,PRD000088399,P000293,LOT00184594,2025-02-03,surface_finish,minor,1,operator_error,use_as_is,2025-02-19,0.0
NC000006077,NC-2026-0006077,production_order,PRD000088425,P000113,LOT00222196,2025-01-24,surface_finish,minor,14,process_variation,use_as_is,2025-02-01,1061.09
NC000006078,NC-2026-0006078,production_order,PRD000088447,P000687,LOT00123621,2026-03-26,dimensional,major,4,process_variation,scrap,2026-04-14,365.39
NC000006079,NC-2026-0006079,production_order,PRD000088449,P000729,LOT00208543,2025-09-25,electrical,critical,1,operator_error,return_to_supplier,2025-10-10,101.95
NC000006080,NC-2026-0006080,production_order,PRD000088459,P000375,LOT00052433,2025-03-24,surface_finish,major,6,process_variation,rework,2025-04-04,1012.92
NC000006081,NC-2026-0006081,production_order,PRD000088483,P000626,LOT00162087,2024-03-07,functional,minor,10,operator_error,scrap,2024-04-04,410.05
NC000006082,NC-2026-0006082,production_order,PRD000088489,P000164,LOT00117457,2025-04-04,dimensional,minor,8,process_variation,return_to_supplier,2025-04-24,492.91
NC000006083,NC-2026-0006083,production_order,PRD000088496,P000501,LOT00234422,2026-01-27,electrical,minor,3,process_variation,rework,2026-02-03,660.89
NC000006084,NC-2026-0006084,production_order,PRD000088497,P000744,LOT00063755,2025-01-08,surface_finish,minor,7,design_tolerance,return_to_supplier,2025-01-20,541.31
NC000006085,NC-2026-0006085,production_order,PRD000088498,P000284,LOT00040282,2025-10-30,dimensional,minor,10,machine_setting,return_to_supplier,2025-11-01,92.92
NC000006086,NC-2026-0006086,production_order,PRD000088509,P000911,LOT00022682,2026-03-12,electrical,minor,1,design_tolerance,use_as_is,2026-03-30,21.41
NC000006087,NC-2026-0006087,production_order,PRD000088515,P000453,LOT00053207,2026-04-23,surface_finish,major,9,machine_setting,rework,2026-05-05,1697.16
NC000006088,NC-2026-0006088,production_order,PRD000088519,P000534,LOT00089190,2025-10-12,surface_finish,major,1,machine_setting,return_to_supplier,2025-10-16,81.92
NC000006089,NC-2026-0006089,production_order,PRD000088542,P000599,LOT00110580,2026-08-04,electrical,minor,6,supplier_material,rework,2026-08-10,541.8
NC000006090,NC-2026-0006090,production_order,PRD000088543,P000277,LOT00183335,2024-12-21,packaging,critical,6,design_tolerance,rework,2025-01-16,25.89
NC000006091,NC-2026-0006091,production_order,PRD000088547,P000003,LOT00185580,2026-02-26,electrical,minor,12,process_variation,rework,2026-03-13,2743.78
NC000006092,NC-2026-0006092,production_order,PRD000088551,P000353,LOT00220318,2024-02-08,functional,critical,4,operator_error,return_to_supplier,2024-02-22,163.16
NC000006093,NC-2026-0006093,production_order,PRD000088582,P000150,LOT00128642,2026-07-31,dimensional,major,3,operator_error,use_as_is,2026-08-09,307.15
NC000006094,NC-2026-0006094,production_order,PRD000088594,P000774,LOT00244897,2024-02-07,dimensional,major,2,operator_error,rework,2024-03-07,70.73
NC000006095,NC-2026-0006095,production_order,PRD000088630,P000932,LOT00140153,2024-07-19,electrical,major,1,machine_setting,return_to_supplier,2024-08-14,87.41
NC000006096,NC-2026-0006096,production_order,PRD000088640,P000219,LOT00112635,2024-05-15,packaging,minor,2,process_variation,rework,2024-05-25,130.24
NC000006097,NC-2026-0006097,production_order,PRD000088644,P000568,LOT00079271,2026-01-25,functional,minor,4,process_variation,use_as_is,2026-02-17,144.92
NC000006098,NC-2026-0006098,production_order,PRD000088647,P000132,LOT00188641,2026-03-03,functional,minor,11,supplier_material,use_as_is,2026-03-30,447.97
NC000006099,NC-2026-0006099,production_order,PRD000088652,P000071,LOT00073957,2024-02-20,functional,major,3,machine_setting,use_as_is,2024-02-29,583.26
NC000006100,NC-2026-0006100,production_order,PRD000088669,P000170,LOT00019856,2026-02-10,dimensional,major,4,machine_setting,scrap,2026-03-11,255.83
NC000006101,NC-2026-0006101,production_order,PRD000088692,P000853,LOT00013849,2026-08-18,packaging,minor,4,operator_error,return_to_supplier,2026-09-07,78.66
NC000006102,NC-2026-0006102,production_order,PRD000088706,P000686,LOT00226558,2026-07-26,functional,minor,4,machine_setting,return_to_supplier,2026-08-06,147.9
NC000006103,NC-2026-0006103,production_order,PRD000088716,P000483,LOT00206624,2024-12-26,dimensional,major,2,supplier_material,rework,2024-12-30,359.69
NC000006104,NC-2026-0006104,production_order,PRD000088717,P000271,LOT00059818,2024-11-23,functional,critical,1,machine_setting,use_as_is,2024-11-27,46.36
NC000006105,NC-2026-0006105,production_order,PRD000088725,P000292,LOT00228534,2024-08-21,electrical,major,11,supplier_material,scrap,2024-09-12,2409.24
NC000006106,NC-2026-0006106,production_order,PRD000088736,P000120,LOT00161244,2024-04-20,surface_finish,minor,1,machine_setting,rework,2024-05-02,47.55
NC000006107,NC-2026-0006107,production_order,PRD000088741,P000377,LOT00001249,2025-04-10,surface_finish,minor,2,operator_error,rework,2025-04-14,76.44
NC000006108,NC-2026-0006108,production_order,PRD000088745,P000890,LOT00053158,2025-01-10,functional,minor,6,process_variation,return_to_supplier,2025-01-23,164.28
NC000006109,NC-2026-0006109,production_order,PRD000088803,P000650,LOT00066961,2025-09-11,surface_finish,major,2,machine_setting,use_as_is,2025-10-06,225.65
NC000006110,NC-2026-0006110,production_order,PRD000088807,P000168,LOT00170044,2024-11-30,dimensional,critical,4,machine_setting,scrap,2024-12-16,840.13
NC000006111,NC-2026-0006111,production_order,PRD000088835,P000419,LOT00146173,2026-02-19,dimensional,minor,12,operator_error,return_to_supplier,2026-03-15,887.68
NC000006112,NC-2026-0006112,production_order,PRD000088845,P000879,LOT00180548,2024-10-30,dimensional,minor,1,process_variation,return_to_supplier,2024-11-26,70.79
NC000006113,NC-2026-0006113,production_order,PRD000088849,P000700,LOT00133713,2025-01-17,functional,critical,2,machine_setting,scrap,2025-02-06,56.2
NC000006114,NC-2026-0006114,production_order,PRD000088852,P000901,LOT00165409,2024-11-28,functional,major,1,process_variation,rework,2024-12-24,0.0
NC000006115,NC-2026-0006115,production_order,PRD000088861,P000035,LOT00023955,2025-06-06,packaging,minor,13,design_tolerance,return_to_supplier,2025-06-25,633.76
NC000006116,NC-2026-0006116,production_order,PRD000088865,P000382,LOT00171769,2026-03-24,packaging,minor,1,operator_error,use_as_is,2026-04-03,14.63
NC000006117,NC-2026-0006117,production_order,PRD000088877,P000814,LOT00123539,2025-05-22,dimensional,critical,2,process_variation,rework,2025-05-28,94.71
NC000006118,NC-2026-0006118,production_order,PRD000088883,P000272,LOT00109964,2026-01-08,dimensional,major,3,operator_error,scrap,2026-01-24,180.11
NC000006119,NC-2026-0006119,production_order,PRD000088909,P000838,LOT00119603,2025-08-26,dimensional,major,6,supplier_material,rework,2025-09-22,508.34
NC000006120,NC-2026-0006120,production_order,PRD000088911,P000406,LOT00028562,2026-01-13,dimensional,major,12,operator_error,rework,2026-01-18,431.77
NC000006121,NC-2026-0006121,production_order,PRD000088919,P000182,LOT00012466,2024-02-29,surface_finish,minor,1,supplier_material,rework,2024-03-02,58.58
NC000006122,NC-2026-0006122,production_order,PRD000088946,P000453,LOT00167557,2024-04-13,functional,minor,6,supplier_material,rework,2024-04-19,924.08
NC000006123,NC-2026-0006123,production_order,PRD000088951,P000247,LOT00193222,2026-09-17,functional,minor,5,supplier_material,use_as_is,2026-09-21,441.42
NC000006124,NC-2026-0006124,production_order,PRD000088952,P000776,LOT00183326,2025-08-26,functional,minor,3,operator_error,rework,2025-09-25,257.95
NC000006125,NC-2026-0006125,production_order,PRD000088954,P000606,LOT00058285,2025-12-10,dimensional,major,13,machine_setting,use_as_is,2025-12-20,708.18
NC000006126,NC-2026-0006126,production_order,PRD000088963,P000176,LOT00107388,2024-07-28,functional,minor,4,machine_setting,return_to_supplier,2024-08-02,545.36
NC000006127,NC-2026-0006127,production_order,PRD000088981,P000899,LOT00059786,2026-03-20,dimensional,minor,12,process_variation,scrap,2026-03-22,3215.01
NC000006128,NC-2026-0006128,production_order,PRD000089009,P000911,LOT00043217,2025-01-05,electrical,minor,4,design_tolerance,rework,2025-02-02,55.25
NC000006129,NC-2026-0006129,production_order,PRD000089024,P000049,LOT00000792,2026-02-15,surface_finish,minor,1,machine_setting,return_to_supplier,2026-03-12,176.04
NC000006130,NC-2026-0006130,production_order,PRD000089052,P000297,LOT00032405,2024-04-04,functional,major,12,design_tolerance,rework,2024-04-19,1024.58
NC000006131,NC-2026-0006131,production_order,PRD000089054,P000796,LOT00197556,2026-01-30,functional,minor,4,machine_setting,return_to_supplier,2026-02-02,269.1
NC000006132,NC-2026-0006132,production_order,PRD000089084,P000116,LOT00036271,2026-03-11,surface_finish,minor,4,design_tolerance,scrap,2026-04-09,139.85
NC000006133,NC-2026-0006133,production_order,PRD000089112,P000826,LOT00174389,2024-08-15,electrical,minor,2,machine_setting,use_as_is,2024-09-13,613.91
NC000006134,NC-2026-0006134,production_order,PRD000089135,P000919,LOT00139687,2024-05-27,packaging,major,2,operator_error,return_to_supplier,2024-06-16,81.81
NC000006135,NC-2026-0006135,production_order,PRD000089148,P000351,LOT00249503,2024-03-07,dimensional,minor,7,process_variation,rework,2024-03-31,2410.13
NC000006136,NC-2026-0006136,production_order,PRD000089149,P000604,LOT00238282,2025-09-06,surface_finish,minor,6,supplier_material,scrap,2025-09-25,362.25
NC000006137,NC-2026-0006137,production_order,PRD000089162,P000677,LOT00197645,2024-10-16,dimensional,minor,2,supplier_material,scrap,2024-10-31,274.66
NC000006138,NC-2026-0006138,production_order,PRD000089164,P000177,LOT00171704,2024-03-13,packaging,critical,9,machine_setting,rework,2024-04-05,208.7
NC000006139,NC-2026-0006139,production_order,PRD000089189,P000810,LOT00078606,2026-02-05,dimensional,major,1,machine_setting,use_as_is,2026-02-21,219.36
NC000006140,NC-2026-0006140,production_order,PRD000089232,P000217,LOT00005528,2025-03-11,functional,minor,2,process_variation,return_to_supplier,2025-04-02,68.79
NC000006141,NC-2026-0006141,production_order,PRD000089252,P000905,LOT00227926,2026-08-10,surface_finish,major,1,operator_error,use_as_is,2026-09-01,67.18
NC000006142,NC-2026-0006142,production_order,PRD000089255,P000318,LOT00194762,2024-06-04,electrical,minor,5,machine_setting,rework,2024-06-18,231.15
NC000006143,NC-2026-0006143,production_order,PRD000089276,P000703,LOT00092946,2024-08-21,packaging,minor,7,supplier_material,rework,2024-08-23,465.25
NC000006144,NC-2026-0006144,production_order,PRD000089332,P000868,LOT00236947,2024-04-11,packaging,major,8,process_variation,scrap,2024-04-18,234.93
NC000006145,NC-2026-0006145,production_order,PRD000089343,P000091,LOT00234151,2025-09-08,surface_finish,critical,13,process_variation,rework,2025-09-24,363.03
NC000006146,NC-2026-0006146,production_order,PRD000089347,P000333,LOT00091338,2024-12-14,functional,minor,6,process_variation,rework,2024-12-20,1255.34
NC000006147,NC-2026-0006147,production_order,PRD000089349,P000005,LOT00091812,2024-06-21,functional,critical,4,process_variation,return_to_supplier,2024-07-13,287.26
NC000006148,NC-2026-0006148,production_order,PRD000089359,P000512,LOT00062471,2024-07-08,surface_finish,major,3,machine_setting,rework,2024-07-17,302.14
NC000006149,NC-2026-0006149,production_order,PRD000089362,P000246,LOT00123622,2025-05-04,electrical,major,3,design_tolerance,rework,2025-05-10,1185.49
NC000006150,NC-2026-0006150,production_order,PRD000089363,P000569,LOT00159406,2025-07-15,dimensional,minor,6,supplier_material,use_as_is,2025-08-14,1102.3
NC000006151,NC-2026-0006151,production_order,PRD000089366,P000450,LOT00114634,2024-08-24,functional,minor,1,supplier_material,use_as_is,2024-09-08,37.65
NC000006152,NC-2026-0006152,production_order,PRD000089375,P000053,LOT00109114,2026-04-17,functional,minor,4,design_tolerance,rework,2026-05-02,222.97
NC000006153,NC-2026-0006153,production_order,PRD000089377,P000224,LOT00084704,2025-03-31,dimensional,major,10,process_variation,rework,2025-04-29,7786.54
NC000006154,NC-2026-0006154,production_order,PRD000089426,P000229,LOT00098037,2025-02-05,surface_finish,critical,5,design_tolerance,use_as_is,2025-02-28,949.6
NC000006155,NC-2026-0006155,production_order,PRD000089447,P000881,LOT00051810,2025-10-08,surface_finish,critical,3,process_variation,rework,2025-10-12,508.53
NC000006156,NC-2026-0006156,production_order,PRD000089451,P000654,LOT00215611,2026-03-07,surface_finish,minor,8,machine_setting,scrap,2026-03-22,1375.5
NC000006157,NC-2026-0006157,production_order,PRD000089458,P000413,LOT00039237,2025-03-24,surface_finish,critical,2,machine_setting,scrap,2025-04-03,117.18
NC000006158,NC-2026-0006158,production_order,PRD000089487,P000773,LOT00143706,2025-03-07,functional,minor,4,machine_setting,return_to_supplier,2025-03-16,337.48
NC000006159,NC-2026-0006159,production_order,PRD000089495,P000702,LOT00094320,2025-07-12,functional,major,2,machine_setting,rework,2025-07-21,67.04
NC000006160,NC-2026-0006160,production_order,PRD000089499,P000458,LOT00047040,2026-05-03,dimensional,major,9,process_variation,scrap,2026-05-05,336.44
NC000006161,NC-2026-0006161,production_order,PRD000089505,P000692,LOT00033851,2025-06-02,electrical,major,5,supplier_material,rework,2025-06-21,270.6
NC000006162,NC-2026-0006162,production_order,PRD000089524,P000616,LOT00222598,2024-11-04,dimensional,major,9,design_tolerance,return_to_supplier,2024-11-28,622.23
NC000006163,NC-2026-0006163,production_order,PRD000089538,P000649,LOT00146668,2024-01-28,dimensional,critical,8,operator_error,use_as_is,2024-02-17,754.08
NC000006164,NC-2026-0006164,production_order,PRD000089604,P000172,LOT00107813,2024-09-02,functional,minor,2,design_tolerance,rework,2024-09-18,97.24
NC000006165,NC-2026-0006165,production_order,PRD000089606,P000076,LOT00240086,2024-08-15,functional,minor,1,process_variation,return_to_supplier,2024-09-07,93.41
NC000006166,NC-2026-0006166,production_order,PRD000089627,P000200,LOT00133716,2026-02-08,packaging,minor,3,operator_error,scrap,2026-02-18,71.5
NC000006167,NC-2026-0006167,production_order,PRD000089630,P000327,LOT00214080,2026-01-14,dimensional,minor,10,operator_error,rework,2026-01-16,1852.11
NC000006168,NC-2026-0006168,production_order,PRD000089631,P000438,LOT00115973,2025-12-13,packaging,minor,5,supplier_material,return_to_supplier,2026-01-01,243.38
NC000006169,NC-2026-0006169,production_order,PRD000089667,P000355,LOT00010845,2026-05-19,packaging,minor,12,machine_setting,scrap,2026-06-11,623.77
NC000006170,NC-2026-0006170,production_order,PRD000089689,P000885,LOT00208232,2025-11-27,surface_finish,minor,2,design_tolerance,scrap,2025-12-12,95.43
NC000006171,NC-2026-0006171,production_order,PRD000089743,P000866,LOT00247688,2025-12-19,packaging,major,5,machine_setting,rework,2025-12-25,1574.81
NC000006172,NC-2026-0006172,production_order,PRD000089746,P000497,LOT00147338,2025-11-17,dimensional,minor,5,machine_setting,rework,2025-11-20,209.84
NC000006173,NC-2026-0006173,production_order,PRD000089755,P000913,LOT00166323,2024-06-27,packaging,major,3,process_variation,scrap,2024-07-02,173.32
NC000006174,NC-2026-0006174,production_order,PRD000089763,P000835,LOT00002843,2024-11-15,dimensional,minor,5,machine_setting,rework,2024-12-10,307.72
NC000006175,NC-2026-0006175,production_order,PRD000089781,P000187,LOT00181480,2026-10-14,electrical,major,4,process_variation,rework,2026-10-27,579.93
NC000006176,NC-2026-0006176,production_order,PRD000089789,P000226,LOT00004864,2024-02-16,packaging,minor,1,machine_setting,rework,2024-02-28,8.83
NC000006177,NC-2026-0006177,production_order,PRD000089796,P000052,LOT00109467,2025-04-17,dimensional,minor,5,supplier_material,rework,2025-04-30,498.51
NC000006178,NC-2026-0006178,production_order,PRD000089805,P000584,LOT00142514,2024-07-23,electrical,minor,4,process_variation,use_as_is,2024-07-26,352.88
NC000006179,NC-2026-0006179,production_order,PRD000089820,P000561,LOT00194755,2025-09-01,dimensional,minor,4,machine_setting,rework,2025-09-19,325.71
NC000006180,NC-2026-0006180,production_order,PRD000089827,P000750,LOT00197742,2025-04-21,dimensional,major,1,supplier_material,rework,2025-05-14,0.0
NC000006181,NC-2026-0006181,production_order,PRD000089834,P000338,LOT00092868,2024-11-04,functional,critical,5,design_tolerance,rework,2024-11-19,164.96
NC000006182,NC-2026-0006182,production_order,PRD000089844,P000703,LOT00025435,2025-08-28,dimensional,minor,8,design_tolerance,use_as_is,2025-09-14,167.73
NC000006183,NC-2026-0006183,production_order,PRD000089883,P000134,LOT00039173,2026-03-04,electrical,major,4,machine_setting,scrap,2026-03-06,198.59
NC000006184,NC-2026-0006184,production_order,PRD000089889,P000884,LOT00237101,2025-09-29,packaging,major,3,operator_error,use_as_is,2025-10-12,60.36
NC000006185,NC-2026-0006185,production_order,PRD000089890,P000199,LOT00230149,2024-12-07,surface_finish,minor,6,machine_setting,rework,2024-12-22,354.09
NC000006186,NC-2026-0006186,production_order,PRD000089904,P000405,LOT00087859,2026-05-02,surface_finish,critical,5,supplier_material,return_to_supplier,2026-05-14,100.6
NC000006187,NC-2026-0006187,production_order,PRD000089914,P000561,LOT00064865,2024-10-06,functional,minor,9,process_variation,rework,2024-11-04,269.61
NC000006188,NC-2026-0006188,production_order,PRD000089916,P000249,LOT00187840,2025-12-23,surface_finish,minor,4,operator_error,rework,2026-01-01,218.82
NC000006189,NC-2026-0006189,production_order,PRD000089958,P000522,LOT00012299,2025-05-02,dimensional,major,2,machine_setting,return_to_supplier,2025-05-14,46.9
NC000006190,NC-2026-0006190,production_order,PRD000089969,P000854,LOT00057180,2024-08-01,packaging,major,5,supplier_material,rework,2024-08-29,507.65
NC000006191,NC-2026-0006191,production_order,PRD000089982,P000675,LOT00003160,2025-04-01,functional,minor,1,design_tolerance,use_as_is,2025-04-07,0.0
NC000006192,NC-2026-0006192,production_order,PRD000089985,P000810,LOT00157042,2025-04-20,electrical,minor,7,design_tolerance,use_as_is,2025-05-02,371.45
NC000006193,NC-2026-0006193,production_order,PRD000089986,P000409,LOT00063624,2026-06-28,functional,minor,2,machine_setting,scrap,2026-07-02,126.68
NC000006194,NC-2026-0006194,production_order,PRD000089988,P000032,LOT00230160,2026-06-23,electrical,major,2,design_tolerance,scrap,2026-07-04,35.93
NC000006195,NC-2026-0006195,production_order,PRD000089995,P000099,LOT00109556,2024-11-06,functional,major,3,supplier_material,use_as_is,2024-11-17,146.34
NC000006196,NC-2026-0006196,production_order,PRD000089998,P000330,LOT00024707,2025-08-08,dimensional,minor,2,machine_setting,scrap,2025-09-01,64.52
NC000006197,NC-2026-0006197,production_order,PRD000089999,P000714,LOT00211192,2024-08-09,functional,minor,1,operator_error,rework,2024-08-16,55.49
NC000006198,NC-2026-0006198,production_order,PRD000090017,P000308,LOT00025908,2025-12-28,electrical,minor,5,machine_setting,scrap,2026-01-06,647.38
NC000006199,NC-2026-0006199,production_order,PRD000090033,P000150,LOT00124661,2025-06-30,dimensional,critical,2,supplier_material,scrap,2025-07-17,70.32
NC000006200,NC-2026-0006200,production_order,PRD000090046,P000349,LOT00186982,2024-06-19,dimensional,major,1,supplier_material,rework,2024-07-17,47.28
NC000006201,NC-2026-0006201,production_order,PRD000090052,P000350,LOT00183232,2024-05-14,functional,major,2,process_variation,scrap,2024-06-04,81.21
NC000006202,NC-2026-0006202,production_order,PRD000090058,P000103,LOT00178818,2025-12-03,dimensional,minor,6,machine_setting,rework,2025-12-30,123.0
NC000006203,NC-2026-0006203,production_order,PRD000090068,P000634,LOT00021427,2026-01-15,packaging,minor,9,supplier_material,rework,2026-02-07,282.0
NC000006204,NC-2026-0006204,production_order,PRD000090073,P000208,LOT00044759,2024-02-15,dimensional,critical,12,process_variation,rework,2024-02-23,338.37
NC000006205,NC-2026-0006205,production_order,PRD000090123,P000614,LOT00068460,2025-01-01,surface_finish,major,1,machine_setting,use_as_is,2025-01-24,194.49
NC000006206,NC-2026-0006206,production_order,PRD000090130,P000392,LOT00051626,2026-08-13,surface_finish,minor,14,supplier_material,scrap,2026-08-28,709.66
NC000006207,NC-2026-0006207,production_order,PRD000090132,P000343,LOT00104798,2025-01-08,dimensional,critical,3,machine_setting,use_as_is,2025-01-22,163.79
NC000006208,NC-2026-0006208,production_order,PRD000090149,P000840,LOT00183514,2024-05-21,surface_finish,critical,3,machine_setting,return_to_supplier,2024-06-18,48.75
NC000006209,NC-2026-0006209,production_order,PRD000090160,P000559,LOT00023820,2025-06-19,surface_finish,major,7,machine_setting,scrap,2025-06-29,1141.25
NC000006210,NC-2026-0006210,production_order,PRD000090169,P000605,LOT00158150,2024-05-30,electrical,minor,14,design_tolerance,scrap,2024-06-10,1085.37
NC000006211,NC-2026-0006211,production_order,PRD000090174,P000052,LOT00022462,2025-08-14,surface_finish,minor,6,supplier_material,scrap,2025-09-02,611.83
NC000006212,NC-2026-0006212,production_order,PRD000090188,P000129,LOT00084864,2026-05-31,dimensional,minor,1,operator_error,scrap,2026-06-09,32.57
NC000006213,NC-2026-0006213,production_order,PRD000090191,P000512,LOT00079381,2024-09-17,functional,minor,3,process_variation,scrap,2024-10-13,147.5
NC000006214,NC-2026-0006214,production_order,PRD000090194,P000833,LOT00175935,2026-04-22,electrical,major,8,design_tolerance,use_as_is,2026-05-20,324.67
NC000006215,NC-2026-0006215,production_order,PRD000090208,P000922,LOT00246772,2026-05-02,surface_finish,minor,1,machine_setting,rework,2026-05-09,45.12
NC000006216,NC-2026-0006216,production_order,PRD000090213,P000054,LOT00219070,2024-12-03,surface_finish,major,11,process_variation,return_to_supplier,2024-12-11,719.01
NC000006217,NC-2026-0006217,production_order,PRD000090215,P000118,LOT00039613,2026-03-15,dimensional,minor,2,process_variation,use_as_is,2026-03-21,87.73
NC000006218,NC-2026-0006218,production_order,PRD000090221,P000830,LOT00066117,2026-04-22,dimensional,major,1,supplier_material,rework,2026-05-01,29.73
NC000006219,NC-2026-0006219,production_order,PRD000090236,P000927,LOT00077592,2025-12-20,electrical,minor,9,process_variation,return_to_supplier,2026-01-16,213.29
NC000006220,NC-2026-0006220,production_order,PRD000090339,P000830,LOT00246321,2025-10-10,packaging,minor,3,design_tolerance,scrap,2025-10-29,75.68
NC000006221,NC-2026-0006221,production_order,PRD000090345,P000933,LOT00223072,2025-10-16,functional,major,7,supplier_material,rework,2025-11-02,686.43
NC000006222,NC-2026-0006222,production_order,PRD000090392,P000782,LOT00047059,2024-12-13,functional,major,11,machine_setting,rework,2024-12-20,280.88
NC000006223,NC-2026-0006223,production_order,PRD000090395,P000345,LOT00032990,2026-08-13,packaging,major,8,design_tolerance,use_as_is,2026-09-04,537.12
NC000006224,NC-2026-0006224,production_order,PRD000090404,P000702,LOT00015235,2025-10-29,electrical,major,1,machine_setting,rework,2025-11-22,17.7
NC000006225,NC-2026-0006225,production_order,PRD000090417,P000653,LOT00222240,2024-07-19,electrical,minor,12,process_variation,use_as_is,2024-07-28,90.39
NC000006226,NC-2026-0006226,production_order,PRD000090422,P000262,LOT00088777,2026-04-04,dimensional,critical,13,supplier_material,scrap,2026-04-06,637.17
NC000006227,NC-2026-0006227,production_order,PRD000090450,P000343,LOT00116770,2024-07-19,electrical,major,1,design_tolerance,rework,2024-07-26,44.98
NC000006228,NC-2026-0006228,production_order,PRD000090458,P000356,LOT00201461,2025-05-20,dimensional,major,3,design_tolerance,rework,2025-05-28,246.44
NC000006229,NC-2026-0006229,production_order,PRD000090483,P000750,LOT00068234,2024-10-04,functional,minor,1,operator_error,rework,2024-10-13,109.83
NC000006230,NC-2026-0006230,production_order,PRD000090496,P000684,LOT00152236,2026-05-07,dimensional,major,12,process_variation,rework,2026-06-04,3819.41
NC000006231,NC-2026-0006231,production_order,PRD000090507,P000275,LOT00239443,2026-06-12,dimensional,critical,8,machine_setting,rework,2026-07-09,629.39
NC000006232,NC-2026-0006232,production_order,PRD000090515,P000741,LOT00241869,2026-01-04,packaging,minor,6,operator_error,scrap,2026-01-07,410.06
NC000006233,NC-2026-0006233,production_order,PRD000090524,P000906,LOT00095607,2026-03-05,dimensional,minor,2,process_variation,scrap,2026-03-26,111.99
NC000006234,NC-2026-0006234,production_order,PRD000090534,P000008,LOT00006586,2026-02-08,surface_finish,minor,2,supplier_material,use_as_is,2026-02-13,36.24
NC000006235,NC-2026-0006235,production_order,PRD000090544,P000619,LOT00078610,2025-05-15,functional,minor,6,machine_setting,return_to_supplier,2025-05-25,201.48
NC000006236,NC-2026-0006236,production_order,PRD000090558,P000872,LOT00103636,2024-08-03,packaging,major,3,operator_error,scrap,2024-08-07,658.9
NC000006237,NC-2026-0006237,production_order,PRD000090559,P000827,LOT00118120,2024-02-23,packaging,major,7,process_variation,return_to_supplier,2024-03-20,96.71
NC000006238,NC-2026-0006238,production_order,PRD000090562,P000179,LOT00071717,2024-06-04,packaging,critical,7,process_variation,scrap,2024-07-01,2308.59
NC000006239,NC-2026-0006239,production_order,PRD000090563,P000749,LOT00124451,2026-08-02,functional,minor,5,machine_setting,rework,2026-08-24,1201.02
NC000006240,NC-2026-0006240,production_order,PRD000090572,P000189,LOT00037168,2025-05-23,functional,minor,3,process_variation,use_as_is,2025-06-15,213.05
NC000006241,NC-2026-0006241,production_order,PRD000090581,P000460,LOT00192333,2024-03-14,functional,minor,10,operator_error,scrap,2024-03-20,1286.84
NC000006242,NC-2026-0006242,production_order,PRD000090588,P000491,LOT00148885,2026-04-30,dimensional,minor,1,operator_error,use_as_is,2026-05-12,84.1
NC000006243,NC-2026-0006243,production_order,PRD000090589,P000713,LOT00126672,2026-08-18,electrical,major,1,machine_setting,rework,2026-09-12,138.91
NC000006244,NC-2026-0006244,production_order,PRD000090598,P000422,LOT00145201,2025-05-03,surface_finish,major,2,supplier_material,return_to_supplier,2025-05-14,80.75
NC000006245,NC-2026-0006245,production_order,PRD000090613,P000503,LOT00108146,2025-05-07,functional,major,4,process_variation,rework,2025-05-29,659.66
NC000006246,NC-2026-0006246,production_order,PRD000090615,P000812,LOT00007415,2026-03-17,surface_finish,minor,12,process_variation,return_to_supplier,2026-04-04,2777.51
NC000006247,NC-2026-0006247,production_order,PRD000090621,P000890,LOT00084981,2024-11-22,packaging,critical,4,process_variation,rework,2024-12-22,121.56
NC000006248,NC-2026-0006248,production_order,PRD000090624,P000898,LOT00232341,2025-09-12,surface_finish,critical,3,process_variation,rework,2025-09-26,92.8
NC000006249,NC-2026-0006249,production_order,PRD000090628,P000426,LOT00115594,2024-05-06,surface_finish,major,1,process_variation,scrap,2024-05-13,0.0
NC000006250,NC-2026-0006250,production_order,PRD000090638,P000912,LOT00164929,2024-06-12,surface_finish,minor,9,operator_error,scrap,2024-07-05,173.55
NC000006251,NC-2026-0006251,production_order,PRD000090647,P000776,LOT00237421,2024-05-19,dimensional,minor,13,operator_error,scrap,2024-06-17,487.92
NC000006252,NC-2026-0006252,production_order,PRD000090668,P000722,LOT00115226,2024-02-27,packaging,minor,8,supplier_material,return_to_supplier,2024-03-23,263.33
NC000006253,NC-2026-0006253,production_order,PRD000090683,P000613,LOT00036770,2025-02-10,functional,major,14,operator_error,scrap,2025-03-10,520.75
NC000006254,NC-2026-0006254,production_order,PRD000090694,P000318,LOT00014494,2026-02-15,packaging,minor,3,machine_setting,return_to_supplier,2026-02-17,216.75
NC000006255,NC-2026-0006255,production_order,PRD000090700,P000077,LOT00064016,2026-03-02,packaging,major,9,operator_error,scrap,2026-03-12,818.11
NC000006256,NC-2026-0006256,production_order,PRD000090704,P000041,LOT00179872,2024-11-25,electrical,major,7,machine_setting,rework,2024-12-23,241.8
NC000006257,NC-2026-0006257,production_order,PRD000090736,P000920,LOT00231329,2025-06-19,functional,major,4,design_tolerance,rework,2025-07-10,265.72
NC000006258,NC-2026-0006258,production_order,PRD000090766,P000234,LOT00044726,2024-05-27,functional,major,1,supplier_material,rework,2024-06-06,90.21
NC000006259,NC-2026-0006259,production_order,PRD000090784,P000645,LOT00237663,2025-01-09,surface_finish,major,12,design_tolerance,rework,2025-01-25,686.01
NC000006260,NC-2026-0006260,production_order,PRD000090785,P000538,LOT00118894,2025-12-15,surface_finish,minor,2,machine_setting,rework,2025-12-19,406.62
NC000006261,NC-2026-0006261,production_order,PRD000090800,P000390,LOT00165786,2026-09-17,surface_finish,minor,4,machine_setting,scrap,2026-09-25,52.09
NC000006262,NC-2026-0006262,production_order,PRD000090820,P000243,LOT00186737,2025-12-21,functional,minor,8,operator_error,scrap,2026-01-06,663.65
NC000006263,NC-2026-0006263,production_order,PRD000090837,P000879,LOT00080740,2024-02-07,electrical,minor,6,process_variation,scrap,2024-02-11,619.64
NC000006264,NC-2026-0006264,production_order,PRD000090841,P000135,LOT00072532,2026-10-17,surface_finish,major,2,machine_setting,rework,2026-10-27,67.25
NC000006265,NC-2026-0006265,production_order,PRD000090860,P000595,LOT00028851,2024-07-29,functional,critical,3,machine_setting,rework,2024-08-11,139.27
NC000006266,NC-2026-0006266,production_order,PRD000090861,P000744,LOT00113389,2024-12-21,functional,minor,1,supplier_material,rework,2025-01-04,43.88
NC000006267,NC-2026-0006267,production_order,PRD000090866,P000457,LOT00137532,2024-11-23,functional,major,8,process_variation,rework,2024-12-14,1802.49
NC000006268,NC-2026-0006268,production_order,PRD000090879,P000406,LOT00026870,2025-09-06,surface_finish,minor,3,machine_setting,use_as_is,2025-09-08,102.24
NC000006269,NC-2026-0006269,production_order,PRD000090886,P000102,LOT00234415,2026-03-03,dimensional,major,13,process_variation,scrap,2026-03-13,2026.75
NC000006270,NC-2026-0006270,production_order,PRD000090897,P000896,LOT00157030,2024-11-28,functional,minor,1,operator_error,scrap,2024-12-10,33.5
NC000006271,NC-2026-0006271,production_order,PRD000090927,P000626,LOT00105747,2024-07-20,functional,major,8,process_variation,scrap,2024-08-14,780.85
NC000006272,NC-2026-0006272,production_order,PRD000090931,P000095,LOT00066440,2025-06-06,dimensional,major,1,supplier_material,rework,2025-06-26,109.86
NC000006273,NC-2026-0006273,production_order,PRD000090939,P000566,LOT00154447,2024-03-24,functional,minor,3,process_variation,scrap,2024-03-26,324.37
NC000006274,NC-2026-0006274,production_order,PRD000090947,P000265,LOT00222329,2025-08-03,functional,minor,14,process_variation,rework,2025-08-07,2787.09
NC000006275,NC-2026-0006275,production_order,PRD000090958,P000014,LOT00147281,2025-07-21,dimensional,major,14,process_variation,scrap,2025-08-07,784.2
NC000006276,NC-2026-0006276,production_order,PRD000090963,P000901,LOT00101188,2025-09-01,electrical,major,8,supplier_material,rework,2025-09-25,616.2
NC000006277,NC-2026-0006277,production_order,PRD000090993,P000151,LOT00077183,2024-05-24,surface_finish,minor,2,design_tolerance,rework,2024-05-26,135.62
NC000006278,NC-2026-0006278,production_order,PRD000090997,P000275,LOT00016541,2024-02-25,surface_finish,minor,3,process_variation,scrap,2024-03-05,260.66
NC000006279,NC-2026-0006279,production_order,PRD000091051,P000623,LOT00155049,2024-09-18,electrical,major,3,process_variation,return_to_supplier,2024-10-01,203.04
NC000006280,NC-2026-0006280,production_order,PRD000091075,P000252,LOT00120741,2024-11-06,surface_finish,minor,4,process_variation,scrap,2024-12-02,237.24
NC000006281,NC-2026-0006281,production_order,PRD000091076,P000896,LOT00229192,2026-08-04,packaging,minor,4,machine_setting,use_as_is,2026-08-27,59.79
NC000006282,NC-2026-0006282,production_order,PRD000091119,P000547,LOT00032131,2024-03-31,surface_finish,major,13,design_tolerance,return_to_supplier,2024-04-07,3684.52
NC000006283,NC-2026-0006283,production_order,PRD000091122,P000821,LOT00161693,2024-12-18,surface_finish,minor,3,operator_error,return_to_supplier,2025-01-07,559.09
NC000006284,NC-2026-0006284,production_order,PRD000091131,P000228,LOT00113029,2025-02-14,surface_finish,critical,9,operator_error,rework,2025-03-14,2077.03
NC000006285,NC-2026-0006285,production_order,PRD000091156,P000450,LOT00065667,2024-05-08,dimensional,major,10,design_tolerance,rework,2024-05-24,190.51
NC000006286,NC-2026-0006286,production_order,PRD000091234,P000791,LOT00033685,2026-09-05,dimensional,major,3,machine_setting,scrap,2026-09-30,238.47
NC000006287,NC-2026-0006287,production_order,PRD000091242,P000388,LOT00090337,2024-12-30,surface_finish,minor,2,machine_setting,scrap,2025-01-05,121.83
NC000006288,NC-2026-0006288,production_order,PRD000091245,P000012,LOT00033965,2025-06-04,surface_finish,minor,7,process_variation,return_to_supplier,2025-06-07,1421.11
NC000006289,NC-2026-0006289,production_order,PRD000091297,P000212,LOT00172294,2025-09-07,electrical,minor,3,machine_setting,use_as_is,2025-09-18,372.71
NC000006290,NC-2026-0006290,production_order,PRD000091300,P000664,LOT00010196,2025-01-29,packaging,major,6,process_variation,use_as_is,2025-02-13,387.28
NC000006291,NC-2026-0006291,production_order,PRD000091305,P000012,LOT00166387,2025-10-10,functional,major,1,process_variation,use_as_is,2025-10-18,0.0
NC000006292,NC-2026-0006292,production_order,PRD000091311,P000886,LOT00225377,2026-01-09,dimensional,minor,3,process_variation,use_as_is,2026-01-26,50.18
NC000006293,NC-2026-0006293,production_order,PRD000091314,P000061,LOT00027231,2026-02-09,surface_finish,major,1,process_variation,use_as_is,2026-02-18,0.0
NC000006294,NC-2026-0006294,production_order,PRD000091390,P000517,LOT00135978,2024-08-06,dimensional,minor,7,design_tolerance,return_to_supplier,2024-08-29,594.37
NC000006295,NC-2026-0006295,production_order,PRD000091397,P000296,LOT00061838,2026-07-16,dimensional,minor,4,machine_setting,scrap,2026-07-18,425.3
NC000006296,NC-2026-0006296,production_order,PRD000091404,P000146,LOT00104183,2024-12-20,dimensional,major,3,machine_setting,use_as_is,2025-01-01,117.35
NC000006297,NC-2026-0006297,production_order,PRD000091418,P000249,LOT00012421,2026-05-06,functional,minor,14,supplier_material,rework,2026-05-28,1184.28
NC000006298,NC-2026-0006298,production_order,PRD000091441,P000370,LOT00166940,2026-08-01,functional,major,5,machine_setting,return_to_supplier,2026-08-31,340.03
NC000006299,NC-2026-0006299,production_order,PRD000091450,P000229,LOT00001731,2024-10-18,dimensional,major,2,supplier_material,rework,2024-11-14,186.68
NC000006300,NC-2026-0006300,production_order,PRD000091456,P000897,LOT00041219,2025-10-01,dimensional,minor,4,machine_setting,scrap,2025-10-10,222.85
NC000006301,NC-2026-0006301,production_order,PRD000091459,P000304,LOT00062723,2024-10-02,electrical,major,1,process_variation,scrap,2024-10-31,58.11
NC000006302,NC-2026-0006302,production_order,PRD000091474,P000146,LOT00013458,2025-12-10,dimensional,major,5,design_tolerance,rework,2025-12-26,410.52
NC000006303,NC-2026-0006303,production_order,PRD000091497,P000602,LOT00159798,2025-04-07,packaging,major,3,process_variation,rework,2025-04-13,469.19
NC000006304,NC-2026-0006304,production_order,PRD000091502,P000560,LOT00186635,2024-07-07,functional,major,10,design_tolerance,scrap,2024-08-02,440.37
NC000006305,NC-2026-0006305,production_order,PRD000091506,P000082,LOT00080958,2025-01-11,functional,critical,2,process_variation,use_as_is,2025-01-14,152.25
NC000006306,NC-2026-0006306,production_order,PRD000091520,P000792,LOT00117563,2026-01-10,packaging,major,3,machine_setting,rework,2026-01-12,584.48
NC000006307,NC-2026-0006307,production_order,PRD000091541,P000171,LOT00195285,2026-02-20,surface_finish,major,1,machine_setting,return_to_supplier,2026-02-25,185.09
NC000006308,NC-2026-0006308,production_order,PRD000091546,P000602,LOT00188660,2024-05-26,packaging,minor,2,operator_error,scrap,2024-05-29,72.89
NC000006309,NC-2026-0006309,production_order,PRD000091577,P000445,LOT00155952,2024-12-12,dimensional,major,3,machine_setting,rework,2025-01-03,160.43
NC000006310,NC-2026-0006310,production_order,PRD000091645,P000403,LOT00142257,2025-11-25,dimensional,major,1,process_variation,rework,2025-12-13,26.32
NC000006311,NC-2026-0006311,production_order,PRD000091681,P000489,LOT00074380,2026-03-05,functional,major,1,machine_setting,rework,2026-03-18,134.84
NC000006312,NC-2026-0006312,production_order,PRD000091685,P000431,LOT00091408,2026-07-12,surface_finish,minor,3,operator_error,rework,2026-07-14,34.55
NC000006313,NC-2026-0006313,production_order,PRD000091694,P000575,LOT00004870,2025-01-27,surface_finish,minor,1,design_tolerance,return_to_supplier,2025-02-17,93.75
NC000006314,NC-2026-0006314,production_order,PRD000091731,P000411,LOT00062791,2024-08-31,dimensional,major,5,machine_setting,use_as_is,2024-09-10,147.76
NC000006315,NC-2026-0006315,production_order,PRD000091741,P000906,LOT00054972,2024-07-10,dimensional,minor,1,design_tolerance,rework,2024-08-02,112.95
NC000006316,NC-2026-0006316,production_order,PRD000091759,P000315,LOT00129510,2026-01-28,dimensional,minor,6,supplier_material,rework,2026-02-21,674.37
NC000006317,NC-2026-0006317,production_order,PRD000091764,P000067,LOT00019948,2025-04-28,functional,major,3,machine_setting,rework,2025-05-20,192.02
NC000006318,NC-2026-0006318,production_order,PRD000091767,P000449,LOT00067868,2025-11-04,functional,minor,1,design_tolerance,scrap,2025-11-16,130.49
NC000006319,NC-2026-0006319,production_order,PRD000091792,P000705,LOT00209763,2024-12-30,electrical,minor,1,process_variation,rework,2025-01-03,45.42
NC000006320,NC-2026-0006320,production_order,PRD000091797,P000095,LOT00190445,2024-01-21,surface_finish,major,2,process_variation,return_to_supplier,2024-01-28,102.32
NC000006321,NC-2026-0006321,production_order,PRD000091803,P000250,LOT00125329,2025-10-11,electrical,minor,11,process_variation,rework,2025-11-06,948.78
NC000006322,NC-2026-0006322,production_order,PRD000091839,P000410,LOT00015115,2024-03-11,functional,minor,2,design_tolerance,use_as_is,2024-03-15,124.62
NC000006323,NC-2026-0006323,production_order,PRD000091869,P000182,LOT00167437,2026-03-05,surface_finish,critical,1,supplier_material,rework,2026-03-12,24.22
NC000006324,NC-2026-0006324,production_order,PRD000091920,P000507,LOT00205013,2025-08-20,dimensional,major,5,process_variation,return_to_supplier,2025-08-30,281.61
NC000006325,NC-2026-0006325,production_order,PRD000091928,P000090,LOT00185832,2024-09-02,packaging,minor,1,process_variation,scrap,2024-09-08,87.33
NC000006326,NC-2026-0006326,production_order,PRD000091944,P000210,LOT00227794,2025-10-05,surface_finish,major,3,machine_setting,return_to_supplier,2025-11-01,172.61
NC000006327,NC-2026-0006327,production_order,PRD000091947,P000018,LOT00241588,2025-11-06,packaging,major,12,operator_error,return_to_supplier,2025-11-28,2565.67
NC000006328,NC-2026-0006328,production_order,PRD000091967,P000631,LOT00217842,2025-06-21,functional,minor,1,process_variation,rework,2025-06-30,56.2
NC000006329,NC-2026-0006329,production_order,PRD000091968,P000760,LOT00158051,2025-07-09,dimensional,minor,4,supplier_material,rework,2025-07-26,105.56
NC000006330,NC-2026-0006330,production_order,PRD000091977,P000715,LOT00136402,2024-08-28,functional,critical,2,supplier_material,rework,2024-09-17,59.64
NC000006331,NC-2026-0006331,production_order,PRD000092019,P000403,LOT00205587,2026-06-04,electrical,minor,4,supplier_material,rework,2026-07-01,64.36
NC000006332,NC-2026-0006332,production_order,PRD000092020,P000849,LOT00102916,2025-08-14,electrical,minor,4,supplier_material,rework,2025-08-19,274.66
NC000006333,NC-2026-0006333,production_order,PRD000092025,P000161,LOT00102830,2026-07-13,electrical,critical,7,process_variation,rework,2026-07-23,478.46
NC000006334,NC-2026-0006334,production_order,PRD000092032,P000249,LOT00058652,2025-12-07,functional,major,10,process_variation,rework,2026-01-04,937.97
NC000006335,NC-2026-0006335,production_order,PRD000092053,P000299,LOT00230871,2025-05-08,functional,minor,8,supplier_material,rework,2025-06-01,1644.03
NC000006336,NC-2026-0006336,production_order,PRD000092065,P000289,LOT00096575,2025-08-30,packaging,minor,2,machine_setting,return_to_supplier,2025-09-28,75.35
NC000006337,NC-2026-0006337,production_order,PRD000092074,P000130,LOT00207274,2026-04-12,surface_finish,minor,5,supplier_material,return_to_supplier,2026-05-01,295.04
NC000006338,NC-2026-0006338,production_order,PRD000092096,P000440,LOT00185601,2024-06-04,functional,minor,3,operator_error,scrap,2024-06-08,169.31
NC000006339,NC-2026-0006339,production_order,PRD000092117,P000821,LOT00117697,2026-02-27,packaging,minor,14,process_variation,rework,2026-03-08,2385.34
NC000006340,NC-2026-0006340,production_order,PRD000092122,P000769,LOT00111243,2025-09-25,packaging,minor,8,machine_setting,rework,2025-10-22,890.39
NC000006341,NC-2026-0006341,production_order,PRD000092160,P000169,LOT00084976,2024-06-24,electrical,minor,7,machine_setting,return_to_supplier,2024-07-08,1182.96
NC000006342,NC-2026-0006342,production_order,PRD000092164,P000875,LOT00095389,2025-05-28,surface_finish,critical,13,design_tolerance,use_as_is,2025-06-20,895.15
NC000006343,NC-2026-0006343,production_order,PRD000092188,P000731,LOT00160670,2024-05-21,dimensional,major,5,process_variation,scrap,2024-05-25,403.13
NC000006344,NC-2026-0006344,production_order,PRD000092200,P000723,LOT00168558,2024-08-14,dimensional,major,12,machine_setting,use_as_is,2024-08-18,359.01
NC000006345,NC-2026-0006345,production_order,PRD000092211,P000011,LOT00000516,2024-02-18,functional,minor,2,operator_error,use_as_is,2024-03-03,68.47
NC000006346,NC-2026-0006346,production_order,PRD000092265,P000695,LOT00189281,2025-07-14,electrical,minor,2,design_tolerance,rework,2025-08-04,107.57
NC000006347,NC-2026-0006347,production_order,PRD000092267,P000438,LOT00096422,2026-07-10,electrical,major,7,process_variation,scrap,2026-07-31,325.0
NC000006348,NC-2026-0006348,production_order,PRD000092269,P000537,LOT00145086,2026-06-25,functional,minor,9,machine_setting,return_to_supplier,2026-07-17,510.49
NC000006349,NC-2026-0006349,production_order,PRD000092286,P000601,LOT00019148,2025-12-14,functional,major,3,machine_setting,rework,2025-12-30,1000.01
NC000006350,NC-2026-0006350,production_order,PRD000092306,P000467,LOT00050879,2026-06-04,packaging,minor,5,operator_error,rework,2026-06-21,183.17
NC000006351,NC-2026-0006351,production_order,PRD000092312,P000787,LOT00046499,2026-01-14,functional,minor,7,supplier_material,rework,2026-01-29,118.41
NC000006352,NC-2026-0006352,production_order,PRD000092318,P000500,LOT00223316,2025-03-21,dimensional,minor,2,machine_setting,rework,2025-04-17,12.14
NC000006353,NC-2026-0006353,production_order,PRD000092324,P000107,LOT00167015,2024-04-05,packaging,minor,2,supplier_material,rework,2024-05-01,122.83
NC000006354,NC-2026-0006354,production_order,PRD000092333,P000097,LOT00015630,2024-03-01,functional,major,3,machine_setting,rework,2024-03-28,170.13
NC000006355,NC-2026-0006355,production_order,PRD000092335,P000418,LOT00092451,2025-11-08,surface_finish,critical,10,supplier_material,scrap,2025-11-30,733.24
NC000006356,NC-2026-0006356,production_order,PRD000092373,P000108,LOT00009477,2025-06-10,functional,major,10,process_variation,rework,2025-06-17,579.28
NC000006357,NC-2026-0006357,production_order,PRD000092402,P000525,LOT00210361,2026-04-08,dimensional,major,1,process_variation,scrap,2026-04-11,40.35
NC000006358,NC-2026-0006358,production_order,PRD000092442,P000209,LOT00201746,2024-12-21,surface_finish,major,4,process_variation,use_as_is,2024-12-25,760.26
NC000006359,NC-2026-0006359,production_order,PRD000092448,P000337,LOT00013870,2024-05-10,electrical,major,1,machine_setting,rework,2024-05-24,38.64
NC000006360,NC-2026-0006360,production_order,PRD000092511,P000039,LOT00085707,2024-07-05,dimensional,major,3,operator_error,use_as_is,2024-07-21,1683.36
NC000006361,NC-2026-0006361,production_order,PRD000092519,P000923,LOT00229569,2026-06-10,surface_finish,major,1,process_variation,scrap,2026-07-07,34.08
NC000006362,NC-2026-0006362,production_order,PRD000092532,P000133,LOT00069894,2024-05-18,dimensional,minor,1,operator_error,scrap,2024-05-26,0.0
NC000006363,NC-2026-0006363,production_order,PRD000092554,P000027,LOT00180274,2025-07-01,functional,minor,1,design_tolerance,rework,2025-07-31,75.85
NC000006364,NC-2026-0006364,production_order,PRD000092560,P000144,LOT00005582,2024-06-27,functional,minor,1,machine_setting,rework,2024-07-06,41.95
NC000006365,NC-2026-0006365,production_order,PRD000092569,P000004,LOT00198376,2024-06-17,surface_finish,minor,5,machine_setting,return_to_supplier,2024-06-19,276.43
NC000006366,NC-2026-0006366,production_order,PRD000092581,P000641,LOT00233895,2025-12-21,functional,major,3,machine_setting,use_as_is,2026-01-04,254.39
NC000006367,NC-2026-0006367,production_order,PRD000092586,P000446,LOT00018936,2026-01-08,dimensional,minor,6,operator_error,use_as_is,2026-01-11,419.21
NC000006368,NC-2026-0006368,production_order,PRD000092624,P000245,LOT00113466,2026-03-26,dimensional,major,10,process_variation,rework,2026-04-18,721.79
NC000006369,NC-2026-0006369,production_order,PRD000092626,P000165,LOT00100059,2026-09-09,surface_finish,minor,13,supplier_material,return_to_supplier,2026-09-17,782.04
NC000006370,NC-2026-0006370,production_order,PRD000092638,P000145,LOT00090333,2024-11-27,packaging,major,1,supplier_material,rework,2024-12-21,117.54
NC000006371,NC-2026-0006371,production_order,PRD000092687,P000499,LOT00247610,2025-08-01,electrical,major,10,machine_setting,scrap,2025-08-05,1427.64
NC000006372,NC-2026-0006372,production_order,PRD000092699,P000504,LOT00166764,2026-02-22,functional,minor,1,process_variation,rework,2026-03-23,193.22
NC000006373,NC-2026-0006373,production_order,PRD000092715,P000165,LOT00158046,2026-04-29,surface_finish,critical,2,process_variation,use_as_is,2026-05-26,32.83
NC000006374,NC-2026-0006374,production_order,PRD000092732,P000552,LOT00209730,2024-02-22,packaging,major,2,machine_setting,use_as_is,2024-03-09,638.68
NC000006375,NC-2026-0006375,production_order,PRD000092740,P000151,LOT00056410,2025-03-24,electrical,critical,4,supplier_material,return_to_supplier,2025-03-28,127.7
NC000006376,NC-2026-0006376,production_order,PRD000092789,P000903,LOT00233872,2024-04-03,electrical,minor,1,supplier_material,use_as_is,2024-04-30,77.12
NC000006377,NC-2026-0006377,production_order,PRD000092793,P000820,LOT00053002,2026-04-28,electrical,minor,12,machine_setting,rework,2026-05-18,618.56
NC000006378,NC-2026-0006378,production_order,PRD000092827,P000381,LOT00014757,2026-06-23,dimensional,minor,6,operator_error,scrap,2026-07-10,546.24
NC000006379,NC-2026-0006379,production_order,PRD000092843,P000601,LOT00161882,2025-08-03,surface_finish,major,6,design_tolerance,scrap,2025-08-11,1542.88
NC000006380,NC-2026-0006380,production_order,PRD000092893,P000858,LOT00233343,2026-07-01,surface_finish,major,2,machine_setting,use_as_is,2026-07-21,209.68
NC000006381,NC-2026-0006381,production_order,PRD000092920,P000687,LOT00173255,2026-03-31,electrical,minor,13,supplier_material,rework,2026-04-04,1563.11
NC000006382,NC-2026-0006382,production_order,PRD000092926,P000773,LOT00054104,2025-01-28,dimensional,major,1,operator_error,scrap,2025-02-26,0.0
NC000006383,NC-2026-0006383,production_order,PRD000092940,P000442,LOT00232667,2026-04-05,functional,minor,8,process_variation,rework,2026-04-10,1706.66
NC000006384,NC-2026-0006384,production_order,PRD000092948,P000062,LOT00095647,2025-08-26,functional,minor,6,process_variation,rework,2025-09-17,244.51
NC000006385,NC-2026-0006385,production_order,PRD000092955,P000211,LOT00175904,2024-06-05,dimensional,major,5,machine_setting,use_as_is,2024-06-07,385.64
NC000006386,NC-2026-0006386,production_order,PRD000092968,P000253,LOT00007119,2026-04-09,packaging,critical,2,process_variation,use_as_is,2026-04-24,169.07
NC000006387,NC-2026-0006387,production_order,PRD000092982,P000578,LOT00243023,2025-05-14,dimensional,minor,5,machine_setting,rework,2025-05-16,520.25
NC000006388,NC-2026-0006388,production_order,PRD000092996,P000149,LOT00009487,2025-01-22,surface_finish,major,2,machine_setting,rework,2025-02-19,205.67
NC000006389,NC-2026-0006389,production_order,PRD000092999,P000677,LOT00128897,2025-08-30,functional,critical,2,operator_error,scrap,2025-09-12,261.9
NC000006390,NC-2026-0006390,production_order,PRD000093002,P000328,LOT00016611,2026-01-14,surface_finish,major,11,supplier_material,rework,2026-02-02,329.4
NC000006391,NC-2026-0006391,production_order,PRD000093018,P000519,LOT00061904,2025-03-15,dimensional,minor,2,machine_setting,scrap,2025-04-05,278.15
NC000006392,NC-2026-0006392,production_order,PRD000093036,P000348,LOT00146975,2026-08-27,surface_finish,critical,3,supplier_material,rework,2026-09-15,126.06
NC000006393,NC-2026-0006393,production_order,PRD000093055,P000042,LOT00009860,2024-08-12,dimensional,minor,1,process_variation,return_to_supplier,2024-08-27,43.67
NC000006394,NC-2026-0006394,production_order,PRD000093057,P000360,LOT00185752,2024-08-11,functional,major,4,process_variation,use_as_is,2024-08-23,717.57
NC000006395,NC-2026-0006395,production_order,PRD000093072,P000378,LOT00024939,2025-09-17,electrical,minor,9,design_tolerance,rework,2025-09-22,91.6
NC000006396,NC-2026-0006396,production_order,PRD000093076,P000784,LOT00227173,2026-04-05,surface_finish,minor,1,machine_setting,return_to_supplier,2026-04-11,24.17
NC000006397,NC-2026-0006397,production_order,PRD000093080,P000735,LOT00083298,2025-04-15,electrical,major,3,machine_setting,scrap,2025-04-17,69.6
NC000006398,NC-2026-0006398,production_order,PRD000093107,P000563,LOT00035283,2024-11-07,surface_finish,minor,12,process_variation,rework,2024-12-04,2011.73
NC000006399,NC-2026-0006399,production_order,PRD000093151,P000664,LOT00137013,2026-01-29,surface_finish,major,1,machine_setting,rework,2026-02-24,52.35
NC000006400,NC-2026-0006400,production_order,PRD000093163,P000124,LOT00107715,2025-04-01,dimensional,critical,3,design_tolerance,use_as_is,2025-04-15,309.71
NC000006401,NC-2026-0006401,production_order,PRD000093207,P000352,LOT00159609,2024-09-21,electrical,minor,11,machine_setting,rework,2024-10-15,951.75
NC000006402,NC-2026-0006402,production_order,PRD000093232,P000732,LOT00044565,2024-04-28,packaging,major,10,machine_setting,return_to_supplier,2024-05-22,1215.68
NC000006403,NC-2026-0006403,production_order,PRD000093261,P000279,LOT00234430,2025-03-10,functional,minor,5,machine_setting,scrap,2025-03-17,55.06
NC000006404,NC-2026-0006404,production_order,PRD000093265,P000378,LOT00021800,2026-01-18,dimensional,minor,8,supplier_material,return_to_supplier,2026-01-29,160.15
NC000006405,NC-2026-0006405,production_order,PRD000093271,P000058,LOT00145791,2025-06-18,functional,major,2,operator_error,scrap,2025-07-18,551.37
NC000006406,NC-2026-0006406,production_order,PRD000093282,P000403,LOT00192166,2026-04-17,dimensional,major,2,operator_error,scrap,2026-05-13,67.23
NC000006407,NC-2026-0006407,production_order,PRD000093298,P000236,LOT00126628,2025-07-22,dimensional,major,6,operator_error,rework,2025-08-05,252.17
NC000006408,NC-2026-0006408,production_order,PRD000093302,P000206,LOT00171073,2026-04-22,functional,major,8,machine_setting,rework,2026-05-01,391.86
NC000006409,NC-2026-0006409,production_order,PRD000093307,P000669,LOT00193131,2024-01-12,packaging,major,7,process_variation,use_as_is,2024-01-30,577.65
NC000006410,NC-2026-0006410,production_order,PRD000093336,P000732,LOT00213116,2025-02-10,surface_finish,minor,2,operator_error,return_to_supplier,2025-02-18,171.87
NC000006411,NC-2026-0006411,production_order,PRD000093340,P000175,LOT00219918,2025-11-05,functional,minor,8,design_tolerance,rework,2025-11-29,753.9
NC000006412,NC-2026-0006412,production_order,PRD000093353,P000428,LOT00027111,2025-05-30,functional,major,6,operator_error,rework,2025-06-26,238.98
NC000006413,NC-2026-0006413,production_order,PRD000093376,P000295,LOT00077282,2026-09-18,dimensional,minor,3,operator_error,rework,2026-10-15,215.86
NC000006414,NC-2026-0006414,production_order,PRD000093384,P000284,LOT00028827,2025-02-15,surface_finish,minor,12,process_variation,use_as_is,2025-03-09,76.93
NC000006415,NC-2026-0006415,production_order,PRD000093396,P000121,LOT00002719,2024-11-12,dimensional,major,3,process_variation,return_to_supplier,2024-12-04,98.64
NC000006416,NC-2026-0006416,production_order,PRD000093403,P000585,LOT00108623,2026-03-27,packaging,minor,7,operator_error,use_as_is,2026-04-07,97.33
NC000006417,NC-2026-0006417,production_order,PRD000093429,P000413,LOT00232397,2026-03-18,dimensional,critical,8,design_tolerance,rework,2026-04-07,937.95
NC000006418,NC-2026-0006418,production_order,PRD000093449,P000872,LOT00129602,2026-07-01,packaging,minor,9,machine_setting,rework,2026-07-05,1000.71
NC000006419,NC-2026-0006419,production_order,PRD000093456,P000767,LOT00102892,2026-09-17,packaging,major,2,supplier_material,scrap,2026-09-25,166.71
NC000006420,NC-2026-0006420,production_order,PRD000093505,P000213,LOT00035472,2025-06-24,dimensional,major,2,supplier_material,scrap,2025-07-07,31.89
NC000006421,NC-2026-0006421,production_order,PRD000093508,P000354,LOT00066068,2025-10-20,surface_finish,minor,1,process_variation,rework,2025-11-13,69.84
NC000006422,NC-2026-0006422,production_order,PRD000093522,P000207,LOT00115981,2026-04-27,surface_finish,major,6,process_variation,scrap,2026-05-26,114.29
NC000006423,NC-2026-0006423,production_order,PRD000093529,P000903,LOT00050900,2026-09-01,functional,minor,10,machine_setting,scrap,2026-09-03,834.89
NC000006424,NC-2026-0006424,production_order,PRD000093543,P000266,LOT00227799,2024-01-19,dimensional,minor,7,design_tolerance,use_as_is,2024-01-21,1557.33
NC000006425,NC-2026-0006425,production_order,PRD000093567,P000610,LOT00189674,2025-12-14,electrical,minor,4,process_variation,scrap,2025-12-19,137.56
NC000006426,NC-2026-0006426,production_order,PRD000093574,P000284,LOT00035389,2024-03-19,electrical,major,1,design_tolerance,scrap,2024-04-03,0.0
NC000006427,NC-2026-0006427,production_order,PRD000093593,P000042,LOT00057454,2026-02-19,dimensional,major,12,process_variation,use_as_is,2026-03-20,404.23
NC000006428,NC-2026-0006428,production_order,PRD000093605,P000192,LOT00080684,2025-03-23,dimensional,minor,9,process_variation,scrap,2025-04-14,265.36
NC000006429,NC-2026-0006429,production_order,PRD000093616,P000054,LOT00050295,2025-11-30,surface_finish,critical,1,machine_setting,rework,2025-12-05,21.69
NC000006430,NC-2026-0006430,production_order,PRD000093630,P000533,LOT00003732,2026-09-08,functional,minor,8,machine_setting,scrap,2026-10-04,861.34
NC000006431,NC-2026-0006431,production_order,PRD000093634,P000517,LOT00113080,2024-11-03,surface_finish,minor,3,design_tolerance,scrap,2024-11-15,740.39
NC000006432,NC-2026-0006432,production_order,PRD000093639,P000645,LOT00092582,2024-10-31,surface_finish,major,1,process_variation,scrap,2024-11-26,26.77
NC000006433,NC-2026-0006433,production_order,PRD000093646,P000857,LOT00129845,2026-07-11,dimensional,major,7,supplier_material,scrap,2026-08-05,639.26
NC000006434,NC-2026-0006434,production_order,PRD000093663,P000080,LOT00093840,2026-08-09,functional,major,13,machine_setting,use_as_is,2026-08-25,862.59
NC000006435,NC-2026-0006435,production_order,PRD000093670,P000002,LOT00050979,2024-10-07,packaging,minor,3,process_variation,rework,2024-10-25,260.62
NC000006436,NC-2026-0006436,production_order,PRD000093677,P000724,LOT00016760,2026-02-08,surface_finish,major,6,design_tolerance,scrap,2026-03-07,305.47
NC000006437,NC-2026-0006437,production_order,PRD000093680,P000745,LOT00235563,2026-05-07,functional,minor,2,supplier_material,scrap,2026-05-20,76.5
NC000006438,NC-2026-0006438,production_order,PRD000093696,P000561,LOT00142068,2026-05-14,electrical,critical,3,machine_setting,scrap,2026-06-04,76.85
NC000006439,NC-2026-0006439,production_order,PRD000093699,P000274,LOT00242680,2025-07-16,dimensional,major,2,operator_error,rework,2025-08-05,150.36
NC000006440,NC-2026-0006440,production_order,PRD000093719,P000247,LOT00096812,2026-02-15,functional,minor,3,design_tolerance,use_as_is,2026-03-09,232.51
NC000006441,NC-2026-0006441,production_order,PRD000093723,P000302,LOT00230733,2026-01-22,packaging,minor,2,process_variation,rework,2026-01-31,180.67
NC000006442,NC-2026-0006442,production_order,PRD000093727,P000212,LOT00247885,2024-07-05,electrical,minor,8,supplier_material,rework,2024-08-03,2431.6
NC000006443,NC-2026-0006443,production_order,PRD000093741,P000871,LOT00167477,2026-07-21,packaging,minor,2,operator_error,use_as_is,2026-08-12,118.72
NC000006444,NC-2026-0006444,production_order,PRD000093743,P000022,LOT00180759,2025-05-23,packaging,minor,3,process_variation,scrap,2025-06-01,70.51
NC000006445,NC-2026-0006445,production_order,PRD000093747,P000701,LOT00027730,2025-06-17,functional,minor,9,machine_setting,use_as_is,2025-07-06,270.61
NC000006446,NC-2026-0006446,production_order,PRD000093811,P000896,LOT00057294,2025-05-05,surface_finish,minor,5,supplier_material,rework,2025-05-23,121.98
NC000006447,NC-2026-0006447,production_order,PRD000093836,P000115,LOT00017731,2024-12-30,electrical,minor,3,machine_setting,use_as_is,2025-01-02,32.1
NC000006448,NC-2026-0006448,production_order,PRD000093857,P000203,LOT00054658,2026-05-24,dimensional,major,12,machine_setting,rework,2026-05-28,2204.53
NC000006449,NC-2026-0006449,production_order,PRD000093869,P000455,LOT00140127,2026-05-13,packaging,critical,4,process_variation,rework,2026-06-10,224.24
NC000006450,NC-2026-0006450,production_order,PRD000093916,P000138,LOT00137529,2025-09-15,dimensional,minor,4,machine_setting,rework,2025-09-21,134.19
NC000006451,NC-2026-0006451,production_order,PRD000093922,P000592,LOT00207566,2026-08-26,surface_finish,major,8,machine_setting,rework,2026-09-13,234.46
NC000006452,NC-2026-0006452,production_order,PRD000093923,P000540,LOT00199911,2025-03-09,dimensional,minor,1,process_variation,scrap,2025-03-28,17.13
NC000006453,NC-2026-0006453,production_order,PRD000093925,P000213,LOT00104697,2025-02-21,electrical,minor,6,design_tolerance,scrap,2025-02-27,203.04
NC000006454,NC-2026-0006454,production_order,PRD000093931,P000320,LOT00079844,2026-06-08,functional,minor,2,supplier_material,scrap,2026-06-16,155.86
NC000006455,NC-2026-0006455,production_order,PRD000093944,P000753,LOT00130327,2026-02-24,functional,minor,2,machine_setting,scrap,2026-03-14,183.74
NC000006456,NC-2026-0006456,production_order,PRD000093964,P000515,LOT00072760,2024-09-01,dimensional,minor,5,machine_setting,scrap,2024-09-15,216.29
NC000006457,NC-2026-0006457,production_order,PRD000093985,P000304,LOT00247238,2026-04-19,packaging,minor,2,operator_error,scrap,2026-05-11,76.66
NC000006458,NC-2026-0006458,production_order,PRD000093991,P000489,LOT00072301,2026-04-07,dimensional,critical,11,machine_setting,scrap,2026-04-22,1854.54
NC000006459,NC-2026-0006459,production_order,PRD000093998,P000525,LOT00143062,2026-02-06,electrical,major,12,process_variation,return_to_supplier,2026-02-24,516.95
NC000006460,NC-2026-0006460,production_order,PRD000093999,P000306,LOT00184809,2024-06-14,dimensional,minor,1,machine_setting,scrap,2024-07-06,171.62
NC000006461,NC-2026-0006461,production_order,PRD000094026,P000351,LOT00244560,2025-10-20,dimensional,major,4,supplier_material,use_as_is,2025-10-31,1750.61
NC000006462,NC-2026-0006462,production_order,PRD000094044,P000702,LOT00025084,2025-04-21,packaging,minor,6,operator_error,rework,2025-04-28,68.59
NC000006463,NC-2026-0006463,production_order,PRD000094045,P000239,LOT00207740,2024-01-21,electrical,minor,2,operator_error,scrap,2024-01-26,274.03
NC000006464,NC-2026-0006464,production_order,PRD000094049,P000484,LOT00098322,2024-02-01,electrical,major,6,machine_setting,scrap,2024-02-27,467.89
NC000006465,NC-2026-0006465,production_order,PRD000094051,P000133,LOT00032556,2024-08-30,packaging,major,8,supplier_material,return_to_supplier,2024-09-11,443.22
NC000006466,NC-2026-0006466,production_order,PRD000094076,P000008,LOT00015733,2026-07-27,dimensional,major,4,operator_error,return_to_supplier,2026-08-07,177.4
NC000006467,NC-2026-0006467,production_order,PRD000094080,P000546,LOT00036301,2026-08-30,dimensional,minor,3,machine_setting,rework,2026-09-20,282.67
NC000006468,NC-2026-0006468,production_order,PRD000094094,P000873,LOT00171943,2025-11-20,electrical,critical,8,design_tolerance,scrap,2025-12-11,316.27
NC000006469,NC-2026-0006469,production_order,PRD000094124,P000772,LOT00230443,2024-06-05,functional,minor,5,process_variation,scrap,2024-06-25,1146.78
NC000006470,NC-2026-0006470,production_order,PRD000094151,P000347,LOT00160718,2026-04-21,electrical,minor,1,process_variation,scrap,2026-04-25,52.48
NC000006471,NC-2026-0006471,production_order,PRD000094184,P000702,LOT00106908,2024-06-15,packaging,major,3,process_variation,scrap,2024-07-04,37.65
NC000006472,NC-2026-0006472,production_order,PRD000094205,P000662,LOT00155366,2024-06-06,packaging,minor,2,process_variation,scrap,2024-06-26,46.69
NC000006473,NC-2026-0006473,production_order,PRD000094211,P000142,LOT00218228,2026-10-08,packaging,major,1,design_tolerance,scrap,2026-10-20,129.08
NC000006474,NC-2026-0006474,production_order,PRD000094226,P000405,LOT00235638,2026-01-25,dimensional,minor,1,operator_error,use_as_is,2026-01-28,0.0
NC000006475,NC-2026-0006475,production_order,PRD000094253,P000759,LOT00073523,2024-09-08,dimensional,minor,2,supplier_material,scrap,2024-09-21,34.31
NC000006476,NC-2026-0006476,production_order,PRD000094255,P000069,LOT00203482,2026-06-25,surface_finish,minor,1,operator_error,scrap,2026-07-14,9.81
NC000006477,NC-2026-0006477,production_order,PRD000094278,P000802,LOT00176241,2025-11-14,dimensional,minor,8,machine_setting,use_as_is,2025-12-01,362.73
NC000006478,NC-2026-0006478,production_order,PRD000094310,P000762,LOT00243987,2025-09-08,surface_finish,minor,3,process_variation,use_as_is,2025-10-02,83.63
NC000006479,NC-2026-0006479,production_order,PRD000094311,P000700,LOT00198351,2024-03-24,functional,major,6,machine_setting,rework,2024-03-29,150.49
NC000006480,NC-2026-0006480,production_order,PRD000094322,P000894,LOT00201448,2025-05-07,surface_finish,major,8,supplier_material,use_as_is,2025-06-05,256.99
NC000006481,NC-2026-0006481,production_order,PRD000094376,P000441,LOT00087044,2026-01-09,surface_finish,minor,11,machine_setting,return_to_supplier,2026-01-12,553.27
NC000006482,NC-2026-0006482,production_order,PRD000094391,P000268,LOT00053749,2025-07-20,dimensional,critical,8,process_variation,rework,2025-08-12,170.46
NC000006483,NC-2026-0006483,production_order,PRD000094395,P000318,LOT00247512,2026-08-08,functional,minor,1,machine_setting,rework,2026-08-23,30.32
NC000006484,NC-2026-0006484,production_order,PRD000094397,P000319,LOT00111687,2024-05-25,electrical,minor,8,process_variation,rework,2024-06-18,181.74
NC000006485,NC-2026-0006485,production_order,PRD000094410,P000197,LOT00059707,2025-07-25,dimensional,minor,3,machine_setting,return_to_supplier,2025-08-12,576.36
NC000006486,NC-2026-0006486,production_order,PRD000094420,P000091,LOT00137149,2025-05-09,dimensional,major,9,process_variation,scrap,2025-05-22,479.96
NC000006487,NC-2026-0006487,production_order,PRD000094421,P000591,LOT00062370,2024-07-20,dimensional,major,7,supplier_material,return_to_supplier,2024-08-04,1689.42
NC000006488,NC-2026-0006488,production_order,PRD000094423,P000033,LOT00207814,2024-10-15,packaging,minor,2,operator_error,return_to_supplier,2024-11-02,63.64
NC000006489,NC-2026-0006489,production_order,PRD000094438,P000411,LOT00001292,2026-09-24,packaging,minor,2,design_tolerance,use_as_is,2026-10-02,44.48
NC000006490,NC-2026-0006490,production_order,PRD000094468,P000877,LOT00151418,2025-04-02,functional,minor,11,supplier_material,scrap,2025-04-05,544.59
NC000006491,NC-2026-0006491,production_order,PRD000094488,P000702,LOT00130386,2026-01-22,dimensional,critical,6,machine_setting,scrap,2026-02-16,200.32
NC000006492,NC-2026-0006492,production_order,PRD000094499,P000686,LOT00080318,2025-08-06,functional,minor,8,machine_setting,rework,2025-09-02,325.89
NC000006493,NC-2026-0006493,production_order,PRD000094512,P000724,LOT00033568,2024-05-06,electrical,minor,7,supplier_material,use_as_is,2024-05-09,626.98
NC000006494,NC-2026-0006494,production_order,PRD000094519,P000328,LOT00066655,2026-01-03,dimensional,major,4,design_tolerance,scrap,2026-01-11,221.45
NC000006495,NC-2026-0006495,production_order,PRD000094526,P000868,LOT00129583,2024-09-14,dimensional,minor,2,machine_setting,rework,2024-09-17,164.8
NC000006496,NC-2026-0006496,production_order,PRD000094529,P000476,LOT00058232,2025-09-09,packaging,minor,8,design_tolerance,scrap,2025-10-03,825.6
NC000006497,NC-2026-0006497,production_order,PRD000094572,P000356,LOT00079210,2026-03-06,electrical,major,5,operator_error,scrap,2026-03-11,333.2
NC000006498,NC-2026-0006498,production_order,PRD000094573,P000656,LOT00192664,2026-05-14,functional,minor,13,machine_setting,scrap,2026-06-06,274.46
NC000006499,NC-2026-0006499,production_order,PRD000094586,P000156,LOT00084417,2024-02-27,dimensional,minor,5,process_variation,scrap,2024-03-26,132.91
NC000006500,NC-2026-0006500,production_order,PRD000094618,P000906,LOT00057115,2026-01-04,packaging,critical,12,operator_error,rework,2026-01-19,1427.37
NC000006501,NC-2026-0006501,production_order,PRD000094632,P000856,LOT00073788,2024-06-14,functional,minor,3,machine_setting,scrap,2024-07-01,98.01
NC000006502,NC-2026-0006502,production_order,PRD000094633,P000319,LOT00080876,2024-03-10,packaging,minor,2,machine_setting,use_as_is,2024-04-07,52.01
NC000006503,NC-2026-0006503,production_order,PRD000094648,P000645,LOT00236388,2024-08-19,surface_finish,major,4,operator_error,rework,2024-09-17,356.52
NC000006504,NC-2026-0006504,production_order,PRD000094654,P000440,LOT00151505,2024-11-04,functional,critical,3,design_tolerance,scrap,2024-11-24,151.89
NC000006505,NC-2026-0006505,production_order,PRD000094661,P000116,LOT00193566,2024-04-23,dimensional,minor,8,process_variation,rework,2024-04-25,1090.18
NC000006506,NC-2026-0006506,production_order,PRD000094691,P000049,LOT00036979,2025-06-21,functional,minor,5,supplier_material,use_as_is,2025-07-04,719.38
NC000006507,NC-2026-0006507,production_order,PRD000094692,P000325,LOT00027037,2024-02-02,surface_finish,minor,4,operator_error,scrap,2024-02-17,480.99
NC000006508,NC-2026-0006508,production_order,PRD000094699,P000522,LOT00216826,2025-05-09,surface_finish,major,5,supplier_material,return_to_supplier,2025-05-26,381.47
NC000006509,NC-2026-0006509,production_order,PRD000094705,P000195,LOT00023208,2026-05-16,functional,major,1,machine_setting,return_to_supplier,2026-05-25,119.72
NC000006510,NC-2026-0006510,production_order,PRD000094714,P000074,LOT00115316,2024-06-07,packaging,major,3,process_variation,return_to_supplier,2024-06-17,186.74
NC000006511,NC-2026-0006511,production_order,PRD000094715,P000415,LOT00003279,2025-07-07,electrical,minor,1,supplier_material,rework,2025-08-03,18.01
NC000006512,NC-2026-0006512,production_order,PRD000094730,P000942,LOT00233419,2026-01-29,dimensional,major,7,machine_setting,rework,2026-02-09,1007.16
NC000006513,NC-2026-0006513,production_order,PRD000094736,P000460,LOT00064231,2025-11-01,functional,major,1,process_variation,rework,2025-11-15,37.91
NC000006514,NC-2026-0006514,production_order,PRD000094740,P000598,LOT00033022,2025-05-12,electrical,major,11,design_tolerance,use_as_is,2025-06-07,1357.25
NC000006515,NC-2026-0006515,production_order,PRD000094760,P000469,LOT00224287,2025-10-26,electrical,minor,4,supplier_material,rework,2025-11-21,178.63
NC000006516,NC-2026-0006516,production_order,PRD000094768,P000136,LOT00160199,2025-03-11,packaging,minor,5,operator_error,scrap,2025-04-01,954.34
NC000006517,NC-2026-0006517,production_order,PRD000094787,P000768,LOT00062141,2026-04-07,electrical,major,10,design_tolerance,use_as_is,2026-04-30,2075.07
NC000006518,NC-2026-0006518,production_order,PRD000094794,P000684,LOT00024346,2026-01-26,packaging,major,3,process_variation,rework,2026-02-06,1286.81
NC000006519,NC-2026-0006519,production_order,PRD000094802,P000574,LOT00205397,2025-10-10,electrical,major,2,machine_setting,use_as_is,2025-10-15,124.52
NC000006520,NC-2026-0006520,production_order,PRD000094805,P000041,LOT00083322,2024-12-20,packaging,major,14,supplier_material,return_to_supplier,2025-01-17,532.55
NC000006521,NC-2026-0006521,production_order,PRD000094821,P000911,LOT00061504,2024-07-05,functional,major,4,operator_error,rework,2024-07-13,177.52
NC000006522,NC-2026-0006522,production_order,PRD000094857,P000694,LOT00120443,2025-01-25,dimensional,minor,5,operator_error,scrap,2025-02-01,432.07
NC000006523,NC-2026-0006523,production_order,PRD000094860,P000256,LOT00065565,2025-03-08,surface_finish,major,3,process_variation,rework,2025-04-04,160.1
NC000006524,NC-2026-0006524,production_order,PRD000094877,P000265,LOT00104201,2025-04-04,packaging,major,10,process_variation,scrap,2025-04-18,759.24
NC000006525,NC-2026-0006525,production_order,PRD000094882,P000184,LOT00076168,2025-02-18,dimensional,minor,7,process_variation,rework,2025-03-01,793.63
NC000006526,NC-2026-0006526,production_order,PRD000094890,P000015,LOT00133597,2024-05-05,dimensional,minor,8,process_variation,scrap,2024-05-24,5919.59
NC000006527,NC-2026-0006527,production_order,PRD000094945,P000308,LOT00047066,2026-07-29,dimensional,major,3,machine_setting,use_as_is,2026-08-11,197.35
NC000006528,NC-2026-0006528,production_order,PRD000094956,P000368,LOT00114703,2024-09-04,dimensional,minor,12,process_variation,scrap,2024-09-17,696.49
