product_id,sku,product_name,product_type,product_family,uom,standard_cost,list_price,lead_time_days,safety_stock_units,reorder_point_units,lot_size_units,make_buy_flag,active_flag
P000001,SKU-IND-000001,Industrial Pumps Product 00001,finished_good,industrial_pumps,EA,201.36,330.88,6,20,2465,634,make,Y
P000002,SKU-ENG-000002,Engine Systems Product 00002,finished_good,engine_systems,KG,80.92,134.71,16,362,58,94,make,Y
P000003,SKU-VEH-000003,Vehicle Electronics Product 00003,finished_good,vehicle_electronics,EA,146.05,201.76,8,650,3244,701,make,Y
P000004,SKU-IND-000004,Industrial Pumps Product 00004,finished_good,industrial_pumps,L,128.85,248.64,2,885,111,636,make,Y
P000005,SKU-ENG-000005,Engine Systems Product 00005,finished_good,engine_systems,KG,76.41,151.78,17,264,1031,583,make,Y
P000006,SKU-CON-000006,Consumer Appliances Product 00006,finished_good,consumer_appliances,EA,43.94,58.84,9,577,1389,138,make,Y
P000007,SKU-VEH-000007,Vehicle Electronics Product 00007,finished_good,vehicle_electronics,EA,123.0,203.19,16,159,153,521,make,Y
P000008,SKU-FAB-000008,Fabricated Frames Product 00008,finished_good,fabricated_frames,L,27.64,58.91,12,436,3424,21,make,Y
P000009,SKU-CON-000009,Consumer Appliances Product 00009,finished_good,consumer_appliances,EA,102.72,207.9,8,130,772,646,make,Y
P000010,SKU-FAB-000010,Fabricated Frames Product 00010,finished_good,fabricated_frames,M,47.03,69.5,4,730,2438,270,make,Y
P000011,SKU-FAB-000011,Fabricated Frames Product 00011,finished_good,fabricated_frames,EA,24.11,37.32,14,1391,183,403,make,Y
P000012,SKU-CON-000012,Consumer Appliances Product 00012,finished_good,consumer_appliances,M,120.48,252.89,16,179,1355,451,make,Y
P000013,SKU-VEH-000013,Vehicle Electronics Product 00013,finished_good,vehicle_electronics,KG,118.45,269.41,14,480,3310,618,make,Y
P000014,SKU-CON-000014,Consumer Appliances Product 00014,finished_good,consumer_appliances,KG,67.52,120.81,2,86,1544,633,make,Y
P000015,SKU-IND-000015,Industrial Pumps Product 00015,finished_good,industrial_pumps,L,435.26,1004.01,11,1033,1657,286,make,Y
P000016,SKU-ENG-000016,Engine Systems Product 00016,finished_good,engine_systems,EA,139.07,211.13,2,917,1300,628,make,Y
P000017,SKU-IND-000017,Industrial Pumps Product 00017,finished_good,industrial_pumps,EA,27.59,48.74,14,361,2596,773,make,Y
P000018,SKU-ENG-000018,Engine Systems Product 00018,finished_good,engine_systems,EA,162.17,275.42,12,849,2552,616,make,Y
P000019,SKU-VEH-000019,Vehicle Electronics Product 00019,finished_good,vehicle_electronics,EA,233.96,490.39,11,389,451,392,make,Y
P000020,SKU-ENG-000020,Engine Systems Product 00020,finished_good,engine_systems,EA,27.34,66.5,9,947,2966,538,make,Y
P000021,SKU-ENG-000021,Engine Systems Product 00021,finished_good,engine_systems,M,48.96,108.44,4,1455,2900,391,make,Y
P000022,SKU-CON-000022,Consumer Appliances Product 00022,finished_good,consumer_appliances,EA,34.81,49.88,16,1492,2848,630,make,Y
P000023,SKU-FAB-000023,Fabricated Frames Product 00023,finished_good,fabricated_frames,KG,41.48,94.84,11,537,1556,530,make,Y
P000024,SKU-ENG-000024,Engine Systems Product 00024,finished_good,engine_systems,M,30.29,61.54,16,223,1166,339,make,Y
P000025,SKU-ENG-000025,Engine Systems Product 00025,finished_good,engine_systems,EA,73.6,136.64,4,1379,236,719,make,Y
P000026,SKU-ENG-000026,Engine Systems Product 00026,finished_good,engine_systems,EA,44.78,74.98,18,142,1378,130,make,Y
P000027,SKU-ENG-000027,Engine Systems Product 00027,finished_good,engine_systems,M,63.07,129.41,17,467,1648,186,make,Y
P000028,SKU-VEH-000028,Vehicle Electronics Product 00028,finished_good,vehicle_electronics,EA,150.38,227.63,6,1481,278,617,make,Y
P000029,SKU-VEH-000029,Vehicle Electronics Product 00029,finished_good,vehicle_electronics,EA,102.65,217.87,8,1221,1713,220,make,Y
P000030,SKU-ENG-000030,Engine Systems Product 00030,finished_good,engine_systems,L,30.64,47.19,9,820,1974,258,make,Y
P000031,SKU-IND-000031,Industrial Pumps Product 00031,finished_good,industrial_pumps,EA,42.28,99.55,15,101,2969,187,make,Y
P000032,SKU-IND-000032,Industrial Pumps Product 00032,finished_good,industrial_pumps,EA,25.49,51.16,9,879,3490,349,make,Y
P000033,SKU-ENG-000033,Engine Systems Product 00033,finished_good,engine_systems,M,28.05,44.43,5,142,283,286,make,Y
P000034,SKU-IND-000034,Industrial Pumps Product 00034,finished_good,industrial_pumps,EA,135.69,293.86,5,1011,2895,473,make,Y
P000035,SKU-ENG-000035,Engine Systems Product 00035,finished_good,engine_systems,EA,96.26,172.75,3,1499,652,552,make,Y
P000036,SKU-ENG-000036,Engine Systems Product 00036,finished_good,engine_systems,L,24.22,41.64,5,1386,1721,415,make,Y
P000037,SKU-VEH-000037,Vehicle Electronics Product 00037,finished_good,vehicle_electronics,EA,52.78,96.43,10,305,1891,452,make,Y
P000038,SKU-VEH-000038,Vehicle Electronics Product 00038,finished_good,vehicle_electronics,EA,46.16,60.94,7,1310,857,564,make,Y
P000039,SKU-VEH-000039,Vehicle Electronics Product 00039,finished_good,vehicle_electronics,L,328.05,504.29,6,288,2676,335,make,Y
P000040,SKU-FAB-000040,Fabricated Frames Product 00040,finished_good,fabricated_frames,EA,91.76,174.31,8,1356,1353,285,make,Y
P000041,SKU-CON-000041,Consumer Appliances Product 00041,finished_good,consumer_appliances,EA,29.72,38.89,7,940,3019,36,make,Y
P000042,SKU-IND-000042,Industrial Pumps Product 00042,finished_good,industrial_pumps,EA,59.12,122.59,9,145,459,389,make,Y
P000043,SKU-ENG-000043,Engine Systems Product 00043,finished_good,engine_systems,EA,184.17,305.41,13,1021,485,534,make,Y
P000044,SKU-FAB-000044,Fabricated Frames Product 00044,finished_good,fabricated_frames,EA,200.15,414.71,4,916,684,580,make,Y
P000045,SKU-ENG-000045,Engine Systems Product 00045,finished_good,engine_systems,EA,113.39,226.4,8,1288,524,119,make,Y
P000046,SKU-ENG-000046,Engine Systems Product 00046,finished_good,engine_systems,EA,33.66,64.49,4,826,2665,117,make,Y
P000047,SKU-CON-000047,Consumer Appliances Product 00047,finished_good,consumer_appliances,EA,45.02,92.2,7,261,859,457,make,Y
P000048,SKU-IND-000048,Industrial Pumps Product 00048,finished_good,industrial_pumps,KG,48.09,113.29,6,775,1686,142,make,Y
P000049,SKU-ENG-000049,Engine Systems Product 00049,finished_good,engine_systems,EA,108.95,220.58,9,460,801,160,make,Y
P000050,SKU-IND-000050,Industrial Pumps Product 00050,finished_good,industrial_pumps,EA,121.41,169.42,3,926,1224,671,make,Y
P000051,SKU-CON-000051,Consumer Appliances Product 00051,finished_good,consumer_appliances,EA,10.12,16.65,11,1286,103,612,make,Y
P000052,SKU-ENG-000052,Engine Systems Product 00052,finished_good,engine_systems,EA,60.69,113.03,3,688,793,650,make,Y
P000053,SKU-ENG-000053,Engine Systems Product 00053,finished_good,engine_systems,EA,61.29,86.43,5,800,1567,499,make,Y
P000054,SKU-IND-000054,Industrial Pumps Product 00054,finished_good,industrial_pumps,EA,53.63,100.1,10,1157,262,253,make,Y
P000055,SKU-FAB-000055,Fabricated Frames Product 00055,finished_good,fabricated_frames,EA,236.94,521.02,11,412,3460,381,make,Y
P000056,SKU-ENG-000056,Engine Systems Product 00056,finished_good,engine_systems,EA,59.56,140.47,4,880,740,326,make,Y
P000057,SKU-FAB-000057,Fabricated Frames Product 00057,finished_good,fabricated_frames,EA,397.67,623.11,17,305,3192,234,make,Y
P000058,SKU-ENG-000058,Engine Systems Product 00058,finished_good,engine_systems,EA,204.79,366.49,3,954,577,357,make,Y
P000059,SKU-VEH-000059,Vehicle Electronics Product 00059,finished_good,vehicle_electronics,EA,101.68,238.05,4,696,1219,526,make,Y
P000060,SKU-CON-000060,Consumer Appliances Product 00060,finished_good,consumer_appliances,EA,35.89,57.01,17,971,141,559,make,Y
P000061,SKU-CON-000061,Consumer Appliances Product 00061,finished_good,consumer_appliances,EA,78.74,162.58,10,1045,2922,644,make,Y
P000062,SKU-ENG-000062,Engine Systems Product 00062,finished_good,engine_systems,EA,40.55,81.99,12,603,1543,582,make,Y
P000063,SKU-ENG-000063,Engine Systems Product 00063,finished_good,engine_systems,EA,43.27,98.83,15,358,1301,102,make,Y
P000064,SKU-VEH-000064,Vehicle Electronics Product 00064,finished_good,vehicle_electronics,EA,65.8,124.6,11,1370,3289,478,make,Y
P000065,SKU-IND-000065,Industrial Pumps Product 00065,finished_good,industrial_pumps,EA,32.87,53.74,4,1131,2647,543,make,Y
P000066,SKU-CON-000066,Consumer Appliances Product 00066,finished_good,consumer_appliances,M,51.02,116.03,6,1391,3037,433,make,Y
P000067,SKU-VEH-000067,Vehicle Electronics Product 00067,finished_good,vehicle_electronics,EA,105.66,202.55,4,197,1904,292,make,Y
P000068,SKU-CON-000068,Consumer Appliances Product 00068,finished_good,consumer_appliances,M,63.19,102.87,18,795,1794,299,make,Y
P000069,SKU-VEH-000069,Vehicle Electronics Product 00069,finished_good,vehicle_electronics,EA,20.57,45.3,5,1457,1140,59,make,Y
P000070,SKU-ENG-000070,Engine Systems Product 00070,finished_good,engine_systems,EA,69.83,109.17,17,635,1135,411,make,Y
P000071,SKU-CON-000071,Consumer Appliances Product 00071,finished_good,consumer_appliances,M,143.08,183.89,5,561,2503,120,make,Y
P000072,SKU-ENG-000072,Engine Systems Product 00072,finished_good,engine_systems,EA,35.89,78.15,18,188,2851,264,make,Y
P000073,SKU-CON-000073,Consumer Appliances Product 00073,finished_good,consumer_appliances,EA,114.78,238.68,7,126,2624,364,make,Y
P000074,SKU-VEH-000074,Vehicle Electronics Product 00074,finished_good,vehicle_electronics,KG,38.83,85.82,12,1450,1226,736,make,Y
P000075,SKU-IND-000075,Industrial Pumps Product 00075,finished_good,industrial_pumps,M,40.25,88.78,8,605,1842,755,make,Y
P000076,SKU-VEH-000076,Vehicle Electronics Product 00076,finished_good,vehicle_electronics,KG,129.4,255.48,18,741,1655,648,make,Y
P000077,SKU-VEH-000077,Vehicle Electronics Product 00077,finished_good,vehicle_electronics,EA,71.5,134.59,5,67,2292,499,make,Y
P000078,SKU-FAB-000078,Fabricated Frames Product 00078,finished_good,fabricated_frames,EA,26.25,37.01,3,870,922,465,make,Y
P000079,SKU-VEH-000079,Vehicle Electronics Product 00079,finished_good,vehicle_electronics,EA,19.73,39.16,12,998,2591,694,make,Y
P000080,SKU-FAB-000080,Fabricated Frames Product 00080,finished_good,fabricated_frames,EA,79.93,128.47,18,213,1700,606,make,Y
P000081,SKU-FAB-000081,Fabricated Frames Product 00081,finished_good,fabricated_frames,EA,20.27,27.44,13,803,1567,11,make,Y
P000082,SKU-FAB-000082,Fabricated Frames Product 00082,finished_good,fabricated_frames,EA,117.05,271.03,13,185,654,49,make,Y
P000083,SKU-IND-000083,Industrial Pumps Product 00083,finished_good,industrial_pumps,EA,84.13,150.07,9,561,768,170,make,Y
P000084,SKU-FAB-000084,Fabricated Frames Product 00084,finished_good,fabricated_frames,EA,69.98,122.47,13,74,3079,675,make,Y
P000085,SKU-FAB-000085,Fabricated Frames Product 00085,finished_good,fabricated_frames,EA,20.45,40.2,2,1378,1034,282,make,Y
P000086,SKU-ENG-000086,Engine Systems Product 00086,finished_good,engine_systems,EA,72.17,95.18,3,1413,2067,400,make,Y
P000087,SKU-ENG-000087,Engine Systems Product 00087,finished_good,engine_systems,EA,17.04,38.12,11,1170,2073,576,make,Y
P000088,SKU-ENG-000088,Engine Systems Product 00088,finished_good,engine_systems,KG,92.98,180.44,17,516,2083,570,make,Y
P000089,SKU-IND-000089,Industrial Pumps Product 00089,finished_good,industrial_pumps,EA,103.61,183.66,13,1440,2823,709,make,Y
P000090,SKU-ENG-000090,Engine Systems Product 00090,finished_good,engine_systems,EA,51.25,83.28,14,708,897,574,make,Y
P000091,SKU-FAB-000091,Fabricated Frames Product 00091,finished_good,fabricated_frames,KG,37.2,51.52,14,472,2986,424,make,Y
P000092,SKU-ENG-000092,Engine Systems Product 00092,finished_good,engine_systems,EA,128.84,171.53,11,327,1909,154,make,Y
P000093,SKU-FAB-000093,Fabricated Frames Product 00093,finished_good,fabricated_frames,EA,42.31,82.3,14,48,2471,782,make,Y
P000094,SKU-ENG-000094,Engine Systems Product 00094,finished_good,engine_systems,EA,33.19,76.36,14,1128,1549,698,make,Y
P000095,SKU-VEH-000095,Vehicle Electronics Product 00095,finished_good,vehicle_electronics,EA,70.01,131.95,8,263,807,571,make,Y
P000096,SKU-IND-000096,Industrial Pumps Product 00096,finished_good,industrial_pumps,EA,38.49,94.18,14,495,1675,129,make,Y
P000097,SKU-CON-000097,Consumer Appliances Product 00097,finished_good,consumer_appliances,EA,66.05,132.28,10,1357,1615,183,make,Y
P000098,SKU-IND-000098,Industrial Pumps Product 00098,finished_good,industrial_pumps,EA,38.05,90.76,13,1140,103,788,make,Y
P000099,SKU-VEH-000099,Vehicle Electronics Product 00099,finished_good,vehicle_electronics,EA,109.53,194.28,8,434,1267,120,make,Y
P000100,SKU-IND-000100,Industrial Pumps Product 00100,finished_good,industrial_pumps,EA,49.37,87.7,4,997,1433,278,make,Y
P000101,SKU-VEH-000101,Vehicle Electronics Product 00101,finished_good,vehicle_electronics,EA,94.53,121.95,6,727,2272,624,make,Y
P000102,SKU-ENG-000102,Engine Systems Product 00102,finished_good,engine_systems,EA,125.34,189.53,9,75,763,379,make,Y
P000103,SKU-FAB-000103,Fabricated Frames Product 00103,finished_good,fabricated_frames,KG,43.78,64.61,4,852,840,692,make,Y
P000104,SKU-CON-000104,Consumer Appliances Product 00104,finished_good,consumer_appliances,M,153.68,369.56,5,287,1277,252,make,Y
P000105,SKU-IND-000105,Industrial Pumps Product 00105,finished_good,industrial_pumps,EA,103.23,146.8,4,735,2143,512,make,Y
P000106,SKU-VEH-000106,Vehicle Electronics Product 00106,finished_good,vehicle_electronics,EA,145.98,241.68,7,137,1496,60,make,Y
P000107,SKU-VEH-000107,Vehicle Electronics Product 00107,finished_good,vehicle_electronics,EA,67.61,110.47,7,791,2898,112,make,Y
P000108,SKU-FAB-000108,Fabricated Frames Product 00108,finished_good,fabricated_frames,EA,38.07,52.17,15,1360,1979,34,make,Y
P000109,SKU-VEH-000109,Vehicle Electronics Product 00109,finished_good,vehicle_electronics,EA,32.19,68.47,16,1425,1580,685,make,Y
P000110,SKU-ENG-000110,Engine Systems Product 00110,finished_good,engine_systems,M,18.17,28.96,10,700,1624,758,make,Y
P000111,SKU-CON-000111,Consumer Appliances Product 00111,finished_good,consumer_appliances,L,79.09,172.94,14,745,899,778,make,Y
P000112,SKU-IND-000112,Industrial Pumps Product 00112,finished_good,industrial_pumps,EA,258.2,334.38,4,329,1794,707,make,Y
P000113,SKU-FAB-000113,Fabricated Frames Product 00113,finished_good,fabricated_frames,M,42.18,69.14,9,1257,852,733,make,Y
P000114,SKU-ENG-000114,Engine Systems Product 00114,finished_good,engine_systems,KG,53.79,79.19,8,1223,583,251,make,Y
P000115,SKU-ENG-000115,Engine Systems Product 00115,finished_good,engine_systems,EA,19.26,32.4,9,759,2085,105,make,Y
P000116,SKU-IND-000116,Industrial Pumps Product 00116,finished_good,industrial_pumps,EA,91.53,209.37,16,1445,2243,498,make,Y
P000117,SKU-IND-000117,Industrial Pumps Product 00117,finished_good,industrial_pumps,EA,92.92,189.04,15,692,237,29,make,Y
P000118,SKU-ENG-000118,Engine Systems Product 00118,finished_good,engine_systems,EA,25.18,52.31,2,285,2255,277,make,Y
P000119,SKU-CON-000119,Consumer Appliances Product 00119,finished_good,consumer_appliances,EA,70.26,117.13,3,670,2920,152,make,Y
P000120,SKU-VEH-000120,Vehicle Electronics Product 00120,finished_good,vehicle_electronics,L,34.03,80.81,2,1306,2914,111,make,Y
P000121,SKU-FAB-000121,Fabricated Frames Product 00121,finished_good,fabricated_frames,EA,93.46,212.43,8,912,3353,290,make,Y
P000122,SKU-ENG-000122,Engine Systems Product 00122,finished_good,engine_systems,EA,113.0,212.69,2,689,1982,500,make,Y
P000123,SKU-FAB-000123,Fabricated Frames Product 00123,finished_good,fabricated_frames,EA,54.79,130.28,15,1063,1972,714,make,Y
P000124,SKU-VEH-000124,Vehicle Electronics Product 00124,finished_good,vehicle_electronics,L,72.81,163.02,13,818,629,335,make,Y
P000125,SKU-ENG-000125,Engine Systems Product 00125,finished_good,engine_systems,EA,33.94,81.96,3,1188,1812,209,make,Y
P000126,SKU-VEH-000126,Vehicle Electronics Product 00126,finished_good,vehicle_electronics,EA,58.12,87.79,4,526,2810,109,make,Y
P000127,SKU-FAB-000127,Fabricated Frames Product 00127,finished_good,fabricated_frames,KG,100.08,221.51,14,1235,1044,179,make,Y
P000128,SKU-VEH-000128,Vehicle Electronics Product 00128,finished_good,vehicle_electronics,EA,20.09,47.93,6,1158,1161,296,make,Y
P000129,SKU-ENG-000129,Engine Systems Product 00129,finished_good,engine_systems,L,27.39,42.44,12,1279,3187,547,make,Y
P000130,SKU-CON-000130,Consumer Appliances Product 00130,finished_good,consumer_appliances,KG,83.92,163.44,13,69,1173,653,make,Y
P000131,SKU-ENG-000131,Engine Systems Product 00131,finished_good,engine_systems,EA,72.34,93.47,2,93,2368,614,make,Y
P000132,SKU-IND-000132,Industrial Pumps Product 00132,finished_good,industrial_pumps,EA,36.39,51.0,11,520,1545,671,make,Y
P000133,SKU-IND-000133,Industrial Pumps Product 00133,finished_good,industrial_pumps,EA,41.47,97.07,8,764,312,129,make,Y
P000134,SKU-CON-000134,Consumer Appliances Product 00134,finished_good,consumer_appliances,EA,53.75,106.0,10,30,3391,358,make,Y
P000135,SKU-ENG-000135,Engine Systems Product 00135,finished_good,engine_systems,EA,78.92,177.34,17,295,122,328,make,Y
P000136,SKU-FAB-000136,Fabricated Frames Product 00136,finished_good,fabricated_frames,EA,296.6,412.6,2,1318,1406,121,make,Y
P000137,SKU-CON-000137,Consumer Appliances Product 00137,finished_good,consumer_appliances,EA,39.11,68.47,9,1088,89,215,make,Y
P000138,SKU-VEH-000138,Vehicle Electronics Product 00138,finished_good,vehicle_electronics,EA,35.15,79.28,7,1303,2739,295,make,Y
P000139,SKU-VEH-000139,Vehicle Electronics Product 00139,finished_good,vehicle_electronics,EA,70.24,135.59,4,1021,1576,533,make,Y
P000140,SKU-FAB-000140,Fabricated Frames Product 00140,finished_good,fabricated_frames,EA,148.75,290.1,9,816,1517,42,make,Y
P000141,SKU-ENG-000141,Engine Systems Product 00141,finished_good,engine_systems,EA,23.21,55.19,4,1005,1638,431,make,Y
P000142,SKU-FAB-000142,Fabricated Frames Product 00142,finished_good,fabricated_frames,EA,105.04,153.82,4,209,3102,661,make,Y
P000143,SKU-IND-000143,Industrial Pumps Product 00143,finished_good,industrial_pumps,EA,25.31,51.31,5,538,495,568,make,Y
P000144,SKU-IND-000144,Industrial Pumps Product 00144,finished_good,industrial_pumps,EA,54.75,75.66,2,1238,1007,86,make,Y
P000145,SKU-IND-000145,Industrial Pumps Product 00145,finished_good,industrial_pumps,EA,71.04,170.73,9,254,3362,421,make,Y
P000146,SKU-IND-000146,Industrial Pumps Product 00146,finished_good,industrial_pumps,EA,55.92,87.35,6,1258,2821,690,make,Y
P000147,SKU-ENG-000147,Engine Systems Product 00147,finished_good,engine_systems,KG,74.07,136.35,18,869,3053,634,make,Y
P000148,SKU-ENG-000148,Engine Systems Product 00148,finished_good,engine_systems,EA,66.7,139.42,2,1168,2086,281,make,Y
P000149,SKU-FAB-000149,Fabricated Frames Product 00149,finished_good,fabricated_frames,EA,89.36,176.82,11,358,1343,193,make,Y
P000150,SKU-FAB-000150,Fabricated Frames Product 00150,finished_good,fabricated_frames,EA,58.28,120.74,14,645,1075,393,make,Y
P000151,SKU-CON-000151,Consumer Appliances Product 00151,finished_good,consumer_appliances,EA,38.13,71.93,5,959,3284,283,make,Y
P000152,SKU-VEH-000152,Vehicle Electronics Product 00152,finished_good,vehicle_electronics,EA,29.38,57.59,9,503,1447,559,make,Y
P000153,SKU-ENG-000153,Engine Systems Product 00153,finished_good,engine_systems,EA,71.59,97.51,13,867,2304,255,make,Y
P000154,SKU-CON-000154,Consumer Appliances Product 00154,finished_good,consumer_appliances,KG,50.19,104.45,18,321,2196,266,make,Y
P000155,SKU-IND-000155,Industrial Pumps Product 00155,finished_good,industrial_pumps,EA,75.25,103.78,13,1065,1659,703,make,Y
P000156,SKU-CON-000156,Consumer Appliances Product 00156,finished_good,consumer_appliances,EA,55.41,90.96,11,686,1809,62,make,Y
P000157,SKU-CON-000157,Consumer Appliances Product 00157,finished_good,consumer_appliances,KG,105.41,194.59,9,225,1299,695,make,Y
P000158,SKU-ENG-000158,Engine Systems Product 00158,finished_good,engine_systems,M,29.79,50.69,6,581,2085,19,make,Y
P000159,SKU-ENG-000159,Engine Systems Product 00159,finished_good,engine_systems,EA,24.9,45.92,13,1463,2876,110,make,Y
P000160,SKU-CON-000160,Consumer Appliances Product 00160,finished_good,consumer_appliances,EA,91.47,162.34,18,189,1833,28,make,Y
P000161,SKU-IND-000161,Industrial Pumps Product 00161,finished_good,industrial_pumps,EA,47.01,102.11,11,582,365,494,make,Y
P000162,SKU-ENG-000162,Engine Systems Product 00162,finished_good,engine_systems,EA,39.78,51.7,13,750,915,470,make,Y
P000163,SKU-CON-000163,Consumer Appliances Product 00163,finished_good,consumer_appliances,EA,104.52,140.0,10,25,3365,654,make,Y
P000164,SKU-FAB-000164,Fabricated Frames Product 00164,finished_good,fabricated_frames,EA,36.22,88.39,14,1346,1106,423,make,Y
P000165,SKU-IND-000165,Industrial Pumps Product 00165,finished_good,industrial_pumps,EA,38.91,76.91,12,753,1382,718,make,Y
P000166,SKU-IND-000166,Industrial Pumps Product 00166,finished_good,industrial_pumps,EA,106.05,141.28,9,671,2827,419,make,Y
P000167,SKU-ENG-000167,Engine Systems Product 00167,finished_good,engine_systems,KG,98.03,142.6,8,344,1676,298,make,Y
P000168,SKU-FAB-000168,Fabricated Frames Product 00168,finished_good,fabricated_frames,EA,169.12,346.59,12,195,186,562,make,Y
P000169,SKU-CON-000169,Consumer Appliances Product 00169,finished_good,consumer_appliances,EA,199.46,297.4,7,435,2608,211,make,Y
P000170,SKU-IND-000170,Industrial Pumps Product 00170,finished_good,industrial_pumps,EA,72.76,107.56,8,77,1857,778,make,Y
P000171,SKU-VEH-000171,Vehicle Electronics Product 00171,finished_good,vehicle_electronics,EA,106.53,200.69,18,519,2797,304,make,Y
P000172,SKU-ENG-000172,Engine Systems Product 00172,finished_good,engine_systems,EA,33.48,74.78,11,1366,3442,563,make,Y
P000173,SKU-VEH-000173,Vehicle Electronics Product 00173,finished_good,vehicle_electronics,EA,99.15,221.48,3,300,2392,750,make,Y
P000174,SKU-VEH-000174,Vehicle Electronics Product 00174,finished_good,vehicle_electronics,EA,159.8,379.25,14,1063,1711,730,make,Y
P000175,SKU-ENG-000175,Engine Systems Product 00175,finished_good,engine_systems,EA,57.73,116.8,3,629,1406,207,make,Y
P000176,SKU-ENG-000176,Engine Systems Product 00176,finished_good,engine_systems,EA,199.3,333.66,15,147,2409,204,make,Y
P000177,SKU-IND-000177,Industrial Pumps Product 00177,finished_good,industrial_pumps,EA,31.03,74.77,7,444,1643,415,make,Y
P000178,SKU-IND-000178,Industrial Pumps Product 00178,finished_good,industrial_pumps,EA,32.48,74.23,17,396,1160,88,make,Y
P000179,SKU-IND-000179,Industrial Pumps Product 00179,finished_good,industrial_pumps,EA,362.77,497.98,6,710,2805,749,make,Y
P000180,SKU-VEH-000180,Vehicle Electronics Product 00180,finished_good,vehicle_electronics,EA,23.14,49.72,14,1165,48,745,make,Y
P000181,SKU-ENG-000181,Engine Systems Product 00181,finished_good,engine_systems,EA,57.5,101.28,8,136,1498,549,make,Y
P000182,SKU-CON-000182,Consumer Appliances Product 00182,finished_good,consumer_appliances,EA,46.5,91.27,17,1186,848,619,make,Y
P000183,SKU-VEH-000183,Vehicle Electronics Product 00183,finished_good,vehicle_electronics,KG,145.38,355.05,18,1495,2702,413,make,Y
P000184,SKU-FAB-000184,Fabricated Frames Product 00184,finished_good,fabricated_frames,EA,73.76,142.88,4,499,2843,688,make,Y
P000185,SKU-ENG-000185,Engine Systems Product 00185,finished_good,engine_systems,M,95.35,135.2,4,1347,3238,380,make,Y
P000186,SKU-ENG-000186,Engine Systems Product 00186,finished_good,engine_systems,EA,18.99,24.79,14,132,3366,634,make,Y
P000187,SKU-VEH-000187,Vehicle Electronics Product 00187,finished_good,vehicle_electronics,EA,95.4,157.49,7,869,1784,663,make,Y
P000188,SKU-ENG-000188,Engine Systems Product 00188,finished_good,engine_systems,EA,62.05,104.15,7,1041,1512,371,make,Y
P000189,SKU-IND-000189,Industrial Pumps Product 00189,finished_good,industrial_pumps,KG,39.89,51.32,11,1179,2342,779,make,Y
P000190,SKU-ENG-000190,Engine Systems Product 00190,finished_good,engine_systems,EA,67.73,88.19,16,474,2974,248,make,Y
P000191,SKU-ENG-000191,Engine Systems Product 00191,finished_good,engine_systems,EA,20.46,48.17,15,176,2160,414,make,Y
P000192,SKU-IND-000192,Industrial Pumps Product 00192,finished_good,industrial_pumps,EA,27.85,47.89,18,868,1944,165,make,Y
P000193,SKU-FAB-000193,Fabricated Frames Product 00193,finished_good,fabricated_frames,EA,195.18,386.79,13,27,2493,666,make,Y
P000194,SKU-ENG-000194,Engine Systems Product 00194,finished_good,engine_systems,EA,97.04,228.8,11,821,902,570,make,Y
P000195,SKU-FAB-000195,Fabricated Frames Product 00195,finished_good,fabricated_frames,EA,94.34,179.73,9,1179,3153,409,make,Y
P000196,SKU-CON-000196,Consumer Appliances Product 00196,finished_good,consumer_appliances,EA,21.31,38.82,2,141,3339,304,make,Y
P000197,SKU-IND-000197,Industrial Pumps Product 00197,finished_good,industrial_pumps,EA,154.31,224.29,10,291,248,244,make,Y
P000198,SKU-VEH-000198,Vehicle Electronics Product 00198,finished_good,vehicle_electronics,L,88.83,140.93,16,1195,2132,344,make,Y
P000199,SKU-VEH-000199,Vehicle Electronics Product 00199,finished_good,vehicle_electronics,KG,45.32,74.32,7,591,131,503,make,Y
P000200,SKU-IND-000200,Industrial Pumps Product 00200,finished_good,industrial_pumps,EA,36.33,83.85,6,268,2311,237,make,Y
P000201,SKU-FAB-000201,Fabricated Frames Product 00201,finished_good,fabricated_frames,KG,37.56,66.8,16,434,2903,582,make,Y
P000202,SKU-ENG-000202,Engine Systems Product 00202,finished_good,engine_systems,EA,181.27,300.88,16,988,1967,357,make,Y
P000203,SKU-IND-000203,Industrial Pumps Product 00203,finished_good,industrial_pumps,EA,137.54,201.73,14,577,3278,592,make,Y
P000204,SKU-CON-000204,Consumer Appliances Product 00204,finished_good,consumer_appliances,EA,78.91,115.97,17,224,216,373,make,Y
P000205,SKU-ENG-000205,Engine Systems Product 00205,finished_good,engine_systems,EA,58.33,108.56,13,68,410,56,make,Y
P000206,SKU-CON-000206,Consumer Appliances Product 00206,finished_good,consumer_appliances,EA,137.87,239.02,10,1107,1996,724,make,Y
P000207,SKU-CON-000207,Consumer Appliances Product 00207,finished_good,consumer_appliances,EA,32.41,60.07,4,433,527,264,make,Y
P000208,SKU-IND-000208,Industrial Pumps Product 00208,finished_good,industrial_pumps,EA,17.05,30.19,12,775,372,800,make,Y
P000209,SKU-IND-000209,Industrial Pumps Product 00209,finished_good,industrial_pumps,KG,125.81,213.66,2,1256,744,739,make,Y
P000210,SKU-ENG-000210,Engine Systems Product 00210,finished_good,engine_systems,EA,113.33,178.02,9,348,2688,25,make,Y
P000211,SKU-IND-000211,Industrial Pumps Product 00211,finished_good,industrial_pumps,EA,51.14,76.66,8,802,2672,516,make,Y
P000212,SKU-CON-000212,Consumer Appliances Product 00212,finished_good,consumer_appliances,EA,197.77,290.43,8,744,2102,369,make,Y
P000213,SKU-IND-000213,Industrial Pumps Product 00213,finished_good,industrial_pumps,EA,39.92,71.74,14,1148,3319,56,make,Y
P000214,SKU-ENG-000214,Engine Systems Product 00214,finished_good,engine_systems,EA,138.17,211.57,17,146,884,714,make,Y
P000215,SKU-ENG-000215,Engine Systems Product 00215,finished_good,engine_systems,EA,22.14,29.64,17,1076,245,587,make,Y
P000216,SKU-FAB-000216,Fabricated Frames Product 00216,finished_good,fabricated_frames,EA,94.93,173.1,17,487,2814,416,make,Y
P000217,SKU-VEH-000217,Vehicle Electronics Product 00217,finished_good,vehicle_electronics,EA,59.92,82.8,10,296,1488,322,make,Y
P000218,SKU-CON-000218,Consumer Appliances Product 00218,finished_good,consumer_appliances,EA,88.34,190.01,18,227,2023,162,make,Y
P000219,SKU-VEH-000219,Vehicle Electronics Product 00219,finished_good,vehicle_electronics,M,95.31,186.07,3,1032,2111,32,make,Y
P000220,SKU-VEH-000220,Vehicle Electronics Product 00220,finished_good,vehicle_electronics,EA,182.19,398.45,10,471,843,324,make,Y
P000221,SKU-ENG-000221,Engine Systems Product 00221,finished_good,engine_systems,KG,98.25,160.4,15,362,3447,387,make,Y
P000222,SKU-IND-000222,Industrial Pumps Product 00222,finished_good,industrial_pumps,EA,309.87,449.59,2,1213,2646,393,make,Y
P000223,SKU-VEH-000223,Vehicle Electronics Product 00223,finished_good,vehicle_electronics,EA,283.01,409.09,7,1425,1378,295,make,Y
P000224,SKU-VEH-000224,Vehicle Electronics Product 00224,finished_good,vehicle_electronics,EA,491.25,1119.28,6,834,2208,710,make,Y
P000225,SKU-VEH-000225,Vehicle Electronics Product 00225,finished_good,vehicle_electronics,EA,80.43,193.0,4,623,3156,382,make,Y
P000226,SKU-CON-000226,Consumer Appliances Product 00226,finished_good,consumer_appliances,KG,18.36,35.0,17,835,204,31,make,Y
P000227,SKU-ENG-000227,Engine Systems Product 00227,finished_good,engine_systems,KG,36.1,85.32,6,863,688,233,make,Y
P000228,SKU-CON-000228,Consumer Appliances Product 00228,finished_good,consumer_appliances,EA,200.33,443.58,8,862,2352,655,make,Y
P000229,SKU-CON-000229,Consumer Appliances Product 00229,finished_good,consumer_appliances,EA,156.74,246.82,12,563,3064,519,make,Y
P000230,SKU-ENG-000230,Engine Systems Product 00230,finished_good,engine_systems,EA,31.77,51.79,2,350,1315,403,make,Y
P000231,SKU-ENG-000231,Engine Systems Product 00231,finished_good,engine_systems,EA,127.41,220.46,9,839,2157,254,make,Y
P000232,SKU-CON-000232,Consumer Appliances Product 00232,finished_good,consumer_appliances,EA,51.65,97.56,4,598,1424,632,make,Y
P000233,SKU-CON-000233,Consumer Appliances Product 00233,finished_good,consumer_appliances,EA,51.44,65.88,11,544,2453,95,make,Y
P000234,SKU-IND-000234,Industrial Pumps Product 00234,finished_good,industrial_pumps,EA,95.97,175.93,17,69,2512,347,make,Y
P000235,SKU-ENG-000235,Engine Systems Product 00235,finished_good,engine_systems,EA,235.67,429.38,12,1173,3419,63,make,Y
P000236,SKU-CON-000236,Consumer Appliances Product 00236,finished_good,consumer_appliances,EA,35.69,57.47,10,779,3020,422,make,Y
P000237,SKU-IND-000237,Industrial Pumps Product 00237,finished_good,industrial_pumps,EA,116.16,251.17,17,548,544,184,make,Y
P000238,SKU-CON-000238,Consumer Appliances Product 00238,finished_good,consumer_appliances,KG,82.59,194.33,18,735,3283,344,make,Y
P000239,SKU-CON-000239,Consumer Appliances Product 00239,finished_good,consumer_appliances,EA,145.02,351.88,7,902,1981,600,make,Y
P000240,SKU-CON-000240,Consumer Appliances Product 00240,finished_good,consumer_appliances,EA,107.16,164.14,2,348,1146,273,make,Y
P000241,SKU-CON-000241,Consumer Appliances Product 00241,finished_good,consumer_appliances,M,63.91,130.93,11,909,345,133,make,Y
P000242,SKU-VEH-000242,Vehicle Electronics Product 00242,finished_good,vehicle_electronics,KG,71.32,161.67,9,1465,2765,348,make,Y
P000243,SKU-VEH-000243,Vehicle Electronics Product 00243,finished_good,vehicle_electronics,EA,49.58,105.51,7,870,2834,751,make,Y
P000244,SKU-VEH-000244,Vehicle Electronics Product 00244,finished_good,vehicle_electronics,M,19.76,31.26,9,1056,1473,724,make,Y
P000245,SKU-IND-000245,Industrial Pumps Product 00245,finished_good,industrial_pumps,EA,106.38,235.94,10,1295,1990,81,make,Y
P000246,SKU-FAB-000246,Fabricated Frames Product 00246,finished_good,fabricated_frames,M,271.38,641.84,2,419,309,793,make,Y
P000247,SKU-IND-000247,Industrial Pumps Product 00247,finished_good,industrial_pumps,EA,79.27,102.19,2,954,862,692,make,Y
P000248,SKU-CON-000248,Consumer Appliances Product 00248,finished_good,consumer_appliances,EA,110.03,176.99,13,1350,180,71,make,Y
P000249,SKU-ENG-000249,Engine Systems Product 00249,finished_good,engine_systems,EA,63.99,105.33,5,343,2706,615,make,Y
P000250,SKU-CON-000250,Consumer Appliances Product 00250,finished_good,consumer_appliances,EA,73.88,127.06,18,1386,1978,609,make,Y
P000251,SKU-FAB-000251,Fabricated Frames Product 00251,finished_good,fabricated_frames,KG,45.87,104.87,14,455,714,193,make,Y
P000252,SKU-IND-000252,Industrial Pumps Product 00252,finished_good,industrial_pumps,EA,95.14,224.85,8,1204,3086,702,make,Y
P000253,SKU-FAB-000253,Fabricated Frames Product 00253,finished_good,fabricated_frames,EA,58.92,142.91,8,389,1379,316,make,Y
P000254,SKU-VEH-000254,Vehicle Electronics Product 00254,finished_good,vehicle_electronics,EA,68.26,141.74,5,236,610,522,make,Y
P000255,SKU-IND-000255,Industrial Pumps Product 00255,finished_good,industrial_pumps,EA,98.2,195.87,3,448,866,168,make,Y
P000256,SKU-IND-000256,Industrial Pumps Product 00256,finished_good,industrial_pumps,EA,30.26,49.38,12,1157,2086,686,make,Y
P000257,SKU-IND-000257,Industrial Pumps Product 00257,finished_good,industrial_pumps,EA,83.05,157.7,11,638,2842,411,make,Y
P000258,SKU-IND-000258,Industrial Pumps Product 00258,finished_good,industrial_pumps,M,83.45,182.01,7,386,1808,389,make,Y
P000259,SKU-IND-000259,Industrial Pumps Product 00259,finished_good,industrial_pumps,EA,157.28,380.29,17,1330,793,229,make,Y
P000260,SKU-VEH-000260,Vehicle Electronics Product 00260,finished_good,vehicle_electronics,EA,83.32,178.42,6,322,2735,92,make,Y
P000261,SKU-VEH-000261,Vehicle Electronics Product 00261,finished_good,vehicle_electronics,EA,17.36,31.7,18,1494,2600,627,make,Y
P000262,SKU-CON-000262,Consumer Appliances Product 00262,finished_good,consumer_appliances,EA,54.38,131.79,5,155,329,103,make,Y
P000263,SKU-ENG-000263,Engine Systems Product 00263,finished_good,engine_systems,KG,63.78,134.96,12,1225,267,13,make,Y
P000264,SKU-FAB-000264,Fabricated Frames Product 00264,finished_good,fabricated_frames,EA,73.91,148.54,10,111,826,731,make,Y
P000265,SKU-ENG-000265,Engine Systems Product 00265,finished_good,engine_systems,EA,140.89,201.19,9,760,2887,705,make,Y
P000266,SKU-CON-000266,Consumer Appliances Product 00266,finished_good,consumer_appliances,KG,184.32,248.86,18,384,46,138,make,Y
P000267,SKU-VEH-000267,Vehicle Electronics Product 00267,finished_good,vehicle_electronics,M,89.57,154.13,18,595,3375,423,make,Y
P000268,SKU-CON-000268,Consumer Appliances Product 00268,finished_good,consumer_appliances,EA,20.65,31.92,14,1021,3165,158,make,Y
P000269,SKU-VEH-000269,Vehicle Electronics Product 00269,finished_good,vehicle_electronics,EA,92.17,138.48,6,794,1163,518,make,Y
P000270,SKU-IND-000270,Industrial Pumps Product 00270,finished_good,industrial_pumps,EA,48.9,113.84,5,935,1505,103,make,Y
P000271,SKU-ENG-000271,Engine Systems Product 00271,finished_good,engine_systems,M,62.27,80.69,10,228,1638,536,make,Y
P000272,SKU-ENG-000272,Engine Systems Product 00272,finished_good,engine_systems,EA,51.24,83.71,2,163,2002,741,make,Y
P000273,SKU-FAB-000273,Fabricated Frames Product 00273,finished_good,fabricated_frames,EA,116.34,162.82,13,745,2932,280,make,Y
P000274,SKU-ENG-000274,Engine Systems Product 00274,finished_good,engine_systems,EA,75.79,133.42,3,1211,154,449,make,Y
P000275,SKU-CON-000275,Consumer Appliances Product 00275,finished_good,consumer_appliances,EA,58.79,119.75,4,1261,2989,472,make,Y
P000276,SKU-CON-000276,Consumer Appliances Product 00276,finished_good,consumer_appliances,EA,32.66,55.94,14,1493,1015,276,make,Y
P000277,SKU-ENG-000277,Engine Systems Product 00277,finished_good,engine_systems,EA,8.0,11.79,16,432,1542,208,make,Y
P000278,SKU-CON-000278,Consumer Appliances Product 00278,finished_good,consumer_appliances,EA,60.0,121.92,3,16,2863,791,make,Y
P000279,SKU-CON-000279,Consumer Appliances Product 00279,finished_good,consumer_appliances,EA,29.97,56.32,18,365,1442,650,make,Y
P000280,SKU-VEH-000280,Vehicle Electronics Product 00280,finished_good,vehicle_electronics,EA,52.17,88.95,13,611,70,20,make,Y
P000281,SKU-CON-000281,Consumer Appliances Product 00281,finished_good,consumer_appliances,KG,100.59,157.7,8,159,3316,271,make,Y
P000282,SKU-ENG-000282,Engine Systems Product 00282,finished_good,engine_systems,EA,91.29,151.96,15,53,1928,406,make,Y
P000283,SKU-IND-000283,Industrial Pumps Product 00283,finished_good,industrial_pumps,EA,131.17,282.55,13,516,56,396,make,Y
P000284,SKU-VEH-000284,Vehicle Electronics Product 00284,finished_good,vehicle_electronics,EA,10.16,17.73,3,929,2800,352,make,Y
P000285,SKU-IND-000285,Industrial Pumps Product 00285,finished_good,industrial_pumps,EA,40.94,69.99,14,1175,2407,649,make,Y
P000286,SKU-VEH-000286,Vehicle Electronics Product 00286,finished_good,vehicle_electronics,EA,39.21,78.7,13,260,749,425,make,Y
P000287,SKU-IND-000287,Industrial Pumps Product 00287,finished_good,industrial_pumps,KG,30.86,65.82,2,1036,2964,469,make,Y
P000288,SKU-ENG-000288,Engine Systems Product 00288,finished_good,engine_systems,KG,131.03,196.48,4,504,3210,137,make,Y
P000289,SKU-ENG-000289,Engine Systems Product 00289,finished_good,engine_systems,M,33.22,48.98,3,1102,947,652,make,Y
P000290,SKU-IND-000290,Industrial Pumps Product 00290,finished_good,industrial_pumps,M,111.72,249.03,13,441,2111,750,make,Y
P000291,SKU-VEH-000291,Vehicle Electronics Product 00291,finished_good,vehicle_electronics,EA,121.25,252.27,13,79,3201,64,make,Y
P000292,SKU-FAB-000292,Fabricated Frames Product 00292,finished_good,fabricated_frames,L,401.12,730.04,10,1240,209,480,make,Y
P000293,SKU-CON-000293,Consumer Appliances Product 00293,finished_good,consumer_appliances,EA,78.45,173.36,9,602,2810,199,make,Y
P000294,SKU-VEH-000294,Vehicle Electronics Product 00294,finished_good,vehicle_electronics,L,168.27,391.22,10,559,70,702,make,Y
P000295,SKU-FAB-000295,Fabricated Frames Product 00295,finished_good,fabricated_frames,EA,129.03,229.17,17,1394,828,158,make,Y
P000296,SKU-CON-000296,Consumer Appliances Product 00296,finished_good,consumer_appliances,EA,70.14,134.36,16,474,3077,20,make,Y
P000297,SKU-CON-000297,Consumer Appliances Product 00297,finished_good,consumer_appliances,KG,132.76,269.0,17,285,2831,564,make,Y
P000298,SKU-ENG-000298,Engine Systems Product 00298,finished_good,engine_systems,KG,266.45,491.68,5,703,1907,338,make,Y
P000299,SKU-CON-000299,Consumer Appliances Product 00299,finished_good,consumer_appliances,M,213.68,417.08,14,148,1096,116,make,Y
P000300,SKU-FAB-000300,Fabricated Frames Product 00300,finished_good,fabricated_frames,EA,127.06,297.76,9,275,2631,766,make,Y
P000301,SKU-CON-000301,Consumer Appliances Product 00301,finished_good,consumer_appliances,EA,53.63,113.58,10,1204,1756,255,make,Y
P000302,SKU-VEH-000302,Vehicle Electronics Product 00302,finished_good,vehicle_electronics,KG,54.52,104.21,15,1309,323,61,make,Y
P000303,SKU-CON-000303,Consumer Appliances Product 00303,finished_good,consumer_appliances,EA,127.49,248.5,16,885,3052,124,make,Y
P000304,SKU-ENG-000304,Engine Systems Product 00304,finished_good,engine_systems,EA,36.7,55.58,18,336,1695,348,make,Y
P000305,SKU-VEH-000305,Vehicle Electronics Product 00305,finished_good,vehicle_electronics,EA,50.04,93.17,6,1394,1200,734,make,Y
P000306,SKU-FAB-000306,Fabricated Frames Product 00306,finished_good,fabricated_frames,EA,246.56,370.78,14,151,202,795,make,Y
P000307,SKU-VEH-000307,Vehicle Electronics Product 00307,finished_good,vehicle_electronics,EA,66.46,112.78,18,104,491,744,make,Y
P000308,SKU-ENG-000308,Engine Systems Product 00308,finished_good,engine_systems,EA,104.3,152.05,5,158,1533,409,make,Y
P000309,SKU-ENG-000309,Engine Systems Product 00309,finished_good,engine_systems,EA,39.03,70.92,12,1466,3260,692,make,Y
P000310,SKU-ENG-000310,Engine Systems Product 00310,finished_good,engine_systems,EA,115.36,214.6,10,1047,1687,313,make,Y
P000311,SKU-VEH-000311,Vehicle Electronics Product 00311,finished_good,vehicle_electronics,KG,25.25,45.64,10,1031,1836,40,make,Y
P000312,SKU-VEH-000312,Vehicle Electronics Product 00312,finished_good,vehicle_electronics,EA,93.63,174.28,10,230,2965,414,make,Y
P000313,SKU-ENG-000313,Engine Systems Product 00313,finished_good,engine_systems,EA,45.69,85.41,18,1072,1901,109,make,Y
P000314,SKU-VEH-000314,Vehicle Electronics Product 00314,finished_good,vehicle_electronics,EA,46.11,67.93,4,694,1840,371,make,Y
P000315,SKU-VEH-000315,Vehicle Electronics Product 00315,finished_good,vehicle_electronics,EA,68.69,167.73,4,1456,3103,28,make,Y
P000316,SKU-IND-000316,Industrial Pumps Product 00316,finished_good,industrial_pumps,KG,56.24,103.45,6,859,3082,41,make,Y
P000317,SKU-CON-000317,Consumer Appliances Product 00317,finished_good,consumer_appliances,EA,48.92,65.45,15,958,1812,580,make,Y
P000318,SKU-IND-000318,Industrial Pumps Product 00318,finished_good,industrial_pumps,EA,42.72,83.05,16,1192,2103,569,make,Y
P000319,SKU-VEH-000319,Vehicle Electronics Product 00319,finished_good,vehicle_electronics,EA,29.51,51.97,17,1240,145,584,make,Y
P000320,SKU-CON-000320,Consumer Appliances Product 00320,finished_good,consumer_appliances,EA,75.76,127.44,3,474,1544,750,make,Y
P000321,SKU-FAB-000321,Fabricated Frames Product 00321,finished_good,fabricated_frames,EA,27.58,45.49,8,1257,314,643,make,Y
P000322,SKU-IND-000322,Industrial Pumps Product 00322,finished_good,industrial_pumps,L,638.21,1396.37,9,312,1882,702,make,Y
P000323,SKU-ENG-000323,Engine Systems Product 00323,finished_good,engine_systems,EA,49.76,96.82,16,366,1269,123,make,Y
P000324,SKU-FAB-000324,Fabricated Frames Product 00324,finished_good,fabricated_frames,EA,45.79,92.23,3,816,2029,50,make,Y
P000325,SKU-VEH-000325,Vehicle Electronics Product 00325,finished_good,vehicle_electronics,EA,106.36,222.69,14,1101,2942,240,make,Y
P000326,SKU-IND-000326,Industrial Pumps Product 00326,finished_good,industrial_pumps,M,76.39,167.14,13,102,2720,306,make,Y
P000327,SKU-VEH-000327,Vehicle Electronics Product 00327,finished_good,vehicle_electronics,EA,156.86,291.53,6,1145,1958,365,make,Y
P000328,SKU-ENG-000328,Engine Systems Product 00328,finished_good,engine_systems,EA,63.77,106.49,12,582,920,750,make,Y
P000329,SKU-IND-000329,Industrial Pumps Product 00329,finished_good,industrial_pumps,EA,269.16,459.04,12,1469,2062,613,make,Y
P000330,SKU-VEH-000330,Vehicle Electronics Product 00330,finished_good,vehicle_electronics,EA,51.67,116.82,16,325,2645,547,make,Y
P000331,SKU-VEH-000331,Vehicle Electronics Product 00331,finished_good,vehicle_electronics,EA,183.73,381.34,8,847,497,91,make,Y
P000332,SKU-IND-000332,Industrial Pumps Product 00332,finished_good,industrial_pumps,EA,246.44,352.41,6,1333,160,389,make,Y
P000333,SKU-VEH-000333,Vehicle Electronics Product 00333,finished_good,vehicle_electronics,KG,257.26,618.82,8,1010,1217,64,make,Y
P000334,SKU-VEH-000334,Vehicle Electronics Product 00334,finished_good,vehicle_electronics,EA,81.04,126.32,12,867,344,22,make,Y
P000335,SKU-VEH-000335,Vehicle Electronics Product 00335,finished_good,vehicle_electronics,EA,36.22,80.45,7,990,1076,405,make,Y
P000336,SKU-VEH-000336,Vehicle Electronics Product 00336,finished_good,vehicle_electronics,EA,118.48,189.73,7,1446,2585,546,make,Y
P000337,SKU-ENG-000337,Engine Systems Product 00337,finished_good,engine_systems,L,23.73,44.72,7,320,2660,666,make,Y
P000338,SKU-ENG-000338,Engine Systems Product 00338,finished_good,engine_systems,EA,56.38,77.84,10,449,1450,139,make,Y
P000339,SKU-IND-000339,Industrial Pumps Product 00339,finished_good,industrial_pumps,EA,67.05,146.31,3,1396,1430,124,make,Y
P000340,SKU-CON-000340,Consumer Appliances Product 00340,finished_good,consumer_appliances,KG,54.13,76.51,18,1323,111,195,make,Y
P000341,SKU-VEH-000341,Vehicle Electronics Product 00341,finished_good,vehicle_electronics,L,126.03,235.07,14,1210,2595,490,make,Y
P000342,SKU-ENG-000342,Engine Systems Product 00342,finished_good,engine_systems,EA,67.11,129.24,8,300,3300,27,make,Y
P000343,SKU-VEH-000343,Vehicle Electronics Product 00343,finished_good,vehicle_electronics,EA,30.65,66.81,8,1078,3327,747,make,Y
P000344,SKU-VEH-000344,Vehicle Electronics Product 00344,finished_good,vehicle_electronics,KG,85.57,197.66,15,1187,196,129,make,Y
P000345,SKU-VEH-000345,Vehicle Electronics Product 00345,finished_good,vehicle_electronics,KG,121.27,224.79,16,61,377,642,make,Y
P000346,SKU-CON-000346,Consumer Appliances Product 00346,finished_good,consumer_appliances,EA,42.16,77.49,12,368,3169,437,make,Y
P000347,SKU-ENG-000347,Engine Systems Product 00347,finished_good,engine_systems,KG,29.2,58.03,18,374,455,681,make,Y
P000348,SKU-VEH-000348,Vehicle Electronics Product 00348,finished_good,vehicle_electronics,M,40.7,58.66,15,1092,2512,121,make,Y
P000349,SKU-ENG-000349,Engine Systems Product 00349,finished_good,engine_systems,EA,41.45,73.5,2,1186,624,713,make,Y
P000350,SKU-ENG-000350,Engine Systems Product 00350,finished_good,engine_systems,KG,23.96,36.04,7,977,552,722,make,Y
P000351,SKU-IND-000351,Industrial Pumps Product 00351,finished_good,industrial_pumps,KG,362.11,803.59,14,659,89,168,make,Y
P000352,SKU-CON-000352,Consumer Appliances Product 00352,finished_good,consumer_appliances,EA,223.06,533.1,10,1057,2677,258,make,Y
P000353,SKU-CON-000353,Consumer Appliances Product 00353,finished_good,consumer_appliances,KG,39.16,73.44,14,431,633,437,make,Y
P000354,SKU-CON-000354,Consumer Appliances Product 00354,finished_good,consumer_appliances,EA,60.69,112.8,14,560,986,222,make,Y
P000355,SKU-ENG-000355,Engine Systems Product 00355,finished_good,engine_systems,EA,31.61,46.31,10,849,1002,197,make,Y
P000356,SKU-IND-000356,Industrial Pumps Product 00356,finished_good,industrial_pumps,EA,88.96,213.94,2,1004,641,630,make,Y
P000357,SKU-IND-000357,Industrial Pumps Product 00357,finished_good,industrial_pumps,EA,49.68,69.11,15,733,3346,303,make,Y
P000358,SKU-VEH-000358,Vehicle Electronics Product 00358,finished_good,vehicle_electronics,EA,273.8,406.21,12,1256,748,232,make,Y
P000359,SKU-IND-000359,Industrial Pumps Product 00359,finished_good,industrial_pumps,EA,15.45,24.17,10,194,2824,603,make,Y
P000360,SKU-CON-000360,Consumer Appliances Product 00360,finished_good,consumer_appliances,EA,111.97,200.18,10,202,1460,64,make,Y
P000361,SKU-CON-000361,Consumer Appliances Product 00361,finished_good,consumer_appliances,EA,22.63,31.45,2,21,2825,475,make,Y
P000362,SKU-IND-000362,Industrial Pumps Product 00362,finished_good,industrial_pumps,EA,105.83,142.96,8,1010,2454,309,make,Y
P000363,SKU-IND-000363,Industrial Pumps Product 00363,finished_good,industrial_pumps,EA,61.62,87.66,10,115,2630,326,make,Y
P000364,SKU-IND-000364,Industrial Pumps Product 00364,finished_good,industrial_pumps,EA,27.44,65.21,6,1007,2413,120,make,Y
P000365,SKU-CON-000365,Consumer Appliances Product 00365,finished_good,consumer_appliances,EA,24.72,57.95,2,90,460,123,make,Y
P000366,SKU-ENG-000366,Engine Systems Product 00366,finished_good,engine_systems,EA,44.63,94.61,5,195,563,255,make,Y
P000367,SKU-ENG-000367,Engine Systems Product 00367,finished_good,engine_systems,KG,27.87,41.2,5,186,50,196,make,Y
P000368,SKU-IND-000368,Industrial Pumps Product 00368,finished_good,industrial_pumps,EA,78.02,120.51,15,498,1639,113,make,Y
P000369,SKU-VEH-000369,Vehicle Electronics Product 00369,finished_good,vehicle_electronics,EA,33.58,46.38,6,1043,162,261,make,Y
P000370,SKU-IND-000370,Industrial Pumps Product 00370,finished_good,industrial_pumps,EA,84.46,181.15,9,691,2967,690,make,Y
P000371,SKU-ENG-000371,Engine Systems Product 00371,finished_good,engine_systems,EA,72.11,165.03,12,989,2239,730,make,Y
P000372,SKU-FAB-000372,Fabricated Frames Product 00372,finished_good,fabricated_frames,EA,104.42,215.44,11,861,3002,303,make,Y
P000373,SKU-FAB-000373,Fabricated Frames Product 00373,finished_good,fabricated_frames,EA,67.98,114.92,10,1039,2929,301,make,Y
P000374,SKU-VEH-000374,Vehicle Electronics Product 00374,finished_good,vehicle_electronics,EA,122.09,165.56,12,1179,3319,700,make,Y
P000375,SKU-ENG-000375,Engine Systems Product 00375,finished_good,engine_systems,EA,335.52,705.01,16,1023,3300,72,make,Y
P000376,SKU-VEH-000376,Vehicle Electronics Product 00376,finished_good,vehicle_electronics,EA,8.74,13.1,4,1344,3112,151,make,Y
P000377,SKU-ENG-000377,Engine Systems Product 00377,finished_good,engine_systems,EA,31.74,51.3,6,1171,2654,531,make,Y
P000378,SKU-IND-000378,Industrial Pumps Product 00378,finished_good,industrial_pumps,EA,19.87,31.72,4,1076,3430,489,make,Y
P000379,SKU-VEH-000379,Vehicle Electronics Product 00379,finished_good,vehicle_electronics,EA,57.74,74.54,15,983,331,219,make,Y
P000380,SKU-ENG-000380,Engine Systems Product 00380,finished_good,engine_systems,EA,73.22,164.74,2,351,2689,246,make,Y
P000381,SKU-VEH-000381,Vehicle Electronics Product 00381,finished_good,vehicle_electronics,EA,111.38,204.17,8,945,2444,548,make,Y
P000382,SKU-IND-000382,Industrial Pumps Product 00382,finished_good,industrial_pumps,EA,11.56,18.07,13,628,3356,293,make,Y
P000383,SKU-FAB-000383,Fabricated Frames Product 00383,finished_good,fabricated_frames,EA,127.53,245.39,16,1419,1155,183,make,Y
P000384,SKU-ENG-000384,Engine Systems Product 00384,finished_good,engine_systems,EA,94.84,160.55,11,837,670,328,make,Y
P000385,SKU-ENG-000385,Engine Systems Product 00385,finished_good,engine_systems,EA,29.77,63.75,2,494,2210,183,make,Y
P000386,SKU-FAB-000386,Fabricated Frames Product 00386,finished_good,fabricated_frames,EA,115.05,198.93,10,1438,3129,42,make,Y
P000387,SKU-IND-000387,Industrial Pumps Product 00387,finished_good,industrial_pumps,EA,14.65,34.54,11,1192,1861,59,make,Y
P000388,SKU-CON-000388,Consumer Appliances Product 00388,finished_good,consumer_appliances,EA,40.59,84.83,11,1153,1077,607,make,Y
P000389,SKU-FAB-000389,Fabricated Frames Product 00389,finished_good,fabricated_frames,EA,72.47,173.93,15,909,527,175,make,Y
P000390,SKU-ENG-000390,Engine Systems Product 00390,finished_good,engine_systems,EA,11.93,17.34,7,193,3123,653,make,Y
P000391,SKU-ENG-000391,Engine Systems Product 00391,finished_good,engine_systems,EA,23.55,39.43,14,558,577,314,make,Y
P000392,SKU-IND-000392,Industrial Pumps Product 00392,finished_good,industrial_pumps,EA,37.04,80.06,15,273,1413,100,make,Y
P000393,SKU-ENG-000393,Engine Systems Product 00393,finished_good,engine_systems,KG,176.16,401.36,9,1393,3072,306,make,Y
P000394,SKU-FAB-000394,Fabricated Frames Product 00394,finished_good,fabricated_frames,EA,42.62,104.09,8,299,1010,139,make,Y
P000395,SKU-VEH-000395,Vehicle Electronics Product 00395,finished_good,vehicle_electronics,EA,406.49,861.48,16,862,3186,560,make,Y
P000396,SKU-VEH-000396,Vehicle Electronics Product 00396,finished_good,vehicle_electronics,EA,95.1,198.27,2,693,405,770,make,Y
P000397,SKU-CON-000397,Consumer Appliances Product 00397,finished_good,consumer_appliances,EA,77.61,163.28,6,479,2339,318,make,Y
P000398,SKU-ENG-000398,Engine Systems Product 00398,finished_good,engine_systems,KG,114.33,202.96,16,883,2594,701,make,Y
P000399,SKU-ENG-000399,Engine Systems Product 00399,finished_good,engine_systems,EA,34.26,52.94,15,1394,2150,609,make,Y
P000400,SKU-CON-000400,Consumer Appliances Product 00400,finished_good,consumer_appliances,EA,125.11,278.57,14,1471,3351,710,make,Y
P000401,SKU-IND-000401,Industrial Pumps Product 00401,finished_good,industrial_pumps,KG,51.18,111.82,17,196,1497,578,make,Y
P000402,SKU-ENG-000402,Engine Systems Product 00402,finished_good,engine_systems,EA,120.06,190.72,16,592,3176,376,make,Y
P000403,SKU-ENG-000403,Engine Systems Product 00403,finished_good,engine_systems,EA,18.75,36.84,2,779,1728,219,make,Y
P000404,SKU-VEH-000404,Vehicle Electronics Product 00404,finished_good,vehicle_electronics,EA,114.54,220.07,17,739,790,285,make,Y
P000405,SKU-VEH-000405,Vehicle Electronics Product 00405,finished_good,vehicle_electronics,EA,36.83,70.06,3,690,2743,644,make,Y
P000406,SKU-CON-000406,Consumer Appliances Product 00406,finished_good,consumer_appliances,EA,20.16,41.02,8,1293,286,272,make,Y
P000407,SKU-FAB-000407,Fabricated Frames Product 00407,finished_good,fabricated_frames,EA,81.55,116.34,14,377,1546,370,make,Y
P000408,SKU-CON-000408,Consumer Appliances Product 00408,finished_good,consumer_appliances,EA,123.52,207.88,18,870,224,218,make,Y
P000409,SKU-VEH-000409,Vehicle Electronics Product 00409,finished_good,vehicle_electronics,M,47.53,96.53,8,1153,1546,584,make,Y
P000410,SKU-CON-000410,Consumer Appliances Product 00410,finished_good,consumer_appliances,EA,37.35,90.99,6,956,3009,117,make,Y
P000411,SKU-ENG-000411,Engine Systems Product 00411,finished_good,engine_systems,EA,20.1,35.14,18,63,2309,527,make,Y
P000412,SKU-IND-000412,Industrial Pumps Product 00412,finished_good,industrial_pumps,EA,43.18,57.05,13,1386,160,37,make,Y
P000413,SKU-IND-000413,Industrial Pumps Product 00413,finished_good,industrial_pumps,EA,97.76,143.14,17,1038,475,757,make,Y
P000414,SKU-IND-000414,Industrial Pumps Product 00414,finished_good,industrial_pumps,EA,39.82,63.83,8,67,2119,648,make,Y
P000415,SKU-IND-000415,Industrial Pumps Product 00415,finished_good,industrial_pumps,EA,38.45,79.68,11,1458,686,175,make,Y
P000416,SKU-VEH-000416,Vehicle Electronics Product 00416,finished_good,vehicle_electronics,L,37.92,77.93,11,1102,3150,436,make,Y
P000417,SKU-FAB-000417,Fabricated Frames Product 00417,finished_good,fabricated_frames,KG,37.32,91.41,18,245,3373,568,make,Y
P000418,SKU-CON-000418,Consumer Appliances Product 00418,finished_good,consumer_appliances,EA,101.32,195.7,4,314,1306,682,make,Y
P000419,SKU-CON-000419,Consumer Appliances Product 00419,finished_good,consumer_appliances,EA,63.34,110.61,10,1090,543,313,make,Y
P000420,SKU-VEH-000420,Vehicle Electronics Product 00420,finished_good,vehicle_electronics,EA,46.77,66.67,9,169,2530,214,make,Y
P000421,SKU-ENG-000421,Engine Systems Product 00421,finished_good,engine_systems,EA,71.0,93.5,5,827,418,73,make,Y
P000422,SKU-ENG-000422,Engine Systems Product 00422,finished_good,engine_systems,EA,99.35,137.71,2,1157,638,507,make,Y
P000423,SKU-ENG-000423,Engine Systems Product 00423,finished_good,engine_systems,EA,58.23,85.53,10,339,932,143,make,Y
P000424,SKU-ENG-000424,Engine Systems Product 00424,finished_good,engine_systems,L,16.99,30.32,7,995,3335,77,make,Y
P000425,SKU-FAB-000425,Fabricated Frames Product 00425,finished_good,fabricated_frames,EA,61.15,103.05,16,379,192,286,make,Y
P000426,SKU-FAB-000426,Fabricated Frames Product 00426,finished_good,fabricated_frames,EA,60.38,144.33,7,295,121,535,make,Y
P000427,SKU-ENG-000427,Engine Systems Product 00427,finished_good,engine_systems,EA,47.17,107.76,14,1350,2827,780,make,Y
P000428,SKU-ENG-000428,Engine Systems Product 00428,finished_good,engine_systems,EA,42.76,69.14,2,1305,639,316,make,Y
P000429,SKU-VEH-000429,Vehicle Electronics Product 00429,finished_good,vehicle_electronics,M,47.25,115.52,6,1020,1228,777,make,Y
P000430,SKU-FAB-000430,Fabricated Frames Product 00430,finished_good,fabricated_frames,M,30.69,67.38,10,73,1316,352,make,Y
P000431,SKU-ENG-000431,Engine Systems Product 00431,finished_good,engine_systems,EA,15.58,28.25,4,516,1422,725,make,Y
P000432,SKU-FAB-000432,Fabricated Frames Product 00432,finished_good,fabricated_frames,EA,50.94,106.3,15,1427,649,631,make,Y
P000433,SKU-IND-000433,Industrial Pumps Product 00433,finished_good,industrial_pumps,EA,43.18,66.43,16,1290,289,185,make,Y
P000434,SKU-FAB-000434,Fabricated Frames Product 00434,finished_good,fabricated_frames,KG,161.17,335.98,4,1311,2493,606,make,Y
P000435,SKU-VEH-000435,Vehicle Electronics Product 00435,finished_good,vehicle_electronics,KG,37.17,74.78,12,1423,1754,625,make,Y
P000436,SKU-FAB-000436,Fabricated Frames Product 00436,finished_good,fabricated_frames,EA,55.96,88.48,4,397,876,406,make,Y
P000437,SKU-CON-000437,Consumer Appliances Product 00437,finished_good,consumer_appliances,EA,119.02,179.84,9,1022,794,33,make,Y
P000438,SKU-ENG-000438,Engine Systems Product 00438,finished_good,engine_systems,EA,62.97,86.05,12,124,1582,53,make,Y
P000439,SKU-CON-000439,Consumer Appliances Product 00439,finished_good,consumer_appliances,KG,91.34,196.86,16,555,1721,669,make,Y
P000440,SKU-VEH-000440,Vehicle Electronics Product 00440,finished_good,vehicle_electronics,EA,58.57,78.91,17,384,1822,405,make,Y
P000441,SKU-VEH-000441,Vehicle Electronics Product 00441,finished_good,vehicle_electronics,EA,30.27,51.47,10,1096,522,11,make,Y
P000442,SKU-FAB-000442,Fabricated Frames Product 00442,finished_good,fabricated_frames,KG,274.6,551.2,7,621,2661,536,make,Y
P000443,SKU-ENG-000443,Engine Systems Product 00443,finished_good,engine_systems,KG,75.45,124.48,10,816,1317,355,make,Y
P000444,SKU-VEH-000444,Vehicle Electronics Product 00444,finished_good,vehicle_electronics,M,120.95,182.97,3,132,1318,338,make,Y
P000445,SKU-CON-000445,Consumer Appliances Product 00445,finished_good,consumer_appliances,EA,124.15,199.02,3,205,58,411,make,Y
P000446,SKU-FAB-000446,Fabricated Frames Product 00446,finished_good,fabricated_frames,EA,42.52,88.57,17,1494,2121,609,make,Y
P000447,SKU-VEH-000447,Vehicle Electronics Product 00447,finished_good,vehicle_electronics,EA,168.83,288.53,18,238,741,169,make,Y
P000448,SKU-FAB-000448,Fabricated Frames Product 00448,finished_good,fabricated_frames,EA,42.36,84.8,10,1388,3291,166,make,Y
P000449,SKU-ENG-000449,Engine Systems Product 00449,finished_good,engine_systems,EA,112.23,255.9,7,1095,439,691,make,Y
P000450,SKU-ENG-000450,Engine Systems Product 00450,finished_good,engine_systems,L,34.36,59.3,13,1335,1216,525,make,Y
P000451,SKU-FAB-000451,Fabricated Frames Product 00451,finished_good,fabricated_frames,KG,32.43,43.83,3,105,1494,668,make,Y
P000452,SKU-CON-000452,Consumer Appliances Product 00452,finished_good,consumer_appliances,EA,62.0,91.82,6,988,2151,754,make,Y
P000453,SKU-ENG-000453,Engine Systems Product 00453,finished_good,engine_systems,M,105.36,255.75,11,1125,2643,740,make,Y
P000454,SKU-CON-000454,Consumer Appliances Product 00454,finished_good,consumer_appliances,EA,24.63,52.66,5,337,1677,762,make,Y
P000455,SKU-FAB-000455,Fabricated Frames Product 00455,finished_good,fabricated_frames,KG,90.31,153.59,9,1284,1309,606,make,Y
P000456,SKU-FAB-000456,Fabricated Frames Product 00456,finished_good,fabricated_frames,KG,218.6,283.76,15,173,2601,449,make,Y
P000457,SKU-FAB-000457,Fabricated Frames Product 00457,finished_good,fabricated_frames,EA,158.76,302.18,15,472,1900,296,make,Y
P000458,SKU-IND-000458,Industrial Pumps Product 00458,finished_good,industrial_pumps,KG,60.48,134.64,5,1300,2860,204,make,Y
P000459,SKU-IND-000459,Industrial Pumps Product 00459,finished_good,industrial_pumps,M,17.17,40.9,5,470,1561,528,make,Y
P000460,SKU-FAB-000460,Fabricated Frames Product 00460,finished_good,fabricated_frames,EA,97.33,145.44,15,1143,514,479,make,Y
P000461,SKU-ENG-000461,Engine Systems Product 00461,finished_good,engine_systems,EA,86.2,207.78,3,547,2011,203,make,Y
P000462,SKU-ENG-000462,Engine Systems Product 00462,finished_good,engine_systems,EA,76.68,121.54,3,218,3050,60,make,Y
P000463,SKU-VEH-000463,Vehicle Electronics Product 00463,finished_good,vehicle_electronics,EA,153.19,272.27,13,1062,3222,734,make,Y
P000464,SKU-ENG-000464,Engine Systems Product 00464,finished_good,engine_systems,EA,80.66,152.03,14,715,2179,316,make,Y
P000465,SKU-VEH-000465,Vehicle Electronics Product 00465,finished_good,vehicle_electronics,M,66.86,120.52,2,1415,1900,754,make,Y
P000466,SKU-ENG-000466,Engine Systems Product 00466,finished_good,engine_systems,EA,44.58,107.13,15,127,1968,412,make,Y
P000467,SKU-IND-000467,Industrial Pumps Product 00467,finished_good,industrial_pumps,EA,46.26,64.09,11,712,2477,684,make,Y
P000468,SKU-IND-000468,Industrial Pumps Product 00468,finished_good,industrial_pumps,KG,110.55,177.71,10,794,1455,581,make,Y
P000469,SKU-FAB-000469,Fabricated Frames Product 00469,finished_good,fabricated_frames,EA,27.25,59.78,14,1179,1691,524,make,Y
P000470,SKU-IND-000470,Industrial Pumps Product 00470,finished_good,industrial_pumps,EA,58.4,135.77,17,129,41,463,make,Y
P000471,SKU-CON-000471,Consumer Appliances Product 00471,finished_good,consumer_appliances,L,25.59,61.41,5,1060,1114,410,make,Y
P000472,SKU-VEH-000472,Vehicle Electronics Product 00472,finished_good,vehicle_electronics,EA,82.28,187.13,7,1395,2546,123,make,Y
P000473,SKU-VEH-000473,Vehicle Electronics Product 00473,finished_good,vehicle_electronics,EA,44.07,90.72,5,1371,506,255,make,Y
P000474,SKU-VEH-000474,Vehicle Electronics Product 00474,finished_good,vehicle_electronics,KG,61.5,113.98,12,1177,846,468,make,Y
P000475,SKU-FAB-000475,Fabricated Frames Product 00475,finished_good,fabricated_frames,EA,306.98,406.43,6,1052,3097,392,make,Y
P000476,SKU-IND-000476,Industrial Pumps Product 00476,finished_good,industrial_pumps,EA,186.29,426.25,17,304,1536,641,make,Y
P000477,SKU-IND-000477,Industrial Pumps Product 00477,finished_good,industrial_pumps,EA,73.98,172.88,18,1173,2778,365,make,Y
P000478,SKU-IND-000478,Industrial Pumps Product 00478,finished_good,industrial_pumps,L,43.69,68.35,3,773,1108,450,make,Y
P000479,SKU-FAB-000479,Fabricated Frames Product 00479,finished_good,fabricated_frames,EA,84.91,122.65,5,65,2394,747,make,Y
P000480,SKU-VEH-000480,Vehicle Electronics Product 00480,finished_good,vehicle_electronics,EA,80.05,125.87,12,502,1611,601,make,Y
P000481,SKU-FAB-000481,Fabricated Frames Product 00481,finished_good,fabricated_frames,EA,20.32,32.88,12,1196,2395,723,make,Y
P000482,SKU-ENG-000482,Engine Systems Product 00482,finished_good,engine_systems,EA,110.1,211.62,4,322,483,674,make,Y
P000483,SKU-IND-000483,Industrial Pumps Product 00483,finished_good,industrial_pumps,EA,247.24,454.11,9,1441,1652,352,make,Y
P000484,SKU-CON-000484,Consumer Appliances Product 00484,finished_good,consumer_appliances,EA,44.95,60.95,10,705,2867,464,make,Y
P000485,SKU-VEH-000485,Vehicle Electronics Product 00485,finished_good,vehicle_electronics,EA,30.22,69.25,7,435,1250,252,make,Y
P000486,SKU-CON-000486,Consumer Appliances Product 00486,finished_good,consumer_appliances,EA,38.55,89.56,12,921,2808,486,make,Y
P000487,SKU-ENG-000487,Engine Systems Product 00487,finished_good,engine_systems,EA,60.11,101.82,2,53,1422,667,make,Y
P000488,SKU-ENG-000488,Engine Systems Product 00488,finished_good,engine_systems,EA,8.0,18.26,6,935,662,372,make,Y
P000489,SKU-VEH-000489,Vehicle Electronics Product 00489,finished_good,vehicle_electronics,EA,159.15,250.16,16,1390,1291,94,make,Y
P000490,SKU-ENG-000490,Engine Systems Product 00490,finished_good,engine_systems,EA,112.88,207.12,12,103,2870,359,make,Y
P000491,SKU-ENG-000491,Engine Systems Product 00491,finished_good,engine_systems,EA,139.1,227.6,4,789,2876,399,make,Y
P000492,SKU-ENG-000492,Engine Systems Product 00492,finished_good,engine_systems,EA,49.39,76.84,8,518,971,195,make,Y
P000493,SKU-ENG-000493,Engine Systems Product 00493,finished_good,engine_systems,EA,167.72,300.88,2,1271,2044,766,make,Y
P000494,SKU-IND-000494,Industrial Pumps Product 00494,finished_good,industrial_pumps,KG,54.76,113.14,5,708,934,67,make,Y
P000495,SKU-VEH-000495,Vehicle Electronics Product 00495,finished_good,vehicle_electronics,EA,115.22,154.24,16,1356,2095,639,make,Y
P000496,SKU-IND-000496,Industrial Pumps Product 00496,finished_good,industrial_pumps,EA,39.67,64.93,5,1145,1524,366,make,Y
P000497,SKU-CON-000497,Consumer Appliances Product 00497,finished_good,consumer_appliances,KG,38.26,91.18,11,819,2991,630,make,Y
P000498,SKU-VEH-000498,Vehicle Electronics Product 00498,finished_good,vehicle_electronics,EA,89.83,139.28,2,606,2283,213,make,Y
P000499,SKU-FAB-000499,Fabricated Frames Product 00499,finished_good,fabricated_frames,EA,125.21,211.92,13,1285,1703,518,make,Y
P000500,SKU-ENG-000500,Engine Systems Product 00500,finished_good,engine_systems,EA,15.2,31.47,5,315,93,51,make,Y
P000501,SKU-VEH-000501,Vehicle Electronics Product 00501,finished_good,vehicle_electronics,EA,218.41,450.47,7,736,395,109,make,Y
P000502,SKU-FAB-000502,Fabricated Frames Product 00502,finished_good,fabricated_frames,EA,87.97,180.79,7,1499,746,192,make,Y
P000503,SKU-FAB-000503,Fabricated Frames Product 00503,finished_good,fabricated_frames,EA,116.89,156.12,10,167,1745,139,make,Y
P000504,SKU-VEH-000504,Vehicle Electronics Product 00504,finished_good,vehicle_electronics,EA,115.58,167.93,13,301,1949,92,make,Y
P000505,SKU-VEH-000505,Vehicle Electronics Product 00505,finished_good,vehicle_electronics,EA,18.14,29.72,11,1007,2761,225,make,Y
P000506,SKU-CON-000506,Consumer Appliances Product 00506,finished_good,consumer_appliances,EA,40.42,64.92,7,381,500,727,make,Y
P000507,SKU-VEH-000507,Vehicle Electronics Product 00507,finished_good,vehicle_electronics,EA,61.53,125.24,17,826,1946,347,make,Y
P000508,SKU-ENG-000508,Engine Systems Product 00508,finished_good,engine_systems,EA,30.57,74.29,18,280,2926,231,make,Y
P000509,SKU-IND-000509,Industrial Pumps Product 00509,finished_good,industrial_pumps,KG,79.87,117.39,3,1195,1928,639,make,Y
P000510,SKU-ENG-000510,Engine Systems Product 00510,finished_good,engine_systems,EA,18.24,40.89,18,142,3051,45,make,Y
P000511,SKU-IND-000511,Industrial Pumps Product 00511,finished_good,industrial_pumps,EA,405.87,591.94,14,1047,693,464,make,Y
P000512,SKU-VEH-000512,Vehicle Electronics Product 00512,finished_good,vehicle_electronics,EA,62.9,133.6,5,1320,3022,275,make,Y
P000513,SKU-IND-000513,Industrial Pumps Product 00513,finished_good,industrial_pumps,EA,92.85,119.0,16,541,163,382,make,Y
P000514,SKU-CON-000514,Consumer Appliances Product 00514,finished_good,consumer_appliances,L,78.19,182.57,7,318,1107,69,make,Y
P000515,SKU-CON-000515,Consumer Appliances Product 00515,finished_good,consumer_appliances,M,30.1,67.42,11,655,3143,70,make,Y
P000516,SKU-ENG-000516,Engine Systems Product 00516,finished_good,engine_systems,EA,62.11,102.96,3,1358,1816,538,make,Y
P000517,SKU-VEH-000517,Vehicle Electronics Product 00517,finished_good,vehicle_electronics,M,234.5,500.88,4,248,1923,12,make,Y
P000518,SKU-ENG-000518,Engine Systems Product 00518,finished_good,engine_systems,KG,29.3,49.87,8,1298,2629,478,make,Y
P000519,SKU-FAB-000519,Fabricated Frames Product 00519,finished_good,fabricated_frames,EA,82.21,163.62,16,1396,646,687,make,Y
P000520,SKU-ENG-000520,Engine Systems Product 00520,finished_good,engine_systems,EA,113.78,231.27,7,296,164,531,make,Y
P000521,SKU-FAB-000521,Fabricated Frames Product 00521,finished_good,fabricated_frames,KG,85.86,153.46,2,1336,1891,137,make,Y
P000522,SKU-CON-000522,Consumer Appliances Product 00522,finished_good,consumer_appliances,EA,55.54,130.51,10,736,1765,120,make,Y
P000523,SKU-IND-000523,Industrial Pumps Product 00523,finished_good,industrial_pumps,KG,34.99,57.87,2,646,350,492,make,Y
P000524,SKU-VEH-000524,Vehicle Electronics Product 00524,finished_good,vehicle_electronics,EA,31.26,63.84,2,512,1251,415,make,Y
P000525,SKU-VEH-000525,Vehicle Electronics Product 00525,finished_good,vehicle_electronics,KG,43.12,71.92,8,1291,3130,513,make,Y
P000526,SKU-ENG-000526,Engine Systems Product 00526,finished_good,engine_systems,EA,34.73,54.13,13,1071,2394,21,make,Y
P000527,SKU-VEH-000527,Vehicle Electronics Product 00527,finished_good,vehicle_electronics,KG,265.91,646.36,8,247,423,412,make,Y
P000528,SKU-CON-000528,Consumer Appliances Product 00528,finished_good,consumer_appliances,KG,47.9,115.11,7,99,239,215,make,Y
P000529,SKU-FAB-000529,Fabricated Frames Product 00529,finished_good,fabricated_frames,EA,91.23,125.86,13,92,1782,501,make,Y
P000530,SKU-VEH-000530,Vehicle Electronics Product 00530,finished_good,vehicle_electronics,EA,30.89,49.45,5,1463,748,721,make,Y
P000531,SKU-VEH-000531,Vehicle Electronics Product 00531,finished_good,vehicle_electronics,EA,55.4,124.35,11,1209,1027,635,make,Y
P000532,SKU-ENG-000532,Engine Systems Product 00532,finished_good,engine_systems,EA,50.97,110.1,16,1210,3267,497,make,Y
P000533,SKU-ENG-000533,Engine Systems Product 00533,finished_good,engine_systems,EA,75.71,155.56,16,199,2895,341,make,Y
P000534,SKU-CON-000534,Consumer Appliances Product 00534,finished_good,consumer_appliances,EA,53.3,109.65,8,1290,218,139,make,Y
P000535,SKU-CON-000535,Consumer Appliances Product 00535,finished_good,consumer_appliances,EA,51.91,73.13,18,333,1958,477,make,Y
P000536,SKU-IND-000536,Industrial Pumps Product 00536,finished_good,industrial_pumps,EA,72.23,160.49,17,628,3103,231,make,Y
P000537,SKU-VEH-000537,Vehicle Electronics Product 00537,finished_good,vehicle_electronics,M,42.79,87.75,6,744,182,791,make,Y
P000538,SKU-IND-000538,Industrial Pumps Product 00538,finished_good,industrial_pumps,KG,194.33,473.76,3,784,1089,391,make,Y
P000539,SKU-VEH-000539,Vehicle Electronics Product 00539,finished_good,vehicle_electronics,EA,72.97,144.68,13,1286,1428,727,make,Y
P000540,SKU-CON-000540,Consumer Appliances Product 00540,finished_good,consumer_appliances,EA,32.72,64.01,15,974,1905,50,make,Y
P000541,SKU-ENG-000541,Engine Systems Product 00541,finished_good,engine_systems,KG,235.43,490.78,18,827,2236,193,make,Y
P000542,SKU-CON-000542,Consumer Appliances Product 00542,finished_good,consumer_appliances,EA,190.47,375.93,7,140,612,188,make,Y
P000543,SKU-CON-000543,Consumer Appliances Product 00543,finished_good,consumer_appliances,EA,112.59,168.7,6,1320,348,466,make,Y
P000544,SKU-IND-000544,Industrial Pumps Product 00544,finished_good,industrial_pumps,KG,39.85,56.77,12,1178,1987,289,make,Y
P000545,SKU-VEH-000545,Vehicle Electronics Product 00545,finished_good,vehicle_electronics,M,59.2,80.79,6,1156,1426,665,make,Y
P000546,SKU-VEH-000546,Vehicle Electronics Product 00546,finished_good,vehicle_electronics,L,91.79,133.27,17,279,147,300,make,Y
P000547,SKU-FAB-000547,Fabricated Frames Product 00547,finished_good,fabricated_frames,EA,180.54,400.75,18,974,541,506,make,Y
P000548,SKU-VEH-000548,Vehicle Electronics Product 00548,finished_good,vehicle_electronics,EA,35.86,76.73,18,1492,2902,645,make,Y
P000549,SKU-FAB-000549,Fabricated Frames Product 00549,finished_good,fabricated_frames,EA,47.52,96.64,9,1287,560,355,make,Y
P000550,SKU-IND-000550,Industrial Pumps Product 00550,finished_good,industrial_pumps,EA,74.96,131.89,3,532,201,75,make,Y
P000551,SKU-ENG-000551,Engine Systems Product 00551,finished_good,engine_systems,L,112.28,261.49,4,1419,2577,646,make,Y
P000552,SKU-CON-000552,Consumer Appliances Product 00552,finished_good,consumer_appliances,EA,476.59,727.11,12,1007,2497,244,make,Y
P000553,SKU-CON-000553,Consumer Appliances Product 00553,finished_good,consumer_appliances,EA,303.06,579.44,8,1382,1538,696,make,Y
P000554,SKU-IND-000554,Industrial Pumps Product 00554,finished_good,industrial_pumps,EA,141.05,191.64,17,1149,1082,775,make,Y
P000555,SKU-IND-000555,Industrial Pumps Product 00555,finished_good,industrial_pumps,EA,179.32,309.25,7,1383,3339,207,make,Y
P000556,SKU-ENG-000556,Engine Systems Product 00556,finished_good,engine_systems,EA,49.45,86.34,11,260,396,786,make,Y
P000557,SKU-IND-000557,Industrial Pumps Product 00557,finished_good,industrial_pumps,EA,130.45,287.04,13,378,2552,665,make,Y
P000558,SKU-IND-000558,Industrial Pumps Product 00558,finished_good,industrial_pumps,EA,35.34,62.8,14,966,1500,442,make,Y
P000559,SKU-ENG-000559,Engine Systems Product 00559,finished_good,engine_systems,KG,118.41,220.94,17,1075,3357,236,make,Y
P000560,SKU-FAB-000560,Fabricated Frames Product 00560,finished_good,fabricated_frames,EA,49.24,111.62,18,641,2962,51,make,Y
P000561,SKU-ENG-000561,Engine Systems Product 00561,finished_good,engine_systems,EA,45.55,86.12,5,835,1226,788,make,Y
P000562,SKU-IND-000562,Industrial Pumps Product 00562,finished_good,industrial_pumps,EA,54.19,125.25,12,123,2343,255,make,Y
P000563,SKU-ENG-000563,Engine Systems Product 00563,finished_good,engine_systems,EA,126.65,168.12,8,305,1795,62,make,Y
P000564,SKU-VEH-000564,Vehicle Electronics Product 00564,finished_good,vehicle_electronics,EA,82.14,124.17,3,902,3035,215,make,Y
P000565,SKU-ENG-000565,Engine Systems Product 00565,finished_good,engine_systems,EA,211.21,352.57,6,1082,2317,287,make,Y
P000566,SKU-IND-000566,Industrial Pumps Product 00566,finished_good,industrial_pumps,L,153.26,196.73,2,320,3474,700,make,Y
P000567,SKU-CON-000567,Consumer Appliances Product 00567,finished_good,consumer_appliances,EA,77.04,126.24,18,1479,868,559,make,Y
P000568,SKU-ENG-000568,Engine Systems Product 00568,finished_good,engine_systems,EA,84.39,108.63,11,431,282,782,make,Y
P000569,SKU-ENG-000569,Engine Systems Product 00569,finished_good,engine_systems,EA,149.52,228.15,5,967,2554,261,make,Y
P000570,SKU-VEH-000570,Vehicle Electronics Product 00570,finished_good,vehicle_electronics,EA,185.44,373.24,9,1216,2771,486,make,Y
P000571,SKU-VEH-000571,Vehicle Electronics Product 00571,finished_good,vehicle_electronics,M,65.64,149.23,7,522,2163,696,make,Y
P000572,SKU-FAB-000572,Fabricated Frames Product 00572,finished_good,fabricated_frames,L,132.1,170.23,3,1187,3462,602,make,Y
P000573,SKU-VEH-000573,Vehicle Electronics Product 00573,finished_good,vehicle_electronics,KG,46.0,87.83,7,697,914,396,make,Y
P000574,SKU-ENG-000574,Engine Systems Product 00574,finished_good,engine_systems,M,72.16,174.93,5,494,3337,534,make,Y
P000575,SKU-CON-000575,Consumer Appliances Product 00575,finished_good,consumer_appliances,EA,126.21,229.78,8,1333,3208,59,make,Y
P000576,SKU-FAB-000576,Fabricated Frames Product 00576,finished_good,fabricated_frames,EA,100.26,179.77,8,1067,1807,684,make,Y
P000577,SKU-CON-000577,Consumer Appliances Product 00577,finished_good,consumer_appliances,EA,98.51,126.34,6,175,1550,140,make,Y
P000578,SKU-CON-000578,Consumer Appliances Product 00578,finished_good,consumer_appliances,EA,63.72,98.62,14,1140,2799,742,make,Y
P000579,SKU-VEH-000579,Vehicle Electronics Product 00579,finished_good,vehicle_electronics,EA,46.56,92.65,18,501,340,384,make,Y
P000580,SKU-FAB-000580,Fabricated Frames Product 00580,finished_good,fabricated_frames,KG,29.18,42.86,13,607,2331,19,make,Y
P000581,SKU-FAB-000581,Fabricated Frames Product 00581,finished_good,fabricated_frames,KG,23.83,56.89,6,488,1866,74,make,Y
P000582,SKU-VEH-000582,Vehicle Electronics Product 00582,finished_good,vehicle_electronics,EA,165.96,269.03,9,554,1023,349,make,Y
P000583,SKU-ENG-000583,Engine Systems Product 00583,finished_good,engine_systems,KG,40.46,60.83,14,419,2619,458,make,Y
P000584,SKU-FAB-000584,Fabricated Frames Product 00584,finished_good,fabricated_frames,EA,49.67,114.02,3,61,597,778,make,Y
P000585,SKU-CON-000585,Consumer Appliances Product 00585,finished_good,consumer_appliances,KG,34.68,63.88,16,828,934,797,make,Y
P000586,SKU-VEH-000586,Vehicle Electronics Product 00586,finished_good,vehicle_electronics,EA,107.9,176.66,2,1026,2236,188,make,Y
P000587,SKU-IND-000587,Industrial Pumps Product 00587,finished_good,industrial_pumps,EA,108.76,224.84,17,1211,711,96,make,Y
P000588,SKU-ENG-000588,Engine Systems Product 00588,finished_good,engine_systems,EA,25.22,44.41,8,1195,711,504,make,Y
P000589,SKU-VEH-000589,Vehicle Electronics Product 00589,finished_good,vehicle_electronics,EA,24.64,41.25,3,1236,1735,500,make,Y
P000590,SKU-CON-000590,Consumer Appliances Product 00590,finished_good,consumer_appliances,EA,91.11,208.8,11,887,3318,497,make,Y
P000591,SKU-ENG-000591,Engine Systems Product 00591,finished_good,engine_systems,EA,146.42,291.61,12,251,927,754,make,Y
P000592,SKU-FAB-000592,Fabricated Frames Product 00592,finished_good,fabricated_frames,EA,64.07,102.81,14,1289,2999,774,make,Y
P000593,SKU-IND-000593,Industrial Pumps Product 00593,finished_good,industrial_pumps,EA,70.88,95.83,4,1129,1752,397,make,Y
P000594,SKU-VEH-000594,Vehicle Electronics Product 00594,finished_good,vehicle_electronics,EA,55.58,73.85,16,163,1621,657,make,Y
P000595,SKU-ENG-000595,Engine Systems Product 00595,finished_good,engine_systems,L,32.67,44.2,9,53,3171,482,make,Y
P000596,SKU-FAB-000596,Fabricated Frames Product 00596,finished_good,fabricated_frames,EA,120.33,274.5,18,390,1812,451,make,Y
P000597,SKU-FAB-000597,Fabricated Frames Product 00597,finished_good,fabricated_frames,EA,71.76,140.32,5,1210,563,675,make,Y
P000598,SKU-VEH-000598,Vehicle Electronics Product 00598,finished_good,vehicle_electronics,L,77.37,139.53,17,1439,1193,476,make,Y
P000599,SKU-VEH-000599,Vehicle Electronics Product 00599,finished_good,vehicle_electronics,EA,56.29,95.02,4,1305,140,692,make,Y
P000600,SKU-IND-000600,Industrial Pumps Product 00600,finished_good,industrial_pumps,M,66.38,137.41,7,448,899,783,make,Y
P000601,SKU-CON-000601,Consumer Appliances Product 00601,finished_good,consumer_appliances,EA,242.97,357.43,7,584,250,468,make,Y
P000602,SKU-FAB-000602,Fabricated Frames Product 00602,finished_good,fabricated_frames,M,96.38,174.65,17,437,1881,334,make,Y
P000603,SKU-ENG-000603,Engine Systems Product 00603,finished_good,engine_systems,EA,44.66,83.31,17,700,579,569,make,Y
P000604,SKU-VEH-000604,Vehicle Electronics Product 00604,finished_good,vehicle_electronics,EA,89.55,164.05,6,785,2171,156,make,Y
P000605,SKU-FAB-000605,Fabricated Frames Product 00605,finished_good,fabricated_frames,EA,43.87,87.23,5,1486,1899,322,make,Y
P000606,SKU-ENG-000606,Engine Systems Product 00606,finished_good,engine_systems,KG,145.06,331.27,5,1318,3107,783,make,Y
P000607,SKU-CON-000607,Consumer Appliances Product 00607,finished_good,consumer_appliances,EA,47.96,90.84,16,44,1085,488,make,Y
P000608,SKU-ENG-000608,Engine Systems Product 00608,finished_good,engine_systems,EA,48.68,74.65,8,470,1301,786,make,Y
P000609,SKU-ENG-000609,Engine Systems Product 00609,finished_good,engine_systems,EA,245.68,508.15,16,957,2746,638,make,Y
P000610,SKU-VEH-000610,Vehicle Electronics Product 00610,finished_good,vehicle_electronics,EA,29.58,49.81,18,403,1873,73,make,Y
P000611,SKU-VEH-000611,Vehicle Electronics Product 00611,finished_good,vehicle_electronics,EA,82.73,127.05,7,328,1722,659,make,Y
P000612,SKU-CON-000612,Consumer Appliances Product 00612,finished_good,consumer_appliances,EA,298.85,731.06,2,789,301,693,make,Y
P000613,SKU-VEH-000613,Vehicle Electronics Product 00613,finished_good,vehicle_electronics,EA,32.16,70.77,12,1254,2643,391,make,Y
P000614,SKU-CON-000614,Consumer Appliances Product 00614,finished_good,consumer_appliances,EA,109.59,258.1,6,714,3221,635,make,Y
P000615,SKU-FAB-000615,Fabricated Frames Product 00615,finished_good,fabricated_frames,EA,39.92,84.81,3,1013,2994,339,make,Y
P000616,SKU-VEH-000616,Vehicle Electronics Product 00616,finished_good,vehicle_electronics,EA,54.67,104.04,4,1413,779,67,make,Y
P000617,SKU-IND-000617,Industrial Pumps Product 00617,finished_good,industrial_pumps,EA,34.39,49.19,3,712,3417,587,make,Y
P000618,SKU-ENG-000618,Engine Systems Product 00618,finished_good,engine_systems,EA,89.34,120.37,2,1357,218,254,make,Y
P000619,SKU-ENG-000619,Engine Systems Product 00619,finished_good,engine_systems,EA,59.72,108.97,8,241,2033,363,make,Y
P000620,SKU-CON-000620,Consumer Appliances Product 00620,finished_good,consumer_appliances,EA,237.01,352.72,15,582,1259,740,make,Y
P000621,SKU-CON-000621,Consumer Appliances Product 00621,finished_good,consumer_appliances,EA,70.71,132.14,4,198,3005,635,make,Y
P000622,SKU-FAB-000622,Fabricated Frames Product 00622,finished_good,fabricated_frames,EA,126.82,250.13,4,568,2918,222,make,Y
P000623,SKU-IND-000623,Industrial Pumps Product 00623,finished_good,industrial_pumps,KG,79.8,172.66,11,433,2639,71,make,Y
P000624,SKU-ENG-000624,Engine Systems Product 00624,finished_good,engine_systems,EA,134.75,186.11,14,881,2993,425,make,Y
P000625,SKU-ENG-000625,Engine Systems Product 00625,finished_good,engine_systems,EA,63.21,126.17,10,197,2073,447,make,Y
P000626,SKU-FAB-000626,Fabricated Frames Product 00626,finished_good,fabricated_frames,EA,54.38,128.48,2,502,3035,759,make,Y
P000627,SKU-ENG-000627,Engine Systems Product 00627,finished_good,engine_systems,EA,21.16,42.65,18,1357,955,526,make,Y
P000628,SKU-CON-000628,Consumer Appliances Product 00628,finished_good,consumer_appliances,EA,74.93,149.07,2,145,2786,486,make,Y
P000629,SKU-IND-000629,Industrial Pumps Product 00629,finished_good,industrial_pumps,KG,17.33,36.83,17,1224,1715,666,make,Y
P000630,SKU-ENG-000630,Engine Systems Product 00630,finished_good,engine_systems,EA,184.58,294.66,13,1065,380,12,make,Y
P000631,SKU-IND-000631,Industrial Pumps Product 00631,finished_good,industrial_pumps,KG,57.6,121.09,13,1063,3288,714,make,Y
P000632,SKU-IND-000632,Industrial Pumps Product 00632,finished_good,industrial_pumps,KG,177.06,378.44,16,1249,1339,514,make,Y
P000633,SKU-ENG-000633,Engine Systems Product 00633,finished_good,engine_systems,EA,55.07,89.82,3,499,431,636,make,Y
P000634,SKU-ENG-000634,Engine Systems Product 00634,finished_good,engine_systems,EA,22.59,36.24,18,50,2023,390,make,Y
P000635,SKU-CON-000635,Consumer Appliances Product 00635,finished_good,consumer_appliances,EA,221.34,408.19,18,1070,2621,122,make,Y
P000636,SKU-VEH-000636,Vehicle Electronics Product 00636,finished_good,vehicle_electronics,EA,28.25,44.93,8,1436,541,172,make,Y
P000637,SKU-ENG-000637,Engine Systems Product 00637,finished_good,engine_systems,KG,43.26,68.69,9,1165,1068,230,make,Y
P000638,SKU-ENG-000638,Engine Systems Product 00638,finished_good,engine_systems,EA,30.41,43.46,8,1033,2872,485,make,Y
P000639,SKU-FAB-000639,Fabricated Frames Product 00639,finished_good,fabricated_frames,EA,54.63,82.27,2,1120,924,339,make,Y
P000640,SKU-CON-000640,Consumer Appliances Product 00640,finished_good,consumer_appliances,EA,42.39,72.49,3,188,2191,492,make,Y
P000641,SKU-ENG-000641,Engine Systems Product 00641,finished_good,engine_systems,M,90.27,130.0,5,1344,3399,523,make,Y
P000642,SKU-CON-000642,Consumer Appliances Product 00642,finished_good,consumer_appliances,EA,113.95,154.03,4,926,1621,412,make,Y
P000643,SKU-ENG-000643,Engine Systems Product 00643,finished_good,engine_systems,EA,20.06,43.18,12,823,572,210,make,Y
P000644,SKU-VEH-000644,Vehicle Electronics Product 00644,finished_good,vehicle_electronics,EA,102.06,158.57,15,260,2933,632,make,Y
P000645,SKU-VEH-000645,Vehicle Electronics Product 00645,finished_good,vehicle_electronics,EA,59.95,94.45,5,1088,496,238,make,Y
P000646,SKU-CON-000646,Consumer Appliances Product 00646,finished_good,consumer_appliances,EA,90.28,180.84,5,1257,2184,597,make,Y
P000647,SKU-VEH-000647,Vehicle Electronics Product 00647,finished_good,vehicle_electronics,EA,42.24,75.61,15,129,3075,456,make,Y
P000648,SKU-FAB-000648,Fabricated Frames Product 00648,finished_good,fabricated_frames,EA,87.76,160.0,5,333,2050,471,make,Y
P000649,SKU-VEH-000649,Vehicle Electronics Product 00649,finished_good,vehicle_electronics,KG,223.19,496.34,10,761,3182,86,make,Y
P000650,SKU-IND-000650,Industrial Pumps Product 00650,finished_good,industrial_pumps,KG,83.64,137.57,9,1084,2776,678,make,Y
P000651,SKU-MAC-000651,Machined Parts Product 00651,semi_finished,machined_parts,EA,230.15,287.27,14,110,3400,12,make,Y
P000652,SKU-SUB-000652,Subassemblies Product 00652,semi_finished,subassemblies,EA,73.85,98.35,3,1493,2351,445,make,Y
P000653,SKU-WIR-000653,Wiring Harness Product 00653,semi_finished,wiring_harness,EA,17.76,24.65,7,1280,3026,213,make,Y
P000654,SKU-CAS-000654,Castings Product 00654,semi_finished,castings,M,116.61,145.27,11,79,139,622,make,Y
P000655,SKU-SUB-000655,Subassemblies Product 00655,semi_finished,subassemblies,EA,39.59,54.96,5,1415,1292,438,make,Y
P000656,SKU-WIR-000656,Wiring Harness Product 00656,semi_finished,wiring_harness,KG,51.45,68.72,9,924,1478,264,make,Y
P000657,SKU-CAS-000657,Castings Product 00657,semi_finished,castings,EA,35.44,47.44,5,405,1144,160,make,Y
P000658,SKU-CAS-000658,Castings Product 00658,semi_finished,castings,EA,101.45,111.6,4,346,2458,756,make,Y
P000659,SKU-MAC-000659,Machined Parts Product 00659,semi_finished,machined_parts,KG,33.33,40.39,7,1303,2034,345,make,Y
P000660,SKU-MAC-000660,Machined Parts Product 00660,semi_finished,machined_parts,L,67.38,82.62,4,425,1288,607,make,Y
P000661,SKU-CAS-000661,Castings Product 00661,semi_finished,castings,EA,67.28,83.8,4,736,189,20,make,Y
P000662,SKU-CAS-000662,Castings Product 00662,semi_finished,castings,EA,40.68,50.34,5,528,1729,304,make,Y
P000663,SKU-MAC-000663,Machined Parts Product 00663,semi_finished,machined_parts,KG,66.62,86.84,4,275,1768,725,make,Y
P000664,SKU-SUB-000664,Subassemblies Product 00664,semi_finished,subassemblies,EA,48.52,60.83,14,426,1595,167,make,Y
P000665,SKU-MAC-000665,Machined Parts Product 00665,semi_finished,machined_parts,EA,20.77,24.0,13,1112,761,89,make,Y
P000666,SKU-SUB-000666,Subassemblies Product 00666,semi_finished,subassemblies,EA,42.26,52.46,18,1445,3257,711,make,Y
P000667,SKU-MAC-000667,Machined Parts Product 00667,semi_finished,machined_parts,EA,204.09,253.48,17,1139,1385,649,make,Y
P000668,SKU-SUB-000668,Subassemblies Product 00668,semi_finished,subassemblies,EA,37.58,45.13,18,1299,602,399,make,Y
P000669,SKU-SUB-000669,Subassemblies Product 00669,semi_finished,subassemblies,EA,54.14,60.78,18,811,107,276,make,Y
P000670,SKU-SUB-000670,Subassemblies Product 00670,semi_finished,subassemblies,EA,29.64,38.52,12,939,1061,639,make,Y
P000671,SKU-CAS-000671,Castings Product 00671,semi_finished,castings,M,15.98,19.37,4,30,690,387,make,Y
P000672,SKU-WIR-000672,Wiring Harness Product 00672,semi_finished,wiring_harness,EA,39.86,50.42,14,916,640,647,make,Y
P000673,SKU-WIR-000673,Wiring Harness Product 00673,semi_finished,wiring_harness,L,211.07,230.42,5,934,2268,502,make,Y
P000674,SKU-WIR-000674,Wiring Harness Product 00674,semi_finished,wiring_harness,EA,51.55,73.78,14,751,613,654,make,Y
P000675,SKU-MAC-000675,Machined Parts Product 00675,semi_finished,machined_parts,EA,19.97,23.13,10,135,3050,369,make,Y
P000676,SKU-CAS-000676,Castings Product 00676,semi_finished,castings,EA,24.22,34.54,15,201,86,612,make,Y
P000677,SKU-CAS-000677,Castings Product 00677,semi_finished,castings,EA,116.9,155.04,16,600,169,140,make,Y
P000678,SKU-CAS-000678,Castings Product 00678,semi_finished,castings,EA,67.27,86.43,5,1471,2166,386,make,Y
P000679,SKU-SUB-000679,Subassemblies Product 00679,semi_finished,subassemblies,M,38.25,55.33,15,715,2324,624,make,Y
P000680,SKU-MAC-000680,Machined Parts Product 00680,semi_finished,machined_parts,EA,70.63,77.77,4,64,3319,40,make,Y
P000681,SKU-SUB-000681,Subassemblies Product 00681,semi_finished,subassemblies,EA,63.05,80.19,13,929,938,143,make,Y
P000682,SKU-WIR-000682,Wiring Harness Product 00682,semi_finished,wiring_harness,M,112.8,147.35,11,1028,587,748,make,Y
P000683,SKU-MAC-000683,Machined Parts Product 00683,semi_finished,machined_parts,EA,55.26,74.74,8,941,551,708,make,Y
P000684,SKU-SUB-000684,Subassemblies Product 00684,semi_finished,subassemblies,EA,290.45,403.79,6,1074,89,124,make,Y
P000685,SKU-SUB-000685,Subassemblies Product 00685,semi_finished,subassemblies,EA,129.57,171.89,17,528,3164,559,make,Y
P000686,SKU-SUB-000686,Subassemblies Product 00686,semi_finished,subassemblies,KG,27.82,39.25,18,474,1612,637,make,Y
P000687,SKU-CAS-000687,Castings Product 00687,semi_finished,castings,EA,115.49,128.04,8,291,175,227,make,Y
P000688,SKU-SUB-000688,Subassemblies Product 00688,semi_finished,subassemblies,EA,32.58,47.2,18,1476,1669,527,make,Y
P000689,SKU-MAC-000689,Machined Parts Product 00689,semi_finished,machined_parts,EA,26.25,30.31,6,1403,3293,464,make,Y
P000690,SKU-SUB-000690,Subassemblies Product 00690,semi_finished,subassemblies,EA,39.61,57.23,2,690,2993,199,make,Y
P000691,SKU-MAC-000691,Machined Parts Product 00691,semi_finished,machined_parts,EA,44.81,64.24,17,196,3009,336,make,Y
P000692,SKU-MAC-000692,Machined Parts Product 00692,semi_finished,machined_parts,L,71.5,90.5,3,1452,1246,400,make,Y
P000693,SKU-CAS-000693,Castings Product 00693,semi_finished,castings,EA,37.53,53.49,15,903,2308,195,make,Y
P000694,SKU-MAC-000694,Machined Parts Product 00694,semi_finished,machined_parts,EA,61.42,70.9,7,409,2489,35,make,Y
P000695,SKU-WIR-000695,Wiring Harness Product 00695,semi_finished,wiring_harness,M,37.86,41.05,16,444,899,464,make,Y
P000696,SKU-WIR-000696,Wiring Harness Product 00696,semi_finished,wiring_harness,EA,43.83,59.8,12,740,2912,29,make,Y
P000697,SKU-MAC-000697,Machined Parts Product 00697,semi_finished,machined_parts,EA,190.26,267.23,5,401,2813,564,make,Y
P000698,SKU-CAS-000698,Castings Product 00698,semi_finished,castings,EA,385.4,421.26,2,511,440,794,make,Y
P000699,SKU-SUB-000699,Subassemblies Product 00699,semi_finished,subassemblies,EA,48.28,58.87,4,1498,2580,354,make,Y
P000700,SKU-SUB-000700,Subassemblies Product 00700,semi_finished,subassemblies,EA,55.86,74.63,12,804,347,344,make,Y
P000701,SKU-CAS-000701,Castings Product 00701,semi_finished,castings,EA,67.69,75.92,4,854,252,750,make,Y
P000702,SKU-WIR-000702,Wiring Harness Product 00702,semi_finished,wiring_harness,EA,26.13,28.65,3,558,2631,675,make,Y
P000703,SKU-CAS-000703,Castings Product 00703,semi_finished,castings,KG,37.71,50.12,3,434,1516,342,make,Y
P000704,SKU-CAS-000704,Castings Product 00704,semi_finished,castings,KG,90.48,110.38,4,649,2496,456,make,Y
P000705,SKU-CAS-000705,Castings Product 00705,semi_finished,castings,EA,72.96,104.04,5,792,486,461,make,Y
P000706,SKU-WIR-000706,Wiring Harness Product 00706,semi_finished,wiring_harness,EA,60.4,83.92,15,988,1480,505,make,Y
P000707,SKU-CAS-000707,Castings Product 00707,semi_finished,castings,EA,149.99,213.84,10,1233,433,256,make,Y
P000708,SKU-WIR-000708,Wiring Harness Product 00708,semi_finished,wiring_harness,EA,196.01,259.7,7,889,513,61,make,Y
P000709,SKU-SUB-000709,Subassemblies Product 00709,semi_finished,subassemblies,M,39.06,50.67,6,1243,1739,565,make,Y
P000710,SKU-WIR-000710,Wiring Harness Product 00710,semi_finished,wiring_harness,EA,112.79,149.5,6,690,545,370,make,Y
P000711,SKU-SUB-000711,Subassemblies Product 00711,semi_finished,subassemblies,EA,161.17,196.99,17,1125,2783,743,make,Y
P000712,SKU-WIR-000712,Wiring Harness Product 00712,semi_finished,wiring_harness,EA,67.26,83.22,15,672,774,97,make,Y
P000713,SKU-SUB-000713,Subassemblies Product 00713,semi_finished,subassemblies,EA,122.47,158.21,17,844,2845,625,make,Y
P000714,SKU-SUB-000714,Subassemblies Product 00714,semi_finished,subassemblies,EA,43.22,61.85,6,203,518,700,make,Y
P000715,SKU-WIR-000715,Wiring Harness Product 00715,semi_finished,wiring_harness,EA,44.45,54.83,7,1101,394,84,make,Y
P000716,SKU-SUB-000716,Subassemblies Product 00716,semi_finished,subassemblies,EA,67.1,82.93,16,1452,2388,210,make,Y
P000717,SKU-CAS-000717,Castings Product 00717,semi_finished,castings,EA,38.85,45.03,7,370,1729,451,make,Y
P000718,SKU-MAC-000718,Machined Parts Product 00718,semi_finished,machined_parts,EA,76.25,100.16,13,632,2924,548,make,Y
P000719,SKU-CAS-000719,Castings Product 00719,semi_finished,castings,KG,37.36,53.33,17,93,430,445,make,Y
P000720,SKU-MAC-000720,Machined Parts Product 00720,semi_finished,machined_parts,EA,93.21,112.22,4,1092,1812,257,make,Y
P000721,SKU-MAC-000721,Machined Parts Product 00721,semi_finished,machined_parts,EA,34.65,39.81,8,1411,1919,131,make,Y
P000722,SKU-MAC-000722,Machined Parts Product 00722,semi_finished,machined_parts,KG,54.9,74.78,15,1077,2311,481,make,Y
P000723,SKU-WIR-000723,Wiring Harness Product 00723,semi_finished,wiring_harness,EA,29.91,40.36,13,835,2493,648,make,Y
P000724,SKU-WIR-000724,Wiring Harness Product 00724,semi_finished,wiring_harness,EA,72.55,101.77,10,772,883,392,make,Y
P000725,SKU-WIR-000725,Wiring Harness Product 00725,semi_finished,wiring_harness,EA,27.65,36.78,13,1302,756,280,make,Y
P000726,SKU-MAC-000726,Machined Parts Product 00726,semi_finished,machined_parts,EA,196.78,212.91,12,1038,1490,146,make,Y
P000727,SKU-WIR-000727,Wiring Harness Product 00727,semi_finished,wiring_harness,EA,28.81,34.88,8,327,1808,558,make,Y
P000728,SKU-MAC-000728,Machined Parts Product 00728,semi_finished,machined_parts,M,69.23,98.34,5,574,2133,685,make,Y
P000729,SKU-SUB-000729,Subassemblies Product 00729,semi_finished,subassemblies,EA,80.81,115.5,14,17,2501,117,make,Y
P000730,SKU-WIR-000730,Wiring Harness Product 00730,semi_finished,wiring_harness,L,47.17,59.11,5,1424,2798,85,make,Y
P000731,SKU-CAS-000731,Castings Product 00731,semi_finished,castings,EA,92.33,105.98,14,1297,2337,472,make,Y
P000732,SKU-SUB-000732,Subassemblies Product 00732,semi_finished,subassemblies,M,87.6,119.74,5,1349,2800,80,make,Y
P000733,SKU-MAC-000733,Machined Parts Product 00733,semi_finished,machined_parts,EA,160.19,196.84,13,1174,1019,398,make,Y
P000734,SKU-SUB-000734,Subassemblies Product 00734,semi_finished,subassemblies,EA,68.28,95.51,14,434,673,584,make,Y
P000735,SKU-SUB-000735,Subassemblies Product 00735,semi_finished,subassemblies,EA,38.95,56.05,8,993,230,265,make,Y
P000736,SKU-SUB-000736,Subassemblies Product 00736,semi_finished,subassemblies,EA,35.18,41.75,6,398,3155,579,make,Y
P000737,SKU-WIR-000737,Wiring Harness Product 00737,semi_finished,wiring_harness,EA,89.8,106.63,11,894,1151,694,make,Y
P000738,SKU-WIR-000738,Wiring Harness Product 00738,semi_finished,wiring_harness,EA,29.4,33.73,2,568,1408,516,make,Y
P000739,SKU-CAS-000739,Castings Product 00739,semi_finished,castings,EA,94.67,119.23,11,1052,892,14,make,Y
P000740,SKU-CAS-000740,Castings Product 00740,semi_finished,castings,EA,66.23,84.76,10,280,3135,651,make,Y
P000741,SKU-SUB-000741,Subassemblies Product 00741,semi_finished,subassemblies,KG,39.85,55.45,14,782,2791,459,make,Y
P000742,SKU-CAS-000742,Castings Product 00742,semi_finished,castings,EA,50.44,69.72,11,961,2940,72,make,Y
P000743,SKU-CAS-000743,Castings Product 00743,semi_finished,castings,KG,264.38,342.54,2,167,71,429,make,Y
P000744,SKU-SUB-000744,Subassemblies Product 00744,semi_finished,subassemblies,EA,78.2,92.46,13,1485,2270,733,make,Y
P000745,SKU-CAS-000745,Castings Product 00745,semi_finished,castings,EA,36.51,52.31,4,384,2699,386,make,Y
P000746,SKU-CAS-000746,Castings Product 00746,semi_finished,castings,EA,69.9,83.5,4,320,2532,16,make,Y
P000747,SKU-MAC-000747,Machined Parts Product 00747,semi_finished,machined_parts,KG,20.1,22.88,15,954,1706,349,make,Y
P000748,SKU-CAS-000748,Castings Product 00748,semi_finished,castings,EA,36.53,47.08,15,1100,1313,471,make,Y
P000749,SKU-WIR-000749,Wiring Harness Product 00749,semi_finished,wiring_harness,KG,146.57,201.38,6,308,3442,422,make,Y
P000750,SKU-SUB-000750,Subassemblies Product 00750,semi_finished,subassemblies,EA,64.0,77.91,9,455,1855,97,make,Y
P000751,SKU-MAC-000751,Machined Parts Product 00751,semi_finished,machined_parts,EA,30.7,40.35,14,1122,2394,506,make,Y
P000752,SKU-SUB-000752,Subassemblies Product 00752,semi_finished,subassemblies,L,38.3,46.33,18,652,1031,456,make,Y
P000753,SKU-CAS-000753,Castings Product 00753,semi_finished,castings,EA,71.68,86.18,4,1311,1795,537,make,Y
P000754,SKU-WIR-000754,Wiring Harness Product 00754,semi_finished,wiring_harness,KG,123.59,162.58,5,160,985,298,make,Y
P000755,SKU-SUB-000755,Subassemblies Product 00755,semi_finished,subassemblies,EA,36.84,42.75,4,91,2344,634,make,Y
P000756,SKU-MAC-000756,Machined Parts Product 00756,semi_finished,machined_parts,KG,77.78,93.59,3,372,2354,698,make,Y
P000757,SKU-CAS-000757,Castings Product 00757,semi_finished,castings,EA,29.61,38.72,13,1064,856,719,make,Y
P000758,SKU-SUB-000758,Subassemblies Product 00758,semi_finished,subassemblies,EA,28.16,32.65,13,1273,1291,164,make,Y
P000759,SKU-SUB-000759,Subassemblies Product 00759,semi_finished,subassemblies,M,22.29,24.3,12,1170,426,282,make,Y
P000760,SKU-CAS-000760,Castings Product 00760,semi_finished,castings,EA,27.94,35.64,4,481,1133,636,make,Y
P000761,SKU-WIR-000761,Wiring Harness Product 00761,semi_finished,wiring_harness,EA,80.79,90.01,18,444,1497,592,make,Y
P000762,SKU-MAC-000762,Machined Parts Product 00762,semi_finished,machined_parts,EA,41.59,59.31,3,17,2149,89,make,Y
P000763,SKU-CAS-000763,Castings Product 00763,semi_finished,castings,EA,12.7,16.75,9,937,951,759,make,Y
P000764,SKU-CAS-000764,Castings Product 00764,semi_finished,castings,EA,70.52,97.4,11,354,2992,669,make,Y
P000765,SKU-CAS-000765,Castings Product 00765,semi_finished,castings,KG,53.11,69.88,3,907,401,220,make,Y
P000766,SKU-WIR-000766,Wiring Harness Product 00766,semi_finished,wiring_harness,M,173.63,230.28,4,493,1307,439,make,Y
P000767,SKU-CAS-000767,Castings Product 00767,semi_finished,castings,EA,80.95,93.79,16,838,474,429,make,Y
P000768,SKU-CAS-000768,Castings Product 00768,semi_finished,castings,EA,117.17,134.51,5,722,3418,195,make,Y
P000769,SKU-MAC-000769,Machined Parts Product 00769,semi_finished,machined_parts,KG,76.05,104.18,13,734,2273,344,make,Y
P000770,SKU-CAS-000770,Castings Product 00770,semi_finished,castings,L,83.24,100.31,14,1237,2623,525,make,Y
P000771,SKU-MAC-000771,Machined Parts Product 00771,semi_finished,machined_parts,EA,140.44,157.72,9,337,1371,178,make,Y
P000772,SKU-MAC-000772,Machined Parts Product 00772,semi_finished,machined_parts,M,213.1,231.0,3,1344,1608,566,make,Y
P000773,SKU-MAC-000773,Machined Parts Product 00773,semi_finished,machined_parts,EA,53.54,64.14,6,278,647,638,make,Y
P000774,SKU-WIR-000774,Wiring Harness Product 00774,semi_finished,wiring_harness,EA,25.32,33.41,6,107,3184,368,make,Y
P000775,SKU-MAC-000775,Machined Parts Product 00775,semi_finished,machined_parts,EA,61.54,83.04,3,614,1378,559,make,Y
P000776,SKU-MAC-000776,Machined Parts Product 00776,semi_finished,machined_parts,KG,56.96,67.09,16,935,1444,132,make,Y
P000777,SKU-WIR-000777,Wiring Harness Product 00777,semi_finished,wiring_harness,KG,93.66,123.86,5,922,1052,499,make,Y
P000778,SKU-SUB-000778,Subassemblies Product 00778,semi_finished,subassemblies,M,256.14,313.92,18,1038,1443,545,make,Y
P000779,SKU-SUB-000779,Subassemblies Product 00779,semi_finished,subassemblies,KG,79.17,108.54,7,121,1005,529,make,Y
P000780,SKU-CAS-000780,Castings Product 00780,semi_finished,castings,EA,47.09,53.74,14,951,807,158,make,Y
P000781,SKU-CAS-000781,Castings Product 00781,semi_finished,castings,EA,86.0,120.23,18,1320,2968,732,make,Y
P000782,SKU-CAS-000782,Castings Product 00782,semi_finished,castings,EA,34.37,40.18,18,1375,756,489,make,Y
P000783,SKU-MAC-000783,Machined Parts Product 00783,semi_finished,machined_parts,KG,168.52,221.38,17,1331,2027,110,make,Y
P000784,SKU-WIR-000784,Wiring Harness Product 00784,semi_finished,wiring_harness,EA,26.59,37.78,9,1109,3096,779,make,Y
P000785,SKU-WIR-000785,Wiring Harness Product 00785,semi_finished,wiring_harness,KG,36.04,41.51,4,798,2402,493,make,Y
P000786,SKU-SUB-000786,Subassemblies Product 00786,semi_finished,subassemblies,EA,23.78,31.87,11,105,357,458,make,Y
P000787,SKU-WIR-000787,Wiring Harness Product 00787,semi_finished,wiring_harness,EA,41.25,47.13,14,365,680,15,make,Y
P000788,SKU-WIR-000788,Wiring Harness Product 00788,semi_finished,wiring_harness,EA,212.96,296.05,14,716,377,152,make,Y
P000789,SKU-WIR-000789,Wiring Harness Product 00789,semi_finished,wiring_harness,EA,25.83,30.83,6,575,1654,105,make,Y
P000790,SKU-MAC-000790,Machined Parts Product 00790,semi_finished,machined_parts,KG,19.05,26.71,18,1500,2818,768,make,Y
P000791,SKU-WIR-000791,Wiring Harness Product 00791,semi_finished,wiring_harness,EA,58.94,79.0,15,983,1686,342,make,Y
P000792,SKU-MAC-000792,Machined Parts Product 00792,semi_finished,machined_parts,EA,364.3,461.79,15,772,2703,137,make,Y
P000793,SKU-CAS-000793,Castings Product 00793,semi_finished,castings,EA,77.43,93.07,17,374,140,246,make,Y
P000794,SKU-SUB-000794,Subassemblies Product 00794,semi_finished,subassemblies,EA,98.27,124.58,12,600,1919,602,make,Y
P000795,SKU-MAC-000795,Machined Parts Product 00795,semi_finished,machined_parts,EA,29.71,34.06,3,1230,843,129,make,Y
P000796,SKU-WIR-000796,Wiring Harness Product 00796,semi_finished,wiring_harness,EA,69.19,83.12,9,1039,106,439,make,Y
P000797,SKU-WIR-000797,Wiring Harness Product 00797,semi_finished,wiring_harness,EA,34.49,38.17,6,561,563,252,make,Y
P000798,SKU-SUB-000798,Subassemblies Product 00798,semi_finished,subassemblies,EA,87.64,122.12,16,962,2588,497,make,Y
P000799,SKU-WIR-000799,Wiring Harness Product 00799,semi_finished,wiring_harness,EA,97.92,124.82,18,408,1706,262,make,Y
P000800,SKU-CAS-000800,Castings Product 00800,semi_finished,castings,EA,87.6,105.4,12,930,624,343,make,Y
P000801,SKU-CAS-000801,Castings Product 00801,semi_finished,castings,EA,31.19,36.63,7,1042,663,386,make,Y
P000802,SKU-MAC-000802,Machined Parts Product 00802,semi_finished,machined_parts,EA,30.65,43.42,16,120,543,507,make,Y
P000803,SKU-CAS-000803,Castings Product 00803,semi_finished,castings,EA,31.07,38.04,6,1305,569,159,make,Y
P000804,SKU-WIR-000804,Wiring Harness Product 00804,semi_finished,wiring_harness,EA,130.06,176.14,10,187,818,227,make,Y
P000805,SKU-CAS-000805,Castings Product 00805,semi_finished,castings,EA,56.4,73.88,8,537,2510,622,make,Y
P000806,SKU-WIR-000806,Wiring Harness Product 00806,semi_finished,wiring_harness,M,53.46,72.21,17,175,1268,294,make,Y
P000807,SKU-WIR-000807,Wiring Harness Product 00807,semi_finished,wiring_harness,EA,468.7,561.2,5,34,3150,471,make,Y
P000808,SKU-CAS-000808,Castings Product 00808,semi_finished,castings,EA,79.35,91.53,2,1059,2440,603,make,Y
P000809,SKU-WIR-000809,Wiring Harness Product 00809,semi_finished,wiring_harness,EA,61.5,82.86,7,154,2867,282,make,Y
P000810,SKU-CAS-000810,Castings Product 00810,semi_finished,castings,EA,133.87,166.7,4,64,3326,421,make,Y
P000811,SKU-CAS-000811,Castings Product 00811,semi_finished,castings,EA,549.2,682.93,14,247,1536,492,make,Y
P000812,SKU-CAS-000812,Castings Product 00812,semi_finished,castings,EA,132.11,168.18,14,525,672,175,make,Y
P000813,SKU-WIR-000813,Wiring Harness Product 00813,semi_finished,wiring_harness,EA,34.28,38.98,13,917,2419,485,make,Y
P000814,SKU-WIR-000814,Wiring Harness Product 00814,semi_finished,wiring_harness,EA,43.55,60.89,5,1431,321,166,make,Y
P000815,SKU-CAS-000815,Castings Product 00815,semi_finished,castings,EA,394.3,514.97,9,1379,2005,413,make,Y
P000816,SKU-CAS-000816,Castings Product 00816,semi_finished,castings,EA,114.72,127.48,10,1368,2267,518,make,Y
P000817,SKU-MAC-000817,Machined Parts Product 00817,semi_finished,machined_parts,EA,67.23,95.93,12,315,1874,467,make,Y
P000818,SKU-CAS-000818,Castings Product 00818,semi_finished,castings,EA,28.04,40.64,6,617,106,795,make,Y
P000819,SKU-MAC-000819,Machined Parts Product 00819,semi_finished,machined_parts,L,70.39,87.5,16,1197,578,20,make,Y
P000820,SKU-CAS-000820,Castings Product 00820,semi_finished,castings,EA,104.64,124.44,8,1036,1976,428,make,Y
P000821,SKU-MAC-000821,Machined Parts Product 00821,semi_finished,machined_parts,EA,141.22,196.69,2,673,485,620,make,Y
P000822,SKU-SUB-000822,Subassemblies Product 00822,semi_finished,subassemblies,EA,62.73,81.99,13,1321,3016,464,make,Y
P000823,SKU-SUB-000823,Subassemblies Product 00823,semi_finished,subassemblies,EA,250.51,342.88,8,650,656,686,make,Y
P000824,SKU-MAC-000824,Machined Parts Product 00824,semi_finished,machined_parts,M,44.86,50.3,7,824,2347,14,make,Y
P000825,SKU-WIR-000825,Wiring Harness Product 00825,semi_finished,wiring_harness,EA,44.95,55.4,6,1363,274,481,make,Y
P000826,SKU-SUB-000826,Subassemblies Product 00826,semi_finished,subassemblies,EA,208.53,288.26,15,1172,1945,431,make,Y
P000827,SKU-CAS-000827,Castings Product 00827,semi_finished,castings,EA,29.53,37.92,15,335,1890,708,make,Y
P000828,SKU-CAS-000828,Castings Product 00828,semi_finished,castings,M,134.45,189.1,5,1198,1683,688,make,Y
P000829,SKU-CAS-000829,Castings Product 00829,semi_finished,castings,EA,164.68,192.9,2,256,1874,695,make,Y
P000830,SKU-SUB-000830,Subassemblies Product 00830,semi_finished,subassemblies,EA,40.95,45.99,7,1107,3186,744,make,Y
P000831,SKU-SUB-000831,Subassemblies Product 00831,semi_finished,subassemblies,EA,32.31,36.14,16,1119,156,583,make,Y
P000832,SKU-WIR-000832,Wiring Harness Product 00832,semi_finished,wiring_harness,EA,34.37,47.31,13,98,1019,382,make,Y
P000833,SKU-SUB-000833,Subassemblies Product 00833,semi_finished,subassemblies,EA,23.62,26.97,10,716,2884,80,make,Y
P000834,SKU-MAC-000834,Machined Parts Product 00834,semi_finished,machined_parts,KG,25.17,36.27,15,233,3404,184,make,Y
P000835,SKU-WIR-000835,Wiring Harness Product 00835,semi_finished,wiring_harness,M,50.71,59.81,12,1346,1829,653,make,Y
P000836,SKU-SUB-000836,Subassemblies Product 00836,semi_finished,subassemblies,EA,24.2,31.05,4,688,1693,262,make,Y
P000837,SKU-MAC-000837,Machined Parts Product 00837,semi_finished,machined_parts,EA,49.58,71.54,18,371,1123,463,make,Y
P000838,SKU-MAC-000838,Machined Parts Product 00838,semi_finished,machined_parts,EA,96.12,114.62,3,1452,1476,319,make,Y
P000839,SKU-SUB-000839,Subassemblies Product 00839,semi_finished,subassemblies,EA,42.49,53.87,8,987,3283,269,make,Y
P000840,SKU-WIR-000840,Wiring Harness Product 00840,semi_finished,wiring_harness,EA,29.97,33.08,12,929,3075,447,make,Y
P000841,SKU-MAC-000841,Machined Parts Product 00841,semi_finished,machined_parts,EA,30.63,37.25,4,1471,1758,143,make,Y
P000842,SKU-SUB-000842,Subassemblies Product 00842,semi_finished,subassemblies,EA,20.79,29.85,15,437,1771,759,make,Y
P000843,SKU-CAS-000843,Castings Product 00843,semi_finished,castings,EA,36.43,44.32,6,1371,2255,582,make,Y
P000844,SKU-MAC-000844,Machined Parts Product 00844,semi_finished,machined_parts,EA,265.24,289.0,4,152,1476,617,make,Y
P000845,SKU-CAS-000845,Castings Product 00845,semi_finished,castings,EA,84.35,109.21,15,445,3194,295,make,Y
P000846,SKU-SUB-000846,Subassemblies Product 00846,semi_finished,subassemblies,KG,34.83,43.12,9,244,508,140,make,Y
P000847,SKU-CAS-000847,Castings Product 00847,semi_finished,castings,EA,57.21,66.15,4,384,653,185,make,Y
P000848,SKU-MAC-000848,Machined Parts Product 00848,semi_finished,machined_parts,EA,98.9,136.95,3,1492,2436,31,make,Y
P000849,SKU-CAS-000849,Castings Product 00849,semi_finished,castings,EA,67.95,81.29,3,1378,2766,393,make,Y
P000850,SKU-SUB-000850,Subassemblies Product 00850,semi_finished,subassemblies,EA,223.85,275.45,3,920,2774,157,make,Y
P000851,SKU-SUB-000851,Subassemblies Product 00851,semi_finished,subassemblies,EA,32.78,44.91,10,515,787,198,make,Y
P000852,SKU-SUB-000852,Subassemblies Product 00852,semi_finished,subassemblies,EA,26.85,36.07,10,1078,2461,776,make,Y
P000853,SKU-WIR-000853,Wiring Harness Product 00853,semi_finished,wiring_harness,EA,23.85,34.55,10,1383,1194,520,make,Y
P000854,SKU-SUB-000854,Subassemblies Product 00854,semi_finished,subassemblies,L,141.79,190.14,16,1370,3453,181,make,Y
P000855,SKU-MAC-000855,Machined Parts Product 00855,semi_finished,machined_parts,EA,53.68,62.51,2,903,2259,21,make,Y
P000856,SKU-CAS-000856,Castings Product 00856,semi_finished,castings,EA,51.6,72.37,7,460,1302,680,make,Y
P000857,SKU-WIR-000857,Wiring Harness Product 00857,semi_finished,wiring_harness,EA,101.55,126.94,7,1013,2805,585,make,Y
P000858,SKU-CAS-000858,Castings Product 00858,semi_finished,castings,EA,61.29,67.67,14,856,3499,640,make,Y
P000859,SKU-WIR-000859,Wiring Harness Product 00859,semi_finished,wiring_harness,EA,64.93,78.76,13,864,1197,724,make,Y
P000860,SKU-MAC-000860,Machined Parts Product 00860,semi_finished,machined_parts,EA,27.31,38.57,3,1441,1634,698,make,Y
P000861,SKU-WIR-000861,Wiring Harness Product 00861,semi_finished,wiring_harness,EA,147.06,205.22,9,907,2565,258,make,Y
P000862,SKU-WIR-000862,Wiring Harness Product 00862,semi_finished,wiring_harness,EA,97.51,128.15,6,343,1061,741,make,Y
P000863,SKU-SUB-000863,Subassemblies Product 00863,semi_finished,subassemblies,EA,126.65,180.37,17,1339,1254,220,make,Y
P000864,SKU-WIR-000864,Wiring Harness Product 00864,semi_finished,wiring_harness,EA,96.62,139.38,8,948,2320,562,make,Y
P000865,SKU-MAC-000865,Machined Parts Product 00865,semi_finished,machined_parts,EA,15.64,17.08,10,404,709,482,make,Y
P000866,SKU-SUB-000866,Subassemblies Product 00866,semi_finished,subassemblies,EA,190.24,262.29,14,1226,3342,602,make,Y
P000867,SKU-SUB-000867,Subassemblies Product 00867,semi_finished,subassemblies,EA,177.95,197.37,12,1318,2362,239,make,Y
P000868,SKU-WIR-000868,Wiring Harness Product 00868,semi_finished,wiring_harness,EA,69.51,99.97,3,761,1518,58,make,Y
P000869,SKU-WIR-000869,Wiring Harness Product 00869,semi_finished,wiring_harness,EA,110.67,154.11,14,202,2192,589,make,Y
P000870,SKU-MAC-000870,Machined Parts Product 00870,semi_finished,machined_parts,EA,58.97,80.26,15,1151,2801,155,make,Y
P000871,SKU-CAS-000871,Castings Product 00871,semi_finished,castings,EA,39.8,46.9,7,968,2323,158,make,Y
P000872,SKU-SUB-000872,Subassemblies Product 00872,semi_finished,subassemblies,KG,126.11,137.27,7,130,354,612,make,Y
P000873,SKU-MAC-000873,Machined Parts Product 00873,semi_finished,machined_parts,KG,50.81,56.07,13,1270,788,568,make,Y
P000874,SKU-MAC-000874,Machined Parts Product 00874,semi_finished,machined_parts,M,77.21,111.27,11,237,803,642,make,Y
P000875,SKU-MAC-000875,Machined Parts Product 00875,semi_finished,machined_parts,EA,83.2,90.91,11,1411,485,441,make,Y
P000876,SKU-WIR-000876,Wiring Harness Product 00876,semi_finished,wiring_harness,EA,31.98,36.62,12,1007,2165,245,make,Y
P000877,SKU-WIR-000877,Wiring Harness Product 00877,semi_finished,wiring_harness,EA,27.75,33.61,9,1362,1990,267,make,Y
P000878,SKU-CAS-000878,Castings Product 00878,semi_finished,castings,EA,64.34,88.48,4,366,2397,384,make,Y
P000879,SKU-CAS-000879,Castings Product 00879,semi_finished,castings,EA,71.82,83.72,4,1222,2031,277,make,Y
P000880,SKU-MAC-000880,Machined Parts Product 00880,semi_finished,machined_parts,EA,121.84,173.68,14,843,2887,393,make,Y
P000881,SKU-SUB-000881,Subassemblies Product 00881,semi_finished,subassemblies,M,99.81,140.35,14,1399,739,456,make,Y
P000882,SKU-CAS-000882,Castings Product 00882,semi_finished,castings,EA,148.3,191.76,4,919,2581,204,make,Y
P000883,SKU-CAS-000883,Castings Product 00883,semi_finished,castings,EA,50.4,63.98,18,601,1729,87,make,Y
P000884,SKU-SUB-000884,Subassemblies Product 00884,semi_finished,subassemblies,EA,15.85,17.22,10,912,3315,266,make,Y
P000885,SKU-WIR-000885,Wiring Harness Product 00885,semi_finished,wiring_harness,EA,67.61,85.41,4,1043,2647,229,make,Y
P000886,SKU-WIR-000886,Wiring Harness Product 00886,semi_finished,wiring_harness,EA,27.86,32.14,6,710,1574,710,make,Y
P000887,SKU-CAS-000887,Castings Product 00887,semi_finished,castings,M,146.32,194.11,18,355,1405,370,make,Y
P000888,SKU-SUB-000888,Subassemblies Product 00888,semi_finished,subassemblies,KG,72.81,85.76,12,906,3072,415,make,Y
P000889,SKU-WIR-000889,Wiring Harness Product 00889,semi_finished,wiring_harness,EA,38.42,50.07,4,264,3017,402,make,Y
P000890,SKU-MAC-000890,Machined Parts Product 00890,semi_finished,machined_parts,EA,26.2,37.87,13,155,1921,361,make,Y
P000891,SKU-WIR-000891,Wiring Harness Product 00891,semi_finished,wiring_harness,EA,35.75,40.37,8,744,1588,491,make,Y
P000892,SKU-MAC-000892,Machined Parts Product 00892,semi_finished,machined_parts,EA,40.1,57.71,16,337,1565,658,make,Y
P000893,SKU-WIR-000893,Wiring Harness Product 00893,semi_finished,wiring_harness,EA,137.41,180.41,16,1099,3386,718,make,Y
P000894,SKU-MAC-000894,Machined Parts Product 00894,semi_finished,machined_parts,EA,45.69,58.55,17,1184,587,780,make,Y
P000895,SKU-WIR-000895,Wiring Harness Product 00895,semi_finished,wiring_harness,KG,57.36,76.03,3,1222,2539,607,make,Y
P000896,SKU-CAS-000896,Castings Product 00896,semi_finished,castings,EA,23.69,33.28,9,1488,391,498,make,Y
P000897,SKU-CAS-000897,Castings Product 00897,semi_finished,castings,KG,64.55,82.39,13,1199,1988,258,make,Y
P000898,SKU-WIR-000898,Wiring Harness Product 00898,semi_finished,wiring_harness,EA,68.57,79.2,18,131,2614,473,make,Y
P000899,SKU-WIR-000899,Wiring Harness Product 00899,semi_finished,wiring_harness,EA,169.15,212.67,7,1069,805,434,make,Y
P000900,SKU-WIR-000900,Wiring Harness Product 00900,semi_finished,wiring_harness,EA,105.87,117.21,2,1126,2417,472,make,Y
P000901,SKU-MAC-000901,Machined Parts Product 00901,semi_finished,machined_parts,EA,50.66,59.86,3,823,1858,23,make,Y
P000902,SKU-CAS-000902,Castings Product 00902,semi_finished,castings,EA,18.9,25.24,14,1251,2584,185,make,Y
P000903,SKU-CAS-000903,Castings Product 00903,semi_finished,castings,KG,89.42,100.62,14,964,3376,261,make,Y
P000904,SKU-MAC-000904,Machined Parts Product 00904,semi_finished,machined_parts,EA,146.54,164.65,7,580,1157,54,make,Y
P000905,SKU-SUB-000905,Subassemblies Product 00905,semi_finished,subassemblies,M,137.49,175.36,13,945,1561,363,make,Y
P000906,SKU-MAC-000906,Machined Parts Product 00906,semi_finished,machined_parts,EA,66.33,81.8,11,138,1165,232,make,Y
P000907,SKU-WIR-000907,Wiring Harness Product 00907,semi_finished,wiring_harness,EA,66.78,77.3,12,192,1163,202,make,Y
P000908,SKU-MAC-000908,Machined Parts Product 00908,semi_finished,machined_parts,EA,50.1,62.44,10,22,2974,511,make,Y
P000909,SKU-CAS-000909,Castings Product 00909,semi_finished,castings,EA,79.84,109.77,15,1107,937,596,make,Y
P000910,SKU-WIR-000910,Wiring Harness Product 00910,semi_finished,wiring_harness,EA,79.63,114.76,7,725,881,619,make,Y
P000911,SKU-WIR-000911,Wiring Harness Product 00911,semi_finished,wiring_harness,EA,27.93,35.63,9,246,3366,706,make,Y
P000912,SKU-MAC-000912,Machined Parts Product 00912,semi_finished,machined_parts,KG,38.74,43.9,11,580,2376,345,make,Y
P000913,SKU-WIR-000913,Wiring Harness Product 00913,semi_finished,wiring_harness,EA,61.34,75.76,13,1321,2713,466,make,Y
P000914,SKU-CAS-000914,Castings Product 00914,semi_finished,castings,EA,56.82,71.5,8,1325,1683,243,make,Y
P000915,SKU-WIR-000915,Wiring Harness Product 00915,semi_finished,wiring_harness,EA,214.0,270.95,4,1470,2724,166,make,Y
P000916,SKU-SUB-000916,Subassemblies Product 00916,semi_finished,subassemblies,L,66.41,88.93,4,108,184,618,make,Y
P000917,SKU-MAC-000917,Machined Parts Product 00917,semi_finished,machined_parts,EA,19.45,27.47,17,573,1575,674,make,Y
P000918,SKU-SUB-000918,Subassemblies Product 00918,semi_finished,subassemblies,KG,47.72,64.54,8,722,2081,574,make,Y
P000919,SKU-CAS-000919,Castings Product 00919,semi_finished,castings,L,34.17,48.83,4,374,305,150,make,Y
P000920,SKU-MAC-000920,Machined Parts Product 00920,semi_finished,machined_parts,EA,39.87,50.99,13,901,1395,64,make,Y
P000921,SKU-WIR-000921,Wiring Harness Product 00921,semi_finished,wiring_harness,EA,72.79,97.84,11,1094,2025,155,make,Y
P000922,SKU-MAC-000922,Machined Parts Product 00922,semi_finished,machined_parts,EA,73.33,94.58,9,658,1131,419,make,Y
P000923,SKU-CAS-000923,Castings Product 00923,semi_finished,castings,KG,31.12,40.59,3,958,153,390,make,Y
P000924,SKU-CAS-000924,Castings Product 00924,semi_finished,castings,EA,144.48,161.55,3,206,219,201,make,Y
P000925,SKU-CAS-000925,Castings Product 00925,semi_finished,castings,EA,27.33,30.46,10,692,1675,734,make,Y
P000926,SKU-MAC-000926,Machined Parts Product 00926,semi_finished,machined_parts,EA,23.97,31.31,18,696,3369,440,make,Y
P000927,SKU-SUB-000927,Subassemblies Product 00927,semi_finished,subassemblies,EA,44.06,56.14,2,1228,2464,673,make,Y
P000928,SKU-CAS-000928,Castings Product 00928,semi_finished,castings,EA,162.9,208.86,2,1237,2130,232,make,Y
P000929,SKU-MAC-000929,Machined Parts Product 00929,semi_finished,machined_parts,L,28.67,34.22,16,567,2262,415,make,Y
P000930,SKU-SUB-000930,Subassemblies Product 00930,semi_finished,subassemblies,EA,168.9,207.48,8,94,2865,792,make,Y
P000931,SKU-CAS-000931,Castings Product 00931,semi_finished,castings,EA,57.08,61.98,11,198,512,508,make,Y
P000932,SKU-CAS-000932,Castings Product 00932,semi_finished,castings,EA,124.76,175.16,4,789,1875,361,make,Y
P000933,SKU-MAC-000933,Machined Parts Product 00933,semi_finished,machined_parts,EA,106.13,123.13,16,687,1666,778,make,Y
P000934,SKU-WIR-000934,Wiring Harness Product 00934,semi_finished,wiring_harness,EA,31.59,43.15,5,1008,3472,548,make,Y
P000935,SKU-WIR-000935,Wiring Harness Product 00935,semi_finished,wiring_harness,EA,94.92,135.75,8,676,1021,450,make,Y
P000936,SKU-CAS-000936,Castings Product 00936,semi_finished,castings,EA,41.06,57.7,9,751,1346,650,make,Y
P000937,SKU-SUB-000937,Subassemblies Product 00937,semi_finished,subassemblies,EA,187.0,227.65,6,310,3489,412,make,Y
P000938,SKU-WIR-000938,Wiring Harness Product 00938,semi_finished,wiring_harness,KG,202.35,241.52,2,33,3075,451,make,Y
P000939,SKU-CAS-000939,Castings Product 00939,semi_finished,castings,EA,71.52,91.53,11,389,2446,185,make,Y
P000940,SKU-CAS-000940,Castings Product 00940,semi_finished,castings,EA,119.95,152.8,3,495,3459,736,make,Y
P000941,SKU-CAS-000941,Castings Product 00941,semi_finished,castings,L,83.81,104.56,4,1145,2400,440,make,Y
P000942,SKU-CAS-000942,Castings Product 00942,semi_finished,castings,EA,125.05,139.41,8,656,3258,71,make,Y
P000943,SKU-WIR-000943,Wiring Harness Product 00943,semi_finished,wiring_harness,EA,61.21,73.16,12,98,1152,216,make,Y
P000944,SKU-CAS-000944,Castings Product 00944,semi_finished,castings,EA,87.65,105.4,16,926,1684,193,make,Y
P000945,SKU-SUB-000945,Subassemblies Product 00945,semi_finished,subassemblies,KG,147.54,198.53,13,598,1850,199,make,Y
P000946,SKU-MAC-000946,Machined Parts Product 00946,semi_finished,machined_parts,EA,88.55,105.14,6,895,1947,587,make,Y
P000947,SKU-WIR-000947,Wiring Harness Product 00947,semi_finished,wiring_harness,EA,223.94,317.88,9,1458,1628,214,make,Y
P000948,SKU-MAC-000948,Machined Parts Product 00948,semi_finished,machined_parts,KG,12.48,15.25,16,407,3138,103,make,Y
P000949,SKU-MAC-000949,Machined Parts Product 00949,semi_finished,machined_parts,EA,23.94,30.06,15,337,3430,739,make,Y
P000950,SKU-MAC-000950,Machined Parts Product 00950,semi_finished,machined_parts,EA,112.18,134.38,10,770,2684,137,make,Y
P000951,SKU-STE-000951,Steel Product 00951,raw_material,steel,EA,29.8,32.29,20,1294,2966,211,buy,Y
P000952,SKU-STE-000952,Steel Product 00952,raw_material,steel,EA,135.86,169.83,31,1308,546,289,buy,Y
P000953,SKU-PLA-000953,Plastic Product 00953,packaging,plastic,EA,204.46,258.32,29,455,897,307,buy,Y
P000954,SKU-PLA-000954,Plastic Product 00954,raw_material,plastic,EA,61.08,79.5,36,452,1017,540,buy,Y
P000955,SKU-COP-000955,Copper Product 00955,raw_material,copper,EA,65.3,92.89,9,258,2531,212,buy,Y
P000956,SKU-STE-000956,Steel Product 00956,raw_material,steel,EA,30.18,39.26,10,978,858,178,buy,Y
P000957,SKU-STE-000957,Steel Product 00957,raw_material,steel,EA,86.04,124.41,37,741,2937,671,buy,Y
P000958,SKU-PLA-000958,Plastic Product 00958,packaging,plastic,EA,76.54,87.31,25,556,1167,333,buy,Y
P000959,SKU-ELE-000959,Electronic Components Product 00959,raw_material,electronic_components,EA,112.12,160.12,21,700,1136,185,buy,Y
P000960,SKU-STE-000960,Steel Product 00960,packaging,steel,EA,63.16,68.71,9,114,103,143,buy,Y
P000961,SKU-STE-000961,Steel Product 00961,raw_material,steel,EA,171.71,220.18,18,585,2644,91,buy,Y
P000962,SKU-PLA-000962,Plastic Product 00962,raw_material,plastic,M,112.42,137.92,26,1262,3392,109,buy,Y
P000963,SKU-STE-000963,Steel Product 00963,raw_material,steel,EA,17.55,21.17,33,185,1143,541,buy,Y
P000964,SKU-ELE-000964,Electronic Components Product 00964,packaging,electronic_components,EA,29.71,34.04,4,1287,2399,741,buy,Y
P000965,SKU-STE-000965,Steel Product 00965,raw_material,steel,EA,166.77,230.32,10,1079,183,30,buy,Y
P000966,SKU-PAC-000966,Packaging Product 00966,raw_material,packaging,EA,32.98,37.98,9,221,2830,344,buy,Y
P000967,SKU-ALU-000967,Aluminium Product 00967,raw_material,aluminium,EA,35.84,47.09,27,868,2145,80,buy,Y
P000968,SKU-PLA-000968,Plastic Product 00968,raw_material,plastic,EA,30.19,35.11,18,171,2211,387,buy,Y
P000969,SKU-COP-000969,Copper Product 00969,raw_material,copper,EA,42.74,61.27,20,1420,1869,358,buy,Y
P000970,SKU-FAS-000970,Fasteners Product 00970,raw_material,fasteners,EA,55.79,70.3,35,143,2642,654,buy,Y
P000971,SKU-PLA-000971,Plastic Product 00971,raw_material,plastic,KG,84.64,93.7,21,1419,2074,717,buy,Y
P000972,SKU-ALU-000972,Aluminium Product 00972,raw_material,aluminium,EA,71.68,79.04,15,196,2244,607,buy,Y
P000973,SKU-ALU-000973,Aluminium Product 00973,raw_material,aluminium,L,46.19,60.75,10,1154,300,155,buy,Y
P000974,SKU-ELE-000974,Electronic Components Product 00974,packaging,electronic_components,EA,19.85,28.27,9,415,2288,402,buy,Y
P000975,SKU-PAC-000975,Packaging Product 00975,raw_material,packaging,EA,128.22,162.98,19,597,659,345,buy,Y
P000976,SKU-FAS-000976,Fasteners Product 00976,raw_material,fasteners,KG,19.27,21.61,30,839,1331,74,buy,Y
P000977,SKU-COP-000977,Copper Product 00977,packaging,copper,EA,69.28,77.63,23,625,1040,289,buy,Y
P000978,SKU-COP-000978,Copper Product 00978,raw_material,copper,L,8.14,9.24,31,178,2370,795,buy,Y
P000979,SKU-PAC-000979,Packaging Product 00979,raw_material,packaging,EA,23.28,30.94,22,985,1365,279,buy,Y
P000980,SKU-PLA-000980,Plastic Product 00980,raw_material,plastic,EA,40.23,49.1,26,1091,2569,342,buy,Y
P000981,SKU-ALU-000981,Aluminium Product 00981,raw_material,aluminium,EA,113.46,164.02,37,1069,860,593,buy,Y
P000982,SKU-PAC-000982,Packaging Product 00982,packaging,packaging,EA,27.6,30.66,26,312,1398,18,buy,Y
P000983,SKU-STE-000983,Steel Product 00983,raw_material,steel,KG,28.28,40.75,25,312,731,779,buy,Y
P000984,SKU-STE-000984,Steel Product 00984,raw_material,steel,KG,31.22,35.06,23,75,1925,192,buy,Y
P000985,SKU-COP-000985,Copper Product 00985,raw_material,copper,EA,39.75,51.99,31,80,1833,794,buy,Y
P000986,SKU-PLA-000986,Plastic Product 00986,raw_material,plastic,KG,42.8,50.44,23,846,1343,139,buy,Y
P000987,SKU-ELE-000987,Electronic Components Product 00987,packaging,electronic_components,EA,41.09,45.44,20,320,1072,407,buy,Y
P000988,SKU-PAC-000988,Packaging Product 00988,raw_material,packaging,EA,74.07,91.47,36,87,2955,295,buy,Y
P000989,SKU-STE-000989,Steel Product 00989,raw_material,steel,EA,22.7,27.35,8,510,3396,11,buy,Y
P000990,SKU-STE-000990,Steel Product 00990,raw_material,steel,KG,133.53,155.55,29,780,1239,275,buy,Y
P000991,SKU-PAC-000991,Packaging Product 00991,raw_material,packaging,M,47.74,57.81,6,843,826,459,buy,Y
P000992,SKU-ALU-000992,Aluminium Product 00992,raw_material,aluminium,EA,29.42,33.56,20,186,2610,94,buy,Y
P000993,SKU-ALU-000993,Aluminium Product 00993,raw_material,aluminium,KG,220.12,238.6,17,418,2858,462,buy,Y
P000994,SKU-ELE-000994,Electronic Components Product 00994,packaging,electronic_components,M,193.41,247.42,5,870,3143,67,buy,Y
P000995,SKU-ELE-000995,Electronic Components Product 00995,raw_material,electronic_components,EA,77.64,112.53,28,670,287,384,buy,Y
P000996,SKU-STE-000996,Steel Product 00996,raw_material,steel,EA,48.49,69.93,26,770,2567,404,buy,Y
P000997,SKU-FAS-000997,Fasteners Product 00997,raw_material,fasteners,EA,372.67,469.77,37,1029,3357,544,buy,Y
P000998,SKU-ELE-000998,Electronic Components Product 00998,raw_material,electronic_components,EA,94.91,113.59,13,140,3328,263,buy,Y
P000999,SKU-COP-000999,Copper Product 00999,raw_material,copper,EA,49.86,69.69,28,1398,384,221,buy,Y
P001000,SKU-ELE-001000,Electronic Components Product 01000,packaging,electronic_components,EA,45.57,62.04,4,1307,2132,20,buy,Y
P001001,SKU-COP-001001,Copper Product 01001,raw_material,copper,L,91.48,129.64,26,744,1277,722,buy,Y
P001002,SKU-STE-001002,Steel Product 01002,raw_material,steel,EA,93.01,102.16,12,507,577,519,buy,Y
P001003,SKU-ELE-001003,Electronic Components Product 01003,raw_material,electronic_components,EA,136.92,193.75,14,687,1965,789,buy,Y
P001004,SKU-STE-001004,Steel Product 01004,raw_material,steel,EA,196.93,219.31,22,1227,481,131,buy,Y
P001005,SKU-PLA-001005,Plastic Product 01005,raw_material,plastic,L,46.25,60.11,11,389,1444,701,buy,Y
P001006,SKU-ELE-001006,Electronic Components Product 01006,raw_material,electronic_components,EA,114.5,153.37,26,1353,474,158,buy,Y
P001007,SKU-STE-001007,Steel Product 01007,raw_material,steel,EA,162.15,210.02,13,1278,1648,520,buy,Y
P001008,SKU-COP-001008,Copper Product 01008,raw_material,copper,EA,204.78,228.1,26,1367,1218,563,buy,Y
P001009,SKU-COP-001009,Copper Product 01009,raw_material,copper,EA,47.18,56.94,26,938,3394,778,buy,Y
P001010,SKU-ELE-001010,Electronic Components Product 01010,raw_material,electronic_components,EA,157.54,193.08,24,476,1974,12,buy,Y
P001011,SKU-PAC-001011,Packaging Product 01011,raw_material,packaging,EA,47.15,52.2,33,512,961,478,buy,Y
P001012,SKU-COP-001012,Copper Product 01012,raw_material,copper,EA,79.81,86.58,35,511,3153,798,buy,Y
P001013,SKU-COP-001013,Copper Product 01013,raw_material,copper,EA,114.82,154.98,6,1265,2489,721,buy,Y
P001014,SKU-PLA-001014,Plastic Product 01014,raw_material,plastic,EA,17.58,19.79,37,1071,363,111,buy,Y
P001015,SKU-ALU-001015,Aluminium Product 01015,raw_material,aluminium,EA,185.51,210.54,35,279,1935,503,buy,Y
P001016,SKU-ELE-001016,Electronic Components Product 01016,raw_material,electronic_components,EA,91.7,120.28,38,1437,2095,103,buy,Y
P001017,SKU-FAS-001017,Fasteners Product 01017,packaging,fasteners,EA,224.95,325.98,22,645,706,32,buy,Y
P001018,SKU-STE-001018,Steel Product 01018,raw_material,steel,EA,105.08,146.57,33,887,3107,156,buy,Y
P001019,SKU-ALU-001019,Aluminium Product 01019,raw_material,aluminium,EA,139.8,177.39,37,1328,3083,332,buy,Y
P001020,SKU-PLA-001020,Plastic Product 01020,raw_material,plastic,EA,88.15,127.34,7,815,3023,377,buy,Y
P001021,SKU-PLA-001021,Plastic Product 01021,raw_material,plastic,EA,62.42,84.74,32,418,1494,14,buy,Y
P001022,SKU-ELE-001022,Electronic Components Product 01022,raw_material,electronic_components,EA,36.36,44.24,31,427,141,490,buy,Y
P001023,SKU-ELE-001023,Electronic Components Product 01023,raw_material,electronic_components,EA,205.81,248.5,22,997,2422,737,buy,Y
P001024,SKU-PLA-001024,Plastic Product 01024,raw_material,plastic,EA,25.17,33.13,10,268,607,47,buy,Y
P001025,SKU-STE-001025,Steel Product 01025,raw_material,steel,EA,32.79,46.21,17,1482,1428,321,buy,Y
P001026,SKU-ALU-001026,Aluminium Product 01026,raw_material,aluminium,KG,120.25,152.78,32,176,1074,771,buy,Y
P001027,SKU-PAC-001027,Packaging Product 01027,packaging,packaging,EA,107.68,148.19,38,137,3465,553,buy,Y
P001028,SKU-FAS-001028,Fasteners Product 01028,raw_material,fasteners,EA,41.16,50.31,37,1244,1399,521,buy,Y
P001029,SKU-ELE-001029,Electronic Components Product 01029,raw_material,electronic_components,EA,61.81,67.16,16,1095,2720,308,buy,Y
P001030,SKU-STE-001030,Steel Product 01030,raw_material,steel,EA,115.66,126.25,13,366,2169,380,buy,Y
P001031,SKU-FAS-001031,Fasteners Product 01031,raw_material,fasteners,KG,76.19,84.37,34,690,946,757,buy,Y
P001032,SKU-ELE-001032,Electronic Components Product 01032,raw_material,electronic_components,EA,103.15,146.77,9,348,2040,299,buy,Y
P001033,SKU-PLA-001033,Plastic Product 01033,raw_material,plastic,M,21.1,23.2,24,1127,200,632,buy,Y
P001034,SKU-ELE-001034,Electronic Components Product 01034,raw_material,electronic_components,EA,75.01,86.05,7,1108,366,615,buy,Y
P001035,SKU-STE-001035,Steel Product 01035,raw_material,steel,EA,60.22,65.66,16,193,2298,30,buy,Y
P001036,SKU-ALU-001036,Aluminium Product 01036,raw_material,aluminium,EA,57.67,79.05,33,650,613,58,buy,Y
P001037,SKU-ALU-001037,Aluminium Product 01037,raw_material,aluminium,EA,47.28,57.53,36,303,1251,478,buy,Y
P001038,SKU-PLA-001038,Plastic Product 01038,raw_material,plastic,EA,139.97,175.45,31,1030,2489,236,buy,Y
P001039,SKU-STE-001039,Steel Product 01039,raw_material,steel,EA,103.08,141.86,12,258,2506,73,buy,Y
P001040,SKU-PLA-001040,Plastic Product 01040,raw_material,plastic,EA,206.11,276.51,6,1007,1849,24,buy,Y
P001041,SKU-PAC-001041,Packaging Product 01041,packaging,packaging,EA,109.19,126.44,32,382,1317,461,buy,Y
P001042,SKU-PLA-001042,Plastic Product 01042,packaging,plastic,M,90.75,121.31,10,308,3308,345,buy,Y
P001043,SKU-PLA-001043,Plastic Product 01043,raw_material,plastic,EA,46.18,58.9,7,394,986,257,buy,Y
P001044,SKU-ELE-001044,Electronic Components Product 01044,raw_material,electronic_components,EA,35.41,47.52,23,1051,3261,414,buy,Y
P001045,SKU-FAS-001045,Fasteners Product 01045,raw_material,fasteners,EA,387.88,520.68,6,174,2835,779,buy,Y
P001046,SKU-STE-001046,Steel Product 01046,raw_material,steel,KG,99.3,110.97,25,545,3174,724,buy,Y
P001047,SKU-ALU-001047,Aluminium Product 01047,packaging,aluminium,EA,47.41,59.53,18,1399,3303,500,buy,Y
P001048,SKU-PAC-001048,Packaging Product 01048,packaging,packaging,EA,61.41,87.28,35,336,2710,734,buy,Y
P001049,SKU-PAC-001049,Packaging Product 01049,raw_material,packaging,EA,53.8,70.37,8,102,731,356,buy,Y
P001050,SKU-STE-001050,Steel Product 01050,raw_material,steel,KG,89.52,111.48,26,1235,3410,254,buy,Y
P001051,SKU-PLA-001051,Plastic Product 01051,raw_material,plastic,EA,32.44,36.84,37,495,1573,312,buy,Y
P001052,SKU-COP-001052,Copper Product 01052,raw_material,copper,EA,96.23,116.22,19,1060,2092,657,buy,Y
P001053,SKU-STE-001053,Steel Product 01053,raw_material,steel,EA,25.37,28.28,4,1078,1462,204,buy,Y
P001054,SKU-ELE-001054,Electronic Components Product 01054,raw_material,electronic_components,EA,135.25,163.33,38,414,1077,280,buy,Y
P001055,SKU-ELE-001055,Electronic Components Product 01055,raw_material,electronic_components,EA,34.16,45.05,10,788,3459,14,buy,Y
P001056,SKU-ELE-001056,Electronic Components Product 01056,raw_material,electronic_components,L,95.53,105.78,15,100,821,273,buy,Y
P001057,SKU-ALU-001057,Aluminium Product 01057,raw_material,aluminium,M,115.4,139.96,32,1361,489,658,buy,Y
P001058,SKU-ALU-001058,Aluminium Product 01058,raw_material,aluminium,EA,63.62,72.23,8,1026,2606,527,buy,Y
P001059,SKU-STE-001059,Steel Product 01059,packaging,steel,EA,178.99,221.66,4,758,2298,640,buy,Y
P001060,SKU-PLA-001060,Plastic Product 01060,raw_material,plastic,KG,82.68,101.38,8,205,385,123,buy,Y
P001061,SKU-STE-001061,Steel Product 01061,raw_material,steel,EA,171.47,192.0,18,748,749,752,buy,Y
P001062,SKU-PLA-001062,Plastic Product 01062,raw_material,plastic,EA,44.66,63.65,37,1207,1909,279,buy,Y
P001063,SKU-ALU-001063,Aluminium Product 01063,raw_material,aluminium,KG,32.78,35.96,25,571,3127,274,buy,Y
P001064,SKU-COP-001064,Copper Product 01064,raw_material,copper,EA,59.33,69.82,10,1360,3321,171,buy,Y
P001065,SKU-STE-001065,Steel Product 01065,raw_material,steel,M,66.77,83.8,24,1340,2655,240,buy,Y
P001066,SKU-ELE-001066,Electronic Components Product 01066,raw_material,electronic_components,M,81.74,92.22,33,396,1611,522,buy,Y
P001067,SKU-ELE-001067,Electronic Components Product 01067,raw_material,electronic_components,EA,60.49,77.16,6,1298,1958,468,buy,Y
P001068,SKU-PLA-001068,Plastic Product 01068,raw_material,plastic,KG,40.67,49.74,34,438,895,561,buy,Y
P001069,SKU-PLA-001069,Plastic Product 01069,raw_material,plastic,EA,20.88,28.46,7,376,2656,273,buy,Y
P001070,SKU-PLA-001070,Plastic Product 01070,raw_material,plastic,KG,103.85,125.91,10,691,2552,543,buy,Y
P001071,SKU-PLA-001071,Plastic Product 01071,raw_material,plastic,EA,76.43,85.03,5,152,756,284,buy,Y
P001072,SKU-ALU-001072,Aluminium Product 01072,raw_material,aluminium,M,18.39,22.2,5,1039,3212,584,buy,Y
P001073,SKU-ALU-001073,Aluminium Product 01073,raw_material,aluminium,M,46.14,65.09,15,66,1415,758,buy,Y
P001074,SKU-ALU-001074,Aluminium Product 01074,raw_material,aluminium,EA,39.61,45.25,16,1113,806,14,buy,Y
P001075,SKU-FAS-001075,Fasteners Product 01075,raw_material,fasteners,EA,30.14,43.54,18,1386,2894,30,buy,Y
P001076,SKU-PAC-001076,Packaging Product 01076,raw_material,packaging,KG,51.03,63.25,16,56,416,527,buy,Y
P001077,SKU-ALU-001077,Aluminium Product 01077,packaging,aluminium,KG,31.38,40.03,34,683,1898,773,buy,Y
P001078,SKU-ELE-001078,Electronic Components Product 01078,raw_material,electronic_components,L,13.99,19.57,17,1403,1299,264,buy,Y
P001079,SKU-STE-001079,Steel Product 01079,raw_material,steel,EA,142.25,177.41,17,1368,1376,12,buy,Y
P001080,SKU-PLA-001080,Plastic Product 01080,raw_material,plastic,M,45.42,58.27,4,882,703,165,buy,Y
P001081,SKU-COP-001081,Copper Product 01081,raw_material,copper,EA,34.1,44.16,27,227,384,412,buy,Y
P001082,SKU-ELE-001082,Electronic Components Product 01082,raw_material,electronic_components,EA,40.84,49.38,26,611,1953,412,buy,Y
P001083,SKU-FAS-001083,Fasteners Product 01083,raw_material,fasteners,M,228.16,264.88,17,358,2197,410,buy,Y
P001084,SKU-COP-001084,Copper Product 01084,raw_material,copper,EA,91.73,122.39,20,1483,2874,587,buy,Y
P001085,SKU-STE-001085,Steel Product 01085,raw_material,steel,KG,41.84,57.65,26,770,1843,410,buy,Y
P001086,SKU-ELE-001086,Electronic Components Product 01086,raw_material,electronic_components,KG,72.48,90.55,9,1048,1359,725,buy,Y
P001087,SKU-ELE-001087,Electronic Components Product 01087,raw_material,electronic_components,EA,68.86,98.99,28,629,682,695,buy,Y
P001088,SKU-PLA-001088,Plastic Product 01088,packaging,plastic,EA,52.19,65.5,29,658,2729,339,buy,Y
P001089,SKU-PLA-001089,Plastic Product 01089,raw_material,plastic,EA,115.19,149.95,11,44,1052,679,buy,Y
P001090,SKU-STE-001090,Steel Product 01090,raw_material,steel,EA,40.57,47.18,12,366,921,782,buy,Y
P001091,SKU-STE-001091,Steel Product 01091,raw_material,steel,KG,30.86,38.54,28,327,245,205,buy,Y
P001092,SKU-STE-001092,Steel Product 01092,raw_material,steel,EA,46.65,55.2,5,1111,3230,485,buy,Y
P001093,SKU-ELE-001093,Electronic Components Product 01093,raw_material,electronic_components,EA,56.95,73.36,9,599,575,666,buy,Y
P001094,SKU-ALU-001094,Aluminium Product 01094,raw_material,aluminium,EA,89.09,124.63,29,1157,1162,12,buy,Y
P001095,SKU-FAS-001095,Fasteners Product 01095,packaging,fasteners,EA,360.17,501.3,21,197,1262,407,buy,Y
P001096,SKU-COP-001096,Copper Product 01096,raw_material,copper,M,74.96,82.41,22,1390,628,57,buy,Y
P001097,SKU-ELE-001097,Electronic Components Product 01097,raw_material,electronic_components,KG,29.42,37.56,36,53,1967,246,buy,Y
P001098,SKU-ALU-001098,Aluminium Product 01098,raw_material,aluminium,EA,64.16,70.28,9,1211,413,146,buy,Y
P001099,SKU-ALU-001099,Aluminium Product 01099,raw_material,aluminium,EA,64.48,78.72,8,1439,1637,415,buy,Y
P001100,SKU-PLA-001100,Plastic Product 01100,raw_material,plastic,EA,60.37,78.58,17,1342,1765,713,buy,Y
P001101,SKU-COP-001101,Copper Product 01101,raw_material,copper,EA,67.97,83.89,35,383,3081,465,buy,Y
P001102,SKU-COP-001102,Copper Product 01102,raw_material,copper,EA,40.23,51.99,32,825,3298,675,buy,Y
P001103,SKU-FAS-001103,Fasteners Product 01103,raw_material,fasteners,EA,67.33,91.57,38,293,2083,632,buy,Y
P001104,SKU-FAS-001104,Fasteners Product 01104,raw_material,fasteners,EA,21.79,30.87,35,109,1217,149,buy,Y
P001105,SKU-STE-001105,Steel Product 01105,raw_material,steel,EA,39.45,45.23,13,1475,1525,632,buy,Y
P001106,SKU-STE-001106,Steel Product 01106,packaging,steel,EA,71.69,99.79,5,152,799,222,buy,Y
P001107,SKU-FAS-001107,Fasteners Product 01107,raw_material,fasteners,EA,65.32,81.16,26,1354,1273,621,buy,Y
P001108,SKU-PLA-001108,Plastic Product 01108,raw_material,plastic,M,60.7,74.28,28,147,1014,319,buy,Y
P001109,SKU-ALU-001109,Aluminium Product 01109,raw_material,aluminium,EA,34.01,46.65,21,1089,1829,649,buy,Y
P001110,SKU-PLA-001110,Plastic Product 01110,raw_material,plastic,M,161.03,219.5,17,1106,1028,653,buy,Y
P001111,SKU-FAS-001111,Fasteners Product 01111,raw_material,fasteners,EA,68.52,98.42,28,235,3131,716,buy,Y
P001112,SKU-ALU-001112,Aluminium Product 01112,raw_material,aluminium,L,212.25,273.7,23,203,391,240,buy,Y
P001113,SKU-STE-001113,Steel Product 01113,raw_material,steel,EA,74.44,107.74,8,1037,1838,318,buy,Y
P001114,SKU-FAS-001114,Fasteners Product 01114,raw_material,fasteners,EA,38.82,42.43,33,82,1306,168,buy,Y
P001115,SKU-FAS-001115,Fasteners Product 01115,raw_material,fasteners,EA,113.05,162.56,10,548,1209,339,buy,Y
P001116,SKU-PAC-001116,Packaging Product 01116,raw_material,packaging,EA,320.65,384.06,12,260,2248,796,buy,Y
P001117,SKU-STE-001117,Steel Product 01117,raw_material,steel,EA,119.34,153.04,14,613,2489,483,buy,Y
P001118,SKU-STE-001118,Steel Product 01118,raw_material,steel,M,74.04,92.59,36,55,416,313,buy,Y
P001119,SKU-COP-001119,Copper Product 01119,raw_material,copper,EA,182.82,254.1,29,1185,1290,484,buy,Y
P001120,SKU-COP-001120,Copper Product 01120,raw_material,copper,EA,192.12,240.23,10,564,478,34,buy,Y
P001121,SKU-ALU-001121,Aluminium Product 01121,raw_material,aluminium,EA,77.66,105.98,16,719,1525,627,buy,Y
P001122,SKU-PAC-001122,Packaging Product 01122,packaging,packaging,EA,47.27,56.96,29,688,2736,233,buy,Y
P001123,SKU-COP-001123,Copper Product 01123,raw_material,copper,M,50.7,54.95,32,835,501,383,buy,Y
P001124,SKU-ELE-001124,Electronic Components Product 01124,raw_material,electronic_components,EA,97.57,124.87,21,789,796,405,buy,Y
P001125,SKU-ALU-001125,Aluminium Product 01125,packaging,aluminium,KG,102.03,141.16,38,1346,3358,344,buy,Y
P001126,SKU-FAS-001126,Fasteners Product 01126,raw_material,fasteners,EA,23.52,28.95,18,381,573,285,buy,Y
P001127,SKU-ALU-001127,Aluminium Product 01127,raw_material,aluminium,KG,26.82,38.78,14,216,711,722,buy,Y
P001128,SKU-ALU-001128,Aluminium Product 01128,raw_material,aluminium,EA,61.99,74.45,31,294,3148,672,buy,Y
P001129,SKU-PLA-001129,Plastic Product 01129,raw_material,plastic,L,128.62,165.72,23,1213,2678,351,buy,Y
P001130,SKU-ELE-001130,Electronic Components Product 01130,raw_material,electronic_components,EA,67.34,74.03,21,474,3062,245,buy,Y
P001131,SKU-COP-001131,Copper Product 01131,packaging,copper,EA,42.98,59.8,24,1236,972,51,buy,Y
P001132,SKU-ALU-001132,Aluminium Product 01132,raw_material,aluminium,EA,415.32,549.13,17,470,1476,716,buy,Y
P001133,SKU-PAC-001133,Packaging Product 01133,raw_material,packaging,KG,67.3,76.28,9,493,1686,237,buy,Y
P001134,SKU-STE-001134,Steel Product 01134,raw_material,steel,EA,113.69,158.1,26,1295,686,647,buy,Y
P001135,SKU-COP-001135,Copper Product 01135,raw_material,copper,EA,19.32,24.91,37,731,1047,252,buy,Y
P001136,SKU-COP-001136,Copper Product 01136,raw_material,copper,EA,46.69,60.3,7,835,3264,164,buy,Y
P001137,SKU-ALU-001137,Aluminium Product 01137,raw_material,aluminium,KG,205.93,233.82,11,1130,2108,116,buy,Y
P001138,SKU-ALU-001138,Aluminium Product 01138,raw_material,aluminium,EA,16.0,18.79,21,1418,133,645,buy,Y
P001139,SKU-STE-001139,Steel Product 01139,raw_material,steel,EA,51.27,58.68,32,694,841,351,buy,Y
P001140,SKU-ELE-001140,Electronic Components Product 01140,raw_material,electronic_components,EA,51.8,57.25,16,554,1905,512,buy,Y
P001141,SKU-FAS-001141,Fasteners Product 01141,raw_material,fasteners,EA,54.51,70.47,14,811,1362,603,buy,Y
P001142,SKU-ALU-001142,Aluminium Product 01142,raw_material,aluminium,EA,64.24,88.0,17,970,3118,543,buy,Y
P001143,SKU-PLA-001143,Plastic Product 01143,raw_material,plastic,L,16.72,18.88,26,33,1992,406,buy,Y
P001144,SKU-STE-001144,Steel Product 01144,packaging,steel,EA,30.91,35.68,35,73,1344,221,buy,Y
P001145,SKU-COP-001145,Copper Product 01145,raw_material,copper,KG,284.14,404.07,28,341,231,767,buy,Y
P001146,SKU-PAC-001146,Packaging Product 01146,raw_material,packaging,EA,109.16,156.72,8,1261,202,273,buy,Y
P001147,SKU-COP-001147,Copper Product 01147,packaging,copper,EA,109.36,142.83,37,1463,297,197,buy,Y
P001148,SKU-ELE-001148,Electronic Components Product 01148,raw_material,electronic_components,EA,320.33,348.82,8,790,1988,207,buy,Y
P001149,SKU-STE-001149,Steel Product 01149,raw_material,steel,EA,35.5,41.14,24,460,2361,420,buy,Y
P001150,SKU-COP-001150,Copper Product 01150,raw_material,copper,EA,41.25,55.89,31,1327,156,699,buy,Y
P001151,SKU-COP-001151,Copper Product 01151,packaging,copper,EA,105.56,141.39,17,130,2328,777,buy,Y
P001152,SKU-PAC-001152,Packaging Product 01152,packaging,packaging,EA,63.81,68.93,4,632,2954,130,buy,Y
P001153,SKU-ALU-001153,Aluminium Product 01153,raw_material,aluminium,EA,83.0,114.23,24,789,1825,198,buy,Y
P001154,SKU-PLA-001154,Plastic Product 01154,packaging,plastic,KG,98.71,142.08,27,681,3232,754,buy,Y
P001155,SKU-COP-001155,Copper Product 01155,raw_material,copper,EA,55.87,69.02,5,545,287,279,buy,Y
P001156,SKU-STE-001156,Steel Product 01156,packaging,steel,EA,89.29,99.74,29,766,456,539,buy,Y
P001157,SKU-FAS-001157,Fasteners Product 01157,raw_material,fasteners,EA,33.73,41.56,12,365,1657,197,buy,Y
P001158,SKU-STE-001158,Steel Product 01158,raw_material,steel,EA,19.95,25.33,11,1321,261,237,buy,Y
P001159,SKU-COP-001159,Copper Product 01159,raw_material,copper,EA,51.11,60.4,4,880,2667,370,buy,Y
P001160,SKU-STE-001160,Steel Product 01160,packaging,steel,EA,170.17,218.22,20,904,429,117,buy,Y
P001161,SKU-ALU-001161,Aluminium Product 01161,raw_material,aluminium,EA,63.09,73.82,6,539,1415,450,buy,Y
P001162,SKU-FAS-001162,Fasteners Product 01162,raw_material,fasteners,EA,101.31,112.98,30,520,2602,193,buy,Y
P001163,SKU-COP-001163,Copper Product 01163,raw_material,copper,EA,214.77,291.24,32,316,1966,126,buy,Y
P001164,SKU-PLA-001164,Plastic Product 01164,raw_material,plastic,EA,33.45,44.47,12,61,205,369,buy,Y
P001165,SKU-COP-001165,Copper Product 01165,raw_material,copper,EA,38.48,45.39,24,1039,3412,58,buy,Y
P001166,SKU-PLA-001166,Plastic Product 01166,raw_material,plastic,EA,74.96,87.31,30,831,2254,183,buy,Y
P001167,SKU-ALU-001167,Aluminium Product 01167,raw_material,aluminium,L,140.48,172.32,14,1377,2654,126,buy,Y
P001168,SKU-PLA-001168,Plastic Product 01168,raw_material,plastic,EA,28.71,37.59,31,839,1622,370,buy,Y
P001169,SKU-STE-001169,Steel Product 01169,raw_material,steel,L,23.27,29.75,14,357,749,75,buy,Y
P001170,SKU-STE-001170,Steel Product 01170,raw_material,steel,KG,50.48,61.7,33,169,67,630,buy,Y
P001171,SKU-PLA-001171,Plastic Product 01171,raw_material,plastic,EA,139.96,155.65,16,1008,226,673,buy,Y
P001172,SKU-ELE-001172,Electronic Components Product 01172,raw_material,electronic_components,EA,33.44,41.77,24,415,3325,247,buy,Y
P001173,SKU-PAC-001173,Packaging Product 01173,raw_material,packaging,EA,60.26,85.87,28,1253,2911,426,buy,Y
P001174,SKU-PLA-001174,Plastic Product 01174,raw_material,plastic,EA,77.55,84.07,14,1355,1217,340,buy,Y
P001175,SKU-STE-001175,Steel Product 01175,raw_material,steel,EA,71.11,81.88,22,583,2854,575,buy,Y
P001176,SKU-ALU-001176,Aluminium Product 01176,raw_material,aluminium,EA,151.51,192.15,14,406,1108,158,buy,Y
P001177,SKU-STE-001177,Steel Product 01177,packaging,steel,EA,59.7,71.63,16,821,292,722,buy,Y
P001178,SKU-ELE-001178,Electronic Components Product 01178,raw_material,electronic_components,EA,50.16,65.83,17,601,2672,558,buy,Y
P001179,SKU-ALU-001179,Aluminium Product 01179,raw_material,aluminium,EA,54.44,68.15,21,543,1385,65,buy,Y
P001180,SKU-STE-001180,Steel Product 01180,raw_material,steel,EA,77.43,93.87,8,1467,2820,346,buy,Y
P001181,SKU-ALU-001181,Aluminium Product 01181,raw_material,aluminium,EA,87.56,97.03,22,681,1145,362,buy,Y
P001182,SKU-STE-001182,Steel Product 01182,packaging,steel,EA,27.39,32.21,31,463,2183,187,buy,Y
P001183,SKU-ELE-001183,Electronic Components Product 01183,raw_material,electronic_components,EA,51.65,63.56,35,990,2465,291,buy,Y
P001184,SKU-PLA-001184,Plastic Product 01184,raw_material,plastic,EA,90.83,115.23,23,132,1399,164,buy,Y
P001185,SKU-FAS-001185,Fasteners Product 01185,raw_material,fasteners,EA,102.89,120.12,11,1436,446,716,buy,Y
P001186,SKU-COP-001186,Copper Product 01186,raw_material,copper,EA,183.76,241.85,20,797,131,149,buy,Y
P001187,SKU-ALU-001187,Aluminium Product 01187,packaging,aluminium,EA,29.13,41.11,24,992,817,120,buy,Y
P001188,SKU-ALU-001188,Aluminium Product 01188,raw_material,aluminium,EA,72.15,97.02,13,706,2728,656,buy,Y
P001189,SKU-ELE-001189,Electronic Components Product 01189,raw_material,electronic_components,M,34.17,44.74,36,1089,269,11,buy,Y
P001190,SKU-ALU-001190,Aluminium Product 01190,raw_material,aluminium,EA,143.75,189.21,26,772,2519,784,buy,Y
P001191,SKU-FAS-001191,Fasteners Product 01191,raw_material,fasteners,EA,423.32,528.65,5,132,1230,477,buy,Y
P001192,SKU-PLA-001192,Plastic Product 01192,raw_material,plastic,M,95.9,107.14,24,1089,441,155,buy,Y
P001193,SKU-PAC-001193,Packaging Product 01193,packaging,packaging,EA,28.09,36.12,5,1496,1655,518,buy,Y
P001194,SKU-STE-001194,Steel Product 01194,raw_material,steel,EA,60.12,72.97,7,421,1735,527,buy,Y
P001195,SKU-STE-001195,Steel Product 01195,raw_material,steel,EA,108.6,132.43,19,91,3170,721,buy,Y
P001196,SKU-STE-001196,Steel Product 01196,raw_material,steel,EA,147.51,187.49,15,510,214,567,buy,Y
P001197,SKU-ELE-001197,Electronic Components Product 01197,raw_material,electronic_components,EA,35.46,38.76,32,256,3034,156,buy,Y
P001198,SKU-PLA-001198,Plastic Product 01198,raw_material,plastic,EA,147.11,196.32,27,483,2548,392,buy,Y
P001199,SKU-PLA-001199,Plastic Product 01199,raw_material,plastic,EA,168.69,207.39,32,540,1286,653,buy,Y
P001200,SKU-STE-001200,Steel Product 01200,raw_material,steel,EA,76.15,100.36,30,635,2334,317,buy,Y
P001201,SKU-ELE-001201,Electronic Components Product 01201,raw_material,electronic_components,M,38.46,42.23,10,421,1032,731,buy,Y
P001202,SKU-STE-001202,Steel Product 01202,raw_material,steel,EA,64.28,73.28,25,121,2933,396,buy,Y
P001203,SKU-ALU-001203,Aluminium Product 01203,raw_material,aluminium,EA,42.26,52.31,34,737,1189,528,buy,Y
P001204,SKU-ALU-001204,Aluminium Product 01204,raw_material,aluminium,EA,13.25,17.08,37,995,98,310,buy,Y
P001205,SKU-STE-001205,Steel Product 01205,raw_material,steel,EA,25.82,29.29,8,433,412,556,buy,Y
P001206,SKU-PAC-001206,Packaging Product 01206,packaging,packaging,EA,72.41,99.29,16,293,2567,376,buy,Y
P001207,SKU-PLA-001207,Plastic Product 01207,raw_material,plastic,EA,42.87,62.1,20,926,2089,19,buy,Y
P001208,SKU-FAS-001208,Fasteners Product 01208,raw_material,fasteners,EA,38.18,52.73,37,1032,1419,450,buy,Y
P001209,SKU-COP-001209,Copper Product 01209,raw_material,copper,EA,142.06,198.13,7,1299,2314,363,buy,Y
P001210,SKU-FAS-001210,Fasteners Product 01210,raw_material,fasteners,M,47.62,59.6,38,1030,2008,508,buy,Y
P001211,SKU-STE-001211,Steel Product 01211,raw_material,steel,EA,33.59,38.71,4,1269,552,686,buy,Y
P001212,SKU-STE-001212,Steel Product 01212,raw_material,steel,EA,72.29,88.69,36,791,109,361,buy,Y
P001213,SKU-PAC-001213,Packaging Product 01213,raw_material,packaging,EA,44.71,56.81,14,568,1528,64,buy,Y
P001214,SKU-STE-001214,Steel Product 01214,raw_material,steel,EA,172.73,200.17,32,1317,2242,305,buy,Y
P001215,SKU-PAC-001215,Packaging Product 01215,raw_material,packaging,EA,96.38,125.85,18,915,1338,375,buy,Y
P001216,SKU-ELE-001216,Electronic Components Product 01216,raw_material,electronic_components,EA,32.99,36.25,11,636,2179,759,buy,Y
P001217,SKU-ALU-001217,Aluminium Product 01217,raw_material,aluminium,M,63.86,81.82,10,594,2190,769,buy,Y
P001218,SKU-FAS-001218,Fasteners Product 01218,raw_material,fasteners,EA,20.4,29.05,10,740,411,483,buy,Y
P001219,SKU-FAS-001219,Fasteners Product 01219,raw_material,fasteners,EA,141.5,194.47,12,265,452,169,buy,Y
P001220,SKU-FAS-001220,Fasteners Product 01220,raw_material,fasteners,EA,117.86,142.96,14,687,2275,511,buy,Y
P001221,SKU-PLA-001221,Plastic Product 01221,raw_material,plastic,EA,52.33,57.38,32,1384,1201,292,buy,Y
P001222,SKU-PLA-001222,Plastic Product 01222,raw_material,plastic,EA,59.54,83.79,13,956,1422,490,buy,Y
P001223,SKU-COP-001223,Copper Product 01223,packaging,copper,EA,34.86,38.43,21,271,2729,132,buy,Y
P001224,SKU-PLA-001224,Plastic Product 01224,raw_material,plastic,EA,8.68,10.8,28,533,1151,630,buy,Y
P001225,SKU-PLA-001225,Plastic Product 01225,raw_material,plastic,EA,101.26,118.42,31,160,2351,764,buy,Y
P001226,SKU-PLA-001226,Plastic Product 01226,raw_material,plastic,EA,37.99,53.78,28,1493,472,113,buy,Y
P001227,SKU-ALU-001227,Aluminium Product 01227,raw_material,aluminium,EA,35.4,51.33,16,1327,2547,41,buy,Y
P001228,SKU-PLA-001228,Plastic Product 01228,raw_material,plastic,KG,39.34,56.46,6,1293,1380,126,buy,Y
P001229,SKU-STE-001229,Steel Product 01229,raw_material,steel,EA,56.04,60.69,12,1148,946,69,buy,Y
P001230,SKU-ELE-001230,Electronic Components Product 01230,raw_material,electronic_components,M,89.92,123.99,22,896,2365,484,buy,Y
P001231,SKU-PLA-001231,Plastic Product 01231,raw_material,plastic,EA,24.4,27.47,6,801,218,414,buy,Y
P001232,SKU-ALU-001232,Aluminium Product 01232,raw_material,aluminium,EA,18.45,26.03,31,1198,1356,546,buy,Y
P001233,SKU-ALU-001233,Aluminium Product 01233,raw_material,aluminium,EA,146.96,175.98,18,995,3267,317,buy,Y
P001234,SKU-ALU-001234,Aluminium Product 01234,raw_material,aluminium,EA,51.61,60.87,10,1402,385,643,buy,Y
P001235,SKU-ELE-001235,Electronic Components Product 01235,packaging,electronic_components,KG,37.77,43.63,15,724,3350,795,buy,Y
P001236,SKU-ALU-001236,Aluminium Product 01236,packaging,aluminium,EA,77.67,109.73,16,761,3169,473,buy,Y
P001237,SKU-STE-001237,Steel Product 01237,raw_material,steel,EA,60.64,87.92,29,231,2229,492,buy,Y
P001238,SKU-STE-001238,Steel Product 01238,packaging,steel,EA,84.13,103.97,22,133,401,357,buy,Y
P001239,SKU-ELE-001239,Electronic Components Product 01239,raw_material,electronic_components,EA,40.64,47.36,30,442,2954,749,buy,Y
P001240,SKU-PAC-001240,Packaging Product 01240,raw_material,packaging,EA,41.82,47.83,28,1150,108,300,buy,Y
P001241,SKU-PAC-001241,Packaging Product 01241,raw_material,packaging,KG,236.9,284.95,13,187,1578,633,buy,Y
P001242,SKU-PLA-001242,Plastic Product 01242,raw_material,plastic,M,121.48,152.25,7,850,1845,767,buy,Y
P001243,SKU-PAC-001243,Packaging Product 01243,raw_material,packaging,EA,438.39,562.39,26,1461,1958,16,buy,Y
P001244,SKU-STE-001244,Steel Product 01244,packaging,steel,EA,123.96,173.13,36,535,2352,517,buy,Y
P001245,SKU-ALU-001245,Aluminium Product 01245,raw_material,aluminium,EA,58.41,71.0,22,947,1411,535,buy,Y
P001246,SKU-FAS-001246,Fasteners Product 01246,raw_material,fasteners,EA,90.4,106.63,24,705,1628,583,buy,Y
P001247,SKU-ALU-001247,Aluminium Product 01247,packaging,aluminium,KG,150.27,215.99,6,519,2648,787,buy,Y
P001248,SKU-ALU-001248,Aluminium Product 01248,raw_material,aluminium,EA,26.92,37.73,17,786,985,548,buy,Y
P001249,SKU-FAS-001249,Fasteners Product 01249,raw_material,fasteners,EA,66.36,82.14,9,811,2587,743,buy,Y
P001250,SKU-COP-001250,Copper Product 01250,raw_material,copper,EA,58.71,76.16,38,1088,1926,123,buy,Y
P001251,SKU-ALU-001251,Aluminium Product 01251,packaging,aluminium,EA,93.15,105.53,36,242,823,606,buy,Y
P001252,SKU-STE-001252,Steel Product 01252,raw_material,steel,KG,109.76,143.33,14,296,2798,398,buy,Y
P001253,SKU-PLA-001253,Plastic Product 01253,raw_material,plastic,KG,36.73,47.12,16,1365,170,708,buy,Y
P001254,SKU-STE-001254,Steel Product 01254,raw_material,steel,EA,42.63,56.57,23,1042,374,64,buy,Y
P001255,SKU-COP-001255,Copper Product 01255,raw_material,copper,EA,21.27,29.46,17,660,106,792,buy,Y
P001256,SKU-ALU-001256,Aluminium Product 01256,raw_material,aluminium,EA,68.81,81.54,19,600,3032,644,buy,Y
P001257,SKU-PLA-001257,Plastic Product 01257,raw_material,plastic,EA,114.26,160.39,4,344,1144,164,buy,Y
P001258,SKU-ALU-001258,Aluminium Product 01258,raw_material,aluminium,EA,75.01,102.16,11,643,1441,441,buy,Y
P001259,SKU-PAC-001259,Packaging Product 01259,raw_material,packaging,EA,77.02,99.13,5,659,3110,210,buy,Y
P001260,SKU-ALU-001260,Aluminium Product 01260,raw_material,aluminium,EA,233.79,337.57,35,372,2497,485,buy,Y
P001261,SKU-PLA-001261,Plastic Product 01261,raw_material,plastic,EA,32.87,39.2,22,74,1533,778,buy,Y
P001262,SKU-STE-001262,Steel Product 01262,raw_material,steel,EA,44.94,60.6,35,1464,1615,44,buy,Y
P001263,SKU-PLA-001263,Plastic Product 01263,packaging,plastic,EA,100.38,137.19,32,1304,1607,111,buy,Y
P001264,SKU-ALU-001264,Aluminium Product 01264,raw_material,aluminium,EA,155.03,176.73,30,427,2194,501,buy,Y
P001265,SKU-FAS-001265,Fasteners Product 01265,raw_material,fasteners,M,14.53,19.13,7,850,2556,516,buy,Y
P001266,SKU-ALU-001266,Aluminium Product 01266,raw_material,aluminium,EA,50.73,60.03,7,1417,2837,21,buy,Y
P001267,SKU-STE-001267,Steel Product 01267,raw_material,steel,L,108.14,119.32,11,461,2206,152,buy,Y
P001268,SKU-ELE-001268,Electronic Components Product 01268,raw_material,electronic_components,KG,31.64,36.48,11,1461,965,90,buy,Y
P001269,SKU-PAC-001269,Packaging Product 01269,raw_material,packaging,KG,41.08,51.46,18,163,1164,658,buy,Y
P001270,SKU-PAC-001270,Packaging Product 01270,packaging,packaging,M,42.01,55.74,34,1244,3193,635,buy,Y
P001271,SKU-PLA-001271,Plastic Product 01271,raw_material,plastic,EA,37.9,49.76,38,780,3197,790,buy,Y
P001272,SKU-ELE-001272,Electronic Components Product 01272,raw_material,electronic_components,EA,102.69,114.31,21,364,425,117,buy,Y
P001273,SKU-PAC-001273,Packaging Product 01273,raw_material,packaging,EA,75.23,84.4,4,187,1038,185,buy,Y
P001274,SKU-STE-001274,Steel Product 01274,raw_material,steel,KG,54.3,67.45,9,81,2026,98,buy,Y
P001275,SKU-STE-001275,Steel Product 01275,raw_material,steel,EA,314.23,402.2,11,282,382,458,buy,Y
P001276,SKU-ALU-001276,Aluminium Product 01276,raw_material,aluminium,EA,98.98,133.1,13,1484,2999,579,buy,Y
P001277,SKU-ELE-001277,Electronic Components Product 01277,packaging,electronic_components,EA,73.79,92.15,19,185,2152,777,buy,Y
P001278,SKU-ELE-001278,Electronic Components Product 01278,raw_material,electronic_components,EA,99.41,129.75,10,1213,1027,700,buy,Y
P001279,SKU-STE-001279,Steel Product 01279,raw_material,steel,EA,84.45,119.42,24,708,601,271,buy,Y
P001280,SKU-STE-001280,Steel Product 01280,packaging,steel,EA,45.26,59.88,24,800,1914,729,buy,Y
P001281,SKU-ELE-001281,Electronic Components Product 01281,raw_material,electronic_components,EA,47.18,54.03,28,276,1540,788,buy,Y
P001282,SKU-PLA-001282,Plastic Product 01282,raw_material,plastic,EA,172.44,189.48,21,1341,1876,567,buy,Y
P001283,SKU-PLA-001283,Plastic Product 01283,raw_material,plastic,EA,51.73,59.6,21,263,1823,326,buy,Y
P001284,SKU-STE-001284,Steel Product 01284,raw_material,steel,KG,12.25,13.31,21,1232,3131,170,buy,Y
P001285,SKU-PLA-001285,Plastic Product 01285,raw_material,plastic,EA,229.53,290.5,26,746,2540,325,buy,Y
P001286,SKU-PAC-001286,Packaging Product 01286,raw_material,packaging,EA,100.19,124.44,34,704,3206,793,buy,Y
P001287,SKU-STE-001287,Steel Product 01287,packaging,steel,EA,107.13,145.55,33,1457,1069,405,buy,Y
P001288,SKU-PLA-001288,Plastic Product 01288,raw_material,plastic,EA,99.95,113.96,11,826,2925,718,buy,Y
P001289,SKU-FAS-001289,Fasteners Product 01289,raw_material,fasteners,EA,45.45,61.02,33,628,2726,284,buy,Y
P001290,SKU-COP-001290,Copper Product 01290,raw_material,copper,EA,111.22,156.9,26,1047,2945,640,buy,Y
P001291,SKU-FAS-001291,Fasteners Product 01291,raw_material,fasteners,EA,166.92,217.85,5,1312,743,162,buy,Y
P001292,SKU-FAS-001292,Fasteners Product 01292,raw_material,fasteners,EA,83.41,118.7,27,1476,3016,61,buy,Y
P001293,SKU-ALU-001293,Aluminium Product 01293,raw_material,aluminium,EA,35.22,49.88,35,1119,2035,85,buy,Y
P001294,SKU-PAC-001294,Packaging Product 01294,raw_material,packaging,EA,28.89,38.94,10,1284,1251,719,buy,Y
P001295,SKU-PAC-001295,Packaging Product 01295,packaging,packaging,L,13.44,15.13,32,1020,343,553,buy,Y
P001296,SKU-COP-001296,Copper Product 01296,packaging,copper,EA,91.59,115.29,31,793,180,279,buy,Y
P001297,SKU-ALU-001297,Aluminium Product 01297,raw_material,aluminium,EA,85.83,109.5,26,345,3147,107,buy,Y
P001298,SKU-COP-001298,Copper Product 01298,raw_material,copper,EA,75.79,105.41,15,1330,1575,364,buy,Y
P001299,SKU-STE-001299,Steel Product 01299,raw_material,steel,EA,92.87,128.06,30,429,206,292,buy,Y
P001300,SKU-PLA-001300,Plastic Product 01300,raw_material,plastic,EA,82.36,106.67,34,1368,1668,116,buy,Y
P001301,SKU-PLA-001301,Plastic Product 01301,raw_material,plastic,M,48.73,52.91,16,286,1176,281,buy,Y
P001302,SKU-COP-001302,Copper Product 01302,packaging,copper,EA,94.93,122.76,16,1331,2155,726,buy,Y
P001303,SKU-ALU-001303,Aluminium Product 01303,raw_material,aluminium,KG,102.31,124.59,6,184,3013,704,buy,Y
P001304,SKU-ELE-001304,Electronic Components Product 01304,raw_material,electronic_components,EA,62.12,78.47,38,60,773,618,buy,Y
P001305,SKU-COP-001305,Copper Product 01305,raw_material,copper,EA,96.87,139.55,4,1258,636,624,buy,Y
P001306,SKU-STE-001306,Steel Product 01306,raw_material,steel,M,107.33,131.4,23,215,1614,744,buy,Y
P001307,SKU-STE-001307,Steel Product 01307,raw_material,steel,EA,287.66,329.99,9,898,2569,538,buy,Y
P001308,SKU-PAC-001308,Packaging Product 01308,raw_material,packaging,EA,65.52,82.22,4,1055,2159,366,buy,Y
P001309,SKU-PLA-001309,Plastic Product 01309,raw_material,plastic,KG,168.33,187.51,28,1069,1680,401,buy,Y
P001310,SKU-ELE-001310,Electronic Components Product 01310,raw_material,electronic_components,M,46.44,50.51,19,459,1316,306,buy,Y
P001311,SKU-ALU-001311,Aluminium Product 01311,raw_material,aluminium,EA,115.68,148.28,23,924,837,308,buy,Y
P001312,SKU-COP-001312,Copper Product 01312,raw_material,copper,M,145.47,175.75,12,1440,2193,123,buy,Y
P001313,SKU-PLA-001313,Plastic Product 01313,packaging,plastic,EA,22.46,26.69,18,553,866,274,buy,Y
P001314,SKU-FAS-001314,Fasteners Product 01314,raw_material,fasteners,M,124.15,163.41,27,807,59,297,buy,Y
P001315,SKU-STE-001315,Steel Product 01315,raw_material,steel,EA,16.03,20.0,20,620,2721,182,buy,Y
P001316,SKU-STE-001316,Steel Product 01316,packaging,steel,EA,43.73,60.06,20,221,368,325,buy,Y
P001317,SKU-ALU-001317,Aluminium Product 01317,raw_material,aluminium,EA,33.22,37.43,23,776,3108,249,buy,Y
P001318,SKU-STE-001318,Steel Product 01318,raw_material,steel,EA,46.09,56.65,24,1351,1781,623,buy,Y
P001319,SKU-PAC-001319,Packaging Product 01319,raw_material,packaging,EA,127.81,151.12,17,35,429,293,buy,Y
P001320,SKU-ALU-001320,Aluminium Product 01320,raw_material,aluminium,EA,55.83,62.85,13,1104,975,140,buy,Y
P001321,SKU-PLA-001321,Plastic Product 01321,raw_material,plastic,EA,24.3,31.61,13,211,827,731,buy,Y
P001322,SKU-PLA-001322,Plastic Product 01322,raw_material,plastic,EA,81.51,92.45,36,1356,501,487,buy,Y
P001323,SKU-FAS-001323,Fasteners Product 01323,raw_material,fasteners,KG,82.59,111.93,37,176,2398,90,buy,Y
P001324,SKU-ELE-001324,Electronic Components Product 01324,packaging,electronic_components,EA,206.53,265.72,5,1218,2831,353,buy,Y
P001325,SKU-COP-001325,Copper Product 01325,raw_material,copper,M,240.52,299.33,24,993,2160,753,buy,Y
P001326,SKU-PLA-001326,Plastic Product 01326,raw_material,plastic,EA,53.77,64.74,9,515,1398,729,buy,Y
P001327,SKU-ELE-001327,Electronic Components Product 01327,packaging,electronic_components,KG,130.94,181.53,28,1068,2501,761,buy,Y
P001328,SKU-PLA-001328,Plastic Product 01328,raw_material,plastic,EA,43.54,59.34,22,534,1010,695,buy,Y
P001329,SKU-STE-001329,Steel Product 01329,raw_material,steel,EA,90.65,125.15,13,619,1451,653,buy,Y
P001330,SKU-ELE-001330,Electronic Components Product 01330,raw_material,electronic_components,EA,115.93,150.21,17,412,3461,244,buy,Y
P001331,SKU-STE-001331,Steel Product 01331,raw_material,steel,EA,70.99,77.05,7,1114,2216,198,buy,Y
P001332,SKU-PLA-001332,Plastic Product 01332,raw_material,plastic,EA,63.09,84.9,22,1176,1692,585,buy,Y
P001333,SKU-PLA-001333,Plastic Product 01333,raw_material,plastic,EA,99.15,118.47,32,878,2608,730,buy,Y
P001334,SKU-STE-001334,Steel Product 01334,raw_material,steel,EA,78.84,97.19,9,570,417,193,buy,Y
P001335,SKU-PLA-001335,Plastic Product 01335,raw_material,plastic,EA,77.86,102.12,31,1313,90,409,buy,Y
P001336,SKU-STE-001336,Steel Product 01336,raw_material,steel,EA,98.71,123.84,32,1166,279,723,buy,Y
P001337,SKU-FAS-001337,Fasteners Product 01337,packaging,fasteners,EA,166.64,184.73,22,1315,100,178,buy,Y
P001338,SKU-ELE-001338,Electronic Components Product 01338,raw_material,electronic_components,EA,11.86,16.62,18,76,3495,731,buy,Y
P001339,SKU-PAC-001339,Packaging Product 01339,raw_material,packaging,EA,30.36,42.75,14,1434,2675,516,buy,Y
P001340,SKU-PLA-001340,Plastic Product 01340,raw_material,plastic,EA,39.01,52.43,20,1247,449,345,buy,Y
P001341,SKU-ALU-001341,Aluminium Product 01341,packaging,aluminium,KG,190.92,274.97,8,119,969,178,buy,Y
P001342,SKU-ALU-001342,Aluminium Product 01342,packaging,aluminium,EA,83.19,91.22,32,95,1438,545,buy,Y
P001343,SKU-PLA-001343,Plastic Product 01343,raw_material,plastic,EA,131.38,183.48,30,430,608,483,buy,Y
P001344,SKU-ALU-001344,Aluminium Product 01344,raw_material,aluminium,EA,29.75,32.9,12,1491,1163,610,buy,Y
P001345,SKU-PLA-001345,Plastic Product 01345,raw_material,plastic,EA,33.72,36.9,21,694,1262,677,buy,Y
P001346,SKU-ELE-001346,Electronic Components Product 01346,raw_material,electronic_components,L,81.6,115.4,8,634,2988,501,buy,Y
P001347,SKU-PLA-001347,Plastic Product 01347,raw_material,plastic,EA,133.64,161.9,32,741,961,14,buy,Y
P001348,SKU-ELE-001348,Electronic Components Product 01348,raw_material,electronic_components,EA,200.93,244.07,16,1181,893,705,buy,Y
P001349,SKU-PLA-001349,Plastic Product 01349,packaging,plastic,KG,85.3,116.83,4,240,426,524,buy,Y
P001350,SKU-FAS-001350,Fasteners Product 01350,raw_material,fasteners,M,168.44,196.74,25,1170,2410,693,buy,Y
P001351,SKU-ELE-001351,Electronic Components Product 01351,raw_material,electronic_components,EA,199.35,267.21,21,317,3296,353,buy,Y
P001352,SKU-STE-001352,Steel Product 01352,packaging,steel,L,113.13,127.49,19,719,1528,488,buy,Y
P001353,SKU-PLA-001353,Plastic Product 01353,raw_material,plastic,EA,45.8,59.11,31,1192,2239,616,buy,Y
P001354,SKU-STE-001354,Steel Product 01354,raw_material,steel,KG,431.19,532.38,21,1120,1792,717,buy,Y
P001355,SKU-PLA-001355,Plastic Product 01355,raw_material,plastic,L,113.28,145.97,14,1028,3106,312,buy,Y
P001356,SKU-PAC-001356,Packaging Product 01356,raw_material,packaging,EA,83.27,100.05,17,680,2198,424,buy,Y
P001357,SKU-FAS-001357,Fasteners Product 01357,raw_material,fasteners,EA,102.88,136.6,16,856,2957,683,buy,Y
P001358,SKU-ALU-001358,Aluminium Product 01358,raw_material,aluminium,KG,471.47,640.38,16,304,2361,482,buy,Y
P001359,SKU-PLA-001359,Plastic Product 01359,raw_material,plastic,M,33.91,36.93,23,1177,2083,458,buy,Y
P001360,SKU-FAS-001360,Fasteners Product 01360,raw_material,fasteners,EA,12.2,15.57,30,154,3406,507,buy,Y
P001361,SKU-FAS-001361,Fasteners Product 01361,raw_material,fasteners,EA,63.16,70.68,10,1214,1883,406,buy,Y
P001362,SKU-STE-001362,Steel Product 01362,raw_material,steel,M,63.18,77.31,19,369,1287,535,buy,Y
P001363,SKU-ELE-001363,Electronic Components Product 01363,packaging,electronic_components,EA,92.11,100.42,26,436,285,309,buy,Y
P001364,SKU-ALU-001364,Aluminium Product 01364,raw_material,aluminium,EA,214.82,283.45,8,192,2159,702,buy,Y
P001365,SKU-ALU-001365,Aluminium Product 01365,packaging,aluminium,EA,61.28,72.67,34,1348,482,420,buy,Y
P001366,SKU-ELE-001366,Electronic Components Product 01366,raw_material,electronic_components,EA,85.27,121.6,31,755,1689,492,buy,Y
P001367,SKU-PLA-001367,Plastic Product 01367,raw_material,plastic,EA,133.9,160.43,13,548,2313,43,buy,Y
P001368,SKU-COP-001368,Copper Product 01368,raw_material,copper,KG,163.55,188.27,31,1352,2105,626,buy,Y
P001369,SKU-FAS-001369,Fasteners Product 01369,raw_material,fasteners,EA,108.15,130.34,9,1243,3153,557,buy,Y
P001370,SKU-PLA-001370,Plastic Product 01370,raw_material,plastic,L,98.7,116.09,21,1366,1379,800,buy,Y
P001371,SKU-ELE-001371,Electronic Components Product 01371,raw_material,electronic_components,EA,130.08,174.95,6,737,1864,121,buy,Y
P001372,SKU-ELE-001372,Electronic Components Product 01372,raw_material,electronic_components,EA,135.18,162.92,24,1390,1808,790,buy,Y
P001373,SKU-STE-001373,Steel Product 01373,raw_material,steel,EA,75.6,99.84,36,230,3113,450,buy,Y
P001374,SKU-COP-001374,Copper Product 01374,raw_material,copper,EA,64.77,86.58,14,541,1297,61,buy,Y
P001375,SKU-PAC-001375,Packaging Product 01375,raw_material,packaging,EA,101.9,123.21,23,1272,933,479,buy,Y
P001376,SKU-FAS-001376,Fasteners Product 01376,raw_material,fasteners,EA,25.99,36.26,17,712,1812,397,buy,Y
P001377,SKU-COP-001377,Copper Product 01377,raw_material,copper,EA,49.42,53.95,35,1278,333,481,buy,Y
P001378,SKU-PAC-001378,Packaging Product 01378,raw_material,packaging,EA,13.89,15.62,21,710,968,503,buy,Y
P001379,SKU-ELE-001379,Electronic Components Product 01379,raw_material,electronic_components,EA,179.77,240.66,13,810,621,619,buy,Y
P001380,SKU-PLA-001380,Plastic Product 01380,packaging,plastic,EA,199.69,226.69,24,641,1999,465,buy,Y
P001381,SKU-PAC-001381,Packaging Product 01381,raw_material,packaging,KG,110.6,146.35,23,126,2029,293,buy,Y
P001382,SKU-PLA-001382,Plastic Product 01382,raw_material,plastic,EA,52.89,61.74,23,784,1600,334,buy,Y
P001383,SKU-ELE-001383,Electronic Components Product 01383,packaging,electronic_components,EA,56.31,78.1,12,1327,1276,676,buy,Y
P001384,SKU-PLA-001384,Plastic Product 01384,packaging,plastic,EA,35.29,43.51,4,1085,2334,756,buy,Y
P001385,SKU-ELE-001385,Electronic Components Product 01385,raw_material,electronic_components,KG,54.43,73.65,15,1257,3301,184,buy,Y
P001386,SKU-FAS-001386,Fasteners Product 01386,raw_material,fasteners,EA,150.79,163.05,31,605,3036,680,buy,Y
P001387,SKU-STE-001387,Steel Product 01387,raw_material,steel,EA,31.08,43.67,36,1418,1058,157,buy,Y
P001388,SKU-PLA-001388,Plastic Product 01388,raw_material,plastic,EA,91.46,102.25,16,206,1097,315,buy,Y
P001389,SKU-STE-001389,Steel Product 01389,raw_material,steel,EA,79.64,97.06,20,581,2386,773,buy,Y
P001390,SKU-PAC-001390,Packaging Product 01390,packaging,packaging,EA,43.93,51.74,26,783,1424,38,buy,Y
P001391,SKU-COP-001391,Copper Product 01391,raw_material,copper,KG,34.2,47.78,31,549,2279,41,buy,Y
P001392,SKU-ELE-001392,Electronic Components Product 01392,raw_material,electronic_components,EA,431.79,605.51,33,485,1182,13,buy,Y
P001393,SKU-COP-001393,Copper Product 01393,packaging,copper,EA,176.43,227.15,18,784,3303,271,buy,Y
P001394,SKU-ALU-001394,Aluminium Product 01394,raw_material,aluminium,EA,30.77,37.1,36,615,2954,378,buy,Y
P001395,SKU-ALU-001395,Aluminium Product 01395,packaging,aluminium,EA,73.28,98.33,31,826,1484,758,buy,Y
P001396,SKU-STE-001396,Steel Product 01396,packaging,steel,EA,33.4,41.43,31,262,2168,759,buy,Y
P001397,SKU-ELE-001397,Electronic Components Product 01397,raw_material,electronic_components,EA,26.12,35.42,10,1093,1107,178,buy,Y
P001398,SKU-PLA-001398,Plastic Product 01398,raw_material,plastic,EA,94.81,115.73,19,1412,395,371,buy,Y
P001399,SKU-COP-001399,Copper Product 01399,raw_material,copper,EA,17.88,23.18,8,975,200,210,buy,Y
P001400,SKU-ALU-001400,Aluminium Product 01400,raw_material,aluminium,EA,62.9,84.06,31,886,1082,186,buy,Y
P001401,SKU-ALU-001401,Aluminium Product 01401,raw_material,aluminium,KG,24.05,31.88,4,1139,2217,503,buy,Y
P001402,SKU-ELE-001402,Electronic Components Product 01402,raw_material,electronic_components,EA,34.34,49.34,9,243,1238,230,buy,Y
P001403,SKU-FAS-001403,Fasteners Product 01403,raw_material,fasteners,EA,90.26,109.44,20,1191,262,12,buy,Y
P001404,SKU-ALU-001404,Aluminium Product 01404,raw_material,aluminium,EA,40.3,44.39,25,538,2498,279,buy,Y
P001405,SKU-PLA-001405,Plastic Product 01405,raw_material,plastic,EA,67.92,86.27,35,796,416,606,buy,Y
P001406,SKU-ALU-001406,Aluminium Product 01406,raw_material,aluminium,L,95.27,117.82,4,918,2567,437,buy,Y
P001407,SKU-ELE-001407,Electronic Components Product 01407,raw_material,electronic_components,EA,68.09,80.8,28,1067,2621,139,buy,Y
P001408,SKU-STE-001408,Steel Product 01408,raw_material,steel,M,68.21,93.69,31,721,2377,681,buy,Y
P001409,SKU-FAS-001409,Fasteners Product 01409,packaging,fasteners,EA,63.28,91.17,28,550,3254,260,buy,Y
P001410,SKU-ELE-001410,Electronic Components Product 01410,raw_material,electronic_components,KG,60.66,66.75,11,753,2928,327,buy,Y
P001411,SKU-ALU-001411,Aluminium Product 01411,packaging,aluminium,EA,25.84,36.13,34,38,1819,482,buy,Y
P001412,SKU-ELE-001412,Electronic Components Product 01412,raw_material,electronic_components,EA,116.25,164.77,32,979,1909,627,buy,Y
P001413,SKU-ELE-001413,Electronic Components Product 01413,raw_material,electronic_components,KG,76.36,95.76,21,1260,2759,313,buy,Y
P001414,SKU-COP-001414,Copper Product 01414,raw_material,copper,EA,104.0,112.77,34,1493,309,357,buy,Y
P001415,SKU-ALU-001415,Aluminium Product 01415,raw_material,aluminium,EA,33.62,37.89,17,40,2836,722,buy,Y
P001416,SKU-STE-001416,Steel Product 01416,raw_material,steel,EA,137.35,160.35,10,289,1909,739,buy,Y
P001417,SKU-ELE-001417,Electronic Components Product 01417,raw_material,electronic_components,L,125.83,158.82,35,858,549,686,buy,Y
P001418,SKU-PLA-001418,Plastic Product 01418,raw_material,plastic,EA,10.22,14.08,14,539,75,567,buy,Y
P001419,SKU-COP-001419,Copper Product 01419,raw_material,copper,EA,26.7,37.17,8,665,2839,56,buy,Y
P001420,SKU-ELE-001420,Electronic Components Product 01420,raw_material,electronic_components,EA,37.87,52.16,12,102,2985,713,buy,Y
P001421,SKU-PAC-001421,Packaging Product 01421,raw_material,packaging,EA,37.69,51.63,27,609,1415,599,buy,Y
P001422,SKU-ELE-001422,Electronic Components Product 01422,raw_material,electronic_components,EA,67.14,92.99,6,717,330,667,buy,Y
P001423,SKU-STE-001423,Steel Product 01423,raw_material,steel,EA,60.87,68.99,19,611,898,800,buy,Y
P001424,SKU-STE-001424,Steel Product 01424,raw_material,steel,EA,357.96,474.22,4,466,1315,704,buy,Y
P001425,SKU-STE-001425,Steel Product 01425,raw_material,steel,EA,17.02,21.2,22,210,257,796,buy,Y
P001426,SKU-COP-001426,Copper Product 01426,raw_material,copper,KG,35.13,47.38,9,54,2953,755,buy,Y
P001427,SKU-STE-001427,Steel Product 01427,raw_material,steel,EA,84.58,103.63,13,884,814,740,buy,Y
P001428,SKU-PLA-001428,Plastic Product 01428,raw_material,plastic,EA,100.56,134.1,8,831,3485,741,buy,Y
P001429,SKU-STE-001429,Steel Product 01429,raw_material,steel,EA,32.95,43.97,32,239,331,732,buy,Y
P001430,SKU-ALU-001430,Aluminium Product 01430,raw_material,aluminium,KG,75.15,90.58,22,15,2892,71,buy,Y
P001431,SKU-COP-001431,Copper Product 01431,raw_material,copper,M,49.66,53.64,28,1257,1681,773,buy,Y
P001432,SKU-FAS-001432,Fasteners Product 01432,raw_material,fasteners,M,48.27,66.29,18,891,75,201,buy,Y
P001433,SKU-ALU-001433,Aluminium Product 01433,raw_material,aluminium,EA,255.17,363.64,16,881,3023,727,buy,Y
P001434,SKU-ELE-001434,Electronic Components Product 01434,raw_material,electronic_components,KG,37.41,52.21,6,1170,1922,85,buy,Y
P001435,SKU-ALU-001435,Aluminium Product 01435,raw_material,aluminium,KG,36.34,43.45,6,1108,3478,179,buy,Y
P001436,SKU-ELE-001436,Electronic Components Product 01436,raw_material,electronic_components,KG,71.82,80.31,25,909,317,66,buy,Y
P001437,SKU-PLA-001437,Plastic Product 01437,packaging,plastic,EA,52.36,61.35,29,1335,2241,401,buy,Y
P001438,SKU-ELE-001438,Electronic Components Product 01438,raw_material,electronic_components,EA,85.4,123.56,29,941,758,337,buy,Y
P001439,SKU-ELE-001439,Electronic Components Product 01439,raw_material,electronic_components,EA,74.39,94.99,4,400,2195,770,buy,Y
P001440,SKU-ALU-001440,Aluminium Product 01440,raw_material,aluminium,EA,145.27,179.65,11,398,1511,713,buy,Y
P001441,SKU-ALU-001441,Aluminium Product 01441,raw_material,aluminium,EA,115.39,153.86,5,998,3364,83,buy,Y
P001442,SKU-COP-001442,Copper Product 01442,raw_material,copper,M,138.71,151.11,21,563,902,179,buy,Y
P001443,SKU-FAS-001443,Fasteners Product 01443,raw_material,fasteners,KG,160.31,194.55,8,97,2372,143,buy,Y
P001444,SKU-STE-001444,Steel Product 01444,raw_material,steel,EA,36.6,48.25,15,47,2750,487,buy,Y
P001445,SKU-PLA-001445,Plastic Product 01445,raw_material,plastic,EA,52.9,76.4,26,903,2614,165,buy,Y
P001446,SKU-ALU-001446,Aluminium Product 01446,raw_material,aluminium,EA,208.96,292.65,15,1164,2419,30,buy,Y
P001447,SKU-PLA-001447,Plastic Product 01447,raw_material,plastic,EA,98.51,118.11,17,452,1183,364,buy,Y
P001448,SKU-STE-001448,Steel Product 01448,raw_material,steel,EA,44.09,60.63,15,122,1617,100,buy,Y
P001449,SKU-FAS-001449,Fasteners Product 01449,packaging,fasteners,EA,20.55,29.14,14,1427,1403,153,buy,Y
P001450,SKU-PLA-001450,Plastic Product 01450,raw_material,plastic,KG,88.51,104.31,10,1392,1337,455,buy,Y
P001451,SKU-PAC-001451,Packaging Product 01451,packaging,packaging,EA,41.25,49.27,29,546,1717,315,buy,Y
P001452,SKU-PAC-001452,Packaging Product 01452,packaging,packaging,L,118.37,168.78,19,965,2827,761,buy,Y
P001453,SKU-STE-001453,Steel Product 01453,raw_material,steel,EA,28.47,39.73,33,742,2364,418,buy,Y
P001454,SKU-STE-001454,Steel Product 01454,raw_material,steel,M,132.15,175.15,23,489,2460,321,buy,Y
P001455,SKU-ELE-001455,Electronic Components Product 01455,raw_material,electronic_components,EA,42.24,56.81,16,877,636,597,buy,Y
P001456,SKU-PLA-001456,Plastic Product 01456,raw_material,plastic,EA,124.85,153.58,19,752,63,135,buy,Y
P001457,SKU-ELE-001457,Electronic Components Product 01457,raw_material,electronic_components,EA,151.83,187.6,10,232,475,321,buy,Y
P001458,SKU-FAS-001458,Fasteners Product 01458,raw_material,fasteners,EA,97.68,123.55,20,765,1741,434,buy,Y
P001459,SKU-COP-001459,Copper Product 01459,raw_material,copper,EA,31.44,36.14,32,1420,926,424,buy,Y
P001460,SKU-PLA-001460,Plastic Product 01460,raw_material,plastic,EA,51.09,73.95,17,1052,367,356,buy,Y
P001461,SKU-PAC-001461,Packaging Product 01461,raw_material,packaging,EA,41.91,50.0,21,434,2549,207,buy,Y
P001462,SKU-PLA-001462,Plastic Product 01462,raw_material,plastic,L,120.44,131.0,36,826,3481,622,buy,Y
P001463,SKU-PLA-001463,Plastic Product 01463,raw_material,plastic,EA,56.22,78.21,27,919,711,766,buy,Y
P001464,SKU-PLA-001464,Plastic Product 01464,raw_material,plastic,EA,158.41,215.66,24,1013,1974,217,buy,Y
P001465,SKU-PAC-001465,Packaging Product 01465,raw_material,packaging,EA,154.85,195.23,33,982,2548,257,buy,Y
P001466,SKU-COP-001466,Copper Product 01466,raw_material,copper,KG,33.33,37.11,24,173,2842,312,buy,Y
P001467,SKU-ELE-001467,Electronic Components Product 01467,raw_material,electronic_components,L,42.34,55.36,25,1211,1356,156,buy,Y
P001468,SKU-COP-001468,Copper Product 01468,raw_material,copper,EA,63.07,72.22,20,1201,1799,457,buy,Y
P001469,SKU-PAC-001469,Packaging Product 01469,raw_material,packaging,EA,66.23,92.01,13,1265,384,247,buy,Y
P001470,SKU-COP-001470,Copper Product 01470,raw_material,copper,L,123.27,152.86,17,527,3406,201,buy,Y
P001471,SKU-PAC-001471,Packaging Product 01471,raw_material,packaging,EA,262.31,343.92,28,731,2615,315,buy,Y
P001472,SKU-PLA-001472,Plastic Product 01472,raw_material,plastic,EA,31.13,37.97,13,1198,2441,45,buy,Y
P001473,SKU-ELE-001473,Electronic Components Product 01473,raw_material,electronic_components,EA,63.57,82.28,11,241,383,43,buy,Y
P001474,SKU-STE-001474,Steel Product 01474,raw_material,steel,EA,8.04,10.98,37,561,3054,667,buy,Y
P001475,SKU-STE-001475,Steel Product 01475,raw_material,steel,EA,27.39,39.38,27,1202,375,367,buy,Y
P001476,SKU-ALU-001476,Aluminium Product 01476,raw_material,aluminium,EA,119.0,144.62,24,614,517,627,buy,Y
P001477,SKU-PLA-001477,Plastic Product 01477,packaging,plastic,EA,52.63,74.52,16,849,1077,771,buy,Y
P001478,SKU-ALU-001478,Aluminium Product 01478,raw_material,aluminium,EA,35.12,49.81,31,1391,1501,783,buy,Y
P001479,SKU-FAS-001479,Fasteners Product 01479,raw_material,fasteners,EA,55.76,71.94,8,611,920,309,buy,Y
P001480,SKU-PLA-001480,Plastic Product 01480,raw_material,plastic,EA,80.26,107.28,16,1316,3176,391,buy,Y
P001481,SKU-COP-001481,Copper Product 01481,raw_material,copper,EA,323.07,464.9,14,962,2510,720,buy,Y
P001482,SKU-ELE-001482,Electronic Components Product 01482,raw_material,electronic_components,EA,128.95,176.03,13,1237,2337,275,buy,Y
P001483,SKU-ELE-001483,Electronic Components Product 01483,raw_material,electronic_components,EA,103.35,125.69,19,823,2379,97,buy,Y
P001484,SKU-STE-001484,Steel Product 01484,packaging,steel,EA,39.43,55.22,26,1316,3188,202,buy,Y
P001485,SKU-COP-001485,Copper Product 01485,raw_material,copper,EA,106.4,129.78,15,185,232,610,buy,Y
P001486,SKU-ELE-001486,Electronic Components Product 01486,raw_material,electronic_components,EA,52.82,59.14,22,830,3109,563,buy,Y
P001487,SKU-COP-001487,Copper Product 01487,raw_material,copper,EA,43.58,59.93,16,231,492,212,buy,Y
P001488,SKU-PLA-001488,Plastic Product 01488,raw_material,plastic,EA,401.42,445.77,29,910,1796,370,buy,Y
P001489,SKU-ALU-001489,Aluminium Product 01489,raw_material,aluminium,EA,143.63,166.08,21,1253,546,457,buy,Y
P001490,SKU-PAC-001490,Packaging Product 01490,raw_material,packaging,EA,19.66,23.79,9,976,206,710,buy,Y
P001491,SKU-STE-001491,Steel Product 01491,packaging,steel,EA,93.12,120.35,33,1368,1920,450,buy,Y
P001492,SKU-ALU-001492,Aluminium Product 01492,raw_material,aluminium,KG,33.48,41.56,6,545,784,564,buy,Y
P001493,SKU-COP-001493,Copper Product 01493,raw_material,copper,KG,105.94,120.1,24,109,3154,706,buy,Y
P001494,SKU-COP-001494,Copper Product 01494,raw_material,copper,KG,72.35,104.73,4,593,2331,317,buy,Y
P001495,SKU-FAS-001495,Fasteners Product 01495,packaging,fasteners,M,82.28,99.27,19,1297,388,202,buy,Y
P001496,SKU-PLA-001496,Plastic Product 01496,raw_material,plastic,EA,386.61,452.4,37,1245,343,222,buy,Y
P001497,SKU-STE-001497,Steel Product 01497,raw_material,steel,M,34.37,45.51,8,895,497,576,buy,Y
P001498,SKU-PLA-001498,Plastic Product 01498,raw_material,plastic,EA,46.6,56.39,4,880,3256,322,buy,Y
P001499,SKU-ELE-001499,Electronic Components Product 01499,raw_material,electronic_components,EA,106.67,119.11,34,340,2371,616,buy,Y
P001500,SKU-STE-001500,Steel Product 01500,raw_material,steel,EA,42.0,60.23,16,1250,3256,344,buy,Y
P001501,SKU-COP-001501,Copper Product 01501,raw_material,copper,EA,37.21,49.52,20,1167,1626,139,buy,Y
P001502,SKU-STE-001502,Steel Product 01502,raw_material,steel,EA,61.3,88.57,28,1082,401,702,buy,Y
P001503,SKU-ALU-001503,Aluminium Product 01503,packaging,aluminium,EA,67.87,75.33,35,1433,1952,439,buy,Y
P001504,SKU-STE-001504,Steel Product 01504,raw_material,steel,M,55.6,76.02,10,1220,739,108,buy,Y
P001505,SKU-STE-001505,Steel Product 01505,raw_material,steel,M,48.37,56.36,25,429,920,85,buy,Y
P001506,SKU-STE-001506,Steel Product 01506,raw_material,steel,EA,36.13,50.27,34,328,2874,742,buy,Y
P001507,SKU-FAS-001507,Fasteners Product 01507,raw_material,fasteners,EA,31.07,35.8,10,514,2214,386,buy,Y
P001508,SKU-STE-001508,Steel Product 01508,raw_material,steel,EA,54.93,60.46,22,1026,3314,209,buy,Y
P001509,SKU-PLA-001509,Plastic Product 01509,raw_material,plastic,KG,42.86,60.93,28,706,3347,406,buy,Y
P001510,SKU-ELE-001510,Electronic Components Product 01510,raw_material,electronic_components,EA,82.41,99.07,19,325,1437,472,buy,Y
P001511,SKU-ALU-001511,Aluminium Product 01511,raw_material,aluminium,EA,26.58,31.95,14,992,182,514,buy,Y
P001512,SKU-PLA-001512,Plastic Product 01512,raw_material,plastic,EA,137.3,149.55,17,1465,574,375,buy,Y
P001513,SKU-COP-001513,Copper Product 01513,raw_material,copper,KG,150.44,177.78,27,563,1690,790,buy,Y
P001514,SKU-ALU-001514,Aluminium Product 01514,raw_material,aluminium,EA,81.95,99.35,15,1117,3397,660,buy,Y
P001515,SKU-STE-001515,Steel Product 01515,raw_material,steel,EA,23.38,26.6,29,711,2373,209,buy,Y
P001516,SKU-STE-001516,Steel Product 01516,raw_material,steel,EA,70.06,76.15,17,79,3165,315,buy,Y
P001517,SKU-PLA-001517,Plastic Product 01517,raw_material,plastic,KG,112.09,158.94,30,959,1988,262,buy,Y
P001518,SKU-ALU-001518,Aluminium Product 01518,raw_material,aluminium,EA,43.53,47.19,19,715,2030,319,buy,Y
P001519,SKU-ALU-001519,Aluminium Product 01519,packaging,aluminium,EA,77.78,98.48,26,678,2348,657,buy,Y
P001520,SKU-ALU-001520,Aluminium Product 01520,raw_material,aluminium,EA,89.76,118.85,19,992,428,687,buy,Y
P001521,SKU-ELE-001521,Electronic Components Product 01521,packaging,electronic_components,EA,121.27,152.47,10,781,400,197,buy,Y
P001522,SKU-STE-001522,Steel Product 01522,raw_material,steel,EA,26.58,36.9,36,1056,2020,262,buy,Y
P001523,SKU-COP-001523,Copper Product 01523,packaging,copper,EA,64.37,78.34,38,347,2539,65,buy,Y
P001524,SKU-PLA-001524,Plastic Product 01524,raw_material,plastic,EA,212.73,244.84,23,256,2064,218,buy,Y
P001525,SKU-PAC-001525,Packaging Product 01525,raw_material,packaging,EA,134.58,147.62,13,85,985,30,buy,Y
P001526,SKU-ELE-001526,Electronic Components Product 01526,raw_material,electronic_components,EA,53.83,65.72,32,1020,362,276,buy,Y
P001527,SKU-FAS-001527,Fasteners Product 01527,raw_material,fasteners,EA,46.44,66.39,27,1045,2069,149,buy,Y
P001528,SKU-ELE-001528,Electronic Components Product 01528,raw_material,electronic_components,EA,107.43,134.85,26,1287,2885,11,buy,Y
P001529,SKU-STE-001529,Steel Product 01529,raw_material,steel,EA,98.18,124.52,19,601,2934,438,buy,Y
P001530,SKU-COP-001530,Copper Product 01530,raw_material,copper,EA,66.71,93.09,15,261,3174,328,buy,Y
P001531,SKU-PAC-001531,Packaging Product 01531,raw_material,packaging,EA,121.77,140.64,29,32,789,538,buy,Y
P001532,SKU-STE-001532,Steel Product 01532,raw_material,steel,KG,47.3,62.91,13,1335,2007,626,buy,Y
P001533,SKU-STE-001533,Steel Product 01533,raw_material,steel,EA,17.9,21.52,15,392,338,411,buy,Y
P001534,SKU-ALU-001534,Aluminium Product 01534,raw_material,aluminium,EA,53.68,65.83,10,634,2473,89,buy,Y
P001535,SKU-ELE-001535,Electronic Components Product 01535,raw_material,electronic_components,EA,22.37,28.55,29,900,2588,619,buy,Y
P001536,SKU-ELE-001536,Electronic Components Product 01536,raw_material,electronic_components,EA,103.01,113.77,4,430,2886,578,buy,Y
P001537,SKU-COP-001537,Copper Product 01537,raw_material,copper,EA,61.0,66.93,38,305,2108,230,buy,Y
P001538,SKU-STE-001538,Steel Product 01538,raw_material,steel,EA,29.84,33.28,13,1328,216,53,buy,Y
P001539,SKU-STE-001539,Steel Product 01539,packaging,steel,EA,45.33,54.57,31,1184,1618,109,buy,Y
P001540,SKU-ELE-001540,Electronic Components Product 01540,raw_material,electronic_components,EA,80.56,96.07,23,974,560,775,buy,Y
P001541,SKU-PLA-001541,Plastic Product 01541,raw_material,plastic,EA,175.41,224.31,27,355,1073,776,buy,Y
P001542,SKU-FAS-001542,Fasteners Product 01542,raw_material,fasteners,EA,95.02,125.94,20,744,1509,616,buy,Y
P001543,SKU-PAC-001543,Packaging Product 01543,raw_material,packaging,KG,65.27,89.36,17,700,1237,126,buy,Y
P001544,SKU-COP-001544,Copper Product 01544,raw_material,copper,EA,128.28,184.65,8,181,3468,417,buy,Y
P001545,SKU-PLA-001545,Plastic Product 01545,raw_material,plastic,KG,51.12,61.37,33,359,3313,401,buy,Y
P001546,SKU-ELE-001546,Electronic Components Product 01546,raw_material,electronic_components,EA,62.42,68.54,35,171,454,623,buy,Y
P001547,SKU-ALU-001547,Aluminium Product 01547,raw_material,aluminium,EA,48.43,55.25,36,1164,2634,408,buy,Y
P001548,SKU-STE-001548,Steel Product 01548,raw_material,steel,EA,146.33,171.9,33,1011,1744,705,buy,Y
P001549,SKU-ELE-001549,Electronic Components Product 01549,raw_material,electronic_components,EA,33.21,39.33,18,1306,1796,651,buy,Y
P001550,SKU-PLA-001550,Plastic Product 01550,raw_material,plastic,EA,85.93,121.22,12,771,2431,171,buy,Y
P001551,SKU-STE-001551,Steel Product 01551,raw_material,steel,EA,65.9,77.39,18,521,3085,450,buy,Y
P001552,SKU-FAS-001552,Fasteners Product 01552,raw_material,fasteners,EA,80.68,108.96,8,205,2181,307,buy,Y
P001553,SKU-ELE-001553,Electronic Components Product 01553,raw_material,electronic_components,EA,53.36,72.71,21,1213,991,363,buy,Y
P001554,SKU-ELE-001554,Electronic Components Product 01554,raw_material,electronic_components,EA,107.16,133.58,36,1048,3139,579,buy,Y
P001555,SKU-STE-001555,Steel Product 01555,raw_material,steel,EA,37.91,47.43,30,1484,3267,778,buy,Y
P001556,SKU-PLA-001556,Plastic Product 01556,packaging,plastic,KG,35.9,45.15,18,345,145,533,buy,Y
P001557,SKU-STE-001557,Steel Product 01557,raw_material,steel,EA,45.31,60.53,22,1161,965,376,buy,Y
P001558,SKU-ALU-001558,Aluminium Product 01558,raw_material,aluminium,EA,99.92,140.43,19,542,3291,759,buy,Y
P001559,SKU-STE-001559,Steel Product 01559,raw_material,steel,KG,40.48,47.7,28,25,3239,734,buy,Y
P001560,SKU-ALU-001560,Aluminium Product 01560,raw_material,aluminium,EA,119.17,160.24,18,768,1506,648,buy,Y
P001561,SKU-COP-001561,Copper Product 01561,raw_material,copper,EA,56.08,66.01,33,1345,912,204,buy,Y
P001562,SKU-PLA-001562,Plastic Product 01562,raw_material,plastic,KG,274.25,326.45,13,710,186,707,buy,Y
P001563,SKU-STE-001563,Steel Product 01563,raw_material,steel,EA,260.01,357.41,8,891,1333,94,buy,Y
P001564,SKU-PLA-001564,Plastic Product 01564,raw_material,plastic,EA,40.82,45.95,10,1023,3039,194,buy,Y
P001565,SKU-FAS-001565,Fasteners Product 01565,raw_material,fasteners,EA,32.91,37.13,30,893,246,520,buy,Y
P001566,SKU-ALU-001566,Aluminium Product 01566,raw_material,aluminium,EA,133.73,163.65,8,804,1805,565,buy,Y
P001567,SKU-ELE-001567,Electronic Components Product 01567,raw_material,electronic_components,EA,104.25,135.44,36,1424,1636,59,buy,Y
P001568,SKU-FAS-001568,Fasteners Product 01568,raw_material,fasteners,EA,26.94,34.2,7,450,596,142,buy,Y
P001569,SKU-PLA-001569,Plastic Product 01569,raw_material,plastic,EA,56.7,66.87,29,1144,102,248,buy,Y
P001570,SKU-FAS-001570,Fasteners Product 01570,packaging,fasteners,M,66.68,74.52,6,1002,844,91,buy,Y
P001571,SKU-ELE-001571,Electronic Components Product 01571,raw_material,electronic_components,EA,193.07,229.47,15,532,3145,160,buy,Y
P001572,SKU-PAC-001572,Packaging Product 01572,raw_material,packaging,EA,97.83,114.58,14,171,3056,601,buy,Y
P001573,SKU-FAS-001573,Fasteners Product 01573,raw_material,fasteners,EA,41.21,53.92,29,991,832,566,buy,Y
P001574,SKU-PLA-001574,Plastic Product 01574,raw_material,plastic,EA,55.01,67.27,12,133,3344,125,buy,Y
P001575,SKU-STE-001575,Steel Product 01575,raw_material,steel,KG,21.98,25.79,12,549,3470,122,buy,Y
P001576,SKU-STE-001576,Steel Product 01576,raw_material,steel,EA,41.37,55.38,33,1062,894,349,buy,Y
P001577,SKU-STE-001577,Steel Product 01577,raw_material,steel,EA,50.9,68.64,14,585,1038,289,buy,Y
P001578,SKU-ALU-001578,Aluminium Product 01578,raw_material,aluminium,KG,142.0,171.2,36,722,1926,18,buy,Y
P001579,SKU-COP-001579,Copper Product 01579,raw_material,copper,EA,26.95,37.2,8,947,3009,727,buy,Y
P001580,SKU-ELE-001580,Electronic Components Product 01580,raw_material,electronic_components,EA,49.42,67.07,28,417,270,504,buy,Y
P001581,SKU-PAC-001581,Packaging Product 01581,raw_material,packaging,EA,50.17,58.21,31,337,608,690,buy,Y
P001582,SKU-PLA-001582,Plastic Product 01582,packaging,plastic,EA,129.9,157.35,35,1030,245,729,buy,Y
P001583,SKU-STE-001583,Steel Product 01583,raw_material,steel,EA,54.29,61.26,4,294,2574,443,buy,Y
P001584,SKU-PLA-001584,Plastic Product 01584,packaging,plastic,EA,118.68,150.65,26,520,2809,361,buy,Y
P001585,SKU-PLA-001585,Plastic Product 01585,raw_material,plastic,EA,84.18,98.23,10,115,1866,156,buy,Y
P001586,SKU-STE-001586,Steel Product 01586,raw_material,steel,EA,87.34,123.37,23,717,2058,164,buy,Y
P001587,SKU-ELE-001587,Electronic Components Product 01587,raw_material,electronic_components,M,58.93,76.35,9,740,2700,356,buy,Y
P001588,SKU-STE-001588,Steel Product 01588,raw_material,steel,EA,156.5,178.03,5,812,968,449,buy,Y
P001589,SKU-COP-001589,Copper Product 01589,raw_material,copper,EA,172.56,197.52,31,1007,1086,638,buy,Y
P001590,SKU-STE-001590,Steel Product 01590,raw_material,steel,EA,51.81,62.91,6,723,1127,480,buy,Y
P001591,SKU-ALU-001591,Aluminium Product 01591,raw_material,aluminium,L,41.98,46.32,12,100,2401,500,buy,Y
P001592,SKU-FAS-001592,Fasteners Product 01592,raw_material,fasteners,EA,313.64,342.54,23,1429,1530,216,buy,Y
P001593,SKU-FAS-001593,Fasteners Product 01593,raw_material,fasteners,EA,85.01,119.87,32,915,325,81,buy,Y
P001594,SKU-STE-001594,Steel Product 01594,raw_material,steel,EA,60.13,82.29,7,1306,2375,181,buy,Y
P001595,SKU-FAS-001595,Fasteners Product 01595,raw_material,fasteners,EA,54.81,76.22,32,1406,943,649,buy,Y
P001596,SKU-PLA-001596,Plastic Product 01596,raw_material,plastic,EA,57.78,82.63,25,281,1529,627,buy,Y
P001597,SKU-COP-001597,Copper Product 01597,raw_material,copper,EA,48.56,61.07,24,429,1322,281,buy,Y
P001598,SKU-STE-001598,Steel Product 01598,raw_material,steel,EA,266.88,292.86,24,783,1653,606,buy,Y
P001599,SKU-ALU-001599,Aluminium Product 01599,packaging,aluminium,EA,162.67,223.87,8,1233,925,431,buy,Y
P001600,SKU-STE-001600,Steel Product 01600,raw_material,steel,EA,34.61,47.67,30,868,2921,603,buy,Y
P001601,SKU-PAC-001601,Packaging Product 01601,raw_material,packaging,KG,59.87,70.96,14,919,2308,36,buy,Y
P001602,SKU-COP-001602,Copper Product 01602,raw_material,copper,EA,87.71,95.16,31,1196,483,157,buy,Y
P001603,SKU-PLA-001603,Plastic Product 01603,packaging,plastic,EA,27.3,33.45,26,1192,3142,463,buy,Y
P001604,SKU-PAC-001604,Packaging Product 01604,raw_material,packaging,KG,34.09,39.03,32,1141,1802,622,buy,Y
P001605,SKU-STE-001605,Steel Product 01605,raw_material,steel,EA,54.08,68.63,23,704,1910,675,buy,Y
P001606,SKU-PLA-001606,Plastic Product 01606,raw_material,plastic,EA,30.48,42.08,37,628,3405,290,buy,Y
P001607,SKU-PLA-001607,Plastic Product 01607,raw_material,plastic,EA,40.5,51.57,31,1149,166,458,buy,Y
P001608,SKU-ELE-001608,Electronic Components Product 01608,raw_material,electronic_components,EA,49.55,63.31,26,221,366,634,buy,Y
P001609,SKU-ALU-001609,Aluminium Product 01609,raw_material,aluminium,EA,143.83,181.39,25,1226,2156,783,buy,Y
P001610,SKU-PLA-001610,Plastic Product 01610,raw_material,plastic,M,65.15,92.27,33,1015,2642,688,buy,Y
P001611,SKU-STE-001611,Steel Product 01611,raw_material,steel,EA,76.1,106.97,26,245,2200,789,buy,Y
P001612,SKU-STE-001612,Steel Product 01612,raw_material,steel,EA,88.19,114.7,23,1380,1788,446,buy,Y
P001613,SKU-STE-001613,Steel Product 01613,packaging,steel,KG,9.87,12.09,6,646,2992,773,buy,Y
P001614,SKU-COP-001614,Copper Product 01614,packaging,copper,EA,73.88,86.2,29,647,764,418,buy,Y
P001615,SKU-STE-001615,Steel Product 01615,raw_material,steel,EA,138.03,156.36,31,788,2103,686,buy,Y
P001616,SKU-PAC-001616,Packaging Product 01616,raw_material,packaging,EA,52.72,67.04,29,586,2476,63,buy,Y
P001617,SKU-PAC-001617,Packaging Product 01617,raw_material,packaging,EA,118.36,135.01,15,385,1907,416,buy,Y
P001618,SKU-STE-001618,Steel Product 01618,raw_material,steel,EA,148.09,209.48,26,482,1275,252,buy,Y
P001619,SKU-ALU-001619,Aluminium Product 01619,raw_material,aluminium,EA,90.68,122.13,8,1456,1278,208,buy,Y
P001620,SKU-PAC-001620,Packaging Product 01620,raw_material,packaging,EA,8.0,9.98,18,1116,560,218,buy,Y
P001621,SKU-ALU-001621,Aluminium Product 01621,raw_material,aluminium,EA,19.96,26.11,25,963,467,788,buy,Y
P001622,SKU-PLA-001622,Plastic Product 01622,raw_material,plastic,EA,206.38,294.06,21,121,1725,485,buy,Y
P001623,SKU-COP-001623,Copper Product 01623,raw_material,copper,EA,62.18,83.75,19,1398,2735,797,buy,Y
P001624,SKU-ALU-001624,Aluminium Product 01624,raw_material,aluminium,M,17.6,21.63,31,80,1848,572,buy,Y
P001625,SKU-PLA-001625,Plastic Product 01625,packaging,plastic,EA,47.18,60.05,37,821,2059,633,buy,Y
P001626,SKU-ALU-001626,Aluminium Product 01626,raw_material,aluminium,EA,37.04,53.27,12,970,2851,235,buy,Y
P001627,SKU-ELE-001627,Electronic Components Product 01627,raw_material,electronic_components,EA,59.77,77.94,14,1497,740,667,buy,Y
P001628,SKU-PLA-001628,Plastic Product 01628,packaging,plastic,EA,149.33,193.89,33,1329,3314,172,buy,Y
P001629,SKU-STE-001629,Steel Product 01629,raw_material,steel,KG,89.57,102.04,29,884,908,527,buy,Y
P001630,SKU-COP-001630,Copper Product 01630,raw_material,copper,EA,42.13,58.19,21,921,1600,362,buy,Y
P001631,SKU-PLA-001631,Plastic Product 01631,raw_material,plastic,KG,49.06,65.35,15,530,761,102,buy,Y
P001632,SKU-ELE-001632,Electronic Components Product 01632,raw_material,electronic_components,EA,246.28,304.42,13,407,3030,334,buy,Y
P001633,SKU-COP-001633,Copper Product 01633,raw_material,copper,L,37.2,50.2,6,1358,937,223,buy,Y
P001634,SKU-STE-001634,Steel Product 01634,packaging,steel,EA,80.54,89.59,31,1104,3285,693,buy,Y
P001635,SKU-STE-001635,Steel Product 01635,raw_material,steel,EA,24.45,32.45,36,1270,1266,676,buy,Y
P001636,SKU-ELE-001636,Electronic Components Product 01636,raw_material,electronic_components,EA,39.57,50.22,5,660,2141,549,buy,Y
P001637,SKU-ELE-001637,Electronic Components Product 01637,raw_material,electronic_components,EA,46.52,52.97,15,898,3234,548,buy,Y
P001638,SKU-FAS-001638,Fasteners Product 01638,raw_material,fasteners,EA,66.17,75.54,13,845,2100,538,buy,Y
P001639,SKU-ELE-001639,Electronic Components Product 01639,raw_material,electronic_components,M,39.76,55.86,33,130,1850,723,buy,Y
P001640,SKU-COP-001640,Copper Product 01640,raw_material,copper,EA,23.94,31.72,5,158,795,205,buy,Y
P001641,SKU-STE-001641,Steel Product 01641,packaging,steel,EA,35.69,38.82,37,998,2055,540,buy,Y
P001642,SKU-ALU-001642,Aluminium Product 01642,raw_material,aluminium,EA,38.79,45.6,12,311,3353,757,buy,Y
P001643,SKU-STE-001643,Steel Product 01643,raw_material,steel,EA,51.97,62.75,29,1276,1304,138,buy,Y
P001644,SKU-ELE-001644,Electronic Components Product 01644,raw_material,electronic_components,KG,21.84,24.15,12,113,2919,655,buy,Y
P001645,SKU-STE-001645,Steel Product 01645,raw_material,steel,EA,106.69,153.12,12,816,458,615,buy,Y
P001646,SKU-PLA-001646,Plastic Product 01646,raw_material,plastic,L,37.88,51.35,23,346,1979,116,buy,Y
P001647,SKU-PAC-001647,Packaging Product 01647,packaging,packaging,EA,112.15,125.5,8,763,415,28,buy,Y
P001648,SKU-STE-001648,Steel Product 01648,raw_material,steel,EA,42.02,51.23,19,599,2791,130,buy,Y
P001649,SKU-ALU-001649,Aluminium Product 01649,raw_material,aluminium,KG,97.47,134.68,12,1031,3180,572,buy,Y
P001650,SKU-ALU-001650,Aluminium Product 01650,raw_material,aluminium,EA,34.03,36.93,13,775,1571,251,buy,Y
P001651,SKU-PLA-001651,Plastic Product 01651,raw_material,plastic,EA,92.0,131.36,8,210,1954,763,buy,Y
P001652,SKU-FAS-001652,Fasteners Product 01652,packaging,fasteners,KG,97.77,131.47,11,122,1071,550,buy,Y
P001653,SKU-PLA-001653,Plastic Product 01653,raw_material,plastic,EA,226.54,290.01,32,1253,344,503,buy,Y
P001654,SKU-ALU-001654,Aluminium Product 01654,raw_material,aluminium,KG,46.91,53.86,34,1248,2479,507,buy,Y
P001655,SKU-ALU-001655,Aluminium Product 01655,raw_material,aluminium,EA,52.11,68.98,24,784,1679,361,buy,Y
P001656,SKU-PLA-001656,Plastic Product 01656,raw_material,plastic,EA,49.72,65.09,25,716,699,696,buy,Y
P001657,SKU-STE-001657,Steel Product 01657,raw_material,steel,EA,101.84,114.89,18,739,311,441,buy,Y
P001658,SKU-COP-001658,Copper Product 01658,raw_material,copper,EA,171.84,217.2,29,644,564,247,buy,Y
P001659,SKU-ELE-001659,Electronic Components Product 01659,raw_material,electronic_components,EA,125.32,138.12,17,912,2111,237,buy,Y
P001660,SKU-ALU-001660,Aluminium Product 01660,raw_material,aluminium,EA,70.52,95.84,6,741,2091,346,buy,Y
P001661,SKU-ALU-001661,Aluminium Product 01661,raw_material,aluminium,KG,27.39,39.52,28,330,1826,387,buy,Y
P001662,SKU-STE-001662,Steel Product 01662,raw_material,steel,KG,197.99,225.51,27,388,3063,596,buy,Y
P001663,SKU-ALU-001663,Aluminium Product 01663,raw_material,aluminium,M,186.62,249.38,37,496,3335,110,buy,Y
P001664,SKU-ELE-001664,Electronic Components Product 01664,raw_material,electronic_components,EA,110.89,146.16,23,156,1006,534,buy,Y
P001665,SKU-PLA-001665,Plastic Product 01665,raw_material,plastic,EA,49.97,53.98,31,1429,2516,442,buy,Y
P001666,SKU-ELE-001666,Electronic Components Product 01666,raw_material,electronic_components,EA,76.57,87.14,18,175,697,402,buy,Y
P001667,SKU-STE-001667,Steel Product 01667,packaging,steel,EA,49.91,71.94,7,1487,885,306,buy,Y
P001668,SKU-FAS-001668,Fasteners Product 01668,raw_material,fasteners,EA,20.03,23.73,17,552,1601,500,buy,Y
P001669,SKU-COP-001669,Copper Product 01669,packaging,copper,L,44.6,60.44,33,942,1921,722,buy,Y
P001670,SKU-STE-001670,Steel Product 01670,packaging,steel,EA,66.07,86.97,11,351,2476,372,buy,Y
P001671,SKU-ALU-001671,Aluminium Product 01671,raw_material,aluminium,EA,71.09,101.95,5,239,1368,187,buy,Y
P001672,SKU-PAC-001672,Packaging Product 01672,raw_material,packaging,EA,273.5,336.39,13,1285,331,525,buy,Y
P001673,SKU-STE-001673,Steel Product 01673,raw_material,steel,EA,59.83,84.9,20,722,3461,165,buy,Y
P001674,SKU-STE-001674,Steel Product 01674,raw_material,steel,M,87.68,125.83,5,1171,763,469,buy,Y
P001675,SKU-ALU-001675,Aluminium Product 01675,raw_material,aluminium,EA,264.63,349.13,28,1012,3073,702,buy,Y
P001676,SKU-PLA-001676,Plastic Product 01676,raw_material,plastic,KG,95.79,109.74,12,1024,1168,183,buy,Y
P001677,SKU-ELE-001677,Electronic Components Product 01677,raw_material,electronic_components,EA,85.17,97.29,9,1306,1502,315,buy,Y
P001678,SKU-ELE-001678,Electronic Components Product 01678,raw_material,electronic_components,EA,314.19,407.07,17,900,1903,22,buy,Y
P001679,SKU-PLA-001679,Plastic Product 01679,raw_material,plastic,M,65.73,89.13,8,974,3379,75,buy,Y
P001680,SKU-ALU-001680,Aluminium Product 01680,raw_material,aluminium,KG,37.69,44.38,7,917,961,343,buy,Y
P001681,SKU-COP-001681,Copper Product 01681,raw_material,copper,EA,234.42,281.27,28,1126,1312,368,buy,Y
P001682,SKU-PLA-001682,Plastic Product 01682,raw_material,plastic,EA,14.56,20.01,19,113,1351,518,buy,Y
P001683,SKU-COP-001683,Copper Product 01683,raw_material,copper,L,64.03,70.79,16,1081,2647,86,buy,Y
P001684,SKU-ELE-001684,Electronic Components Product 01684,packaging,electronic_components,EA,86.96,115.13,8,341,1104,455,buy,Y
P001685,SKU-ALU-001685,Aluminium Product 01685,raw_material,aluminium,EA,37.27,52.4,12,660,2056,269,buy,Y
P001686,SKU-ALU-001686,Aluminium Product 01686,packaging,aluminium,EA,44.32,51.03,12,73,3225,573,buy,Y
P001687,SKU-PAC-001687,Packaging Product 01687,raw_material,packaging,L,114.63,128.09,28,785,1306,330,buy,Y
P001688,SKU-STE-001688,Steel Product 01688,raw_material,steel,EA,35.74,48.4,24,36,1931,554,buy,Y
P001689,SKU-ALU-001689,Aluminium Product 01689,raw_material,aluminium,EA,81.36,111.32,24,816,3035,680,buy,Y
P001690,SKU-ALU-001690,Aluminium Product 01690,raw_material,aluminium,EA,52.77,75.21,15,883,810,713,buy,Y
P001691,SKU-ELE-001691,Electronic Components Product 01691,raw_material,electronic_components,EA,77.61,97.2,8,1254,3246,33,buy,Y
P001692,SKU-PAC-001692,Packaging Product 01692,packaging,packaging,EA,28.62,34.54,12,1344,2019,711,buy,Y
P001693,SKU-PAC-001693,Packaging Product 01693,raw_material,packaging,EA,41.93,46.96,21,1223,1473,780,buy,Y
P001694,SKU-FAS-001694,Fasteners Product 01694,raw_material,fasteners,EA,309.97,430.16,8,604,1706,588,buy,Y
P001695,SKU-FAS-001695,Fasteners Product 01695,raw_material,fasteners,EA,17.6,19.21,6,783,256,194,buy,Y
P001696,SKU-PLA-001696,Plastic Product 01696,raw_material,plastic,EA,58.71,71.59,13,776,1140,223,buy,Y
P001697,SKU-FAS-001697,Fasteners Product 01697,raw_material,fasteners,EA,45.91,57.19,14,1215,2294,441,buy,Y
P001698,SKU-ELE-001698,Electronic Components Product 01698,raw_material,electronic_components,KG,31.77,39.73,24,803,795,689,buy,Y
P001699,SKU-ELE-001699,Electronic Components Product 01699,packaging,electronic_components,EA,90.63,105.74,19,337,3067,503,buy,Y
P001700,SKU-COP-001700,Copper Product 01700,raw_material,copper,KG,119.03,128.82,34,1408,819,208,buy,Y
P001701,SKU-ELE-001701,Electronic Components Product 01701,packaging,electronic_components,EA,31.1,42.7,23,1449,561,69,buy,Y
P001702,SKU-ALU-001702,Aluminium Product 01702,raw_material,aluminium,EA,57.43,66.64,26,781,3149,480,buy,Y
P001703,SKU-PAC-001703,Packaging Product 01703,packaging,packaging,EA,44.16,47.81,5,1109,683,632,buy,Y
P001704,SKU-ALU-001704,Aluminium Product 01704,raw_material,aluminium,EA,70.75,94.41,36,1087,1886,229,buy,Y
P001705,SKU-ALU-001705,Aluminium Product 01705,raw_material,aluminium,EA,106.36,144.15,4,1307,2479,213,buy,Y
P001706,SKU-PLA-001706,Plastic Product 01706,raw_material,plastic,KG,104.21,135.9,11,1403,233,53,buy,Y
P001707,SKU-ELE-001707,Electronic Components Product 01707,raw_material,electronic_components,KG,108.85,146.67,35,725,1108,95,buy,Y
P001708,SKU-PLA-001708,Plastic Product 01708,raw_material,plastic,EA,143.22,154.8,27,1389,2586,132,buy,Y
P001709,SKU-COP-001709,Copper Product 01709,raw_material,copper,EA,65.68,81.79,21,1325,3299,716,buy,Y
P001710,SKU-PLA-001710,Plastic Product 01710,raw_material,plastic,EA,61.51,69.35,19,1479,1099,654,buy,Y
P001711,SKU-ELE-001711,Electronic Components Product 01711,raw_material,electronic_components,EA,90.92,100.31,13,1452,1347,333,buy,Y
P001712,SKU-ELE-001712,Electronic Components Product 01712,raw_material,electronic_components,EA,34.98,39.54,6,556,301,722,buy,Y
P001713,SKU-PLA-001713,Plastic Product 01713,raw_material,plastic,EA,36.36,45.42,12,523,679,512,buy,Y
P001714,SKU-ALU-001714,Aluminium Product 01714,raw_material,aluminium,EA,34.9,49.77,22,474,707,216,buy,Y
P001715,SKU-PLA-001715,Plastic Product 01715,raw_material,plastic,EA,38.17,47.99,9,1328,1811,271,buy,Y
P001716,SKU-PAC-001716,Packaging Product 01716,raw_material,packaging,EA,167.15,188.83,18,1408,1281,573,buy,Y
P001717,SKU-STE-001717,Steel Product 01717,raw_material,steel,EA,40.79,49.22,30,329,3264,639,buy,Y
P001718,SKU-STE-001718,Steel Product 01718,packaging,steel,EA,50.54,63.67,29,1002,660,176,buy,Y
P001719,SKU-COP-001719,Copper Product 01719,raw_material,copper,L,140.31,157.19,15,834,1656,143,buy,Y
P001720,SKU-PAC-001720,Packaging Product 01720,raw_material,packaging,EA,60.11,69.6,18,355,1024,799,buy,Y
P001721,SKU-STE-001721,Steel Product 01721,raw_material,steel,EA,93.69,120.81,31,399,414,314,buy,Y
P001722,SKU-ELE-001722,Electronic Components Product 01722,raw_material,electronic_components,EA,91.45,130.83,5,213,244,559,buy,Y
P001723,SKU-FAS-001723,Fasteners Product 01723,raw_material,fasteners,EA,137.22,187.02,33,887,235,410,buy,Y
P001724,SKU-PAC-001724,Packaging Product 01724,raw_material,packaging,EA,47.3,63.59,17,788,3222,274,buy,Y
P001725,SKU-ALU-001725,Aluminium Product 01725,raw_material,aluminium,EA,165.26,187.99,14,74,788,230,buy,Y
P001726,SKU-STE-001726,Steel Product 01726,raw_material,steel,EA,68.7,87.4,16,1194,3237,681,buy,Y
P001727,SKU-PAC-001727,Packaging Product 01727,raw_material,packaging,EA,135.11,146.58,5,1020,3487,513,buy,Y
P001728,SKU-PLA-001728,Plastic Product 01728,raw_material,plastic,EA,87.86,113.52,35,1305,1291,703,buy,Y
P001729,SKU-STE-001729,Steel Product 01729,raw_material,steel,EA,38.72,51.6,19,1499,1176,658,buy,Y
P001730,SKU-PAC-001730,Packaging Product 01730,packaging,packaging,EA,46.33,66.25,20,778,2012,743,buy,Y
P001731,SKU-ELE-001731,Electronic Components Product 01731,raw_material,electronic_components,L,164.84,192.21,25,576,3313,399,buy,Y
P001732,SKU-STE-001732,Steel Product 01732,raw_material,steel,M,76.14,98.88,38,630,517,44,buy,Y
P001733,SKU-FAS-001733,Fasteners Product 01733,packaging,fasteners,KG,80.17,101.85,4,268,789,536,buy,Y
P001734,SKU-STE-001734,Steel Product 01734,raw_material,steel,EA,71.46,99.57,28,175,1061,276,buy,Y
P001735,SKU-PLA-001735,Plastic Product 01735,raw_material,plastic,EA,51.95,56.62,9,512,2292,38,buy,Y
P001736,SKU-FAS-001736,Fasteners Product 01736,raw_material,fasteners,EA,189.75,213.77,21,220,2271,252,buy,Y
P001737,SKU-STE-001737,Steel Product 01737,raw_material,steel,EA,92.09,132.14,22,226,202,507,buy,Y
P001738,SKU-ELE-001738,Electronic Components Product 01738,raw_material,electronic_components,EA,153.32,194.47,21,714,1508,709,buy,Y
P001739,SKU-ALU-001739,Aluminium Product 01739,raw_material,aluminium,L,32.51,36.56,18,28,2629,734,buy,Y
P001740,SKU-ELE-001740,Electronic Components Product 01740,raw_material,electronic_components,EA,84.41,97.13,35,481,3271,242,buy,Y
P001741,SKU-COP-001741,Copper Product 01741,raw_material,copper,EA,164.48,210.62,13,96,1785,62,buy,Y
P001742,SKU-ELE-001742,Electronic Components Product 01742,raw_material,electronic_components,EA,46.75,67.15,38,26,600,329,buy,Y
P001743,SKU-ALU-001743,Aluminium Product 01743,raw_material,aluminium,EA,204.25,257.36,28,122,3219,438,buy,Y
P001744,SKU-PAC-001744,Packaging Product 01744,raw_material,packaging,KG,255.03,326.0,15,499,832,674,buy,Y
P001745,SKU-FAS-001745,Fasteners Product 01745,raw_material,fasteners,EA,155.22,186.93,21,1120,1084,149,buy,Y
P001746,SKU-STE-001746,Steel Product 01746,raw_material,steel,EA,81.96,110.66,34,214,568,736,buy,Y
P001747,SKU-ELE-001747,Electronic Components Product 01747,raw_material,electronic_components,KG,58.64,74.24,24,1366,790,517,buy,Y
P001748,SKU-ALU-001748,Aluminium Product 01748,raw_material,aluminium,EA,104.22,114.54,16,1351,92,227,buy,Y
P001749,SKU-FAS-001749,Fasteners Product 01749,raw_material,fasteners,EA,157.26,187.62,31,783,741,730,buy,Y
P001750,SKU-ALU-001750,Aluminium Product 01750,packaging,aluminium,EA,187.06,211.26,27,869,331,456,buy,Y
P001751,SKU-ALU-001751,Aluminium Product 01751,raw_material,aluminium,EA,107.74,147.27,16,1039,1035,33,buy,Y
P001752,SKU-PLA-001752,Plastic Product 01752,raw_material,plastic,M,40.89,46.79,16,1482,2132,63,buy,Y
P001753,SKU-PLA-001753,Plastic Product 01753,raw_material,plastic,KG,52.77,60.93,22,847,2790,543,buy,Y
P001754,SKU-ELE-001754,Electronic Components Product 01754,raw_material,electronic_components,KG,53.0,72.16,13,1474,2133,344,buy,Y
P001755,SKU-ALU-001755,Aluminium Product 01755,raw_material,aluminium,EA,53.71,61.5,22,1108,1264,498,buy,Y
P001756,SKU-ELE-001756,Electronic Components Product 01756,raw_material,electronic_components,EA,174.61,201.27,32,1282,1250,667,buy,Y
P001757,SKU-PLA-001757,Plastic Product 01757,raw_material,plastic,EA,81.12,90.68,12,256,2142,713,buy,Y
P001758,SKU-PLA-001758,Plastic Product 01758,packaging,plastic,L,12.83,18.36,8,1421,1693,747,buy,Y
P001759,SKU-STE-001759,Steel Product 01759,raw_material,steel,EA,176.08,223.92,25,975,2552,89,buy,Y
P001760,SKU-PLA-001760,Plastic Product 01760,raw_material,plastic,EA,41.21,56.03,30,160,2329,726,buy,Y
P001761,SKU-STE-001761,Steel Product 01761,raw_material,steel,EA,48.03,65.64,25,353,233,632,buy,Y
P001762,SKU-COP-001762,Copper Product 01762,raw_material,copper,EA,192.99,234.25,21,427,2165,786,buy,Y
P001763,SKU-ALU-001763,Aluminium Product 01763,raw_material,aluminium,EA,189.29,210.93,15,46,3191,304,buy,Y
P001764,SKU-COP-001764,Copper Product 01764,packaging,copper,EA,62.5,69.63,20,717,3010,441,buy,Y
P001765,SKU-COP-001765,Copper Product 01765,raw_material,copper,EA,18.35,21.33,32,643,2112,269,buy,Y
P001766,SKU-STE-001766,Steel Product 01766,raw_material,steel,EA,24.22,28.64,21,95,422,253,buy,Y
P001767,SKU-PLA-001767,Plastic Product 01767,raw_material,plastic,KG,97.28,136.47,15,150,995,654,buy,Y
P001768,SKU-STE-001768,Steel Product 01768,raw_material,steel,EA,126.77,165.21,8,125,1359,292,buy,Y
P001769,SKU-PLA-001769,Plastic Product 01769,raw_material,plastic,EA,221.09,267.98,4,811,765,481,buy,Y
P001770,SKU-FAS-001770,Fasteners Product 01770,raw_material,fasteners,EA,93.62,130.91,27,373,1820,439,buy,Y
P001771,SKU-ALU-001771,Aluminium Product 01771,raw_material,aluminium,EA,221.53,315.79,35,94,2481,497,buy,Y
P001772,SKU-ELE-001772,Electronic Components Product 01772,raw_material,electronic_components,EA,15.26,20.03,5,1440,2793,249,buy,Y
P001773,SKU-PAC-001773,Packaging Product 01773,packaging,packaging,EA,25.27,34.92,26,625,135,270,buy,Y
P001774,SKU-PLA-001774,Plastic Product 01774,packaging,plastic,EA,102.66,135.12,38,832,3467,170,buy,Y
P001775,SKU-PLA-001775,Plastic Product 01775,raw_material,plastic,EA,68.81,93.98,29,812,2752,348,buy,Y
P001776,SKU-ALU-001776,Aluminium Product 01776,raw_material,aluminium,EA,178.73,230.16,15,393,395,281,buy,Y
P001777,SKU-ALU-001777,Aluminium Product 01777,raw_material,aluminium,EA,134.25,153.45,31,156,1968,715,buy,Y
P001778,SKU-ALU-001778,Aluminium Product 01778,raw_material,aluminium,EA,31.75,36.87,37,209,1220,719,buy,Y
P001779,SKU-STE-001779,Steel Product 01779,raw_material,steel,EA,77.52,109.06,14,180,146,435,buy,Y
P001780,SKU-ALU-001780,Aluminium Product 01780,raw_material,aluminium,M,94.88,112.63,7,266,68,527,buy,Y
P001781,SKU-STE-001781,Steel Product 01781,raw_material,steel,EA,12.59,14.97,29,338,2177,307,buy,Y
P001782,SKU-STE-001782,Steel Product 01782,raw_material,steel,EA,26.72,37.69,16,970,1490,617,buy,Y
P001783,SKU-PLA-001783,Plastic Product 01783,packaging,plastic,EA,87.83,107.07,30,815,3253,438,buy,Y
P001784,SKU-ALU-001784,Aluminium Product 01784,raw_material,aluminium,EA,31.38,34.13,10,709,150,309,buy,Y
P001785,SKU-ALU-001785,Aluminium Product 01785,raw_material,aluminium,KG,71.6,80.17,10,1402,1689,430,buy,Y
P001786,SKU-PAC-001786,Packaging Product 01786,raw_material,packaging,EA,134.02,165.19,37,57,348,369,buy,Y
P001787,SKU-FAS-001787,Fasteners Product 01787,raw_material,fasteners,EA,99.12,123.49,15,1469,1547,157,buy,Y
P001788,SKU-STE-001788,Steel Product 01788,raw_material,steel,KG,44.95,50.54,37,581,1807,656,buy,Y
P001789,SKU-COP-001789,Copper Product 01789,raw_material,copper,EA,19.88,27.77,23,994,293,600,buy,Y
P001790,SKU-PLA-001790,Plastic Product 01790,raw_material,plastic,KG,126.0,166.39,17,879,2211,200,buy,Y
P001791,SKU-FAS-001791,Fasteners Product 01791,raw_material,fasteners,EA,60.54,67.33,5,668,3179,693,buy,Y
P001792,SKU-PLA-001792,Plastic Product 01792,raw_material,plastic,M,213.48,238.49,32,433,2245,157,buy,Y
P001793,SKU-COP-001793,Copper Product 01793,raw_material,copper,EA,105.18,133.37,37,1370,3497,357,buy,Y
P001794,SKU-ELE-001794,Electronic Components Product 01794,packaging,electronic_components,EA,88.29,111.45,26,1349,1974,668,buy,Y
P001795,SKU-FAS-001795,Fasteners Product 01795,packaging,fasteners,EA,44.06,63.41,6,1001,189,565,buy,Y
P001796,SKU-ELE-001796,Electronic Components Product 01796,raw_material,electronic_components,KG,45.18,56.18,10,72,1144,455,buy,Y
P001797,SKU-COP-001797,Copper Product 01797,raw_material,copper,EA,187.64,260.22,18,1481,2001,529,buy,Y
P001798,SKU-STE-001798,Steel Product 01798,raw_material,steel,L,36.03,44.85,18,739,2556,143,buy,Y
P001799,SKU-STE-001799,Steel Product 01799,packaging,steel,L,55.49,61.85,8,1434,1660,532,buy,Y
P001800,SKU-COP-001800,Copper Product 01800,packaging,copper,KG,51.44,70.13,12,1403,2481,758,buy,Y
P001801,SKU-COP-001801,Copper Product 01801,packaging,copper,EA,10.77,14.92,12,1101,2167,149,buy,Y
P001802,SKU-COP-001802,Copper Product 01802,raw_material,copper,EA,50.98,55.34,16,1433,214,158,buy,Y
P001803,SKU-PAC-001803,Packaging Product 01803,raw_material,packaging,EA,33.31,42.65,30,512,1904,613,buy,Y
P001804,SKU-STE-001804,Steel Product 01804,packaging,steel,EA,29.65,38.36,27,317,1774,129,buy,Y
P001805,SKU-ELE-001805,Electronic Components Product 01805,raw_material,electronic_components,EA,24.21,26.73,36,1430,662,205,buy,Y
P001806,SKU-PLA-001806,Plastic Product 01806,raw_material,plastic,EA,55.54,70.8,10,737,1842,250,buy,Y
P001807,SKU-ELE-001807,Electronic Components Product 01807,raw_material,electronic_components,EA,35.61,44.41,18,871,751,674,buy,Y
P001808,SKU-ELE-001808,Electronic Components Product 01808,raw_material,electronic_components,KG,97.76,131.28,27,188,2201,599,buy,Y
P001809,SKU-ELE-001809,Electronic Components Product 01809,raw_material,electronic_components,EA,16.29,20.26,36,208,675,576,buy,Y
P001810,SKU-ALU-001810,Aluminium Product 01810,raw_material,aluminium,EA,26.98,29.76,11,548,1297,232,buy,Y
P001811,SKU-STE-001811,Steel Product 01811,raw_material,steel,EA,170.24,208.58,5,1088,1461,403,buy,Y
P001812,SKU-ELE-001812,Electronic Components Product 01812,raw_material,electronic_components,M,127.54,170.54,26,723,1801,165,buy,Y
P001813,SKU-STE-001813,Steel Product 01813,packaging,steel,EA,50.8,59.04,29,156,2367,271,buy,Y
P001814,SKU-PLA-001814,Plastic Product 01814,raw_material,plastic,KG,62.29,79.0,4,1174,957,166,buy,Y
P001815,SKU-PLA-001815,Plastic Product 01815,raw_material,plastic,EA,131.83,147.12,35,819,2168,241,buy,Y
P001816,SKU-ELE-001816,Electronic Components Product 01816,raw_material,electronic_components,EA,36.26,52.28,25,1181,2874,466,buy,Y
P001817,SKU-PLA-001817,Plastic Product 01817,raw_material,plastic,EA,132.02,156.78,23,489,264,779,buy,Y
P001818,SKU-ELE-001818,Electronic Components Product 01818,raw_material,electronic_components,EA,115.73,145.0,18,328,1685,424,buy,Y
P001819,SKU-COP-001819,Copper Product 01819,raw_material,copper,EA,22.91,27.96,28,546,1415,141,buy,Y
P001820,SKU-STE-001820,Steel Product 01820,packaging,steel,M,129.15,149.79,29,853,1616,484,buy,Y
P001821,SKU-ALU-001821,Aluminium Product 01821,raw_material,aluminium,EA,206.45,264.63,20,896,275,384,buy,Y
P001822,SKU-STE-001822,Steel Product 01822,raw_material,steel,M,8.0,10.14,14,865,1205,76,buy,Y
P001823,SKU-PLA-001823,Plastic Product 01823,raw_material,plastic,EA,145.19,196.54,17,1326,2993,67,buy,Y
P001824,SKU-PAC-001824,Packaging Product 01824,raw_material,packaging,EA,115.52,158.59,20,1011,3121,133,buy,Y
P001825,SKU-ALU-001825,Aluminium Product 01825,packaging,aluminium,EA,20.57,23.94,38,1366,315,94,buy,Y
P001826,SKU-PAC-001826,Packaging Product 01826,raw_material,packaging,KG,32.7,36.05,15,1482,1963,422,buy,Y
P001827,SKU-COP-001827,Copper Product 01827,packaging,copper,EA,110.32,136.39,21,1233,3416,680,buy,Y
P001828,SKU-ALU-001828,Aluminium Product 01828,raw_material,aluminium,EA,32.46,43.97,9,584,518,783,buy,Y
P001829,SKU-PLA-001829,Plastic Product 01829,raw_material,plastic,EA,41.49,58.21,30,806,2824,290,buy,Y
P001830,SKU-STE-001830,Steel Product 01830,raw_material,steel,EA,106.22,124.61,29,523,2306,430,buy,Y
P001831,SKU-PLA-001831,Plastic Product 01831,raw_material,plastic,EA,102.76,147.15,4,1117,2134,247,buy,Y
P001832,SKU-PAC-001832,Packaging Product 01832,raw_material,packaging,EA,50.05,64.18,33,150,129,282,buy,Y
P001833,SKU-ELE-001833,Electronic Components Product 01833,packaging,electronic_components,EA,47.4,55.31,22,845,2709,467,buy,Y
P001834,SKU-STE-001834,Steel Product 01834,raw_material,steel,EA,101.41,132.25,9,441,1138,614,buy,Y
P001835,SKU-ELE-001835,Electronic Components Product 01835,raw_material,electronic_components,EA,149.95,201.69,30,737,1343,85,buy,Y
P001836,SKU-STE-001836,Steel Product 01836,raw_material,steel,EA,168.33,224.47,4,148,56,229,buy,Y
P001837,SKU-STE-001837,Steel Product 01837,raw_material,steel,EA,36.89,43.72,38,1021,2606,453,buy,Y
P001838,SKU-PLA-001838,Plastic Product 01838,raw_material,plastic,EA,151.98,165.46,7,1152,2147,528,buy,Y
P001839,SKU-STE-001839,Steel Product 01839,raw_material,steel,EA,116.02,132.04,24,823,2522,614,buy,Y
P001840,SKU-PLA-001840,Plastic Product 01840,raw_material,plastic,KG,369.22,517.55,12,1289,822,706,buy,Y
P001841,SKU-ALU-001841,Aluminium Product 01841,raw_material,aluminium,L,32.83,39.26,30,333,1165,211,buy,Y
P001842,SKU-ELE-001842,Electronic Components Product 01842,raw_material,electronic_components,KG,24.26,31.9,12,972,1523,23,buy,Y
P001843,SKU-PLA-001843,Plastic Product 01843,raw_material,plastic,EA,52.11,60.95,23,690,3480,302,buy,Y
P001844,SKU-STE-001844,Steel Product 01844,raw_material,steel,EA,68.52,75.61,16,759,3319,295,buy,Y
P001845,SKU-ELE-001845,Electronic Components Product 01845,raw_material,electronic_components,EA,38.64,41.78,35,510,1788,461,buy,Y
P001846,SKU-PLA-001846,Plastic Product 01846,raw_material,plastic,EA,32.5,35.26,10,599,3295,457,buy,Y
P001847,SKU-ELE-001847,Electronic Components Product 01847,packaging,electronic_components,EA,115.97,150.02,18,679,1150,515,buy,Y
P001848,SKU-ELE-001848,Electronic Components Product 01848,raw_material,electronic_components,EA,64.15,92.03,24,848,1583,410,buy,Y
P001849,SKU-FAS-001849,Fasteners Product 01849,raw_material,fasteners,EA,26.46,32.51,10,125,2888,410,buy,Y
P001850,SKU-COP-001850,Copper Product 01850,raw_material,copper,EA,271.84,314.95,18,157,3353,300,buy,Y
P001851,SKU-FAS-001851,Fasteners Product 01851,raw_material,fasteners,L,61.91,84.24,25,253,59,141,buy,Y
P001852,SKU-PLA-001852,Plastic Product 01852,raw_material,plastic,EA,82.66,114.79,18,120,1127,269,buy,Y
P001853,SKU-FAS-001853,Fasteners Product 01853,raw_material,fasteners,M,42.23,49.27,31,582,1229,158,buy,Y
P001854,SKU-COP-001854,Copper Product 01854,raw_material,copper,EA,44.29,49.69,9,339,1183,697,buy,Y
P001855,SKU-ELE-001855,Electronic Components Product 01855,raw_material,electronic_components,EA,56.19,79.45,19,829,3420,459,buy,Y
P001856,SKU-FAS-001856,Fasteners Product 01856,raw_material,fasteners,EA,66.16,90.71,12,584,893,58,buy,Y
P001857,SKU-ELE-001857,Electronic Components Product 01857,raw_material,electronic_components,EA,20.66,27.46,32,607,296,68,buy,Y
P001858,SKU-ALU-001858,Aluminium Product 01858,raw_material,aluminium,EA,42.39,60.21,18,1124,747,735,buy,Y
P001859,SKU-PAC-001859,Packaging Product 01859,raw_material,packaging,EA,147.94,197.94,15,325,1003,402,buy,Y
P001860,SKU-ELE-001860,Electronic Components Product 01860,packaging,electronic_components,M,106.4,132.94,5,296,3186,447,buy,Y
P001861,SKU-PLA-001861,Plastic Product 01861,raw_material,plastic,KG,197.23,276.64,5,1175,3457,466,buy,Y
P001862,SKU-PLA-001862,Plastic Product 01862,packaging,plastic,EA,159.22,199.45,12,1132,367,270,buy,Y
P001863,SKU-PLA-001863,Plastic Product 01863,raw_material,plastic,EA,8.0,9.0,7,83,2726,565,buy,Y
P001864,SKU-PAC-001864,Packaging Product 01864,raw_material,packaging,EA,80.39,111.41,36,122,2592,385,buy,Y
P001865,SKU-ALU-001865,Aluminium Product 01865,raw_material,aluminium,EA,12.95,14.14,36,715,3393,692,buy,Y
P001866,SKU-ELE-001866,Electronic Components Product 01866,raw_material,electronic_components,KG,262.0,287.21,33,394,566,376,buy,Y
P001867,SKU-ELE-001867,Electronic Components Product 01867,raw_material,electronic_components,KG,59.77,71.14,12,767,867,502,buy,Y
P001868,SKU-STE-001868,Steel Product 01868,raw_material,steel,KG,195.19,222.95,35,718,1438,233,buy,Y
P001869,SKU-COP-001869,Copper Product 01869,raw_material,copper,M,70.33,76.53,18,1173,2918,139,buy,Y
P001870,SKU-PLA-001870,Plastic Product 01870,raw_material,plastic,EA,17.76,23.03,8,258,2810,209,buy,Y
P001871,SKU-PAC-001871,Packaging Product 01871,raw_material,packaging,EA,23.44,31.67,19,1330,1988,15,buy,Y
P001872,SKU-FAS-001872,Fasteners Product 01872,raw_material,fasteners,EA,155.58,216.47,20,410,3458,30,buy,Y
P001873,SKU-ELE-001873,Electronic Components Product 01873,raw_material,electronic_components,EA,45.32,62.55,27,979,2928,442,buy,Y
P001874,SKU-PLA-001874,Plastic Product 01874,raw_material,plastic,M,12.61,14.29,22,1004,1164,595,buy,Y
P001875,SKU-ALU-001875,Aluminium Product 01875,raw_material,aluminium,EA,84.18,104.49,37,1030,3261,546,buy,Y
P001876,SKU-FAS-001876,Fasteners Product 01876,raw_material,fasteners,EA,114.09,150.25,26,781,1574,470,buy,Y
P001877,SKU-PLA-001877,Plastic Product 01877,packaging,plastic,EA,59.68,76.66,33,1001,3145,538,buy,Y
P001878,SKU-PLA-001878,Plastic Product 01878,raw_material,plastic,EA,74.87,92.67,35,1042,2728,507,buy,Y
P001879,SKU-FAS-001879,Fasteners Product 01879,raw_material,fasteners,EA,53.52,68.35,28,821,88,348,buy,Y
P001880,SKU-ALU-001880,Aluminium Product 01880,raw_material,aluminium,EA,43.6,52.81,18,1048,1917,530,buy,Y
P001881,SKU-ELE-001881,Electronic Components Product 01881,raw_material,electronic_components,EA,127.51,172.32,19,1387,884,654,buy,Y
P001882,SKU-ALU-001882,Aluminium Product 01882,raw_material,aluminium,EA,70.9,97.01,5,616,1289,608,buy,Y
P001883,SKU-FAS-001883,Fasteners Product 01883,raw_material,fasteners,EA,64.3,92.13,10,968,1072,434,buy,Y
P001884,SKU-PAC-001884,Packaging Product 01884,raw_material,packaging,EA,450.56,518.42,20,764,2649,173,buy,Y
P001885,SKU-COP-001885,Copper Product 01885,raw_material,copper,EA,55.96,63.3,20,641,1504,32,buy,Y
P001886,SKU-FAS-001886,Fasteners Product 01886,raw_material,fasteners,EA,147.2,202.93,4,280,2322,345,buy,Y
P001887,SKU-ALU-001887,Aluminium Product 01887,packaging,aluminium,EA,109.02,128.35,31,702,3145,415,buy,Y
P001888,SKU-FAS-001888,Fasteners Product 01888,raw_material,fasteners,EA,39.69,47.74,26,1479,951,12,buy,Y
P001889,SKU-COP-001889,Copper Product 01889,raw_material,copper,KG,51.53,74.32,22,549,1018,659,buy,Y
P001890,SKU-ELE-001890,Electronic Components Product 01890,raw_material,electronic_components,EA,35.88,42.06,33,191,2315,411,buy,Y
P001891,SKU-FAS-001891,Fasteners Product 01891,raw_material,fasteners,EA,87.95,111.12,10,650,2709,556,buy,Y
P001892,SKU-STE-001892,Steel Product 01892,raw_material,steel,EA,50.1,54.15,22,677,3412,570,buy,Y
P001893,SKU-STE-001893,Steel Product 01893,raw_material,steel,EA,44.55,51.54,25,1299,1185,711,buy,Y
P001894,SKU-ELE-001894,Electronic Components Product 01894,packaging,electronic_components,KG,31.05,39.62,22,247,1664,664,buy,Y
P001895,SKU-ELE-001895,Electronic Components Product 01895,raw_material,electronic_components,EA,38.77,51.88,20,321,136,598,buy,Y
P001896,SKU-ALU-001896,Aluminium Product 01896,raw_material,aluminium,EA,32.99,43.06,24,1375,906,590,buy,Y
P001897,SKU-STE-001897,Steel Product 01897,packaging,steel,EA,37.53,49.85,25,1048,3450,328,buy,Y
P001898,SKU-PAC-001898,Packaging Product 01898,raw_material,packaging,EA,64.04,80.07,32,976,3485,167,buy,Y
P001899,SKU-STE-001899,Steel Product 01899,raw_material,steel,EA,46.43,57.04,36,1413,3466,73,buy,Y
P001900,SKU-PAC-001900,Packaging Product 01900,raw_material,packaging,KG,104.28,144.03,25,19,2940,179,buy,Y
P001901,SKU-PLA-001901,Plastic Product 01901,raw_material,plastic,EA,36.41,42.54,27,1232,1444,105,buy,Y
P001902,SKU-ALU-001902,Aluminium Product 01902,raw_material,aluminium,EA,140.64,153.03,18,299,1742,178,buy,Y
P001903,SKU-ELE-001903,Electronic Components Product 01903,raw_material,electronic_components,KG,116.1,131.5,16,116,3445,158,buy,Y
P001904,SKU-STE-001904,Steel Product 01904,raw_material,steel,EA,47.08,59.05,27,828,2774,517,buy,Y
P001905,SKU-STE-001905,Steel Product 01905,packaging,steel,L,128.77,139.63,28,988,3370,208,buy,Y
P001906,SKU-STE-001906,Steel Product 01906,packaging,steel,EA,29.66,35.45,35,695,2482,129,buy,Y
P001907,SKU-STE-001907,Steel Product 01907,raw_material,steel,EA,38.84,49.29,12,758,286,67,buy,Y
P001908,SKU-ELE-001908,Electronic Components Product 01908,raw_material,electronic_components,M,41.79,57.86,5,1304,1196,763,buy,Y
P001909,SKU-PLA-001909,Plastic Product 01909,raw_material,plastic,KG,53.55,68.36,18,419,3143,429,buy,Y
P001910,SKU-ALU-001910,Aluminium Product 01910,packaging,aluminium,M,38.03,52.66,17,992,1549,54,buy,Y
P001911,SKU-ALU-001911,Aluminium Product 01911,raw_material,aluminium,EA,31.06,41.12,35,806,417,480,buy,Y
P001912,SKU-PAC-001912,Packaging Product 01912,raw_material,packaging,KG,62.22,72.0,20,396,858,612,buy,Y
P001913,SKU-STE-001913,Steel Product 01913,raw_material,steel,EA,75.09,81.18,14,926,142,200,buy,Y
P001914,SKU-STE-001914,Steel Product 01914,raw_material,steel,EA,69.14,85.58,13,1146,926,175,buy,Y
P001915,SKU-FAS-001915,Fasteners Product 01915,raw_material,fasteners,EA,23.4,29.28,26,882,1107,527,buy,Y
P001916,SKU-FAS-001916,Fasteners Product 01916,raw_material,fasteners,EA,456.25,521.79,32,198,1346,437,buy,Y
P001917,SKU-COP-001917,Copper Product 01917,raw_material,copper,EA,44.43,51.64,21,1337,692,141,buy,Y
P001918,SKU-PLA-001918,Plastic Product 01918,raw_material,plastic,EA,38.74,45.43,18,1431,2001,111,buy,Y
P001919,SKU-ALU-001919,Aluminium Product 01919,raw_material,aluminium,M,118.51,159.27,7,873,1267,233,buy,Y
P001920,SKU-PLA-001920,Plastic Product 01920,raw_material,plastic,KG,101.08,136.76,20,1260,1768,593,buy,Y
P001921,SKU-PLA-001921,Plastic Product 01921,raw_material,plastic,EA,61.57,85.12,18,884,643,222,buy,Y
P001922,SKU-FAS-001922,Fasteners Product 01922,packaging,fasteners,M,90.3,126.59,23,907,713,301,buy,Y
P001923,SKU-FAS-001923,Fasteners Product 01923,packaging,fasteners,KG,23.41,28.43,21,1400,1260,142,buy,Y
P001924,SKU-COP-001924,Copper Product 01924,raw_material,copper,EA,15.8,17.43,26,1202,94,695,buy,Y
P001925,SKU-PLA-001925,Plastic Product 01925,packaging,plastic,EA,71.68,81.55,8,730,2917,505,buy,Y
P001926,SKU-ELE-001926,Electronic Components Product 01926,raw_material,electronic_components,EA,101.23,131.79,17,664,2443,651,buy,Y
P001927,SKU-PAC-001927,Packaging Product 01927,raw_material,packaging,EA,94.39,107.22,28,60,3394,73,buy,Y
P001928,SKU-STE-001928,Steel Product 01928,raw_material,steel,EA,154.72,175.18,32,1369,1851,624,buy,Y
P001929,SKU-STE-001929,Steel Product 01929,raw_material,steel,EA,81.1,99.81,11,350,1076,578,buy,Y
P001930,SKU-PAC-001930,Packaging Product 01930,raw_material,packaging,EA,120.76,161.12,32,992,1822,479,buy,Y
P001931,SKU-ALU-001931,Aluminium Product 01931,raw_material,aluminium,M,356.0,428.05,9,909,1206,796,buy,Y
P001932,SKU-PLA-001932,Plastic Product 01932,raw_material,plastic,EA,69.58,76.91,4,826,2410,345,buy,Y
P001933,SKU-STE-001933,Steel Product 01933,raw_material,steel,EA,43.42,56.25,7,740,2352,559,buy,Y
P001934,SKU-PAC-001934,Packaging Product 01934,raw_material,packaging,EA,62.61,79.04,10,752,1195,676,buy,Y
P001935,SKU-PLA-001935,Plastic Product 01935,raw_material,plastic,EA,64.23,79.01,12,898,1737,362,buy,Y
P001936,SKU-COP-001936,Copper Product 01936,raw_material,copper,EA,26.95,35.83,37,33,1197,539,buy,Y
P001937,SKU-ALU-001937,Aluminium Product 01937,raw_material,aluminium,EA,31.81,43.38,37,1372,2608,197,buy,Y
P001938,SKU-ELE-001938,Electronic Components Product 01938,raw_material,electronic_components,M,52.49,73.1,33,146,583,12,buy,Y
P001939,SKU-STE-001939,Steel Product 01939,raw_material,steel,EA,60.85,81.4,35,734,1594,288,buy,Y
P001940,SKU-PAC-001940,Packaging Product 01940,raw_material,packaging,KG,374.86,447.97,18,340,178,270,buy,Y
P001941,SKU-PLA-001941,Plastic Product 01941,raw_material,plastic,KG,129.24,164.77,38,1326,155,644,buy,Y
P001942,SKU-ALU-001942,Aluminium Product 01942,raw_material,aluminium,EA,51.23,67.47,18,206,840,682,buy,Y
P001943,SKU-STE-001943,Steel Product 01943,raw_material,steel,EA,172.37,215.09,16,585,2879,757,buy,Y
P001944,SKU-STE-001944,Steel Product 01944,raw_material,steel,EA,44.09,50.79,30,131,646,787,buy,Y
P001945,SKU-STE-001945,Steel Product 01945,raw_material,steel,EA,90.92,123.64,15,915,2056,26,buy,Y
P001946,SKU-COP-001946,Copper Product 01946,packaging,copper,EA,53.77,68.81,35,1063,698,704,buy,Y
P001947,SKU-PLA-001947,Plastic Product 01947,packaging,plastic,EA,56.53,65.83,14,709,3250,632,buy,Y
P001948,SKU-ELE-001948,Electronic Components Product 01948,raw_material,electronic_components,EA,149.98,184.8,15,1191,2788,737,buy,Y
P001949,SKU-PLA-001949,Plastic Product 01949,raw_material,plastic,EA,94.57,116.18,8,1468,1777,445,buy,Y
P001950,SKU-FAS-001950,Fasteners Product 01950,raw_material,fasteners,EA,75.54,98.63,33,96,402,631,buy,Y
P001951,SKU-STE-001951,Steel Product 01951,raw_material,steel,L,161.1,223.45,37,1328,141,207,buy,Y
P001952,SKU-PAC-001952,Packaging Product 01952,raw_material,packaging,EA,34.82,39.89,8,108,2126,356,buy,Y
P001953,SKU-ALU-001953,Aluminium Product 01953,raw_material,aluminium,EA,76.23,98.64,33,941,1987,778,buy,Y
P001954,SKU-COP-001954,Copper Product 01954,raw_material,copper,EA,9.26,13.08,29,920,699,650,buy,Y
P001955,SKU-PAC-001955,Packaging Product 01955,raw_material,packaging,EA,173.06,202.79,27,784,2166,498,buy,Y
P001956,SKU-STE-001956,Steel Product 01956,packaging,steel,EA,79.43,104.59,30,378,1280,10,buy,Y
P001957,SKU-FAS-001957,Fasteners Product 01957,raw_material,fasteners,EA,88.18,104.29,33,915,1859,276,buy,Y
P001958,SKU-PLA-001958,Plastic Product 01958,packaging,plastic,KG,99.65,125.26,25,1243,2424,512,buy,Y
P001959,SKU-PAC-001959,Packaging Product 01959,raw_material,packaging,EA,56.94,76.26,10,596,3077,733,buy,Y
P001960,SKU-STE-001960,Steel Product 01960,raw_material,steel,EA,49.05,57.25,12,493,1930,79,buy,Y
P001961,SKU-PAC-001961,Packaging Product 01961,raw_material,packaging,M,42.73,49.4,33,575,3478,189,buy,Y
P001962,SKU-COP-001962,Copper Product 01962,raw_material,copper,EA,29.9,32.64,25,894,128,262,buy,Y
P001963,SKU-STE-001963,Steel Product 01963,raw_material,steel,EA,33.83,43.92,25,468,1007,599,buy,Y
P001964,SKU-PLA-001964,Plastic Product 01964,raw_material,plastic,KG,64.48,93.49,19,1192,1087,673,buy,Y
P001965,SKU-PLA-001965,Plastic Product 01965,raw_material,plastic,EA,119.96,157.28,31,887,516,68,buy,Y
P001966,SKU-FAS-001966,Fasteners Product 01966,raw_material,fasteners,EA,43.87,58.68,27,646,666,500,buy,Y
P001967,SKU-ELE-001967,Electronic Components Product 01967,raw_material,electronic_components,EA,16.9,22.75,14,746,1516,592,buy,Y
P001968,SKU-STE-001968,Steel Product 01968,raw_material,steel,EA,54.37,75.5,33,1436,118,334,buy,Y
P001969,SKU-PAC-001969,Packaging Product 01969,raw_material,packaging,EA,65.58,86.22,27,877,2258,564,buy,Y
P001970,SKU-PAC-001970,Packaging Product 01970,raw_material,packaging,EA,102.36,129.54,36,720,2022,746,buy,Y
P001971,SKU-PAC-001971,Packaging Product 01971,raw_material,packaging,EA,36.35,41.01,33,754,116,629,buy,Y
P001972,SKU-PLA-001972,Plastic Product 01972,raw_material,plastic,KG,69.0,83.21,36,641,2998,292,buy,Y
P001973,SKU-ELE-001973,Electronic Components Product 01973,raw_material,electronic_components,EA,30.38,39.18,36,49,1503,246,buy,Y
P001974,SKU-COP-001974,Copper Product 01974,raw_material,copper,KG,19.46,27.71,28,423,3247,285,buy,Y
P001975,SKU-COP-001975,Copper Product 01975,packaging,copper,EA,73.76,104.12,22,1038,2710,609,buy,Y
P001976,SKU-COP-001976,Copper Product 01976,raw_material,copper,KG,16.58,22.13,7,1132,921,433,buy,Y
P001977,SKU-COP-001977,Copper Product 01977,raw_material,copper,EA,117.71,161.11,13,238,2329,391,buy,Y
P001978,SKU-ALU-001978,Aluminium Product 01978,raw_material,aluminium,EA,62.51,87.62,22,775,546,406,buy,Y
P001979,SKU-STE-001979,Steel Product 01979,raw_material,steel,EA,33.13,38.58,22,1134,3453,31,buy,Y
P001980,SKU-FAS-001980,Fasteners Product 01980,raw_material,fasteners,EA,20.97,27.88,21,1137,2200,652,buy,Y
P001981,SKU-PLA-001981,Plastic Product 01981,packaging,plastic,EA,62.73,90.14,7,1017,2943,38,buy,Y
P001982,SKU-PLA-001982,Plastic Product 01982,raw_material,plastic,EA,103.17,148.66,14,1065,2201,91,buy,Y
P001983,SKU-STE-001983,Steel Product 01983,raw_material,steel,EA,64.81,77.52,32,939,1689,100,buy,Y
P001984,SKU-ELE-001984,Electronic Components Product 01984,raw_material,electronic_components,EA,41.06,52.02,20,864,2555,150,buy,Y
P001985,SKU-STE-001985,Steel Product 01985,raw_material,steel,EA,115.55,153.47,36,430,984,422,buy,Y
P001986,SKU-ELE-001986,Electronic Components Product 01986,raw_material,electronic_components,M,71.85,88.07,13,1245,2254,320,buy,Y
P001987,SKU-PAC-001987,Packaging Product 01987,raw_material,packaging,EA,20.18,26.73,17,1125,3416,128,buy,Y
P001988,SKU-STE-001988,Steel Product 01988,packaging,steel,EA,91.01,120.6,36,430,1686,662,buy,Y
P001989,SKU-STE-001989,Steel Product 01989,raw_material,steel,EA,162.0,177.15,13,320,3077,115,buy,Y
P001990,SKU-FAS-001990,Fasteners Product 01990,raw_material,fasteners,M,65.28,77.89,6,1338,3409,265,buy,Y
P001991,SKU-FAS-001991,Fasteners Product 01991,raw_material,fasteners,KG,41.11,55.24,8,744,280,155,buy,Y
P001992,SKU-FAS-001992,Fasteners Product 01992,raw_material,fasteners,EA,57.74,81.73,8,385,740,400,buy,Y
P001993,SKU-STE-001993,Steel Product 01993,raw_material,steel,EA,150.53,188.42,22,1049,3004,18,buy,Y
P001994,SKU-PLA-001994,Plastic Product 01994,raw_material,plastic,EA,98.96,132.43,13,150,260,675,buy,Y
P001995,SKU-ELE-001995,Electronic Components Product 01995,packaging,electronic_components,EA,79.65,105.42,16,1022,2648,574,buy,Y
P001996,SKU-STE-001996,Steel Product 01996,raw_material,steel,EA,105.57,119.07,35,1017,2209,349,buy,Y
P001997,SKU-ALU-001997,Aluminium Product 01997,raw_material,aluminium,EA,15.67,18.06,34,1409,2033,292,buy,Y
P001998,SKU-PLA-001998,Plastic Product 01998,raw_material,plastic,EA,18.82,24.84,30,1153,2047,383,buy,Y
P001999,SKU-PAC-001999,Packaging Product 01999,raw_material,packaging,L,169.29,221.17,27,603,3207,460,buy,Y
P002000,SKU-ELE-002000,Electronic Components Product 02000,raw_material,electronic_components,EA,31.14,42.49,20,268,775,606,buy,Y
P002001,SKU-ALU-002001,Aluminium Product 02001,raw_material,aluminium,EA,54.78,60.2,5,1263,905,286,buy,Y
P002002,SKU-PLA-002002,Plastic Product 02002,raw_material,plastic,L,104.09,126.1,38,1432,3008,738,buy,Y
P002003,SKU-ALU-002003,Aluminium Product 02003,packaging,aluminium,EA,237.78,329.01,22,134,1803,213,buy,Y
P002004,SKU-ELE-002004,Electronic Components Product 02004,raw_material,electronic_components,EA,64.42,83.95,20,1038,738,271,buy,Y
P002005,SKU-ELE-002005,Electronic Components Product 02005,raw_material,electronic_components,KG,47.93,51.88,36,508,869,233,buy,Y
P002006,SKU-PLA-002006,Plastic Product 02006,packaging,plastic,KG,103.89,141.79,27,1286,1644,454,buy,Y
P002007,SKU-STE-002007,Steel Product 02007,packaging,steel,KG,148.18,206.48,29,1366,2999,121,buy,Y
P002008,SKU-STE-002008,Steel Product 02008,raw_material,steel,EA,90.47,121.21,30,247,1964,271,buy,Y
P002009,SKU-PLA-002009,Plastic Product 02009,raw_material,plastic,EA,17.15,19.96,17,545,1486,194,buy,Y
P002010,SKU-FAS-002010,Fasteners Product 02010,raw_material,fasteners,EA,155.49,172.82,18,1174,2525,140,buy,Y
P002011,SKU-ALU-002011,Aluminium Product 02011,raw_material,aluminium,EA,207.55,267.08,17,51,1970,313,buy,Y
P002012,SKU-PLA-002012,Plastic Product 02012,raw_material,plastic,L,64.91,77.03,4,573,2008,680,buy,Y
P002013,SKU-ALU-002013,Aluminium Product 02013,raw_material,aluminium,EA,41.37,58.73,27,1374,3221,208,buy,Y
P002014,SKU-PLA-002014,Plastic Product 02014,raw_material,plastic,L,191.93,252.42,17,424,514,716,buy,Y
P002015,SKU-PLA-002015,Plastic Product 02015,raw_material,plastic,KG,16.9,19.53,13,412,3330,109,buy,Y
P002016,SKU-STE-002016,Steel Product 02016,raw_material,steel,KG,39.84,52.62,7,151,3493,293,buy,Y
P002017,SKU-PAC-002017,Packaging Product 02017,raw_material,packaging,KG,158.45,198.53,32,463,1061,245,buy,Y
P002018,SKU-FAS-002018,Fasteners Product 02018,raw_material,fasteners,EA,30.77,37.32,27,1146,1361,612,buy,Y
P002019,SKU-ELE-002019,Electronic Components Product 02019,raw_material,electronic_components,EA,72.27,104.63,25,699,248,557,buy,Y
P002020,SKU-ALU-002020,Aluminium Product 02020,raw_material,aluminium,EA,169.84,204.83,4,909,670,22,buy,Y
P002021,SKU-PLA-002021,Plastic Product 02021,raw_material,plastic,EA,23.73,30.94,9,427,2559,653,buy,Y
P002022,SKU-FAS-002022,Fasteners Product 02022,raw_material,fasteners,EA,84.09,100.69,23,471,187,307,buy,Y
P002023,SKU-PAC-002023,Packaging Product 02023,raw_material,packaging,EA,21.91,25.2,5,757,2157,44,buy,Y
P002024,SKU-FAS-002024,Fasteners Product 02024,raw_material,fasteners,EA,105.9,120.55,28,189,654,351,buy,Y
P002025,SKU-ALU-002025,Aluminium Product 02025,raw_material,aluminium,EA,100.13,112.35,16,656,2323,189,buy,Y
P002026,SKU-PLA-002026,Plastic Product 02026,raw_material,plastic,EA,41.25,58.59,26,568,1910,108,buy,Y
P002027,SKU-COP-002027,Copper Product 02027,raw_material,copper,EA,73.65,80.8,10,292,1615,672,buy,Y
P002028,SKU-PLA-002028,Plastic Product 02028,raw_material,plastic,L,73.75,95.28,8,272,2516,281,buy,Y
P002029,SKU-PLA-002029,Plastic Product 02029,raw_material,plastic,EA,48.45,54.65,20,1211,3014,394,buy,Y
P002030,SKU-FAS-002030,Fasteners Product 02030,raw_material,fasteners,KG,102.63,139.56,31,877,2514,500,buy,Y
P002031,SKU-FAS-002031,Fasteners Product 02031,raw_material,fasteners,EA,30.67,34.37,23,866,3193,606,buy,Y
P002032,SKU-ELE-002032,Electronic Components Product 02032,raw_material,electronic_components,EA,155.54,209.88,28,197,610,771,buy,Y
P002033,SKU-STE-002033,Steel Product 02033,raw_material,steel,EA,17.22,19.88,14,495,2069,795,buy,Y
P002034,SKU-ALU-002034,Aluminium Product 02034,packaging,aluminium,EA,348.51,430.84,18,1344,140,122,buy,Y
P002035,SKU-ALU-002035,Aluminium Product 02035,raw_material,aluminium,EA,189.17,244.06,34,1220,358,142,buy,Y
P002036,SKU-PLA-002036,Plastic Product 02036,raw_material,plastic,KG,16.03,18.91,31,1173,834,189,buy,Y
P002037,SKU-ELE-002037,Electronic Components Product 02037,raw_material,electronic_components,M,12.45,16.72,31,1072,1586,30,buy,Y
P002038,SKU-ALU-002038,Aluminium Product 02038,raw_material,aluminium,EA,53.19,76.3,29,913,3433,489,buy,Y
P002039,SKU-ELE-002039,Electronic Components Product 02039,raw_material,electronic_components,EA,79.88,115.74,30,1150,2776,58,buy,Y
P002040,SKU-ELE-002040,Electronic Components Product 02040,raw_material,electronic_components,EA,25.28,30.96,36,724,1522,308,buy,Y
P002041,SKU-ELE-002041,Electronic Components Product 02041,raw_material,electronic_components,KG,38.67,55.08,19,478,297,63,buy,Y
P002042,SKU-ALU-002042,Aluminium Product 02042,raw_material,aluminium,KG,60.77,72.12,22,182,2486,775,buy,Y
P002043,SKU-PAC-002043,Packaging Product 02043,raw_material,packaging,EA,371.84,468.49,37,1427,2621,431,buy,Y
P002044,SKU-FAS-002044,Fasteners Product 02044,raw_material,fasteners,EA,27.47,31.79,22,45,3075,762,buy,Y
P002045,SKU-ELE-002045,Electronic Components Product 02045,raw_material,electronic_components,KG,99.26,108.89,26,439,3334,36,buy,Y
P002046,SKU-ALU-002046,Aluminium Product 02046,raw_material,aluminium,EA,13.08,14.56,37,131,189,232,buy,Y
P002047,SKU-PLA-002047,Plastic Product 02047,raw_material,plastic,EA,36.14,41.72,33,1030,3124,123,buy,Y
P002048,SKU-PLA-002048,Plastic Product 02048,raw_material,plastic,M,115.25,158.49,30,518,2293,42,buy,Y
P002049,SKU-COP-002049,Copper Product 02049,raw_material,copper,EA,88.82,121.14,5,343,1106,586,buy,Y
P002050,SKU-ALU-002050,Aluminium Product 02050,raw_material,aluminium,EA,71.72,81.49,25,366,416,204,buy,Y
P002051,SKU-STE-002051,Steel Product 02051,raw_material,steel,EA,22.77,27.22,30,624,2768,359,buy,Y
P002052,SKU-FAS-002052,Fasteners Product 02052,raw_material,fasteners,M,121.5,147.76,24,362,1788,387,buy,Y
P002053,SKU-ELE-002053,Electronic Components Product 02053,raw_material,electronic_components,EA,55.98,78.55,13,1276,1468,604,buy,Y
P002054,SKU-PLA-002054,Plastic Product 02054,packaging,plastic,EA,70.57,99.35,35,1178,3192,735,buy,Y
P002055,SKU-ALU-002055,Aluminium Product 02055,packaging,aluminium,EA,200.03,252.26,10,23,2620,318,buy,Y
P002056,SKU-ALU-002056,Aluminium Product 02056,raw_material,aluminium,EA,48.56,57.95,22,928,208,85,buy,Y
P002057,SKU-ALU-002057,Aluminium Product 02057,raw_material,aluminium,M,290.22,337.87,22,233,1677,612,buy,Y
P002058,SKU-STE-002058,Steel Product 02058,raw_material,steel,L,19.15,27.52,33,543,236,148,buy,Y
P002059,SKU-ELE-002059,Electronic Components Product 02059,raw_material,electronic_components,EA,63.34,77.39,20,461,778,712,buy,Y
P002060,SKU-ALU-002060,Aluminium Product 02060,packaging,aluminium,KG,148.8,193.29,27,1361,971,228,buy,Y
P002061,SKU-FAS-002061,Fasteners Product 02061,raw_material,fasteners,EA,50.81,73.23,21,1441,362,255,buy,Y
P002062,SKU-ELE-002062,Electronic Components Product 02062,raw_material,electronic_components,EA,38.82,55.55,25,1367,1066,244,buy,Y
P002063,SKU-ALU-002063,Aluminium Product 02063,packaging,aluminium,EA,351.41,505.08,14,99,3304,30,buy,Y
P002064,SKU-FAS-002064,Fasteners Product 02064,packaging,fasteners,KG,93.78,111.03,15,981,1212,497,buy,Y
P002065,SKU-ALU-002065,Aluminium Product 02065,raw_material,aluminium,KG,19.92,23.03,10,1034,2849,592,buy,Y
P002066,SKU-STE-002066,Steel Product 02066,raw_material,steel,EA,75.57,96.83,31,1133,1969,238,buy,Y
P002067,SKU-PLA-002067,Plastic Product 02067,raw_material,plastic,KG,16.69,23.14,35,1260,3211,443,buy,Y
P002068,SKU-PLA-002068,Plastic Product 02068,raw_material,plastic,KG,143.2,192.99,10,1082,1080,122,buy,Y
P002069,SKU-COP-002069,Copper Product 02069,raw_material,copper,L,35.43,47.7,19,1408,2717,665,buy,Y
P002070,SKU-ALU-002070,Aluminium Product 02070,raw_material,aluminium,L,199.42,271.72,27,691,343,597,buy,Y
P002071,SKU-COP-002071,Copper Product 02071,raw_material,copper,EA,39.76,47.08,32,681,124,291,buy,Y
P002072,SKU-FAS-002072,Fasteners Product 02072,raw_material,fasteners,EA,68.11,82.97,19,1207,3154,625,buy,Y
P002073,SKU-ELE-002073,Electronic Components Product 02073,packaging,electronic_components,KG,133.51,185.97,25,365,373,69,buy,Y
P002074,SKU-STE-002074,Steel Product 02074,packaging,steel,EA,38.38,46.95,32,853,3440,665,buy,Y
P002075,SKU-ELE-002075,Electronic Components Product 02075,raw_material,electronic_components,EA,238.97,271.35,12,273,1764,532,buy,Y
P002076,SKU-FAS-002076,Fasteners Product 02076,raw_material,fasteners,KG,83.87,99.84,18,982,2665,26,buy,Y
P002077,SKU-PAC-002077,Packaging Product 02077,packaging,packaging,EA,22.84,29.16,7,1024,467,731,buy,Y
P002078,SKU-STE-002078,Steel Product 02078,raw_material,steel,M,86.81,120.94,32,682,1619,326,buy,Y
P002079,SKU-STE-002079,Steel Product 02079,raw_material,steel,EA,127.25,155.13,15,315,3132,586,buy,Y
P002080,SKU-PLA-002080,Plastic Product 02080,raw_material,plastic,EA,38.08,42.12,15,331,1217,397,buy,Y
P002081,SKU-COP-002081,Copper Product 02081,raw_material,copper,EA,80.6,94.48,25,817,2927,639,buy,Y
P002082,SKU-STE-002082,Steel Product 02082,raw_material,steel,EA,37.14,42.15,22,498,1603,500,buy,Y
P002083,SKU-ELE-002083,Electronic Components Product 02083,raw_material,electronic_components,EA,64.02,79.08,6,393,1954,744,buy,Y
P002084,SKU-FAS-002084,Fasteners Product 02084,raw_material,fasteners,EA,30.52,43.25,6,87,64,581,buy,Y
P002085,SKU-ELE-002085,Electronic Components Product 02085,raw_material,electronic_components,EA,106.28,149.65,6,228,271,665,buy,Y
P002086,SKU-PAC-002086,Packaging Product 02086,raw_material,packaging,EA,85.55,92.97,9,1473,610,468,buy,Y
P002087,SKU-PAC-002087,Packaging Product 02087,raw_material,packaging,EA,92.95,121.93,21,1095,1701,51,buy,Y
P002088,SKU-PLA-002088,Plastic Product 02088,raw_material,plastic,M,32.41,41.28,37,1167,1868,292,buy,Y
P002089,SKU-PLA-002089,Plastic Product 02089,packaging,plastic,KG,117.5,133.51,4,1425,3306,771,buy,Y
P002090,SKU-ALU-002090,Aluminium Product 02090,packaging,aluminium,EA,145.97,188.75,5,231,1086,460,buy,Y
P002091,SKU-PAC-002091,Packaging Product 02091,packaging,packaging,EA,64.56,89.78,13,451,2452,160,buy,Y
P002092,SKU-ALU-002092,Aluminium Product 02092,raw_material,aluminium,EA,78.51,113.12,29,472,3072,218,buy,Y
P002093,SKU-COP-002093,Copper Product 02093,raw_material,copper,EA,72.94,80.93,26,556,1761,657,buy,Y
P002094,SKU-FAS-002094,Fasteners Product 02094,raw_material,fasteners,KG,45.66,57.17,37,281,767,791,buy,Y
P002095,SKU-PLA-002095,Plastic Product 02095,raw_material,plastic,L,32.05,45.19,36,19,2972,519,buy,Y
P002096,SKU-PLA-002096,Plastic Product 02096,packaging,plastic,EA,117.88,137.35,10,525,480,439,buy,Y
P002097,SKU-PAC-002097,Packaging Product 02097,raw_material,packaging,EA,79.69,105.8,28,1288,272,369,buy,Y
P002098,SKU-FAS-002098,Fasteners Product 02098,raw_material,fasteners,KG,45.28,53.68,38,259,1309,480,buy,Y
P002099,SKU-PLA-002099,Plastic Product 02099,raw_material,plastic,EA,44.8,59.82,19,1483,1011,17,buy,Y
P002100,SKU-PLA-002100,Plastic Product 02100,raw_material,plastic,EA,209.36,254.94,29,1276,131,467,buy,Y
P002101,SKU-STE-002101,Steel Product 02101,raw_material,steel,KG,57.22,67.12,16,91,739,404,buy,Y
P002102,SKU-ELE-002102,Electronic Components Product 02102,raw_material,electronic_components,EA,73.72,94.26,21,1100,922,330,buy,Y
P002103,SKU-STE-002103,Steel Product 02103,raw_material,steel,M,92.8,118.31,19,1215,505,228,buy,Y
P002104,SKU-ALU-002104,Aluminium Product 02104,raw_material,aluminium,EA,31.83,36.25,23,1359,2920,349,buy,Y
P002105,SKU-STE-002105,Steel Product 02105,raw_material,steel,KG,143.69,196.21,32,574,380,500,buy,Y
P002106,SKU-ELE-002106,Electronic Components Product 02106,raw_material,electronic_components,M,60.45,82.02,7,608,1939,282,buy,Y
P002107,SKU-PAC-002107,Packaging Product 02107,packaging,packaging,KG,80.81,103.01,20,329,3475,354,buy,Y
P002108,SKU-ELE-002108,Electronic Components Product 02108,raw_material,electronic_components,EA,41.11,49.8,29,771,3376,356,buy,Y
P002109,SKU-ALU-002109,Aluminium Product 02109,raw_material,aluminium,EA,86.4,111.7,28,1222,625,544,buy,Y
P002110,SKU-PLA-002110,Plastic Product 02110,raw_material,plastic,KG,82.67,107.63,6,957,414,792,buy,Y
P002111,SKU-FAS-002111,Fasteners Product 02111,raw_material,fasteners,EA,19.29,20.9,9,1147,2614,317,buy,Y
P002112,SKU-ELE-002112,Electronic Components Product 02112,raw_material,electronic_components,M,53.67,61.92,4,1181,2643,689,buy,Y
P002113,SKU-STE-002113,Steel Product 02113,raw_material,steel,EA,69.69,86.53,16,815,2697,488,buy,Y
P002114,SKU-COP-002114,Copper Product 02114,raw_material,copper,EA,32.63,46.59,9,1220,64,118,buy,Y
P002115,SKU-FAS-002115,Fasteners Product 02115,raw_material,fasteners,L,29.85,33.13,6,490,2845,77,buy,Y
P002116,SKU-ALU-002116,Aluminium Product 02116,raw_material,aluminium,M,45.95,51.55,32,387,381,184,buy,Y
P002117,SKU-PLA-002117,Plastic Product 02117,raw_material,plastic,EA,60.93,81.59,34,1074,339,596,buy,Y
P002118,SKU-FAS-002118,Fasteners Product 02118,raw_material,fasteners,EA,28.73,36.16,10,198,1672,203,buy,Y
P002119,SKU-FAS-002119,Fasteners Product 02119,raw_material,fasteners,EA,254.48,334.96,36,1351,3285,581,buy,Y
P002120,SKU-FAS-002120,Fasteners Product 02120,raw_material,fasteners,L,22.72,27.69,32,163,2744,245,buy,Y
P002121,SKU-PAC-002121,Packaging Product 02121,raw_material,packaging,EA,67.59,87.95,28,1281,2673,640,buy,Y
P002122,SKU-PAC-002122,Packaging Product 02122,packaging,packaging,KG,39.41,52.75,36,712,1300,697,buy,Y
P002123,SKU-STE-002123,Steel Product 02123,raw_material,steel,EA,28.89,40.16,19,257,1765,702,buy,Y
P002124,SKU-STE-002124,Steel Product 02124,raw_material,steel,L,74.81,88.25,6,1038,2729,243,buy,Y
P002125,SKU-ELE-002125,Electronic Components Product 02125,raw_material,electronic_components,KG,302.37,385.01,25,306,617,530,buy,Y
P002126,SKU-FAS-002126,Fasteners Product 02126,raw_material,fasteners,EA,41.43,52.38,11,692,2762,121,buy,Y
P002127,SKU-ELE-002127,Electronic Components Product 02127,raw_material,electronic_components,KG,148.43,208.39,27,663,672,133,buy,Y
P002128,SKU-ALU-002128,Aluminium Product 02128,raw_material,aluminium,EA,53.32,76.36,13,1195,1243,358,buy,Y
P002129,SKU-STE-002129,Steel Product 02129,raw_material,steel,EA,133.67,168.08,21,990,2138,767,buy,Y
P002130,SKU-FAS-002130,Fasteners Product 02130,raw_material,fasteners,EA,51.35,67.33,29,167,1782,540,buy,Y
P002131,SKU-FAS-002131,Fasteners Product 02131,raw_material,fasteners,M,83.15,103.72,35,1106,818,512,buy,Y
P002132,SKU-PLA-002132,Plastic Product 02132,raw_material,plastic,EA,47.68,62.8,36,800,959,163,buy,Y
P002133,SKU-PAC-002133,Packaging Product 02133,packaging,packaging,EA,8.0,9.92,32,1313,3436,476,buy,Y
P002134,SKU-STE-002134,Steel Product 02134,raw_material,steel,EA,17.0,22.01,21,1004,322,192,buy,Y
P002135,SKU-ELE-002135,Electronic Components Product 02135,raw_material,electronic_components,EA,156.49,192.46,8,195,2656,622,buy,Y
P002136,SKU-ELE-002136,Electronic Components Product 02136,packaging,electronic_components,M,187.49,270.99,28,1122,1344,431,buy,Y
P002137,SKU-STE-002137,Steel Product 02137,raw_material,steel,EA,85.66,119.68,37,874,466,748,buy,Y
P002138,SKU-PAC-002138,Packaging Product 02138,packaging,packaging,EA,138.94,197.33,22,795,1720,183,buy,Y
P002139,SKU-PLA-002139,Plastic Product 02139,raw_material,plastic,EA,39.56,57.33,22,184,1791,745,buy,Y
P002140,SKU-ALU-002140,Aluminium Product 02140,raw_material,aluminium,EA,269.09,319.45,18,1299,657,199,buy,Y
P002141,SKU-PAC-002141,Packaging Product 02141,raw_material,packaging,EA,97.21,126.21,29,902,748,780,buy,Y
P002142,SKU-COP-002142,Copper Product 02142,raw_material,copper,EA,117.33,159.31,33,349,298,686,buy,Y
P002143,SKU-FAS-002143,Fasteners Product 02143,packaging,fasteners,KG,171.35,190.32,24,1424,2399,711,buy,Y
P002144,SKU-COP-002144,Copper Product 02144,raw_material,copper,EA,113.08,144.2,31,556,1996,669,buy,Y
P002145,SKU-PAC-002145,Packaging Product 02145,packaging,packaging,EA,88.07,127.11,23,275,627,104,buy,Y
P002146,SKU-FAS-002146,Fasteners Product 02146,raw_material,fasteners,EA,66.07,76.62,8,67,1361,618,buy,Y
P002147,SKU-ALU-002147,Aluminium Product 02147,raw_material,aluminium,EA,92.99,121.42,36,1227,169,739,buy,Y
P002148,SKU-PLA-002148,Plastic Product 02148,raw_material,plastic,EA,33.35,42.26,22,1114,568,51,buy,Y
P002149,SKU-FAS-002149,Fasteners Product 02149,raw_material,fasteners,EA,126.27,174.35,13,825,2835,764,buy,Y
P002150,SKU-ELE-002150,Electronic Components Product 02150,raw_material,electronic_components,EA,116.33,138.58,13,794,1336,749,buy,Y
P002151,SKU-STE-002151,Steel Product 02151,raw_material,steel,KG,32.01,35.35,11,1253,3057,417,buy,Y
P002152,SKU-STE-002152,Steel Product 02152,raw_material,steel,EA,35.92,41.23,22,1096,794,727,buy,Y
P002153,SKU-PAC-002153,Packaging Product 02153,raw_material,packaging,EA,66.41,75.9,12,540,1484,744,buy,Y
P002154,SKU-ALU-002154,Aluminium Product 02154,raw_material,aluminium,EA,129.18,165.27,23,59,2250,428,buy,Y
P002155,SKU-ELE-002155,Electronic Components Product 02155,raw_material,electronic_components,KG,55.7,70.48,5,1379,2757,178,buy,Y
P002156,SKU-STE-002156,Steel Product 02156,packaging,steel,EA,86.75,125.39,38,924,1872,46,buy,Y
P002157,SKU-STE-002157,Steel Product 02157,raw_material,steel,KG,175.78,225.74,13,1255,1051,22,buy,Y
P002158,SKU-ALU-002158,Aluminium Product 02158,raw_material,aluminium,KG,66.21,73.7,14,873,1720,82,buy,Y
P002159,SKU-STE-002159,Steel Product 02159,raw_material,steel,EA,15.26,20.48,38,925,2114,74,buy,Y
P002160,SKU-PLA-002160,Plastic Product 02160,raw_material,plastic,EA,64.78,75.5,18,1340,153,398,buy,Y
P002161,SKU-PAC-002161,Packaging Product 02161,raw_material,packaging,M,141.33,173.79,26,403,1699,152,buy,Y
P002162,SKU-ELE-002162,Electronic Components Product 02162,raw_material,electronic_components,EA,71.19,94.88,32,951,897,800,buy,Y
P002163,SKU-COP-002163,Copper Product 02163,raw_material,copper,EA,59.42,72.31,12,970,989,171,buy,Y
P002164,SKU-ALU-002164,Aluminium Product 02164,raw_material,aluminium,EA,101.67,129.72,19,777,246,117,buy,Y
P002165,SKU-COP-002165,Copper Product 02165,raw_material,copper,EA,41.26,49.99,11,1418,2528,446,buy,Y
P002166,SKU-STE-002166,Steel Product 02166,raw_material,steel,KG,36.99,48.54,12,1021,413,84,buy,Y
P002167,SKU-ELE-002167,Electronic Components Product 02167,raw_material,electronic_components,EA,125.64,168.82,35,1203,1644,708,buy,Y
P002168,SKU-ALU-002168,Aluminium Product 02168,raw_material,aluminium,L,119.51,166.37,26,814,2256,765,buy,Y
P002169,SKU-COP-002169,Copper Product 02169,raw_material,copper,EA,164.88,206.72,15,930,3439,113,buy,Y
P002170,SKU-ALU-002170,Aluminium Product 02170,raw_material,aluminium,EA,39.24,54.22,25,652,1304,774,buy,Y
P002171,SKU-ALU-002171,Aluminium Product 02171,packaging,aluminium,EA,24.06,30.47,35,127,979,620,buy,Y
P002172,SKU-FAS-002172,Fasteners Product 02172,raw_material,fasteners,EA,61.91,84.21,27,1238,2006,566,buy,Y
P002173,SKU-PAC-002173,Packaging Product 02173,packaging,packaging,EA,86.84,122.6,25,444,2295,70,buy,Y
P002174,SKU-COP-002174,Copper Product 02174,raw_material,copper,L,73.5,96.42,34,226,78,647,buy,Y
P002175,SKU-PLA-002175,Plastic Product 02175,raw_material,plastic,KG,56.85,65.19,9,1218,2095,583,buy,Y
P002176,SKU-PLA-002176,Plastic Product 02176,raw_material,plastic,EA,89.26,119.76,19,267,1942,370,buy,Y
P002177,SKU-ELE-002177,Electronic Components Product 02177,raw_material,electronic_components,KG,47.3,63.48,25,620,1318,172,buy,Y
P002178,SKU-PAC-002178,Packaging Product 02178,packaging,packaging,EA,261.06,296.0,5,415,215,554,buy,Y
P002179,SKU-PAC-002179,Packaging Product 02179,raw_material,packaging,EA,37.99,47.79,8,606,2028,665,buy,Y
P002180,SKU-COP-002180,Copper Product 02180,raw_material,copper,EA,136.43,196.75,18,628,1457,394,buy,Y
P002181,SKU-FAS-002181,Fasteners Product 02181,raw_material,fasteners,EA,42.81,59.42,7,676,257,488,buy,Y
P002182,SKU-STE-002182,Steel Product 02182,raw_material,steel,EA,68.09,87.7,29,838,3277,674,buy,Y
P002183,SKU-PLA-002183,Plastic Product 02183,raw_material,plastic,EA,85.79,121.14,36,1146,842,745,buy,Y
P002184,SKU-COP-002184,Copper Product 02184,raw_material,copper,KG,27.59,33.1,7,127,1983,261,buy,Y
P002185,SKU-PLA-002185,Plastic Product 02185,raw_material,plastic,EA,79.74,99.97,11,1340,2438,162,buy,Y
P002186,SKU-COP-002186,Copper Product 02186,raw_material,copper,EA,69.66,88.02,15,931,1269,661,buy,Y
P002187,SKU-PAC-002187,Packaging Product 02187,raw_material,packaging,EA,78.18,106.03,11,311,3282,767,buy,Y
P002188,SKU-PLA-002188,Plastic Product 02188,raw_material,plastic,EA,61.6,67.09,34,181,2923,312,buy,Y
P002189,SKU-PAC-002189,Packaging Product 02189,packaging,packaging,EA,105.07,126.71,22,932,951,582,buy,Y
P002190,SKU-ELE-002190,Electronic Components Product 02190,raw_material,electronic_components,EA,65.52,88.23,36,823,2885,424,buy,Y
P002191,SKU-ELE-002191,Electronic Components Product 02191,packaging,electronic_components,M,189.86,242.53,19,944,3328,107,buy,Y
P002192,SKU-ALU-002192,Aluminium Product 02192,raw_material,aluminium,EA,195.7,258.5,17,762,1160,494,buy,Y
P002193,SKU-PLA-002193,Plastic Product 02193,raw_material,plastic,EA,847.94,1198.96,4,943,2918,553,buy,Y
P002194,SKU-STE-002194,Steel Product 02194,raw_material,steel,EA,58.24,73.4,25,1357,3289,401,buy,Y
P002195,SKU-STE-002195,Steel Product 02195,raw_material,steel,M,150.33,200.1,15,751,1237,80,buy,Y
P002196,SKU-ALU-002196,Aluminium Product 02196,packaging,aluminium,KG,86.86,103.15,34,437,3267,688,buy,Y
P002197,SKU-ALU-002197,Aluminium Product 02197,packaging,aluminium,EA,10.27,14.69,34,1121,1461,694,buy,Y
P002198,SKU-STE-002198,Steel Product 02198,raw_material,steel,EA,124.91,160.43,31,331,1607,662,buy,Y
P002199,SKU-FAS-002199,Fasteners Product 02199,raw_material,fasteners,KG,108.37,138.63,20,769,2548,54,buy,Y
P002200,SKU-ELE-002200,Electronic Components Product 02200,raw_material,electronic_components,EA,173.81,211.19,27,1325,2669,697,buy,Y
P002201,SKU-ALU-002201,Aluminium Product 02201,raw_material,aluminium,EA,116.92,130.88,12,568,1312,793,buy,Y
P002202,SKU-STE-002202,Steel Product 02202,packaging,steel,EA,46.32,54.47,24,890,2573,429,buy,Y
P002203,SKU-ELE-002203,Electronic Components Product 02203,raw_material,electronic_components,EA,342.13,460.7,35,1083,1163,447,buy,Y
P002204,SKU-PLA-002204,Plastic Product 02204,raw_material,plastic,EA,25.89,34.23,33,722,1079,346,buy,Y
P002205,SKU-PLA-002205,Plastic Product 02205,raw_material,plastic,EA,111.3,146.23,9,1145,2192,198,buy,Y
P002206,SKU-ELE-002206,Electronic Components Product 02206,raw_material,electronic_components,EA,98.79,111.84,15,992,738,218,buy,Y
P002207,SKU-ALU-002207,Aluminium Product 02207,packaging,aluminium,EA,126.04,147.53,26,86,2015,404,buy,Y
P002208,SKU-STE-002208,Steel Product 02208,raw_material,steel,EA,58.09,82.31,9,705,1204,753,buy,Y
P002209,SKU-COP-002209,Copper Product 02209,raw_material,copper,M,117.3,146.46,33,51,2982,693,buy,Y
P002210,SKU-FAS-002210,Fasteners Product 02210,packaging,fasteners,EA,85.49,122.2,13,229,1517,697,buy,Y
P002211,SKU-PAC-002211,Packaging Product 02211,raw_material,packaging,EA,88.86,107.65,24,1408,3329,466,buy,Y
P002212,SKU-ALU-002212,Aluminium Product 02212,packaging,aluminium,EA,184.26,207.25,22,368,2274,362,buy,Y
P002213,SKU-STE-002213,Steel Product 02213,raw_material,steel,EA,79.6,95.07,34,433,2841,44,buy,Y
P002214,SKU-STE-002214,Steel Product 02214,raw_material,steel,KG,20.19,25.96,7,1400,3328,72,buy,Y
P002215,SKU-STE-002215,Steel Product 02215,raw_material,steel,EA,20.96,27.79,20,1429,3240,626,buy,Y
P002216,SKU-ELE-002216,Electronic Components Product 02216,raw_material,electronic_components,EA,159.24,203.62,37,270,2700,634,buy,Y
P002217,SKU-PLA-002217,Plastic Product 02217,raw_material,plastic,EA,77.17,88.61,9,256,1641,650,buy,Y
P002218,SKU-STE-002218,Steel Product 02218,raw_material,steel,EA,89.4,123.61,18,1051,1225,328,buy,Y
P002219,SKU-PLA-002219,Plastic Product 02219,raw_material,plastic,EA,82.06,106.69,4,267,3096,127,buy,Y
P002220,SKU-PLA-002220,Plastic Product 02220,raw_material,plastic,EA,93.24,114.73,11,258,437,709,buy,Y
P002221,SKU-FAS-002221,Fasteners Product 02221,raw_material,fasteners,EA,62.84,68.15,22,52,1085,188,buy,Y
P002222,SKU-PLA-002222,Plastic Product 02222,raw_material,plastic,EA,52.83,70.78,11,208,703,353,buy,Y
P002223,SKU-ELE-002223,Electronic Components Product 02223,packaging,electronic_components,EA,102.05,118.07,9,616,162,197,buy,Y
P002224,SKU-ELE-002224,Electronic Components Product 02224,raw_material,electronic_components,EA,27.22,34.53,8,714,404,333,buy,Y
P002225,SKU-COP-002225,Copper Product 02225,raw_material,copper,M,41.35,56.8,4,1209,1574,800,buy,Y
P002226,SKU-PLA-002226,Plastic Product 02226,raw_material,plastic,KG,30.57,44.3,28,1458,2976,288,buy,Y
P002227,SKU-FAS-002227,Fasteners Product 02227,raw_material,fasteners,EA,31.62,37.63,31,315,373,243,buy,Y
P002228,SKU-STE-002228,Steel Product 02228,raw_material,steel,KG,464.73,641.39,4,1206,2819,584,buy,Y
P002229,SKU-ALU-002229,Aluminium Product 02229,raw_material,aluminium,EA,39.47,50.6,21,341,3401,36,buy,Y
P002230,SKU-ALU-002230,Aluminium Product 02230,packaging,aluminium,M,69.94,88.12,14,1359,2518,737,buy,Y
P002231,SKU-ALU-002231,Aluminium Product 02231,raw_material,aluminium,EA,129.18,181.34,16,480,1530,703,buy,Y
P002232,SKU-PLA-002232,Plastic Product 02232,raw_material,plastic,EA,219.88,276.9,25,1484,2871,480,buy,Y
P002233,SKU-STE-002233,Steel Product 02233,raw_material,steel,EA,66.98,94.13,37,1483,1401,787,buy,Y
P002234,SKU-ALU-002234,Aluminium Product 02234,raw_material,aluminium,EA,31.97,43.68,31,1187,1762,575,buy,Y
P002235,SKU-ALU-002235,Aluminium Product 02235,raw_material,aluminium,EA,505.45,612.86,24,176,2783,117,buy,Y
P002236,SKU-COP-002236,Copper Product 02236,raw_material,copper,EA,97.37,137.2,16,910,1880,586,buy,Y
P002237,SKU-PLA-002237,Plastic Product 02237,raw_material,plastic,KG,32.27,42.8,12,617,1527,557,buy,Y
P002238,SKU-ELE-002238,Electronic Components Product 02238,raw_material,electronic_components,EA,50.66,65.88,10,844,1261,247,buy,Y
P002239,SKU-ELE-002239,Electronic Components Product 02239,packaging,electronic_components,EA,366.94,525.74,15,162,2577,543,buy,Y
P002240,SKU-ALU-002240,Aluminium Product 02240,raw_material,aluminium,EA,62.72,75.04,30,635,2146,185,buy,Y
P002241,SKU-STE-002241,Steel Product 02241,raw_material,steel,EA,61.37,83.44,14,49,1646,300,buy,Y
P002242,SKU-ELE-002242,Electronic Components Product 02242,raw_material,electronic_components,EA,112.99,156.57,33,733,534,672,buy,Y
P002243,SKU-PLA-002243,Plastic Product 02243,raw_material,plastic,EA,75.1,101.61,13,1500,1979,180,buy,Y
P002244,SKU-FAS-002244,Fasteners Product 02244,raw_material,fasteners,M,50.45,62.67,12,366,3354,588,buy,Y
P002245,SKU-STE-002245,Steel Product 02245,raw_material,steel,EA,63.8,81.25,13,1459,2443,465,buy,Y
P002246,SKU-FAS-002246,Fasteners Product 02246,raw_material,fasteners,EA,40.26,56.47,29,1035,758,591,buy,Y
P002247,SKU-ELE-002247,Electronic Components Product 02247,raw_material,electronic_components,EA,221.04,270.04,14,532,2569,79,buy,Y
P002248,SKU-PAC-002248,Packaging Product 02248,raw_material,packaging,EA,46.91,64.1,37,301,348,402,buy,Y
P002249,SKU-ELE-002249,Electronic Components Product 02249,raw_material,electronic_components,EA,117.25,145.53,15,496,3143,30,buy,Y
P002250,SKU-ALU-002250,Aluminium Product 02250,raw_material,aluminium,EA,36.18,42.91,14,626,2739,28,buy,Y
P002251,SKU-ELE-002251,Electronic Components Product 02251,raw_material,electronic_components,EA,64.8,90.96,24,490,2104,504,buy,Y
P002252,SKU-ELE-002252,Electronic Components Product 02252,raw_material,electronic_components,EA,157.86,172.38,35,459,1350,166,buy,Y
P002253,SKU-PLA-002253,Plastic Product 02253,raw_material,plastic,L,99.54,125.75,16,854,943,391,buy,Y
P002254,SKU-PAC-002254,Packaging Product 02254,raw_material,packaging,EA,38.1,47.19,12,35,3169,363,buy,Y
P002255,SKU-ELE-002255,Electronic Components Product 02255,raw_material,electronic_components,EA,113.66,128.0,8,384,1050,472,buy,Y
P002256,SKU-STE-002256,Steel Product 02256,raw_material,steel,EA,74.24,99.65,27,983,1613,220,buy,Y
P002257,SKU-COP-002257,Copper Product 02257,raw_material,copper,EA,25.75,28.1,33,158,2536,273,buy,Y
P002258,SKU-FAS-002258,Fasteners Product 02258,raw_material,fasteners,EA,201.21,256.93,31,1437,2700,413,buy,Y
P002259,SKU-FAS-002259,Fasteners Product 02259,packaging,fasteners,L,26.56,38.28,23,805,3378,169,buy,Y
P002260,SKU-COP-002260,Copper Product 02260,packaging,copper,M,50.76,57.64,29,1018,3166,587,buy,Y
P002261,SKU-COP-002261,Copper Product 02261,packaging,copper,EA,191.96,237.84,9,1440,140,294,buy,Y
P002262,SKU-ELE-002262,Electronic Components Product 02262,raw_material,electronic_components,KG,58.12,72.73,20,1235,1265,401,buy,Y
P002263,SKU-FAS-002263,Fasteners Product 02263,raw_material,fasteners,EA,32.25,35.1,6,771,2525,558,buy,Y
P002264,SKU-STE-002264,Steel Product 02264,raw_material,steel,EA,90.84,102.54,31,767,492,297,buy,Y
P002265,SKU-PLA-002265,Plastic Product 02265,raw_material,plastic,EA,49.09,63.17,15,1059,169,54,buy,Y
P002266,SKU-STE-002266,Steel Product 02266,raw_material,steel,EA,196.56,255.45,38,1268,1967,426,buy,Y
P002267,SKU-STE-002267,Steel Product 02267,packaging,steel,EA,10.49,12.96,27,1291,1096,319,buy,Y
P002268,SKU-PLA-002268,Plastic Product 02268,packaging,plastic,EA,146.46,192.54,26,546,482,668,buy,Y
P002269,SKU-FAS-002269,Fasteners Product 02269,raw_material,fasteners,EA,49.73,66.39,22,1154,1833,642,buy,Y
P002270,SKU-PLA-002270,Plastic Product 02270,raw_material,plastic,M,260.44,299.61,29,772,1795,387,buy,Y
P002271,SKU-ELE-002271,Electronic Components Product 02271,raw_material,electronic_components,KG,16.54,18.84,30,1113,1116,364,buy,Y
P002272,SKU-PLA-002272,Plastic Product 02272,raw_material,plastic,EA,133.61,156.13,17,1226,3002,646,buy,Y
P002273,SKU-ALU-002273,Aluminium Product 02273,raw_material,aluminium,EA,54.42,73.75,18,1241,538,736,buy,Y
P002274,SKU-COP-002274,Copper Product 02274,raw_material,copper,KG,75.73,109.6,26,823,173,86,buy,Y
P002275,SKU-COP-002275,Copper Product 02275,raw_material,copper,L,50.62,60.58,11,358,437,672,buy,Y
P002276,SKU-STE-002276,Steel Product 02276,raw_material,steel,EA,622.74,897.02,13,378,2731,258,buy,Y
P002277,SKU-COP-002277,Copper Product 02277,raw_material,copper,L,37.9,49.72,27,704,45,527,buy,Y
P002278,SKU-STE-002278,Steel Product 02278,raw_material,steel,EA,22.64,32.12,8,56,2161,690,buy,Y
P002279,SKU-STE-002279,Steel Product 02279,raw_material,steel,M,82.39,99.45,7,191,3411,404,buy,Y
P002280,SKU-FAS-002280,Fasteners Product 02280,raw_material,fasteners,EA,12.44,17.43,7,1122,237,580,buy,Y
P002281,SKU-PAC-002281,Packaging Product 02281,raw_material,packaging,EA,57.72,75.15,19,1309,2987,76,buy,Y
P002282,SKU-PLA-002282,Plastic Product 02282,packaging,plastic,EA,31.59,40.98,34,1430,1717,341,buy,Y
P002283,SKU-STE-002283,Steel Product 02283,raw_material,steel,EA,298.68,341.99,30,1212,888,707,buy,Y
P002284,SKU-STE-002284,Steel Product 02284,raw_material,steel,KG,50.09,59.63,7,1247,2117,660,buy,Y
P002285,SKU-FAS-002285,Fasteners Product 02285,raw_material,fasteners,M,72.83,96.5,35,989,60,711,buy,Y
P002286,SKU-FAS-002286,Fasteners Product 02286,raw_material,fasteners,EA,47.96,56.22,13,1125,2234,107,buy,Y
P002287,SKU-COP-002287,Copper Product 02287,raw_material,copper,EA,34.44,38.58,9,1340,3080,300,buy,Y
P002288,SKU-PAC-002288,Packaging Product 02288,raw_material,packaging,EA,91.65,123.31,34,995,3416,639,buy,Y
P002289,SKU-PAC-002289,Packaging Product 02289,packaging,packaging,M,121.18,151.91,38,1172,1800,528,buy,Y
P002290,SKU-STE-002290,Steel Product 02290,raw_material,steel,KG,152.48,202.22,7,1420,1586,511,buy,Y
P002291,SKU-FAS-002291,Fasteners Product 02291,raw_material,fasteners,EA,36.38,47.09,7,752,3303,748,buy,Y
P002292,SKU-ELE-002292,Electronic Components Product 02292,raw_material,electronic_components,EA,72.48,93.05,13,599,2475,71,buy,Y
P002293,SKU-STE-002293,Steel Product 02293,raw_material,steel,KG,23.68,26.03,17,1347,348,518,buy,Y
P002294,SKU-PLA-002294,Plastic Product 02294,raw_material,plastic,KG,49.57,56.02,35,132,1319,215,buy,Y
P002295,SKU-ELE-002295,Electronic Components Product 02295,raw_material,electronic_components,EA,48.45,70.12,16,1478,2140,559,buy,Y
P002296,SKU-PLA-002296,Plastic Product 02296,raw_material,plastic,L,110.18,136.1,29,907,817,562,buy,Y
P002297,SKU-STE-002297,Steel Product 02297,raw_material,steel,EA,72.77,82.31,9,497,3113,627,buy,Y
P002298,SKU-COP-002298,Copper Product 02298,raw_material,copper,EA,104.53,149.66,37,815,1668,400,buy,Y
P002299,SKU-STE-002299,Steel Product 02299,raw_material,steel,KG,21.68,24.79,16,1485,669,414,buy,Y
P002300,SKU-PAC-002300,Packaging Product 02300,raw_material,packaging,EA,115.38,148.46,18,382,1102,374,buy,Y
P002301,SKU-ALU-002301,Aluminium Product 02301,raw_material,aluminium,EA,61.79,77.87,24,287,47,579,buy,Y
P002302,SKU-STE-002302,Steel Product 02302,raw_material,steel,EA,51.45,65.96,26,1112,664,73,buy,Y
P002303,SKU-FAS-002303,Fasteners Product 02303,raw_material,fasteners,KG,149.95,179.26,4,379,3479,516,buy,Y
P002304,SKU-PAC-002304,Packaging Product 02304,raw_material,packaging,EA,127.86,142.87,18,1156,2430,15,buy,Y
P002305,SKU-ELE-002305,Electronic Components Product 02305,raw_material,electronic_components,EA,25.19,29.79,17,1318,3344,374,buy,Y
P002306,SKU-PLA-002306,Plastic Product 02306,raw_material,plastic,EA,45.02,57.87,6,600,1151,54,buy,Y
P002307,SKU-STE-002307,Steel Product 02307,raw_material,steel,KG,121.61,175.04,10,15,3212,423,buy,Y
P002308,SKU-COP-002308,Copper Product 02308,raw_material,copper,EA,94.89,124.19,8,1473,2310,627,buy,Y
P002309,SKU-STE-002309,Steel Product 02309,packaging,steel,EA,82.76,95.57,30,234,1090,562,buy,Y
P002310,SKU-PAC-002310,Packaging Product 02310,raw_material,packaging,L,61.76,70.05,36,1241,314,498,buy,Y
P002311,SKU-ALU-002311,Aluminium Product 02311,raw_material,aluminium,EA,53.6,61.14,28,696,708,717,buy,Y
P002312,SKU-PAC-002312,Packaging Product 02312,raw_material,packaging,EA,21.82,30.22,38,1264,725,732,buy,Y
P002313,SKU-STE-002313,Steel Product 02313,raw_material,steel,EA,105.55,150.04,30,307,679,795,buy,Y
P002314,SKU-ELE-002314,Electronic Components Product 02314,raw_material,electronic_components,KG,25.19,34.68,10,926,1330,582,buy,Y
P002315,SKU-STE-002315,Steel Product 02315,raw_material,steel,EA,61.54,73.38,11,539,763,412,buy,Y
P002316,SKU-ELE-002316,Electronic Components Product 02316,packaging,electronic_components,EA,23.3,25.46,7,1252,960,475,buy,Y
P002317,SKU-PLA-002317,Plastic Product 02317,raw_material,plastic,EA,141.03,160.18,5,1215,2566,379,buy,Y
P002318,SKU-COP-002318,Copper Product 02318,raw_material,copper,EA,30.77,36.94,37,1194,2801,294,buy,Y
P002319,SKU-ALU-002319,Aluminium Product 02319,raw_material,aluminium,EA,56.84,75.27,22,827,3207,652,buy,Y
P002320,SKU-ELE-002320,Electronic Components Product 02320,raw_material,electronic_components,EA,24.97,32.84,13,773,3020,384,buy,Y
P002321,SKU-ELE-002321,Electronic Components Product 02321,raw_material,electronic_components,EA,49.13,59.65,26,938,1517,189,buy,Y
P002322,SKU-ELE-002322,Electronic Components Product 02322,raw_material,electronic_components,EA,11.41,16.01,20,1251,2638,746,buy,Y
P002323,SKU-STE-002323,Steel Product 02323,raw_material,steel,EA,64.96,84.86,34,1398,2490,155,buy,Y
P002324,SKU-ELE-002324,Electronic Components Product 02324,raw_material,electronic_components,KG,73.51,81.72,4,503,1365,336,buy,Y
P002325,SKU-PAC-002325,Packaging Product 02325,raw_material,packaging,L,42.73,50.89,33,656,525,390,buy,Y
P002326,SKU-PAC-002326,Packaging Product 02326,raw_material,packaging,EA,38.59,48.71,23,1003,2750,269,buy,Y
P002327,SKU-STE-002327,Steel Product 02327,packaging,steel,EA,53.33,66.45,18,360,3385,299,buy,Y
P002328,SKU-ELE-002328,Electronic Components Product 02328,raw_material,electronic_components,EA,171.64,185.83,33,1139,915,379,buy,Y
P002329,SKU-ELE-002329,Electronic Components Product 02329,raw_material,electronic_components,EA,77.33,84.14,25,883,2398,302,buy,Y
P002330,SKU-ELE-002330,Electronic Components Product 02330,raw_material,electronic_components,EA,47.55,62.77,4,603,2107,438,buy,Y
P002331,SKU-FAS-002331,Fasteners Product 02331,packaging,fasteners,EA,26.68,30.77,11,575,835,556,buy,Y
P002332,SKU-ELE-002332,Electronic Components Product 02332,raw_material,electronic_components,EA,113.06,137.26,10,491,1574,181,buy,Y
P002333,SKU-STE-002333,Steel Product 02333,raw_material,steel,EA,29.26,31.86,28,107,2366,142,buy,Y
P002334,SKU-STE-002334,Steel Product 02334,raw_material,steel,EA,129.91,185.57,26,523,322,555,buy,Y
P002335,SKU-ELE-002335,Electronic Components Product 02335,raw_material,electronic_components,EA,52.73,62.87,16,337,3355,19,buy,Y
P002336,SKU-PAC-002336,Packaging Product 02336,raw_material,packaging,EA,41.95,60.82,32,819,1722,643,buy,Y
P002337,SKU-STE-002337,Steel Product 02337,raw_material,steel,EA,57.77,63.25,11,52,3387,531,buy,Y
P002338,SKU-PAC-002338,Packaging Product 02338,raw_material,packaging,M,45.29,55.62,27,502,750,243,buy,Y
P002339,SKU-FAS-002339,Fasteners Product 02339,raw_material,fasteners,EA,98.1,116.45,38,1160,2920,229,buy,Y
P002340,SKU-STE-002340,Steel Product 02340,raw_material,steel,EA,118.81,141.25,32,430,2352,468,buy,Y
P002341,SKU-FAS-002341,Fasteners Product 02341,raw_material,fasteners,EA,99.06,142.08,11,1302,559,790,buy,Y
P002342,SKU-STE-002342,Steel Product 02342,raw_material,steel,EA,27.64,32.09,37,1219,540,673,buy,Y
P002343,SKU-PLA-002343,Plastic Product 02343,raw_material,plastic,EA,126.87,179.18,24,1108,1914,113,buy,Y
P002344,SKU-ELE-002344,Electronic Components Product 02344,raw_material,electronic_components,EA,43.11,55.69,23,454,1939,519,buy,Y
P002345,SKU-ALU-002345,Aluminium Product 02345,raw_material,aluminium,EA,78.68,111.07,38,1391,953,590,buy,Y
P002346,SKU-ELE-002346,Electronic Components Product 02346,raw_material,electronic_components,EA,122.35,167.06,29,497,238,453,buy,Y
P002347,SKU-ELE-002347,Electronic Components Product 02347,raw_material,electronic_components,EA,293.47,329.82,12,473,2827,174,buy,Y
P002348,SKU-ELE-002348,Electronic Components Product 02348,raw_material,electronic_components,KG,117.9,134.26,26,864,1751,434,buy,Y
P002349,SKU-PLA-002349,Plastic Product 02349,raw_material,plastic,KG,82.83,91.26,37,928,1850,687,buy,Y
P002350,SKU-ALU-002350,Aluminium Product 02350,packaging,aluminium,EA,44.61,58.47,30,175,3118,727,buy,Y
P002351,SKU-ALU-002351,Aluminium Product 02351,packaging,aluminium,EA,39.46,44.26,20,165,2989,183,buy,Y
P002352,SKU-PAC-002352,Packaging Product 02352,raw_material,packaging,M,30.26,36.03,36,889,922,155,buy,Y
P002353,SKU-ELE-002353,Electronic Components Product 02353,raw_material,electronic_components,L,57.69,68.07,4,608,1880,493,buy,Y
P002354,SKU-PAC-002354,Packaging Product 02354,raw_material,packaging,EA,60.75,75.83,13,276,2624,592,buy,Y
P002355,SKU-PLA-002355,Plastic Product 02355,packaging,plastic,KG,71.26,78.56,13,497,990,171,buy,Y
P002356,SKU-STE-002356,Steel Product 02356,raw_material,steel,EA,43.54,58.88,30,1045,264,705,buy,Y
P002357,SKU-PLA-002357,Plastic Product 02357,packaging,plastic,EA,98.36,137.37,6,1144,1912,719,buy,Y
P002358,SKU-ALU-002358,Aluminium Product 02358,raw_material,aluminium,EA,87.02,96.25,21,623,94,69,buy,Y
P002359,SKU-STE-002359,Steel Product 02359,raw_material,steel,EA,141.33,173.14,6,996,552,659,buy,Y
P002360,SKU-ALU-002360,Aluminium Product 02360,raw_material,aluminium,L,12.94,16.61,25,24,500,735,buy,Y
P002361,SKU-PLA-002361,Plastic Product 02361,packaging,plastic,EA,116.41,164.96,10,367,88,372,buy,Y
P002362,SKU-COP-002362,Copper Product 02362,raw_material,copper,EA,138.82,194.94,30,192,356,462,buy,Y
P002363,SKU-ELE-002363,Electronic Components Product 02363,raw_material,electronic_components,EA,90.75,114.02,19,1173,247,201,buy,Y
P002364,SKU-PLA-002364,Plastic Product 02364,raw_material,plastic,EA,49.19,68.26,32,1010,1451,505,buy,Y
P002365,SKU-ELE-002365,Electronic Components Product 02365,raw_material,electronic_components,EA,41.42,50.49,27,192,1437,385,buy,Y
P002366,SKU-PAC-002366,Packaging Product 02366,raw_material,packaging,EA,214.75,264.65,24,1247,1667,637,buy,Y
P002367,SKU-STE-002367,Steel Product 02367,raw_material,steel,M,33.76,46.86,4,275,1301,393,buy,Y
P002368,SKU-ELE-002368,Electronic Components Product 02368,raw_material,electronic_components,EA,53.29,62.48,6,765,3285,700,buy,Y
P002369,SKU-ELE-002369,Electronic Components Product 02369,raw_material,electronic_components,EA,52.69,71.81,14,704,2762,279,buy,Y
P002370,SKU-ELE-002370,Electronic Components Product 02370,raw_material,electronic_components,EA,751.06,918.15,35,1112,502,121,buy,Y
P002371,SKU-ALU-002371,Aluminium Product 02371,raw_material,aluminium,EA,27.39,35.34,36,835,2906,446,buy,Y
P002372,SKU-ALU-002372,Aluminium Product 02372,raw_material,aluminium,EA,21.29,27.74,27,1346,909,647,buy,Y
P002373,SKU-STE-002373,Steel Product 02373,raw_material,steel,L,80.3,98.94,31,920,2793,114,buy,Y
P002374,SKU-COP-002374,Copper Product 02374,raw_material,copper,EA,136.52,161.93,18,219,3483,71,buy,Y
P002375,SKU-COP-002375,Copper Product 02375,packaging,copper,EA,89.13,118.05,7,1054,1221,513,buy,Y
P002376,SKU-PLA-002376,Plastic Product 02376,raw_material,plastic,EA,71.08,82.29,10,526,731,22,buy,Y
P002377,SKU-ELE-002377,Electronic Components Product 02377,raw_material,electronic_components,L,61.34,71.31,4,235,786,343,buy,Y
P002378,SKU-ELE-002378,Electronic Components Product 02378,raw_material,electronic_components,EA,79.82,96.24,24,517,1254,474,buy,Y
P002379,SKU-ELE-002379,Electronic Components Product 02379,raw_material,electronic_components,EA,42.57,50.12,7,183,52,491,buy,Y
P002380,SKU-COP-002380,Copper Product 02380,raw_material,copper,M,41.11,52.88,11,615,1654,511,buy,Y
P002381,SKU-PLA-002381,Plastic Product 02381,raw_material,plastic,EA,73.7,102.3,36,1173,2092,192,buy,Y
P002382,SKU-ALU-002382,Aluminium Product 02382,packaging,aluminium,EA,52.73,60.12,5,297,2744,292,buy,Y
P002383,SKU-COP-002383,Copper Product 02383,packaging,copper,EA,41.37,54.88,27,450,1523,140,buy,Y
P002384,SKU-PAC-002384,Packaging Product 02384,packaging,packaging,EA,68.1,83.69,14,488,901,364,buy,Y
P002385,SKU-FAS-002385,Fasteners Product 02385,raw_material,fasteners,EA,61.96,71.94,11,1191,2024,296,buy,Y
P002386,SKU-COP-002386,Copper Product 02386,packaging,copper,KG,158.23,176.76,31,1369,1676,450,buy,Y
P002387,SKU-STE-002387,Steel Product 02387,raw_material,steel,EA,141.27,178.18,21,199,1889,734,buy,Y
P002388,SKU-FAS-002388,Fasteners Product 02388,raw_material,fasteners,EA,100.31,130.05,38,931,2561,166,buy,Y
P002389,SKU-PAC-002389,Packaging Product 02389,raw_material,packaging,L,95.56,134.22,9,1102,1649,712,buy,Y
P002390,SKU-STE-002390,Steel Product 02390,raw_material,steel,EA,79.89,86.83,4,881,2566,628,buy,Y
P002391,SKU-STE-002391,Steel Product 02391,raw_material,steel,KG,61.53,77.14,5,605,939,215,buy,Y
P002392,SKU-ELE-002392,Electronic Components Product 02392,raw_material,electronic_components,EA,27.6,39.55,38,1292,2247,343,buy,Y
P002393,SKU-ELE-002393,Electronic Components Product 02393,raw_material,electronic_components,EA,62.07,89.13,36,837,992,417,buy,Y
P002394,SKU-ELE-002394,Electronic Components Product 02394,raw_material,electronic_components,EA,90.61,122.78,21,1179,683,617,buy,Y
P002395,SKU-PLA-002395,Plastic Product 02395,raw_material,plastic,EA,203.32,247.76,31,580,1346,251,buy,Y
P002396,SKU-COP-002396,Copper Product 02396,raw_material,copper,L,68.32,81.25,24,1217,1899,455,buy,Y
P002397,SKU-ELE-002397,Electronic Components Product 02397,raw_material,electronic_components,EA,37.51,47.57,18,1455,2444,73,buy,Y
P002398,SKU-STE-002398,Steel Product 02398,raw_material,steel,EA,63.09,79.49,12,18,1666,96,buy,Y
P002399,SKU-ELE-002399,Electronic Components Product 02399,raw_material,electronic_components,KG,60.98,70.29,10,852,2951,753,buy,Y
P002400,SKU-ELE-002400,Electronic Components Product 02400,raw_material,electronic_components,EA,258.27,291.57,11,1137,1487,258,buy,Y
P002401,SKU-PLA-002401,Plastic Product 02401,raw_material,plastic,EA,204.49,242.63,23,993,338,793,buy,Y
P002402,SKU-PLA-002402,Plastic Product 02402,raw_material,plastic,EA,339.51,440.64,30,1468,169,775,buy,Y
P002403,SKU-ELE-002403,Electronic Components Product 02403,raw_material,electronic_components,EA,56.27,68.78,38,1064,518,209,buy,Y
P002404,SKU-FAS-002404,Fasteners Product 02404,packaging,fasteners,KG,62.84,81.53,10,1397,712,598,buy,Y
P002405,SKU-ELE-002405,Electronic Components Product 02405,packaging,electronic_components,M,246.66,306.87,35,161,1298,713,buy,Y
P002406,SKU-ALU-002406,Aluminium Product 02406,raw_material,aluminium,L,19.89,24.46,20,1114,676,86,buy,Y
P002407,SKU-PLA-002407,Plastic Product 02407,raw_material,plastic,EA,178.38,208.59,6,423,159,386,buy,Y
P002408,SKU-ALU-002408,Aluminium Product 02408,raw_material,aluminium,EA,77.82,112.56,26,673,2548,244,buy,Y
P002409,SKU-PAC-002409,Packaging Product 02409,packaging,packaging,EA,150.55,194.27,31,814,2291,473,buy,Y
P002410,SKU-FAS-002410,Fasteners Product 02410,raw_material,fasteners,L,60.57,83.64,7,623,111,662,buy,Y
P002411,SKU-PLA-002411,Plastic Product 02411,raw_material,plastic,EA,194.91,268.39,11,439,3169,390,buy,Y
P002412,SKU-FAS-002412,Fasteners Product 02412,raw_material,fasteners,EA,31.06,41.83,32,109,1314,113,buy,Y
P002413,SKU-PLA-002413,Plastic Product 02413,raw_material,plastic,EA,38.12,45.43,13,85,3357,98,buy,Y
P002414,SKU-STE-002414,Steel Product 02414,raw_material,steel,L,154.71,209.85,10,1401,1780,269,buy,Y
P002415,SKU-STE-002415,Steel Product 02415,raw_material,steel,EA,87.35,114.53,12,632,49,435,buy,Y
P002416,SKU-PAC-002416,Packaging Product 02416,raw_material,packaging,KG,45.53,49.63,18,897,3387,291,buy,Y
P002417,SKU-FAS-002417,Fasteners Product 02417,raw_material,fasteners,L,28.14,39.89,27,1033,162,639,buy,Y
P002418,SKU-PLA-002418,Plastic Product 02418,raw_material,plastic,EA,112.83,128.07,5,375,3131,397,buy,Y
P002419,SKU-FAS-002419,Fasteners Product 02419,raw_material,fasteners,EA,86.79,123.01,37,739,178,305,buy,Y
P002420,SKU-STE-002420,Steel Product 02420,packaging,steel,M,89.84,129.68,13,1109,177,486,buy,Y
P002421,SKU-ELE-002421,Electronic Components Product 02421,packaging,electronic_components,EA,13.05,15.75,34,196,2300,101,buy,Y
P002422,SKU-PLA-002422,Plastic Product 02422,raw_material,plastic,EA,79.26,112.34,28,731,3198,90,buy,Y
P002423,SKU-ALU-002423,Aluminium Product 02423,raw_material,aluminium,EA,20.26,24.37,7,566,2509,667,buy,Y
P002424,SKU-FAS-002424,Fasteners Product 02424,raw_material,fasteners,EA,27.4,31.09,27,238,227,725,buy,Y
P002425,SKU-ALU-002425,Aluminium Product 02425,packaging,aluminium,EA,39.99,55.38,4,1462,3193,280,buy,Y
P002426,SKU-PLA-002426,Plastic Product 02426,raw_material,plastic,KG,29.55,38.86,32,582,2501,728,buy,Y
P002427,SKU-PLA-002427,Plastic Product 02427,raw_material,plastic,M,49.47,65.5,21,767,3479,586,buy,Y
P002428,SKU-ALU-002428,Aluminium Product 02428,raw_material,aluminium,KG,162.29,229.3,31,949,2623,499,buy,Y
P002429,SKU-ELE-002429,Electronic Components Product 02429,raw_material,electronic_components,EA,97.9,122.22,26,487,2323,737,buy,Y
P002430,SKU-PLA-002430,Plastic Product 02430,raw_material,plastic,EA,272.47,374.61,27,632,3345,666,buy,Y
P002431,SKU-ELE-002431,Electronic Components Product 02431,packaging,electronic_components,EA,51.56,72.88,8,610,3376,747,buy,Y
P002432,SKU-ALU-002432,Aluminium Product 02432,raw_material,aluminium,EA,36.05,46.59,28,385,1902,598,buy,Y
P002433,SKU-PAC-002433,Packaging Product 02433,raw_material,packaging,L,21.5,26.34,18,40,2709,550,buy,Y
P002434,SKU-ALU-002434,Aluminium Product 02434,raw_material,aluminium,EA,39.77,51.38,18,1186,2878,678,buy,Y
P002435,SKU-ALU-002435,Aluminium Product 02435,raw_material,aluminium,M,54.77,69.31,10,831,749,443,buy,Y
P002436,SKU-STE-002436,Steel Product 02436,raw_material,steel,EA,68.66,90.68,26,1145,2212,17,buy,Y
P002437,SKU-FAS-002437,Fasteners Product 02437,raw_material,fasteners,EA,28.4,37.74,21,233,2967,345,buy,Y
P002438,SKU-STE-002438,Steel Product 02438,packaging,steel,EA,36.23,44.61,24,1275,2015,447,buy,Y
P002439,SKU-ELE-002439,Electronic Components Product 02439,raw_material,electronic_components,L,178.84,249.06,6,123,1264,306,buy,Y
P002440,SKU-STE-002440,Steel Product 02440,raw_material,steel,EA,146.45,173.26,13,1044,343,660,buy,Y
P002441,SKU-PAC-002441,Packaging Product 02441,raw_material,packaging,EA,112.2,155.28,11,788,1521,70,buy,Y
P002442,SKU-STE-002442,Steel Product 02442,raw_material,steel,EA,35.18,49.08,24,1074,1838,657,buy,Y
P002443,SKU-PAC-002443,Packaging Product 02443,raw_material,packaging,EA,152.66,184.8,33,154,2412,175,buy,Y
P002444,SKU-PLA-002444,Plastic Product 02444,raw_material,plastic,EA,37.76,48.42,5,760,2590,388,buy,Y
P002445,SKU-ALU-002445,Aluminium Product 02445,packaging,aluminium,EA,77.83,86.24,16,803,787,497,buy,Y
P002446,SKU-PAC-002446,Packaging Product 02446,raw_material,packaging,EA,132.93,146.94,28,689,2055,562,buy,Y
P002447,SKU-PLA-002447,Plastic Product 02447,raw_material,plastic,EA,94.89,111.07,13,119,2892,117,buy,Y
P002448,SKU-COP-002448,Copper Product 02448,raw_material,copper,L,22.66,30.96,5,635,380,447,buy,Y
P002449,SKU-PLA-002449,Plastic Product 02449,raw_material,plastic,L,46.95,62.33,7,350,1437,241,buy,Y
P002450,SKU-PLA-002450,Plastic Product 02450,raw_material,plastic,EA,105.85,125.34,8,646,1833,225,buy,Y
P002451,SKU-COP-002451,Copper Product 02451,packaging,copper,KG,106.85,135.99,33,900,3336,745,buy,Y
P002452,SKU-PLA-002452,Plastic Product 02452,raw_material,plastic,EA,124.61,157.89,33,1063,2624,204,buy,Y
P002453,SKU-ELE-002453,Electronic Components Product 02453,raw_material,electronic_components,EA,36.62,39.77,29,109,2125,757,buy,Y
P002454,SKU-STE-002454,Steel Product 02454,raw_material,steel,EA,69.52,85.53,17,1145,174,173,buy,Y
P002455,SKU-ELE-002455,Electronic Components Product 02455,raw_material,electronic_components,EA,73.4,82.01,5,702,694,192,buy,Y
P002456,SKU-ELE-002456,Electronic Components Product 02456,raw_material,electronic_components,EA,18.27,20.24,16,104,1853,36,buy,Y
P002457,SKU-PAC-002457,Packaging Product 02457,raw_material,packaging,KG,62.61,88.04,16,143,1062,115,buy,Y
P002458,SKU-STE-002458,Steel Product 02458,raw_material,steel,EA,45.88,64.87,22,1444,1492,428,buy,Y
P002459,SKU-STE-002459,Steel Product 02459,packaging,steel,EA,125.35,163.86,29,172,125,758,buy,Y
P002460,SKU-STE-002460,Steel Product 02460,raw_material,steel,KG,152.41,197.66,21,915,354,291,buy,Y
P002461,SKU-PAC-002461,Packaging Product 02461,packaging,packaging,EA,76.24,106.47,28,868,2525,798,buy,Y
P002462,SKU-PLA-002462,Plastic Product 02462,raw_material,plastic,KG,42.87,57.3,30,1319,2227,166,buy,Y
P002463,SKU-PAC-002463,Packaging Product 02463,packaging,packaging,KG,42.8,47.24,15,991,3173,18,buy,Y
P002464,SKU-COP-002464,Copper Product 02464,raw_material,copper,EA,43.06,54.49,12,969,727,771,buy,Y
P002465,SKU-FAS-002465,Fasteners Product 02465,raw_material,fasteners,EA,136.02,158.96,20,870,2260,57,buy,Y
P002466,SKU-ALU-002466,Aluminium Product 02466,raw_material,aluminium,L,47.86,68.05,15,895,121,347,buy,Y
P002467,SKU-COP-002467,Copper Product 02467,raw_material,copper,EA,13.76,17.17,19,756,756,703,buy,Y
P002468,SKU-ALU-002468,Aluminium Product 02468,raw_material,aluminium,M,128.28,169.7,30,60,3318,253,buy,Y
P002469,SKU-STE-002469,Steel Product 02469,packaging,steel,EA,44.96,52.85,11,208,2764,377,buy,Y
P002470,SKU-STE-002470,Steel Product 02470,raw_material,steel,EA,46.05,50.48,13,67,131,303,buy,Y
P002471,SKU-PAC-002471,Packaging Product 02471,raw_material,packaging,EA,19.32,26.79,29,303,1549,28,buy,Y
P002472,SKU-STE-002472,Steel Product 02472,raw_material,steel,EA,25.44,29.65,15,342,827,695,buy,Y
P002473,SKU-STE-002473,Steel Product 02473,raw_material,steel,EA,98.25,137.67,11,1471,275,348,buy,Y
P002474,SKU-PLA-002474,Plastic Product 02474,raw_material,plastic,EA,59.78,82.49,22,54,2716,789,buy,Y
P002475,SKU-FAS-002475,Fasteners Product 02475,raw_material,fasteners,EA,114.84,161.6,16,94,2090,690,buy,Y
P002476,SKU-ELE-002476,Electronic Components Product 02476,raw_material,electronic_components,EA,19.17,24.12,24,1342,1273,717,buy,Y
P002477,SKU-ALU-002477,Aluminium Product 02477,packaging,aluminium,EA,43.05,47.39,10,1202,2621,536,buy,Y
P002478,SKU-ELE-002478,Electronic Components Product 02478,raw_material,electronic_components,EA,93.77,107.74,28,862,112,52,buy,Y
P002479,SKU-PLA-002479,Plastic Product 02479,raw_material,plastic,M,83.73,119.29,13,887,1089,404,buy,Y
P002480,SKU-ELE-002480,Electronic Components Product 02480,packaging,electronic_components,EA,86.75,124.19,5,1010,2187,66,buy,Y
P002481,SKU-ALU-002481,Aluminium Product 02481,raw_material,aluminium,EA,194.09,213.03,15,88,3208,511,buy,Y
P002482,SKU-ELE-002482,Electronic Components Product 02482,raw_material,electronic_components,EA,48.22,67.81,8,33,1333,147,buy,Y
P002483,SKU-ALU-002483,Aluminium Product 02483,raw_material,aluminium,EA,32.2,35.59,32,712,2853,241,buy,Y
P002484,SKU-PLA-002484,Plastic Product 02484,packaging,plastic,EA,28.3,36.31,8,495,2282,213,buy,Y
P002485,SKU-PLA-002485,Plastic Product 02485,raw_material,plastic,KG,193.72,209.68,6,1497,622,668,buy,Y
P002486,SKU-ALU-002486,Aluminium Product 02486,raw_material,aluminium,EA,124.16,175.8,24,1379,263,61,buy,Y
P002487,SKU-ELE-002487,Electronic Components Product 02487,packaging,electronic_components,EA,19.16,24.87,13,555,1889,152,buy,Y
P002488,SKU-ELE-002488,Electronic Components Product 02488,raw_material,electronic_components,EA,74.64,85.73,24,1287,2506,277,buy,Y
P002489,SKU-PLA-002489,Plastic Product 02489,packaging,plastic,EA,135.52,196.38,18,296,1992,612,buy,Y
P002490,SKU-STE-002490,Steel Product 02490,raw_material,steel,EA,51.29,57.51,28,66,2804,468,buy,Y
P002491,SKU-PLA-002491,Plastic Product 02491,raw_material,plastic,EA,59.32,85.38,36,630,2806,258,buy,Y
P002492,SKU-STE-002492,Steel Product 02492,raw_material,steel,KG,152.12,173.81,10,857,3044,666,buy,Y
P002493,SKU-COP-002493,Copper Product 02493,raw_material,copper,L,171.18,185.55,12,399,1175,299,buy,Y
P002494,SKU-STE-002494,Steel Product 02494,raw_material,steel,EA,51.9,71.02,18,1335,86,797,buy,Y
P002495,SKU-ELE-002495,Electronic Components Product 02495,raw_material,electronic_components,EA,37.67,46.7,13,43,1251,99,buy,Y
P002496,SKU-PLA-002496,Plastic Product 02496,raw_material,plastic,L,195.53,275.6,29,1459,1732,227,buy,Y
P002497,SKU-STE-002497,Steel Product 02497,raw_material,steel,EA,111.78,127.06,14,851,868,378,buy,Y
P002498,SKU-PLA-002498,Plastic Product 02498,raw_material,plastic,L,25.72,32.17,7,372,2277,254,buy,Y
P002499,SKU-PLA-002499,Plastic Product 02499,raw_material,plastic,EA,59.37,72.12,26,1375,1868,632,buy,Y
P002500,SKU-STE-002500,Steel Product 02500,packaging,steel,EA,151.61,173.51,32,1259,85,354,buy,Y
P002501,SKU-ALU-002501,Aluminium Product 02501,raw_material,aluminium,M,86.74,114.26,22,1461,2492,356,buy,Y
P002502,SKU-ELE-002502,Electronic Components Product 02502,packaging,electronic_components,EA,89.32,113.42,28,26,2932,368,buy,Y
P002503,SKU-ELE-002503,Electronic Components Product 02503,raw_material,electronic_components,KG,48.07,65.0,9,380,342,506,buy,Y
P002504,SKU-PLA-002504,Plastic Product 02504,raw_material,plastic,EA,46.31,51.21,29,184,1137,612,buy,Y
P002505,SKU-STE-002505,Steel Product 02505,raw_material,steel,EA,32.01,39.07,14,141,858,784,buy,Y
P002506,SKU-ALU-002506,Aluminium Product 02506,raw_material,aluminium,EA,70.27,95.9,12,1006,2069,553,buy,Y
P002507,SKU-ELE-002507,Electronic Components Product 02507,raw_material,electronic_components,EA,35.09,46.41,4,925,3251,783,buy,Y
P002508,SKU-COP-002508,Copper Product 02508,raw_material,copper,EA,118.58,138.74,33,739,1304,245,buy,Y
P002509,SKU-STE-002509,Steel Product 02509,packaging,steel,EA,80.91,96.58,27,1461,3284,95,buy,Y
P002510,SKU-PLA-002510,Plastic Product 02510,packaging,plastic,L,60.24,80.51,30,410,209,115,buy,Y
P002511,SKU-FAS-002511,Fasteners Product 02511,raw_material,fasteners,EA,85.6,97.49,21,558,1070,188,buy,Y
P002512,SKU-PAC-002512,Packaging Product 02512,raw_material,packaging,EA,31.22,44.32,32,594,1698,456,buy,Y
P002513,SKU-ELE-002513,Electronic Components Product 02513,raw_material,electronic_components,EA,52.26,72.11,25,650,2038,234,buy,Y
P002514,SKU-PAC-002514,Packaging Product 02514,packaging,packaging,EA,71.41,103.06,30,1238,3310,113,buy,Y
P002515,SKU-ELE-002515,Electronic Components Product 02515,packaging,electronic_components,EA,49.89,62.3,20,947,2167,384,buy,Y
P002516,SKU-STE-002516,Steel Product 02516,raw_material,steel,EA,198.57,265.12,5,1179,2940,465,buy,Y
P002517,SKU-STE-002517,Steel Product 02517,packaging,steel,EA,85.81,103.94,35,972,3077,82,buy,Y
P002518,SKU-ELE-002518,Electronic Components Product 02518,raw_material,electronic_components,KG,70.14,96.08,29,336,3139,434,buy,Y
P002519,SKU-FAS-002519,Fasteners Product 02519,raw_material,fasteners,KG,88.97,115.12,14,837,117,798,buy,Y
P002520,SKU-FAS-002520,Fasteners Product 02520,raw_material,fasteners,M,106.25,125.59,8,1307,2374,693,buy,Y
P002521,SKU-FAS-002521,Fasteners Product 02521,raw_material,fasteners,EA,45.01,60.18,20,482,2215,412,buy,Y
P002522,SKU-STE-002522,Steel Product 02522,raw_material,steel,EA,147.59,209.79,28,579,1585,227,buy,Y
P002523,SKU-PAC-002523,Packaging Product 02523,raw_material,packaging,EA,315.64,415.44,33,1423,3357,612,buy,Y
P002524,SKU-STE-002524,Steel Product 02524,raw_material,steel,KG,286.5,345.14,33,123,904,560,buy,Y
P002525,SKU-STE-002525,Steel Product 02525,raw_material,steel,KG,37.24,48.44,5,750,1886,559,buy,Y
P002526,SKU-ELE-002526,Electronic Components Product 02526,raw_material,electronic_components,EA,69.63,100.58,5,1297,2820,581,buy,Y
P002527,SKU-PAC-002527,Packaging Product 02527,raw_material,packaging,EA,62.64,78.8,23,911,587,464,buy,Y
P002528,SKU-ELE-002528,Electronic Components Product 02528,raw_material,electronic_components,EA,75.92,88.84,4,1469,886,743,buy,Y
P002529,SKU-STE-002529,Steel Product 02529,raw_material,steel,EA,49.43,54.8,7,1109,2190,233,buy,Y
P002530,SKU-FAS-002530,Fasteners Product 02530,raw_material,fasteners,EA,45.27,58.52,7,1261,2937,522,buy,Y
P002531,SKU-STE-002531,Steel Product 02531,raw_material,steel,EA,336.51,482.44,36,644,3037,748,buy,Y
P002532,SKU-STE-002532,Steel Product 02532,raw_material,steel,EA,145.86,195.42,38,99,1234,287,buy,Y
P002533,SKU-FAS-002533,Fasteners Product 02533,raw_material,fasteners,KG,114.73,128.94,25,761,2415,20,buy,Y
P002534,SKU-FAS-002534,Fasteners Product 02534,raw_material,fasteners,EA,121.94,156.37,17,1346,1700,555,buy,Y
P002535,SKU-ALU-002535,Aluminium Product 02535,raw_material,aluminium,EA,67.99,74.8,15,1194,3097,404,buy,Y
P002536,SKU-STE-002536,Steel Product 02536,raw_material,steel,EA,15.8,22.14,19,919,2098,342,buy,Y
P002537,SKU-STE-002537,Steel Product 02537,raw_material,steel,EA,33.15,42.75,8,1137,494,640,buy,Y
P002538,SKU-PLA-002538,Plastic Product 02538,raw_material,plastic,EA,103.91,140.11,7,1416,2366,370,buy,Y
P002539,SKU-PLA-002539,Plastic Product 02539,packaging,plastic,EA,37.74,50.0,26,397,2235,17,buy,Y
P002540,SKU-FAS-002540,Fasteners Product 02540,packaging,fasteners,EA,134.06,171.47,8,1141,2571,411,buy,Y
P002541,SKU-ELE-002541,Electronic Components Product 02541,raw_material,electronic_components,EA,28.09,33.36,24,130,1931,271,buy,Y
P002542,SKU-PLA-002542,Plastic Product 02542,raw_material,plastic,EA,54.27,71.43,30,1480,195,690,buy,Y
P002543,SKU-STE-002543,Steel Product 02543,raw_material,steel,EA,91.04,131.27,17,1242,583,625,buy,Y
P002544,SKU-COP-002544,Copper Product 02544,packaging,copper,KG,17.14,21.07,35,445,3133,410,buy,Y
P002545,SKU-PLA-002545,Plastic Product 02545,raw_material,plastic,EA,97.73,113.1,19,1113,1924,517,buy,Y
P002546,SKU-ELE-002546,Electronic Components Product 02546,raw_material,electronic_components,EA,48.5,63.17,35,803,1711,206,buy,Y
P002547,SKU-ELE-002547,Electronic Components Product 02547,raw_material,electronic_components,EA,49.09,56.07,4,796,3489,138,buy,Y
P002548,SKU-PAC-002548,Packaging Product 02548,raw_material,packaging,EA,104.8,124.21,14,1046,967,78,buy,Y
P002549,SKU-PLA-002549,Plastic Product 02549,raw_material,plastic,EA,39.94,50.56,20,131,1714,122,buy,Y
P002550,SKU-ELE-002550,Electronic Components Product 02550,raw_material,electronic_components,EA,178.14,199.84,32,671,1348,772,buy,Y
P002551,SKU-PAC-002551,Packaging Product 02551,raw_material,packaging,M,95.14,104.8,29,539,970,348,buy,Y
P002552,SKU-ALU-002552,Aluminium Product 02552,packaging,aluminium,EA,68.94,99.5,26,1361,1860,567,buy,Y
P002553,SKU-STE-002553,Steel Product 02553,raw_material,steel,KG,75.28,83.97,21,1369,2875,406,buy,Y
P002554,SKU-PLA-002554,Plastic Product 02554,raw_material,plastic,EA,16.71,19.3,5,1128,1103,419,buy,Y
P002555,SKU-STE-002555,Steel Product 02555,raw_material,steel,M,245.13,322.74,31,505,2487,127,buy,Y
P002556,SKU-ELE-002556,Electronic Components Product 02556,raw_material,electronic_components,EA,111.69,143.18,6,1008,823,617,buy,Y
P002557,SKU-PLA-002557,Plastic Product 02557,raw_material,plastic,L,86.8,109.72,18,961,2014,115,buy,Y
P002558,SKU-PAC-002558,Packaging Product 02558,raw_material,packaging,KG,47.97,62.3,34,1215,3170,87,buy,Y
P002559,SKU-STE-002559,Steel Product 02559,raw_material,steel,KG,80.38,110.11,37,1498,2420,100,buy,Y
P002560,SKU-COP-002560,Copper Product 02560,raw_material,copper,EA,220.61,305.6,22,56,2847,562,buy,Y
P002561,SKU-ELE-002561,Electronic Components Product 02561,raw_material,electronic_components,EA,14.4,20.36,36,360,2941,722,buy,Y
P002562,SKU-STE-002562,Steel Product 02562,raw_material,steel,KG,89.4,106.64,21,150,3459,208,buy,Y
P002563,SKU-FAS-002563,Fasteners Product 02563,raw_material,fasteners,EA,106.21,143.24,10,1028,990,390,buy,Y
P002564,SKU-PAC-002564,Packaging Product 02564,raw_material,packaging,EA,702.38,876.6,17,898,1832,311,buy,Y
P002565,SKU-ELE-002565,Electronic Components Product 02565,raw_material,electronic_components,KG,97.85,139.78,37,332,802,113,buy,Y
P002566,SKU-STE-002566,Steel Product 02566,raw_material,steel,EA,101.52,141.52,23,1413,3125,295,buy,Y
P002567,SKU-STE-002567,Steel Product 02567,raw_material,steel,EA,86.29,121.91,28,1050,2138,318,buy,Y
P002568,SKU-STE-002568,Steel Product 02568,packaging,steel,EA,69.33,87.13,11,805,1201,395,buy,Y
P002569,SKU-PLA-002569,Plastic Product 02569,raw_material,plastic,EA,134.74,181.13,27,1322,2932,644,buy,Y
P002570,SKU-STE-002570,Steel Product 02570,raw_material,steel,EA,24.52,28.28,8,910,1722,583,buy,Y
P002571,SKU-FAS-002571,Fasteners Product 02571,packaging,fasteners,EA,19.12,27.64,5,1482,1495,183,buy,Y
P002572,SKU-FAS-002572,Fasteners Product 02572,raw_material,fasteners,EA,18.13,24.49,26,531,2209,789,buy,Y
P002573,SKU-COP-002573,Copper Product 02573,raw_material,copper,KG,26.66,29.92,37,872,3381,492,buy,Y
P002574,SKU-ALU-002574,Aluminium Product 02574,raw_material,aluminium,EA,34.78,39.07,10,271,3160,351,buy,Y
P002575,SKU-ALU-002575,Aluminium Product 02575,raw_material,aluminium,EA,225.04,284.47,25,984,3452,622,buy,Y
P002576,SKU-PLA-002576,Plastic Product 02576,raw_material,plastic,EA,27.26,34.39,7,1066,2446,349,buy,Y
P002577,SKU-ELE-002577,Electronic Components Product 02577,raw_material,electronic_components,EA,88.56,99.39,16,915,2621,579,buy,Y
P002578,SKU-ELE-002578,Electronic Components Product 02578,raw_material,electronic_components,EA,26.45,36.79,12,737,2112,111,buy,Y
P002579,SKU-PAC-002579,Packaging Product 02579,raw_material,packaging,EA,116.29,151.91,11,952,2721,590,buy,Y
P002580,SKU-ELE-002580,Electronic Components Product 02580,raw_material,electronic_components,EA,120.08,168.95,13,980,1856,557,buy,Y
P002581,SKU-STE-002581,Steel Product 02581,raw_material,steel,EA,27.96,34.47,14,1349,3412,653,buy,Y
P002582,SKU-PLA-002582,Plastic Product 02582,raw_material,plastic,KG,27.4,33.17,28,935,2729,39,buy,Y
P002583,SKU-STE-002583,Steel Product 02583,raw_material,steel,L,93.89,102.59,20,1107,2319,784,buy,Y
P002584,SKU-ELE-002584,Electronic Components Product 02584,raw_material,electronic_components,M,75.1,96.43,36,23,2172,561,buy,Y
P002585,SKU-ALU-002585,Aluminium Product 02585,raw_material,aluminium,KG,93.76,133.73,33,43,3424,501,buy,Y
P002586,SKU-PLA-002586,Plastic Product 02586,packaging,plastic,EA,202.79,220.0,38,610,1009,552,buy,Y
P002587,SKU-ALU-002587,Aluminium Product 02587,raw_material,aluminium,EA,18.18,19.87,25,363,2906,795,buy,Y
P002588,SKU-ALU-002588,Aluminium Product 02588,raw_material,aluminium,EA,30.28,37.84,37,187,440,353,buy,Y
P002589,SKU-ALU-002589,Aluminium Product 02589,raw_material,aluminium,EA,29.47,32.9,33,439,1787,504,buy,Y
P002590,SKU-PLA-002590,Plastic Product 02590,packaging,plastic,EA,124.24,159.42,29,977,687,725,buy,Y
P002591,SKU-PLA-002591,Plastic Product 02591,packaging,plastic,EA,43.16,49.89,20,1475,2236,86,buy,Y
P002592,SKU-STE-002592,Steel Product 02592,raw_material,steel,EA,202.58,265.04,5,325,2067,362,buy,Y
P002593,SKU-FAS-002593,Fasteners Product 02593,raw_material,fasteners,EA,60.52,80.93,16,337,447,432,buy,Y
P002594,SKU-ELE-002594,Electronic Components Product 02594,raw_material,electronic_components,KG,51.67,58.17,18,642,51,351,buy,Y
P002595,SKU-STE-002595,Steel Product 02595,raw_material,steel,M,21.07,29.28,7,458,2371,48,buy,Y
P002596,SKU-ALU-002596,Aluminium Product 02596,raw_material,aluminium,EA,172.18,197.47,19,564,1287,396,buy,Y
P002597,SKU-STE-002597,Steel Product 02597,raw_material,steel,EA,348.32,424.29,32,916,794,770,buy,Y
P002598,SKU-ALU-002598,Aluminium Product 02598,packaging,aluminium,EA,18.34,25.28,6,770,255,179,buy,Y
P002599,SKU-PAC-002599,Packaging Product 02599,packaging,packaging,EA,35.31,38.41,14,1153,1861,237,buy,Y
P002600,SKU-ELE-002600,Electronic Components Product 02600,raw_material,electronic_components,KG,44.82,63.83,4,263,1598,11,buy,Y
P002601,SKU-PLA-002601,Plastic Product 02601,raw_material,plastic,EA,100.88,140.15,6,1337,2706,276,buy,Y
P002602,SKU-FAS-002602,Fasteners Product 02602,raw_material,fasteners,EA,57.57,68.1,36,265,82,248,buy,Y
P002603,SKU-STE-002603,Steel Product 02603,raw_material,steel,EA,228.28,309.07,12,737,1827,199,buy,Y
P002604,SKU-ALU-002604,Aluminium Product 02604,raw_material,aluminium,EA,106.91,149.22,24,204,948,34,buy,Y
P002605,SKU-PLA-002605,Plastic Product 02605,raw_material,plastic,EA,344.48,409.66,38,1463,2178,657,buy,Y
P002606,SKU-COP-002606,Copper Product 02606,packaging,copper,EA,52.7,66.5,16,589,2702,388,buy,Y
P002607,SKU-STE-002607,Steel Product 02607,raw_material,steel,EA,107.47,122.68,18,206,507,507,buy,Y
P002608,SKU-ELE-002608,Electronic Components Product 02608,packaging,electronic_components,EA,102.8,145.42,32,662,2545,687,buy,Y
P002609,SKU-PAC-002609,Packaging Product 02609,packaging,packaging,EA,55.87,66.05,27,333,934,107,buy,Y
P002610,SKU-PLA-002610,Plastic Product 02610,raw_material,plastic,KG,133.52,188.27,6,809,3248,651,buy,Y
P002611,SKU-ALU-002611,Aluminium Product 02611,raw_material,aluminium,EA,102.18,139.66,27,880,68,210,buy,Y
P002612,SKU-PAC-002612,Packaging Product 02612,raw_material,packaging,EA,70.43,81.31,32,288,2255,577,buy,Y
P002613,SKU-PLA-002613,Plastic Product 02613,raw_material,plastic,EA,140.89,201.28,11,1061,729,484,buy,Y
P002614,SKU-STE-002614,Steel Product 02614,packaging,steel,EA,32.42,40.58,23,1474,1773,543,buy,Y
P002615,SKU-STE-002615,Steel Product 02615,raw_material,steel,EA,96.24,109.25,31,1157,2848,674,buy,Y
P002616,SKU-STE-002616,Steel Product 02616,raw_material,steel,EA,86.32,123.69,20,1378,1972,63,buy,Y
P002617,SKU-STE-002617,Steel Product 02617,raw_material,steel,EA,202.76,229.86,31,933,521,563,buy,Y
P002618,SKU-COP-002618,Copper Product 02618,packaging,copper,EA,114.75,133.28,33,681,1926,310,buy,Y
P002619,SKU-COP-002619,Copper Product 02619,raw_material,copper,KG,49.58,60.12,34,187,691,189,buy,Y
P002620,SKU-PLA-002620,Plastic Product 02620,raw_material,plastic,L,87.97,95.9,31,861,2788,487,buy,Y
P002621,SKU-ALU-002621,Aluminium Product 02621,raw_material,aluminium,EA,45.12,56.71,15,1249,288,651,buy,Y
P002622,SKU-FAS-002622,Fasteners Product 02622,raw_material,fasteners,EA,109.41,134.11,29,285,1945,44,buy,Y
P002623,SKU-COP-002623,Copper Product 02623,raw_material,copper,EA,78.26,100.94,24,982,2636,116,buy,Y
P002624,SKU-COP-002624,Copper Product 02624,raw_material,copper,EA,86.37,123.76,9,976,1213,338,buy,Y
P002625,SKU-ALU-002625,Aluminium Product 02625,raw_material,aluminium,EA,90.29,119.95,22,279,992,593,buy,Y
P002626,SKU-FAS-002626,Fasteners Product 02626,raw_material,fasteners,KG,36.95,49.93,31,1018,3131,717,buy,Y
P002627,SKU-PAC-002627,Packaging Product 02627,raw_material,packaging,EA,24.48,32.36,15,513,102,675,buy,Y
P002628,SKU-PLA-002628,Plastic Product 02628,raw_material,plastic,EA,50.27,68.72,19,717,3349,199,buy,Y
P002629,SKU-PLA-002629,Plastic Product 02629,raw_material,plastic,EA,58.11,83.29,30,466,1352,455,buy,Y
P002630,SKU-PLA-002630,Plastic Product 02630,raw_material,plastic,EA,325.12,376.22,38,754,2888,40,buy,Y
P002631,SKU-PLA-002631,Plastic Product 02631,raw_material,plastic,EA,99.56,110.32,6,1106,910,379,buy,Y
P002632,SKU-ALU-002632,Aluminium Product 02632,raw_material,aluminium,EA,15.22,21.89,5,434,190,719,buy,Y
P002633,SKU-STE-002633,Steel Product 02633,raw_material,steel,EA,53.81,76.33,6,775,3090,489,buy,Y
P002634,SKU-PLA-002634,Plastic Product 02634,raw_material,plastic,EA,76.07,108.88,4,732,2070,365,buy,Y
P002635,SKU-FAS-002635,Fasteners Product 02635,raw_material,fasteners,EA,19.9,23.98,32,1275,2391,538,buy,Y
P002636,SKU-PLA-002636,Plastic Product 02636,packaging,plastic,KG,98.39,118.26,14,765,1831,78,buy,Y
P002637,SKU-PLA-002637,Plastic Product 02637,raw_material,plastic,EA,117.09,169.15,7,1306,1718,126,buy,Y
P002638,SKU-ELE-002638,Electronic Components Product 02638,raw_material,electronic_components,EA,89.49,115.74,17,582,3439,653,buy,Y
P002639,SKU-ELE-002639,Electronic Components Product 02639,raw_material,electronic_components,KG,49.59,71.7,38,591,2871,591,buy,Y
P002640,SKU-ALU-002640,Aluminium Product 02640,raw_material,aluminium,EA,58.91,73.78,20,814,1354,373,buy,Y
P002641,SKU-STE-002641,Steel Product 02641,raw_material,steel,EA,88.87,110.64,18,346,3298,227,buy,Y
P002642,SKU-STE-002642,Steel Product 02642,packaging,steel,EA,104.56,146.54,29,665,3411,264,buy,Y
P002643,SKU-STE-002643,Steel Product 02643,packaging,steel,EA,40.47,53.73,12,1254,2982,389,buy,Y
P002644,SKU-FAS-002644,Fasteners Product 02644,raw_material,fasteners,L,85.15,104.21,18,551,1209,222,buy,Y
P002645,SKU-PLA-002645,Plastic Product 02645,raw_material,plastic,EA,55.44,72.78,5,369,3148,794,buy,Y
P002646,SKU-PLA-002646,Plastic Product 02646,raw_material,plastic,EA,47.37,58.29,38,510,2677,547,buy,Y
P002647,SKU-PLA-002647,Plastic Product 02647,raw_material,plastic,EA,40.76,52.39,10,844,45,213,buy,Y
P002648,SKU-PLA-002648,Plastic Product 02648,raw_material,plastic,KG,208.11,277.7,37,1039,1929,198,buy,Y
P002649,SKU-ELE-002649,Electronic Components Product 02649,raw_material,electronic_components,EA,90.41,107.43,14,419,1061,508,buy,Y
P002650,SKU-PAC-002650,Packaging Product 02650,packaging,packaging,L,157.11,186.18,23,570,3373,741,buy,Y
P002651,SKU-COP-002651,Copper Product 02651,raw_material,copper,EA,124.92,148.86,8,857,1852,307,buy,Y
P002652,SKU-PLA-002652,Plastic Product 02652,raw_material,plastic,M,80.26,91.63,11,1224,420,89,buy,Y
P002653,SKU-STE-002653,Steel Product 02653,raw_material,steel,EA,37.66,47.33,19,1358,1920,376,buy,Y
P002654,SKU-FAS-002654,Fasteners Product 02654,raw_material,fasteners,EA,49.28,66.07,18,1119,2818,153,buy,Y
P002655,SKU-ALU-002655,Aluminium Product 02655,raw_material,aluminium,EA,96.95,140.16,7,980,2188,235,buy,Y
P002656,SKU-PAC-002656,Packaging Product 02656,raw_material,packaging,M,30.67,33.42,12,652,1559,264,buy,Y
P002657,SKU-ALU-002657,Aluminium Product 02657,raw_material,aluminium,EA,55.84,61.5,35,247,916,591,buy,Y
P002658,SKU-PLA-002658,Plastic Product 02658,raw_material,plastic,EA,79.38,113.53,38,414,2968,668,buy,Y
P002659,SKU-PAC-002659,Packaging Product 02659,raw_material,packaging,EA,81.9,90.56,33,332,487,424,buy,Y
P002660,SKU-PLA-002660,Plastic Product 02660,raw_material,plastic,M,77.25,104.64,29,1114,2809,791,buy,Y
P002661,SKU-PLA-002661,Plastic Product 02661,raw_material,plastic,EA,84.76,119.63,32,516,759,214,buy,Y
P002662,SKU-STE-002662,Steel Product 02662,raw_material,steel,EA,102.95,127.06,9,736,1071,721,buy,Y
P002663,SKU-PLA-002663,Plastic Product 02663,packaging,plastic,EA,74.48,98.83,35,261,2451,457,buy,Y
P002664,SKU-ALU-002664,Aluminium Product 02664,raw_material,aluminium,EA,65.78,87.8,18,1133,3408,301,buy,Y
P002665,SKU-STE-002665,Steel Product 02665,raw_material,steel,EA,33.22,40.27,26,382,2979,118,buy,Y
P002666,SKU-ELE-002666,Electronic Components Product 02666,packaging,electronic_components,KG,64.24,79.67,16,1003,760,187,buy,Y
P002667,SKU-PAC-002667,Packaging Product 02667,raw_material,packaging,EA,17.46,21.49,13,988,2009,249,buy,Y
P002668,SKU-PLA-002668,Plastic Product 02668,raw_material,plastic,EA,136.55,161.09,23,1009,837,67,buy,Y
P002669,SKU-STE-002669,Steel Product 02669,raw_material,steel,EA,123.04,132.93,11,1449,2456,724,buy,Y
P002670,SKU-PLA-002670,Plastic Product 02670,raw_material,plastic,EA,124.35,140.58,37,1207,181,464,buy,Y
P002671,SKU-ALU-002671,Aluminium Product 02671,raw_material,aluminium,EA,284.67,350.24,35,50,1667,220,buy,Y
P002672,SKU-COP-002672,Copper Product 02672,raw_material,copper,M,155.5,211.02,24,98,1537,347,buy,Y
P002673,SKU-ELE-002673,Electronic Components Product 02673,raw_material,electronic_components,EA,50.92,66.09,26,397,2691,241,buy,Y
P002674,SKU-STE-002674,Steel Product 02674,raw_material,steel,EA,98.08,109.44,15,923,1505,327,buy,Y
P002675,SKU-STE-002675,Steel Product 02675,raw_material,steel,EA,25.19,35.62,22,996,2911,609,buy,Y
P002676,SKU-PAC-002676,Packaging Product 02676,raw_material,packaging,EA,119.66,149.28,16,1215,3213,561,buy,Y
P002677,SKU-ALU-002677,Aluminium Product 02677,packaging,aluminium,EA,71.29,91.3,24,1315,610,405,buy,Y
P002678,SKU-PAC-002678,Packaging Product 02678,raw_material,packaging,EA,67.82,97.61,22,1414,821,637,buy,Y
P002679,SKU-STE-002679,Steel Product 02679,raw_material,steel,KG,107.41,145.84,17,137,562,386,buy,Y
P002680,SKU-ALU-002680,Aluminium Product 02680,raw_material,aluminium,EA,60.61,86.86,4,289,439,413,buy,Y
P002681,SKU-COP-002681,Copper Product 02681,packaging,copper,EA,70.02,85.87,37,686,911,261,buy,Y
P002682,SKU-PAC-002682,Packaging Product 02682,raw_material,packaging,EA,71.92,94.55,22,676,1989,368,buy,Y
P002683,SKU-ELE-002683,Electronic Components Product 02683,raw_material,electronic_components,EA,72.48,93.12,14,646,2171,351,buy,Y
P002684,SKU-STE-002684,Steel Product 02684,raw_material,steel,EA,69.28,90.91,17,936,2046,362,buy,Y
P002685,SKU-PLA-002685,Plastic Product 02685,raw_material,plastic,EA,47.49,65.64,25,729,812,674,buy,Y
P002686,SKU-STE-002686,Steel Product 02686,raw_material,steel,M,106.2,147.15,6,505,1740,174,buy,Y
P002687,SKU-PAC-002687,Packaging Product 02687,raw_material,packaging,EA,54.11,64.55,28,546,2781,43,buy,Y
P002688,SKU-STE-002688,Steel Product 02688,raw_material,steel,EA,43.24,58.76,18,1412,431,678,buy,Y
P002689,SKU-ELE-002689,Electronic Components Product 02689,raw_material,electronic_components,EA,165.31,237.54,9,106,2367,68,buy,Y
P002690,SKU-PLA-002690,Plastic Product 02690,raw_material,plastic,EA,195.19,234.96,31,1226,1658,404,buy,Y
P002691,SKU-ELE-002691,Electronic Components Product 02691,raw_material,electronic_components,EA,166.8,225.54,38,919,2492,749,buy,Y
P002692,SKU-ELE-002692,Electronic Components Product 02692,raw_material,electronic_components,EA,32.73,39.06,22,1336,2370,349,buy,Y
P002693,SKU-ALU-002693,Aluminium Product 02693,raw_material,aluminium,EA,112.58,148.19,10,511,1827,769,buy,Y
P002694,SKU-PLA-002694,Plastic Product 02694,raw_material,plastic,EA,75.5,107.7,16,1206,904,314,buy,Y
P002695,SKU-ELE-002695,Electronic Components Product 02695,raw_material,electronic_components,EA,102.1,123.52,13,767,3293,208,buy,Y
P002696,SKU-ALU-002696,Aluminium Product 02696,raw_material,aluminium,EA,56.18,63.84,10,251,2852,727,buy,Y
P002697,SKU-ELE-002697,Electronic Components Product 02697,raw_material,electronic_components,EA,70.18,98.12,14,1272,3418,725,buy,Y
P002698,SKU-PAC-002698,Packaging Product 02698,packaging,packaging,EA,30.97,38.82,33,993,3325,330,buy,Y
P002699,SKU-PLA-002699,Plastic Product 02699,raw_material,plastic,EA,37.55,44.4,33,985,1027,550,buy,Y
P002700,SKU-STE-002700,Steel Product 02700,raw_material,steel,EA,65.31,77.39,30,966,1807,27,buy,Y
P002701,SKU-ALU-002701,Aluminium Product 02701,raw_material,aluminium,KG,95.87,108.9,24,202,2377,140,buy,Y
P002702,SKU-COP-002702,Copper Product 02702,raw_material,copper,EA,21.88,29.76,28,961,3206,689,buy,Y
P002703,SKU-PLA-002703,Plastic Product 02703,raw_material,plastic,EA,134.32,192.47,23,1342,2531,733,buy,Y
P002704,SKU-COP-002704,Copper Product 02704,raw_material,copper,KG,111.31,151.82,12,762,2502,475,buy,Y
P002705,SKU-ALU-002705,Aluminium Product 02705,raw_material,aluminium,EA,146.56,204.27,21,1291,3084,625,buy,Y
P002706,SKU-COP-002706,Copper Product 02706,raw_material,copper,KG,101.88,130.57,8,239,834,164,buy,Y
P002707,SKU-STE-002707,Steel Product 02707,raw_material,steel,EA,90.89,106.08,33,158,2206,241,buy,Y
P002708,SKU-PLA-002708,Plastic Product 02708,packaging,plastic,EA,108.8,129.62,35,1310,2736,122,buy,Y
P002709,SKU-STE-002709,Steel Product 02709,packaging,steel,EA,40.96,44.78,4,830,2187,330,buy,Y
P002710,SKU-FAS-002710,Fasteners Product 02710,packaging,fasteners,EA,43.59,52.5,31,870,1360,245,buy,Y
P002711,SKU-FAS-002711,Fasteners Product 02711,packaging,fasteners,EA,148.4,198.0,37,1249,1315,30,buy,Y
P002712,SKU-ALU-002712,Aluminium Product 02712,raw_material,aluminium,EA,111.76,143.56,36,160,1058,39,buy,Y
P002713,SKU-PAC-002713,Packaging Product 02713,raw_material,packaging,EA,172.16,240.38,11,660,3292,656,buy,Y
P002714,SKU-ELE-002714,Electronic Components Product 02714,raw_material,electronic_components,L,87.88,108.66,15,1399,718,652,buy,Y
P002715,SKU-FAS-002715,Fasteners Product 02715,raw_material,fasteners,EA,47.77,53.23,5,181,2053,704,buy,Y
P002716,SKU-STE-002716,Steel Product 02716,raw_material,steel,EA,81.74,117.4,32,1024,1915,328,buy,Y
P002717,SKU-FAS-002717,Fasteners Product 02717,raw_material,fasteners,EA,117.63,160.38,28,1192,1228,231,buy,Y
P002718,SKU-ALU-002718,Aluminium Product 02718,packaging,aluminium,EA,99.34,129.71,21,614,439,55,buy,Y
P002719,SKU-COP-002719,Copper Product 02719,raw_material,copper,EA,40.42,54.4,31,1168,778,401,buy,Y
P002720,SKU-PLA-002720,Plastic Product 02720,packaging,plastic,EA,65.1,71.32,7,530,1101,345,buy,Y
P002721,SKU-PAC-002721,Packaging Product 02721,raw_material,packaging,EA,232.61,272.04,17,241,3081,146,buy,Y
P002722,SKU-FAS-002722,Fasteners Product 02722,raw_material,fasteners,EA,160.24,194.68,21,202,2799,460,buy,Y
P002723,SKU-FAS-002723,Fasteners Product 02723,raw_material,fasteners,EA,162.13,220.02,9,224,1589,532,buy,Y
P002724,SKU-ALU-002724,Aluminium Product 02724,raw_material,aluminium,EA,99.26,140.69,20,357,257,336,buy,Y
P002725,SKU-ELE-002725,Electronic Components Product 02725,packaging,electronic_components,EA,35.81,43.5,11,768,145,268,buy,Y
P002726,SKU-STE-002726,Steel Product 02726,raw_material,steel,KG,48.77,65.75,25,106,2667,459,buy,Y
P002727,SKU-FAS-002727,Fasteners Product 02727,packaging,fasteners,EA,276.25,379.49,19,704,2750,591,buy,Y
P002728,SKU-COP-002728,Copper Product 02728,raw_material,copper,EA,138.2,161.03,22,570,2047,221,buy,Y
P002729,SKU-PLA-002729,Plastic Product 02729,raw_material,plastic,KG,27.99,33.82,10,278,151,34,buy,Y
P002730,SKU-COP-002730,Copper Product 02730,raw_material,copper,KG,69.57,77.43,32,1087,3003,117,buy,Y
P002731,SKU-COP-002731,Copper Product 02731,raw_material,copper,L,75.09,106.34,22,725,2076,281,buy,Y
P002732,SKU-PLA-002732,Plastic Product 02732,raw_material,plastic,KG,20.56,27.66,21,311,2086,344,buy,Y
P002733,SKU-PLA-002733,Plastic Product 02733,raw_material,plastic,EA,33.71,38.44,33,339,2212,720,buy,Y
P002734,SKU-PLA-002734,Plastic Product 02734,packaging,plastic,EA,37.77,46.13,14,1292,1277,76,buy,Y
P002735,SKU-ELE-002735,Electronic Components Product 02735,raw_material,electronic_components,EA,112.88,155.52,36,1425,768,322,buy,Y
P002736,SKU-PLA-002736,Plastic Product 02736,raw_material,plastic,EA,51.33,61.35,20,246,3273,775,buy,Y
P002737,SKU-COP-002737,Copper Product 02737,packaging,copper,EA,47.69,64.1,17,588,419,150,buy,Y
P002738,SKU-STE-002738,Steel Product 02738,raw_material,steel,EA,84.94,102.05,7,180,3272,585,buy,Y
P002739,SKU-ALU-002739,Aluminium Product 02739,raw_material,aluminium,EA,34.57,42.03,16,883,2220,477,buy,Y
P002740,SKU-STE-002740,Steel Product 02740,raw_material,steel,EA,37.88,54.58,37,978,443,221,buy,Y
P002741,SKU-ELE-002741,Electronic Components Product 02741,raw_material,electronic_components,EA,14.35,16.91,20,296,1408,151,buy,Y
P002742,SKU-ALU-002742,Aluminium Product 02742,raw_material,aluminium,EA,96.9,135.04,33,766,338,629,buy,Y
P002743,SKU-STE-002743,Steel Product 02743,raw_material,steel,EA,186.96,211.76,19,853,475,661,buy,Y
P002744,SKU-ALU-002744,Aluminium Product 02744,raw_material,aluminium,EA,50.35,63.14,15,323,372,611,buy,Y
P002745,SKU-FAS-002745,Fasteners Product 02745,packaging,fasteners,EA,234.6,257.47,6,458,2451,132,buy,Y
P002746,SKU-PLA-002746,Plastic Product 02746,raw_material,plastic,KG,46.35,51.57,15,1113,62,762,buy,Y
P002747,SKU-FAS-002747,Fasteners Product 02747,raw_material,fasteners,EA,85.61,102.96,16,347,79,777,buy,Y
P002748,SKU-STE-002748,Steel Product 02748,raw_material,steel,EA,60.83,73.54,5,701,211,251,buy,Y
P002749,SKU-ALU-002749,Aluminium Product 02749,raw_material,aluminium,EA,216.39,245.73,32,794,1053,576,buy,Y
P002750,SKU-ELE-002750,Electronic Components Product 02750,raw_material,electronic_components,EA,106.38,148.9,30,335,1531,479,buy,Y
P002751,SKU-STE-002751,Steel Product 02751,raw_material,steel,EA,60.05,83.45,31,1425,2524,177,buy,Y
P002752,SKU-ALU-002752,Aluminium Product 02752,raw_material,aluminium,EA,58.67,75.59,30,863,3113,592,buy,Y
P002753,SKU-PLA-002753,Plastic Product 02753,raw_material,plastic,EA,151.32,177.63,15,680,1862,324,buy,Y
P002754,SKU-PLA-002754,Plastic Product 02754,raw_material,plastic,EA,226.54,279.92,31,793,1063,195,buy,Y
P002755,SKU-ELE-002755,Electronic Components Product 02755,raw_material,electronic_components,EA,43.46,57.76,19,891,1522,303,buy,Y
P002756,SKU-ELE-002756,Electronic Components Product 02756,raw_material,electronic_components,L,69.88,97.35,18,1384,2278,257,buy,Y
P002757,SKU-ELE-002757,Electronic Components Product 02757,raw_material,electronic_components,EA,60.96,70.32,19,888,850,389,buy,Y
P002758,SKU-FAS-002758,Fasteners Product 02758,raw_material,fasteners,L,102.93,120.69,6,639,3454,556,buy,Y
P002759,SKU-PLA-002759,Plastic Product 02759,raw_material,plastic,EA,45.04,51.2,30,955,2490,18,buy,Y
P002760,SKU-ALU-002760,Aluminium Product 02760,raw_material,aluminium,EA,72.67,81.76,20,1095,1648,502,buy,Y
P002761,SKU-ALU-002761,Aluminium Product 02761,raw_material,aluminium,EA,79.37,102.46,7,1098,2572,132,buy,Y
P002762,SKU-ELE-002762,Electronic Components Product 02762,raw_material,electronic_components,KG,37.41,46.68,4,704,2566,179,buy,Y
P002763,SKU-STE-002763,Steel Product 02763,packaging,steel,EA,111.35,121.01,34,1436,1631,643,buy,Y
P002764,SKU-STE-002764,Steel Product 02764,raw_material,steel,EA,60.13,72.68,13,1117,701,314,buy,Y
P002765,SKU-STE-002765,Steel Product 02765,packaging,steel,EA,118.47,143.66,11,71,1304,559,buy,Y
P002766,SKU-ELE-002766,Electronic Components Product 02766,raw_material,electronic_components,EA,26.66,30.88,6,440,2031,81,buy,Y
P002767,SKU-STE-002767,Steel Product 02767,raw_material,steel,L,36.27,44.04,5,379,1008,725,buy,Y
P002768,SKU-PLA-002768,Plastic Product 02768,raw_material,plastic,EA,41.82,55.08,35,21,2414,80,buy,Y
P002769,SKU-ELE-002769,Electronic Components Product 02769,raw_material,electronic_components,EA,27.2,38.66,23,1315,3184,576,buy,Y
P002770,SKU-STE-002770,Steel Product 02770,raw_material,steel,EA,16.38,23.05,8,1316,1654,368,buy,Y
P002771,SKU-COP-002771,Copper Product 02771,raw_material,copper,EA,58.85,80.09,37,1308,1473,24,buy,Y
P002772,SKU-ELE-002772,Electronic Components Product 02772,raw_material,electronic_components,EA,46.68,61.07,8,1221,2079,40,buy,Y
P002773,SKU-STE-002773,Steel Product 02773,raw_material,steel,EA,31.7,44.4,22,25,2814,538,buy,Y
P002774,SKU-COP-002774,Copper Product 02774,raw_material,copper,EA,96.52,138.48,30,287,2714,682,buy,Y
P002775,SKU-STE-002775,Steel Product 02775,raw_material,steel,M,111.87,139.75,29,781,489,654,buy,Y
P002776,SKU-ALU-002776,Aluminium Product 02776,packaging,aluminium,EA,166.98,205.97,38,1484,2586,295,buy,Y
P002777,SKU-STE-002777,Steel Product 02777,packaging,steel,EA,43.21,47.69,6,717,2858,162,buy,Y
P002778,SKU-STE-002778,Steel Product 02778,raw_material,steel,EA,94.31,123.56,31,318,71,271,buy,Y
P002779,SKU-COP-002779,Copper Product 02779,raw_material,copper,KG,30.32,34.81,33,953,3061,648,buy,Y
P002780,SKU-FAS-002780,Fasteners Product 02780,packaging,fasteners,M,63.19,89.73,12,1113,233,726,buy,Y
P002781,SKU-ELE-002781,Electronic Components Product 02781,packaging,electronic_components,M,102.2,128.3,5,1459,1060,494,buy,Y
P002782,SKU-ALU-002782,Aluminium Product 02782,raw_material,aluminium,EA,56.48,71.46,34,872,400,325,buy,Y
P002783,SKU-PAC-002783,Packaging Product 02783,packaging,packaging,EA,31.76,39.23,7,321,442,393,buy,Y
P002784,SKU-COP-002784,Copper Product 02784,raw_material,copper,EA,54.67,75.54,10,508,1818,409,buy,Y
P002785,SKU-ALU-002785,Aluminium Product 02785,raw_material,aluminium,EA,65.21,73.11,36,946,1387,478,buy,Y
P002786,SKU-PAC-002786,Packaging Product 02786,raw_material,packaging,KG,113.49,150.56,38,599,1527,737,buy,Y
P002787,SKU-PAC-002787,Packaging Product 02787,raw_material,packaging,KG,42.74,50.17,22,1187,43,136,buy,Y
P002788,SKU-PLA-002788,Plastic Product 02788,raw_material,plastic,EA,77.54,87.1,12,856,1931,173,buy,Y
P002789,SKU-PLA-002789,Plastic Product 02789,raw_material,plastic,EA,42.4,52.39,35,908,260,33,buy,Y
P002790,SKU-PLA-002790,Plastic Product 02790,raw_material,plastic,EA,31.03,37.47,17,206,2080,375,buy,Y
P002791,SKU-FAS-002791,Fasteners Product 02791,raw_material,fasteners,EA,51.04,59.7,4,1127,2893,318,buy,Y
P002792,SKU-PLA-002792,Plastic Product 02792,raw_material,plastic,EA,75.04,86.18,18,91,1359,25,buy,Y
P002793,SKU-ELE-002793,Electronic Components Product 02793,raw_material,electronic_components,EA,84.55,109.94,6,392,1481,252,buy,Y
P002794,SKU-STE-002794,Steel Product 02794,raw_material,steel,EA,299.29,391.04,23,118,1131,541,buy,Y
P002795,SKU-FAS-002795,Fasteners Product 02795,raw_material,fasteners,EA,65.09,76.2,30,95,1602,296,buy,Y
P002796,SKU-ALU-002796,Aluminium Product 02796,raw_material,aluminium,KG,141.66,156.57,35,1415,2564,611,buy,Y
P002797,SKU-FAS-002797,Fasteners Product 02797,raw_material,fasteners,EA,32.84,45.77,36,1026,2316,774,buy,Y
P002798,SKU-STE-002798,Steel Product 02798,raw_material,steel,EA,93.43,105.89,16,1348,2021,491,buy,Y
P002799,SKU-PLA-002799,Plastic Product 02799,raw_material,plastic,EA,28.75,35.86,17,229,219,530,buy,Y
P002800,SKU-ALU-002800,Aluminium Product 02800,raw_material,aluminium,KG,143.81,191.3,26,774,1281,298,buy,Y
P002801,SKU-FAS-002801,Fasteners Product 02801,raw_material,fasteners,EA,69.95,90.09,16,1481,1888,512,buy,Y
P002802,SKU-ELE-002802,Electronic Components Product 02802,packaging,electronic_components,EA,112.84,134.66,7,326,179,747,buy,Y
P002803,SKU-STE-002803,Steel Product 02803,packaging,steel,EA,26.29,34.51,21,1149,3303,788,buy,Y
P002804,SKU-ALU-002804,Aluminium Product 02804,raw_material,aluminium,EA,54.9,76.24,38,502,2327,99,buy,Y
P002805,SKU-STE-002805,Steel Product 02805,raw_material,steel,EA,124.31,149.06,35,47,1520,110,buy,Y
P002806,SKU-PLA-002806,Plastic Product 02806,raw_material,plastic,L,84.35,121.59,23,46,417,686,buy,Y
P002807,SKU-STE-002807,Steel Product 02807,raw_material,steel,EA,53.2,67.35,29,843,3094,190,buy,Y
P002808,SKU-PLA-002808,Plastic Product 02808,raw_material,plastic,EA,60.59,72.85,7,1386,1037,358,buy,Y
P002809,SKU-ALU-002809,Aluminium Product 02809,packaging,aluminium,EA,91.94,111.22,9,1368,1952,325,buy,Y
P002810,SKU-FAS-002810,Fasteners Product 02810,raw_material,fasteners,M,231.44,288.3,34,446,1468,549,buy,Y
P002811,SKU-STE-002811,Steel Product 02811,raw_material,steel,KG,36.83,47.87,16,1194,3272,701,buy,Y
P002812,SKU-STE-002812,Steel Product 02812,raw_material,steel,EA,92.25,129.23,8,200,166,216,buy,Y
P002813,SKU-ELE-002813,Electronic Components Product 02813,raw_material,electronic_components,KG,106.41,118.99,10,1223,2350,383,buy,Y
P002814,SKU-ELE-002814,Electronic Components Product 02814,raw_material,electronic_components,EA,57.72,79.66,23,681,836,581,buy,Y
P002815,SKU-COP-002815,Copper Product 02815,raw_material,copper,EA,121.59,156.49,16,171,3277,621,buy,Y
P002816,SKU-STE-002816,Steel Product 02816,raw_material,steel,EA,110.88,149.47,30,278,3001,399,buy,Y
P002817,SKU-FAS-002817,Fasteners Product 02817,raw_material,fasteners,EA,93.83,132.05,9,235,1609,363,buy,Y
P002818,SKU-STE-002818,Steel Product 02818,packaging,steel,EA,125.69,141.2,19,226,1577,275,buy,Y
P002819,SKU-ELE-002819,Electronic Components Product 02819,raw_material,electronic_components,M,35.88,41.64,18,1500,3177,753,buy,Y
P002820,SKU-PLA-002820,Plastic Product 02820,raw_material,plastic,EA,55.2,66.81,13,121,2495,104,buy,Y
P002821,SKU-PAC-002821,Packaging Product 02821,raw_material,packaging,EA,64.7,79.41,7,1238,97,609,buy,Y
P002822,SKU-COP-002822,Copper Product 02822,raw_material,copper,EA,61.97,70.58,19,991,487,586,buy,Y
P002823,SKU-ELE-002823,Electronic Components Product 02823,raw_material,electronic_components,EA,24.51,30.49,34,1309,211,738,buy,Y
P002824,SKU-FAS-002824,Fasteners Product 02824,raw_material,fasteners,M,34.2,48.84,28,1324,2509,430,buy,Y
P002825,SKU-ALU-002825,Aluminium Product 02825,packaging,aluminium,EA,33.13,36.45,4,1195,3427,602,buy,Y
P002826,SKU-COP-002826,Copper Product 02826,raw_material,copper,EA,27.45,34.1,11,356,1286,442,buy,Y
P002827,SKU-FAS-002827,Fasteners Product 02827,raw_material,fasteners,M,101.42,111.55,29,1084,184,494,buy,Y
P002828,SKU-ALU-002828,Aluminium Product 02828,raw_material,aluminium,EA,92.65,111.24,16,292,811,440,buy,Y
P002829,SKU-COP-002829,Copper Product 02829,packaging,copper,EA,19.02,26.36,25,1453,707,675,buy,Y
P002830,SKU-STE-002830,Steel Product 02830,raw_material,steel,EA,230.21,310.44,5,898,1014,58,buy,Y
P002831,SKU-ELE-002831,Electronic Components Product 02831,raw_material,electronic_components,EA,31.51,37.52,5,493,3360,588,buy,Y
P002832,SKU-ALU-002832,Aluminium Product 02832,raw_material,aluminium,EA,23.98,26.1,28,1388,647,224,buy,Y
P002833,SKU-PAC-002833,Packaging Product 02833,raw_material,packaging,EA,47.33,57.21,21,182,2284,548,buy,Y
P002834,SKU-PLA-002834,Plastic Product 02834,raw_material,plastic,KG,94.5,112.68,26,1293,2591,371,buy,Y
P002835,SKU-ALU-002835,Aluminium Product 02835,raw_material,aluminium,KG,69.47,81.83,23,316,3420,618,buy,Y
P002836,SKU-ELE-002836,Electronic Components Product 02836,raw_material,electronic_components,EA,78.61,104.34,24,528,3265,777,buy,Y
P002837,SKU-ALU-002837,Aluminium Product 02837,raw_material,aluminium,EA,99.67,129.79,19,881,1397,106,buy,Y
P002838,SKU-ALU-002838,Aluminium Product 02838,raw_material,aluminium,EA,26.65,36.3,30,1039,645,607,buy,Y
P002839,SKU-PAC-002839,Packaging Product 02839,packaging,packaging,EA,31.72,39.86,15,1036,199,731,buy,Y
P002840,SKU-STE-002840,Steel Product 02840,packaging,steel,EA,38.65,48.9,32,291,2659,409,buy,Y
P002841,SKU-STE-002841,Steel Product 02841,raw_material,steel,L,320.01,431.58,7,925,1711,789,buy,Y
P002842,SKU-ELE-002842,Electronic Components Product 02842,raw_material,electronic_components,EA,181.51,205.7,29,1346,1270,672,buy,Y
P002843,SKU-ELE-002843,Electronic Components Product 02843,raw_material,electronic_components,M,49.25,57.62,37,1375,3347,711,buy,Y
P002844,SKU-PLA-002844,Plastic Product 02844,packaging,plastic,EA,28.2,33.46,8,836,1020,626,buy,Y
P002845,SKU-PLA-002845,Plastic Product 02845,raw_material,plastic,M,94.4,117.48,21,1180,2136,712,buy,Y
P002846,SKU-ALU-002846,Aluminium Product 02846,raw_material,aluminium,KG,79.07,106.71,18,1401,1140,464,buy,Y
P002847,SKU-ELE-002847,Electronic Components Product 02847,raw_material,electronic_components,EA,97.42,113.56,27,319,1997,251,buy,Y
P002848,SKU-STE-002848,Steel Product 02848,packaging,steel,EA,33.24,42.88,24,770,266,402,buy,Y
P002849,SKU-PLA-002849,Plastic Product 02849,packaging,plastic,KG,62.26,69.1,38,1299,3168,293,buy,Y
P002850,SKU-PLA-002850,Plastic Product 02850,raw_material,plastic,EA,23.28,31.16,19,1180,880,451,buy,Y
P002851,SKU-COP-002851,Copper Product 02851,raw_material,copper,EA,66.27,72.28,8,1389,1158,624,buy,Y
P002852,SKU-STE-002852,Steel Product 02852,raw_material,steel,EA,64.3,71.98,31,1346,3096,16,buy,Y
P002853,SKU-STE-002853,Steel Product 02853,raw_material,steel,EA,130.71,152.71,6,753,3357,511,buy,Y
P002854,SKU-FAS-002854,Fasteners Product 02854,raw_material,fasteners,M,53.89,68.33,14,206,1352,537,buy,Y
P002855,SKU-STE-002855,Steel Product 02855,raw_material,steel,EA,69.06,90.12,38,231,3059,240,buy,Y
P002856,SKU-ELE-002856,Electronic Components Product 02856,raw_material,electronic_components,EA,17.61,24.56,9,150,764,564,buy,Y
P002857,SKU-ELE-002857,Electronic Components Product 02857,raw_material,electronic_components,EA,82.45,90.76,34,667,3360,221,buy,Y
P002858,SKU-PLA-002858,Plastic Product 02858,raw_material,plastic,EA,80.39,110.47,34,537,2618,529,buy,Y
P002859,SKU-ELE-002859,Electronic Components Product 02859,raw_material,electronic_components,EA,40.79,45.94,14,323,2868,513,buy,Y
P002860,SKU-ELE-002860,Electronic Components Product 02860,packaging,electronic_components,M,125.22,168.96,18,114,1791,548,buy,Y
P002861,SKU-COP-002861,Copper Product 02861,raw_material,copper,M,125.67,140.85,35,60,510,115,buy,Y
P002862,SKU-PLA-002862,Plastic Product 02862,raw_material,plastic,EA,66.33,79.38,29,147,671,591,buy,Y
P002863,SKU-PLA-002863,Plastic Product 02863,packaging,plastic,EA,95.85,124.74,9,1333,3478,529,buy,Y
P002864,SKU-PLA-002864,Plastic Product 02864,raw_material,plastic,KG,20.52,26.3,15,1035,1314,644,buy,Y
P002865,SKU-COP-002865,Copper Product 02865,raw_material,copper,EA,33.13,41.24,25,698,3246,187,buy,Y
P002866,SKU-PAC-002866,Packaging Product 02866,raw_material,packaging,KG,113.75,129.49,34,299,1146,577,buy,Y
P002867,SKU-COP-002867,Copper Product 02867,raw_material,copper,EA,73.09,80.15,30,1401,2391,684,buy,Y
P002868,SKU-ALU-002868,Aluminium Product 02868,raw_material,aluminium,EA,191.03,273.1,8,255,183,779,buy,Y
P002869,SKU-ALU-002869,Aluminium Product 02869,raw_material,aluminium,EA,399.48,486.45,21,1143,618,432,buy,Y
P002870,SKU-PAC-002870,Packaging Product 02870,packaging,packaging,EA,93.59,122.86,32,1427,1542,676,buy,Y
P002871,SKU-PAC-002871,Packaging Product 02871,raw_material,packaging,EA,207.55,247.4,11,1227,553,318,buy,Y
P002872,SKU-ELE-002872,Electronic Components Product 02872,raw_material,electronic_components,KG,86.25,124.92,15,1344,2781,588,buy,Y
P002873,SKU-PAC-002873,Packaging Product 02873,raw_material,packaging,EA,51.46,57.81,12,572,3259,748,buy,Y
P002874,SKU-STE-002874,Steel Product 02874,raw_material,steel,EA,41.4,46.22,20,1482,2347,572,buy,Y
P002875,SKU-STE-002875,Steel Product 02875,packaging,steel,EA,202.36,268.47,10,1375,2119,203,buy,Y
P002876,SKU-FAS-002876,Fasteners Product 02876,raw_material,fasteners,EA,47.7,56.41,16,927,3194,106,buy,Y
P002877,SKU-PAC-002877,Packaging Product 02877,raw_material,packaging,EA,34.01,40.12,7,1213,2115,717,buy,Y
P002878,SKU-PAC-002878,Packaging Product 02878,raw_material,packaging,EA,108.97,156.68,10,1200,3383,178,buy,Y
P002879,SKU-PLA-002879,Plastic Product 02879,raw_material,plastic,M,58.87,78.84,21,557,94,82,buy,Y
P002880,SKU-FAS-002880,Fasteners Product 02880,raw_material,fasteners,EA,14.66,18.54,31,600,265,519,buy,Y
P002881,SKU-COP-002881,Copper Product 02881,packaging,copper,EA,40.1,50.53,14,642,3490,392,buy,Y
P002882,SKU-PLA-002882,Plastic Product 02882,raw_material,plastic,L,33.93,37.94,29,421,501,98,buy,Y
P002883,SKU-ELE-002883,Electronic Components Product 02883,raw_material,electronic_components,EA,213.93,240.45,27,373,2909,214,buy,Y
P002884,SKU-PLA-002884,Plastic Product 02884,raw_material,plastic,EA,42.61,58.89,17,1024,2166,752,buy,Y
P002885,SKU-ELE-002885,Electronic Components Product 02885,packaging,electronic_components,EA,84.57,97.36,10,912,1119,650,buy,Y
P002886,SKU-STE-002886,Steel Product 02886,raw_material,steel,EA,107.47,130.93,32,33,2086,126,buy,Y
P002887,SKU-PLA-002887,Plastic Product 02887,raw_material,plastic,EA,32.29,38.38,15,613,2452,250,buy,Y
P002888,SKU-PAC-002888,Packaging Product 02888,raw_material,packaging,M,94.25,103.54,5,1177,2323,422,buy,Y
P002889,SKU-PLA-002889,Plastic Product 02889,raw_material,plastic,EA,44.0,60.63,9,762,2108,363,buy,Y
P002890,SKU-COP-002890,Copper Product 02890,raw_material,copper,EA,45.72,52.84,12,915,3239,667,buy,Y
P002891,SKU-PLA-002891,Plastic Product 02891,raw_material,plastic,EA,18.95,25.88,30,602,1999,521,buy,Y
P002892,SKU-PLA-002892,Plastic Product 02892,raw_material,plastic,EA,67.32,72.76,33,410,850,784,buy,Y
P002893,SKU-STE-002893,Steel Product 02893,raw_material,steel,M,147.86,171.12,29,719,1564,739,buy,Y
P002894,SKU-PLA-002894,Plastic Product 02894,raw_material,plastic,M,44.54,49.18,16,428,280,396,buy,Y
P002895,SKU-PAC-002895,Packaging Product 02895,raw_material,packaging,KG,355.73,465.12,20,1046,1660,606,buy,Y
P002896,SKU-STE-002896,Steel Product 02896,raw_material,steel,EA,26.38,35.65,14,1131,643,215,buy,Y
P002897,SKU-ALU-002897,Aluminium Product 02897,packaging,aluminium,EA,111.32,144.35,29,361,2897,608,buy,Y
P002898,SKU-STE-002898,Steel Product 02898,raw_material,steel,L,130.55,188.75,31,497,2628,370,buy,Y
P002899,SKU-PAC-002899,Packaging Product 02899,raw_material,packaging,EA,60.85,87.73,17,749,1115,121,buy,Y
P002900,SKU-ELE-002900,Electronic Components Product 02900,raw_material,electronic_components,EA,36.88,48.54,6,583,585,137,buy,Y
P002901,SKU-ALU-002901,Aluminium Product 02901,raw_material,aluminium,L,24.48,30.67,8,909,986,285,buy,Y
P002902,SKU-ELE-002902,Electronic Components Product 02902,raw_material,electronic_components,EA,80.54,106.52,29,537,3306,190,buy,Y
P002903,SKU-COP-002903,Copper Product 02903,raw_material,copper,EA,98.15,121.98,8,1358,2464,429,buy,Y
P002904,SKU-ALU-002904,Aluminium Product 02904,packaging,aluminium,KG,139.42,175.69,34,525,2861,552,buy,Y
P002905,SKU-PAC-002905,Packaging Product 02905,raw_material,packaging,EA,34.68,47.39,24,682,2293,396,buy,Y
P002906,SKU-STE-002906,Steel Product 02906,raw_material,steel,EA,99.88,116.8,12,910,1535,795,buy,Y
P002907,SKU-PAC-002907,Packaging Product 02907,packaging,packaging,EA,22.43,30.07,26,1020,880,223,buy,Y
P002908,SKU-PAC-002908,Packaging Product 02908,raw_material,packaging,EA,349.6,382.26,21,1302,432,646,buy,Y
P002909,SKU-STE-002909,Steel Product 02909,raw_material,steel,EA,164.89,221.78,7,223,2167,521,buy,Y
P002910,SKU-FAS-002910,Fasteners Product 02910,raw_material,fasteners,EA,42.09,55.66,4,153,1434,653,buy,Y
P002911,SKU-COP-002911,Copper Product 02911,raw_material,copper,EA,18.17,25.78,38,572,1808,462,buy,Y
P002912,SKU-FAS-002912,Fasteners Product 02912,raw_material,fasteners,M,27.09,35.61,4,1332,995,662,buy,Y
P002913,SKU-STE-002913,Steel Product 02913,raw_material,steel,EA,21.59,27.35,21,67,3246,378,buy,Y
P002914,SKU-ALU-002914,Aluminium Product 02914,raw_material,aluminium,EA,101.73,120.57,7,1249,2220,409,buy,Y
P002915,SKU-STE-002915,Steel Product 02915,raw_material,steel,KG,95.87,132.88,5,137,2517,709,buy,Y
P002916,SKU-PLA-002916,Plastic Product 02916,raw_material,plastic,EA,37.33,54.01,28,1105,1104,490,buy,Y
P002917,SKU-FAS-002917,Fasteners Product 02917,raw_material,fasteners,EA,150.0,200.33,22,411,2794,760,buy,Y
P002918,SKU-ELE-002918,Electronic Components Product 02918,raw_material,electronic_components,EA,38.26,51.06,25,328,3130,211,buy,Y
P002919,SKU-STE-002919,Steel Product 02919,raw_material,steel,EA,54.88,64.5,36,296,2423,631,buy,Y
P002920,SKU-PLA-002920,Plastic Product 02920,raw_material,plastic,EA,101.35,123.02,23,270,1648,26,buy,Y
P002921,SKU-COP-002921,Copper Product 02921,raw_material,copper,KG,90.23,121.03,35,1225,362,114,buy,Y
P002922,SKU-PLA-002922,Plastic Product 02922,raw_material,plastic,EA,68.37,89.42,35,679,831,712,buy,Y
P002923,SKU-STE-002923,Steel Product 02923,raw_material,steel,EA,226.88,279.59,21,578,2305,254,buy,Y
P002924,SKU-ALU-002924,Aluminium Product 02924,raw_material,aluminium,EA,101.23,111.14,11,359,380,104,buy,Y
P002925,SKU-STE-002925,Steel Product 02925,raw_material,steel,EA,29.06,38.07,25,646,2116,269,buy,Y
P002926,SKU-PLA-002926,Plastic Product 02926,raw_material,plastic,EA,129.91,171.77,8,1467,1036,229,buy,Y
P002927,SKU-COP-002927,Copper Product 02927,raw_material,copper,EA,39.23,44.46,25,598,448,139,buy,Y
P002928,SKU-STE-002928,Steel Product 02928,raw_material,steel,EA,62.1,82.79,23,1279,1686,581,buy,Y
P002929,SKU-PLA-002929,Plastic Product 02929,raw_material,plastic,EA,123.84,135.74,38,130,658,79,buy,Y
P002930,SKU-COP-002930,Copper Product 02930,raw_material,copper,M,44.24,49.07,35,1187,1802,443,buy,Y
P002931,SKU-STE-002931,Steel Product 02931,raw_material,steel,EA,22.93,29.24,18,1360,710,185,buy,Y
P002932,SKU-FAS-002932,Fasteners Product 02932,raw_material,fasteners,EA,68.0,87.42,6,46,1858,755,buy,Y
P002933,SKU-ELE-002933,Electronic Components Product 02933,raw_material,electronic_components,KG,77.47,88.02,22,774,887,701,buy,Y
P002934,SKU-COP-002934,Copper Product 02934,packaging,copper,EA,78.24,96.04,19,238,597,278,buy,Y
P002935,SKU-PAC-002935,Packaging Product 02935,packaging,packaging,EA,214.23,280.23,37,546,2937,223,buy,Y
P002936,SKU-PLA-002936,Plastic Product 02936,raw_material,plastic,EA,40.71,55.65,7,1029,789,479,buy,Y
P002937,SKU-STE-002937,Steel Product 02937,packaging,steel,KG,175.28,210.74,35,1022,1539,471,buy,Y
P002938,SKU-FAS-002938,Fasteners Product 02938,raw_material,fasteners,EA,162.34,210.03,13,673,1975,639,buy,Y
P002939,SKU-STE-002939,Steel Product 02939,raw_material,steel,EA,43.45,62.55,10,788,2078,112,buy,Y
P002940,SKU-FAS-002940,Fasteners Product 02940,packaging,fasteners,EA,80.26,92.56,7,176,808,309,buy,Y
P002941,SKU-PLA-002941,Plastic Product 02941,raw_material,plastic,EA,15.96,18.36,11,721,765,315,buy,Y
P002942,SKU-PAC-002942,Packaging Product 02942,raw_material,packaging,EA,168.6,189.3,15,765,2445,409,buy,Y
P002943,SKU-ELE-002943,Electronic Components Product 02943,raw_material,electronic_components,EA,138.28,170.48,16,1441,1520,131,buy,Y
P002944,SKU-STE-002944,Steel Product 02944,packaging,steel,EA,132.38,174.12,24,939,225,278,buy,Y
P002945,SKU-ELE-002945,Electronic Components Product 02945,raw_material,electronic_components,EA,105.55,139.11,28,358,814,290,buy,Y
P002946,SKU-ELE-002946,Electronic Components Product 02946,raw_material,electronic_components,EA,52.24,74.96,12,502,1248,760,buy,Y
P002947,SKU-STE-002947,Steel Product 02947,raw_material,steel,M,265.23,347.74,26,1472,2942,112,buy,Y
P002948,SKU-ALU-002948,Aluminium Product 02948,raw_material,aluminium,EA,36.75,47.56,22,149,1103,656,buy,Y
P002949,SKU-ELE-002949,Electronic Components Product 02949,raw_material,electronic_components,EA,54.37,59.34,27,1233,95,232,buy,Y
P002950,SKU-COP-002950,Copper Product 02950,raw_material,copper,EA,42.87,61.28,29,1150,2207,512,buy,Y
P002951,SKU-COP-002951,Copper Product 02951,raw_material,copper,EA,84.49,116.74,15,1406,2602,322,buy,Y
P002952,SKU-COP-002952,Copper Product 02952,raw_material,copper,EA,156.69,179.24,30,495,77,744,buy,Y
P002953,SKU-ALU-002953,Aluminium Product 02953,raw_material,aluminium,EA,53.9,71.09,12,1480,2493,479,buy,Y
P002954,SKU-ALU-002954,Aluminium Product 02954,packaging,aluminium,L,109.09,147.09,27,204,2297,318,buy,Y
P002955,SKU-STE-002955,Steel Product 02955,raw_material,steel,EA,18.49,20.23,11,1302,3316,471,buy,Y
P002956,SKU-STE-002956,Steel Product 02956,packaging,steel,M,79.34,107.24,9,678,3168,561,buy,Y
P002957,SKU-PLA-002957,Plastic Product 02957,raw_material,plastic,KG,109.3,147.19,18,188,1806,406,buy,Y
P002958,SKU-FAS-002958,Fasteners Product 02958,raw_material,fasteners,EA,127.55,167.74,13,906,1152,767,buy,Y
P002959,SKU-PAC-002959,Packaging Product 02959,raw_material,packaging,KG,50.4,67.36,21,1450,591,594,buy,Y
P002960,SKU-ELE-002960,Electronic Components Product 02960,raw_material,electronic_components,KG,60.86,84.46,36,342,3200,420,buy,Y
P002961,SKU-ALU-002961,Aluminium Product 02961,packaging,aluminium,EA,98.95,133.75,10,1298,2897,405,buy,Y
P002962,SKU-ELE-002962,Electronic Components Product 02962,raw_material,electronic_components,EA,69.9,98.38,29,412,2228,163,buy,Y
P002963,SKU-ELE-002963,Electronic Components Product 02963,raw_material,electronic_components,EA,28.32,36.77,14,143,1285,799,buy,Y
P002964,SKU-ELE-002964,Electronic Components Product 02964,raw_material,electronic_components,EA,48.18,53.76,22,303,2487,121,buy,Y
P002965,SKU-ALU-002965,Aluminium Product 02965,packaging,aluminium,EA,40.44,43.73,4,1145,1713,84,buy,Y
P002966,SKU-ELE-002966,Electronic Components Product 02966,raw_material,electronic_components,KG,78.08,90.63,34,1178,2668,331,buy,Y
P002967,SKU-FAS-002967,Fasteners Product 02967,raw_material,fasteners,EA,66.77,91.23,25,618,1601,631,buy,Y
P002968,SKU-STE-002968,Steel Product 02968,raw_material,steel,M,34.75,45.88,6,68,303,587,buy,Y
P002969,SKU-STE-002969,Steel Product 02969,packaging,steel,EA,108.31,130.33,17,70,3154,116,buy,Y
P002970,SKU-ELE-002970,Electronic Components Product 02970,packaging,electronic_components,EA,36.27,47.81,14,894,837,239,buy,Y
P002971,SKU-PLA-002971,Plastic Product 02971,raw_material,plastic,EA,38.4,46.28,37,257,2812,621,buy,Y
P002972,SKU-ELE-002972,Electronic Components Product 02972,packaging,electronic_components,EA,90.41,115.93,15,969,142,306,buy,Y
P002973,SKU-STE-002973,Steel Product 02973,raw_material,steel,M,72.13,87.31,18,443,2506,134,buy,Y
P002974,SKU-PLA-002974,Plastic Product 02974,raw_material,plastic,EA,63.58,77.2,12,22,551,539,buy,Y
P002975,SKU-PLA-002975,Plastic Product 02975,raw_material,plastic,KG,31.46,37.12,33,1251,2920,410,buy,Y
P002976,SKU-PAC-002976,Packaging Product 02976,raw_material,packaging,EA,93.83,126.49,12,1168,1153,481,buy,Y
P002977,SKU-ALU-002977,Aluminium Product 02977,raw_material,aluminium,EA,113.72,148.41,30,548,1484,607,buy,Y
P002978,SKU-ELE-002978,Electronic Components Product 02978,raw_material,electronic_components,L,101.23,139.16,13,751,59,362,buy,Y
P002979,SKU-ALU-002979,Aluminium Product 02979,raw_material,aluminium,L,35.33,42.0,21,907,1351,81,buy,Y
P002980,SKU-ALU-002980,Aluminium Product 02980,raw_material,aluminium,M,172.43,189.51,4,701,3037,99,buy,Y
P002981,SKU-PLA-002981,Plastic Product 02981,raw_material,plastic,EA,22.62,30.77,25,154,2459,128,buy,Y
P002982,SKU-PAC-002982,Packaging Product 02982,raw_material,packaging,EA,47.57,56.8,24,795,3198,711,buy,Y
P002983,SKU-STE-002983,Steel Product 02983,raw_material,steel,M,80.62,95.85,35,1320,928,131,buy,Y
P002984,SKU-PAC-002984,Packaging Product 02984,raw_material,packaging,EA,49.39,62.79,29,1156,1493,712,buy,Y
P002985,SKU-STE-002985,Steel Product 02985,raw_material,steel,EA,94.63,122.39,20,337,1622,575,buy,Y
P002986,SKU-COP-002986,Copper Product 02986,raw_material,copper,EA,82.74,108.73,5,456,1918,699,buy,Y
P002987,SKU-PAC-002987,Packaging Product 02987,raw_material,packaging,KG,61.91,80.28,38,771,1018,441,buy,Y
P002988,SKU-PAC-002988,Packaging Product 02988,raw_material,packaging,EA,74.27,104.29,5,1028,2708,305,buy,Y
P002989,SKU-STE-002989,Steel Product 02989,raw_material,steel,EA,70.73,93.42,26,1277,2094,597,buy,Y
P002990,SKU-PLA-002990,Plastic Product 02990,raw_material,plastic,EA,78.36,109.03,37,559,964,599,buy,Y
P002991,SKU-ALU-002991,Aluminium Product 02991,raw_material,aluminium,KG,59.78,81.14,6,1076,1563,308,buy,Y
P002992,SKU-PAC-002992,Packaging Product 02992,raw_material,packaging,M,108.04,152.07,27,1099,1629,61,buy,Y
P002993,SKU-FAS-002993,Fasteners Product 02993,raw_material,fasteners,EA,49.28,66.31,16,432,629,317,buy,Y
P002994,SKU-FAS-002994,Fasteners Product 02994,raw_material,fasteners,EA,78.01,98.22,19,26,1229,317,buy,Y
P002995,SKU-PLA-002995,Plastic Product 02995,raw_material,plastic,EA,154.02,211.03,37,409,1894,786,buy,Y
P002996,SKU-PLA-002996,Plastic Product 02996,raw_material,plastic,EA,38.4,45.09,14,876,1810,554,buy,Y
P002997,SKU-STE-002997,Steel Product 02997,packaging,steel,KG,341.57,381.26,32,743,1725,143,buy,Y
P002998,SKU-COP-002998,Copper Product 02998,packaging,copper,KG,18.72,25.0,20,1438,1238,274,buy,Y
P002999,SKU-COP-002999,Copper Product 02999,raw_material,copper,EA,16.06,20.43,22,649,2123,353,buy,Y
P003000,SKU-STE-003000,Steel Product 03000,raw_material,steel,EA,19.53,24.23,21,241,3131,752,buy,Y
P003001,SKU-PLA-003001,Plastic Product 03001,raw_material,plastic,EA,48.07,68.53,14,581,1296,33,buy,Y
P003002,SKU-ALU-003002,Aluminium Product 03002,raw_material,aluminium,EA,31.8,36.62,5,651,2665,245,buy,Y
P003003,SKU-PLA-003003,Plastic Product 03003,raw_material,plastic,EA,229.39,267.89,12,226,2148,719,buy,Y
P003004,SKU-PLA-003004,Plastic Product 03004,packaging,plastic,KG,145.24,158.29,34,1436,1951,198,buy,Y
P003005,SKU-PAC-003005,Packaging Product 03005,raw_material,packaging,EA,17.4,22.21,8,1096,1567,741,buy,Y
P003006,SKU-ELE-003006,Electronic Components Product 03006,raw_material,electronic_components,EA,30.32,40.22,26,852,1244,109,buy,Y
P003007,SKU-PAC-003007,Packaging Product 03007,raw_material,packaging,M,224.49,321.46,34,65,1082,582,buy,Y
P003008,SKU-STE-003008,Steel Product 03008,raw_material,steel,EA,77.12,100.93,24,1486,2818,463,buy,Y
P003009,SKU-PAC-003009,Packaging Product 03009,packaging,packaging,L,69.97,95.68,32,535,2085,213,buy,Y
P003010,SKU-ELE-003010,Electronic Components Product 03010,raw_material,electronic_components,EA,92.46,133.95,30,1369,2576,223,buy,Y
P003011,SKU-STE-003011,Steel Product 03011,raw_material,steel,L,8.0,10.27,29,73,1885,199,buy,Y
P003012,SKU-ELE-003012,Electronic Components Product 03012,raw_material,electronic_components,EA,16.25,19.83,15,855,2584,15,buy,Y
P003013,SKU-ELE-003013,Electronic Components Product 03013,raw_material,electronic_components,EA,59.04,75.23,37,1094,3176,689,buy,Y
P003014,SKU-PAC-003014,Packaging Product 03014,packaging,packaging,EA,12.94,14.4,29,395,3196,178,buy,Y
P003015,SKU-COP-003015,Copper Product 03015,raw_material,copper,EA,34.32,45.55,33,764,2379,481,buy,Y
P003016,SKU-STE-003016,Steel Product 03016,raw_material,steel,EA,83.04,107.68,8,269,1895,172,buy,Y
P003017,SKU-ALU-003017,Aluminium Product 03017,raw_material,aluminium,EA,114.23,161.03,18,1138,2124,327,buy,Y
P003018,SKU-ELE-003018,Electronic Components Product 03018,raw_material,electronic_components,EA,95.14,134.05,7,1361,1672,568,buy,Y
P003019,SKU-ELE-003019,Electronic Components Product 03019,raw_material,electronic_components,EA,124.62,178.1,32,372,726,411,buy,Y
P003020,SKU-ELE-003020,Electronic Components Product 03020,raw_material,electronic_components,EA,61.45,80.02,7,1172,357,712,buy,Y
P003021,SKU-STE-003021,Steel Product 03021,raw_material,steel,KG,61.99,78.87,30,1441,2841,381,buy,Y
P003022,SKU-COP-003022,Copper Product 03022,raw_material,copper,EA,19.16,26.43,21,549,1882,355,buy,Y
P003023,SKU-FAS-003023,Fasteners Product 03023,raw_material,fasteners,KG,52.79,69.47,21,795,2819,688,buy,Y
P003024,SKU-FAS-003024,Fasteners Product 03024,raw_material,fasteners,L,63.88,89.75,35,1319,859,383,buy,Y
P003025,SKU-PAC-003025,Packaging Product 03025,raw_material,packaging,EA,160.37,184.05,33,1498,3265,477,buy,Y
P003026,SKU-PLA-003026,Plastic Product 03026,packaging,plastic,EA,66.01,81.54,7,832,2710,743,buy,Y
P003027,SKU-PLA-003027,Plastic Product 03027,raw_material,plastic,EA,98.79,118.22,7,951,1096,667,buy,Y
P003028,SKU-STE-003028,Steel Product 03028,raw_material,steel,EA,89.66,99.37,38,1005,2181,44,buy,Y
P003029,SKU-STE-003029,Steel Product 03029,raw_material,steel,EA,25.4,31.1,23,1111,1510,335,buy,Y
P003030,SKU-STE-003030,Steel Product 03030,raw_material,steel,L,197.86,241.03,10,1374,3313,207,buy,Y
P003031,SKU-ELE-003031,Electronic Components Product 03031,raw_material,electronic_components,EA,215.41,252.22,37,152,2973,274,buy,Y
P003032,SKU-ELE-003032,Electronic Components Product 03032,packaging,electronic_components,EA,86.38,114.52,33,1212,2231,390,buy,Y
P003033,SKU-ELE-003033,Electronic Components Product 03033,raw_material,electronic_components,EA,86.93,117.46,37,877,1046,660,buy,Y
P003034,SKU-COP-003034,Copper Product 03034,raw_material,copper,EA,27.49,38.68,9,519,556,413,buy,Y
P003035,SKU-PLA-003035,Plastic Product 03035,raw_material,plastic,M,77.49,88.02,7,1172,2245,158,buy,Y
P003036,SKU-ALU-003036,Aluminium Product 03036,raw_material,aluminium,EA,30.81,44.37,19,334,3212,625,buy,Y
P003037,SKU-ELE-003037,Electronic Components Product 03037,raw_material,electronic_components,EA,57.35,70.67,21,714,648,382,buy,Y
P003038,SKU-COP-003038,Copper Product 03038,raw_material,copper,EA,57.24,64.15,19,901,3163,197,buy,Y
P003039,SKU-ELE-003039,Electronic Components Product 03039,raw_material,electronic_components,EA,35.01,45.89,38,1404,2978,514,buy,Y
P003040,SKU-PAC-003040,Packaging Product 03040,packaging,packaging,EA,41.42,52.32,5,54,542,133,buy,Y
P003041,SKU-COP-003041,Copper Product 03041,packaging,copper,EA,89.8,121.83,21,718,2467,172,buy,Y
P003042,SKU-ALU-003042,Aluminium Product 03042,raw_material,aluminium,EA,77.73,105.06,13,1093,1789,555,buy,Y
P003043,SKU-PAC-003043,Packaging Product 03043,packaging,packaging,M,162.19,182.56,35,1174,1153,556,buy,Y
P003044,SKU-COP-003044,Copper Product 03044,raw_material,copper,EA,28.93,33.27,25,26,476,722,buy,Y
P003045,SKU-PLA-003045,Plastic Product 03045,raw_material,plastic,M,67.29,82.92,13,801,1915,788,buy,Y
P003046,SKU-ELE-003046,Electronic Components Product 03046,raw_material,electronic_components,KG,55.19,74.86,19,870,1755,122,buy,Y
P003047,SKU-ELE-003047,Electronic Components Product 03047,raw_material,electronic_components,KG,68.23,98.85,34,897,2021,639,buy,Y
P003048,SKU-ALU-003048,Aluminium Product 03048,raw_material,aluminium,L,88.83,121.78,16,895,780,559,buy,Y
P003049,SKU-COP-003049,Copper Product 03049,raw_material,copper,EA,26.56,32.61,16,643,1086,624,buy,Y
P003050,SKU-PLA-003050,Plastic Product 03050,raw_material,plastic,EA,42.97,46.85,36,1160,693,156,buy,Y
P003051,SKU-FAS-003051,Fasteners Product 03051,raw_material,fasteners,EA,63.82,71.58,35,758,635,596,buy,Y
P003052,SKU-ELE-003052,Electronic Components Product 03052,packaging,electronic_components,L,36.34,42.85,16,722,313,612,buy,Y
P003053,SKU-STE-003053,Steel Product 03053,raw_material,steel,EA,52.38,69.08,19,1183,1181,481,buy,Y
P003054,SKU-STE-003054,Steel Product 03054,raw_material,steel,EA,46.46,50.34,29,409,2766,673,buy,Y
P003055,SKU-ELE-003055,Electronic Components Product 03055,raw_material,electronic_components,L,39.71,42.96,9,1414,1247,636,buy,Y
P003056,SKU-ALU-003056,Aluminium Product 03056,raw_material,aluminium,EA,92.34,124.26,21,1352,1702,346,buy,Y
P003057,SKU-PLA-003057,Plastic Product 03057,raw_material,plastic,KG,113.75,152.17,20,1065,2641,100,buy,Y
P003058,SKU-ALU-003058,Aluminium Product 03058,raw_material,aluminium,EA,178.28,208.57,28,1400,3302,786,buy,Y
P003059,SKU-STE-003059,Steel Product 03059,raw_material,steel,EA,166.09,235.14,6,251,2351,648,buy,Y
P003060,SKU-PLA-003060,Plastic Product 03060,raw_material,plastic,EA,52.82,59.03,22,328,3228,469,buy,Y
P003061,SKU-ELE-003061,Electronic Components Product 03061,packaging,electronic_components,EA,39.01,45.62,20,197,857,570,buy,Y
P003062,SKU-PLA-003062,Plastic Product 03062,raw_material,plastic,EA,117.96,136.59,18,1457,205,317,buy,Y
P003063,SKU-PLA-003063,Plastic Product 03063,raw_material,plastic,KG,114.28,139.03,19,1155,3408,316,buy,Y
P003064,SKU-STE-003064,Steel Product 03064,raw_material,steel,EA,105.19,145.45,10,794,2696,683,buy,Y
P003065,SKU-ELE-003065,Electronic Components Product 03065,packaging,electronic_components,EA,35.21,46.27,7,559,3439,350,buy,Y
P003066,SKU-COP-003066,Copper Product 03066,raw_material,copper,EA,178.2,214.98,32,1389,1895,378,buy,Y
P003067,SKU-PAC-003067,Packaging Product 03067,raw_material,packaging,EA,106.05,142.04,5,945,2120,59,buy,Y
P003068,SKU-ALU-003068,Aluminium Product 03068,raw_material,aluminium,KG,19.58,28.31,5,235,3289,407,buy,Y
P003069,SKU-ELE-003069,Electronic Components Product 03069,raw_material,electronic_components,EA,59.97,75.19,21,1456,2709,799,buy,Y
P003070,SKU-STE-003070,Steel Product 03070,raw_material,steel,KG,233.5,335.63,10,1290,625,428,buy,Y
P003071,SKU-FAS-003071,Fasteners Product 03071,raw_material,fasteners,EA,130.12,186.0,34,624,1416,496,buy,Y
P003072,SKU-FAS-003072,Fasteners Product 03072,packaging,fasteners,EA,46.69,55.3,30,730,3330,471,buy,Y
P003073,SKU-ALU-003073,Aluminium Product 03073,packaging,aluminium,KG,86.19,112.12,25,866,1102,109,buy,Y
P003074,SKU-ALU-003074,Aluminium Product 03074,raw_material,aluminium,EA,144.47,164.69,19,199,401,358,buy,Y
P003075,SKU-FAS-003075,Fasteners Product 03075,raw_material,fasteners,M,19.73,25.85,14,24,3156,160,buy,Y
P003076,SKU-ALU-003076,Aluminium Product 03076,raw_material,aluminium,EA,57.72,77.86,9,447,1466,105,buy,Y
P003077,SKU-COP-003077,Copper Product 03077,raw_material,copper,L,237.11,326.27,8,238,2764,358,buy,Y
P003078,SKU-ELE-003078,Electronic Components Product 03078,raw_material,electronic_components,EA,46.87,64.43,28,67,1136,660,buy,Y
P003079,SKU-ELE-003079,Electronic Components Product 03079,raw_material,electronic_components,EA,23.34,29.14,19,345,586,696,buy,Y
P003080,SKU-ELE-003080,Electronic Components Product 03080,raw_material,electronic_components,EA,50.46,56.48,10,627,808,314,buy,Y
P003081,SKU-ELE-003081,Electronic Components Product 03081,packaging,electronic_components,M,302.42,428.55,12,708,1748,427,buy,Y
P003082,SKU-PLA-003082,Plastic Product 03082,raw_material,plastic,EA,77.25,106.76,36,211,1772,304,buy,Y
P003083,SKU-ELE-003083,Electronic Components Product 03083,raw_material,electronic_components,EA,86.31,96.4,33,834,2427,467,buy,Y
P003084,SKU-PLA-003084,Plastic Product 03084,raw_material,plastic,L,86.17,108.05,19,351,1380,396,buy,Y
P003085,SKU-STE-003085,Steel Product 03085,packaging,steel,KG,43.53,59.39,19,467,3270,164,buy,Y
P003086,SKU-ELE-003086,Electronic Components Product 03086,raw_material,electronic_components,EA,153.64,172.52,15,565,2781,549,buy,Y
P003087,SKU-PAC-003087,Packaging Product 03087,raw_material,packaging,EA,95.89,127.93,33,185,2504,757,buy,Y
P003088,SKU-STE-003088,Steel Product 03088,packaging,steel,EA,42.62,54.67,31,217,3371,703,buy,Y
P003089,SKU-STE-003089,Steel Product 03089,raw_material,steel,EA,76.91,99.94,9,151,339,283,buy,Y
P003090,SKU-ELE-003090,Electronic Components Product 03090,raw_material,electronic_components,EA,34.83,38.34,36,1346,2991,463,buy,Y
P003091,SKU-ELE-003091,Electronic Components Product 03091,raw_material,electronic_components,EA,59.21,76.56,18,820,1715,564,buy,Y
P003092,SKU-ALU-003092,Aluminium Product 03092,raw_material,aluminium,EA,89.67,99.25,12,702,2390,213,buy,Y
P003093,SKU-ELE-003093,Electronic Components Product 03093,packaging,electronic_components,EA,111.54,152.5,23,150,496,491,buy,Y
P003094,SKU-PAC-003094,Packaging Product 03094,raw_material,packaging,L,68.45,99.19,18,1059,1186,175,buy,Y
P003095,SKU-ELE-003095,Electronic Components Product 03095,raw_material,electronic_components,EA,59.01,78.92,16,1127,2337,707,buy,Y
P003096,SKU-ELE-003096,Electronic Components Product 03096,packaging,electronic_components,EA,320.49,433.27,10,683,1000,766,buy,Y
P003097,SKU-PLA-003097,Plastic Product 03097,raw_material,plastic,EA,100.01,120.12,7,1136,2506,59,buy,Y
P003098,SKU-FAS-003098,Fasteners Product 03098,raw_material,fasteners,KG,35.11,49.8,25,919,158,647,buy,Y
P003099,SKU-ALU-003099,Aluminium Product 03099,raw_material,aluminium,EA,212.11,285.6,31,80,274,590,buy,Y
P003100,SKU-PLA-003100,Plastic Product 03100,raw_material,plastic,KG,163.16,203.9,25,907,1303,421,buy,Y
P003101,SKU-STE-003101,Steel Product 03101,raw_material,steel,M,15.5,20.39,22,801,1554,214,buy,Y
P003102,SKU-PAC-003102,Packaging Product 03102,raw_material,packaging,EA,103.01,126.23,18,420,734,216,buy,Y
P003103,SKU-COP-003103,Copper Product 03103,raw_material,copper,EA,54.89,75.96,18,1408,711,560,buy,Y
P003104,SKU-STE-003104,Steel Product 03104,raw_material,steel,EA,28.33,30.88,8,1263,3082,13,buy,Y
P003105,SKU-ELE-003105,Electronic Components Product 03105,raw_material,electronic_components,EA,96.13,135.64,17,454,856,294,buy,Y
P003106,SKU-PAC-003106,Packaging Product 03106,raw_material,packaging,M,465.22,656.64,8,1061,1487,771,buy,Y
P003107,SKU-PAC-003107,Packaging Product 03107,raw_material,packaging,EA,143.59,190.85,19,44,1823,188,buy,Y
P003108,SKU-PLA-003108,Plastic Product 03108,raw_material,plastic,EA,59.47,78.23,28,799,1109,216,buy,Y
P003109,SKU-FAS-003109,Fasteners Product 03109,raw_material,fasteners,EA,32.4,37.54,38,256,2985,633,buy,Y
P003110,SKU-PLA-003110,Plastic Product 03110,raw_material,plastic,KG,38.72,46.61,24,779,1879,466,buy,Y
P003111,SKU-FAS-003111,Fasteners Product 03111,raw_material,fasteners,EA,116.1,167.02,33,247,3213,425,buy,Y
P003112,SKU-PAC-003112,Packaging Product 03112,raw_material,packaging,EA,57.5,73.41,14,106,501,284,buy,Y
P003113,SKU-ELE-003113,Electronic Components Product 03113,raw_material,electronic_components,L,66.89,77.59,23,780,2454,134,buy,Y
P003114,SKU-ALU-003114,Aluminium Product 03114,raw_material,aluminium,EA,53.34,59.64,26,589,344,565,buy,Y
P003115,SKU-PLA-003115,Plastic Product 03115,raw_material,plastic,EA,56.73,75.38,27,282,847,418,buy,Y
P003116,SKU-PLA-003116,Plastic Product 03116,raw_material,plastic,EA,126.32,180.53,35,127,614,648,buy,Y
P003117,SKU-FAS-003117,Fasteners Product 03117,packaging,fasteners,M,135.69,171.61,15,1328,136,336,buy,Y
P003118,SKU-STE-003118,Steel Product 03118,raw_material,steel,KG,443.24,594.67,36,361,362,224,buy,Y
P003119,SKU-PLA-003119,Plastic Product 03119,packaging,plastic,EA,34.57,47.62,17,315,1839,536,buy,Y
P003120,SKU-ELE-003120,Electronic Components Product 03120,raw_material,electronic_components,EA,95.48,123.38,27,121,373,736,buy,Y
P003121,SKU-COP-003121,Copper Product 03121,raw_material,copper,EA,92.53,116.74,30,192,3424,139,buy,Y
P003122,SKU-ALU-003122,Aluminium Product 03122,raw_material,aluminium,KG,100.78,127.39,14,794,2378,406,buy,Y
P003123,SKU-PLA-003123,Plastic Product 03123,raw_material,plastic,EA,69.36,91.77,24,135,2150,536,buy,Y
P003124,SKU-PLA-003124,Plastic Product 03124,raw_material,plastic,EA,46.13,66.33,27,1212,2407,714,buy,Y
P003125,SKU-STE-003125,Steel Product 03125,packaging,steel,EA,412.54,509.11,37,1205,1110,173,buy,Y
P003126,SKU-ELE-003126,Electronic Components Product 03126,raw_material,electronic_components,KG,114.94,125.4,36,1033,2242,483,buy,Y
P003127,SKU-ELE-003127,Electronic Components Product 03127,raw_material,electronic_components,EA,35.25,41.32,36,376,2562,54,buy,Y
P003128,SKU-PLA-003128,Plastic Product 03128,raw_material,plastic,L,93.32,123.57,35,50,1663,86,buy,Y
P003129,SKU-STE-003129,Steel Product 03129,raw_material,steel,EA,54.45,72.97,21,1154,3067,159,buy,Y
P003130,SKU-STE-003130,Steel Product 03130,raw_material,steel,EA,64.18,78.06,31,1018,878,743,buy,Y
P003131,SKU-ELE-003131,Electronic Components Product 03131,raw_material,electronic_components,KG,71.48,87.56,18,48,109,178,buy,Y
P003132,SKU-STE-003132,Steel Product 03132,raw_material,steel,EA,40.59,55.79,36,207,2395,197,buy,Y
P003133,SKU-ELE-003133,Electronic Components Product 03133,raw_material,electronic_components,KG,151.58,193.57,23,1133,75,88,buy,Y
P003134,SKU-STE-003134,Steel Product 03134,raw_material,steel,M,81.89,97.8,25,713,2647,208,buy,Y
P003135,SKU-COP-003135,Copper Product 03135,raw_material,copper,EA,71.92,96.38,23,275,2907,135,buy,Y
P003136,SKU-STE-003136,Steel Product 03136,raw_material,steel,EA,80.96,109.17,6,679,2362,764,buy,Y
P003137,SKU-COP-003137,Copper Product 03137,raw_material,copper,EA,49.05,67.33,17,920,3125,123,buy,Y
P003138,SKU-FAS-003138,Fasteners Product 03138,raw_material,fasteners,EA,101.93,113.67,33,1081,980,466,buy,Y
P003139,SKU-PLA-003139,Plastic Product 03139,raw_material,plastic,EA,78.49,101.81,7,1078,870,672,buy,Y
P003140,SKU-PAC-003140,Packaging Product 03140,raw_material,packaging,L,31.49,35.27,32,1451,1567,763,buy,Y
P003141,SKU-PLA-003141,Plastic Product 03141,raw_material,plastic,EA,50.45,62.68,38,148,3317,412,buy,Y
P003142,SKU-PLA-003142,Plastic Product 03142,raw_material,plastic,EA,76.18,99.31,8,275,2789,343,buy,Y
P003143,SKU-STE-003143,Steel Product 03143,packaging,steel,L,80.83,88.51,27,337,1341,773,buy,Y
P003144,SKU-ELE-003144,Electronic Components Product 03144,raw_material,electronic_components,EA,52.15,58.44,37,1007,2760,594,buy,Y
P003145,SKU-ALU-003145,Aluminium Product 03145,raw_material,aluminium,EA,37.69,52.88,26,389,2510,643,buy,Y
P003146,SKU-ALU-003146,Aluminium Product 03146,raw_material,aluminium,EA,96.26,115.35,6,824,1849,63,buy,Y
P003147,SKU-COP-003147,Copper Product 03147,raw_material,copper,EA,98.49,134.99,21,332,2743,165,buy,Y
P003148,SKU-ALU-003148,Aluminium Product 03148,raw_material,aluminium,EA,82.73,107.99,8,1342,893,683,buy,Y
P003149,SKU-PLA-003149,Plastic Product 03149,raw_material,plastic,EA,75.8,94.91,31,838,1178,472,buy,Y
P003150,SKU-ALU-003150,Aluminium Product 03150,packaging,aluminium,EA,59.65,77.59,22,258,272,287,buy,Y
P003151,SKU-PAC-003151,Packaging Product 03151,raw_material,packaging,EA,91.79,128.3,17,905,2020,559,buy,Y
P003152,SKU-ELE-003152,Electronic Components Product 03152,raw_material,electronic_components,EA,60.55,67.11,20,173,2912,735,buy,Y
P003153,SKU-STE-003153,Steel Product 03153,raw_material,steel,EA,17.55,21.07,37,1116,1809,126,buy,Y
P003154,SKU-STE-003154,Steel Product 03154,raw_material,steel,EA,111.27,124.45,7,471,2490,322,buy,Y
P003155,SKU-STE-003155,Steel Product 03155,packaging,steel,KG,103.5,143.96,16,1490,3114,715,buy,Y
P003156,SKU-PLA-003156,Plastic Product 03156,raw_material,plastic,EA,15.5,20.7,16,1322,1155,596,buy,Y
P003157,SKU-ALU-003157,Aluminium Product 03157,raw_material,aluminium,EA,234.04,292.57,22,131,900,468,buy,Y
P003158,SKU-ALU-003158,Aluminium Product 03158,raw_material,aluminium,EA,55.48,70.7,36,559,2915,495,buy,Y
P003159,SKU-PLA-003159,Plastic Product 03159,raw_material,plastic,L,73.9,82.21,18,1189,85,379,buy,Y
P003160,SKU-PLA-003160,Plastic Product 03160,raw_material,plastic,EA,41.08,46.24,4,257,109,593,buy,Y
P003161,SKU-ELE-003161,Electronic Components Product 03161,packaging,electronic_components,EA,136.66,169.99,32,1357,1915,497,buy,Y
P003162,SKU-ELE-003162,Electronic Components Product 03162,packaging,electronic_components,EA,91.68,125.5,18,829,1743,233,buy,Y
P003163,SKU-STE-003163,Steel Product 03163,raw_material,steel,L,13.6,14.77,27,664,2228,722,buy,Y
P003164,SKU-COP-003164,Copper Product 03164,raw_material,copper,KG,22.62,32.12,15,1203,3096,621,buy,Y
P003165,SKU-ELE-003165,Electronic Components Product 03165,raw_material,electronic_components,KG,134.01,171.04,30,373,632,757,buy,Y
P003166,SKU-ELE-003166,Electronic Components Product 03166,raw_material,electronic_components,EA,49.64,56.21,26,20,1922,492,buy,Y
P003167,SKU-ALU-003167,Aluminium Product 03167,raw_material,aluminium,KG,79.6,104.33,19,741,2387,450,buy,Y
P003168,SKU-STE-003168,Steel Product 03168,raw_material,steel,EA,79.81,100.59,38,993,497,279,buy,Y
P003169,SKU-STE-003169,Steel Product 03169,packaging,steel,EA,64.97,74.97,27,1423,3046,13,buy,Y
P003170,SKU-PAC-003170,Packaging Product 03170,raw_material,packaging,EA,332.55,376.22,12,432,2902,353,buy,Y
P003171,SKU-PLA-003171,Plastic Product 03171,packaging,plastic,KG,90.9,127.96,34,243,2452,187,buy,Y
P003172,SKU-STE-003172,Steel Product 03172,raw_material,steel,EA,79.74,102.23,23,1200,3437,363,buy,Y
P003173,SKU-ELE-003173,Electronic Components Product 03173,packaging,electronic_components,EA,81.77,114.41,17,276,3238,524,buy,Y
P003174,SKU-PLA-003174,Plastic Product 03174,raw_material,plastic,EA,35.45,48.98,22,1457,740,571,buy,Y
P003175,SKU-PLA-003175,Plastic Product 03175,packaging,plastic,KG,97.04,132.07,10,170,2955,106,buy,Y
P003176,SKU-STE-003176,Steel Product 03176,raw_material,steel,EA,29.36,42.26,29,1209,1151,488,buy,Y
P003177,SKU-ELE-003177,Electronic Components Product 03177,raw_material,electronic_components,EA,37.31,53.67,22,565,2530,795,buy,Y
P003178,SKU-COP-003178,Copper Product 03178,raw_material,copper,EA,260.26,300.75,9,1339,1820,795,buy,Y
P003179,SKU-ELE-003179,Electronic Components Product 03179,raw_material,electronic_components,EA,112.9,156.29,38,922,738,175,buy,Y
P003180,SKU-ELE-003180,Electronic Components Product 03180,raw_material,electronic_components,EA,81.3,117.69,9,938,743,444,buy,Y
P003181,SKU-STE-003181,Steel Product 03181,raw_material,steel,EA,89.1,126.44,28,1424,1564,164,buy,Y
P003182,SKU-ALU-003182,Aluminium Product 03182,raw_material,aluminium,EA,62.38,74.69,18,557,2725,586,buy,Y
P003183,SKU-ALU-003183,Aluminium Product 03183,raw_material,aluminium,M,90.23,106.86,33,447,1335,198,buy,Y
P003184,SKU-STE-003184,Steel Product 03184,raw_material,steel,EA,35.97,51.13,4,70,185,265,buy,Y
P003185,SKU-STE-003185,Steel Product 03185,raw_material,steel,EA,96.82,121.99,33,370,362,383,buy,Y
P003186,SKU-PLA-003186,Plastic Product 03186,raw_material,plastic,EA,94.9,115.48,14,67,1739,621,buy,Y
P003187,SKU-COP-003187,Copper Product 03187,raw_material,copper,EA,259.41,342.58,21,972,158,167,buy,Y
P003188,SKU-COP-003188,Copper Product 03188,raw_material,copper,L,41.78,58.02,19,25,508,659,buy,Y
P003189,SKU-PLA-003189,Plastic Product 03189,raw_material,plastic,EA,68.41,85.19,8,204,800,786,buy,Y
P003190,SKU-ALU-003190,Aluminium Product 03190,raw_material,aluminium,EA,79.85,102.97,14,1396,2210,673,buy,Y
P003191,SKU-FAS-003191,Fasteners Product 03191,raw_material,fasteners,EA,69.4,82.96,25,458,2790,505,buy,Y
P003192,SKU-FAS-003192,Fasteners Product 03192,raw_material,fasteners,EA,196.15,213.35,33,116,2235,61,buy,Y
P003193,SKU-COP-003193,Copper Product 03193,raw_material,copper,EA,37.92,43.94,9,622,2977,290,buy,Y
P003194,SKU-ELE-003194,Electronic Components Product 03194,packaging,electronic_components,KG,77.49,112.14,7,945,1103,34,buy,Y
P003195,SKU-PLA-003195,Plastic Product 03195,raw_material,plastic,EA,64.75,85.1,11,786,907,193,buy,Y
P003196,SKU-STE-003196,Steel Product 03196,raw_material,steel,EA,214.13,236.79,29,450,2993,462,buy,Y
P003197,SKU-ELE-003197,Electronic Components Product 03197,raw_material,electronic_components,KG,25.39,35.14,17,759,554,178,buy,Y
P003198,SKU-STE-003198,Steel Product 03198,raw_material,steel,M,121.55,142.79,16,1347,2905,793,buy,Y
P003199,SKU-FAS-003199,Fasteners Product 03199,raw_material,fasteners,EA,83.4,115.5,7,52,370,767,buy,Y
P003200,SKU-PLA-003200,Plastic Product 03200,packaging,plastic,KG,37.24,46.76,9,495,3145,374,buy,Y
