return_line_id,return_id,sales_order_line_id,product_id,returned_qty,received_qty,restock_qty,scrap_qty,inspection_result,credit_amount
RETL000000001,RTN00000001,SOL000217072,P000344,6,0,0,0,pass,918.18
RETL000000002,RTN00000002,SOL000031498,P000573,3,3,2,1,fail,220.66
RETL000000003,RTN00000003,SOL000160843,P000393,7,7,0,7,fail,2153.37
RETL000000004,RTN00000004,SOL000166790,P000610,3,3,0,3,fail,96.73
RETL000000005,RTN00000005,SOL000146785,P000579,11,11,9,2,pass,776.81
RETL000000006,RTN00000006,SOL000340254,P000511,5,5,4,1,pass,2849.07
RETL000000007,RTN00000007,SOL000134072,P000275,4,0,0,0,pass,401.47
RETL000000008,RTN00000008,SOL000009510,P000564,22,22,0,22,fail,2125.3
RETL000000009,RTN00000009,SOL000118398,P000466,13,13,0,13,fail,1180.15
RETL000000010,RTN00000010,SOL000131744,P000486,21,21,6,15,fail,1725.13
RETL000000011,RTN00000011,SOL000061920,P000488,2,2,0,2,fail,22.79
RETL000000012,RTN00000012,SOL000170795,P000218,27,0,0,0,pass,3274.52
RETL000000013,RTN00000013,SOL000059679,P000220,22,0,0,0,pass,6366.25
RETL000000014,RTN00000014,SOL000002576,P000119,1,1,0,1,fail,101.21
RETL000000015,RTN00000015,SOL000051165,P000060,2,2,1,1,fail,108.71
RETL000000016,RTN00000016,SOL000104190,P000201,7,7,3,4,fail,382.88
RETL000000017,RTN00000017,SOL000198223,P000547,16,16,0,16,fail,4076.8
RETL000000018,RTN00000018,SOL000199747,P000135,28,28,21,7,fail,3966.19
RETL000000019,RTN00000019,SOL000162769,P000631,1,1,0,1,fail,75.15
RETL000000020,RTN00000020,SOL000007577,P000486,2,2,0,2,fail,151.13
RETL000000021,RTN00000021,SOL000024249,P000401,9,9,0,9,fail,687.58
RETL000000022,RTN00000022,SOL000099281,P000525,26,26,0,26,fail,1455.28
RETL000000023,RTN00000023,SOL000165557,P000626,19,0,0,0,pass,1612.57
RETL000000024,RTN00000024,SOL000016078,P000375,9,0,0,0,pass,6065.68
RETL000000025,RTN00000025,SOL000217605,P000247,4,4,3,1,fail,271.54
RETL000000026,RTN00000026,SOL000367072,P000524,1,1,0,1,fail,51.98
RETL000000027,RTN00000027,SOL000198491,P000154,3,0,0,0,pass,225.31
RETL000000028,RTN00000028,SOL000101856,P000247,3,3,0,3,fail,210.86
RETL000000029,RTN00000029,SOL000234767,P000100,8,0,0,0,pass,677.31
RETL000000030,RTN00000030,SOL000090107,P000059,1,0,0,0,pass,204.37
RETL000000031,RTN00000031,SOL000121707,P000140,19,0,0,0,pass,4426.65
RETL000000032,RTN00000032,SOL000169375,P000012,3,3,1,2,fail,471.59
RETL000000033,RTN00000033,SOL000031432,P000075,6,6,0,6,fail,383.1
RETL000000034,RTN00000034,SOL000242393,P000023,31,0,0,0,pass,2327.7
RETL000000035,RTN00000035,SOL000269338,P000584,5,5,0,5,fail,409.82
RETL000000036,RTN00000036,SOL000016748,P000094,3,0,0,0,pass,174.62
RETL000000037,RTN00000037,SOL000311624,P000495,5,5,0,5,fail,542.24
RETL000000038,RTN00000038,SOL000110714,P000245,29,29,0,29,fail,4620.61
RETL000000039,RTN00000039,SOL000248730,P000515,62,62,49,13,fail,3349.68
RETL000000040,RTN00000040,SOL000347244,P000107,11,11,0,11,fail,890.25
RETL000000041,RTN00000041,SOL000155779,P000427,21,21,17,4,pass,1828.93
RETL000000042,RTN00000042,SOL000022518,P000606,5,5,3,2,fail,1340.43
RETL000000043,RTN00000043,SOL000054801,P000542,4,4,0,4,fail,990.14
RETL000000044,RTN00000044,SOL000332043,P000071,7,7,4,3,fail,946.75
RETL000000045,RTN00000045,SOL000284751,P000086,8,8,3,5,fail,544.7
RETL000000046,RTN00000046,SOL000272492,P000376,2,2,1,1,fail,23.2
RETL000000047,RTN00000047,SOL000284575,P000642,10,10,5,5,fail,1357.52
RETL000000048,RTN00000048,SOL000044104,P000238,15,15,0,15,fail,2338.91
RETL000000049,RTN00000049,SOL000327140,P000266,7,7,0,7,fail,1164.41
RETL000000050,RTN00000050,SOL000059788,P000509,1,1,1,0,pass,98.4
RETL000000051,RTN00000051,SOL000070832,P000644,13,13,6,7,fail,1794.24
RETL000000052,RTN00000052,SOL000357240,P000497,4,4,0,4,fail,300.12
RETL000000053,RTN00000053,SOL000068875,P000603,4,4,1,3,fail,248.64
RETL000000054,RTN00000054,SOL000037593,P000393,3,0,0,0,pass,816.06
RETL000000055,RTN00000055,SOL000363339,P000499,8,8,0,8,fail,1156.0
RETL000000056,RTN00000056,SOL000321276,P000371,10,10,0,10,fail,1441.99
RETL000000057,RTN00000057,SOL000182461,P000551,8,8,4,4,fail,1599.79
RETL000000058,RTN00000058,SOL000100289,P000570,2,0,0,0,pass,656.3
RETL000000059,RTN00000059,SOL000157094,P000040,20,20,7,13,fail,2323.58
RETL000000060,RTN00000060,SOL000367613,P000179,20,20,8,12,fail,7337.06
RETL000000061,RTN00000061,SOL000120074,P000157,3,3,0,3,fail,437.69
RETL000000062,RTN00000062,SOL000061411,P000340,31,0,0,0,pass,2118.4
RETL000000063,RTN00000063,SOL000019228,P000354,9,9,0,9,fail,781.7
RETL000000064,RTN00000064,SOL000312822,P000548,13,13,0,13,fail,847.17
RETL000000065,RTN00000065,SOL000275923,P000571,1,1,0,1,fail,145.88
RETL000000066,RTN00000066,SOL000141991,P000124,11,11,7,4,fail,1687.62
RETL000000067,RTN00000067,SOL000056647,P000294,8,8,0,8,fail,2181.6
RETL000000068,RTN00000068,SOL000323322,P000163,188,188,0,188,fail,22227.28
RETL000000069,RTN00000069,SOL000350505,P000617,10,10,0,10,fail,335.85
RETL000000070,RTN00000070,SOL000354076,P000468,13,13,0,13,fail,1887.39
RETL000000071,RTN00000071,SOL000320888,P000634,2,2,1,1,fail,51.01
RETL000000072,RTN00000072,SOL000036340,P000026,13,13,4,9,fail,891.98
RETL000000073,RTN00000073,SOL000125151,P000321,9,9,5,4,fail,325.52
RETL000000074,RTN00000074,SOL000314113,P000231,44,44,18,26,fail,8266.61
RETL000000075,RTN00000075,SOL000199419,P000644,23,23,0,23,fail,3310.17
RETL000000076,RTN00000076,SOL000169941,P000109,119,119,0,119,fail,7403.87
RETL000000077,RTN00000077,SOL000233338,P000277,4,4,0,4,fail,35.03
RETL000000078,RTN00000078,SOL000143848,P000060,15,15,0,15,fail,761.05
RETL000000079,RTN00000079,SOL000077062,P000296,28,28,0,28,fail,3117.09
RETL000000080,RTN00000080,SOL000228532,P000387,9,9,0,9,fail,241.3
RETL000000081,RTN00000081,SOL000033803,P000324,1,1,0,1,fail,86.85
RETL000000082,RTN00000082,SOL000131352,P000008,3,3,1,2,fail,162.59
RETL000000083,RTN00000083,SOL000161099,P000073,2,2,1,1,fail,303.67
RETL000000084,RTN00000084,SOL000319557,P000504,2,2,0,2,fail,239.14
RETL000000085,RTN00000085,SOL000285944,P000176,7,7,0,7,fail,1957.75
RETL000000086,RTN00000086,SOL000251093,P000164,1,1,0,1,fail,83.26
RETL000000087,RTN00000087,SOL000180246,P000016,13,13,4,9,fail,1890.05
RETL000000088,RTN00000088,SOL000037833,P000533,9,9,0,9,fail,1188.55
RETL000000089,RTN00000089,SOL000021859,P000263,16,16,7,9,fail,1948.68
RETL000000090,RTN00000090,SOL000075257,P000319,18,0,0,0,pass,717.61
RETL000000091,RTN00000091,SOL000299331,P000188,3,3,0,3,fail,269.09
RETL000000092,RTN00000092,SOL000039806,P000222,8,8,0,8,fail,2900.22
RETL000000093,RTN00000093,SOL000213914,P000629,5,5,0,5,fail,171.76
RETL000000094,RTN00000094,SOL000133474,P000232,3,3,0,3,fail,271.42
RETL000000095,RTN00000095,SOL000260634,P000476,6,6,0,6,fail,1948.3
RETL000000096,RTN00000096,SOL000001465,P000002,4,4,0,4,fail,350.93
RETL000000097,RTN00000097,SOL000340156,P000170,56,56,0,56,fail,4889.68
RETL000000098,RTN00000098,SOL000280432,P000349,30,30,18,12,fail,2113.32
RETL000000099,RTN00000099,SOL000173832,P000231,6,6,0,6,fail,925.94
RETL000000100,RTN00000100,SOL000265467,P000412,3,3,0,3,fail,139.14
RETL000000101,RTN00000101,SOL000308195,P000543,6,6,0,6,fail,782.96
RETL000000102,RTN00000102,SOL000366376,P000110,13,13,0,13,fail,323.14
RETL000000103,RTN00000103,SOL000033219,P000430,22,22,0,22,fail,1424.89
RETL000000104,RTN00000104,SOL000302281,P000604,2,2,0,2,fail,206.4
RETL000000105,RTN00000105,SOL000068738,P000193,14,0,0,0,pass,5038.05
RETL000000106,RTN00000106,SOL000170062,P000027,2,2,0,2,fail,220.18
RETL000000107,RTN00000107,SOL000113362,P000154,10,10,3,7,fail,907.3
RETL000000108,RTN00000108,SOL000232884,P000641,1,0,0,0,pass,95.89
RETL000000109,RTN00000109,SOL000244979,P000422,4,4,0,4,fail,345.09
RETL000000110,RTN00000110,SOL000264616,P000454,4,4,3,1,fail,190.37
RETL000000111,RTN00000111,SOL000107289,P000377,19,19,0,19,fail,616.32
RETL000000112,RTN00000112,SOL000205246,P000558,7,7,0,7,fail,423.73
RETL000000113,RTN00000113,SOL000272408,P000267,6,6,0,6,fail,872.7
RETL000000114,RTN00000114,SOL000089218,P000362,10,10,4,6,fail,1241.29
RETL000000115,RTN00000115,SOL000029663,P000084,1,0,0,0,pass,113.15
RETL000000116,RTN00000116,SOL000263197,P000108,6,6,0,6,fail,197.28
RETL000000117,RTN00000117,SOL000300044,P000477,2,0,0,0,pass,236.4
RETL000000118,RTN00000118,SOL000080510,P000524,6,6,3,3,fail,283.72
RETL000000119,RTN00000119,SOL000189013,P000604,1,1,0,1,fail,141.85
RETL000000120,RTN00000120,SOL000249627,P000277,24,24,0,24,fail,226.96
RETL000000121,RTN00000121,SOL000225678,P000535,23,23,0,23,fail,1067.19
RETL000000122,RTN00000122,SOL000360745,P000465,7,7,0,7,fail,687.8
RETL000000123,RTN00000123,SOL000093794,P000046,3,3,2,1,fail,183.67
RETL000000124,RTN00000124,SOL000126978,P000580,17,17,0,17,fail,690.74
RETL000000125,RTN00000125,SOL000167397,P000208,12,12,10,2,pass,270.8
RETL000000126,RTN00000126,SOL000218523,P000279,10,10,4,6,fail,527.14
RETL000000127,RTN00000127,SOL000136314,P000241,23,0,0,0,pass,2889.78
RETL000000128,RTN00000128,SOL000251752,P000441,39,0,0,0,pass,1795.23
RETL000000129,RTN00000129,SOL000068087,P000459,8,8,0,8,fail,213.69
RETL000000130,RTN00000130,SOL000129401,P000534,1,1,1,0,pass,96.8
RETL000000131,RTN00000131,SOL000226125,P000479,11,11,0,11,fail,1137.26
RETL000000132,RTN00000132,SOL000296121,P000539,22,0,0,0,pass,2443.92
RETL000000133,RTN00000133,SOL000107881,P000493,8,0,0,0,pass,1661.99
RETL000000134,RTN00000134,SOL000023700,P000631,4,4,0,4,fail,343.17
RETL000000135,RTN00000135,SOL000031394,P000229,5,0,0,0,pass,1177.03
RETL000000136,RTN00000136,SOL000157403,P000338,3,3,0,3,fail,208.41
RETL000000137,RTN00000137,SOL000100901,P000191,9,9,4,5,fail,409.99
RETL000000138,RTN00000138,SOL000143886,P000486,3,3,0,3,fail,252.0
RETL000000139,RTN00000139,SOL000173518,P000635,6,6,0,6,fail,1770.76
RETL000000140,RTN00000140,SOL000036034,P000553,11,11,3,8,fail,5481.23
RETL000000141,RTN00000141,SOL000293138,P000097,6,6,3,3,fail,634.75
RETL000000142,RTN00000142,SOL000080505,P000505,5,5,0,5,fail,125.09
RETL000000143,RTN00000143,SOL000131918,P000409,8,8,0,8,fail,577.26
RETL000000144,RTN00000144,SOL000267488,P000067,5,5,0,5,fail,819.46
RETL000000145,RTN00000145,SOL000224027,P000560,13,13,0,13,fail,1134.45
RETL000000146,RTN00000146,SOL000254116,P000401,1,1,0,1,fail,74.87
RETL000000147,RTN00000147,SOL000249655,P000420,15,15,0,15,fail,963.9
RETL000000148,RTN00000148,SOL000217019,P000001,8,8,0,8,fail,2261.25
RETL000000149,RTN00000149,SOL000084148,P000264,26,26,0,26,fail,3723.0
RETL000000150,RTN00000150,SOL000306821,P000568,1,1,1,0,pass,98.55
RETL000000151,RTN00000151,SOL000051256,P000182,23,23,11,12,fail,1966.7
RETL000000152,RTN00000152,SOL000282155,P000270,7,7,0,7,fail,673.79
RETL000000153,RTN00000153,SOL000268387,P000472,10,10,0,10,fail,1338.18
RETL000000154,RTN00000154,SOL000173273,P000626,4,4,0,4,fail,417.21
RETL000000155,RTN00000155,SOL000190970,P000415,1,1,0,1,fail,55.41
RETL000000156,RTN00000156,SOL000054176,P000568,15,0,0,0,pass,1409.94
RETL000000157,RTN00000157,SOL000299681,P000292,4,0,0,0,pass,2791.88
RETL000000158,RTN00000158,SOL000181019,P000635,11,11,0,11,fail,4333.42
RETL000000159,RTN00000159,SOL000041605,P000592,32,32,0,32,fail,2527.25
RETL000000160,RTN00000160,SOL000150799,P000039,8,8,0,8,fail,2918.5
RETL000000161,RTN00000161,SOL000154825,P000130,50,0,0,0,pass,5440.9
RETL000000162,RTN00000162,SOL000254858,P000133,23,0,0,0,pass,1947.82
RETL000000163,RTN00000163,SOL000172283,P000076,3,0,0,0,pass,731.58
RETL000000164,RTN00000164,SOL000118904,P000449,1,1,0,1,fail,210.26
RETL000000165,RTN00000165,SOL000096391,P000220,8,8,0,8,fail,2113.88
RETL000000166,RTN00000166,SOL000212109,P000508,2,2,0,2,fail,141.78
RETL000000167,RTN00000167,SOL000163315,P000636,6,6,0,6,fail,172.72
RETL000000168,RTN00000168,SOL000098102,P000404,27,27,17,10,fail,4672.15
RETL000000169,RTN00000169,SOL000002519,P000477,2,0,0,0,pass,286.89
RETL000000170,RTN00000170,SOL000210581,P000489,13,13,5,8,fail,2614.3
RETL000000171,RTN00000171,SOL000251527,P000388,6,0,0,0,pass,475.34
RETL000000172,RTN00000172,SOL000347621,P000151,11,11,9,2,pass,647.13
RETL000000173,RTN00000173,SOL000089473,P000398,9,9,0,9,fail,1264.03
RETL000000174,RTN00000174,SOL000250117,P000068,5,5,0,5,fail,354.53
RETL000000175,RTN00000175,SOL000066541,P000515,14,14,0,14,fail,867.61
RETL000000176,RTN00000176,SOL000150387,P000593,20,20,9,11,fail,1367.21
RETL000000177,RTN00000177,SOL000298317,P000432,9,9,0,9,fail,709.13
RETL000000178,RTN00000178,SOL000146714,P000320,10,0,0,0,pass,1103.41
RETL000000179,RTN00000179,SOL000023840,P000391,11,11,0,11,fail,394.44
RETL000000180,RTN00000180,SOL000164807,P000595,1,1,0,1,fail,40.07
RETL000000181,RTN00000181,SOL000128040,P000406,8,8,0,8,fail,291.05
RETL000000182,RTN00000182,SOL000346004,P000342,2,2,2,0,pass,173.34
RETL000000183,RTN00000183,SOL000213050,P000165,2,2,0,2,fail,97.81
RETL000000184,RTN00000184,SOL000315747,P000437,13,13,5,8,fail,2144.02
RETL000000185,RTN00000185,SOL000336499,P000277,6,6,0,6,fail,64.09
RETL000000186,RTN00000186,SOL000048268,P000168,1,1,1,0,pass,266.66
RETL000000187,RTN00000187,SOL000346048,P000644,15,15,0,15,fail,2010.21
RETL000000188,RTN00000188,SOL000008354,P000115,12,0,0,0,pass,246.9
RETL000000189,RTN00000189,SOL000229060,P000341,5,5,0,5,fail,948.39
RETL000000190,RTN00000190,SOL000086859,P000141,28,28,0,28,fail,1074.5
RETL000000191,RTN00000191,SOL000084050,P000245,5,5,2,3,fail,748.91
RETL000000192,RTN00000192,SOL000239265,P000173,1,1,0,1,fail,156.11
RETL000000193,RTN00000193,SOL000317414,P000199,13,13,9,4,fail,631.95
RETL000000194,RTN00000194,SOL000134432,P000175,5,5,0,5,fail,555.12
RETL000000195,RTN00000195,SOL000031523,P000171,2,2,1,1,fail,304.25
RETL000000196,RTN00000196,SOL000297231,P000294,5,5,4,1,pass,1412.74
RETL000000197,RTN00000197,SOL000229161,P000468,8,8,5,3,fail,917.58
RETL000000198,RTN00000198,SOL000062847,P000428,22,22,0,22,fail,1376.65
RETL000000199,RTN00000199,SOL000081947,P000026,5,5,0,5,fail,259.32
RETL000000200,RTN00000200,SOL000307556,P000588,1,0,0,0,pass,28.08
RETL000000201,RTN00000201,SOL000068835,P000217,37,37,20,17,fail,2444.06
RETL000000202,RTN00000202,SOL000366825,P000401,1,0,0,0,pass,73.49
RETL000000203,RTN00000203,SOL000177277,P000555,13,13,11,2,pass,2560.33
RETL000000204,RTN00000204,SOL000286640,P000172,3,3,0,3,fail,180.01
RETL000000205,RTN00000205,SOL000171650,P000064,28,28,0,28,fail,2556.69
RETL000000206,RTN00000206,SOL000105719,P000150,16,16,0,16,fail,1569.7
RETL000000207,RTN00000207,SOL000170751,P000188,32,32,0,32,fail,2073.23
RETL000000208,RTN00000208,SOL000270074,P000587,12,0,0,0,pass,2354.69
RETL000000209,RTN00000209,SOL000179425,P000045,2,0,0,0,pass,384.82
RETL000000210,RTN00000210,SOL000349847,P000031,44,44,0,44,fail,3962.68
RETL000000211,RTN00000211,SOL000120813,P000447,5,5,0,5,fail,1103.2
RETL000000212,RTN00000212,SOL000266585,P000432,4,4,0,4,fail,415.79
RETL000000213,RTN00000213,SOL000324714,P000108,2,2,0,2,fail,70.07
RETL000000214,RTN00000214,SOL000026998,P000433,3,3,0,3,fail,140.92
RETL000000215,RTN00000215,SOL000353376,P000274,45,45,0,45,fail,5640.75
RETL000000216,RTN00000216,SOL000351953,P000019,4,4,3,1,fail,1696.89
RETL000000217,RTN00000217,SOL000048951,P000113,4,4,0,4,fail,210.8
RETL000000218,RTN00000218,SOL000031232,P000584,23,23,0,23,fail,2427.26
RETL000000219,RTN00000219,SOL000042303,P000001,5,5,1,4,fail,1219.78
RETL000000220,RTN00000220,SOL000114645,P000463,8,8,0,8,fail,1849.83
RETL000000221,RTN00000221,SOL000022496,P000188,8,0,0,0,pass,532.67
RETL000000222,RTN00000222,SOL000072513,P000593,1,1,1,0,pass,71.58
RETL000000223,RTN00000223,SOL000032256,P000116,8,8,0,8,fail,1510.23
RETL000000224,RTN00000224,SOL000109799,P000454,15,15,0,15,fail,512.1
RETL000000225,RTN00000225,SOL000034454,P000551,2,2,1,1,fail,416.72
RETL000000226,RTN00000226,SOL000025770,P000298,15,15,8,7,fail,5305.07
RETL000000227,RTN00000227,SOL000236542,P000390,10,0,0,0,pass,167.61
RETL000000228,RTN00000228,SOL000280202,P000292,2,2,1,1,fail,1251.23
RETL000000229,RTN00000229,SOL000211504,P000492,4,4,3,1,fail,214.26
RETL000000230,RTN00000230,SOL000006466,P000158,23,23,21,2,pass,1000.09
RETL000000231,RTN00000231,SOL000077442,P000431,6,0,0,0,pass,121.68
RETL000000232,RTN00000232,SOL000086293,P000061,8,0,0,0,pass,1201.18
RETL000000233,RTN00000233,SOL000016808,P000235,9,9,0,9,fail,2577.02
RETL000000234,RTN00000234,SOL000118331,P000522,8,0,0,0,pass,819.75
RETL000000235,RTN00000235,SOL000129004,P000254,2,0,0,0,pass,271.51
RETL000000236,RTN00000236,SOL000141844,P000235,7,7,0,7,fail,2670.34
RETL000000237,RTN00000237,SOL000237409,P000641,1,0,0,0,pass,122.3
RETL000000238,RTN00000238,SOL000163765,P000579,3,3,0,3,fail,240.04
RETL000000239,RTN00000239,SOL000053615,P000472,10,10,3,7,fail,1509.12
RETL000000240,RTN00000240,SOL000260250,P000274,21,21,7,14,fail,2428.52
RETL000000241,RTN00000241,SOL000038399,P000138,2,2,0,2,fail,125.02
RETL000000242,RTN00000242,SOL000281071,P000366,3,3,1,2,fail,252.4
RETL000000243,RTN00000243,SOL000227524,P000522,29,29,0,29,fail,3316.4
RETL000000244,RTN00000244,SOL000008660,P000305,4,4,0,4,fail,249.62
RETL000000245,RTN00000245,SOL000201564,P000627,16,16,0,16,fail,622.23
RETL000000246,RTN00000246,SOL000228261,P000473,9,9,0,9,fail,647.04
RETL000000247,RTN00000247,SOL000214552,P000215,13,13,0,13,fail,275.73
RETL000000248,RTN00000248,SOL000341455,P000202,2,0,0,0,pass,435.44
RETL000000249,RTN00000249,SOL000098264,P000583,8,0,0,0,pass,423.17
RETL000000250,RTN00000250,SOL000234132,P000582,11,11,0,11,fail,2216.85
RETL000000251,RTN00000251,SOL000206012,P000179,4,4,3,1,fail,1586.97
RETL000000252,RTN00000252,SOL000038294,P000335,9,9,0,9,fail,661.52
RETL000000253,RTN00000253,SOL000321108,P000524,4,4,1,3,fail,167.52
RETL000000254,RTN00000254,SOL000084399,P000509,24,24,16,8,fail,2444.98
RETL000000255,RTN00000255,SOL000263903,P000015,16,16,14,2,pass,12141.12
RETL000000256,RTN00000256,SOL000366698,P000555,2,2,0,2,fail,431.04
RETL000000257,RTN00000257,SOL000262282,P000187,2,0,0,0,pass,226.4
RETL000000258,RTN00000258,SOL000090166,P000266,14,14,11,3,fail,3053.66
RETL000000259,RTN00000259,SOL000324805,P000010,1,1,0,1,fail,50.78
RETL000000260,RTN00000260,SOL000263861,P000565,1,1,1,0,pass,231.2
RETL000000261,RTN00000261,SOL000239559,P000186,5,0,0,0,pass,98.28
RETL000000262,RTN00000262,SOL000223609,P000184,2,2,1,1,fail,266.94
RETL000000263,RTN00000263,SOL000216707,P000549,9,9,0,9,fail,788.48
RETL000000264,RTN00000264,SOL000124350,P000639,7,7,0,7,fail,450.59
RETL000000265,RTN00000265,SOL000132861,P000343,17,17,0,17,fail,1075.28
RETL000000266,RTN00000266,SOL000210652,P000363,8,8,0,8,fail,515.32
RETL000000267,RTN00000267,SOL000100995,P000204,5,0,0,0,pass,380.35
RETL000000268,RTN00000268,SOL000235529,P000233,16,16,11,5,fail,675.25
RETL000000269,RTN00000269,SOL000341730,P000204,2,2,1,1,fail,210.13
RETL000000270,RTN00000270,SOL000208723,P000354,2,2,2,0,pass,199.35
RETL000000271,RTN00000271,SOL000190045,P000640,3,3,1,2,fail,154.18
RETL000000272,RTN00000272,SOL000015314,P000591,3,3,1,2,fail,736.85
RETL000000273,RTN00000273,SOL000252858,P000067,16,16,7,9,fail,2583.83
RETL000000274,RTN00000274,SOL000044193,P000187,22,22,0,22,fail,2648.9
RETL000000275,RTN00000275,SOL000315308,P000604,9,0,0,0,pass,1326.19
RETL000000276,RTN00000276,SOL000004854,P000215,2,2,1,1,fail,44.39
RETL000000277,RTN00000277,SOL000035767,P000094,1,0,0,0,pass,59.12
RETL000000278,RTN00000278,SOL000139867,P000333,11,0,0,0,pass,5204.74
RETL000000279,RTN00000279,SOL000235405,P000453,4,4,3,1,fail,658.54
RETL000000280,RTN00000280,SOL000341690,P000341,3,3,0,3,fail,618.16
RETL000000281,RTN00000281,SOL000083522,P000001,5,5,1,4,fail,1390.5
RETL000000282,RTN00000282,SOL000087852,P000186,24,0,0,0,pass,369.89
RETL000000283,RTN00000283,SOL000250276,P000437,12,12,0,12,fail,1945.82
RETL000000284,RTN00000284,SOL000211911,P000009,20,20,8,12,fail,3234.05
RETL000000285,RTN00000285,SOL000067994,P000065,3,3,2,1,fail,110.32
RETL000000286,RTN00000286,SOL000198801,P000460,16,16,0,16,fail,1885.22
RETL000000287,RTN00000287,SOL000319405,P000029,12,12,0,12,fail,2551.35
RETL000000288,RTN00000288,SOL000326696,P000410,1,0,0,0,pass,78.68
RETL000000289,RTN00000289,SOL000285589,P000213,7,7,0,7,fail,326.85
RETL000000290,RTN00000290,SOL000194950,P000254,1,1,0,1,fail,100.29
RETL000000291,RTN00000291,SOL000346468,P000220,2,2,0,2,fail,729.91
RETL000000292,RTN00000292,SOL000155545,P000418,6,0,0,0,pass,1070.71
RETL000000293,RTN00000293,SOL000214436,P000338,20,20,0,20,fail,1004.05
RETL000000294,RTN00000294,SOL000299447,P000299,8,0,0,0,pass,3133.28
RETL000000295,RTN00000295,SOL000029792,P000181,2,2,0,2,fail,158.44
RETL000000296,RTN00000296,SOL000119105,P000054,7,0,0,0,pass,659.7
RETL000000297,RTN00000297,SOL000034805,P000069,13,13,0,13,fail,419.29
RETL000000298,RTN00000298,SOL000070832,P000644,11,0,0,0,pass,1208.04
RETL000000299,RTN00000299,SOL000293482,P000267,11,11,9,2,pass,1186.73
RETL000000300,RTN00000300,SOL000113374,P000161,2,2,0,2,fail,137.64
RETL000000301,RTN00000301,SOL000270400,P000444,5,5,0,5,fail,645.61
RETL000000302,RTN00000302,SOL000340096,P000462,4,4,0,4,fail,456.36
RETL000000303,RTN00000303,SOL000361994,P000117,2,2,0,2,fail,262.92
RETL000000304,RTN00000304,SOL000177251,P000515,12,12,0,12,fail,731.04
RETL000000305,RTN00000305,SOL000202787,P000173,11,11,3,8,fail,1919.7
RETL000000306,RTN00000306,SOL000138034,P000626,4,4,0,4,fail,412.68
RETL000000307,RTN00000307,SOL000195094,P000275,2,2,0,2,fail,150.83
RETL000000308,RTN00000308,SOL000103440,P000347,6,6,0,6,fail,222.64
RETL000000309,RTN00000309,SOL000361783,P000373,45,0,0,0,pass,3457.9
RETL000000310,RTN00000310,SOL000243563,P000117,10,10,8,2,pass,1376.7
RETL000000311,RTN00000311,SOL000272866,P000075,4,0,0,0,pass,328.12
RETL000000312,RTN00000312,SOL000027912,P000027,5,0,0,0,pass,591.91
RETL000000313,RTN00000313,SOL000232202,P000256,12,12,0,12,fail,459.7
RETL000000314,RTN00000314,SOL000181115,P000554,8,0,0,0,pass,1005.21
RETL000000315,RTN00000315,SOL000017438,P000239,1,1,0,1,fail,254.72
RETL000000316,RTN00000316,SOL000354671,P000319,14,14,0,14,fail,541.18
RETL000000317,RTN00000317,SOL000123527,P000318,2,0,0,0,pass,103.64
RETL000000318,RTN00000318,SOL000039484,P000491,22,0,0,0,pass,4538.1
RETL000000319,RTN00000319,SOL000222334,P000609,3,3,0,3,fail,1333.74
RETL000000320,RTN00000320,SOL000186898,P000152,1,0,0,0,pass,48.45
RETL000000321,RTN00000321,SOL000326463,P000152,7,7,0,7,fail,276.17
RETL000000322,RTN00000322,SOL000180823,P000130,3,3,1,2,fail,477.77
RETL000000323,RTN00000323,SOL000099119,P000578,9,9,0,9,fail,855.64
RETL000000324,RTN00000324,SOL000328631,P000322,4,4,0,4,fail,5157.63
RETL000000325,RTN00000325,SOL000012293,P000294,13,13,0,13,fail,3774.21
RETL000000326,RTN00000326,SOL000061373,P000393,9,9,0,9,fail,2806.23
RETL000000327,RTN00000327,SOL000066826,P000123,3,3,0,3,fail,335.63
RETL000000328,RTN00000328,SOL000253370,P000466,6,0,0,0,pass,498.75
RETL000000329,RTN00000329,SOL000203559,P000047,8,8,0,8,fail,648.7
RETL000000330,RTN00000330,SOL000047261,P000390,3,3,0,3,fail,49.45
RETL000000331,RTN00000331,SOL000312598,P000051,11,0,0,0,pass,114.57
RETL000000332,RTN00000332,SOL000330361,P000210,1,1,0,1,fail,117.51
RETL000000333,RTN00000333,SOL000142308,P000403,4,4,0,4,fail,143.65
RETL000000334,RTN00000334,SOL000178910,P000472,16,16,10,6,fail,2554.89
RETL000000335,RTN00000335,SOL000027009,P000126,2,0,0,0,pass,166.63
RETL000000336,RTN00000336,SOL000051624,P000233,2,2,0,2,fail,102.18
RETL000000337,RTN00000337,SOL000067148,P000264,13,13,0,13,fail,1434.2
RETL000000338,RTN00000338,SOL000172365,P000120,1,1,1,0,pass,59.77
RETL000000339,RTN00000339,SOL000304016,P000018,19,19,6,13,fail,3839.31
RETL000000340,RTN00000340,SOL000232041,P000204,10,10,0,10,fail,972.7
RETL000000341,RTN00000341,SOL000036644,P000195,3,3,1,2,fail,404.05
RETL000000342,RTN00000342,SOL000179001,P000064,6,6,0,6,fail,636.2
RETL000000343,RTN00000343,SOL000102220,P000326,8,8,0,8,fail,852.01
RETL000000344,RTN00000344,SOL000037795,P000114,33,0,0,0,pass,2263.48
RETL000000345,RTN00000345,SOL000314634,P000077,10,0,0,0,pass,912.83
RETL000000346,RTN00000346,SOL000176724,P000510,13,13,0,13,fail,413.33
RETL000000347,RTN00000347,SOL000137626,P000246,2,2,1,1,fail,1013.62
RETL000000348,RTN00000348,SOL000278361,P000054,7,7,0,7,fail,485.18
RETL000000349,RTN00000349,SOL000350568,P000593,14,0,0,0,pass,911.35
RETL000000350,RTN00000350,SOL000012226,P000014,7,7,0,7,fail,727.98
RETL000000351,RTN00000351,SOL000081916,P000496,9,9,0,9,fail,504.18
RETL000000352,RTN00000352,SOL000185237,P000364,1,1,1,0,pass,62.02
RETL000000353,RTN00000353,SOL000197824,P000584,12,12,5,7,fail,1325.44
RETL000000354,RTN00000354,SOL000061444,P000014,13,13,0,13,fail,1340.4
RETL000000355,RTN00000355,SOL000185053,P000634,1,0,0,0,pass,34.02
RETL000000356,RTN00000356,SOL000058680,P000540,12,12,0,12,fail,510.63
RETL000000357,RTN00000357,SOL000242933,P000582,7,0,0,0,pass,1503.88
RETL000000358,RTN00000358,SOL000237209,P000268,4,0,0,0,pass,80.85
RETL000000359,RTN00000359,SOL000233692,P000066,1,1,0,1,fail,107.2
RETL000000360,RTN00000360,SOL000245352,P000413,6,6,0,6,fail,683.01
RETL000000361,RTN00000361,SOL000063511,P000516,7,7,0,7,fail,499.32
RETL000000362,RTN00000362,SOL000048655,P000177,4,4,0,4,fail,230.57
RETL000000363,RTN00000363,SOL000211158,P000195,7,7,0,7,fail,940.78
RETL000000364,RTN00000364,SOL000338344,P000247,19,19,11,8,fail,1399.29
RETL000000365,RTN00000365,SOL000134745,P000276,11,11,0,11,fail,491.05
RETL000000366,RTN00000366,SOL000127231,P000021,6,6,0,6,fail,577.99
RETL000000367,RTN00000367,SOL000199109,P000391,12,12,0,12,fail,301.51
RETL000000368,RTN00000368,SOL000042332,P000260,7,7,0,7,fail,1196.66
RETL000000369,RTN00000369,SOL000182003,P000318,18,18,0,18,fail,972.79
RETL000000370,RTN00000370,SOL000114080,P000610,2,2,0,2,fail,65.33
RETL000000371,RTN00000371,SOL000024331,P000091,8,8,4,4,fail,260.09
RETL000000372,RTN00000372,SOL000200367,P000207,2,2,0,2,fail,108.08
RETL000000373,RTN00000373,SOL000286876,P000037,1,0,0,0,pass,86.4
RETL000000374,RTN00000374,SOL000000539,P000546,5,5,0,5,fail,639.77
RETL000000375,RTN00000375,SOL000258755,P000236,15,15,0,15,fail,645.92
RETL000000376,RTN00000376,SOL000009169,P000311,8,8,0,8,fail,264.67
RETL000000377,RTN00000377,SOL000208438,P000077,23,23,0,23,fail,2007.38
RETL000000378,RTN00000378,SOL000133276,P000072,3,0,0,0,pass,196.73
RETL000000379,RTN00000379,SOL000313699,P000487,4,4,0,4,fail,267.38
RETL000000380,RTN00000380,SOL000338991,P000373,5,5,0,5,fail,538.93
RETL000000381,RTN00000381,SOL000023610,P000228,3,3,0,3,fail,1175.96
RETL000000382,RTN00000382,SOL000119284,P000458,13,0,0,0,pass,1541.57
RETL000000383,RTN00000383,SOL000158030,P000426,2,2,1,1,fail,205.19
RETL000000384,RTN00000384,SOL000238119,P000611,2,2,1,1,fail,216.23
RETL000000385,RTN00000385,SOL000322976,P000263,3,3,3,0,pass,278.48
RETL000000386,RTN00000386,SOL000107437,P000387,1,1,0,1,fail,25.07
RETL000000387,RTN00000387,SOL000100163,P000463,6,6,0,6,fail,1382.9
RETL000000388,RTN00000388,SOL000157154,P000476,2,2,0,2,fail,828.75
RETL000000389,RTN00000389,SOL000002496,P000383,9,9,0,9,fail,2043.63
RETL000000390,RTN00000390,SOL000279709,P000034,1,0,0,0,pass,193.89
RETL000000391,RTN00000391,SOL000204024,P000518,6,6,5,1,pass,241.64
RETL000000392,RTN00000392,SOL000366557,P000194,6,6,3,3,fail,914.85
RETL000000393,RTN00000393,SOL000206761,P000312,1,1,0,1,fail,136.24
RETL000000394,RTN00000394,SOL000338277,P000416,1,0,0,0,pass,65.7
RETL000000395,RTN00000395,SOL000021778,P000493,12,12,0,12,fail,3069.12
RETL000000396,RTN00000396,SOL000358814,P000421,4,0,0,0,pass,349.69
RETL000000397,RTN00000397,SOL000085029,P000466,13,13,0,13,fail,1356.42
RETL000000398,RTN00000398,SOL000056931,P000389,2,2,0,2,fail,225.6
RETL000000399,RTN00000399,SOL000007118,P000480,6,6,0,6,fail,714.77
RETL000000400,RTN00000400,SOL000106082,P000352,14,14,0,14,fail,4854.74
RETL000000401,RTN00000401,SOL000221493,P000183,6,6,0,6,fail,1794.14
RETL000000402,RTN00000402,SOL000366109,P000394,4,0,0,0,pass,310.36
RETL000000403,RTN00000403,SOL000149323,P000384,23,23,0,23,fail,3508.77
RETL000000404,RTN00000404,SOL000242576,P000166,3,3,0,3,fail,388.65
RETL000000405,RTN00000405,SOL000112809,P000401,7,7,0,7,fail,595.38
RETL000000406,RTN00000406,SOL000180703,P000070,4,4,0,4,fail,271.39
RETL000000407,RTN00000407,SOL000297737,P000238,6,6,3,3,fail,1140.82
RETL000000408,RTN00000408,SOL000146296,P000141,8,0,0,0,pass,390.65
RETL000000409,RTN00000409,SOL000188026,P000202,1,1,1,0,pass,191.91
RETL000000410,RTN00000410,SOL000154516,P000470,5,5,4,1,pass,421.89
RETL000000411,RTN00000411,SOL000288401,P000643,6,6,0,6,fail,250.43
RETL000000412,RTN00000412,SOL000163428,P000047,4,4,0,4,fail,242.35
RETL000000413,RTN00000413,SOL000013397,P000378,9,9,8,1,pass,227.5
RETL000000414,RTN00000414,SOL000063487,P000538,1,0,0,0,pass,464.1
RETL000000415,RTN00000415,SOL000222377,P000238,40,0,0,0,pass,5002.98
RETL000000416,RTN00000416,SOL000194910,P000067,16,16,6,10,fail,3145.35
RETL000000417,RTN00000417,SOL000322747,P000584,1,1,1,0,pass,78.33
RETL000000418,RTN00000418,SOL000034979,P000233,6,6,0,6,fail,342.89
RETL000000419,RTN00000419,SOL000019681,P000390,9,9,0,9,fail,103.53
RETL000000420,RTN00000420,SOL000334902,P000416,4,4,0,4,fail,276.1
RETL000000421,RTN00000421,SOL000335637,P000413,1,1,0,1,fail,93.73
RETL000000422,RTN00000422,SOL000240195,P000255,25,0,0,0,pass,3743.05
RETL000000423,RTN00000423,SOL000111452,P000389,1,1,0,1,fail,114.64
RETL000000424,RTN00000424,SOL000095002,P000038,18,18,14,4,fail,700.65
RETL000000425,RTN00000425,SOL000130844,P000354,2,2,0,2,fail,201.01
RETL000000426,RTN00000426,SOL000182816,P000067,26,26,0,26,fail,4513.49
RETL000000427,RTN00000427,SOL000244123,P000252,6,0,0,0,pass,1132.28
RETL000000428,RTN00000428,SOL000053435,P000546,13,0,0,0,pass,1326.57
RETL000000429,RTN00000429,SOL000029683,P000626,16,16,0,16,fail,1367.0
RETL000000430,RTN00000430,SOL000184086,P000110,6,0,0,0,pass,130.59
RETL000000431,RTN00000431,SOL000152474,P000475,24,24,20,4,pass,7669.29
RETL000000432,RTN00000432,SOL000346097,P000370,3,3,1,2,fail,350.25
RETL000000433,RTN00000433,SOL000348946,P000047,2,2,0,2,fail,150.36
RETL000000434,RTN00000434,SOL000242850,P000325,3,3,0,3,fail,479.06
RETL000000435,RTN00000435,SOL000330711,P000214,2,2,1,1,fail,407.27
RETL000000436,RTN00000436,SOL000272338,P000605,17,17,8,9,fail,1192.85
RETL000000437,RTN00000437,SOL000027067,P000075,1,1,1,0,pass,57.83
RETL000000438,RTN00000438,SOL000024823,P000364,6,6,0,6,fail,245.44
RETL000000439,RTN00000439,SOL000177039,P000595,1,1,0,1,fail,34.68
RETL000000440,RTN00000440,SOL000072562,P000180,19,19,6,13,fail,894.62
RETL000000441,RTN00000441,SOL000246499,P000605,1,0,0,0,pass,70.22
RETL000000442,RTN00000442,SOL000331346,P000169,10,10,0,10,fail,2258.76
RETL000000443,RTN00000443,SOL000180583,P000588,1,1,0,1,fail,30.89
RETL000000444,RTN00000444,SOL000353283,P000495,32,32,13,19,fail,3811.3
RETL000000445,RTN00000445,SOL000358639,P000329,6,6,0,6,fail,2238.12
RETL000000446,RTN00000446,SOL000250059,P000362,1,1,0,1,fail,101.92
RETL000000447,RTN00000447,SOL000352237,P000479,1,1,0,1,fail,90.54
RETL000000448,RTN00000448,SOL000317633,P000049,22,22,16,6,fail,4412.1
RETL000000449,RTN00000449,SOL000041955,P000030,3,3,0,3,fail,93.88
RETL000000450,RTN00000450,SOL000037090,P000267,10,10,0,10,fail,976.72
RETL000000451,RTN00000451,SOL000036672,P000027,4,4,0,4,fail,348.53
RETL000000452,RTN00000452,SOL000171573,P000057,9,9,3,6,fail,3496.73
RETL000000453,RTN00000453,SOL000289423,P000283,5,5,0,5,fail,1148.9
RETL000000454,RTN00000454,SOL000157308,P000356,34,0,0,0,pass,5929.19
RETL000000455,RTN00000455,SOL000104239,P000485,8,8,0,8,fail,469.47
RETL000000456,RTN00000456,SOL000276041,P000560,1,1,0,1,fail,97.83
RETL000000457,RTN00000457,SOL000207250,P000408,18,18,11,7,fail,3289.38
RETL000000458,RTN00000458,SOL000183982,P000160,4,4,0,4,fail,516.12
RETL000000459,RTN00000459,SOL000177461,P000165,1,1,0,1,fail,73.65
RETL000000460,RTN00000460,SOL000130490,P000128,9,9,0,9,fail,296.39
RETL000000461,RTN00000461,SOL000325603,P000560,9,0,0,0,pass,746.37
RETL000000462,RTN00000462,SOL000221508,P000279,1,1,0,1,fail,42.41
RETL000000463,RTN00000463,SOL000360085,P000254,1,1,1,0,pass,91.55
RETL000000464,RTN00000464,SOL000269755,P000612,4,4,0,4,fail,2567.74
RETL000000465,RTN00000465,SOL000164367,P000145,5,0,0,0,pass,632.22
RETL000000466,RTN00000466,SOL000067950,P000388,15,15,0,15,fail,1175.7
RETL000000467,RTN00000467,SOL000305995,P000627,9,9,3,6,fail,323.3
RETL000000468,RTN00000468,SOL000230385,P000337,15,15,12,3,pass,614.7
RETL000000469,RTN00000469,SOL000043637,P000642,1,1,0,1,fail,112.96
RETL000000470,RTN00000470,SOL000317025,P000212,17,17,0,17,fail,3711.9
RETL000000471,RTN00000471,SOL000161746,P000258,5,5,0,5,fail,630.97
RETL000000472,RTN00000472,SOL000339205,P000184,1,1,0,1,fail,102.13
RETL000000473,RTN00000473,SOL000331676,P000139,2,2,1,1,fail,245.25
RETL000000474,RTN00000474,SOL000007169,P000378,5,0,0,0,pass,143.41
RETL000000475,RTN00000475,SOL000078471,P000340,6,0,0,0,pass,311.12
RETL000000476,RTN00000476,SOL000253848,P000064,7,7,0,7,fail,746.39
RETL000000477,RTN00000477,SOL000037919,P000311,28,28,15,13,fail,805.56
RETL000000478,RTN00000478,SOL000055709,P000057,26,0,0,0,pass,13859.75
RETL000000479,RTN00000479,SOL000146574,P000453,3,3,0,3,fail,571.38
RETL000000480,RTN00000480,SOL000255573,P000243,17,17,0,17,fail,1422.96
RETL000000481,RTN00000481,SOL000355789,P000157,5,5,0,5,fail,686.69
RETL000000482,RTN00000482,SOL000230556,P000228,1,1,1,0,pass,297.64
RETL000000483,RTN00000483,SOL000245477,P000036,2,0,0,0,pass,54.77
RETL000000484,RTN00000484,SOL000000991,P000287,6,6,4,2,fail,314.45
RETL000000485,RTN00000485,SOL000144457,P000032,58,58,22,36,fail,2159.3
RETL000000486,RTN00000486,SOL000286525,P000601,4,4,0,4,fail,1290.42
RETL000000487,RTN00000487,SOL000322895,P000524,3,3,0,3,fail,129.83
RETL000000488,RTN00000488,SOL000314239,P000225,19,19,0,19,fail,2502.87
RETL000000489,RTN00000489,SOL000184510,P000341,4,4,0,4,fail,613.29
RETL000000490,RTN00000490,SOL000249593,P000287,4,4,2,2,fail,214.68
RETL000000491,RTN00000491,SOL000001367,P000176,2,2,1,1,fail,587.0
RETL000000492,RTN00000492,SOL000272472,P000442,9,9,7,2,fail,3173.81
RETL000000493,RTN00000493,SOL000309953,P000551,22,0,0,0,pass,4351.8
RETL000000494,RTN00000494,SOL000337066,P000444,7,7,0,7,fail,1190.5
RETL000000495,RTN00000495,SOL000285236,P000142,35,35,0,35,fail,4243.05
RETL000000496,RTN00000496,SOL000150679,P000190,6,6,0,6,fail,486.64
RETL000000497,RTN00000497,SOL000213542,P000565,41,41,31,10,fail,13831.42
RETL000000498,RTN00000498,SOL000193370,P000189,9,0,0,0,pass,297.62
RETL000000499,RTN00000499,SOL000296905,P000245,53,53,39,14,fail,8370.57
RETL000000500,RTN00000500,SOL000299472,P000226,22,0,0,0,pass,568.88
RETL000000501,RTN00000501,SOL000121862,P000559,2,2,0,2,fail,302.21
RETL000000502,RTN00000502,SOL000115921,P000567,6,6,4,2,fail,554.48
RETL000000503,RTN00000503,SOL000106913,P000132,9,9,0,9,fail,440.19
RETL000000504,RTN00000504,SOL000242021,P000069,6,6,3,3,fail,214.13
RETL000000505,RTN00000505,SOL000248953,P000422,10,0,0,0,pass,1096.18
RETL000000506,RTN00000506,SOL000191387,P000500,33,33,0,33,fail,835.48
RETL000000507,RTN00000507,SOL000158781,P000488,8,8,0,8,fail,116.92
RETL000000508,RTN00000508,SOL000276605,P000485,23,0,0,0,pass,1516.65
RETL000000509,RTN00000509,SOL000212766,P000294,4,4,0,4,fail,1244.86
RETL000000510,RTN00000510,SOL000107672,P000306,15,15,7,8,fail,4596.52
RETL000000511,RTN00000511,SOL000209435,P000583,9,9,0,9,fail,511.09
RETL000000512,RTN00000512,SOL000209587,P000530,83,83,26,57,fail,3843.97
RETL000000513,RTN00000513,SOL000218106,P000097,20,0,0,0,pass,1643.89
RETL000000514,RTN00000514,SOL000161875,P000609,4,4,0,4,fail,1387.82
RETL000000515,RTN00000515,SOL000234413,P000459,5,5,0,5,fail,152.03
RETL000000516,RTN00000516,SOL000113532,P000111,9,0,0,0,pass,986.57
RETL000000517,RTN00000517,SOL000286524,P000256,5,5,4,1,pass,213.59
RETL000000518,RTN00000518,SOL000297000,P000637,3,3,0,3,fail,166.9
RETL000000519,RTN00000519,SOL000152139,P000371,3,3,0,3,fail,390.65
RETL000000520,RTN00000520,SOL000140470,P000374,15,0,0,0,pass,1640.88
RETL000000521,RTN00000521,SOL000332443,P000134,3,0,0,0,pass,211.05
RETL000000522,RTN00000522,SOL000170173,P000507,18,18,0,18,fail,2189.04
RETL000000523,RTN00000523,SOL000280365,P000102,39,39,0,39,fail,4972.35
RETL000000524,RTN00000524,SOL000110100,P000298,3,3,0,3,fail,1077.9
RETL000000525,RTN00000525,SOL000255570,P000181,4,4,1,3,fail,314.64
RETL000000526,RTN00000526,SOL000362470,P000130,5,0,0,0,pass,591.96
RETL000000527,RTN00000527,SOL000341476,P000631,5,5,4,1,pass,452.26
RETL000000528,RTN00000528,SOL000350240,P000577,15,15,0,15,fail,1227.36
RETL000000529,RTN00000529,SOL000050883,P000643,1,1,0,1,fail,41.28
RETL000000530,RTN00000530,SOL000178078,P000272,4,4,0,4,fail,285.58
RETL000000531,RTN00000531,SOL000117566,P000137,8,8,0,8,fail,457.85
RETL000000532,RTN00000532,SOL000300754,P000135,56,56,24,32,fail,9687.01
RETL000000533,RTN00000533,SOL000046546,P000384,8,8,0,8,fail,1085.62
RETL000000534,RTN00000534,SOL000147071,P000391,7,7,4,3,fail,177.4
RETL000000535,RTN00000535,SOL000097424,P000275,1,1,0,1,fail,95.96
RETL000000536,RTN00000536,SOL000064708,P000243,31,31,11,20,fail,2905.94
RETL000000537,RTN00000537,SOL000045865,P000495,9,9,0,9,fail,988.3
RETL000000538,RTN00000538,SOL000129365,P000280,25,25,0,25,fail,1547.07
RETL000000539,RTN00000539,SOL000286473,P000502,14,14,0,14,fail,1590.22
RETL000000540,RTN00000540,SOL000116389,P000590,14,0,0,0,pass,2109.68
RETL000000541,RTN00000541,SOL000279200,P000260,15,15,0,15,fail,2231.41
RETL000000542,RTN00000542,SOL000012314,P000043,2,2,1,1,fail,522.29
RETL000000543,RTN00000543,SOL000005518,P000595,5,5,0,5,fail,204.05
RETL000000544,RTN00000544,SOL000273826,P000093,1,1,0,1,fail,51.63
RETL000000545,RTN00000545,SOL000089927,P000095,2,2,0,2,fail,164.68
RETL000000546,RTN00000546,SOL000122415,P000559,2,2,0,2,fail,378.88
RETL000000547,RTN00000547,SOL000189548,P000447,14,0,0,0,pass,3778.96
RETL000000548,RTN00000548,SOL000102521,P000374,4,4,0,4,fail,623.38
RETL000000549,RTN00000549,SOL000285001,P000539,10,10,0,10,fail,1048.17
RETL000000550,RTN00000550,SOL000129911,P000237,42,42,0,42,fail,8626.08
RETL000000551,RTN00000551,SOL000252515,P000564,6,6,2,4,fail,646.46
RETL000000552,RTN00000552,SOL000270312,P000416,7,7,0,7,fail,396.3
RETL000000553,RTN00000553,SOL000215553,P000390,15,15,0,15,fail,176.45
RETL000000554,RTN00000554,SOL000097442,P000349,8,0,0,0,pass,367.6
RETL000000555,RTN00000555,SOL000156582,P000463,4,4,0,4,fail,977.35
RETL000000556,RTN00000556,SOL000175991,P000226,5,5,2,3,fail,121.54
RETL000000557,RTN00000557,SOL000049214,P000317,1,0,0,0,pass,47.26
RETL000000558,RTN00000558,SOL000148934,P000203,9,9,0,9,fail,1731.02
RETL000000559,RTN00000559,SOL000085426,P000448,16,16,0,16,fail,1007.52
RETL000000560,RTN00000560,SOL000309404,P000221,36,0,0,0,pass,4006.78
RETL000000561,RTN00000561,SOL000063576,P000284,1,1,0,1,fail,16.05
RETL000000562,RTN00000562,SOL000329981,P000498,3,3,1,2,fail,380.16
RETL000000563,RTN00000563,SOL000179716,P000538,4,4,0,4,fail,1337.85
RETL000000564,RTN00000564,SOL000008424,P000276,1,1,0,1,fail,46.38
RETL000000565,RTN00000565,SOL000200698,P000154,23,23,0,23,fail,1794.3
RETL000000566,RTN00000566,SOL000351649,P000075,4,4,0,4,fail,264.25
RETL000000567,RTN00000567,SOL000248214,P000319,5,5,0,5,fail,254.1
RETL000000568,RTN00000568,SOL000214038,P000142,7,0,0,0,pass,877.43
RETL000000569,RTN00000569,SOL000195065,P000416,5,5,0,5,fail,288.42
RETL000000570,RTN00000570,SOL000267630,P000466,48,48,0,48,fail,3955.65
RETL000000571,RTN00000571,SOL000279009,P000446,34,34,26,8,fail,2331.49
RETL000000572,RTN00000572,SOL000072405,P000055,13,13,0,13,fail,5016.46
RETL000000573,RTN00000573,SOL000193777,P000215,2,2,0,2,fail,52.58
RETL000000574,RTN00000574,SOL000207518,P000271,12,12,0,12,fail,836.21
RETL000000575,RTN00000575,SOL000014629,P000013,7,0,0,0,pass,1569.16
RETL000000576,RTN00000576,SOL000128361,P000319,7,0,0,0,pass,227.54
RETL000000577,RTN00000577,SOL000061804,P000161,1,1,0,1,fail,77.95
RETL000000578,RTN00000578,SOL000246438,P000452,5,5,0,5,fail,371.61
RETL000000579,RTN00000579,SOL000150837,P000416,5,5,2,3,fail,267.9
RETL000000580,RTN00000580,SOL000270179,P000394,33,33,0,33,fail,2924.7
RETL000000581,RTN00000581,SOL000045483,P000250,16,16,0,16,fail,1565.09
RETL000000582,RTN00000582,SOL000010245,P000646,13,13,4,9,fail,1976.37
RETL000000583,RTN00000583,SOL000330269,P000292,1,1,0,1,fail,602.75
RETL000000584,RTN00000584,SOL000292168,P000304,15,0,0,0,pass,554.57
RETL000000585,RTN00000585,SOL000088990,P000489,4,4,1,3,fail,950.41
RETL000000586,RTN00000586,SOL000342165,P000041,3,3,0,3,fail,89.96
RETL000000587,RTN00000587,SOL000040253,P000048,7,7,0,7,fail,765.06
RETL000000588,RTN00000588,SOL000176160,P000063,9,9,0,9,fail,626.39
RETL000000589,RTN00000589,SOL000305981,P000253,44,44,0,44,fail,5418.97
RETL000000590,RTN00000590,SOL000320332,P000541,7,0,0,0,pass,3205.19
RETL000000591,RTN00000591,SOL000145440,P000079,20,20,11,9,fail,658.34
RETL000000592,RTN00000592,SOL000144199,P000254,46,46,0,46,fail,6382.89
RETL000000593,RTN00000593,SOL000118408,P000428,5,5,0,5,fail,237.07
RETL000000594,RTN00000594,SOL000137167,P000348,6,0,0,0,pass,341.11
RETL000000595,RTN00000595,SOL000152404,P000236,4,0,0,0,pass,204.95
RETL000000596,RTN00000596,SOL000303714,P000487,11,0,0,0,pass,959.76
RETL000000597,RTN00000597,SOL000323032,P000496,13,13,0,13,fail,542.42
RETL000000598,RTN00000598,SOL000319910,P000028,5,5,0,5,fail,983.16
RETL000000599,RTN00000599,SOL000018758,P000315,4,4,3,1,fail,522.98
RETL000000600,RTN00000600,SOL000007979,P000283,13,0,0,0,pass,3433.1
RETL000000601,RTN00000601,SOL000175535,P000220,1,1,1,0,pass,280.93
RETL000000602,RTN00000602,SOL000239713,P000337,3,3,0,3,fail,107.2
RETL000000603,RTN00000603,SOL000012955,P000213,5,0,0,0,pass,329.98
RETL000000604,RTN00000604,SOL000341313,P000578,11,0,0,0,pass,802.36
RETL000000605,RTN00000605,SOL000134452,P000170,19,0,0,0,pass,1679.88
RETL000000606,RTN00000606,SOL000159695,P000064,29,29,0,29,fail,2416.33
RETL000000607,RTN00000607,SOL000121132,P000466,7,7,0,7,fail,619.79
RETL000000608,RTN00000608,SOL000280652,P000545,6,0,0,0,pass,337.03
RETL000000609,RTN00000609,SOL000232691,P000623,21,21,0,21,fail,2561.48
RETL000000610,RTN00000610,SOL000114134,P000309,4,4,0,4,fail,264.07
RETL000000611,RTN00000611,SOL000195252,P000148,5,5,0,5,fail,568.26
RETL000000612,RTN00000612,SOL000285595,P000573,3,3,0,3,fail,230.46
RETL000000613,RTN00000613,SOL000203629,P000060,2,2,0,2,fail,89.32
RETL000000614,RTN00000614,SOL000018656,P000333,1,0,0,0,pass,500.4
RETL000000615,RTN00000615,SOL000078374,P000006,20,20,6,14,fail,1017.9
RETL000000616,RTN00000616,SOL000044526,P000171,17,17,0,17,fail,2493.82
RETL000000617,RTN00000617,SOL000093951,P000323,10,10,0,10,fail,654.73
RETL000000618,RTN00000618,SOL000123513,P000025,5,5,2,3,fail,543.17
RETL000000619,RTN00000619,SOL000107947,P000541,3,3,0,3,fail,1151.5
RETL000000620,RTN00000620,SOL000322884,P000234,4,4,2,2,fail,536.3
RETL000000621,RTN00000621,SOL000081236,P000158,6,0,0,0,pass,295.59
RETL000000622,RTN00000622,SOL000027989,P000328,54,54,0,54,fail,5124.57
RETL000000623,RTN00000623,SOL000021572,P000231,4,4,0,4,fail,550.17
RETL000000624,RTN00000624,SOL000014292,P000340,6,6,4,2,fail,322.95
RETL000000625,RTN00000625,SOL000076704,P000291,1,1,0,1,fail,221.0
RETL000000626,RTN00000626,SOL000286398,P000056,4,4,0,4,fail,534.06
RETL000000627,RTN00000627,SOL000178578,P000036,58,58,36,22,fail,2265.45
RETL000000628,RTN00000628,SOL000239492,P000076,1,0,0,0,pass,169.13
RETL000000629,RTN00000629,SOL000228848,P000580,8,0,0,0,pass,247.96
RETL000000630,RTN00000630,SOL000153335,P000162,5,5,4,1,pass,224.3
RETL000000631,RTN00000631,SOL000207878,P000540,1,0,0,0,pass,42.23
RETL000000632,RTN00000632,SOL000223120,P000530,41,0,0,0,pass,1926.54
RETL000000633,RTN00000633,SOL000079750,P000485,3,3,2,1,fail,162.03
RETL000000634,RTN00000634,SOL000166993,P000439,5,5,4,1,pass,706.36
RETL000000635,RTN00000635,SOL000071219,P000575,10,10,0,10,fail,1743.01
RETL000000636,RTN00000636,SOL000206588,P000544,7,7,0,7,fail,389.05
RETL000000637,RTN00000637,SOL000285773,P000414,6,6,0,6,fail,349.1
RETL000000638,RTN00000638,SOL000105880,P000647,52,0,0,0,pass,3787.79
RETL000000639,RTN00000639,SOL000244503,P000148,7,7,4,3,fail,754.36
RETL000000640,RTN00000640,SOL000114883,P000513,16,16,0,16,fail,1537.61
RETL000000641,RTN00000641,SOL000287596,P000229,1,1,1,0,pass,215.09
RETL000000642,RTN00000642,SOL000335879,P000117,11,11,0,11,fail,1926.38
RETL000000643,RTN00000643,SOL000172576,P000312,15,0,0,0,pass,1990.41
RETL000000644,RTN00000644,SOL000076419,P000138,24,24,0,24,fail,1347.74
RETL000000645,RTN00000645,SOL000274380,P000363,15,15,7,8,fail,1183.82
RETL000000646,RTN00000646,SOL000197787,P000376,3,0,0,0,pass,31.2
RETL000000647,RTN00000647,SOL000188728,P000186,1,1,0,1,fail,19.39
RETL000000648,RTN00000648,SOL000125054,P000209,3,3,0,3,fail,599.42
RETL000000649,RTN00000649,SOL000029165,P000471,19,19,12,7,fail,1125.22
RETL000000650,RTN00000650,SOL000041428,P000501,8,8,4,4,fail,2882.46
RETL000000651,RTN00000651,SOL000049120,P000509,6,6,0,6,fail,481.9
RETL000000652,RTN00000652,SOL000324832,P000013,21,21,0,21,fail,5332.71
RETL000000653,RTN00000653,SOL000102213,P000192,14,14,0,14,fail,627.05
RETL000000654,RTN00000654,SOL000364165,P000266,30,30,25,5,pass,6698.26
RETL000000655,RTN00000655,SOL000019445,P000361,13,13,0,13,fail,387.02
RETL000000656,RTN00000656,SOL000324306,P000455,84,84,0,84,fail,9954.33
RETL000000657,RTN00000657,SOL000212360,P000078,1,1,0,1,fail,28.95
RETL000000658,RTN00000658,SOL000137681,P000192,20,0,0,0,pass,682.07
RETL000000659,RTN00000659,SOL000355610,P000575,17,17,15,2,pass,3746.82
RETL000000660,RTN00000660,SOL000247457,P000632,6,6,4,2,fail,1620.92
RETL000000661,RTN00000661,SOL000279225,P000236,8,0,0,0,pass,439.01
RETL000000662,RTN00000662,SOL000252150,P000426,13,13,4,9,fail,1326.62
RETL000000663,RTN00000663,SOL000031783,P000070,13,13,4,9,fail,1279.85
RETL000000664,RTN00000664,SOL000042073,P000388,4,0,0,0,pass,235.61
RETL000000665,RTN00000665,SOL000113765,P000617,2,2,0,2,fail,83.26
RETL000000666,RTN00000666,SOL000144123,P000080,7,0,0,0,pass,761.67
RETL000000667,RTN00000667,SOL000186438,P000374,11,11,0,11,fail,1351.82
RETL000000668,RTN00000668,SOL000287799,P000600,11,0,0,0,pass,1169.16
RETL000000669,RTN00000669,SOL000040086,P000189,2,2,1,1,fail,79.79
RETL000000670,RTN00000670,SOL000234043,P000008,1,1,0,1,fail,47.02
RETL000000671,RTN00000671,SOL000274602,P000268,7,0,0,0,pass,144.91
RETL000000672,RTN00000672,SOL000102058,P000404,4,4,0,4,fail,724.07
RETL000000673,RTN00000673,SOL000340719,P000294,2,2,1,1,fail,601.35
RETL000000674,RTN00000674,SOL000187920,P000312,13,0,0,0,pass,1500.56
RETL000000675,RTN00000675,SOL000254417,P000098,6,6,0,6,fail,447.16
RETL000000676,RTN00000676,SOL000299877,P000176,3,3,0,3,fail,851.88
RETL000000677,RTN00000677,SOL000127744,P000244,38,38,0,38,fail,907.6
RETL000000678,RTN00000678,SOL000362538,P000611,1,1,0,1,fail,106.98
RETL000000679,RTN00000679,SOL000135676,P000310,6,6,0,6,fail,950.32
RETL000000680,RTN00000680,SOL000153961,P000446,1,1,0,1,fail,84.85
RETL000000681,RTN00000681,SOL000353943,P000393,2,2,0,2,fail,504.59
RETL000000682,RTN00000682,SOL000225827,P000626,7,7,0,7,fail,724.79
RETL000000683,RTN00000683,SOL000040845,P000136,16,16,0,16,fail,4900.09
RETL000000684,RTN00000684,SOL000270102,P000102,18,18,12,6,fail,2392.73
RETL000000685,RTN00000685,SOL000097312,P000247,4,4,3,1,fail,335.6
RETL000000686,RTN00000686,SOL000268303,P000102,2,2,0,2,fail,293.12
RETL000000687,RTN00000687,SOL000088596,P000174,27,27,0,27,fail,9743.91
RETL000000688,RTN00000688,SOL000270325,P000471,7,7,6,1,pass,311.16
RETL000000689,RTN00000689,SOL000338296,P000459,5,5,0,5,fail,133.07
RETL000000690,RTN00000690,SOL000224703,P000319,9,0,0,0,pass,391.58
RETL000000691,RTN00000691,SOL000143316,P000303,4,4,0,4,fail,859.97
RETL000000692,RTN00000692,SOL000056928,P000161,1,1,0,1,fail,91.23
RETL000000693,RTN00000693,SOL000117830,P000284,14,14,5,9,fail,218.12
RETL000000694,RTN00000694,SOL000031053,P000501,8,0,0,0,pass,2278.01
RETL000000695,RTN00000695,SOL000108650,P000496,6,0,0,0,pass,373.24
RETL000000696,RTN00000696,SOL000245099,P000281,10,10,0,10,fail,1307.84
RETL000000697,RTN00000697,SOL000247197,P000213,9,0,0,0,pass,491.11
RETL000000698,RTN00000698,SOL000304047,P000065,5,5,0,5,fail,190.71
RETL000000699,RTN00000699,SOL000212006,P000396,61,61,53,8,pass,10313.21
RETL000000700,RTN00000700,SOL000340166,P000187,6,6,0,6,fail,905.3
RETL000000701,RTN00000701,SOL000244600,P000174,3,3,1,2,fail,960.0
RETL000000702,RTN00000702,SOL000301849,P000081,8,8,0,8,fail,158.01
RETL000000703,RTN00000703,SOL000092193,P000351,14,14,0,14,fail,9354.77
RETL000000704,RTN00000704,SOL000235189,P000508,1,1,0,1,fail,68.98
RETL000000705,RTN00000705,SOL000140979,P000465,4,4,1,3,fail,413.08
RETL000000706,RTN00000706,SOL000097602,P000127,6,6,0,6,fail,1211.5
RETL000000707,RTN00000707,SOL000135530,P000030,1,1,0,1,fail,32.06
RETL000000708,RTN00000708,SOL000160746,P000204,34,0,0,0,pass,3842.22
RETL000000709,RTN00000709,SOL000302726,P000549,1,1,0,1,fail,92.73
RETL000000710,RTN00000710,SOL000147896,P000496,1,1,1,0,pass,48.61
RETL000000711,RTN00000711,SOL000332467,P000240,2,0,0,0,pass,223.3
RETL000000712,RTN00000712,SOL000278547,P000178,4,0,0,0,pass,208.39
RETL000000713,RTN00000713,SOL000192872,P000541,1,1,0,1,fail,439.23
RETL000000714,RTN00000714,SOL000024799,P000634,5,0,0,0,pass,170.19
RETL000000715,RTN00000715,SOL000216790,P000293,1,1,0,1,fail,151.67
RETL000000716,RTN00000716,SOL000068573,P000108,46,46,30,16,fail,1495.8
RETL000000717,RTN00000717,SOL000091326,P000190,17,17,15,2,pass,1083.13
RETL000000718,RTN00000718,SOL000187601,P000276,11,11,6,5,fail,401.14
RETL000000719,RTN00000719,SOL000316103,P000549,5,0,0,0,pass,338.62
RETL000000720,RTN00000720,SOL000331465,P000647,6,6,0,6,fail,343.32
RETL000000721,RTN00000721,SOL000315098,P000138,3,0,0,0,pass,205.22
RETL000000722,RTN00000722,SOL000153165,P000030,29,29,12,17,fail,1332.45
RETL000000723,RTN00000723,SOL000010946,P000283,3,3,2,1,fail,767.22
RETL000000724,RTN00000724,SOL000048778,P000255,2,2,0,2,fail,367.75
RETL000000725,RTN00000725,SOL000225354,P000308,1,1,0,1,fail,125.5
RETL000000726,RTN00000726,SOL000010510,P000288,1,1,0,1,fail,140.46
RETL000000727,RTN00000727,SOL000034847,P000519,9,9,5,4,fail,1320.5
RETL000000728,RTN00000728,SOL000110662,P000598,3,0,0,0,pass,384.25
RETL000000729,RTN00000729,SOL000010849,P000022,22,0,0,0,pass,688.57
RETL000000730,RTN00000730,SOL000199909,P000055,9,9,0,9,fail,3615.73
RETL000000731,RTN00000731,SOL000207530,P000143,2,0,0,0,pass,68.8
RETL000000732,RTN00000732,SOL000159852,P000223,25,0,0,0,pass,8276.41
RETL000000733,RTN00000733,SOL000069778,P000032,4,4,0,4,fail,143.6
RETL000000734,RTN00000734,SOL000258509,P000592,24,24,0,24,fail,1732.73
RETL000000735,RTN00000735,SOL000087670,P000643,5,0,0,0,pass,171.03
RETL000000736,RTN00000736,SOL000353436,P000197,3,0,0,0,pass,574.33
RETL000000737,RTN00000737,SOL000139711,P000649,9,0,0,0,pass,4018.82
RETL000000738,RTN00000738,SOL000061953,P000244,16,16,0,16,fail,376.81
RETL000000739,RTN00000739,SOL000277646,P000560,6,0,0,0,pass,429.32
RETL000000740,RTN00000740,SOL000176422,P000571,1,1,0,1,fail,141.23
RETL000000741,RTN00000741,SOL000081596,P000271,20,20,0,20,fail,1302.67
RETL000000742,RTN00000742,SOL000160210,P000240,11,11,0,11,fail,1561.73
RETL000000743,RTN00000743,SOL000090875,P000554,2,0,0,0,pass,304.36
RETL000000744,RTN00000744,SOL000179814,P000321,9,0,0,0,pass,314.63
RETL000000745,RTN00000745,SOL000230645,P000428,20,20,0,20,fail,884.91
RETL000000746,RTN00000746,SOL000038885,P000606,9,9,7,2,fail,2469.22
RETL000000747,RTN00000747,SOL000316118,P000505,7,7,0,7,fail,146.65
RETL000000748,RTN00000748,SOL000061930,P000290,11,11,0,11,fail,2333.55
RETL000000749,RTN00000749,SOL000166093,P000439,5,5,0,5,fail,806.77
RETL000000750,RTN00000750,SOL000284131,P000373,4,4,0,4,fail,312.06
RETL000000751,RTN00000751,SOL000055775,P000118,7,0,0,0,pass,304.1
RETL000000752,RTN00000752,SOL000155504,P000181,1,0,0,0,pass,80.36
RETL000000753,RTN00000753,SOL000248147,P000178,16,16,0,16,fail,938.12
RETL000000754,RTN00000754,SOL000184463,P000211,44,0,0,0,pass,2142.15
RETL000000755,RTN00000755,SOL000326771,P000612,1,1,0,1,fail,547.67
RETL000000756,RTN00000756,SOL000322949,P000015,11,11,9,2,pass,7040.14
RETL000000757,RTN00000757,SOL000214068,P000042,2,0,0,0,pass,166.03
RETL000000758,RTN00000758,SOL000197565,P000267,7,0,0,0,pass,824.33
RETL000000759,RTN00000759,SOL000235237,P000312,2,2,0,2,fail,262.3
RETL000000760,RTN00000760,SOL000127203,P000131,2,2,0,2,fail,144.29
RETL000000761,RTN00000761,SOL000190341,P000334,1,1,0,1,fail,87.74
RETL000000762,RTN00000762,SOL000298427,P000181,1,1,0,1,fail,69.19
RETL000000763,RTN00000763,SOL000160293,P000001,4,0,0,0,pass,856.52
RETL000000764,RTN00000764,SOL000274888,P000591,3,3,0,3,fail,642.57
RETL000000765,RTN00000765,SOL000274370,P000464,5,5,0,5,fail,534.5
RETL000000766,RTN00000766,SOL000045733,P000298,2,2,1,1,fail,884.69
RETL000000767,RTN00000767,SOL000086627,P000473,19,0,0,0,pass,1268.96
RETL000000768,RTN00000768,SOL000099592,P000580,3,3,0,3,fail,83.36
RETL000000769,RTN00000769,SOL000151718,P000111,39,0,0,0,pass,4730.51
RETL000000770,RTN00000770,SOL000343725,P000013,1,1,0,1,fail,250.74
RETL000000771,RTN00000771,SOL000350426,P000033,7,7,0,7,fail,202.32
RETL000000772,RTN00000772,SOL000034523,P000612,1,1,0,1,fail,501.5
RETL000000773,RTN00000773,SOL000091228,P000630,26,26,17,9,fail,5298.57
RETL000000774,RTN00000774,SOL000203340,P000287,13,13,10,3,fail,573.15
RETL000000775,RTN00000775,SOL000067033,P000260,10,10,5,5,fail,1563.36
RETL000000776,RTN00000776,SOL000092395,P000283,5,5,2,3,fail,933.48
RETL000000777,RTN00000777,SOL000295620,P000218,4,0,0,0,pass,510.3
RETL000000778,RTN00000778,SOL000253242,P000572,4,0,0,0,pass,620.29
RETL000000779,RTN00000779,SOL000230732,P000299,29,29,0,29,fail,11771.1
RETL000000780,RTN00000780,SOL000051423,P000636,10,10,6,4,fail,381.75
RETL000000781,RTN00000781,SOL000064442,P000380,23,23,0,23,fail,2811.24
RETL000000782,RTN00000782,SOL000356219,P000164,37,37,0,37,fail,3109.42
RETL000000783,RTN00000783,SOL000293214,P000335,6,6,0,6,fail,377.05
RETL000000784,RTN00000784,SOL000353689,P000362,18,0,0,0,pass,2153.1
RETL000000785,RTN00000785,SOL000043837,P000065,9,9,8,1,pass,404.86
RETL000000786,RTN00000786,SOL000245421,P000056,6,6,0,6,fail,692.89
RETL000000787,RTN00000787,SOL000365291,P000437,20,20,0,20,fail,3011.86
RETL000000788,RTN00000788,SOL000125828,P000030,17,17,0,17,fail,652.17
RETL000000789,RTN00000789,SOL000004528,P000526,12,12,9,3,fail,503.26
RETL000000790,RTN00000790,SOL000067250,P000533,23,23,0,23,fail,3050.45
RETL000000791,RTN00000791,SOL000273767,P000108,1,1,1,0,pass,44.62
RETL000000792,RTN00000792,SOL000014881,P000302,8,8,3,5,fail,558.3
RETL000000793,RTN00000793,SOL000033321,P000571,6,6,0,6,fail,684.39
RETL000000794,RTN00000794,SOL000100894,P000255,1,0,0,0,pass,181.5
RETL000000795,RTN00000795,SOL000233997,P000221,38,38,12,26,fail,5528.0
RETL000000796,RTN00000796,SOL000226579,P000357,2,2,0,2,fail,122.44
RETL000000797,RTN00000797,SOL000360608,P000292,29,29,0,29,fail,15635.74
RETL000000798,RTN00000798,SOL000055164,P000442,6,6,0,6,fail,3013.78
RETL000000799,RTN00000799,SOL000043003,P000198,4,4,0,4,fail,439.49
RETL000000800,RTN00000800,SOL000157399,P000055,1,1,1,0,pass,477.62
RETL000000801,RTN00000801,SOL000077099,P000317,1,1,0,1,fail,49.39
RETL000000802,RTN00000802,SOL000023751,P000239,17,17,0,17,fail,4979.04
RETL000000803,RTN00000803,SOL000137047,P000259,2,2,0,2,fail,481.51
RETL000000804,RTN00000804,SOL000118742,P000350,4,0,0,0,pass,135.18
RETL000000805,RTN00000805,SOL000026032,P000274,28,28,0,28,fail,2620.86
RETL000000806,RTN00000806,SOL000136077,P000560,21,21,0,21,fail,1530.7
RETL000000807,RTN00000807,SOL000123947,P000207,18,18,0,18,fail,929.11
RETL000000808,RTN00000808,SOL000215587,P000352,2,2,0,2,fail,788.18
RETL000000809,RTN00000809,SOL000273325,P000048,2,2,1,1,fail,152.99
RETL000000810,RTN00000810,SOL000168342,P000393,3,3,0,3,fail,879.24
RETL000000811,RTN00000811,SOL000141048,P000063,1,1,0,1,fail,76.39
RETL000000812,RTN00000812,SOL000000671,P000292,16,16,0,16,fail,8164.14
RETL000000813,RTN00000813,SOL000232498,P000536,14,14,0,14,fail,1631.18
RETL000000814,RTN00000814,SOL000255091,P000211,20,20,13,7,fail,1307.2
RETL000000815,RTN00000815,SOL000344851,P000023,3,3,1,2,fail,186.53
RETL000000816,RTN00000816,SOL000089331,P000306,8,8,0,8,fail,2222.72
RETL000000817,RTN00000817,SOL000280813,P000317,5,5,2,3,fail,225.96
RETL000000818,RTN00000818,SOL000043902,P000603,20,20,0,20,fail,1096.7
RETL000000819,RTN00000819,SOL000077346,P000226,5,5,4,1,pass,168.6
RETL000000820,RTN00000820,SOL000205614,P000176,10,10,0,10,fail,2293.64
RETL000000821,RTN00000821,SOL000025848,P000383,20,20,12,8,fail,3543.69
RETL000000822,RTN00000822,SOL000316627,P000416,13,0,0,0,pass,907.65
RETL000000823,RTN00000823,SOL000077472,P000412,33,0,0,0,pass,1173.57
RETL000000824,RTN00000824,SOL000063971,P000337,11,11,0,11,fail,329.94
RETL000000825,RTN00000825,SOL000315095,P000594,2,2,0,2,fail,94.78
RETL000000826,RTN00000826,SOL000218740,P000460,2,0,0,0,pass,222.74
RETL000000827,RTN00000827,SOL000311463,P000285,3,3,2,1,fail,171.5
RETL000000828,RTN00000828,SOL000086342,P000010,14,14,0,14,fail,822.01
RETL000000829,RTN00000829,SOL000067845,P000567,1,1,0,1,fail,122.88
RETL000000830,RTN00000830,SOL000190236,P000028,4,0,0,0,pass,754.15
RETL000000831,RTN00000831,SOL000292221,P000645,10,10,7,3,fail,692.98
RETL000000832,RTN00000832,SOL000268110,P000063,5,5,0,5,fail,407.09
RETL000000833,RTN00000833,SOL000140385,P000551,6,0,0,0,pass,978.52
RETL000000834,RTN00000834,SOL000039378,P000024,12,12,0,12,fail,482.58
RETL000000835,RTN00000835,SOL000039045,P000373,7,0,0,0,pass,547.01
RETL000000836,RTN00000836,SOL000302793,P000614,5,5,4,1,pass,1120.55
RETL000000837,RTN00000837,SOL000218319,P000561,5,0,0,0,pass,327.53
RETL000000838,RTN00000838,SOL000191650,P000509,1,1,0,1,fail,102.91
RETL000000839,RTN00000839,SOL000275299,P000493,1,1,0,1,fail,292.07
RETL000000840,RTN00000840,SOL000169214,P000130,10,10,4,6,fail,1173.08
RETL000000841,RTN00000841,SOL000320081,P000072,5,0,0,0,pass,288.2
RETL000000842,RTN00000842,SOL000131642,P000641,1,0,0,0,pass,120.19
RETL000000843,RTN00000843,SOL000103832,P000125,8,8,3,5,fail,519.41
RETL000000844,RTN00000844,SOL000170762,P000552,5,5,4,1,pass,2980.97
RETL000000845,RTN00000845,SOL000347736,P000545,11,0,0,0,pass,806.16
RETL000000846,RTN00000846,SOL000018214,P000474,31,0,0,0,pass,2245.91
RETL000000847,RTN00000847,SOL000108535,P000529,3,3,0,3,fail,290.84
RETL000000848,RTN00000848,SOL000089755,P000526,2,2,0,2,fail,86.86
RETL000000849,RTN00000849,SOL000267194,P000458,13,13,7,6,fail,1323.89
RETL000000850,RTN00000850,SOL000281787,P000302,5,5,0,5,fail,408.44
RETL000000851,RTN00000851,SOL000225185,P000019,66,66,0,66,fail,23880.15
RETL000000852,RTN00000852,SOL000191811,P000114,2,0,0,0,pass,127.9
RETL000000853,RTN00000853,SOL000282153,P000576,6,6,5,1,pass,898.62
RETL000000854,RTN00000854,SOL000110600,P000640,9,9,2,7,fail,521.25
RETL000000855,RTN00000855,SOL000094257,P000190,1,1,1,0,pass,66.33
RETL000000856,RTN00000856,SOL000283413,P000433,2,2,0,2,fail,96.62
RETL000000857,RTN00000857,SOL000026402,P000039,15,15,0,15,fail,7068.47
RETL000000858,RTN00000858,SOL000183748,P000098,2,0,0,0,pass,132.93
RETL000000859,RTN00000859,SOL000155724,P000513,2,2,0,2,fail,206.08
RETL000000860,RTN00000860,SOL000147978,P000216,1,1,0,1,fail,152.18
RETL000000861,RTN00000861,SOL000137730,P000144,6,6,0,6,fail,326.99
RETL000000862,RTN00000862,SOL000225058,P000268,27,27,18,9,fail,763.67
RETL000000863,RTN00000863,SOL000207581,P000457,3,3,0,3,fail,615.65
RETL000000864,RTN00000864,SOL000058953,P000288,30,30,0,30,fail,5534.91
RETL000000865,RTN00000865,SOL000271255,P000540,6,6,4,2,fail,298.75
RETL000000866,RTN00000866,SOL000265716,P000522,8,8,0,8,fail,834.91
RETL000000867,RTN00000867,SOL000241064,P000028,20,20,0,20,fail,3377.51
RETL000000868,RTN00000868,SOL000254073,P000390,13,0,0,0,pass,178.17
RETL000000869,RTN00000869,SOL000282130,P000237,10,0,0,0,pass,1746.8
RETL000000870,RTN00000870,SOL000120355,P000021,11,11,0,11,fail,1027.56
RETL000000871,RTN00000871,SOL000004053,P000403,1,1,0,1,fail,32.36
RETL000000872,RTN00000872,SOL000188819,P000061,37,0,0,0,pass,4123.03
RETL000000873,RTN00000873,SOL000014991,P000068,35,35,30,5,pass,2881.32
RETL000000874,RTN00000874,SOL000099670,P000482,18,18,0,18,fail,2576.42
RETL000000875,RTN00000875,SOL000034169,P000061,1,1,1,0,pass,151.98
RETL000000876,RTN00000876,SOL000106828,P000176,12,0,0,0,pass,3217.68
RETL000000877,RTN00000877,SOL000251053,P000072,9,9,0,9,fail,461.43
RETL000000878,RTN00000878,SOL000203614,P000387,3,3,1,2,fail,86.43
RETL000000879,RTN00000879,SOL000360093,P000595,4,4,2,2,fail,137.5
RETL000000880,RTN00000880,SOL000096786,P000339,2,0,0,0,pass,223.39
RETL000000881,RTN00000881,SOL000203932,P000555,3,3,2,1,fail,584.73
RETL000000882,RTN00000882,SOL000115119,P000251,6,6,4,2,fail,433.84
RETL000000883,RTN00000883,SOL000049072,P000642,10,10,4,6,fail,1232.24
RETL000000884,RTN00000884,SOL000094808,P000259,6,0,0,0,pass,2068.0
RETL000000885,RTN00000885,SOL000341690,P000341,20,20,0,20,fail,3953.46
RETL000000886,RTN00000886,SOL000327288,P000227,3,3,0,3,fail,208.38
RETL000000887,RTN00000887,SOL000015858,P000283,6,0,0,0,pass,1218.99
RETL000000888,RTN00000888,SOL000234131,P000417,21,21,18,3,pass,1490.15
RETL000000889,RTN00000889,SOL000158042,P000184,1,0,0,0,pass,103.65
RETL000000890,RTN00000890,SOL000289078,P000588,3,3,0,3,fail,97.48
RETL000000891,RTN00000891,SOL000071089,P000259,14,14,0,14,fail,3572.12
RETL000000892,RTN00000892,SOL000204982,P000274,9,0,0,0,pass,758.68
RETL000000893,RTN00000893,SOL000118303,P000294,1,1,0,1,fail,372.18
RETL000000894,RTN00000894,SOL000066220,P000208,3,3,0,3,fail,68.27
RETL000000895,RTN00000895,SOL000200578,P000397,44,44,28,16,fail,6509.48
RETL000000896,RTN00000896,SOL000064667,P000486,22,22,11,11,fail,1466.04
RETL000000897,RTN00000897,SOL000175159,P000141,20,20,6,14,fail,970.61
RETL000000898,RTN00000898,SOL000029435,P000451,1,1,0,1,fail,42.84
RETL000000899,RTN00000899,SOL000200166,P000156,10,10,0,10,fail,732.22
RETL000000900,RTN00000900,SOL000050666,P000153,10,10,0,10,fail,739.86
RETL000000901,RTN00000901,SOL000231003,P000488,1,0,0,0,pass,13.32
RETL000000902,RTN00000902,SOL000205513,P000245,22,22,0,22,fail,3755.69
RETL000000903,RTN00000903,SOL000362364,P000384,2,2,1,1,fail,311.18
RETL000000904,RTN00000904,SOL000026241,P000365,3,3,0,3,fail,147.22
RETL000000905,RTN00000905,SOL000061359,P000288,17,17,10,7,fail,2200.38
RETL000000906,RTN00000906,SOL000318254,P000292,13,13,0,13,fail,6027.7
RETL000000907,RTN00000907,SOL000300228,P000648,1,1,0,1,fail,104.84
RETL000000908,RTN00000908,SOL000335301,P000543,8,8,0,8,fail,1055.47
RETL000000909,RTN00000909,SOL000179585,P000341,5,5,4,1,pass,975.8
RETL000000910,RTN00000910,SOL000212924,P000416,9,9,4,5,fail,552.37
RETL000000911,RTN00000911,SOL000211127,P000097,4,0,0,0,pass,503.53
RETL000000912,RTN00000912,SOL000094119,P000216,4,4,3,1,fail,600.7
RETL000000913,RTN00000913,SOL000208381,P000622,7,0,0,0,pass,1559.48
RETL000000914,RTN00000914,SOL000208669,P000447,1,1,1,0,pass,232.07
RETL000000915,RTN00000915,SOL000276630,P000445,1,1,0,1,fail,184.23
RETL000000916,RTN00000916,SOL000237190,P000554,12,12,5,7,fail,2035.92
RETL000000917,RTN00000917,SOL000047262,P000088,25,25,0,25,fail,4389.75
RETL000000918,RTN00000918,SOL000308287,P000034,45,45,0,45,fail,8999.1
RETL000000919,RTN00000919,SOL000312154,P000241,2,2,1,1,fail,198.94
RETL000000920,RTN00000920,SOL000217736,P000448,41,41,33,8,pass,3131.85
RETL000000921,RTN00000921,SOL000065596,P000220,1,1,1,0,pass,269.49
RETL000000922,RTN00000922,SOL000246557,P000423,13,13,0,13,fail,797.6
RETL000000923,RTN00000923,SOL000091853,P000049,2,2,0,2,fail,318.42
RETL000000924,RTN00000924,SOL000300993,P000116,6,0,0,0,pass,1075.71
RETL000000925,RTN00000925,SOL000016431,P000413,11,11,4,7,fail,1040.11
RETL000000926,RTN00000926,SOL000141749,P000415,2,2,0,2,fail,121.87
RETL000000927,RTN00000927,SOL000333702,P000413,1,1,0,1,fail,97.83
RETL000000928,RTN00000928,SOL000359719,P000088,5,5,0,5,fail,576.37
RETL000000929,RTN00000929,SOL000013411,P000263,12,12,0,12,fail,1276.62
RETL000000930,RTN00000930,SOL000276007,P000089,14,14,0,14,fail,2405.56
RETL000000931,RTN00000931,SOL000066896,P000410,7,0,0,0,pass,610.48
RETL000000932,RTN00000932,SOL000015430,P000329,1,1,0,1,fail,348.01
RETL000000933,RTN00000933,SOL000264043,P000386,5,5,0,5,fail,974.46
RETL000000934,RTN00000934,SOL000306959,P000170,15,15,10,5,fail,1490.25
RETL000000935,RTN00000935,SOL000277983,P000497,3,3,2,1,fail,201.36
RETL000000936,RTN00000936,SOL000163253,P000502,3,3,0,3,fail,517.15
RETL000000937,RTN00000937,SOL000153276,P000637,3,3,2,1,fail,145.2
RETL000000938,RTN00000938,SOL000184816,P000554,3,0,0,0,pass,472.97
RETL000000939,RTN00000939,SOL000094370,P000059,3,3,2,1,fail,463.0
RETL000000940,RTN00000940,SOL000303086,P000363,9,9,4,5,fail,734.63
RETL000000941,RTN00000941,SOL000213929,P000065,3,3,0,3,fail,150.19
RETL000000942,RTN00000942,SOL000044863,P000266,1,1,0,1,fail,197.74
RETL000000943,RTN00000943,SOL000151930,P000435,1,1,0,1,fail,50.31
RETL000000944,RTN00000944,SOL000124800,P000137,1,1,0,1,fail,66.35
RETL000000945,RTN00000945,SOL000131392,P000023,1,1,0,1,fail,75.6
RETL000000946,RTN00000946,SOL000202717,P000499,4,4,0,4,fail,676.35
RETL000000947,RTN00000947,SOL000149550,P000642,11,11,3,8,fail,1616.7
RETL000000948,RTN00000948,SOL000230954,P000119,3,3,0,3,fail,229.56
RETL000000949,RTN00000949,SOL000254763,P000304,12,12,9,3,fail,509.77
RETL000000950,RTN00000950,SOL000280118,P000044,4,4,3,1,fail,1437.23
RETL000000951,RTN00000951,SOL000278612,P000587,1,0,0,0,pass,153.6
RETL000000952,RTN00000952,SOL000040503,P000201,8,8,4,4,fail,435.35
RETL000000953,RTN00000953,SOL000268997,P000121,14,14,12,2,pass,2272.84
RETL000000954,RTN00000954,SOL000043352,P000479,15,15,0,15,fail,1673.47
RETL000000955,RTN00000955,SOL000006213,P000425,3,3,0,3,fail,300.26
RETL000000956,RTN00000956,SOL000152079,P000650,9,9,0,9,fail,857.23
RETL000000957,RTN00000957,SOL000357882,P000305,2,2,1,1,fail,171.77
RETL000000958,RTN00000958,SOL000017121,P000471,5,5,0,5,fail,208.58
RETL000000959,RTN00000959,SOL000160942,P000023,9,0,0,0,pass,706.76
RETL000000960,RTN00000960,SOL000035019,P000218,5,5,2,3,fail,861.6
RETL000000961,RTN00000961,SOL000283818,P000109,8,8,0,8,fail,425.24
RETL000000962,RTN00000962,SOL000306908,P000026,21,21,0,21,fail,1203.0
RETL000000963,RTN00000963,SOL000359288,P000107,6,6,4,2,fail,484.07
RETL000000964,RTN00000964,SOL000256056,P000429,4,4,2,2,fail,428.3
RETL000000965,RTN00000965,SOL000079832,P000070,7,0,0,0,pass,723.86
RETL000000966,RTN00000966,SOL000355117,P000290,1,0,0,0,pass,209.57
RETL000000967,RTN00000967,SOL000028035,P000155,8,0,0,0,pass,780.12
RETL000000968,RTN00000968,SOL000339611,P000037,28,28,10,18,fail,2326.77
RETL000000969,RTN00000969,SOL000102496,P000031,24,0,0,0,pass,1584.97
RETL000000970,RTN00000970,SOL000252582,P000199,8,0,0,0,pass,531.79
RETL000000971,RTN00000971,SOL000020144,P000028,16,16,0,16,fail,3385.17
RETL000000972,RTN00000972,SOL000144595,P000339,1,1,0,1,fail,127.15
RETL000000973,RTN00000973,SOL000086244,P000482,1,1,0,1,fail,182.51
RETL000000974,RTN00000974,SOL000257922,P000562,4,0,0,0,pass,332.61
RETL000000975,RTN00000975,SOL000157106,P000620,6,6,0,6,fail,1377.11
RETL000000976,RTN00000976,SOL000098319,P000324,23,23,0,23,fail,1736.95
RETL000000977,RTN00000977,SOL000307373,P000125,3,3,0,3,fail,220.44
RETL000000978,RTN00000978,SOL000246177,P000501,5,5,0,5,fail,1604.63
RETL000000979,RTN00000979,SOL000351218,P000490,2,2,0,2,fail,259.83
RETL000000980,RTN00000980,SOL000050972,P000281,16,16,0,16,fail,2303.57
RETL000000981,RTN00000981,SOL000364712,P000131,19,19,16,3,pass,1695.02
RETL000000982,RTN00000982,SOL000236176,P000204,1,0,0,0,pass,96.69
RETL000000983,RTN00000983,SOL000165324,P000395,6,6,0,6,fail,4871.91
RETL000000984,RTN00000984,SOL000358135,P000223,3,3,0,3,fail,812.27
RETL000000985,RTN00000985,SOL000364648,P000159,1,1,0,1,fail,41.69
RETL000000986,RTN00000986,SOL000261183,P000591,2,2,0,2,fail,563.28
RETL000000987,RTN00000987,SOL000049640,P000512,16,16,0,16,fail,1365.84
RETL000000988,RTN00000988,SOL000148775,P000458,12,12,0,12,fail,1375.02
RETL000000989,RTN00000989,SOL000253284,P000039,38,38,0,38,fail,16516.29
RETL000000990,RTN00000990,SOL000257404,P000365,1,0,0,0,pass,38.42
RETL000000991,RTN00000991,SOL000177328,P000442,3,3,1,2,fail,1375.75
RETL000000992,RTN00000992,SOL000049708,P000111,18,18,0,18,fail,2139.06
RETL000000993,RTN00000993,SOL000133433,P000242,1,1,0,1,fail,119.02
RETL000000994,RTN00000994,SOL000322174,P000235,6,6,0,6,fail,2478.45
RETL000000995,RTN00000995,SOL000100610,P000028,4,0,0,0,pass,848.99
RETL000000996,RTN00000996,SOL000311649,P000390,23,23,0,23,fail,376.07
RETL000000997,RTN00000997,SOL000286504,P000444,21,21,0,21,fail,2409.28
RETL000000998,RTN00000998,SOL000171660,P000365,5,5,0,5,fail,282.06
RETL000000999,RTN00000999,SOL000043334,P000416,2,2,2,0,pass,103.78
RETL000001000,RTN00001000,SOL000131561,P000622,7,7,0,7,fail,1316.35
RETL000001001,RTN00001001,SOL000340325,P000444,1,1,1,0,pass,171.35
RETL000001002,RTN00001002,SOL000219764,P000213,2,0,0,0,pass,105.41
RETL000001003,RTN00001003,SOL000120074,P000157,3,0,0,0,pass,440.76
RETL000001004,RTN00001004,SOL000275531,P000144,7,7,0,7,fail,349.52
RETL000001005,RTN00001005,SOL000294152,P000204,40,40,0,40,fail,3877.0
RETL000001006,RTN00001006,SOL000022574,P000486,1,1,1,0,pass,87.43
RETL000001007,RTN00001007,SOL000085450,P000240,10,10,9,1,pass,1325.17
RETL000001008,RTN00001008,SOL000122520,P000257,32,32,0,32,fail,3620.37
RETL000001009,RTN00001009,SOL000342294,P000145,21,21,16,5,fail,3460.9
RETL000001010,RTN00001010,SOL000276096,P000013,21,21,0,21,fail,4637.23
RETL000001011,RTN00001011,SOL000165535,P000043,5,5,0,5,fail,1068.13
RETL000001012,RTN00001012,SOL000326257,P000381,3,3,0,3,fail,566.9
RETL000001013,RTN00001013,SOL000277436,P000099,4,4,0,4,fail,708.55
RETL000001014,RTN00001014,SOL000066974,P000339,11,11,0,11,fail,1526.06
RETL000001015,RTN00001015,SOL000066792,P000404,2,2,1,1,fail,326.55
RETL000001016,RTN00001016,SOL000026072,P000588,6,6,0,6,fail,182.1
RETL000001017,RTN00001017,SOL000266588,P000039,4,0,0,0,pass,1329.12
RETL000001018,RTN00001018,SOL000356977,P000424,15,15,0,15,fail,320.25
RETL000001019,RTN00001019,SOL000295419,P000133,15,15,9,6,fail,1414.94
RETL000001020,RTN00001020,SOL000346911,P000069,4,0,0,0,pass,115.66
RETL000001021,RTN00001021,SOL000157155,P000159,11,11,9,2,pass,362.82
RETL000001022,RTN00001022,SOL000105995,P000322,20,20,0,20,fail,22464.96
RETL000001023,RTN00001023,SOL000325117,P000345,7,0,0,0,pass,1318.1
RETL000001024,RTN00001024,SOL000153726,P000058,14,14,12,2,pass,4364.29
RETL000001025,RTN00001025,SOL000174035,P000132,7,7,0,7,fail,313.21
RETL000001026,RTN00001026,SOL000220393,P000387,6,6,2,4,fail,135.78
RETL000001027,RTN00001027,SOL000085822,P000394,20,20,0,20,fail,1724.02
RETL000001028,RTN00001028,SOL000048793,P000244,8,8,0,8,fail,197.88
RETL000001029,RTN00001029,SOL000327520,P000571,4,4,3,1,fail,565.43
RETL000001030,RTN00001030,SOL000103684,P000010,5,5,0,5,fail,260.87
RETL000001031,RTN00001031,SOL000223125,P000215,9,9,0,9,fail,212.83
RETL000001032,RTN00001032,SOL000314591,P000290,1,1,0,1,fail,223.1
RETL000001033,RTN00001033,SOL000145394,P000107,16,16,11,5,fail,1192.85
RETL000001034,RTN00001034,SOL000200136,P000623,3,3,0,3,fail,426.24
RETL000001035,RTN00001035,SOL000314856,P000455,18,18,0,18,fail,2633.58
RETL000001036,RTN00001036,SOL000154036,P000418,3,3,2,1,fail,531.03
RETL000001037,RTN00001037,SOL000040958,P000575,3,3,0,3,fail,550.75
RETL000001038,RTN00001038,SOL000014649,P000492,48,48,0,48,fail,2486.18
RETL000001039,RTN00001039,SOL000232281,P000576,19,0,0,0,pass,3196.24
RETL000001040,RTN00001040,SOL000102009,P000175,4,0,0,0,pass,312.49
RETL000001041,RTN00001041,SOL000311645,P000214,82,0,0,0,pass,14986.14
RETL000001042,RTN00001042,SOL000062980,P000094,14,14,0,14,fail,835.72
RETL000001043,RTN00001043,SOL000029791,P000388,8,8,0,8,fail,661.59
RETL000001044,RTN00001044,SOL000320784,P000260,9,9,0,9,fail,1365.61
RETL000001045,RTN00001045,SOL000312174,P000411,1,1,0,1,fail,24.76
RETL000001046,RTN00001046,SOL000128470,P000403,5,5,4,1,pass,129.92
RETL000001047,RTN00001047,SOL000085650,P000228,4,0,0,0,pass,1506.91
RETL000001048,RTN00001048,SOL000011975,P000447,17,17,0,17,fail,3396.39
RETL000001049,RTN00001049,SOL000301307,P000187,25,25,7,18,fail,3124.96
RETL000001050,RTN00001050,SOL000197695,P000547,20,20,0,20,fail,6833.89
RETL000001051,RTN00001051,SOL000226810,P000519,8,8,5,3,fail,924.36
RETL000001052,RTN00001052,SOL000052367,P000325,17,0,0,0,pass,3421.94
RETL000001053,RTN00001053,SOL000185867,P000600,1,1,1,0,pass,124.27
RETL000001054,RTN00001054,SOL000157279,P000508,19,19,0,19,fail,1121.72
RETL000001055,RTN00001055,SOL000090684,P000219,4,4,0,4,fail,498.16
RETL000001056,RTN00001056,SOL000055678,P000052,12,0,0,0,pass,1196.87
RETL000001057,RTN00001057,SOL000042676,P000422,3,3,0,3,fail,383.67
RETL000001058,RTN00001058,SOL000309062,P000288,4,4,1,3,fail,652.06
RETL000001059,RTN00001059,SOL000186676,P000468,5,5,0,5,fail,551.24
RETL000001060,RTN00001060,SOL000303876,P000269,16,16,8,8,fail,2081.71
RETL000001061,RTN00001061,SOL000299883,P000218,37,37,0,37,fail,5538.94
RETL000001062,RTN00001062,SOL000252984,P000203,4,4,0,4,fail,535.14
RETL000001063,RTN00001063,SOL000082185,P000080,3,3,0,3,fail,286.8
RETL000001064,RTN00001064,SOL000044154,P000567,5,5,0,5,fail,393.27
RETL000001065,RTN00001065,SOL000116734,P000553,5,5,0,5,fail,2701.03
RETL000001066,RTN00001066,SOL000243406,P000389,4,0,0,0,pass,507.25
RETL000001067,RTN00001067,SOL000038081,P000059,3,3,0,3,fail,606.54
RETL000001068,RTN00001068,SOL000367508,P000091,14,0,0,0,pass,572.82
RETL000001069,RTN00001069,SOL000327937,P000013,9,9,0,9,fail,2288.93
RETL000001070,RTN00001070,SOL000195492,P000585,5,5,1,4,fail,293.1
RETL000001071,RTN00001071,SOL000109754,P000428,4,0,0,0,pass,177.36
RETL000001072,RTN00001072,SOL000309220,P000146,8,0,0,0,pass,633.73
RETL000001073,RTN00001073,SOL000283798,P000527,10,10,5,5,fail,5929.54
RETL000001074,RTN00001074,SOL000316576,P000299,12,0,0,0,pass,3182.02
RETL000001075,RTN00001075,SOL000204154,P000406,2,0,0,0,pass,78.91
RETL000001076,RTN00001076,SOL000034573,P000561,31,31,0,31,fail,2220.71
RETL000001077,RTN00001077,SOL000132232,P000314,6,0,0,0,pass,365.68
RETL000001078,RTN00001078,SOL000063956,P000356,12,12,0,12,fail,1893.69
RETL000001079,RTN00001079,SOL000286826,P000513,2,0,0,0,pass,185.7
RETL000001080,RTN00001080,SOL000075085,P000300,6,6,5,1,pass,1727.45
RETL000001081,RTN00001081,SOL000340884,P000259,6,0,0,0,pass,1644.58
RETL000001082,RTN00001082,SOL000100883,P000489,18,18,0,18,fail,3329.1
RETL000001083,RTN00001083,SOL000086998,P000137,17,17,5,12,fail,1038.25
RETL000001084,RTN00001084,SOL000209470,P000304,4,4,0,4,fail,204.69
RETL000001085,RTN00001085,SOL000318455,P000577,11,11,0,11,fail,1182.36
RETL000001086,RTN00001086,SOL000000865,P000451,8,8,5,3,fail,281.57
RETL000001087,RTN00001087,SOL000365293,P000365,9,0,0,0,pass,464.57
RETL000001088,RTN00001088,SOL000010127,P000061,17,17,0,17,fail,2200.14
RETL000001089,RTN00001089,SOL000248314,P000426,38,38,15,23,fail,3489.16
RETL000001090,RTN00001090,SOL000310623,P000503,9,9,0,9,fail,976.28
RETL000001091,RTN00001091,SOL000169301,P000331,11,11,0,11,fail,3462.87
RETL000001092,RTN00001092,SOL000180927,P000059,3,3,0,3,fail,634.81
RETL000001093,RTN00001093,SOL000188100,P000555,75,75,0,75,fail,20686.22
RETL000001094,RTN00001094,SOL000315318,P000482,19,19,0,19,fail,2521.14
RETL000001095,RTN00001095,SOL000046847,P000571,9,9,0,9,fail,1132.2
RETL000001096,RTN00001096,SOL000007461,P000231,6,6,3,3,fail,821.64
RETL000001097,RTN00001097,SOL000117372,P000359,38,38,0,38,fail,753.66
RETL000001098,RTN00001098,SOL000118953,P000570,34,0,0,0,pass,9121.74
RETL000001099,RTN00001099,SOL000005827,P000600,9,9,0,9,fail,1173.92
RETL000001100,RTN00001100,SOL000298295,P000388,1,1,0,1,fail,67.68
RETL000001101,RTN00001101,SOL000032234,P000332,5,0,0,0,pass,1152.61
RETL000001102,RTN00001102,SOL000359143,P000370,10,10,0,10,fail,1721.32
RETL000001103,RTN00001103,SOL000128354,P000100,26,26,0,26,fail,2118.62
RETL000001104,RTN00001104,SOL000047505,P000163,22,0,0,0,pass,2211.44
RETL000001105,RTN00001105,SOL000334842,P000319,4,4,0,4,fail,168.82
RETL000001106,RTN00001106,SOL000022041,P000401,24,24,13,11,fail,2301.0
RETL000001107,RTN00001107,SOL000152495,P000118,3,3,1,2,fail,117.26
RETL000001108,RTN00001108,SOL000095546,P000281,17,17,0,17,fail,1784.4
RETL000001109,RTN00001109,SOL000219055,P000073,6,6,0,6,fail,1172.42
RETL000001110,RTN00001110,SOL000358378,P000541,3,3,0,3,fail,1272.44
RETL000001111,RTN00001111,SOL000183493,P000306,13,0,0,0,pass,3591.4
RETL000001112,RTN00001112,SOL000120970,P000349,9,0,0,0,pass,446.64
RETL000001113,RTN00001113,SOL000036196,P000510,11,11,9,2,pass,387.12
RETL000001114,RTN00001114,SOL000046061,P000352,6,6,0,6,fail,3097.88
RETL000001115,RTN00001115,SOL000243436,P000154,21,21,0,21,fail,1889.81
RETL000001116,RTN00001116,SOL000303881,P000078,5,0,0,0,pass,147.48
RETL000001117,RTN00001117,SOL000313913,P000454,1,1,0,1,fail,32.74
RETL000001118,RTN00001118,SOL000093534,P000565,7,0,0,0,pass,1690.51
RETL000001119,RTN00001119,SOL000343537,P000101,6,6,4,2,fail,652.32
RETL000001120,RTN00001120,SOL000294005,P000254,35,35,27,8,fail,4293.41
RETL000001121,RTN00001121,SOL000139202,P000066,3,3,0,3,fail,303.31
RETL000001122,RTN00001122,SOL000341533,P000153,21,21,12,9,fail,1375.48
RETL000001123,RTN00001123,SOL000306918,P000134,2,2,0,2,fail,158.44
RETL000001124,RTN00001124,SOL000359889,P000226,2,2,1,1,fail,53.95
RETL000001125,RTN00001125,SOL000338982,P000297,15,15,0,15,fail,3454.15
RETL000001126,RTN00001126,SOL000246237,P000189,5,0,0,0,pass,209.38
RETL000001127,RTN00001127,SOL000022915,P000179,11,11,0,11,fail,4270.92
RETL000001128,RTN00001128,SOL000067599,P000284,1,1,0,1,fail,16.79
RETL000001129,RTN00001129,SOL000142396,P000273,18,18,0,18,fail,2760.66
RETL000001130,RTN00001130,SOL000348661,P000626,8,8,0,8,fail,992.94
RETL000001131,RTN00001131,SOL000102899,P000473,2,2,1,1,fail,134.14
RETL000001132,RTN00001132,SOL000101197,P000031,1,1,1,0,pass,87.52
RETL000001133,RTN00001133,SOL000240869,P000559,19,19,0,19,fail,3436.88
RETL000001134,RTN00001134,SOL000093935,P000135,7,0,0,0,pass,1171.54
RETL000001135,RTN00001135,SOL000015114,P000172,7,0,0,0,pass,355.34
RETL000001136,RTN00001136,SOL000017145,P000579,5,5,0,5,fail,416.77
RETL000001137,RTN00001137,SOL000222466,P000007,33,33,0,33,fail,6536.34
RETL000001138,RTN00001138,SOL000363504,P000027,2,2,0,2,fail,209.09
RETL000001139,RTN00001139,SOL000125189,P000170,22,0,0,0,pass,1515.84
RETL000001140,RTN00001140,SOL000051116,P000429,2,2,0,2,fail,215.59
RETL000001141,RTN00001141,SOL000213981,P000558,8,0,0,0,pass,344.5
RETL000001142,RTN00001142,SOL000160528,P000373,7,7,0,7,fail,708.01
RETL000001143,RTN00001143,SOL000178179,P000122,14,14,6,8,fail,2481.0
RETL000001144,RTN00001144,SOL000189630,P000356,6,6,0,6,fail,938.07
RETL000001145,RTN00001145,SOL000298390,P000473,7,7,2,5,fail,419.22
RETL000001146,RTN00001146,SOL000208391,P000114,31,31,0,31,fail,2003.19
RETL000001147,RTN00001147,SOL000147811,P000636,5,5,0,5,fail,217.1
RETL000001148,RTN00001148,SOL000267479,P000518,5,5,0,5,fail,224.95
RETL000001149,RTN00001149,SOL000204384,P000284,3,3,0,3,fail,44.35
RETL000001150,RTN00001150,SOL000087128,P000577,4,4,0,4,fail,348.71
RETL000001151,RTN00001151,SOL000125858,P000512,6,0,0,0,pass,658.63
RETL000001152,RTN00001152,SOL000288136,P000067,31,0,0,0,pass,5112.64
RETL000001153,RTN00001153,SOL000224741,P000293,13,13,7,6,fail,1902.15
RETL000001154,RTN00001154,SOL000201298,P000363,7,7,6,1,pass,544.67
RETL000001155,RTN00001155,SOL000286699,P000304,14,14,0,14,fail,601.5
RETL000001156,RTN00001156,SOL000239416,P000636,19,19,6,13,fail,797.35
RETL000001157,RTN00001157,SOL000296922,P000464,4,4,2,2,fail,467.88
RETL000001158,RTN00001158,SOL000183310,P000200,11,0,0,0,pass,683.63
RETL000001159,RTN00001159,SOL000059645,P000068,1,1,1,0,pass,82.42
RETL000001160,RTN00001160,SOL000285208,P000531,20,20,0,20,fail,2164.33
RETL000001161,RTN00001161,SOL000172953,P000048,5,5,4,1,pass,533.16
RETL000001162,RTN00001162,SOL000333629,P000582,35,35,0,35,fail,8192.47
RETL000001163,RTN00001163,SOL000224571,P000179,20,20,0,20,fail,7781.59
RETL000001164,RTN00001164,SOL000206681,P000052,1,1,0,1,fail,106.56
RETL000001165,RTN00001165,SOL000346155,P000367,8,8,3,5,fail,258.84
RETL000001166,RTN00001166,SOL000032492,P000118,71,71,53,18,fail,3004.01
RETL000001167,RTN00001167,SOL000262968,P000119,12,12,0,12,fail,1296.14
RETL000001168,RTN00001168,SOL000082229,P000195,3,3,1,2,fail,373.93
RETL000001169,RTN00001169,SOL000135550,P000642,7,7,0,7,fail,766.88
RETL000001170,RTN00001170,SOL000067503,P000489,3,3,0,3,fail,509.07
RETL000001171,RTN00001171,SOL000292437,P000290,19,19,0,19,fail,4306.45
RETL000001172,RTN00001172,SOL000325191,P000055,3,0,0,0,pass,1185.82
RETL000001173,RTN00001173,SOL000087231,P000606,7,7,4,3,fail,1972.75
RETL000001174,RTN00001174,SOL000051354,P000511,5,0,0,0,pass,2357.61
RETL000001175,RTN00001175,SOL000266955,P000341,10,10,3,7,fail,1843.86
RETL000001176,RTN00001176,SOL000334893,P000170,10,10,6,4,fail,766.44
RETL000001177,RTN00001177,SOL000199688,P000414,11,11,0,11,fail,490.17
RETL000001178,RTN00001178,SOL000364472,P000319,24,24,0,24,fail,1108.86
RETL000001179,RTN00001179,SOL000231791,P000454,17,17,6,11,fail,811.52
RETL000001180,RTN00001180,SOL000243482,P000284,29,29,0,29,fail,497.14
RETL000001181,RTN00001181,SOL000305035,P000290,3,3,0,3,fail,568.81
RETL000001182,RTN00001182,SOL000260406,P000563,6,6,0,6,fail,767.89
RETL000001183,RTN00001183,SOL000132519,P000123,12,12,0,12,fail,1371.81
RETL000001184,RTN00001184,SOL000081044,P000454,8,0,0,0,pass,327.82
RETL000001185,RTN00001185,SOL000208935,P000473,3,3,0,3,fail,181.5
RETL000001186,RTN00001186,SOL000115459,P000336,32,32,21,11,fail,4197.08
RETL000001187,RTN00001187,SOL000265485,P000311,1,1,0,1,fail,33.68
RETL000001188,RTN00001188,SOL000156945,P000285,5,5,4,1,pass,287.36
RETL000001189,RTN00001189,SOL000046131,P000362,12,12,0,12,fail,1297.45
RETL000001190,RTN00001190,SOL000095987,P000297,6,6,0,6,fail,1095.81
RETL000001191,RTN00001191,SOL000054084,P000438,22,0,0,0,pass,1294.88
RETL000001192,RTN00001192,SOL000222706,P000140,1,1,0,1,fail,279.49
RETL000001193,RTN00001193,SOL000262701,P000142,1,1,1,0,pass,119.78
RETL000001194,RTN00001194,SOL000205613,P000401,26,26,0,26,fail,2646.17
RETL000001195,RTN00001195,SOL000021101,P000627,3,3,0,3,fail,106.39
RETL000001196,RTN00001196,SOL000192902,P000566,5,5,3,2,fail,851.09
RETL000001197,RTN00001197,SOL000089411,P000623,13,13,0,13,fail,2066.4
RETL000001198,RTN00001198,SOL000329350,P000594,4,4,1,3,fail,212.33
RETL000001199,RTN00001199,SOL000237048,P000011,14,14,5,9,fail,329.81
RETL000001200,RTN00001200,SOL000228856,P000618,1,1,0,1,fail,99.0
RETL000001201,RTN00001201,SOL000055567,P000442,10,10,7,3,fail,3830.26
RETL000001202,RTN00001202,SOL000188212,P000511,5,5,0,5,fail,2754.81
RETL000001203,RTN00001203,SOL000285683,P000012,6,6,4,2,fail,1321.39
RETL000001204,RTN00001204,SOL000358200,P000115,29,0,0,0,pass,703.36
RETL000001205,RTN00001205,SOL000120088,P000336,1,1,0,1,fail,122.32
RETL000001206,RTN00001206,SOL000270174,P000436,5,0,0,0,pass,415.11
RETL000001207,RTN00001207,SOL000116092,P000262,7,7,6,1,pass,683.01
RETL000001208,RTN00001208,SOL000324590,P000552,3,3,0,3,fail,1998.09
RETL000001209,RTN00001209,SOL000105623,P000583,3,3,0,3,fail,145.71
RETL000001210,RTN00001210,SOL000091419,P000088,3,3,2,1,fail,503.36
RETL000001211,RTN00001211,SOL000167701,P000602,5,5,0,5,fail,590.96
RETL000001212,RTN00001212,SOL000105533,P000422,18,18,11,7,fail,2225.35
RETL000001213,RTN00001213,SOL000152659,P000279,5,5,3,2,fail,200.8
RETL000001214,RTN00001214,SOL000028677,P000041,4,4,0,4,fail,113.8
RETL000001215,RTN00001215,SOL000312951,P000152,24,24,8,16,fail,1235.52
RETL000001216,RTN00001216,SOL000066647,P000205,11,11,0,11,fail,1102.23
RETL000001217,RTN00001217,SOL000184532,P000304,49,49,0,49,fail,2272.2
RETL000001218,RTN00001218,SOL000065642,P000301,5,0,0,0,pass,392.58
RETL000001219,RTN00001219,SOL000319204,P000506,3,3,2,1,fail,156.86
RETL000001220,RTN00001220,SOL000256818,P000290,13,0,0,0,pass,2013.3
RETL000001221,RTN00001221,SOL000032524,P000257,2,0,0,0,pass,279.73
RETL000001222,RTN00001222,SOL000276583,P000153,5,5,0,5,fail,386.91
RETL000001223,RTN00001223,SOL000147974,P000261,55,55,0,55,fail,1403.87
RETL000001224,RTN00001224,SOL000351837,P000331,16,0,0,0,pass,4958.03
RETL000001225,RTN00001225,SOL000157568,P000374,17,17,0,17,fail,2294.87
RETL000001226,RTN00001226,SOL000356741,P000242,6,0,0,0,pass,817.48
RETL000001227,RTN00001227,SOL000147414,P000599,6,6,0,6,fail,434.57
RETL000001228,RTN00001228,SOL000141317,P000196,2,2,0,2,fail,48.28
RETL000001229,RTN00001229,SOL000335029,P000004,16,0,0,0,pass,3092.49
RETL000001230,RTN00001230,SOL000287742,P000319,2,2,0,2,fail,95.19
RETL000001231,RTN00001231,SOL000002144,P000075,24,24,18,6,fail,1834.87
RETL000001232,RTN00001232,SOL000096762,P000181,70,70,0,70,fail,4641.26
RETL000001233,RTN00001233,SOL000216638,P000392,8,8,0,8,fail,541.96
RETL000001234,RTN00001234,SOL000111897,P000377,2,2,0,2,fail,90.09
RETL000001235,RTN00001235,SOL000327510,P000104,8,0,0,0,pass,2447.37
RETL000001236,RTN00001236,SOL000214789,P000113,2,2,2,0,pass,114.29
RETL000001237,RTN00001237,SOL000261871,P000374,1,1,0,1,fail,140.03
RETL000001238,RTN00001238,SOL000209807,P000638,10,10,4,6,fail,283.18
RETL000001239,RTN00001239,SOL000250905,P000557,4,4,3,1,fail,1047.32
RETL000001240,RTN00001240,SOL000331323,P000604,17,17,10,7,fail,1838.83
RETL000001241,RTN00001241,SOL000204968,P000507,2,2,0,2,fail,190.43
RETL000001242,RTN00001242,SOL000085669,P000129,3,0,0,0,pass,87.41
RETL000001243,RTN00001243,SOL000139933,P000123,8,0,0,0,pass,888.89
RETL000001244,RTN00001244,SOL000165544,P000031,2,2,2,0,pass,178.5
RETL000001245,RTN00001245,SOL000001763,P000417,4,0,0,0,pass,235.04
RETL000001246,RTN00001246,SOL000060767,P000449,7,0,0,0,pass,1202.57
RETL000001247,RTN00001247,SOL000333839,P000029,77,77,0,77,fail,13682.72
RETL000001248,RTN00001248,SOL000140475,P000295,1,1,0,1,fail,156.81
RETL000001249,RTN00001249,SOL000329208,P000318,6,6,2,4,fail,309.83
RETL000001250,RTN00001250,SOL000323033,P000214,10,10,3,7,fail,2065.31
RETL000001251,RTN00001251,SOL000284272,P000043,18,18,0,18,fail,3951.49
RETL000001252,RTN00001252,SOL000037716,P000497,14,14,5,9,fail,1175.05
RETL000001253,RTN00001253,SOL000307276,P000469,11,11,3,8,fail,620.79
RETL000001254,RTN00001254,SOL000030455,P000439,11,0,0,0,pass,1431.31
RETL000001255,RTN00001255,SOL000047005,P000084,16,0,0,0,pass,1763.33
RETL000001256,RTN00001256,SOL000309071,P000504,6,6,0,6,fail,776.41
RETL000001257,RTN00001257,SOL000114541,P000135,3,0,0,0,pass,484.62
RETL000001258,RTN00001258,SOL000298732,P000558,15,15,0,15,fail,747.41
RETL000001259,RTN00001259,SOL000022236,P000565,4,0,0,0,pass,1080.87
RETL000001260,RTN00001260,SOL000066452,P000460,2,0,0,0,pass,198.8
RETL000001261,RTN00001261,SOL000313336,P000047,13,13,12,1,pass,924.33
RETL000001262,RTN00001262,SOL000078857,P000071,4,4,3,1,fail,631.54
RETL000001263,RTN00001263,SOL000198756,P000487,7,7,3,4,fail,474.18
RETL000001264,RTN00001264,SOL000344731,P000456,21,21,16,5,fail,5038.91
RETL000001265,RTN00001265,SOL000195099,P000221,1,1,0,1,fail,129.51
RETL000001266,RTN00001266,SOL000197587,P000370,5,0,0,0,pass,742.92
RETL000001267,RTN00001267,SOL000272600,P000440,33,33,17,16,fail,2214.91
RETL000001268,RTN00001268,SOL000246031,P000311,2,2,0,2,fail,70.44
RETL000001269,RTN00001269,SOL000247356,P000400,6,0,0,0,pass,1343.93
RETL000001270,RTN00001270,SOL000345446,P000132,2,2,0,2,fail,95.84
RETL000001271,RTN00001271,SOL000131140,P000049,65,0,0,0,pass,10479.85
RETL000001272,RTN00001272,SOL000061443,P000232,3,0,0,0,pass,224.56
RETL000001273,RTN00001273,SOL000241107,P000503,3,3,0,3,fail,418.57
RETL000001274,RTN00001274,SOL000149658,P000306,10,0,0,0,pass,2352.67
RETL000001275,RTN00001275,SOL000195435,P000358,1,0,0,0,pass,356.88
RETL000001276,RTN00001276,SOL000242848,P000203,2,0,0,0,pass,314.43
RETL000001277,RTN00001277,SOL000035042,P000025,3,3,2,1,fail,268.67
RETL000001278,RTN00001278,SOL000272251,P000414,17,0,0,0,pass,789.99
RETL000001279,RTN00001279,SOL000209109,P000053,5,0,0,0,pass,282.93
RETL000001280,RTN00001280,SOL000116254,P000053,4,4,1,3,fail,324.1
RETL000001281,RTN00001281,SOL000240682,P000408,2,0,0,0,pass,386.42
RETL000001282,RTN00001282,SOL000104332,P000161,17,17,0,17,fail,1121.8
RETL000001283,RTN00001283,SOL000180296,P000164,1,1,0,1,fail,62.04
RETL000001284,RTN00001284,SOL000306018,P000189,10,10,0,10,fail,502.57
RETL000001285,RTN00001285,SOL000080161,P000189,20,20,0,20,fail,687.5
RETL000001286,RTN00001286,SOL000258816,P000525,7,7,0,7,fail,389.32
RETL000001287,RTN00001287,SOL000103236,P000136,11,11,5,6,fail,2898.54
RETL000001288,RTN00001288,SOL000338850,P000630,1,1,0,1,fail,211.62
RETL000001289,RTN00001289,SOL000066327,P000578,6,6,4,2,fail,533.9
RETL000001290,RTN00001290,SOL000084057,P000641,6,0,0,0,pass,708.48
RETL000001291,RTN00001291,SOL000022891,P000172,42,42,0,42,fail,1983.07
RETL000001292,RTN00001292,SOL000344588,P000347,26,26,0,26,fail,1243.01
RETL000001293,RTN00001293,SOL000247120,P000314,6,6,3,3,fail,263.44
RETL000001294,RTN00001294,SOL000186171,P000486,32,32,0,32,fail,2244.99
RETL000001295,RTN00001295,SOL000150620,P000119,10,10,0,10,fail,776.13
RETL000001296,RTN00001296,SOL000359981,P000029,9,0,0,0,pass,1830.74
RETL000001297,RTN00001297,SOL000013042,P000553,5,5,0,5,fail,2107.29
RETL000001298,RTN00001298,SOL000213126,P000293,6,6,2,4,fail,1000.39
RETL000001299,RTN00001299,SOL000230052,P000579,1,1,1,0,pass,87.52
RETL000001300,RTN00001300,SOL000295111,P000589,7,7,0,7,fail,252.47
RETL000001301,RTN00001301,SOL000183836,P000269,5,0,0,0,pass,604.33
RETL000001302,RTN00001302,SOL000104831,P000543,1,1,1,0,pass,156.27
RETL000001303,RTN00001303,SOL000356676,P000512,1,1,1,0,pass,100.73
RETL000001304,RTN00001304,SOL000354060,P000251,10,10,0,10,fail,897.78
RETL000001305,RTN00001305,SOL000043306,P000091,8,8,0,8,fail,287.39
RETL000001306,RTN00001306,SOL000198793,P000210,5,5,3,2,fail,592.79
RETL000001307,RTN00001307,SOL000356602,P000354,4,0,0,0,pass,339.56
RETL000001308,RTN00001308,SOL000314995,P000048,7,0,0,0,pass,716.7
RETL000001309,RTN00001309,SOL000308500,P000246,3,0,0,0,pass,1243.29
RETL000001310,RTN00001310,SOL000161077,P000050,5,0,0,0,pass,794.45
RETL000001311,RTN00001311,SOL000168939,P000155,5,5,1,4,fail,494.91
RETL000001312,RTN00001312,SOL000238537,P000606,8,8,0,8,fail,2078.03
RETL000001313,RTN00001313,SOL000352540,P000302,1,1,0,1,fail,96.69
RETL000001314,RTN00001314,SOL000229797,P000404,2,0,0,0,pass,330.44
RETL000001315,RTN00001315,SOL000094558,P000362,24,24,7,17,fail,2932.57
RETL000001316,RTN00001316,SOL000124877,P000510,3,3,0,3,fail,80.1
RETL000001317,RTN00001317,SOL000053804,P000241,9,9,0,9,fail,772.08
RETL000001318,RTN00001318,SOL000156527,P000413,4,4,0,4,fail,549.57
RETL000001319,RTN00001319,SOL000237876,P000118,7,7,4,3,fail,283.61
RETL000001320,RTN00001320,SOL000046786,P000580,7,7,2,5,fail,269.91
RETL000001321,RTN00001321,SOL000365547,P000573,1,1,0,1,fail,55.98
RETL000001322,RTN00001322,SOL000312578,P000152,1,1,0,1,fail,45.25
RETL000001323,RTN00001323,SOL000186018,P000050,12,12,0,12,fail,1338.29
RETL000001324,RTN00001324,SOL000121610,P000575,7,7,0,7,fail,1332.23
RETL000001325,RTN00001325,SOL000051163,P000537,9,0,0,0,pass,727.41
RETL000001326,RTN00001326,SOL000324340,P000328,5,5,0,5,fail,336.0
RETL000001327,RTN00001327,SOL000060387,P000055,10,10,5,5,fail,4623.06
RETL000001328,RTN00001328,SOL000206460,P000510,2,0,0,0,pass,72.14
RETL000001329,RTN00001329,SOL000010695,P000260,11,11,0,11,fail,1427.44
RETL000001330,RTN00001330,SOL000113568,P000478,41,41,18,23,fail,1854.24
RETL000001331,RTN00001331,SOL000294285,P000541,9,9,0,9,fail,3438.23
RETL000001332,RTN00001332,SOL000248127,P000188,10,10,0,10,fail,661.56
RETL000001333,RTN00001333,SOL000203889,P000615,8,8,0,8,fail,520.98
RETL000001334,RTN00001334,SOL000058038,P000195,2,2,0,2,fail,315.22
RETL000001335,RTN00001335,SOL000242430,P000145,5,5,0,5,fail,769.13
RETL000001336,RTN00001336,SOL000186537,P000328,1,1,0,1,fail,86.56
RETL000001337,RTN00001337,SOL000001531,P000610,31,31,24,7,fail,1378.33
RETL000001338,RTN00001338,SOL000147058,P000176,2,2,0,2,fail,467.43
RETL000001339,RTN00001339,SOL000292919,P000521,26,0,0,0,pass,2552.29
RETL000001340,RTN00001340,SOL000284194,P000034,7,7,4,3,fail,1745.36
RETL000001341,RTN00001341,SOL000355458,P000647,11,0,0,0,pass,535.6
RETL000001342,RTN00001342,SOL000125038,P000084,25,25,18,7,fail,2842.79
RETL000001343,RTN00001343,SOL000111249,P000189,12,12,0,12,fail,580.66
RETL000001344,RTN00001344,SOL000309414,P000175,4,0,0,0,pass,302.65
RETL000001345,RTN00001345,SOL000211130,P000348,57,57,0,57,fail,2164.35
RETL000001346,RTN00001346,SOL000357021,P000391,4,4,0,4,fail,130.88
RETL000001347,RTN00001347,SOL000153106,P000553,1,1,0,1,fail,458.55
RETL000001348,RTN00001348,SOL000259389,P000460,8,8,5,3,fail,1138.69
RETL000001349,RTN00001349,SOL000270057,P000003,14,14,0,14,fail,2329.24
RETL000001350,RTN00001350,SOL000156037,P000031,49,49,28,21,fail,3574.4
RETL000001351,RTN00001351,SOL000021668,P000410,7,7,0,7,fail,529.43
RETL000001352,RTN00001352,SOL000196601,P000373,43,43,0,43,fail,3919.52
RETL000001353,RTN00001353,SOL000248195,P000642,7,7,2,5,fail,994.64
RETL000001354,RTN00001354,SOL000258036,P000230,4,4,2,2,fail,169.32
RETL000001355,RTN00001355,SOL000145890,P000044,2,2,1,1,fail,720.47
RETL000001356,RTN00001356,SOL000026994,P000582,28,28,8,20,fail,5904.06
RETL000001357,RTN00001357,SOL000326078,P000534,3,3,2,1,fail,251.58
RETL000001358,RTN00001358,SOL000155247,P000500,2,2,1,1,fail,47.5
RETL000001359,RTN00001359,SOL000184476,P000445,1,1,1,0,pass,123.88
RETL000001360,RTN00001360,SOL000270149,P000450,9,9,4,5,fail,449.73
RETL000001361,RTN00001361,SOL000154025,P000021,4,0,0,0,pass,272.62
RETL000001362,RTN00001362,SOL000173602,P000275,1,1,0,1,fail,106.62
RETL000001363,RTN00001363,SOL000338276,P000051,10,10,0,10,fail,108.99
RETL000001364,RTN00001364,SOL000326420,P000562,14,14,12,2,pass,1650.85
RETL000001365,RTN00001365,SOL000075072,P000561,14,14,0,14,fail,904.98
RETL000001366,RTN00001366,SOL000139180,P000404,3,3,2,1,fail,614.55
RETL000001367,RTN00001367,SOL000051474,P000420,7,7,4,3,fail,303.28
RETL000001368,RTN00001368,SOL000020158,P000462,16,16,13,3,pass,1598.42
RETL000001369,RTN00001369,SOL000104167,P000233,7,7,2,5,fail,449.81
RETL000001370,RTN00001370,SOL000059056,P000292,7,7,0,7,fail,4410.87
RETL000001371,RTN00001371,SOL000332569,P000310,18,0,0,0,pass,2662.05
RETL000001372,RTN00001372,SOL000272006,P000488,3,3,2,1,fail,40.95
RETL000001373,RTN00001373,SOL000266331,P000342,6,6,0,6,fail,550.37
RETL000001374,RTN00001374,SOL000253794,P000421,3,3,0,3,fail,210.22
RETL000001375,RTN00001375,SOL000305365,P000202,7,0,0,0,pass,1562.73
RETL000001376,RTN00001376,SOL000085294,P000322,3,3,0,3,fail,3832.81
RETL000001377,RTN00001377,SOL000362679,P000500,18,18,0,18,fail,538.61
RETL000001378,RTN00001378,SOL000314093,P000639,13,13,6,7,fail,1036.36
RETL000001379,RTN00001379,SOL000084076,P000100,48,0,0,0,pass,3727.56
RETL000001380,RTN00001380,SOL000048591,P000324,8,8,0,8,fail,599.36
RETL000001381,RTN00001381,SOL000177768,P000553,5,5,0,5,fail,2572.49
RETL000001382,RTN00001382,SOL000270066,P000149,7,7,5,2,fail,1080.94
RETL000001383,RTN00001383,SOL000012098,P000173,6,6,0,6,fail,987.55
RETL000001384,RTN00001384,SOL000000296,P000527,3,0,0,0,pass,1733.64
RETL000001385,RTN00001385,SOL000098345,P000356,57,57,0,57,fail,8984.77
RETL000001386,RTN00001386,SOL000281357,P000498,1,0,0,0,pass,96.86
RETL000001387,RTN00001387,SOL000038256,P000091,11,11,7,4,fail,551.69
RETL000001388,RTN00001388,SOL000174157,P000153,2,0,0,0,pass,126.32
RETL000001389,RTN00001389,SOL000126319,P000175,1,0,0,0,pass,93.02
RETL000001390,RTN00001390,SOL000059703,P000531,6,6,0,6,fail,580.34
RETL000001391,RTN00001391,SOL000241882,P000280,1,1,0,1,fail,70.1
RETL000001392,RTN00001392,SOL000105865,P000334,19,19,6,13,fail,1804.97
RETL000001393,RTN00001393,SOL000172297,P000444,17,17,0,17,fail,2859.62
RETL000001394,RTN00001394,SOL000228591,P000217,1,0,0,0,pass,70.79
RETL000001395,RTN00001395,SOL000103010,P000619,1,1,1,0,pass,86.25
RETL000001396,RTN00001396,SOL000224133,P000382,6,6,2,4,fail,84.3
RETL000001397,RTN00001397,SOL000083752,P000298,1,0,0,0,pass,417.69
RETL000001398,RTN00001398,SOL000157710,P000619,13,0,0,0,pass,1130.42
RETL000001399,RTN00001399,SOL000157104,P000505,1,1,0,1,fail,29.0
RETL000001400,RTN00001400,SOL000254936,P000046,9,9,0,9,fail,558.31
RETL000001401,RTN00001401,SOL000257412,P000179,28,28,0,28,fail,11133.46
RETL000001402,RTN00001402,SOL000045351,P000110,18,0,0,0,pass,427.47
RETL000001403,RTN00001403,SOL000128849,P000357,27,27,16,11,fail,1417.71
RETL000001404,RTN00001404,SOL000130344,P000379,11,11,9,2,pass,675.02
RETL000001405,RTN00001405,SOL000142006,P000220,19,0,0,0,pass,5482.48
RETL000001406,RTN00001406,SOL000183758,P000613,2,2,2,0,pass,110.31
RETL000001407,RTN00001407,SOL000049364,P000046,4,4,3,1,fail,237.23
RETL000001408,RTN00001408,SOL000324331,P000475,9,9,0,9,fail,2638.84
RETL000001409,RTN00001409,SOL000234752,P000206,17,17,0,17,fail,2848.64
RETL000001410,RTN00001410,SOL000223827,P000026,15,15,10,5,fail,925.37
RETL000001411,RTN00001411,SOL000021186,P000472,1,1,0,1,fail,126.94
RETL000001412,RTN00001412,SOL000056820,P000572,3,0,0,0,pass,350.71
RETL000001413,RTN00001413,SOL000063390,P000588,11,11,0,11,fail,457.43
RETL000001414,RTN00001414,SOL000085414,P000544,4,4,0,4,fail,214.27
RETL000001415,RTN00001415,SOL000010890,P000288,7,0,0,0,pass,1117.54
RETL000001416,RTN00001416,SOL000158705,P000583,6,6,5,1,pass,287.76
RETL000001417,RTN00001417,SOL000138698,P000588,2,2,1,1,fail,74.68
RETL000001418,RTN00001418,SOL000072181,P000196,28,0,0,0,pass,790.5
RETL000001419,RTN00001419,SOL000207674,P000586,8,8,0,8,fail,1226.09
RETL000001420,RTN00001420,SOL000239546,P000495,6,6,4,2,fail,876.49
RETL000001421,RTN00001421,SOL000261769,P000402,10,0,0,0,pass,1242.1
RETL000001422,RTN00001422,SOL000325242,P000011,3,3,0,3,fail,73.74
RETL000001423,RTN00001423,SOL000186627,P000051,13,13,6,7,fail,204.71
RETL000001424,RTN00001424,SOL000227703,P000234,1,1,0,1,fail,170.09
RETL000001425,RTN00001425,SOL000244460,P000516,17,17,8,9,fail,1320.27
RETL000001426,RTN00001426,SOL000196320,P000021,23,23,16,7,fail,2197.34
RETL000001427,RTN00001427,SOL000013901,P000214,28,28,19,9,fail,5282.22
RETL000001428,RTN00001428,SOL000151326,P000181,25,25,0,25,fail,1681.21
RETL000001429,RTN00001429,SOL000083766,P000332,18,0,0,0,pass,4551.67
RETL000001430,RTN00001430,SOL000034966,P000234,1,1,0,1,fail,165.73
RETL000001431,RTN00001431,SOL000201499,P000441,9,9,0,9,fail,363.33
RETL000001432,RTN00001432,SOL000269538,P000074,40,40,15,25,fail,2753.94
RETL000001433,RTN00001433,SOL000270601,P000422,20,20,0,20,fail,2134.27
RETL000001434,RTN00001434,SOL000216231,P000350,2,2,1,1,fail,64.98
RETL000001435,RTN00001435,SOL000172676,P000587,7,7,6,1,pass,1425.46
RETL000001436,RTN00001436,SOL000305291,P000628,23,23,17,6,fail,2351.12
RETL000001437,RTN00001437,SOL000098284,P000179,23,23,0,23,fail,10077.65
RETL000001438,RTN00001438,SOL000310542,P000629,16,16,0,16,fail,385.71
RETL000001439,RTN00001439,SOL000026899,P000260,4,4,1,3,fail,451.56
RETL000001440,RTN00001440,SOL000299956,P000362,1,1,0,1,fail,95.46
RETL000001441,RTN00001441,SOL000346372,P000137,2,0,0,0,pass,131.53
RETL000001442,RTN00001442,SOL000357032,P000340,8,8,0,8,fail,478.58
RETL000001443,RTN00001443,SOL000049924,P000220,3,3,2,1,fail,1012.39
RETL000001444,RTN00001444,SOL000007548,P000635,42,42,0,42,fail,15734.14
RETL000001445,RTN00001445,SOL000054677,P000605,8,8,5,3,fail,652.35
RETL000001446,RTN00001446,SOL000037560,P000341,19,0,0,0,pass,4026.84
RETL000001447,RTN00001447,SOL000096689,P000210,3,3,2,1,fail,385.91
RETL000001448,RTN00001448,SOL000340522,P000280,9,9,0,9,fail,782.29
RETL000001449,RTN00001449,SOL000347003,P000508,1,1,0,1,fail,67.99
RETL000001450,RTN00001450,SOL000136654,P000005,7,7,3,4,fail,800.73
RETL000001451,RTN00001451,SOL000079093,P000385,7,7,2,5,fail,425.86
RETL000001452,RTN00001452,SOL000086240,P000303,1,1,0,1,fail,201.36
RETL000001453,RTN00001453,SOL000172705,P000098,24,24,0,24,fail,1874.81
RETL000001454,RTN00001454,SOL000204417,P000428,2,2,0,2,fail,88.13
RETL000001455,RTN00001455,SOL000245244,P000254,8,8,0,8,fail,936.33
RETL000001456,RTN00001456,SOL000305509,P000514,12,0,0,0,pass,1658.59
RETL000001457,RTN00001457,SOL000159905,P000411,6,6,3,3,fail,179.01
RETL000001458,RTN00001458,SOL000249016,P000343,8,0,0,0,pass,454.32
RETL000001459,RTN00001459,SOL000090555,P000254,13,13,0,13,fail,1585.21
RETL000001460,RTN00001460,SOL000308032,P000270,4,4,3,1,fail,440.84
RETL000001461,RTN00001461,SOL000193925,P000607,3,3,0,3,fail,248.16
RETL000001462,RTN00001462,SOL000265524,P000531,5,5,4,1,pass,472.56
RETL000001463,RTN00001463,SOL000312100,P000314,5,5,3,2,fail,265.64
RETL000001464,RTN00001464,SOL000361982,P000136,32,32,0,32,fail,8423.41
RETL000001465,RTN00001465,SOL000343871,P000635,6,6,0,6,fail,1947.96
RETL000001466,RTN00001466,SOL000042994,P000164,9,9,5,4,fail,755.65
RETL000001467,RTN00001467,SOL000147306,P000570,55,55,33,22,fail,13760.28
RETL000001468,RTN00001468,SOL000198546,P000304,11,11,0,11,fail,520.54
RETL000001469,RTN00001469,SOL000362900,P000584,2,2,2,0,pass,207.16
RETL000001470,RTN00001470,SOL000129005,P000207,4,4,3,1,fail,196.97
RETL000001471,RTN00001471,SOL000174593,P000046,4,0,0,0,pass,214.59
RETL000001472,RTN00001472,SOL000361895,P000180,5,5,0,5,fail,157.86
RETL000001473,RTN00001473,SOL000347169,P000172,1,1,0,1,fail,67.83
RETL000001474,RTN00001474,SOL000001188,P000068,14,0,0,0,pass,1005.79
RETL000001475,RTN00001475,SOL000078620,P000213,13,13,0,13,fail,774.74
RETL000001476,RTN00001476,SOL000083752,P000298,4,4,0,4,fail,1595.63
RETL000001477,RTN00001477,SOL000133154,P000329,4,4,0,4,fail,1285.73
RETL000001478,RTN00001478,SOL000094664,P000405,1,1,0,1,fail,65.28
RETL000001479,RTN00001479,SOL000252286,P000334,72,72,39,33,fail,7074.35
RETL000001480,RTN00001480,SOL000361760,P000174,34,34,27,7,fail,10923.6
RETL000001481,RTN00001481,SOL000169322,P000152,15,0,0,0,pass,566.06
RETL000001482,RTN00001482,SOL000333309,P000617,5,5,0,5,fail,213.87
RETL000001483,RTN00001483,SOL000100290,P000207,3,3,0,3,fail,144.12
RETL000001484,RTN00001484,SOL000158356,P000193,16,16,0,16,fail,5080.23
RETL000001485,RTN00001485,SOL000307319,P000530,12,12,0,12,fail,369.53
RETL000001486,RTN00001486,SOL000029748,P000463,12,12,4,8,fail,2272.1
RETL000001487,RTN00001487,SOL000137393,P000357,15,15,0,15,fail,980.2
RETL000001488,RTN00001488,SOL000243776,P000595,5,5,0,5,fail,147.2
RETL000001489,RTN00001489,SOL000353456,P000107,1,0,0,0,pass,74.78
RETL000001490,RTN00001490,SOL000352954,P000245,5,5,3,2,fail,995.64
RETL000001491,RTN00001491,SOL000283485,P000599,5,5,4,1,pass,294.93
RETL000001492,RTN00001492,SOL000009320,P000143,9,9,0,9,fail,323.23
RETL000001493,RTN00001493,SOL000069391,P000045,7,7,0,7,fail,1450.1
RETL000001494,RTN00001494,SOL000079292,P000103,10,0,0,0,pass,593.8
RETL000001495,RTN00001495,SOL000156526,P000269,19,19,6,13,fail,1961.15
RETL000001496,RTN00001496,SOL000013726,P000463,17,17,13,4,fail,2974.86
RETL000001497,RTN00001497,SOL000147788,P000202,14,14,9,5,fail,3921.42
RETL000001498,RTN00001498,SOL000200968,P000251,25,25,11,14,fail,2207.52
RETL000001499,RTN00001499,SOL000261761,P000209,5,5,0,5,fail,834.64
RETL000001500,RTN00001500,SOL000033370,P000524,17,17,0,17,fail,801.12
RETL000001501,RTN00001501,SOL000195075,P000115,20,20,17,3,pass,408.41
RETL000001502,RTN00001502,SOL000115333,P000094,6,6,5,1,pass,421.38
RETL000001503,RTN00001503,SOL000360099,P000277,15,15,11,4,fail,141.01
RETL000001504,RTN00001504,SOL000073750,P000057,1,1,0,1,fail,575.74
RETL000001505,RTN00001505,SOL000114029,P000454,13,13,10,3,fail,597.51
RETL000001506,RTN00001506,SOL000027018,P000412,2,2,0,2,fail,102.83
RETL000001507,RTN00001507,SOL000324460,P000511,6,6,2,4,fail,3057.93
RETL000001508,RTN00001508,SOL000007888,P000416,1,0,0,0,pass,73.97
RETL000001509,RTN00001509,SOL000316389,P000226,7,0,0,0,pass,170.91
RETL000001510,RTN00001510,SOL000251153,P000328,5,5,2,3,fail,362.2
RETL000001511,RTN00001511,SOL000325462,P000399,3,3,1,2,fail,126.18
RETL000001512,RTN00001512,SOL000094251,P000469,2,2,0,2,fail,87.1
RETL000001513,RTN00001513,SOL000222925,P000077,1,1,0,1,fail,113.54
RETL000001514,RTN00001514,SOL000318231,P000402,52,52,34,18,fail,6748.53
RETL000001515,RTN00001515,SOL000039337,P000017,3,3,2,1,fail,113.86
RETL000001516,RTN00001516,SOL000082342,P000431,10,10,0,10,fail,229.14
RETL000001517,RTN00001517,SOL000333546,P000149,21,0,0,0,pass,2585.74
RETL000001518,RTN00001518,SOL000135486,P000152,35,0,0,0,pass,1331.89
RETL000001519,RTN00001519,SOL000253736,P000136,3,3,0,3,fail,841.16
RETL000001520,RTN00001520,SOL000165967,P000051,11,11,4,7,fail,137.38
RETL000001521,RTN00001521,SOL000349321,P000221,4,4,0,4,fail,558.03
RETL000001522,RTN00001522,SOL000283873,P000190,3,3,0,3,fail,190.29
RETL000001523,RTN00001523,SOL000026287,P000298,7,7,5,2,fail,3295.05
RETL000001524,RTN00001524,SOL000202903,P000081,18,18,0,18,fail,468.0
RETL000001525,RTN00001525,SOL000313360,P000465,24,24,0,24,fail,2407.67
RETL000001526,RTN00001526,SOL000350807,P000648,25,25,0,25,fail,3051.05
RETL000001527,RTN00001527,SOL000153920,P000484,2,2,1,1,fail,107.73
RETL000001528,RTN00001528,SOL000182621,P000644,1,1,1,0,pass,132.82
RETL000001529,RTN00001529,SOL000240969,P000057,24,24,8,16,fail,14551.76
RETL000001530,RTN00001530,SOL000138753,P000026,3,3,2,1,fail,158.96
RETL000001531,RTN00001531,SOL000214798,P000458,4,4,0,4,fail,466.91
RETL000001532,RTN00001532,SOL000307687,P000580,7,7,5,2,fail,208.91
RETL000001533,RTN00001533,SOL000323918,P000073,4,4,0,4,fail,687.47
RETL000001534,RTN00001534,SOL000053895,P000604,11,11,0,11,fail,1520.45
RETL000001535,RTN00001535,SOL000008381,P000014,6,6,0,6,fail,703.58
RETL000001536,RTN00001536,SOL000301607,P000243,18,0,0,0,pass,1420.76
RETL000001537,RTN00001537,SOL000223354,P000065,7,7,6,1,pass,331.23
RETL000001538,RTN00001538,SOL000200396,P000255,3,3,0,3,fail,386.68
RETL000001539,RTN00001539,SOL000036789,P000097,39,39,0,39,fail,4006.04
RETL000001540,RTN00001540,SOL000134261,P000399,19,19,14,5,fail,782.1
RETL000001541,RTN00001541,SOL000328716,P000397,7,7,2,5,fail,801.47
RETL000001542,RTN00001542,SOL000128657,P000004,11,11,0,11,fail,1710.54
RETL000001543,RTN00001543,SOL000048002,P000330,10,0,0,0,pass,902.37
RETL000001544,RTN00001544,SOL000101424,P000124,6,0,0,0,pass,767.69
RETL000001545,RTN00001545,SOL000281474,P000084,25,25,19,6,fail,2494.4
RETL000001546,RTN00001546,SOL000153795,P000259,5,0,0,0,pass,1459.75
RETL000001547,RTN00001547,SOL000111719,P000023,6,6,0,6,fail,416.4
RETL000001548,RTN00001548,SOL000268909,P000349,51,51,39,12,fail,2788.41
RETL000001549,RTN00001549,SOL000235100,P000303,32,32,0,32,fail,7242.46
RETL000001550,RTN00001550,SOL000207453,P000005,9,9,0,9,fail,1204.51
RETL000001551,RTN00001551,SOL000196245,P000018,4,4,0,4,fail,843.05
RETL000001552,RTN00001552,SOL000076184,P000170,8,8,0,8,fail,660.57
RETL000001553,RTN00001553,SOL000168663,P000130,17,0,0,0,pass,2573.9
RETL000001554,RTN00001554,SOL000181705,P000164,9,0,0,0,pass,714.5
RETL000001555,RTN00001555,SOL000060589,P000281,15,0,0,0,pass,2080.77
RETL000001556,RTN00001556,SOL000362235,P000160,23,23,0,23,fail,2478.39
RETL000001557,RTN00001557,SOL000091815,P000048,1,1,0,1,fail,72.11
RETL000001558,RTN00001558,SOL000333397,P000169,11,11,7,4,fail,3191.28
RETL000001559,RTN00001559,SOL000315125,P000549,26,26,0,26,fail,1901.08
RETL000001560,RTN00001560,SOL000103107,P000033,2,2,0,2,fail,71.72
RETL000001561,RTN00001561,SOL000193639,P000304,10,10,4,6,fail,349.92
RETL000001562,RTN00001562,SOL000078952,P000553,72,72,28,44,fail,36976.26
RETL000001563,RTN00001563,SOL000294219,P000254,13,0,0,0,pass,1804.07
RETL000001564,RTN00001564,SOL000083904,P000033,17,17,0,17,fail,727.28
RETL000001565,RTN00001565,SOL000360264,P000128,2,2,0,2,fail,72.24
RETL000001566,RTN00001566,SOL000343757,P000124,3,3,0,3,fail,366.07
RETL000001567,RTN00001567,SOL000168476,P000350,29,29,0,29,fail,802.81
RETL000001568,RTN00001568,SOL000329885,P000007,11,0,0,0,pass,1725.54
RETL000001569,RTN00001569,SOL000149096,P000286,10,10,0,10,fail,626.65
RETL000001570,RTN00001570,SOL000077485,P000497,12,12,10,2,pass,1015.89
RETL000001571,RTN00001571,SOL000029206,P000232,28,0,0,0,pass,1710.91
RETL000001572,RTN00001572,SOL000060801,P000238,7,7,0,7,fail,1160.97
RETL000001573,RTN00001573,SOL000064457,P000029,3,3,0,3,fail,464.85
RETL000001574,RTN00001574,SOL000283875,P000411,1,1,0,1,fail,25.14
RETL000001575,RTN00001575,SOL000249212,P000100,5,5,0,5,fail,274.68
RETL000001576,RTN00001576,SOL000281324,P000160,22,22,10,12,fail,2710.11
RETL000001577,RTN00001577,SOL000308931,P000369,3,3,2,1,fail,119.25
RETL000001578,RTN00001578,SOL000284746,P000132,53,53,0,53,fail,2579.94
RETL000001579,RTN00001579,SOL000286526,P000061,1,0,0,0,pass,142.65
RETL000001580,RTN00001580,SOL000074636,P000127,5,5,2,3,fail,824.76
RETL000001581,RTN00001581,SOL000117501,P000446,5,5,2,3,fail,371.59
RETL000001582,RTN00001582,SOL000099089,P000371,4,0,0,0,pass,526.79
RETL000001583,RTN00001583,SOL000287770,P000470,25,25,19,6,fail,2931.73
RETL000001584,RTN00001584,SOL000055651,P000467,1,0,0,0,pass,40.54
RETL000001585,RTN00001585,SOL000036366,P000428,5,5,0,5,fail,281.71
RETL000001586,RTN00001586,SOL000347079,P000110,2,2,0,2,fail,36.25
RETL000001587,RTN00001587,SOL000203072,P000485,5,5,2,3,fail,287.56
RETL000001588,RTN00001588,SOL000157816,P000308,3,0,0,0,pass,374.14
RETL000001589,RTN00001589,SOL000159656,P000103,16,16,6,10,fail,680.29
RETL000001590,RTN00001590,SOL000045952,P000431,17,17,7,10,fail,375.2
RETL000001591,RTN00001591,SOL000262435,P000253,1,1,1,0,pass,105.53
RETL000001592,RTN00001592,SOL000079095,P000080,9,0,0,0,pass,999.09
RETL000001593,RTN00001593,SOL000269225,P000385,17,17,0,17,fail,941.52
RETL000001594,RTN00001594,SOL000058406,P000618,16,16,0,16,fail,1685.53
RETL000001595,RTN00001595,SOL000172073,P000013,22,0,0,0,pass,5462.94
RETL000001596,RTN00001596,SOL000101040,P000052,6,0,0,0,pass,572.01
RETL000001597,RTN00001597,SOL000179798,P000639,1,0,0,0,pass,58.98
RETL000001598,RTN00001598,SOL000194672,P000601,37,0,0,0,pass,11342.88
RETL000001599,RTN00001599,SOL000366033,P000420,7,7,0,7,fail,393.09
RETL000001600,RTN00001600,SOL000077010,P000632,14,14,9,5,fail,3696.1
RETL000001601,RTN00001601,SOL000051562,P000546,3,3,0,3,fail,372.9
RETL000001602,RTN00001602,SOL000330013,P000100,37,37,28,9,fail,2522.93
RETL000001603,RTN00001603,SOL000261144,P000195,27,27,0,27,fail,4226.11
RETL000001604,RTN00001604,SOL000155451,P000341,8,8,0,8,fail,1825.73
RETL000001605,RTN00001605,SOL000248078,P000391,5,0,0,0,pass,150.1
RETL000001606,RTN00001606,SOL000260722,P000296,7,7,0,7,fail,764.84
RETL000001607,RTN00001607,SOL000058825,P000614,11,11,0,11,fail,2076.93
RETL000001608,RTN00001608,SOL000296279,P000181,28,28,0,28,fail,2528.8
RETL000001609,RTN00001609,SOL000300966,P000312,3,3,0,3,fail,444.96
RETL000001610,RTN00001610,SOL000104850,P000037,31,0,0,0,pass,2770.99
RETL000001611,RTN00001611,SOL000058749,P000647,7,7,0,7,fail,482.99
RETL000001612,RTN00001612,SOL000034816,P000056,2,2,0,2,fail,230.23
RETL000001613,RTN00001613,SOL000246455,P000117,22,22,10,12,fail,2638.47
RETL000001614,RTN00001614,SOL000277393,P000607,15,15,8,7,fail,1154.0
RETL000001615,RTN00001615,SOL000015148,P000027,1,1,0,1,fail,119.72
RETL000001616,RTN00001616,SOL000101340,P000059,37,37,0,37,fail,8544.58
RETL000001617,RTN00001617,SOL000318007,P000243,11,11,0,11,fail,819.98
RETL000001618,RTN00001618,SOL000008197,P000638,22,22,0,22,fail,896.93
RETL000001619,RTN00001619,SOL000104196,P000001,10,10,0,10,fail,3136.05
RETL000001620,RTN00001620,SOL000084377,P000242,118,118,91,27,fail,12173.91
RETL000001621,RTN00001621,SOL000220399,P000311,6,6,5,1,pass,170.91
RETL000001622,RTN00001622,SOL000350343,P000333,6,0,0,0,pass,2444.47
RETL000001623,RTN00001623,SOL000262355,P000568,10,10,8,2,pass,1034.31
RETL000001624,RTN00001624,SOL000251900,P000640,19,19,0,19,fail,1102.56
RETL000001625,RTN00001625,SOL000201402,P000471,14,14,0,14,fail,784.86
RETL000001626,RTN00001626,SOL000359654,P000539,10,10,0,10,fail,964.25
RETL000001627,RTN00001627,SOL000314643,P000327,19,19,0,19,fail,3937.08
RETL000001628,RTN00001628,SOL000056172,P000592,6,6,0,6,fail,573.31
RETL000001629,RTN00001629,SOL000258828,P000132,4,0,0,0,pass,139.8
RETL000001630,RTN00001630,SOL000284031,P000347,4,0,0,0,pass,211.43
RETL000001631,RTN00001631,SOL000297226,P000049,3,3,0,3,fail,495.37
RETL000001632,RTN00001632,SOL000071589,P000640,12,0,0,0,pass,833.5
RETL000001633,RTN00001633,SOL000134649,P000390,2,2,0,2,fail,23.09
RETL000001634,RTN00001634,SOL000215415,P000395,2,2,0,2,fail,1197.8
RETL000001635,RTN00001635,SOL000309601,P000333,9,9,0,9,fail,3608.7
RETL000001636,RTN00001636,SOL000094225,P000488,6,0,0,0,pass,78.38
RETL000001637,RTN00001637,SOL000162501,P000079,4,0,0,0,pass,130.48
RETL000001638,RTN00001638,SOL000034367,P000121,10,10,4,6,fail,1796.25
RETL000001639,RTN00001639,SOL000083406,P000640,3,3,0,3,fail,139.99
RETL000001640,RTN00001640,SOL000293551,P000141,17,17,0,17,fail,709.38
RETL000001641,RTN00001641,SOL000009136,P000546,7,7,5,2,fail,585.24
RETL000001642,RTN00001642,SOL000183021,P000270,2,2,1,1,fail,192.47
RETL000001643,RTN00001643,SOL000146466,P000431,14,0,0,0,pass,338.77
RETL000001644,RTN00001644,SOL000077485,P000497,3,3,2,1,fail,174.18
RETL000001645,RTN00001645,SOL000055973,P000606,4,4,0,4,fail,1094.21
RETL000001646,RTN00001646,SOL000030861,P000147,16,16,10,6,fail,1482.15
RETL000001647,RTN00001647,SOL000017593,P000189,21,21,14,7,fail,972.42
RETL000001648,RTN00001648,SOL000268171,P000017,37,37,0,37,fail,1693.99
RETL000001649,RTN00001649,SOL000251076,P000106,9,9,0,9,fail,1928.23
RETL000001650,RTN00001650,SOL000061168,P000116,13,0,0,0,pass,1830.92
RETL000001651,RTN00001651,SOL000350367,P000606,10,0,0,0,pass,3139.21
RETL000001652,RTN00001652,SOL000300423,P000007,21,21,0,21,fail,3616.27
RETL000001653,RTN00001653,SOL000068673,P000363,15,15,0,15,fail,824.08
RETL000001654,RTN00001654,SOL000258792,P000284,17,17,0,17,fail,205.6
RETL000001655,RTN00001655,SOL000341727,P000326,2,2,1,1,fail,290.13
RETL000001656,RTN00001656,SOL000123044,P000455,6,6,0,6,fail,737.81
RETL000001657,RTN00001657,SOL000013541,P000647,1,1,1,0,pass,49.81
RETL000001658,RTN00001658,SOL000268091,P000128,12,12,9,3,fail,454.79
RETL000001659,RTN00001659,SOL000051144,P000133,3,0,0,0,pass,207.63
RETL000001660,RTN00001660,SOL000113589,P000408,13,13,0,13,fail,2014.37
RETL000001661,RTN00001661,SOL000065606,P000021,13,13,0,13,fail,1073.92
RETL000001662,RTN00001662,SOL000360906,P000311,12,12,4,8,fail,424.3
RETL000001663,RTN00001663,SOL000335194,P000525,3,3,0,3,fail,168.71
RETL000001664,RTN00001664,SOL000216033,P000056,11,11,0,11,fail,1229.46
RETL000001665,RTN00001665,SOL000261066,P000600,3,0,0,0,pass,374.6
RETL000001666,RTN00001666,SOL000295535,P000449,4,4,2,2,fail,688.25
RETL000001667,RTN00001667,SOL000148306,P000210,6,6,0,6,fail,908.02
RETL000001668,RTN00001668,SOL000135112,P000119,3,0,0,0,pass,285.25
RETL000001669,RTN00001669,SOL000131935,P000151,2,2,1,1,fail,131.88
RETL000001670,RTN00001670,SOL000146717,P000353,3,3,0,3,fail,187.63
RETL000001671,RTN00001671,SOL000078603,P000275,3,3,0,3,fail,341.4
RETL000001672,RTN00001672,SOL000272624,P000051,5,0,0,0,pass,61.22
RETL000001673,RTN00001673,SOL000365623,P000484,25,25,8,17,fail,1459.16
RETL000001674,RTN00001674,SOL000309526,P000332,15,15,0,15,fail,4327.13
RETL000001675,RTN00001675,SOL000352043,P000167,24,24,0,24,fail,3269.32
RETL000001676,RTN00001676,SOL000366012,P000318,17,17,0,17,fail,1352.56
RETL000001677,RTN00001677,SOL000233967,P000295,2,2,2,0,pass,397.22
RETL000001678,RTN00001678,SOL000049687,P000082,2,2,1,1,fail,451.65
RETL000001679,RTN00001679,SOL000055264,P000027,17,17,0,17,fail,1588.22
RETL000001680,RTN00001680,SOL000215674,P000609,32,0,0,0,pass,15506.05
RETL000001681,RTN00001681,SOL000238257,P000072,41,41,37,4,pass,2057.97
RETL000001682,RTN00001682,SOL000339883,P000557,4,4,1,3,fail,727.42
RETL000001683,RTN00001683,SOL000123553,P000086,5,5,3,2,fail,308.72
RETL000001684,RTN00001684,SOL000197680,P000249,18,0,0,0,pass,1199.93
RETL000001685,RTN00001685,SOL000367514,P000118,6,6,0,6,fail,237.32
RETL000001686,RTN00001686,SOL000048699,P000162,14,14,6,8,fail,694.41
RETL000001687,RTN00001687,SOL000352502,P000557,13,0,0,0,pass,3430.65
RETL000001688,RTN00001688,SOL000346374,P000079,1,1,1,0,pass,37.26
RETL000001689,RTN00001689,SOL000115247,P000309,11,11,0,11,fail,596.0
RETL000001690,RTN00001690,SOL000153260,P000229,20,0,0,0,pass,4298.94
RETL000001691,RTN00001691,SOL000272404,P000486,6,6,5,1,pass,485.29
RETL000001692,RTN00001692,SOL000179572,P000467,3,3,0,3,fail,133.22
RETL000001693,RTN00001693,SOL000279585,P000536,12,12,0,12,fail,1497.56
RETL000001694,RTN00001694,SOL000019712,P000225,3,0,0,0,pass,491.27
RETL000001695,RTN00001695,SOL000309020,P000304,13,13,0,13,fail,612.67
RETL000001696,RTN00001696,SOL000048927,P000650,40,40,21,19,fail,3922.69
RETL000001697,RTN00001697,SOL000099759,P000252,28,28,0,28,fail,4830.4
RETL000001698,RTN00001698,SOL000233201,P000609,12,0,0,0,pass,5547.52
RETL000001699,RTN00001699,SOL000332716,P000390,2,2,0,2,fail,22.86
RETL000001700,RTN00001700,SOL000202449,P000463,62,62,0,62,fail,10884.33
RETL000001701,RTN00001701,SOL000251619,P000190,13,13,0,13,fail,863.78
RETL000001702,RTN00001702,SOL000188434,P000562,13,13,0,13,fail,1389.08
RETL000001703,RTN00001703,SOL000065982,P000216,9,9,4,5,fail,1345.38
RETL000001704,RTN00001704,SOL000321593,P000545,1,0,0,0,pass,64.73
RETL000001705,RTN00001705,SOL000058507,P000448,24,24,19,5,fail,1289.33
RETL000001706,RTN00001706,SOL000221856,P000588,62,0,0,0,pass,2005.05
RETL000001707,RTN00001707,SOL000206151,P000040,9,9,0,9,fail,1384.43
RETL000001708,RTN00001708,SOL000095161,P000223,5,5,4,1,pass,1900.14
RETL000001709,RTN00001709,SOL000007084,P000473,5,5,0,5,fail,319.88
RETL000001710,RTN00001710,SOL000246492,P000205,2,2,1,1,fail,181.68
RETL000001711,RTN00001711,SOL000014278,P000249,8,0,0,0,pass,559.51
RETL000001712,RTN00001712,SOL000067378,P000552,3,3,0,3,fail,2055.67
RETL000001713,RTN00001713,SOL000235354,P000161,3,0,0,0,pass,299.55
RETL000001714,RTN00001714,SOL000029723,P000542,3,0,0,0,pass,907.75
RETL000001715,RTN00001715,SOL000149222,P000061,10,10,0,10,fail,1174.15
RETL000001716,RTN00001716,SOL000049011,P000475,12,12,0,12,fail,4105.42
RETL000001717,RTN00001717,SOL000269808,P000169,4,0,0,0,pass,1084.45
RETL000001718,RTN00001718,SOL000328621,P000001,5,5,2,3,fail,1246.02
RETL000001719,RTN00001719,SOL000137872,P000489,4,4,0,4,fail,809.58
RETL000001720,RTN00001720,SOL000229836,P000005,2,2,1,1,fail,267.39
RETL000001721,RTN00001721,SOL000203394,P000242,11,11,5,6,fail,1732.25
RETL000001722,RTN00001722,SOL000203279,P000342,16,0,0,0,pass,1892.93
RETL000001723,RTN00001723,SOL000142917,P000560,4,0,0,0,pass,425.83
RETL000001724,RTN00001724,SOL000127378,P000221,2,0,0,0,pass,273.43
RETL000001725,RTN00001725,SOL000348284,P000286,3,3,2,1,fail,217.73
RETL000001726,RTN00001726,SOL000001719,P000036,8,8,0,8,fail,324.64
RETL000001727,RTN00001727,SOL000268302,P000588,4,4,3,1,fail,172.58
RETL000001728,RTN00001728,SOL000006090,P000545,6,0,0,0,pass,399.97
RETL000001729,RTN00001729,SOL000251993,P000181,4,4,0,4,fail,297.38
RETL000001730,RTN00001730,SOL000296068,P000103,15,15,0,15,fail,719.29
RETL000001731,RTN00001731,SOL000221580,P000167,4,4,2,2,fail,544.69
RETL000001732,RTN00001732,SOL000222602,P000155,10,10,0,10,fail,991.32
RETL000001733,RTN00001733,SOL000143798,P000254,10,0,0,0,pass,1094.65
RETL000001734,RTN00001734,SOL000181229,P000614,4,4,0,4,fail,971.38
RETL000001735,RTN00001735,SOL000159656,P000103,10,0,0,0,pass,564.54
RETL000001736,RTN00001736,SOL000114117,P000004,5,5,0,5,fail,1216.61
RETL000001737,RTN00001737,SOL000202444,P000502,1,1,0,1,fail,161.01
RETL000001738,RTN00001738,SOL000221279,P000385,9,9,4,5,fail,540.81
RETL000001739,RTN00001739,SOL000101133,P000431,6,6,0,6,fail,156.63
RETL000001740,RTN00001740,SOL000255206,P000153,3,3,2,1,fail,242.2
RETL000001741,RTN00001741,SOL000335415,P000087,31,31,0,31,fail,749.6
RETL000001742,RTN00001742,SOL000248890,P000164,10,10,0,10,fail,606.48
RETL000001743,RTN00001743,SOL000192414,P000620,14,14,0,14,fail,4203.99
RETL000001744,RTN00001744,SOL000155035,P000134,19,19,8,11,fail,1445.13
RETL000001745,RTN00001745,SOL000096878,P000041,12,12,0,12,fail,319.31
RETL000001746,RTN00001746,SOL000195199,P000577,20,20,16,4,pass,1573.09
RETL000001747,RTN00001747,SOL000180855,P000252,12,12,0,12,fail,1868.14
RETL000001748,RTN00001748,SOL000030064,P000303,14,14,6,8,fail,3109.93
RETL000001749,RTN00001749,SOL000304823,P000650,5,5,4,1,pass,566.1
RETL000001750,RTN00001750,SOL000310298,P000596,1,1,1,0,pass,199.32
RETL000001751,RTN00001751,SOL000177020,P000066,9,9,0,9,fail,996.16
RETL000001752,RTN00001752,SOL000283152,P000358,24,24,0,24,fail,8180.12
RETL000001753,RTN00001753,SOL000357339,P000349,1,1,0,1,fail,51.22
RETL000001754,RTN00001754,SOL000207973,P000179,18,18,0,18,fail,6855.97
RETL000001755,RTN00001755,SOL000227199,P000019,3,3,1,2,fail,1197.88
RETL000001756,RTN00001756,SOL000054090,P000488,1,1,1,0,pass,14.44
RETL000001757,RTN00001757,SOL000230166,P000384,23,23,7,16,fail,2713.98
RETL000001758,RTN00001758,SOL000316838,P000463,11,0,0,0,pass,2732.74
RETL000001759,RTN00001759,SOL000190208,P000471,10,0,0,0,pass,384.48
RETL000001760,RTN00001760,SOL000342915,P000481,19,19,6,13,fail,488.67
RETL000001761,RTN00001761,SOL000219994,P000068,8,8,0,8,fail,555.99
RETL000001762,RTN00001762,SOL000171059,P000378,3,0,0,0,pass,83.99
RETL000001763,RTN00001763,SOL000302192,P000593,4,4,3,1,fail,368.68
RETL000001764,RTN00001764,SOL000316411,P000533,8,8,0,8,fail,931.19
RETL000001765,RTN00001765,SOL000133746,P000383,1,1,0,1,fail,204.1
RETL000001766,RTN00001766,SOL000086028,P000328,2,2,1,1,fail,132.78
RETL000001767,RTN00001767,SOL000208378,P000622,2,2,0,2,fail,471.32
RETL000001768,RTN00001768,SOL000320502,P000432,14,14,0,14,fail,940.46
RETL000001769,RTN00001769,SOL000191019,P000638,1,1,0,1,fail,42.05
RETL000001770,RTN00001770,SOL000216779,P000578,3,3,3,0,pass,281.51
RETL000001771,RTN00001771,SOL000351269,P000280,2,2,2,0,pass,128.02
RETL000001772,RTN00001772,SOL000355279,P000550,13,13,0,13,fail,1290.02
RETL000001773,RTN00001773,SOL000292438,P000607,3,3,0,3,fail,242.99
RETL000001774,RTN00001774,SOL000004988,P000568,16,16,0,16,fail,1275.82
RETL000001775,RTN00001775,SOL000087963,P000392,19,19,6,13,fail,1059.44
RETL000001776,RTN00001776,SOL000042527,P000490,4,4,3,1,fail,781.83
RETL000001777,RTN00001777,SOL000019264,P000125,2,0,0,0,pass,123.37
RETL000001778,RTN00001778,SOL000292731,P000034,7,7,0,7,fail,1550.22
RETL000001779,RTN00001779,SOL000262407,P000547,7,7,0,7,fail,2104.64
RETL000001780,RTN00001780,SOL000249879,P000258,5,0,0,0,pass,764.1
RETL000001781,RTN00001781,SOL000285530,P000502,11,11,3,8,fail,1236.49
RETL000001782,RTN00001782,SOL000216176,P000367,1,1,1,0,pass,31.07
RETL000001783,RTN00001783,SOL000333786,P000218,6,6,0,6,fail,962.29
RETL000001784,RTN00001784,SOL000293646,P000573,9,9,0,9,fail,583.11
RETL000001785,RTN00001785,SOL000041739,P000129,25,0,0,0,pass,1000.34
RETL000001786,RTN00001786,SOL000087616,P000179,3,3,0,3,fail,1409.5
RETL000001787,RTN00001787,SOL000318663,P000287,5,5,2,3,fail,286.62
RETL000001788,RTN00001788,SOL000099770,P000490,1,1,0,1,fail,146.49
RETL000001789,RTN00001789,SOL000003059,P000256,60,60,0,60,fail,1910.91
RETL000001790,RTN00001790,SOL000140569,P000449,4,4,0,4,fail,705.02
RETL000001791,RTN00001791,SOL000219763,P000546,3,3,0,3,fail,372.36
RETL000001792,RTN00001792,SOL000003778,P000156,5,5,3,2,fail,427.94
RETL000001793,RTN00001793,SOL000043383,P000067,4,4,0,4,fail,585.18
RETL000001794,RTN00001794,SOL000200845,P000157,5,0,0,0,pass,727.45
RETL000001795,RTN00001795,SOL000050106,P000105,5,0,0,0,pass,506.73
RETL000001796,RTN00001796,SOL000006177,P000539,11,11,0,11,fail,1536.44
RETL000001797,RTN00001797,SOL000023303,P000031,3,3,2,1,fail,278.78
RETL000001798,RTN00001798,SOL000336133,P000287,4,4,0,4,fail,219.77
RETL000001799,RTN00001799,SOL000311226,P000637,40,40,0,40,fail,2448.01
RETL000001800,RTN00001800,SOL000219489,P000517,3,0,0,0,pass,974.28
RETL000001801,RTN00001801,SOL000310192,P000313,10,0,0,0,pass,712.95
RETL000001802,RTN00001802,SOL000062814,P000432,10,10,0,10,fail,701.65
RETL000001803,RTN00001803,SOL000366165,P000643,18,18,14,4,fail,571.02
RETL000001804,RTN00001804,SOL000179526,P000092,4,0,0,0,pass,573.2
RETL000001805,RTN00001805,SOL000236347,P000598,5,5,0,5,fail,596.3
RETL000001806,RTN00001806,SOL000204699,P000649,1,1,0,1,fail,324.21
RETL000001807,RTN00001807,SOL000089292,P000230,5,5,0,5,fail,202.08
RETL000001808,RTN00001808,SOL000263319,P000422,3,3,0,3,fail,265.23
RETL000001809,RTN00001809,SOL000308738,P000599,2,2,0,2,fail,166.81
RETL000001810,RTN00001810,SOL000187342,P000401,4,0,0,0,pass,394.47
RETL000001811,RTN00001811,SOL000298482,P000301,6,6,0,6,fail,492.12
RETL000001812,RTN00001812,SOL000234463,P000390,3,3,0,3,fail,50.28
RETL000001813,RTN00001813,SOL000077106,P000374,13,13,5,8,fail,1736.24
RETL000001814,RTN00001814,SOL000187321,P000492,8,0,0,0,pass,424.42
RETL000001815,RTN00001815,SOL000043461,P000442,2,2,1,1,fail,718.67
RETL000001816,RTN00001816,SOL000165516,P000425,1,1,0,1,fail,86.28
RETL000001817,RTN00001817,SOL000205081,P000462,26,26,7,19,fail,2425.85
RETL000001818,RTN00001818,SOL000320177,P000147,16,16,12,4,fail,1813.87
RETL000001819,RTN00001819,SOL000017935,P000044,5,5,0,5,fail,1497.98
RETL000001820,RTN00001820,SOL000185186,P000435,7,7,0,7,fail,406.58
RETL000001821,RTN00001821,SOL000018733,P000116,3,0,0,0,pass,580.61
RETL000001822,RTN00001822,SOL000041597,P000585,4,4,0,4,fail,158.59
RETL000001823,RTN00001823,SOL000274626,P000516,9,0,0,0,pass,592.12
RETL000001824,RTN00001824,SOL000348608,P000212,1,1,0,1,fail,267.86
RETL000001825,RTN00001825,SOL000363252,P000378,6,0,0,0,pass,181.45
RETL000001826,RTN00001826,SOL000213832,P000166,6,6,0,6,fail,724.59
RETL000001827,RTN00001827,SOL000080367,P000256,9,9,0,9,fail,349.43
RETL000001828,RTN00001828,SOL000190722,P000521,4,4,3,1,fail,530.95
RETL000001829,RTN00001829,SOL000215801,P000268,21,0,0,0,pass,643.77
RETL000001830,RTN00001830,SOL000062626,P000091,9,9,0,9,fail,387.46
RETL000001831,RTN00001831,SOL000139645,P000487,2,2,0,2,fail,160.24
RETL000001832,RTN00001832,SOL000042357,P000124,9,9,0,9,fail,1429.75
RETL000001833,RTN00001833,SOL000167483,P000644,8,8,0,8,fail,900.46
RETL000001834,RTN00001834,SOL000308437,P000305,3,3,2,1,fail,273.87
RETL000001835,RTN00001835,SOL000198660,P000365,7,7,0,7,fail,390.42
RETL000001836,RTN00001836,SOL000182363,P000462,1,0,0,0,pass,113.33
RETL000001837,RTN00001837,SOL000287230,P000101,11,11,0,11,fail,1043.17
RETL000001838,RTN00001838,SOL000142659,P000058,4,4,3,1,fail,1138.88
RETL000001839,RTN00001839,SOL000183187,P000360,9,9,0,9,fail,1224.65
RETL000001840,RTN00001840,SOL000219935,P000298,11,0,0,0,pass,5225.22
RETL000001841,RTN00001841,SOL000003961,P000399,10,10,0,10,fail,464.51
RETL000001842,RTN00001842,SOL000036667,P000253,7,7,0,7,fail,917.41
RETL000001843,RTN00001843,SOL000048329,P000438,11,11,9,2,pass,791.39
RETL000001844,RTN00001844,SOL000244743,P000427,4,4,0,4,fail,355.03
RETL000001845,RTN00001845,SOL000364244,P000037,1,1,0,1,fail,81.09
RETL000001846,RTN00001846,SOL000187759,P000240,30,30,0,30,fail,3059.91
RETL000001847,RTN00001847,SOL000014649,P000492,64,64,0,64,fail,3312.07
RETL000001848,RTN00001848,SOL000082889,P000367,11,11,0,11,fail,314.22
RETL000001849,RTN00001849,SOL000291625,P000593,3,3,0,3,fail,260.59
RETL000001850,RTN00001850,SOL000228271,P000188,11,11,0,11,fail,1121.43
RETL000001851,RTN00001851,SOL000079417,P000577,26,26,0,26,fail,2376.97
RETL000001852,RTN00001852,SOL000030582,P000455,22,22,0,22,fail,3008.05
RETL000001853,RTN00001853,SOL000363268,P000351,11,0,0,0,pass,5613.46
RETL000001854,RTN00001854,SOL000143835,P000097,12,12,0,12,fail,1094.5
RETL000001855,RTN00001855,SOL000166611,P000308,1,1,0,1,fail,103.24
RETL000001856,RTN00001856,SOL000249650,P000312,3,3,0,3,fail,347.59
RETL000001857,RTN00001857,SOL000021575,P000322,15,15,13,2,pass,13650.01
RETL000001858,RTN00001858,SOL000170134,P000232,1,1,1,0,pass,81.82
RETL000001859,RTN00001859,SOL000247012,P000562,11,0,0,0,pass,1053.19
RETL000001860,RTN00001860,SOL000062144,P000367,1,1,0,1,fail,31.72
RETL000001861,RTN00001861,SOL000131157,P000079,3,3,0,3,fail,107.03
RETL000001862,RTN00001862,SOL000027760,P000178,26,0,0,0,pass,1832.37
RETL000001863,RTN00001863,SOL000315653,P000012,16,16,0,16,fail,2665.7
RETL000001864,RTN00001864,SOL000168334,P000417,10,10,0,10,fail,768.2
RETL000001865,RTN00001865,SOL000204866,P000261,10,10,7,3,fail,269.19
RETL000001866,RTN00001866,SOL000175147,P000031,39,39,0,39,fail,3088.44
RETL000001867,RTN00001867,SOL000190328,P000155,1,0,0,0,pass,87.38
RETL000001868,RTN00001868,SOL000139710,P000533,6,6,3,3,fail,674.35
RETL000001869,RTN00001869,SOL000215789,P000220,9,9,0,9,fail,3024.24
RETL000001870,RTN00001870,SOL000139028,P000453,11,11,6,5,fail,2537.57
RETL000001871,RTN00001871,SOL000099333,P000116,4,4,0,4,fail,747.34
RETL000001872,RTN00001872,SOL000182566,P000468,4,4,2,2,fail,575.45
RETL000001873,RTN00001873,SOL000137027,P000432,11,11,5,6,fail,1053.26
RETL000001874,RTN00001874,SOL000359167,P000242,1,1,0,1,fail,143.88
RETL000001875,RTN00001875,SOL000071524,P000225,22,22,17,5,fail,3834.39
RETL000001876,RTN00001876,SOL000097733,P000637,5,5,0,5,fail,263.6
RETL000001877,RTN00001877,SOL000282063,P000218,10,0,0,0,pass,1615.68
RETL000001878,RTN00001878,SOL000013646,P000533,19,0,0,0,pass,2202.11
RETL000001879,RTN00001879,SOL000146079,P000253,1,0,0,0,pass,114.34
RETL000001880,RTN00001880,SOL000169676,P000070,1,1,0,1,fail,98.82
RETL000001881,RTN00001881,SOL000158902,P000292,3,3,0,3,fail,1460.54
RETL000001882,RTN00001882,SOL000090883,P000257,42,42,30,12,fail,4997.71
RETL000001883,RTN00001883,SOL000276792,P000139,11,0,0,0,pass,1247.02
RETL000001884,RTN00001884,SOL000350763,P000098,8,8,2,6,fail,563.61
RETL000001885,RTN00001885,SOL000002024,P000515,2,0,0,0,pass,116.75
RETL000001886,RTN00001886,SOL000050478,P000414,18,18,0,18,fail,720.5
RETL000001887,RTN00001887,SOL000052074,P000420,3,3,0,3,fail,176.98
RETL000001888,RTN00001888,SOL000341148,P000023,16,16,0,16,fail,1264.21
RETL000001889,RTN00001889,SOL000306934,P000631,13,13,0,13,fail,1485.43
RETL000001890,RTN00001890,SOL000021998,P000493,8,8,0,8,fail,2331.29
RETL000001891,RTN00001891,SOL000134486,P000505,7,7,0,7,fail,173.64
RETL000001892,RTN00001892,SOL000021340,P000214,5,5,0,5,fail,840.68
RETL000001893,RTN00001893,SOL000338189,P000644,11,11,0,11,fail,1106.59
RETL000001894,RTN00001894,SOL000022348,P000231,5,5,0,5,fail,908.5
RETL000001895,RTN00001895,SOL000327099,P000599,1,0,0,0,pass,92.48
RETL000001896,RTN00001896,SOL000234330,P000055,3,3,1,2,fail,1437.51
RETL000001897,RTN00001897,SOL000203784,P000425,2,2,0,2,fail,166.19
RETL000001898,RTN00001898,SOL000144463,P000384,19,19,13,6,fail,2208.8
RETL000001899,RTN00001899,SOL000148807,P000284,81,81,0,81,fail,917.84
RETL000001900,RTN00001900,SOL000217341,P000590,4,4,0,4,fail,601.97
RETL000001901,RTN00001901,SOL000255207,P000416,11,11,7,4,fail,535.55
RETL000001902,RTN00001902,SOL000112164,P000048,38,0,0,0,pass,3304.25
RETL000001903,RTN00001903,SOL000077124,P000362,9,9,0,9,fail,847.37
RETL000001904,RTN00001904,SOL000084865,P000472,6,6,5,1,pass,762.81
RETL000001905,RTN00001905,SOL000225256,P000262,1,1,0,1,fail,119.36
RETL000001906,RTN00001906,SOL000288393,P000040,3,3,0,3,fail,359.64
RETL000001907,RTN00001907,SOL000114770,P000089,4,4,0,4,fail,675.09
RETL000001908,RTN00001908,SOL000344833,P000190,50,0,0,0,pass,3217.16
RETL000001909,RTN00001909,SOL000221650,P000398,7,0,0,0,pass,1140.26
RETL000001910,RTN00001910,SOL000087621,P000532,12,0,0,0,pass,936.1
RETL000001911,RTN00001911,SOL000186275,P000101,4,0,0,0,pass,447.82
RETL000001912,RTN00001912,SOL000065370,P000230,3,3,1,2,fail,122.57
RETL000001913,RTN00001913,SOL000152473,P000598,1,1,0,1,fail,123.81
RETL000001914,RTN00001914,SOL000277530,P000378,9,9,0,9,fail,211.26
RETL000001915,RTN00001915,SOL000204269,P000361,7,7,0,7,fail,210.97
RETL000001916,RTN00001916,SOL000126878,P000387,15,15,0,15,fail,376.29
RETL000001917,RTN00001917,SOL000240393,P000240,23,23,0,23,fail,3255.85
RETL000001918,RTN00001918,SOL000299275,P000381,17,17,0,17,fail,2505.09
RETL000001919,RTN00001919,SOL000057715,P000282,5,5,3,2,fail,742.02
RETL000001920,RTN00001920,SOL000349594,P000436,2,2,0,2,fail,128.05
RETL000001921,RTN00001921,SOL000139806,P000572,16,16,11,5,fail,2018.75
RETL000001922,RTN00001922,SOL000145950,P000354,25,25,0,25,fail,1785.15
RETL000001923,RTN00001923,SOL000153314,P000211,27,27,0,27,fail,1574.72
RETL000001924,RTN00001924,SOL000021451,P000446,4,4,2,2,fail,225.15
RETL000001925,RTN00001925,SOL000306229,P000135,10,10,0,10,fail,1156.26
RETL000001926,RTN00001926,SOL000115710,P000357,14,14,0,14,fail,907.08
RETL000001927,RTN00001927,SOL000321889,P000427,58,58,0,58,fail,5144.59
RETL000001928,RTN00001928,SOL000012931,P000317,2,2,1,1,fail,87.46
RETL000001929,RTN00001929,SOL000331690,P000329,16,16,6,10,fail,4571.63
RETL000001930,RTN00001930,SOL000200994,P000499,3,0,0,0,pass,619.65
RETL000001931,RTN00001931,SOL000246514,P000269,5,5,4,1,pass,619.88
RETL000001932,RTN00001932,SOL000326456,P000079,24,24,0,24,fail,728.01
RETL000001933,RTN00001933,SOL000360519,P000195,19,19,0,19,fail,2219.16
RETL000001934,RTN00001934,SOL000252870,P000150,46,46,34,12,fail,4333.94
RETL000001935,RTN00001935,SOL000150680,P000569,3,3,0,3,fail,636.77
RETL000001936,RTN00001936,SOL000257329,P000382,5,5,0,5,fail,58.75
RETL000001937,RTN00001937,SOL000078687,P000053,16,16,5,11,fail,891.42
RETL000001938,RTN00001938,SOL000320033,P000189,28,0,0,0,pass,1044.19
RETL000001939,RTN00001939,SOL000301399,P000528,2,0,0,0,pass,147.82
RETL000001940,RTN00001940,SOL000274682,P000618,38,0,0,0,pass,4459.32
RETL000001941,RTN00001941,SOL000077556,P000151,8,0,0,0,pass,364.86
RETL000001942,RTN00001942,SOL000059858,P000046,36,36,11,25,fail,2197.67
RETL000001943,RTN00001943,SOL000290472,P000435,4,4,0,4,fail,188.52
RETL000001944,RTN00001944,SOL000002146,P000058,1,0,0,0,pass,237.6
RETL000001945,RTN00001945,SOL000162441,P000097,11,0,0,0,pass,935.88
RETL000001946,RTN00001946,SOL000179802,P000380,14,0,0,0,pass,1677.99
RETL000001947,RTN00001947,SOL000026476,P000270,2,2,0,2,fail,186.61
RETL000001948,RTN00001948,SOL000111542,P000598,18,0,0,0,pass,2358.62
RETL000001949,RTN00001949,SOL000027248,P000034,1,1,0,1,fail,230.34
RETL000001950,RTN00001950,SOL000026016,P000170,2,2,0,2,fail,149.84
RETL000001951,RTN00001951,SOL000144778,P000648,6,6,0,6,fail,690.27
RETL000001952,RTN00001952,SOL000342173,P000130,1,0,0,0,pass,108.25
RETL000001953,RTN00001953,SOL000336839,P000117,1,1,0,1,fail,165.2
RETL000001954,RTN00001954,SOL000095174,P000572,2,2,0,2,fail,254.97
RETL000001955,RTN00001955,SOL000180333,P000459,14,14,0,14,fail,487.33
RETL000001956,RTN00001956,SOL000328116,P000279,5,5,2,3,fail,229.17
RETL000001957,RTN00001957,SOL000117640,P000076,2,2,1,1,fail,452.94
RETL000001958,RTN00001958,SOL000220812,P000246,9,9,0,9,fail,3882.9
RETL000001959,RTN00001959,SOL000276901,P000620,1,0,0,0,pass,340.15
RETL000001960,RTN00001960,SOL000213813,P000315,9,9,0,9,fail,1297.76
RETL000001961,RTN00001961,SOL000242180,P000469,19,19,13,6,fail,863.15
RETL000001962,RTN00001962,SOL000185239,P000026,2,2,0,2,fail,121.69
RETL000001963,RTN00001963,SOL000213463,P000283,1,1,0,1,fail,238.46
RETL000001964,RTN00001964,SOL000229068,P000419,3,3,0,3,fail,269.24
RETL000001965,RTN00001965,SOL000099041,P000149,2,2,1,1,fail,288.91
RETL000001966,RTN00001966,SOL000252446,P000263,4,4,0,4,fail,466.0
RETL000001967,RTN00001967,SOL000165346,P000187,3,3,0,3,fail,435.93
RETL000001968,RTN00001968,SOL000177176,P000291,3,3,2,1,fail,503.91
RETL000001969,RTN00001969,SOL000267483,P000354,11,11,0,11,fail,1059.55
RETL000001970,RTN00001970,SOL000188036,P000096,19,19,0,19,fail,1645.9
RETL000001971,RTN00001971,SOL000005138,P000531,4,4,0,4,fail,414.39
RETL000001972,RTN00001972,SOL000058739,P000394,29,29,14,15,fail,2624.65
RETL000001973,RTN00001973,SOL000329451,P000176,2,2,0,2,fail,480.62
RETL000001974,RTN00001974,SOL000341960,P000218,9,9,0,9,fail,1218.06
RETL000001975,RTN00001975,SOL000174838,P000322,22,22,16,6,fail,21574.84
RETL000001976,RTN00001976,SOL000055802,P000044,8,8,2,6,fail,2072.34
RETL000001977,RTN00001977,SOL000064421,P000496,7,7,2,5,fail,329.82
RETL000001978,RTN00001978,SOL000117340,P000471,4,4,3,1,fail,186.85
RETL000001979,RTN00001979,SOL000238807,P000400,26,26,0,26,fail,5269.64
RETL000001980,RTN00001980,SOL000100822,P000397,1,1,0,1,fail,132.28
RETL000001981,RTN00001981,SOL000132888,P000168,2,2,0,2,fail,658.92
RETL000001982,RTN00001982,SOL000123909,P000139,22,22,19,3,pass,1909.89
RETL000001983,RTN00001983,SOL000285236,P000142,25,25,0,25,fail,3455.36
RETL000001984,RTN00001984,SOL000183260,P000610,26,26,0,26,fail,967.46
RETL000001985,RTN00001985,SOL000037903,P000269,32,32,0,32,fail,4090.76
RETL000001986,RTN00001986,SOL000039411,P000100,15,0,0,0,pass,1080.29
RETL000001987,RTN00001987,SOL000338753,P000507,20,20,0,20,fail,2283.12
RETL000001988,RTN00001988,SOL000352485,P000130,1,1,0,1,fail,144.13
RETL000001989,RTN00001989,SOL000001652,P000616,27,0,0,0,pass,2166.14
RETL000001990,RTN00001990,SOL000107868,P000457,10,10,0,10,fail,2052.12
RETL000001991,RTN00001991,SOL000289393,P000078,1,1,0,1,fail,29.13
RETL000001992,RTN00001992,SOL000195577,P000295,41,0,0,0,pass,6126.45
RETL000001993,RTN00001993,SOL000220413,P000376,3,3,0,3,fail,35.33
RETL000001994,RTN00001994,SOL000366455,P000494,3,3,0,3,fail,248.79
RETL000001995,RTN00001995,SOL000179020,P000135,14,14,0,14,fail,1591.18
RETL000001996,RTN00001996,SOL000304865,P000216,2,2,0,2,fail,321.99
RETL000001997,RTN00001997,SOL000108434,P000303,4,4,1,3,fail,686.74
RETL000001998,RTN00001998,SOL000089012,P000408,7,7,0,7,fail,1414.54
RETL000001999,RTN00001999,SOL000075067,P000297,35,35,24,11,fail,8517.48
RETL000002000,RTN00002000,SOL000326959,P000261,4,4,2,2,fail,85.0
RETL000002001,RTN00002001,SOL000076301,P000607,2,2,0,2,fail,117.89
RETL000002002,RTN00002002,SOL000175652,P000493,8,8,0,8,fail,2350.45
RETL000002003,RTN00002003,SOL000061058,P000516,50,50,0,50,fail,4464.63
RETL000002004,RTN00002004,SOL000278296,P000180,8,8,0,8,fail,350.36
RETL000002005,RTN00002005,SOL000121656,P000549,6,0,0,0,pass,413.93
RETL000002006,RTN00002006,SOL000226545,P000571,9,0,0,0,pass,1064.49
RETL000002007,RTN00002007,SOL000115978,P000017,12,12,0,12,fail,557.68
RETL000002008,RTN00002008,SOL000023596,P000343,2,2,0,2,fail,106.43
RETL000002009,RTN00002009,SOL000193323,P000095,23,23,10,13,fail,1977.24
RETL000002010,RTN00002010,SOL000172190,P000395,9,9,0,9,fail,5163.86
RETL000002011,RTN00002011,SOL000146913,P000126,5,5,0,5,fail,427.38
RETL000002012,RTN00002012,SOL000257969,P000533,1,1,0,1,fail,98.42
RETL000002013,RTN00002013,SOL000327715,P000481,8,8,4,4,fail,257.71
RETL000002014,RTN00002014,SOL000321059,P000522,5,5,4,1,pass,548.96
RETL000002015,RTN00002015,SOL000074172,P000584,6,6,5,1,pass,456.41
RETL000002016,RTN00002016,SOL000179669,P000332,26,0,0,0,pass,6033.38
RETL000002017,RTN00002017,SOL000237175,P000424,7,7,0,7,fail,155.34
RETL000002018,RTN00002018,SOL000010821,P000361,12,12,0,12,fail,262.25
RETL000002019,RTN00002019,SOL000077841,P000029,18,18,7,11,fail,2998.91
RETL000002020,RTN00002020,SOL000312995,P000618,2,0,0,0,pass,158.13
RETL000002021,RTN00002021,SOL000363672,P000354,28,28,21,7,fail,2122.66
RETL000002022,RTN00002022,SOL000155616,P000157,3,3,1,2,fail,387.54
RETL000002023,RTN00002023,SOL000153382,P000250,3,3,2,1,fail,369.7
RETL000002024,RTN00002024,SOL000094623,P000151,5,5,0,5,fail,229.27
RETL000002025,RTN00002025,SOL000236488,P000617,2,2,1,1,fail,78.21
RETL000002026,RTN00002026,SOL000343377,P000056,22,22,0,22,fail,2067.09
RETL000002027,RTN00002027,SOL000155288,P000362,1,1,0,1,fail,95.9
RETL000002028,RTN00002028,SOL000304825,P000582,5,5,0,5,fail,1129.25
RETL000002029,RTN00002029,SOL000127220,P000140,10,10,0,10,fail,2781.37
RETL000002030,RTN00002030,SOL000102769,P000532,4,4,0,4,fail,321.5
RETL000002031,RTN00002031,SOL000157510,P000431,3,3,0,3,fail,77.92
RETL000002032,RTN00002032,SOL000029069,P000113,8,0,0,0,pass,416.86
RETL000002033,RTN00002033,SOL000197332,P000479,23,23,0,23,fail,2129.7
RETL000002034,RTN00002034,SOL000103616,P000479,9,0,0,0,pass,1080.57
RETL000002035,RTN00002035,SOL000363356,P000022,15,15,13,2,pass,624.3
RETL000002036,RTN00002036,SOL000287118,P000419,20,20,0,20,fail,2163.15
RETL000002037,RTN00002037,SOL000029472,P000021,18,18,0,18,fail,1908.66
RETL000002038,RTN00002038,SOL000144299,P000420,1,0,0,0,pass,61.07
RETL000002039,RTN00002039,SOL000027001,P000125,25,25,11,14,fail,1933.47
RETL000002040,RTN00002040,SOL000097185,P000187,1,0,0,0,pass,141.11
RETL000002041,RTN00002041,SOL000090111,P000096,13,13,12,1,pass,1077.76
RETL000002042,RTN00002042,SOL000085153,P000252,15,15,8,7,fail,2175.97
RETL000002043,RTN00002043,SOL000351167,P000340,5,5,0,5,fail,327.06
RETL000002044,RTN00002044,SOL000247626,P000428,17,17,0,17,fail,1029.13
RETL000002045,RTN00002045,SOL000052181,P000036,2,2,2,0,pass,70.04
RETL000002046,RTN00002046,SOL000135481,P000537,4,4,0,4,fail,297.4
RETL000002047,RTN00002047,SOL000080874,P000103,19,19,14,5,fail,767.41
RETL000002048,RTN00002048,SOL000250906,P000030,21,21,0,21,fail,948.95
RETL000002049,RTN00002049,SOL000190527,P000201,5,5,2,3,fail,300.2
RETL000002050,RTN00002050,SOL000331037,P000059,17,0,0,0,pass,3362.55
RETL000002051,RTN00002051,SOL000204461,P000258,6,6,0,6,fail,1062.97
RETL000002052,RTN00002052,SOL000219855,P000503,12,12,0,12,fail,1665.64
RETL000002053,RTN00002053,SOL000107031,P000161,1,0,0,0,pass,95.18
RETL000002054,RTN00002054,SOL000316108,P000192,5,5,0,5,fail,155.16
RETL000002055,RTN00002055,SOL000188064,P000474,10,10,8,2,pass,1060.75
RETL000002056,RTN00002056,SOL000186222,P000560,4,0,0,0,pass,430.08
RETL000002057,RTN00002057,SOL000329813,P000432,4,4,3,1,fail,398.94
RETL000002058,RTN00002058,SOL000234857,P000054,2,2,0,2,fail,134.97
RETL000002059,RTN00002059,SOL000151026,P000387,6,6,0,6,fail,155.54
RETL000002060,RTN00002060,SOL000272489,P000606,7,7,0,7,fail,1488.26
RETL000002061,RTN00002061,SOL000049755,P000233,8,8,3,5,fail,477.2
RETL000002062,RTN00002062,SOL000158438,P000509,12,12,10,2,pass,1078.54
RETL000002063,RTN00002063,SOL000102590,P000566,1,1,1,0,pass,177.27
RETL000002064,RTN00002064,SOL000100089,P000537,10,10,0,10,fail,811.96
RETL000002065,RTN00002065,SOL000088960,P000597,9,9,0,9,fail,1023.01
RETL000002066,RTN00002066,SOL000367249,P000210,17,17,0,17,fail,2465.09
RETL000002067,RTN00002067,SOL000256726,P000532,27,0,0,0,pass,2474.33
RETL000002068,RTN00002068,SOL000179090,P000117,32,32,0,32,fail,5903.95
RETL000002069,RTN00002069,SOL000175348,P000041,9,0,0,0,pass,252.6
RETL000002070,RTN00002070,SOL000268844,P000070,1,1,0,1,fail,83.55
RETL000002071,RTN00002071,SOL000010913,P000374,1,1,0,1,fail,138.59
RETL000002072,RTN00002072,SOL000270879,P000284,15,15,0,15,fail,198.29
RETL000002073,RTN00002073,SOL000071176,P000574,15,15,0,15,fail,2027.32
RETL000002074,RTN00002074,SOL000008683,P000024,10,10,9,1,pass,445.25
RETL000002075,RTN00002075,SOL000027300,P000380,6,6,3,3,fail,854.08
RETL000002076,RTN00002076,SOL000142579,P000176,8,8,0,8,fail,2531.0
RETL000002077,RTN00002077,SOL000084116,P000406,14,14,0,14,fail,445.74
RETL000002078,RTN00002078,SOL000247159,P000367,22,22,0,22,fail,780.32
RETL000002079,RTN00002079,SOL000194204,P000091,1,0,0,0,pass,45.25
RETL000002080,RTN00002080,SOL000068625,P000449,19,0,0,0,pass,3515.88
RETL000002081,RTN00002081,SOL000240397,P000507,6,6,3,3,fail,716.35
RETL000002082,RTN00002082,SOL000288797,P000334,6,0,0,0,pass,493.52
RETL000002083,RTN00002083,SOL000362887,P000243,18,0,0,0,pass,1256.36
RETL000002084,RTN00002084,SOL000194343,P000444,48,48,0,48,fail,7332.29
RETL000002085,RTN00002085,SOL000315062,P000054,19,19,0,19,fail,1276.24
RETL000002086,RTN00002086,SOL000315746,P000075,6,6,0,6,fail,475.51
RETL000002087,RTN00002087,SOL000118068,P000523,12,0,0,0,pass,493.93
RETL000002088,RTN00002088,SOL000080137,P000318,36,36,16,20,fail,2624.3
RETL000002089,RTN00002089,SOL000012775,P000221,11,11,0,11,fail,1445.65
RETL000002090,RTN00002090,SOL000288586,P000109,10,0,0,0,pass,662.78
RETL000002091,RTN00002091,SOL000041924,P000504,7,7,0,7,fail,905.88
RETL000002092,RTN00002092,SOL000197732,P000001,9,9,5,4,fail,2642.27
RETL000002093,RTN00002093,SOL000195463,P000083,1,1,0,1,fail,143.87
RETL000002094,RTN00002094,SOL000079722,P000028,7,7,0,7,fail,1371.45
RETL000002095,RTN00002095,SOL000333602,P000378,30,30,14,16,fail,800.82
RETL000002096,RTN00002096,SOL000331739,P000649,5,5,0,5,fail,1576.71
RETL000002097,RTN00002097,SOL000131253,P000138,4,4,0,4,fail,200.81
RETL000002098,RTN00002098,SOL000326181,P000436,5,5,0,5,fail,409.76
RETL000002099,RTN00002099,SOL000306607,P000103,54,54,0,54,fail,2274.22
RETL000002100,RTN00002100,SOL000178778,P000400,81,81,28,53,fail,15261.59
RETL000002101,RTN00002101,SOL000089290,P000502,9,9,5,4,fail,1230.97
RETL000002102,RTN00002102,SOL000081985,P000012,3,3,0,3,fail,582.16
RETL000002103,RTN00002103,SOL000355572,P000421,1,1,0,1,fail,63.78
RETL000002104,RTN00002104,SOL000096521,P000479,2,2,2,0,pass,199.84
RETL000002105,RTN00002105,SOL000076094,P000214,6,0,0,0,pass,833.36
RETL000002106,RTN00002106,SOL000041164,P000235,26,0,0,0,pass,8904.52
RETL000002107,RTN00002107,SOL000052160,P000137,17,17,0,17,fail,889.12
RETL000002108,RTN00002108,SOL000328339,P000425,6,6,0,6,fail,525.97
RETL000002109,RTN00002109,SOL000149010,P000577,1,1,0,1,fail,79.5
RETL000002110,RTN00002110,SOL000231104,P000421,4,4,0,4,fail,277.31
RETL000002111,RTN00002111,SOL000131802,P000527,10,10,4,6,fail,4575.77
RETL000002112,RTN00002112,SOL000366580,P000340,2,2,0,2,fail,102.4
RETL000002113,RTN00002113,SOL000314265,P000398,4,4,0,4,fail,522.06
RETL000002114,RTN00002114,SOL000292680,P000152,18,18,9,9,fail,841.15
RETL000002115,RTN00002115,SOL000237093,P000472,2,2,0,2,fail,286.64
RETL000002116,RTN00002116,SOL000089642,P000447,2,2,1,1,fail,467.29
RETL000002117,RTN00002117,SOL000184685,P000314,50,50,33,17,fail,2599.9
RETL000002118,RTN00002118,SOL000031850,P000614,23,23,7,16,fail,5610.3
RETL000002119,RTN00002119,SOL000045692,P000513,3,3,0,3,fail,238.29
RETL000002120,RTN00002120,SOL000156959,P000276,1,1,0,1,fail,40.32
RETL000002121,RTN00002121,SOL000208052,P000422,10,10,0,10,fail,1305.21
RETL000002122,RTN00002122,SOL000268720,P000649,3,3,3,0,pass,1021.78
RETL000002123,RTN00002123,SOL000134147,P000588,8,8,7,1,pass,261.39
RETL000002124,RTN00002124,SOL000213625,P000189,6,6,5,1,pass,298.75
RETL000002125,RTN00002125,SOL000288123,P000212,10,10,0,10,fail,2378.21
RETL000002126,RTN00002126,SOL000082343,P000249,6,6,0,6,fail,575.67
RETL000002127,RTN00002127,SOL000329656,P000346,7,7,0,7,fail,451.36
RETL000002128,RTN00002128,SOL000210905,P000118,2,2,0,2,fail,84.91
RETL000002129,RTN00002129,SOL000276464,P000301,41,41,16,25,fail,3168.52
RETL000002130,RTN00002130,SOL000281884,P000351,10,10,0,10,fail,5879.12
RETL000002131,RTN00002131,SOL000083727,P000231,8,8,0,8,fail,1227.83
RETL000002132,RTN00002132,SOL000020663,P000442,2,2,1,1,fail,931.84
RETL000002133,RTN00002133,SOL000349539,P000630,6,6,0,6,fail,1671.93
RETL000002134,RTN00002134,SOL000269575,P000540,42,0,0,0,pass,1759.22
RETL000002135,RTN00002135,SOL000265899,P000114,5,0,0,0,pass,332.14
RETL000002136,RTN00002136,SOL000024847,P000102,3,3,0,3,fail,468.77
RETL000002137,RTN00002137,SOL000149362,P000375,13,13,9,4,fail,7260.36
RETL000002138,RTN00002138,SOL000152731,P000605,4,4,0,4,fail,262.47
RETL000002139,RTN00002139,SOL000277076,P000227,4,4,0,4,fail,292.11
RETL000002140,RTN00002140,SOL000148470,P000625,4,4,2,2,fail,412.86
RETL000002141,RTN00002141,SOL000161694,P000471,6,6,0,6,fail,316.3
RETL000002142,RTN00002142,SOL000179848,P000282,6,6,0,6,fail,867.0
RETL000002143,RTN00002143,SOL000180488,P000167,13,13,11,2,pass,1248.54
RETL000002144,RTN00002144,SOL000303702,P000509,4,0,0,0,pass,456.35
RETL000002145,RTN00002145,SOL000057195,P000354,1,1,1,0,pass,87.96
RETL000002146,RTN00002146,SOL000032552,P000414,1,0,0,0,pass,56.29
RETL000002147,RTN00002147,SOL000070229,P000352,17,17,0,17,fail,6996.15
RETL000002148,RTN00002148,SOL000223763,P000254,1,1,0,1,fail,107.83
RETL000002149,RTN00002149,SOL000269493,P000430,4,0,0,0,pass,167.46
RETL000002150,RTN00002150,SOL000046301,P000106,16,16,11,5,fail,3021.06
RETL000002151,RTN00002151,SOL000056656,P000087,5,5,0,5,fail,178.8
RETL000002152,RTN00002152,SOL000367049,P000231,34,34,0,34,fail,4769.61
RETL000002153,RTN00002153,SOL000265788,P000628,5,5,0,5,fail,557.98
RETL000002154,RTN00002154,SOL000285721,P000555,1,1,1,0,pass,237.99
RETL000002155,RTN00002155,SOL000275900,P000225,50,50,0,50,fail,7507.63
RETL000002156,RTN00002156,SOL000215511,P000140,14,0,0,0,pass,3602.19
RETL000002157,RTN00002157,SOL000254113,P000447,2,2,0,2,fail,460.58
RETL000002158,RTN00002158,SOL000020617,P000283,3,0,0,0,pass,787.8
RETL000002159,RTN00002159,SOL000123575,P000292,2,0,0,0,pass,1037.37
RETL000002160,RTN00002160,SOL000100597,P000399,6,6,0,6,fail,258.3
RETL000002161,RTN00002161,SOL000079070,P000435,15,15,12,3,pass,771.35
RETL000002162,RTN00002162,SOL000201804,P000575,9,9,0,9,fail,1667.36
RETL000002163,RTN00002163,SOL000183352,P000173,20,20,11,9,fail,3805.45
RETL000002164,RTN00002164,SOL000357657,P000527,6,0,0,0,pass,2460.1
RETL000002165,RTN00002165,SOL000182874,P000247,6,6,0,6,fail,558.62
RETL000002166,RTN00002166,SOL000087719,P000377,2,2,0,2,fail,67.95
RETL000002167,RTN00002167,SOL000200943,P000489,4,4,0,4,fail,877.5
RETL000002168,RTN00002168,SOL000117837,P000640,14,14,0,14,fail,886.07
RETL000002169,RTN00002169,SOL000042548,P000078,10,10,0,10,fail,323.32
RETL000002170,RTN00002170,SOL000136059,P000097,7,0,0,0,pass,656.03
RETL000002171,RTN00002171,SOL000223365,P000150,3,3,0,3,fail,242.87
RETL000002172,RTN00002172,SOL000335680,P000623,1,1,0,1,fail,107.86
RETL000002173,RTN00002173,SOL000062348,P000206,10,0,0,0,pass,1782.72
RETL000002174,RTN00002174,SOL000047014,P000488,10,10,0,10,fail,134.94
RETL000002175,RTN00002175,SOL000150055,P000321,3,3,2,1,fail,86.11
RETL000002176,RTN00002176,SOL000005222,P000279,7,0,0,0,pass,265.54
RETL000002177,RTN00002177,SOL000357043,P000134,2,0,0,0,pass,189.72
RETL000002178,RTN00002178,SOL000019893,P000307,25,0,0,0,pass,1901.07
RETL000002179,RTN00002179,SOL000295984,P000463,5,5,4,1,pass,1147.08
RETL000002180,RTN00002180,SOL000097199,P000372,20,20,7,13,fail,4096.51
RETL000002181,RTN00002181,SOL000009628,P000565,11,11,0,11,fail,2566.99
RETL000002182,RTN00002182,SOL000340688,P000525,5,5,0,5,fail,302.55
RETL000002183,RTN00002183,SOL000261695,P000400,4,0,0,0,pass,1000.28
RETL000002184,RTN00002184,SOL000167302,P000604,7,7,0,7,fail,726.15
RETL000002185,RTN00002185,SOL000220686,P000568,3,3,0,3,fail,252.0
RETL000002186,RTN00002186,SOL000183444,P000209,37,37,0,37,fail,6432.93
RETL000002187,RTN00002187,SOL000166832,P000149,7,7,0,7,fail,1093.18
RETL000002188,RTN00002188,SOL000205455,P000193,12,0,0,0,pass,3577.05
RETL000002189,RTN00002189,SOL000329214,P000126,4,0,0,0,pass,290.61
RETL000002190,RTN00002190,SOL000046265,P000648,1,0,0,0,pass,148.35
RETL000002191,RTN00002191,SOL000142297,P000278,2,2,0,2,fail,191.62
RETL000002192,RTN00002192,SOL000339742,P000423,4,4,0,4,fail,217.72
RETL000002193,RTN00002193,SOL000048319,P000211,1,1,0,1,fail,52.56
RETL000002194,RTN00002194,SOL000195165,P000125,17,17,0,17,fail,891.2
RETL000002195,RTN00002195,SOL000333275,P000573,10,0,0,0,pass,637.79
RETL000002196,RTN00002196,SOL000301526,P000136,9,9,0,9,fail,3455.26
RETL000002197,RTN00002197,SOL000356032,P000305,2,2,0,2,fail,153.36
RETL000002198,RTN00002198,SOL000183966,P000254,11,11,0,11,fail,1395.2
RETL000002199,RTN00002199,SOL000167719,P000050,6,0,0,0,pass,995.2
RETL000002200,RTN00002200,SOL000186433,P000074,33,33,0,33,fail,2222.05
RETL000002201,RTN00002201,SOL000010763,P000399,1,1,1,0,pass,42.0
RETL000002202,RTN00002202,SOL000074095,P000524,53,53,14,39,fail,3021.48
RETL000002203,RTN00002203,SOL000059758,P000456,12,0,0,0,pass,3304.35
RETL000002204,RTN00002204,SOL000007707,P000301,5,0,0,0,pass,498.12
RETL000002205,RTN00002205,SOL000327198,P000527,39,39,20,19,fail,20844.31
RETL000002206,RTN00002206,SOL000125943,P000370,7,0,0,0,pass,1212.88
RETL000002207,RTN00002207,SOL000209735,P000151,1,0,0,0,pass,66.18
RETL000002208,RTN00002208,SOL000061641,P000206,13,13,0,13,fail,1993.58
RETL000002209,RTN00002209,SOL000249208,P000159,4,4,1,3,fail,133.7
RETL000002210,RTN00002210,SOL000211625,P000168,20,20,10,10,fail,5003.72
RETL000002211,RTN00002211,SOL000361852,P000233,4,4,0,4,fail,207.7
RETL000002212,RTN00002212,SOL000354187,P000580,1,1,0,1,fail,36.09
RETL000002213,RTN00002213,SOL000091036,P000573,2,2,0,2,fail,161.82
RETL000002214,RTN00002214,SOL000225506,P000624,1,0,0,0,pass,127.25
RETL000002215,RTN00002215,SOL000275770,P000153,10,10,0,10,fail,942.2
RETL000002216,RTN00002216,SOL000092815,P000036,4,4,3,1,fail,142.22
RETL000002217,RTN00002217,SOL000276674,P000592,6,0,0,0,pass,591.03
RETL000002218,RTN00002218,SOL000185973,P000085,22,22,6,16,fail,708.7
RETL000002219,RTN00002219,SOL000283121,P000367,9,9,0,9,fail,328.51
RETL000002220,RTN00002220,SOL000005874,P000004,12,12,0,12,fail,2669.39
RETL000002221,RTN00002221,SOL000313234,P000152,9,0,0,0,pass,359.89
RETL000002222,RTN00002222,SOL000092084,P000362,2,2,0,2,fail,213.77
RETL000002223,RTN00002223,SOL000040214,P000443,8,8,0,8,fail,871.83
RETL000002224,RTN00002224,SOL000247677,P000504,18,18,0,18,fail,2561.27
RETL000002225,RTN00002225,SOL000084311,P000142,6,0,0,0,pass,874.5
RETL000002226,RTN00002226,SOL000343988,P000546,13,13,0,13,fail,1391.25
RETL000002227,RTN00002227,SOL000067551,P000525,5,0,0,0,pass,328.7
RETL000002228,RTN00002228,SOL000302985,P000453,6,6,0,6,fail,1372.08
RETL000002229,RTN00002229,SOL000246227,P000641,11,0,0,0,pass,1058.53
RETL000002230,RTN00002230,SOL000097691,P000001,8,8,4,4,fail,2407.83
RETL000002231,RTN00002231,SOL000035228,P000435,5,5,0,5,fail,296.82
RETL000002232,RTN00002232,SOL000002729,P000260,6,0,0,0,pass,1044.53
RETL000002233,RTN00002233,SOL000012838,P000612,17,17,0,17,fail,8017.0
RETL000002234,RTN00002234,SOL000017950,P000141,8,0,0,0,pass,412.77
RETL000002235,RTN00002235,SOL000318909,P000457,9,9,0,9,fail,2008.86
RETL000002236,RTN00002236,SOL000064504,P000548,4,4,0,4,fail,263.76
RETL000002237,RTN00002237,SOL000068180,P000017,7,7,6,1,pass,332.92
RETL000002238,RTN00002238,SOL000214094,P000135,2,0,0,0,pass,315.81
RETL000002239,RTN00002239,SOL000149391,P000565,5,0,0,0,pass,1389.68
RETL000002240,RTN00002240,SOL000340416,P000350,50,50,0,50,fail,1245.43
RETL000002241,RTN00002241,SOL000006353,P000548,18,0,0,0,pass,1019.1
RETL000002242,RTN00002242,SOL000064697,P000431,22,0,0,0,pass,505.7
RETL000002243,RTN00002243,SOL000239012,P000569,16,16,5,11,fail,3254.03
RETL000002244,RTN00002244,SOL000032975,P000118,12,12,0,12,fail,469.54
RETL000002245,RTN00002245,SOL000021545,P000265,6,0,0,0,pass,1005.65
RETL000002246,RTN00002246,SOL000289210,P000460,7,7,0,7,fail,645.01
RETL000002247,RTN00002247,SOL000306351,P000121,10,10,0,10,fail,1679.72
RETL000002248,RTN00002248,SOL000306857,P000545,18,0,0,0,pass,1127.85
RETL000002249,RTN00002249,SOL000113863,P000583,2,2,1,1,fail,77.33
RETL000002250,RTN00002250,SOL000177558,P000475,4,4,0,4,fail,1450.03
RETL000002251,RTN00002251,SOL000088244,P000522,41,0,0,0,pass,4535.0
RETL000002252,RTN00002252,SOL000285126,P000118,22,22,18,4,pass,998.18
RETL000002253,RTN00002253,SOL000195973,P000191,1,1,0,1,fail,35.18
RETL000002254,RTN00002254,SOL000084377,P000242,27,27,0,27,fail,4144.92
RETL000002255,RTN00002255,SOL000119888,P000054,1,1,0,1,fail,91.38
RETL000002256,RTN00002256,SOL000302198,P000411,11,11,0,11,fail,281.51
RETL000002257,RTN00002257,SOL000226190,P000153,8,8,4,4,fail,694.23
RETL000002258,RTN00002258,SOL000305555,P000319,11,11,0,11,fail,429.36
RETL000002259,RTN00002259,SOL000000077,P000240,9,9,7,2,fail,1187.88
RETL000002260,RTN00002260,SOL000022593,P000324,2,2,1,1,fail,132.01
RETL000002261,RTN00002261,SOL000093591,P000407,9,9,0,9,fail,896.24
RETL000002262,RTN00002262,SOL000039780,P000643,40,40,0,40,fail,1396.8
RETL000002263,RTN00002263,SOL000130223,P000376,3,0,0,0,pass,36.73
RETL000002264,RTN00002264,SOL000346173,P000401,5,0,0,0,pass,480.45
RETL000002265,RTN00002265,SOL000094636,P000030,8,0,0,0,pass,275.94
RETL000002266,RTN00002266,SOL000100770,P000227,4,4,3,1,fail,218.4
RETL000002267,RTN00002267,SOL000289585,P000235,1,1,0,1,fail,280.89
RETL000002268,RTN00002268,SOL000227388,P000237,1,0,0,0,pass,191.21
RETL000002269,RTN00002269,SOL000243508,P000410,25,0,0,0,pass,1623.15
RETL000002270,RTN00002270,SOL000256993,P000434,16,0,0,0,pass,4459.95
RETL000002271,RTN00002271,SOL000142058,P000085,45,45,0,45,fail,1749.43
RETL000002272,RTN00002272,SOL000326923,P000197,9,9,7,2,fail,1773.95
RETL000002273,RTN00002273,SOL000165422,P000448,10,0,0,0,pass,741.44
RETL000002274,RTN00002274,SOL000090004,P000216,11,11,0,11,fail,1290.58
RETL000002275,RTN00002275,SOL000367070,P000009,14,14,0,14,fail,2574.67
RETL000002276,RTN00002276,SOL000275666,P000644,36,36,0,36,fail,4021.43
RETL000002277,RTN00002277,SOL000082882,P000614,2,2,0,2,fail,422.52
RETL000002278,RTN00002278,SOL000052184,P000224,1,1,1,0,pass,930.27
RETL000002279,RTN00002279,SOL000246684,P000058,13,13,0,13,fail,4181.33
RETL000002280,RTN00002280,SOL000168964,P000492,4,4,0,4,fail,253.66
RETL000002281,RTN00002281,SOL000300816,P000537,5,5,0,5,fail,349.06
RETL000002282,RTN00002282,SOL000183169,P000097,32,32,0,32,fail,2984.67
RETL000002283,RTN00002283,SOL000250562,P000607,24,24,0,24,fail,1955.39
RETL000002284,RTN00002284,SOL000234007,P000632,11,11,0,11,fail,3491.21
RETL000002285,RTN00002285,SOL000317916,P000448,14,14,0,14,fail,1037.57
RETL000002286,RTN00002286,SOL000094763,P000564,10,0,0,0,pass,1149.62
RETL000002287,RTN00002287,SOL000130593,P000097,6,6,0,6,fail,701.69
RETL000002288,RTN00002288,SOL000129207,P000318,1,1,0,1,fail,58.46
RETL000002289,RTN00002289,SOL000214126,P000027,14,14,0,14,fail,1688.91
RETL000002290,RTN00002290,SOL000239112,P000065,1,1,0,1,fail,41.41
RETL000002291,RTN00002291,SOL000050144,P000068,1,1,0,1,fail,93.2
RETL000002292,RTN00002292,SOL000117907,P000312,41,41,24,17,fail,4609.05
RETL000002293,RTN00002293,SOL000086926,P000467,9,9,5,4,fail,556.17
RETL000002294,RTN00002294,SOL000265765,P000220,9,9,7,2,fail,2551.0
RETL000002295,RTN00002295,SOL000231829,P000314,6,6,0,6,fail,397.7
RETL000002296,RTN00002296,SOL000289746,P000368,6,6,0,6,fail,610.5
RETL000002297,RTN00002297,SOL000289798,P000345,3,3,0,3,fail,514.9
RETL000002298,RTN00002298,SOL000232746,P000393,14,14,0,14,fail,3799.26
RETL000002299,RTN00002299,SOL000318723,P000219,4,4,0,4,fail,716.48
RETL000002300,RTN00002300,SOL000352683,P000423,4,4,0,4,fail,275.23
RETL000002301,RTN00002301,SOL000121061,P000405,24,24,6,18,fail,1377.37
RETL000002302,RTN00002302,SOL000154128,P000520,12,12,3,9,fail,2348.36
RETL000002303,RTN00002303,SOL000300906,P000184,5,5,4,1,pass,547.62
RETL000002304,RTN00002304,SOL000008023,P000460,7,7,3,4,fail,711.79
RETL000002305,RTN00002305,SOL000052772,P000032,18,0,0,0,pass,791.11
RETL000002306,RTN00002306,SOL000301558,P000532,8,8,4,4,fail,670.52
RETL000002307,RTN00002307,SOL000010786,P000054,2,2,0,2,fail,144.68
RETL000002308,RTN00002308,SOL000124238,P000549,10,0,0,0,pass,787.11
RETL000002309,RTN00002309,SOL000078734,P000524,12,12,0,12,fail,633.51
RETL000002310,RTN00002310,SOL000320817,P000405,3,3,0,3,fail,138.38
RETL000002311,RTN00002311,SOL000245759,P000108,18,18,11,7,fail,638.73
RETL000002312,RTN00002312,SOL000206013,P000215,1,1,0,1,fail,26.18
RETL000002313,RTN00002313,SOL000196686,P000474,9,9,0,9,fail,708.84
RETL000002314,RTN00002314,SOL000255939,P000171,6,0,0,0,pass,1087.62
RETL000002315,RTN00002315,SOL000353715,P000170,2,2,0,2,fail,173.66
RETL000002316,RTN00002316,SOL000019491,P000150,9,9,0,9,fail,784.68
RETL000002317,RTN00002317,SOL000275841,P000587,2,2,0,2,fail,428.86
RETL000002318,RTN00002318,SOL000229915,P000284,2,2,1,1,fail,30.73
RETL000002319,RTN00002319,SOL000084792,P000096,3,3,0,3,fail,263.08
RETL000002320,RTN00002320,SOL000101297,P000502,9,9,3,6,fail,1527.63
RETL000002321,RTN00002321,SOL000224321,P000019,24,24,11,13,fail,8770.89
RETL000002322,RTN00002322,SOL000090570,P000177,1,0,0,0,pass,67.81
RETL000002323,RTN00002323,SOL000038402,P000640,29,29,0,29,fail,1359.25
RETL000002324,RTN00002324,SOL000367189,P000435,14,14,0,14,fail,975.81
RETL000002325,RTN00002325,SOL000269146,P000040,18,18,5,13,fail,2532.35
RETL000002326,RTN00002326,SOL000001021,P000578,19,19,11,8,fail,1501.28
RETL000002327,RTN00002327,SOL000342178,P000366,10,0,0,0,pass,606.34
RETL000002328,RTN00002328,SOL000303780,P000594,1,1,0,1,fail,67.23
RETL000002329,RTN00002329,SOL000291227,P000070,2,0,0,0,pass,164.45
RETL000002330,RTN00002330,SOL000334869,P000595,3,3,0,3,fail,125.71
RETL000002331,RTN00002331,SOL000060951,P000315,4,4,0,4,fail,485.18
RETL000002332,RTN00002332,SOL000152690,P000376,37,37,0,37,fail,438.33
RETL000002333,RTN00002333,SOL000182513,P000388,2,2,0,2,fail,152.85
RETL000002334,RTN00002334,SOL000304348,P000256,21,21,18,3,pass,810.93
RETL000002335,RTN00002335,SOL000294329,P000355,8,8,7,1,pass,344.49
RETL000002336,RTN00002336,SOL000215176,P000233,1,1,0,1,fail,58.89
RETL000002337,RTN00002337,SOL000232569,P000381,15,15,0,15,fail,1961.55
RETL000002338,RTN00002338,SOL000170333,P000084,8,8,0,8,fail,870.79
RETL000002339,RTN00002339,SOL000112233,P000173,2,2,0,2,fail,427.93
RETL000002340,RTN00002340,SOL000211630,P000160,3,3,0,3,fail,339.15
RETL000002341,RTN00002341,SOL000259964,P000060,31,31,0,31,fail,1604.8
RETL000002342,RTN00002342,SOL000001359,P000052,10,10,0,10,fail,801.82
RETL000002343,RTN00002343,SOL000111329,P000536,17,0,0,0,pass,2367.84
RETL000002344,RTN00002344,SOL000337612,P000366,1,1,0,1,fail,92.0
RETL000002345,RTN00002345,SOL000038814,P000479,6,6,4,2,fail,645.8
RETL000002346,RTN00002346,SOL000130742,P000280,6,0,0,0,pass,347.32
RETL000002347,RTN00002347,SOL000163864,P000152,3,3,2,1,fail,124.1
RETL000002348,RTN00002348,SOL000256778,P000461,37,37,18,19,fail,4936.04
RETL000002349,RTN00002349,SOL000192819,P000631,4,4,1,3,fail,359.64
RETL000002350,RTN00002350,SOL000050054,P000244,22,22,9,13,fail,623.84
RETL000002351,RTN00002351,SOL000182356,P000023,10,0,0,0,pass,642.09
RETL000002352,RTN00002352,SOL000237168,P000284,18,18,6,12,fail,199.6
RETL000002353,RTN00002353,SOL000116185,P000415,2,2,1,1,fail,119.15
RETL000002354,RTN00002354,SOL000183116,P000630,6,6,0,6,fail,1246.76
RETL000002355,RTN00002355,SOL000319262,P000087,7,7,0,7,fail,230.76
RETL000002356,RTN00002356,SOL000061492,P000476,3,3,0,3,fail,944.05
RETL000002357,RTN00002357,SOL000300724,P000122,10,10,0,10,fail,1542.71
RETL000002358,RTN00002358,SOL000350683,P000556,8,0,0,0,pass,497.5
RETL000002359,RTN00002359,SOL000091932,P000612,8,0,0,0,pass,4002.08
RETL000002360,RTN00002360,SOL000336582,P000209,47,0,0,0,pass,7744.91
RETL000002361,RTN00002361,SOL000260158,P000563,41,41,0,41,fail,5864.05
RETL000002362,RTN00002362,SOL000024374,P000407,18,0,0,0,pass,1412.96
RETL000002363,RTN00002363,SOL000066289,P000532,59,59,49,10,pass,4205.44
RETL000002364,RTN00002364,SOL000311082,P000485,8,8,0,8,fail,361.18
RETL000002365,RTN00002365,SOL000167598,P000205,1,1,0,1,fail,90.72
RETL000002366,RTN00002366,SOL000201453,P000539,19,19,13,6,fail,2061.07
RETL000002367,RTN00002367,SOL000177889,P000133,2,0,0,0,pass,170.35
RETL000002368,RTN00002368,SOL000204385,P000017,7,7,0,7,fail,234.59
RETL000002369,RTN00002369,SOL000266347,P000001,12,12,0,12,fail,2959.91
RETL000002370,RTN00002370,SOL000312797,P000566,14,14,5,9,fail,2541.85
RETL000002371,RTN00002371,SOL000093048,P000368,5,5,0,5,fail,489.88
RETL000002372,RTN00002372,SOL000294414,P000054,6,6,0,6,fail,509.15
RETL000002373,RTN00002373,SOL000348716,P000623,26,0,0,0,pass,3659.58
RETL000002374,RTN00002374,SOL000182813,P000516,3,3,0,3,fail,271.39
RETL000002375,RTN00002375,SOL000317512,P000262,3,3,0,3,fail,292.4
RETL000002376,RTN00002376,SOL000240376,P000135,2,2,0,2,fail,229.64
RETL000002377,RTN00002377,SOL000265860,P000146,1,0,0,0,pass,71.08
RETL000002378,RTN00002378,SOL000239046,P000450,5,5,0,5,fail,271.19
RETL000002379,RTN00002379,SOL000158530,P000375,3,3,2,1,fail,2038.33
RETL000002380,RTN00002380,SOL000298773,P000599,55,55,0,55,fail,3365.34
RETL000002381,RTN00002381,SOL000017917,P000454,5,0,0,0,pass,214.26
RETL000002382,RTN00002382,SOL000043546,P000161,5,5,4,1,pass,439.25
RETL000002383,RTN00002383,SOL000168938,P000200,5,5,0,5,fail,265.6
RETL000002384,RTN00002384,SOL000144947,P000610,12,12,0,12,fail,387.71
RETL000002385,RTN00002385,SOL000367527,P000336,8,8,0,8,fail,1390.27
RETL000002386,RTN00002386,SOL000249577,P000501,8,0,0,0,pass,3393.12
RETL000002387,RTN00002387,SOL000264160,P000435,34,34,0,34,fail,2458.77
RETL000002388,RTN00002388,SOL000119985,P000074,2,2,0,2,fail,140.12
RETL000002389,RTN00002389,SOL000010789,P000080,7,7,2,5,fail,786.76
RETL000002390,RTN00002390,SOL000072596,P000552,30,30,0,30,fail,15527.79
RETL000002391,RTN00002391,SOL000265277,P000562,39,39,0,39,fail,3039.13
RETL000002392,RTN00002392,SOL000278559,P000407,13,13,0,13,fail,1471.32
RETL000002393,RTN00002393,SOL000185387,P000091,2,2,0,2,fail,83.05
RETL000002394,RTN00002394,SOL000325144,P000650,6,6,0,6,fail,649.18
RETL000002395,RTN00002395,SOL000253207,P000178,5,5,0,5,fail,358.79
RETL000002396,RTN00002396,SOL000332131,P000436,34,34,21,13,fail,2745.33
RETL000002397,RTN00002397,SOL000203401,P000467,9,9,0,9,fail,373.52
RETL000002398,RTN00002398,SOL000316560,P000197,22,22,0,22,fail,3293.37
RETL000002399,RTN00002399,SOL000365551,P000436,1,1,1,0,pass,68.6
RETL000002400,RTN00002400,SOL000027887,P000160,2,2,0,2,fail,296.08
RETL000002401,RTN00002401,SOL000005747,P000046,7,7,0,7,fail,364.11
RETL000002402,RTN00002402,SOL000156764,P000445,5,5,0,5,fail,805.16
RETL000002403,RTN00002403,SOL000055927,P000296,28,28,19,9,fail,3635.31
RETL000002404,RTN00002404,SOL000115429,P000202,37,37,0,37,fail,7660.6
RETL000002405,RTN00002405,SOL000364782,P000245,24,24,0,24,fail,3884.43
RETL000002406,RTN00002406,SOL000128924,P000438,2,2,1,1,fail,120.01
RETL000002407,RTN00002407,SOL000262691,P000238,5,0,0,0,pass,935.11
RETL000002408,RTN00002408,SOL000104252,P000455,4,4,0,4,fail,512.45
RETL000002409,RTN00002409,SOL000068144,P000234,5,0,0,0,pass,839.86
RETL000002410,RTN00002410,SOL000135342,P000518,11,11,0,11,fail,424.31
RETL000002411,RTN00002411,SOL000041930,P000449,6,0,0,0,pass,1132.5
RETL000002412,RTN00002412,SOL000224363,P000343,29,29,0,29,fail,1317.66
RETL000002413,RTN00002413,SOL000346896,P000097,5,5,0,5,fail,535.89
RETL000002414,RTN00002414,SOL000116327,P000358,9,9,5,4,fail,3569.19
RETL000002415,RTN00002415,SOL000331428,P000557,11,11,0,11,fail,2751.07
RETL000002416,RTN00002416,SOL000340727,P000476,33,33,11,22,fail,9483.12
RETL000002417,RTN00002417,SOL000171766,P000349,21,21,0,21,fail,1398.15
RETL000002418,RTN00002418,SOL000088759,P000152,6,6,0,6,fail,251.95
RETL000002419,RTN00002419,SOL000114016,P000566,5,5,0,5,fail,946.45
RETL000002420,RTN00002420,SOL000223118,P000177,14,14,7,7,fail,818.87
RETL000002421,RTN00002421,SOL000123290,P000369,18,18,0,18,fail,716.58
RETL000002422,RTN00002422,SOL000283084,P000018,3,3,0,3,fail,768.6
RETL000002423,RTN00002423,SOL000344140,P000323,3,3,0,3,fail,185.32
RETL000002424,RTN00002424,SOL000078332,P000273,4,4,0,4,fail,463.82
RETL000002425,RTN00002425,SOL000210759,P000629,3,3,0,3,fail,91.23
RETL000002426,RTN00002426,SOL000246963,P000136,5,5,0,5,fail,1347.88
RETL000002427,RTN00002427,SOL000222481,P000174,4,0,0,0,pass,1219.53
RETL000002428,RTN00002428,SOL000033624,P000463,7,7,0,7,fail,1804.89
RETL000002429,RTN00002429,SOL000227302,P000529,1,1,0,1,fail,90.91
RETL000002430,RTN00002430,SOL000013395,P000519,3,0,0,0,pass,419.81
RETL000002431,RTN00002431,SOL000356966,P000305,14,0,0,0,pass,1073.3
RETL000002432,RTN00002432,SOL000238050,P000441,10,10,0,10,fail,421.55
RETL000002433,RTN00002433,SOL000312548,P000464,3,3,1,2,fail,431.96
RETL000002434,RTN00002434,SOL000200036,P000182,16,16,0,16,fail,1223.43
RETL000002435,RTN00002435,SOL000276108,P000484,1,1,1,0,pass,40.83
RETL000002436,RTN00002436,SOL000050978,P000492,7,0,0,0,pass,399.36
RETL000002437,RTN00002437,SOL000328946,P000483,4,4,0,4,fail,1493.99
RETL000002438,RTN00002438,SOL000154232,P000029,7,7,3,4,fail,1380.26
RETL000002439,RTN00002439,SOL000047633,P000008,8,8,0,8,fail,410.3
RETL000002440,RTN00002440,SOL000070600,P000392,4,4,0,4,fail,240.99
RETL000002441,RTN00002441,SOL000146626,P000047,18,18,0,18,fail,1039.48
RETL000002442,RTN00002442,SOL000051002,P000505,17,0,0,0,pass,388.2
RETL000002443,RTN00002443,SOL000132755,P000640,5,5,0,5,fail,295.7
RETL000002444,RTN00002444,SOL000101805,P000432,4,4,3,1,fail,322.39
RETL000002445,RTN00002445,SOL000096687,P000424,11,11,0,11,fail,260.58
RETL000002446,RTN00002446,SOL000242916,P000315,2,2,0,2,fail,272.39
RETL000002447,RTN00002447,SOL000071862,P000508,8,8,5,3,fail,408.78
RETL000002448,RTN00002448,SOL000283736,P000641,5,5,0,5,fail,449.79
RETL000002449,RTN00002449,SOL000188056,P000201,4,4,0,4,fail,176.32
RETL000002450,RTN00002450,SOL000049716,P000510,40,40,0,40,fail,1066.5
RETL000002451,RTN00002451,SOL000352543,P000115,5,0,0,0,pass,140.67
RETL000002452,RTN00002452,SOL000169022,P000530,1,1,0,1,fail,30.94
RETL000002453,RTN00002453,SOL000097774,P000354,3,3,0,3,fail,308.05
RETL000002454,RTN00002454,SOL000105428,P000606,1,1,0,1,fail,305.77
RETL000002455,RTN00002455,SOL000069029,P000542,3,3,0,3,fail,788.26
RETL000002456,RTN00002456,SOL000049525,P000606,11,0,0,0,pass,2848.36
RETL000002457,RTN00002457,SOL000159185,P000294,6,6,0,6,fail,2281.11
RETL000002458,RTN00002458,SOL000366676,P000112,3,3,0,3,fail,641.59
RETL000002459,RTN00002459,SOL000340001,P000191,2,0,0,0,pass,75.98
RETL000002460,RTN00002460,SOL000009527,P000597,19,19,15,4,fail,2596.94
RETL000002461,RTN00002461,SOL000367164,P000094,20,0,0,0,pass,992.63
RETL000002462,RTN00002462,SOL000088561,P000261,1,1,0,1,fail,25.16
RETL000002463,RTN00002463,SOL000166492,P000054,12,12,0,12,fail,1159.21
RETL000002464,RTN00002464,SOL000197831,P000142,1,1,0,1,fail,106.48
RETL000002465,RTN00002465,SOL000158758,P000100,27,27,0,27,fail,2103.67
RETL000002466,RTN00002466,SOL000085088,P000255,19,19,0,19,fail,3299.52
RETL000002467,RTN00002467,SOL000064193,P000148,1,1,1,0,pass,114.7
RETL000002468,RTN00002468,SOL000002637,P000110,23,23,17,6,fail,543.3
RETL000002469,RTN00002469,SOL000168659,P000419,13,13,0,13,fail,923.17
RETL000002470,RTN00002470,SOL000028783,P000072,1,0,0,0,pass,63.05
RETL000002471,RTN00002471,SOL000058510,P000430,9,9,6,3,fail,541.44
RETL000002472,RTN00002472,SOL000194350,P000240,30,30,0,30,fail,3870.38
RETL000002473,RTN00002473,SOL000036082,P000436,3,3,1,2,fail,234.8
RETL000002474,RTN00002474,SOL000094106,P000250,3,3,2,1,fail,249.2
RETL000002475,RTN00002475,SOL000323945,P000487,7,7,0,7,fail,637.59
RETL000002476,RTN00002476,SOL000367521,P000207,1,1,1,0,pass,47.56
RETL000002477,RTN00002477,SOL000311579,P000539,15,15,0,15,fail,1611.6
RETL000002478,RTN00002478,SOL000259255,P000291,4,4,0,4,fail,760.82
RETL000002479,RTN00002479,SOL000320117,P000348,42,42,0,42,fail,2373.51
RETL000002480,RTN00002480,SOL000168679,P000644,7,0,0,0,pass,991.94
RETL000002481,RTN00002481,SOL000253025,P000419,5,5,4,1,pass,489.64
RETL000002482,RTN00002482,SOL000114637,P000348,9,9,0,9,fail,398.61
RETL000002483,RTN00002483,SOL000203458,P000191,3,3,1,2,fail,97.73
RETL000002484,RTN00002484,SOL000194466,P000618,10,10,7,3,fail,901.0
RETL000002485,RTN00002485,SOL000366660,P000574,8,8,4,4,fail,983.31
RETL000002486,RTN00002486,SOL000129448,P000036,11,11,5,6,fail,446.85
RETL000002487,RTN00002487,SOL000198392,P000558,5,0,0,0,pass,289.83
RETL000002488,RTN00002488,SOL000257793,P000136,7,7,3,4,fail,2201.69
RETL000002489,RTN00002489,SOL000021619,P000646,11,11,4,7,fail,1782.17
RETL000002490,RTN00002490,SOL000269929,P000614,24,24,0,24,fail,4790.57
RETL000002491,RTN00002491,SOL000059342,P000262,13,13,8,5,fail,1315.35
RETL000002492,RTN00002492,SOL000347640,P000146,6,0,0,0,pass,461.61
RETL000002493,RTN00002493,SOL000278404,P000461,10,10,6,4,fail,1593.86
RETL000002494,RTN00002494,SOL000180429,P000259,2,2,1,1,fail,478.58
RETL000002495,RTN00002495,SOL000019268,P000245,2,2,1,1,fail,366.56
RETL000002496,RTN00002496,SOL000102436,P000196,5,5,0,5,fail,175.18
RETL000002497,RTN00002497,SOL000105594,P000471,8,8,0,8,fail,401.05
RETL000002498,RTN00002498,SOL000017127,P000050,18,18,0,18,fail,2135.78
RETL000002499,RTN00002499,SOL000168694,P000135,7,7,5,2,fail,923.46
RETL000002500,RTN00002500,SOL000157773,P000504,10,10,5,5,fail,1566.31
RETL000002501,RTN00002501,SOL000116363,P000008,8,0,0,0,pass,395.65
RETL000002502,RTN00002502,SOL000341570,P000450,18,0,0,0,pass,923.11
RETL000002503,RTN00002503,SOL000231373,P000010,2,0,0,0,pass,127.82
RETL000002504,RTN00002504,SOL000259560,P000544,9,9,0,9,fail,371.28
RETL000002505,RTN00002505,SOL000003380,P000296,24,24,0,24,fail,2487.64
RETL000002506,RTN00002506,SOL000295745,P000395,1,1,0,1,fail,634.92
RETL000002507,RTN00002507,SOL000223383,P000453,9,9,0,9,fail,2080.88
RETL000002508,RTN00002508,SOL000218823,P000442,11,11,3,8,fail,5775.86
RETL000002509,RTN00002509,SOL000119340,P000432,1,1,0,1,fail,69.63
RETL000002510,RTN00002510,SOL000157711,P000120,22,0,0,0,pass,1628.55
RETL000002511,RTN00002511,SOL000114939,P000357,8,8,6,2,fail,513.93
RETL000002512,RTN00002512,SOL000122355,P000282,1,1,0,1,fail,109.75
RETL000002513,RTN00002513,SOL000231395,P000452,3,3,1,2,fail,209.57
RETL000002514,RTN00002514,SOL000228410,P000175,7,7,0,7,fail,726.13
RETL000002515,RTN00002515,SOL000343029,P000002,7,0,0,0,pass,722.52
RETL000002516,RTN00002516,SOL000099917,P000080,16,16,0,16,fail,1664.86
RETL000002517,RTN00002517,SOL000334336,P000627,11,11,5,6,fail,359.86
RETL000002518,RTN00002518,SOL000220100,P000246,9,0,0,0,pass,4095.4
RETL000002519,RTN00002519,SOL000137037,P000150,3,0,0,0,pass,236.93
RETL000002520,RTN00002520,SOL000275140,P000158,7,7,0,7,fail,307.7
RETL000002521,RTN00002521,SOL000025069,P000021,4,4,0,4,fail,424.1
RETL000002522,RTN00002522,SOL000240385,P000352,10,10,7,3,fail,4769.66
RETL000002523,RTN00002523,SOL000292985,P000445,1,1,1,0,pass,190.42
RETL000002524,RTN00002524,SOL000218585,P000430,8,8,5,3,fail,464.4
RETL000002525,RTN00002525,SOL000153155,P000100,6,6,2,4,fail,499.07
RETL000002526,RTN00002526,SOL000158024,P000364,15,15,0,15,fail,725.12
RETL000002527,RTN00002527,SOL000148072,P000233,16,16,7,9,fail,839.38
RETL000002528,RTN00002528,SOL000083790,P000275,16,16,0,16,fail,1409.96
RETL000002529,RTN00002529,SOL000099011,P000525,10,0,0,0,pass,584.8
RETL000002530,RTN00002530,SOL000142079,P000522,9,9,7,2,fail,870.0
RETL000002531,RTN00002531,SOL000042858,P000008,4,0,0,0,pass,172.09
RETL000002532,RTN00002532,SOL000198108,P000233,2,2,0,2,fail,102.98
RETL000002533,RTN00002533,SOL000020116,P000130,38,38,0,38,fail,5051.85
RETL000002534,RTN00002534,SOL000079735,P000096,34,34,0,34,fail,2257.16
RETL000002535,RTN00002535,SOL000063913,P000262,14,14,0,14,fail,1421.67
RETL000002536,RTN00002536,SOL000268654,P000618,6,6,5,1,pass,667.28
RETL000002537,RTN00002537,SOL000283446,P000558,1,0,0,0,pass,51.16
RETL000002538,RTN00002538,SOL000264404,P000174,9,9,0,9,fail,2605.31
RETL000002539,RTN00002539,SOL000210765,P000231,9,0,0,0,pass,1312.83
RETL000002540,RTN00002540,SOL000269727,P000470,34,34,0,34,fail,3313.57
RETL000002541,RTN00002541,SOL000281211,P000306,32,32,0,32,fail,7660.15
RETL000002542,RTN00002542,SOL000094730,P000367,8,8,3,5,fail,271.0
RETL000002543,RTN00002543,SOL000127152,P000262,16,0,0,0,pass,1383.67
RETL000002544,RTN00002544,SOL000055673,P000205,22,22,0,22,fail,2035.32
RETL000002545,RTN00002545,SOL000342267,P000129,4,4,2,2,fail,121.34
RETL000002546,RTN00002546,SOL000219954,P000269,5,5,4,1,pass,615.86
RETL000002547,RTN00002547,SOL000020807,P000151,4,4,3,1,fail,263.45
RETL000002548,RTN00002548,SOL000192629,P000394,8,8,6,2,fail,595.17
RETL000002549,RTN00002549,SOL000137697,P000412,10,10,0,10,fail,486.02
RETL000002550,RTN00002550,SOL000082793,P000371,5,5,0,5,fail,608.86
RETL000002551,RTN00002551,SOL000344578,P000182,3,3,0,3,fail,226.72
RETL000002552,RTN00002552,SOL000344389,P000270,3,0,0,0,pass,230.11
RETL000002553,RTN00002553,SOL000318825,P000356,3,0,0,0,pass,408.85
RETL000002554,RTN00002554,SOL000179790,P000496,5,5,4,1,pass,297.22
RETL000002555,RTN00002555,SOL000163354,P000510,9,9,4,5,fail,291.95
RETL000002556,RTN00002556,SOL000233202,P000622,8,8,0,8,fail,1617.06
RETL000002557,RTN00002557,SOL000364038,P000397,1,1,0,1,fail,129.54
RETL000002558,RTN00002558,SOL000133220,P000303,18,18,0,18,fail,4233.85
RETL000002559,RTN00002559,SOL000036893,P000197,9,9,0,9,fail,1559.53
RETL000002560,RTN00002560,SOL000231726,P000476,5,0,0,0,pass,1577.78
RETL000002561,RTN00002561,SOL000306383,P000205,3,3,0,3,fail,212.3
RETL000002562,RTN00002562,SOL000238861,P000191,6,6,2,4,fail,204.22
RETL000002563,RTN00002563,SOL000020638,P000646,2,0,0,0,pass,346.98
RETL000002564,RTN00002564,SOL000093385,P000638,9,9,0,9,fail,246.22
RETL000002565,RTN00002565,SOL000314016,P000392,5,5,1,4,fail,267.59
RETL000002566,RTN00002566,SOL000135476,P000331,2,2,0,2,fail,613.89
RETL000002567,RTN00002567,SOL000018965,P000464,6,6,0,6,fail,867.55
RETL000002568,RTN00002568,SOL000308838,P000060,11,11,6,5,fail,513.38
RETL000002569,RTN00002569,SOL000341533,P000153,13,0,0,0,pass,960.67
RETL000002570,RTN00002570,SOL000081032,P000445,7,7,0,7,fail,1193.99
RETL000002571,RTN00002571,SOL000346627,P000076,19,19,14,5,fail,4077.79
RETL000002572,RTN00002572,SOL000126659,P000646,12,12,0,12,fail,2067.6
RETL000002573,RTN00002573,SOL000087290,P000510,2,2,1,1,fail,66.58
RETL000002574,RTN00002574,SOL000098660,P000216,1,1,0,1,fail,131.99
RETL000002575,RTN00002575,SOL000290535,P000584,2,2,0,2,fail,204.16
RETL000002576,RTN00002576,SOL000294622,P000375,7,7,0,7,fail,4390.53
RETL000002577,RTN00002577,SOL000019159,P000151,3,3,2,1,fail,184.87
RETL000002578,RTN00002578,SOL000136263,P000487,6,6,0,6,fail,409.61
RETL000002579,RTN00002579,SOL000145461,P000175,2,2,0,2,fail,168.5
RETL000002580,RTN00002580,SOL000161202,P000273,10,10,5,5,fail,1253.67
RETL000002581,RTN00002581,SOL000203842,P000196,7,7,0,7,fail,194.1
RETL000002582,RTN00002582,SOL000257775,P000524,3,0,0,0,pass,183.61
RETL000002583,RTN00002583,SOL000129964,P000452,8,8,2,6,fail,545.39
RETL000002584,RTN00002584,SOL000095848,P000161,4,4,1,3,fail,318.72
RETL000002585,RTN00002585,SOL000162721,P000292,4,4,0,4,fail,2667.16
RETL000002586,RTN00002586,SOL000353471,P000519,6,6,2,4,fail,670.3
RETL000002587,RTN00002587,SOL000362575,P000223,4,4,0,4,fail,1391.65
RETL000002588,RTN00002588,SOL000183622,P000049,31,31,0,31,fail,6480.96
RETL000002589,RTN00002589,SOL000209224,P000202,14,14,0,14,fail,3192.89
RETL000002590,RTN00002590,SOL000360390,P000159,6,6,3,3,fail,227.19
RETL000002591,RTN00002591,SOL000052119,P000443,1,1,0,1,fail,82.49
RETL000002592,RTN00002592,SOL000355484,P000388,12,12,0,12,fail,676.78
RETL000002593,RTN00002593,SOL000121923,P000314,14,0,0,0,pass,880.96
RETL000002594,RTN00002594,SOL000298857,P000513,5,0,0,0,pass,435.77
RETL000002595,RTN00002595,SOL000027854,P000345,5,5,0,5,fail,847.04
RETL000002596,RTN00002596,SOL000365289,P000276,18,18,13,5,fail,739.29
RETL000002597,RTN00002597,SOL000139802,P000129,9,0,0,0,pass,250.24
RETL000002598,RTN00002598,SOL000328300,P000292,1,1,0,1,fail,615.03
RETL000002599,RTN00002599,SOL000330761,P000383,7,0,0,0,pass,1344.12
RETL000002600,RTN00002600,SOL000308555,P000437,11,11,0,11,fail,1526.46
RETL000002601,RTN00002601,SOL000086880,P000555,8,8,0,8,fail,1719.08
RETL000002602,RTN00002602,SOL000272035,P000442,6,6,0,6,fail,2481.9
RETL000002603,RTN00002603,SOL000204175,P000190,15,15,0,15,fail,923.29
RETL000002604,RTN00002604,SOL000290429,P000375,3,3,0,3,fail,1449.26
RETL000002605,RTN00002605,SOL000152120,P000019,9,9,4,5,fail,4313.16
RETL000002606,RTN00002606,SOL000267834,P000328,12,0,0,0,pass,1059.18
RETL000002607,RTN00002607,SOL000249602,P000453,11,11,0,11,fail,2268.48
RETL000002608,RTN00002608,SOL000163307,P000112,10,10,0,10,fail,3168.66
RETL000002609,RTN00002609,SOL000100387,P000113,8,8,7,1,pass,377.45
RETL000002610,RTN00002610,SOL000356685,P000350,31,31,0,31,fail,928.21
RETL000002611,RTN00002611,SOL000107551,P000003,2,2,0,2,fail,334.93
RETL000002612,RTN00002612,SOL000181098,P000168,7,7,3,4,fail,1670.33
RETL000002613,RTN00002613,SOL000153618,P000608,11,11,0,11,fail,548.26
RETL000002614,RTN00002614,SOL000250339,P000334,18,18,6,12,fail,1450.22
RETL000002615,RTN00002615,SOL000063120,P000216,6,6,0,6,fail,812.03
RETL000002616,RTN00002616,SOL000228199,P000640,3,3,2,1,fail,151.07
RETL000002617,RTN00002617,SOL000342102,P000045,14,14,0,14,fail,2908.84
RETL000002618,RTN00002618,SOL000254393,P000162,8,8,0,8,fail,305.2
RETL000002619,RTN00002619,SOL000084735,P000365,4,4,2,2,fail,145.96
RETL000002620,RTN00002620,SOL000168212,P000157,4,0,0,0,pass,490.68
RETL000002621,RTN00002621,SOL000194626,P000475,5,5,4,1,pass,1383.07
RETL000002622,RTN00002622,SOL000127786,P000267,1,1,0,1,fail,99.22
RETL000002623,RTN00002623,SOL000008859,P000140,22,22,17,5,fail,4701.17
RETL000002624,RTN00002624,SOL000068505,P000356,9,9,0,9,fail,1459.02
RETL000002625,RTN00002625,SOL000081216,P000633,4,0,0,0,pass,283.24
RETL000002626,RTN00002626,SOL000364086,P000062,8,8,0,8,fail,500.66
RETL000002627,RTN00002627,SOL000137823,P000112,7,7,0,7,fail,1891.71
RETL000002628,RTN00002628,SOL000311758,P000185,2,0,0,0,pass,214.31
RETL000002629,RTN00002629,SOL000353819,P000247,4,4,2,2,fail,305.18
RETL000002630,RTN00002630,SOL000251113,P000284,2,2,0,2,fail,26.55
RETL000002631,RTN00002631,SOL000314434,P000554,1,0,0,0,pass,168.53
RETL000002632,RTN00002632,SOL000190012,P000611,2,0,0,0,pass,163.42
RETL000002633,RTN00002633,SOL000019871,P000162,8,0,0,0,pass,357.03
RETL000002634,RTN00002634,SOL000182796,P000230,9,9,0,9,fail,386.43
RETL000002635,RTN00002635,SOL000198965,P000237,4,4,0,4,fail,786.05
RETL000002636,RTN00002636,SOL000023806,P000092,38,38,33,5,pass,4146.37
RETL000002637,RTN00002637,SOL000091862,P000372,12,12,5,7,fail,2346.65
RETL000002638,RTN00002638,SOL000159326,P000536,39,0,0,0,pass,5690.07
RETL000002639,RTN00002639,SOL000191257,P000615,6,6,5,1,pass,489.79
RETL000002640,RTN00002640,SOL000263692,P000446,2,2,1,1,fail,169.8
RETL000002641,RTN00002641,SOL000238658,P000602,5,5,3,2,fail,781.22
RETL000002642,RTN00002642,SOL000184828,P000051,10,10,0,10,fail,109.56
RETL000002643,RTN00002643,SOL000245813,P000215,5,5,0,5,fail,127.53
RETL000002644,RTN00002644,SOL000305457,P000360,4,4,0,4,fail,680.64
RETL000002645,RTN00002645,SOL000199579,P000391,16,16,8,8,fail,475.82
RETL000002646,RTN00002646,SOL000092009,P000078,9,9,8,1,pass,324.76
RETL000002647,RTN00002647,SOL000032587,P000396,2,2,1,1,fail,354.64
RETL000002648,RTN00002648,SOL000216572,P000098,7,7,0,7,fail,399.04
RETL000002649,RTN00002649,SOL000332856,P000137,9,9,0,9,fail,571.03
RETL000002650,RTN00002650,SOL000061785,P000620,3,3,0,3,fail,862.85
RETL000002651,RTN00002651,SOL000304780,P000620,3,3,1,2,fail,837.08
RETL000002652,RTN00002652,SOL000028763,P000462,6,6,0,6,fail,506.11
RETL000002653,RTN00002653,SOL000019972,P000105,1,1,0,1,fail,100.07
RETL000002654,RTN00002654,SOL000319997,P000164,4,4,2,2,fail,313.19
RETL000002655,RTN00002655,SOL000359074,P000422,8,8,0,8,fail,770.22
RETL000002656,RTN00002656,SOL000212380,P000267,1,1,0,1,fail,106.99
RETL000002657,RTN00002657,SOL000237715,P000499,27,0,0,0,pass,5245.66
RETL000002658,RTN00002658,SOL000223950,P000564,21,21,0,21,fail,1674.48
RETL000002659,RTN00002659,SOL000170621,P000521,4,0,0,0,pass,453.3
RETL000002660,RTN00002660,SOL000247049,P000394,16,0,0,0,pass,1341.56
RETL000002661,RTN00002661,SOL000088832,P000130,2,2,1,1,fail,208.43
RETL000002662,RTN00002662,SOL000275930,P000480,59,59,0,59,fail,5601.4
RETL000002663,RTN00002663,SOL000276417,P000215,4,4,2,2,fail,78.67
RETL000002664,RTN00002664,SOL000214953,P000199,6,6,0,6,fail,432.02
RETL000002665,RTN00002665,SOL000250896,P000153,17,17,15,2,pass,1447.41
RETL000002666,RTN00002666,SOL000021042,P000576,10,0,0,0,pass,1567.62
RETL000002667,RTN00002667,SOL000260681,P000586,5,5,0,5,fail,751.79
RETL000002668,RTN00002668,SOL000007897,P000096,15,15,13,2,pass,1285.84
RETL000002669,RTN00002669,SOL000005287,P000426,19,0,0,0,pass,2461.05
RETL000002670,RTN00002670,SOL000021879,P000321,1,0,0,0,pass,35.12
RETL000002671,RTN00002671,SOL000213630,P000421,15,0,0,0,pass,1085.42
RETL000002672,RTN00002672,SOL000084020,P000410,3,0,0,0,pass,249.59
RETL000002673,RTN00002673,SOL000067784,P000272,25,25,14,11,fail,1728.02
RETL000002674,RTN00002674,SOL000312105,P000050,1,0,0,0,pass,136.91
RETL000002675,RTN00002675,SOL000035594,P000539,2,2,0,2,fail,182.78
RETL000002676,RTN00002676,SOL000024308,P000634,1,1,0,1,fail,34.26
RETL000002677,RTN00002677,SOL000348253,P000564,3,0,0,0,pass,309.63
RETL000002678,RTN00002678,SOL000064077,P000480,4,4,1,3,fail,484.95
RETL000002679,RTN00002679,SOL000271597,P000013,9,9,0,9,fail,1558.0
RETL000002680,RTN00002680,SOL000324493,P000256,1,1,0,1,fail,48.26
RETL000002681,RTN00002681,SOL000216579,P000173,5,5,0,5,fail,798.89
RETL000002682,RTN00002682,SOL000126703,P000450,9,9,6,3,fail,330.95
RETL000002683,RTN00002683,SOL000361115,P000050,2,2,0,2,fail,222.51
RETL000002684,RTN00002684,SOL000231647,P000402,15,15,0,15,fail,2132.68
RETL000002685,RTN00002685,SOL000116837,P000389,22,0,0,0,pass,3615.77
RETL000002686,RTN00002686,SOL000167358,P000487,2,2,1,1,fail,147.48
RETL000002687,RTN00002687,SOL000015682,P000109,1,1,0,1,fail,49.35
RETL000002688,RTN00002688,SOL000100632,P000117,8,8,0,8,fail,1439.62
RETL000002689,RTN00002689,SOL000253407,P000109,3,3,0,3,fail,179.78
RETL000002690,RTN00002690,SOL000245878,P000267,2,0,0,0,pass,283.34
RETL000002691,RTN00002691,SOL000096078,P000603,21,0,0,0,pass,1320.25
RETL000002692,RTN00002692,SOL000131731,P000596,3,3,0,3,fail,563.99
RETL000002693,RTN00002693,SOL000047230,P000112,50,50,0,50,fail,10779.77
RETL000002694,RTN00002694,SOL000117633,P000309,36,36,20,16,fail,2342.73
RETL000002695,RTN00002695,SOL000049581,P000611,21,21,17,4,pass,2172.95
RETL000002696,RTN00002696,SOL000075389,P000028,11,11,0,11,fail,1989.02
RETL000002697,RTN00002697,SOL000096737,P000083,18,18,0,18,fail,2066.85
RETL000002698,RTN00002698,SOL000135872,P000484,1,1,0,1,fail,48.72
RETL000002699,RTN00002699,SOL000268615,P000150,6,6,2,4,fail,707.07
RETL000002700,RTN00002700,SOL000245905,P000520,22,0,0,0,pass,4884.18
RETL000002701,RTN00002701,SOL000198754,P000541,31,31,0,31,fail,10061.94
RETL000002702,RTN00002702,SOL000189107,P000157,7,0,0,0,pass,1233.99
RETL000002703,RTN00002703,SOL000222914,P000271,3,0,0,0,pass,151.91
RETL000002704,RTN00002704,SOL000066553,P000382,11,11,0,11,fail,177.55
RETL000002705,RTN00002705,SOL000281799,P000320,13,13,0,13,fail,1264.72
RETL000002706,RTN00002706,SOL000320886,P000573,47,47,36,11,fail,3737.13
RETL000002707,RTN00002707,SOL000085971,P000643,11,11,0,11,fail,330.71
RETL000002708,RTN00002708,SOL000156251,P000364,10,0,0,0,pass,612.07
RETL000002709,RTN00002709,SOL000292660,P000509,50,50,0,50,fail,4326.14
RETL000002710,RTN00002710,SOL000159305,P000434,11,11,0,11,fail,3522.22
RETL000002711,RTN00002711,SOL000073863,P000194,7,7,3,4,fail,1322.39
RETL000002712,RTN00002712,SOL000085910,P000211,4,0,0,0,pass,297.37
RETL000002713,RTN00002713,SOL000241574,P000401,45,45,0,45,fail,4368.74
RETL000002714,RTN00002714,SOL000151289,P000570,7,0,0,0,pass,2260.21
RETL000002715,RTN00002715,SOL000115330,P000137,19,19,0,19,fail,1046.64
RETL000002716,RTN00002716,SOL000317795,P000611,28,28,0,28,fail,2338.74
RETL000002717,RTN00002717,SOL000250176,P000468,4,4,0,4,fail,442.48
RETL000002718,RTN00002718,SOL000265923,P000064,8,8,0,8,fail,937.58
RETL000002719,RTN00002719,SOL000094408,P000176,10,10,0,10,fail,2750.6
RETL000002720,RTN00002720,SOL000268602,P000313,2,0,0,0,pass,120.15
RETL000002721,RTN00002721,SOL000004214,P000078,1,1,1,0,pass,26.77
RETL000002722,RTN00002722,SOL000063882,P000053,6,6,3,3,fail,495.95
RETL000002723,RTN00002723,SOL000180392,P000262,8,8,0,8,fail,888.57
RETL000002724,RTN00002724,SOL000221872,P000076,8,8,3,5,fail,1880.74
RETL000002725,RTN00002725,SOL000306897,P000038,7,7,3,4,fail,414.2
RETL000002726,RTN00002726,SOL000238456,P000238,35,35,9,26,fail,4633.53
RETL000002727,RTN00002727,SOL000292038,P000419,4,4,2,2,fail,402.71
RETL000002728,RTN00002728,SOL000008155,P000189,23,23,0,23,fail,776.31
RETL000002729,RTN00002729,SOL000209055,P000465,6,6,0,6,fail,694.51
RETL000002730,RTN00002730,SOL000304350,P000218,23,23,0,23,fail,4135.83
RETL000002731,RTN00002731,SOL000220220,P000353,2,2,0,2,fail,134.74
RETL000002732,RTN00002732,SOL000366343,P000301,5,5,4,1,pass,429.1
RETL000002733,RTN00002733,SOL000295573,P000258,5,5,0,5,fail,738.09
RETL000002734,RTN00002734,SOL000268872,P000402,9,9,0,9,fail,1462.21
RETL000002735,RTN00002735,SOL000187495,P000223,3,3,1,2,fail,917.99
RETL000002736,RTN00002736,SOL000119272,P000413,2,2,0,2,fail,194.35
RETL000002737,RTN00002737,SOL000085465,P000540,12,12,0,12,fail,751.94
RETL000002738,RTN00002738,SOL000296782,P000183,8,8,7,1,pass,2415.79
RETL000002739,RTN00002739,SOL000179437,P000080,10,10,9,1,pass,933.64
RETL000002740,RTN00002740,SOL000184203,P000211,2,2,0,2,fail,113.9
RETL000002741,RTN00002741,SOL000015980,P000609,17,17,11,6,fail,8012.07
RETL000002742,RTN00002742,SOL000056853,P000281,1,1,0,1,fail,109.08
RETL000002743,RTN00002743,SOL000081316,P000108,18,18,0,18,fail,661.45
RETL000002744,RTN00002744,SOL000338228,P000363,7,0,0,0,pass,590.09
RETL000002745,RTN00002745,SOL000253017,P000281,9,9,0,9,fail,1370.54
RETL000002746,RTN00002746,SOL000349202,P000487,3,3,3,0,pass,209.02
RETL000002747,RTN00002747,SOL000367471,P000057,37,37,0,37,fail,21397.77
RETL000002748,RTN00002748,SOL000111867,P000109,3,3,2,1,fail,157.82
RETL000002749,RTN00002749,SOL000253935,P000045,1,1,0,1,fail,198.75
RETL000002750,RTN00002750,SOL000270343,P000374,13,0,0,0,pass,1410.23
RETL000002751,RTN00002751,SOL000075942,P000023,15,0,0,0,pass,889.46
RETL000002752,RTN00002752,SOL000013363,P000211,5,5,3,2,fail,281.78
RETL000002753,RTN00002753,SOL000283397,P000494,11,11,0,11,fail,795.94
RETL000002754,RTN00002754,SOL000167171,P000337,7,7,3,4,fail,289.42
RETL000002755,RTN00002755,SOL000049930,P000107,80,0,0,0,pass,6524.28
RETL000002756,RTN00002756,SOL000088423,P000447,34,34,20,14,fail,7330.5
RETL000002757,RTN00002757,SOL000204484,P000164,8,8,7,1,pass,477.3
RETL000002758,RTN00002758,SOL000037900,P000139,10,10,7,3,fail,903.57
RETL000002759,RTN00002759,SOL000364172,P000452,13,13,0,13,fail,1126.98
RETL000002760,RTN00002760,SOL000112089,P000324,21,0,0,0,pass,1232.74
RETL000002761,RTN00002761,SOL000276087,P000349,1,0,0,0,pass,56.75
RETL000002762,RTN00002762,SOL000357859,P000277,3,3,0,3,fail,23.87
RETL000002763,RTN00002763,SOL000164975,P000249,2,2,1,1,fail,159.35
RETL000002764,RTN00002764,SOL000317717,P000154,8,0,0,0,pass,631.2
RETL000002765,RTN00002765,SOL000122807,P000486,16,16,14,2,pass,1351.11
RETL000002766,RTN00002766,SOL000063014,P000079,27,27,0,27,fail,820.77
RETL000002767,RTN00002767,SOL000148816,P000256,3,3,0,3,fail,121.17
RETL000002768,RTN00002768,SOL000347524,P000152,79,0,0,0,pass,3796.8
RETL000002769,RTN00002769,SOL000187431,P000405,2,2,1,1,fail,120.31
RETL000002770,RTN00002770,SOL000225401,P000370,11,0,0,0,pass,1278.15
RETL000002771,RTN00002771,SOL000220486,P000427,12,12,0,12,fail,1049.79
RETL000002772,RTN00002772,SOL000235712,P000346,22,22,0,22,fail,1595.52
RETL000002773,RTN00002773,SOL000307528,P000040,23,23,14,9,fail,3296.77
RETL000002774,RTN00002774,SOL000272768,P000284,1,1,1,0,pass,11.85
RETL000002775,RTN00002775,SOL000004929,P000326,25,25,0,25,fail,3704.12
RETL000002776,RTN00002776,SOL000041526,P000029,10,10,8,2,pass,2004.02
RETL000002777,RTN00002777,SOL000135568,P000415,14,14,0,14,fail,896.07
RETL000002778,RTN00002778,SOL000015103,P000362,44,44,18,26,fail,4263.62
RETL000002779,RTN00002779,SOL000340655,P000357,4,4,0,4,fail,260.01
RETL000002780,RTN00002780,SOL000267617,P000567,10,0,0,0,pass,1059.02
RETL000002781,RTN00002781,SOL000068685,P000137,2,2,0,2,fail,119.75
RETL000002782,RTN00002782,SOL000332139,P000216,1,1,0,1,fail,116.47
RETL000002783,RTN00002783,SOL000115346,P000232,8,8,0,8,fail,486.33
RETL000002784,RTN00002784,SOL000330688,P000485,3,0,0,0,pass,185.03
RETL000002785,RTN00002785,SOL000119358,P000473,9,9,0,9,fail,722.85
RETL000002786,RTN00002786,SOL000141757,P000472,3,3,0,3,fail,530.46
RETL000002787,RTN00002787,SOL000125420,P000107,5,0,0,0,pass,423.06
RETL000002788,RTN00002788,SOL000351098,P000600,2,2,0,2,fail,215.48
RETL000002789,RTN00002789,SOL000086165,P000573,14,0,0,0,pass,1096.11
RETL000002790,RTN00002790,SOL000203447,P000570,3,3,0,3,fail,1065.41
RETL000002791,RTN00002791,SOL000014572,P000622,1,1,0,1,fail,206.61
RETL000002792,RTN00002792,SOL000172024,P000497,16,16,0,16,fail,1422.45
RETL000002793,RTN00002793,SOL000314123,P000102,48,48,0,48,fail,5850.92
RETL000002794,RTN00002794,SOL000212952,P000158,4,4,1,3,fail,130.97
RETL000002795,RTN00002795,SOL000219252,P000003,9,9,6,3,fail,1168.34
RETL000002796,RTN00002796,SOL000313746,P000409,24,24,0,24,fail,2081.02
RETL000002797,RTN00002797,SOL000215988,P000553,1,1,0,1,fail,513.55
RETL000002798,RTN00002798,SOL000319166,P000379,13,13,11,2,pass,867.44
RETL000002799,RTN00002799,SOL000037868,P000276,1,1,1,0,pass,34.98
RETL000002800,RTN00002800,SOL000127360,P000367,1,1,0,1,fail,29.87
RETL000002801,RTN00002801,SOL000226387,P000606,5,0,0,0,pass,1259.65
RETL000002802,RTN00002802,SOL000046892,P000565,8,8,5,3,fail,2122.3
RETL000002803,RTN00002803,SOL000214720,P000646,21,21,0,21,fail,3032.88
RETL000002804,RTN00002804,SOL000058388,P000138,8,8,2,6,fail,575.43
RETL000002805,RTN00002805,SOL000182197,P000427,13,13,0,13,fail,870.17
RETL000002806,RTN00002806,SOL000206788,P000029,1,1,0,1,fail,154.95
RETL000002807,RTN00002807,SOL000297077,P000388,20,20,13,7,fail,1645.1
RETL000002808,RTN00002808,SOL000329545,P000561,16,16,0,16,fail,882.12
RETL000002809,RTN00002809,SOL000027996,P000225,1,1,0,1,fail,135.5
RETL000002810,RTN00002810,SOL000044530,P000125,18,18,15,3,pass,1085.16
RETL000002811,RTN00002811,SOL000359536,P000587,10,10,0,10,fail,1965.71
RETL000002812,RTN00002812,SOL000356601,P000370,9,9,0,9,fail,1360.77
RETL000002813,RTN00002813,SOL000059307,P000035,5,5,3,2,fail,540.72
RETL000002814,RTN00002814,SOL000265262,P000083,6,6,0,6,fail,731.78
RETL000002815,RTN00002815,SOL000354171,P000003,9,9,0,9,fail,1283.9
RETL000002816,RTN00002816,SOL000180888,P000309,3,0,0,0,pass,188.56
RETL000002817,RTN00002817,SOL000344994,P000174,17,17,7,10,fail,4783.43
RETL000002818,RTN00002818,SOL000127489,P000411,2,2,0,2,fail,57.25
RETL000002819,RTN00002819,SOL000056436,P000633,9,0,0,0,pass,681.8
RETL000002820,RTN00002820,SOL000269594,P000305,8,0,0,0,pass,610.36
RETL000002821,RTN00002821,SOL000179993,P000229,17,17,7,10,fail,4025.29
RETL000002822,RTN00002822,SOL000346208,P000164,37,37,0,37,fail,2521.38
RETL000002823,RTN00002823,SOL000080531,P000329,2,2,0,2,fail,836.2
RETL000002824,RTN00002824,SOL000067317,P000645,8,8,0,8,fail,617.33
RETL000002825,RTN00002825,SOL000151674,P000166,5,0,0,0,pass,491.44
RETL000002826,RTN00002826,SOL000289172,P000501,49,49,0,49,fail,18653.7
RETL000002827,RTN00002827,SOL000305523,P000548,26,26,0,26,fail,1671.83
RETL000002828,RTN00002828,SOL000005843,P000014,9,9,8,1,pass,936.16
RETL000002829,RTN00002829,SOL000061855,P000505,52,52,0,52,fail,1335.83
RETL000002830,RTN00002830,SOL000043410,P000105,7,7,0,7,fail,681.62
RETL000002831,RTN00002831,SOL000337110,P000608,3,3,0,3,fail,198.02
RETL000002832,RTN00002832,SOL000313283,P000005,2,2,0,2,fail,191.13
RETL000002833,RTN00002833,SOL000087237,P000436,34,34,0,34,fail,2819.29
RETL000002834,RTN00002834,SOL000030727,P000175,9,9,0,9,fail,751.86
RETL000002835,RTN00002835,SOL000129241,P000618,7,7,5,2,fail,760.65
RETL000002836,RTN00002836,SOL000341131,P000426,13,13,8,5,fail,1476.21
RETL000002837,RTN00002837,SOL000012769,P000029,2,0,0,0,pass,400.03
RETL000002838,RTN00002838,SOL000227494,P000309,3,3,3,0,pass,193.73
RETL000002839,RTN00002839,SOL000222081,P000444,2,2,0,2,fail,243.53
RETL000002840,RTN00002840,SOL000310711,P000153,15,0,0,0,pass,1151.55
RETL000002841,RTN00002841,SOL000242459,P000163,26,26,0,26,fail,3197.57
RETL000002842,RTN00002842,SOL000267399,P000457,15,15,7,8,fail,4433.22
RETL000002843,RTN00002843,SOL000274645,P000562,3,0,0,0,pass,257.85
RETL000002844,RTN00002844,SOL000338961,P000176,8,8,5,3,fail,1991.55
RETL000002845,RTN00002845,SOL000147413,P000622,6,6,0,6,fail,1022.24
RETL000002846,RTN00002846,SOL000327845,P000369,17,0,0,0,pass,619.42
RETL000002847,RTN00002847,SOL000163367,P000460,34,34,0,34,fail,4793.13
RETL000002848,RTN00002848,SOL000172959,P000451,76,0,0,0,pass,2867.15
RETL000002849,RTN00002849,SOL000324467,P000320,50,50,22,28,fail,4317.49
RETL000002850,RTN00002850,SOL000333333,P000581,7,7,2,5,fail,310.06
RETL000002851,RTN00002851,SOL000336967,P000481,24,24,14,10,fail,602.78
RETL000002852,RTN00002852,SOL000347443,P000641,5,5,0,5,fail,443.88
RETL000002853,RTN00002853,SOL000230068,P000244,9,0,0,0,pass,209.67
RETL000002854,RTN00002854,SOL000189059,P000337,5,5,2,3,fail,165.41
RETL000002855,RTN00002855,SOL000320849,P000552,4,0,0,0,pass,2714.66
RETL000002856,RTN00002856,SOL000004811,P000346,10,10,9,1,pass,542.61
RETL000002857,RTN00002857,SOL000262318,P000356,27,27,0,27,fail,3814.99
RETL000002858,RTN00002858,SOL000044277,P000350,3,3,0,3,fail,75.16
RETL000002859,RTN00002859,SOL000250405,P000206,106,106,0,106,fail,22179.98
RETL000002860,RTN00002860,SOL000267176,P000399,6,6,0,6,fail,230.11
RETL000002861,RTN00002861,SOL000315501,P000234,12,12,0,12,fail,1963.48
RETL000002862,RTN00002862,SOL000166141,P000397,5,5,3,2,fail,699.81
RETL000002863,RTN00002863,SOL000323072,P000117,5,5,0,5,fail,816.23
RETL000002864,RTN00002864,SOL000273604,P000097,13,13,0,13,fail,1481.35
RETL000002865,RTN00002865,SOL000242998,P000286,19,19,0,19,fail,1274.19
RETL000002866,RTN00002866,SOL000316218,P000404,6,6,3,3,fail,1098.67
RETL000002867,RTN00002867,SOL000144027,P000348,6,6,0,6,fail,329.14
RETL000002868,RTN00002868,SOL000181354,P000013,4,4,0,4,fail,1027.07
RETL000002869,RTN00002869,SOL000028668,P000166,5,5,3,2,fail,486.12
RETL000002870,RTN00002870,SOL000085853,P000481,6,6,0,6,fail,188.04
RETL000002871,RTN00002871,SOL000303646,P000478,12,12,0,12,fail,524.39
RETL000002872,RTN00002872,SOL000366172,P000249,10,0,0,0,pass,1021.84
RETL000002873,RTN00002873,SOL000339607,P000329,66,66,37,29,fail,20756.38
RETL000002874,RTN00002874,SOL000227484,P000232,12,12,5,7,fail,927.92
RETL000002875,RTN00002875,SOL000065568,P000621,10,10,0,10,fail,954.02
RETL000002876,RTN00002876,SOL000036345,P000378,2,2,0,2,fail,58.54
RETL000002877,RTN00002877,SOL000035692,P000476,90,0,0,0,pass,30964.7
RETL000002878,RTN00002878,SOL000089744,P000576,4,0,0,0,pass,628.75
RETL000002879,RTN00002879,SOL000264692,P000145,9,0,0,0,pass,1031.03
RETL000002880,RTN00002880,SOL000086415,P000314,8,8,2,6,fail,487.53
RETL000002881,RTN00002881,SOL000307713,P000112,2,2,1,1,fail,547.22
RETL000002882,RTN00002882,SOL000274304,P000294,3,3,0,3,fail,1012.22
RETL000002883,RTN00002883,SOL000359618,P000323,9,9,0,9,fail,688.95
RETL000002884,RTN00002884,SOL000322680,P000483,24,0,0,0,pass,8319.99
RETL000002885,RTN00002885,SOL000273417,P000362,35,35,0,35,fail,3340.48
RETL000002886,RTN00002886,SOL000114353,P000208,16,16,14,2,pass,306.21
RETL000002887,RTN00002887,SOL000112011,P000249,3,3,1,2,fail,270.33
RETL000002888,RTN00002888,SOL000208823,P000399,1,1,0,1,fail,37.13
RETL000002889,RTN00002889,SOL000237482,P000483,28,0,0,0,pass,11103.04
RETL000002890,RTN00002890,SOL000137672,P000075,6,6,3,3,fail,411.46
RETL000002891,RTN00002891,SOL000116959,P000416,1,0,0,0,pass,62.84
RETL000002892,RTN00002892,SOL000084215,P000650,9,9,0,9,fail,1088.0
RETL000002893,RTN00002893,SOL000081852,P000145,1,1,1,0,pass,159.32
RETL000002894,RTN00002894,SOL000330936,P000483,17,17,14,3,pass,6473.9
RETL000002895,RTN00002895,SOL000250546,P000043,4,0,0,0,pass,1008.9
RETL000002896,RTN00002896,SOL000162156,P000281,2,2,1,1,fail,295.66
RETL000002897,RTN00002897,SOL000217402,P000553,1,1,0,1,fail,567.53
RETL000002898,RTN00002898,SOL000278845,P000229,21,21,13,8,fail,4066.11
RETL000002899,RTN00002899,SOL000171071,P000314,1,0,0,0,pass,49.24
RETL000002900,RTN00002900,SOL000246091,P000608,19,19,0,19,fail,906.55
RETL000002901,RTN00002901,SOL000222245,P000396,8,8,7,1,pass,1199.67
RETL000002902,RTN00002902,SOL000161150,P000047,1,1,1,0,pass,62.26
RETL000002903,RTN00002903,SOL000352782,P000316,5,5,0,5,fail,387.11
RETL000002904,RTN00002904,SOL000358797,P000250,13,13,0,13,fail,1249.39
RETL000002905,RTN00002905,SOL000064149,P000609,3,0,0,0,pass,1339.22
RETL000002906,RTN00002906,SOL000235847,P000079,23,23,0,23,fail,720.83
RETL000002907,RTN00002907,SOL000277980,P000561,3,0,0,0,pass,188.17
RETL000002908,RTN00002908,SOL000094736,P000104,16,16,0,16,fail,4329.88
RETL000002909,RTN00002909,SOL000137099,P000494,1,1,0,1,fail,77.62
RETL000002910,RTN00002910,SOL000294966,P000544,10,10,0,10,fail,501.6
RETL000002911,RTN00002911,SOL000248486,P000585,17,17,0,17,fail,889.67
RETL000002912,RTN00002912,SOL000117875,P000087,27,27,0,27,fail,672.08
RETL000002913,RTN00002913,SOL000306291,P000558,12,12,6,6,fail,552.96
RETL000002914,RTN00002914,SOL000218370,P000190,5,5,0,5,fail,366.82
RETL000002915,RTN00002915,SOL000224569,P000641,7,7,2,5,fail,888.38
RETL000002916,RTN00002916,SOL000267810,P000245,7,0,0,0,pass,1280.69
RETL000002917,RTN00002917,SOL000042856,P000210,50,50,0,50,fail,6007.16
RETL000002918,RTN00002918,SOL000023450,P000030,30,30,0,30,fail,1201.45
RETL000002919,RTN00002919,SOL000244962,P000428,17,17,7,10,fail,780.26
RETL000002920,RTN00002920,SOL000080546,P000005,1,0,0,0,pass,136.57
RETL000002921,RTN00002921,SOL000262721,P000632,2,2,1,1,fail,638.28
RETL000002922,RTN00002922,SOL000228818,P000558,7,7,0,7,fail,282.35
RETL000002923,RTN00002923,SOL000214494,P000383,6,6,0,6,fail,1401.89
RETL000002924,RTN00002924,SOL000142753,P000334,1,1,0,1,fail,113.28
RETL000002925,RTN00002925,SOL000069869,P000346,2,2,1,1,fail,106.34
RETL000002926,RTN00002926,SOL000228893,P000493,5,5,4,1,pass,952.87
RETL000002927,RTN00002927,SOL000138658,P000558,17,17,0,17,fail,731.45
RETL000002928,RTN00002928,SOL000124560,P000523,10,0,0,0,pass,401.76
RETL000002929,RTN00002929,SOL000192117,P000523,27,27,8,19,fail,1354.2
RETL000002930,RTN00002930,SOL000051877,P000413,4,0,0,0,pass,559.36
RETL000002931,RTN00002931,SOL000357993,P000093,4,0,0,0,pass,220.41
RETL000002932,RTN00002932,SOL000178419,P000356,3,0,0,0,pass,559.68
RETL000002933,RTN00002933,SOL000332555,P000373,12,12,10,2,pass,909.66
RETL000002934,RTN00002934,SOL000365967,P000258,5,0,0,0,pass,788.14
RETL000002935,RTN00002935,SOL000040233,P000468,40,40,21,19,fail,5218.26
RETL000002936,RTN00002936,SOL000300953,P000628,12,12,0,12,fail,1230.57
RETL000002937,RTN00002937,SOL000212990,P000276,4,0,0,0,pass,175.79
RETL000002938,RTN00002938,SOL000324370,P000188,1,1,0,1,fail,79.98
RETL000002939,RTN00002939,SOL000081191,P000459,7,7,2,5,fail,192.67
RETL000002940,RTN00002940,SOL000169225,P000576,22,22,0,22,fail,2794.91
RETL000002941,RTN00002941,SOL000171851,P000393,1,0,0,0,pass,337.32
RETL000002942,RTN00002942,SOL000140769,P000619,18,18,0,18,fail,1470.9
RETL000002943,RTN00002943,SOL000254673,P000027,11,0,0,0,pass,1303.06
RETL000002944,RTN00002944,SOL000102386,P000184,5,0,0,0,pass,475.51
RETL000002945,RTN00002945,SOL000141935,P000014,19,19,0,19,fail,1502.15
RETL000002946,RTN00002946,SOL000000621,P000562,1,1,0,1,fail,95.91
RETL000002947,RTN00002947,SOL000083515,P000192,38,38,28,10,fail,1498.11
RETL000002948,RTN00002948,SOL000110949,P000445,3,0,0,0,pass,531.29
RETL000002949,RTN00002949,SOL000013465,P000431,3,3,0,3,fail,76.39
RETL000002950,RTN00002950,SOL000242239,P000035,10,0,0,0,pass,1305.97
RETL000002951,RTN00002951,SOL000226569,P000470,8,8,0,8,fail,751.68
RETL000002952,RTN00002952,SOL000221934,P000056,4,4,3,1,fail,441.27
RETL000002953,RTN00002953,SOL000134103,P000130,9,9,0,9,fail,1411.96
RETL000002954,RTN00002954,SOL000316039,P000063,1,1,0,1,fail,67.37
RETL000002955,RTN00002955,SOL000242964,P000305,6,6,3,3,fail,477.06
RETL000002956,RTN00002956,SOL000333512,P000372,1,1,0,1,fail,145.47
RETL000002957,RTN00002957,SOL000104667,P000093,3,3,0,3,fail,201.85
RETL000002958,RTN00002958,SOL000214513,P000437,2,2,0,2,fail,299.95
RETL000002959,RTN00002959,SOL000240603,P000294,3,3,1,2,fail,913.09
RETL000002960,RTN00002960,SOL000148088,P000271,1,0,0,0,pass,57.26
RETL000002961,RTN00002961,SOL000201742,P000307,3,3,0,3,fail,315.33
RETL000002962,RTN00002962,SOL000073882,P000434,1,0,0,0,pass,246.46
RETL000002963,RTN00002963,SOL000331184,P000210,6,6,0,6,fail,981.37
RETL000002964,RTN00002964,SOL000265446,P000116,13,13,4,9,fail,2615.84
RETL000002965,RTN00002965,SOL000081841,P000542,1,1,0,1,fail,278.97
RETL000002966,RTN00002966,SOL000193874,P000214,4,4,2,2,fail,699.77
RETL000002967,RTN00002967,SOL000102889,P000618,13,0,0,0,pass,1003.18
RETL000002968,RTN00002968,SOL000338958,P000138,9,0,0,0,pass,461.07
RETL000002969,RTN00002969,SOL000250075,P000241,4,4,0,4,fail,374.59
RETL000002970,RTN00002970,SOL000286046,P000533,14,14,12,2,pass,1558.94
RETL000002971,RTN00002971,SOL000185156,P000616,18,18,10,8,fail,1818.24
RETL000002972,RTN00002972,SOL000150696,P000139,3,0,0,0,pass,288.63
RETL000002973,RTN00002973,SOL000262360,P000641,9,9,0,9,fail,835.8
RETL000002974,RTN00002974,SOL000021140,P000122,72,72,0,72,fail,9896.67
RETL000002975,RTN00002975,SOL000134679,P000141,7,7,0,7,fail,360.64
RETL000002976,RTN00002976,SOL000362464,P000629,22,22,0,22,fail,620.41
RETL000002977,RTN00002977,SOL000009122,P000574,5,5,2,3,fail,833.49
RETL000002978,RTN00002978,SOL000346124,P000320,1,0,0,0,pass,95.7
RETL000002979,RTN00002979,SOL000080037,P000019,14,0,0,0,pass,6068.02
RETL000002980,RTN00002980,SOL000231416,P000329,2,2,1,1,fail,783.96
RETL000002981,RTN00002981,SOL000117516,P000446,3,3,2,1,fail,193.33
RETL000002982,RTN00002982,SOL000255653,P000242,19,19,0,19,fail,1983.21
RETL000002983,RTN00002983,SOL000236595,P000273,2,2,0,2,fail,236.66
RETL000002984,RTN00002984,SOL000186007,P000203,7,7,0,7,fail,1177.59
RETL000002985,RTN00002985,SOL000193482,P000145,4,4,0,4,fail,481.48
RETL000002986,RTN00002986,SOL000262267,P000402,1,0,0,0,pass,169.17
RETL000002987,RTN00002987,SOL000252751,P000426,4,4,2,2,fail,403.92
RETL000002988,RTN00002988,SOL000208442,P000246,29,29,22,7,fail,17813.03
RETL000002989,RTN00002989,SOL000159447,P000200,20,20,0,20,fail,1256.32
RETL000002990,RTN00002990,SOL000326741,P000372,14,14,5,9,fail,2884.45
RETL000002991,RTN00002991,SOL000041463,P000197,1,0,0,0,pass,196.39
RETL000002992,RTN00002992,SOL000306358,P000150,9,9,0,9,fail,991.32
RETL000002993,RTN00002993,SOL000101831,P000134,2,0,0,0,pass,202.58
RETL000002994,RTN00002994,SOL000075338,P000251,7,7,2,5,fail,506.66
RETL000002995,RTN00002995,SOL000270604,P000298,4,0,0,0,pass,1820.62
RETL000002996,RTN00002996,SOL000117038,P000536,25,25,10,15,fail,2730.6
RETL000002997,RTN00002997,SOL000043428,P000149,36,0,0,0,pass,4763.75
RETL000002998,RTN00002998,SOL000296914,P000377,1,1,0,1,fail,40.59
RETL000002999,RTN00002999,SOL000092848,P000492,35,35,25,10,fail,2096.61
RETL000003000,RTN00003000,SOL000026517,P000012,1,0,0,0,pass,191.99
RETL000003001,RTN00003001,SOL000246976,P000029,2,0,0,0,pass,395.3
RETL000003002,RTN00003002,SOL000131611,P000392,6,0,0,0,pass,371.94
RETL000003003,RTN00003003,SOL000284944,P000270,27,0,0,0,pass,2930.37
RETL000003004,RTN00003004,SOL000267409,P000372,5,5,0,5,fail,732.22
RETL000003005,RTN00003005,SOL000154885,P000497,1,1,0,1,fail,84.71
RETL000003006,RTN00003006,SOL000196341,P000342,128,128,86,42,fail,16008.54
RETL000003007,RTN00003007,SOL000025342,P000419,3,3,0,3,fail,230.67
RETL000003008,RTN00003008,SOL000130625,P000108,12,12,0,12,fail,584.64
RETL000003009,RTN00003009,SOL000091180,P000429,17,17,0,17,fail,1551.16
RETL000003010,RTN00003010,SOL000080816,P000525,28,28,0,28,fail,1422.67
RETL000003011,RTN00003011,SOL000168639,P000637,47,0,0,0,pass,3036.9
RETL000003012,RTN00003012,SOL000079398,P000435,6,6,2,4,fail,331.23
RETL000003013,RTN00003013,SOL000091074,P000173,10,0,0,0,pass,2024.28
RETL000003014,RTN00003014,SOL000199975,P000132,28,28,0,28,fail,910.58
RETL000003015,RTN00003015,SOL000298468,P000169,39,0,0,0,pass,9211.38
RETL000003016,RTN00003016,SOL000120453,P000348,17,17,0,17,fail,676.07
RETL000003017,RTN00003017,SOL000177207,P000145,10,10,0,10,fail,1260.6
RETL000003018,RTN00003018,SOL000236877,P000289,16,16,0,16,fail,759.17
RETL000003019,RTN00003019,SOL000152700,P000351,5,5,0,5,fail,2603.71
RETL000003020,RTN00003020,SOL000349523,P000217,10,10,6,4,fail,521.91
RETL000003021,RTN00003021,SOL000137748,P000401,26,0,0,0,pass,1844.71
RETL000003022,RTN00003022,SOL000005234,P000190,13,13,6,7,fail,740.21
RETL000003023,RTN00003023,SOL000229150,P000198,20,20,0,20,fail,2682.72
RETL000003024,RTN00003024,SOL000100327,P000290,1,0,0,0,pass,184.01
RETL000003025,RTN00003025,SOL000157013,P000200,1,1,0,1,fail,53.92
RETL000003026,RTN00003026,SOL000169269,P000358,4,4,0,4,fail,1033.57
RETL000003027,RTN00003027,SOL000130247,P000434,32,32,22,10,fail,8880.86
RETL000003028,RTN00003028,SOL000049581,P000611,3,0,0,0,pass,357.89
RETL000003029,RTN00003029,SOL000189186,P000012,2,2,1,1,fail,453.23
RETL000003030,RTN00003030,SOL000030393,P000341,4,4,0,4,fail,665.03
RETL000003031,RTN00003031,SOL000349731,P000077,7,7,5,2,fail,786.11
RETL000003032,RTN00003032,SOL000155892,P000129,1,1,1,0,pass,27.57
RETL000003033,RTN00003033,SOL000302732,P000242,7,7,3,4,fail,951.36
RETL000003034,RTN00003034,SOL000205927,P000134,9,0,0,0,pass,642.33
RETL000003035,RTN00003035,SOL000034846,P000564,10,10,0,10,fail,1180.01
RETL000003036,RTN00003036,SOL000186775,P000038,4,0,0,0,pass,175.7
RETL000003037,RTN00003037,SOL000266929,P000630,4,4,0,4,fail,1001.48
RETL000003038,RTN00003038,SOL000312093,P000203,18,18,0,18,fail,3024.69
RETL000003039,RTN00003039,SOL000138620,P000145,13,0,0,0,pass,1540.08
RETL000003040,RTN00003040,SOL000125892,P000648,2,0,0,0,pass,292.2
RETL000003041,RTN00003041,SOL000171511,P000241,1,1,0,1,fail,97.4
RETL000003042,RTN00003042,SOL000155395,P000170,5,0,0,0,pass,493.91
RETL000003043,RTN00003043,SOL000032829,P000044,35,35,0,35,fail,12312.55
RETL000003044,RTN00003044,SOL000241801,P000316,6,6,5,1,pass,567.22
RETL000003045,RTN00003045,SOL000272469,P000470,60,60,0,60,fail,5282.12
RETL000003046,RTN00003046,SOL000060911,P000462,4,0,0,0,pass,465.96
RETL000003047,RTN00003047,SOL000275536,P000564,3,3,0,3,fail,249.63
RETL000003048,RTN00003048,SOL000049609,P000586,6,6,0,6,fail,897.66
RETL000003049,RTN00003049,SOL000292752,P000127,23,23,0,23,fail,4865.72
RETL000003050,RTN00003050,SOL000065155,P000368,11,11,3,8,fail,1002.91
RETL000003051,RTN00003051,SOL000205473,P000537,2,2,0,2,fail,144.37
RETL000003052,RTN00003052,SOL000202586,P000235,8,8,6,2,fail,2800.56
RETL000003053,RTN00003053,SOL000171574,P000094,55,55,0,55,fail,3938.35
RETL000003054,RTN00003054,SOL000264761,P000040,24,24,21,3,pass,3157.31
RETL000003055,RTN00003055,SOL000065881,P000480,33,33,11,22,fail,3176.67
RETL000003056,RTN00003056,SOL000122717,P000404,4,4,0,4,fail,829.92
RETL000003057,RTN00003057,SOL000183671,P000552,11,11,0,11,fail,7610.11
RETL000003058,RTN00003058,SOL000297636,P000168,18,0,0,0,pass,4609.57
RETL000003059,RTN00003059,SOL000306768,P000086,21,21,0,21,fail,1876.74
RETL000003060,RTN00003060,SOL000190570,P000261,5,5,0,5,fail,123.35
RETL000003061,RTN00003061,SOL000078996,P000229,8,8,7,1,pass,1791.89
RETL000003062,RTN00003062,SOL000209445,P000029,19,19,0,19,fail,4012.47
RETL000003063,RTN00003063,SOL000360532,P000274,4,4,0,4,fail,497.91
RETL000003064,RTN00003064,SOL000324106,P000557,5,5,3,2,fail,1014.54
RETL000003065,RTN00003065,SOL000126918,P000579,25,25,0,25,fail,1779.14
RETL000003066,RTN00003066,SOL000190420,P000182,3,3,0,3,fail,226.04
RETL000003067,RTN00003067,SOL000036882,P000319,17,0,0,0,pass,754.88
RETL000003068,RTN00003068,SOL000336398,P000236,11,11,0,11,fail,465.89
RETL000003069,RTN00003069,SOL000169291,P000325,22,22,0,22,fail,4410.04
RETL000003070,RTN00003070,SOL000069051,P000003,5,5,0,5,fail,849.86
RETL000003071,RTN00003071,SOL000022065,P000556,6,0,0,0,pass,325.23
RETL000003072,RTN00003072,SOL000056282,P000176,16,16,0,16,fail,3353.33
RETL000003073,RTN00003073,SOL000319055,P000516,8,8,0,8,fail,779.84
RETL000003074,RTN00003074,SOL000229913,P000288,18,18,0,18,fail,2630.67
RETL000003075,RTN00003075,SOL000280968,P000038,3,3,2,1,fail,148.72
RETL000003076,RTN00003076,SOL000028621,P000046,2,2,1,1,fail,98.52
RETL000003077,RTN00003077,SOL000287113,P000274,12,12,0,12,fail,1094.9
RETL000003078,RTN00003078,SOL000076433,P000280,2,2,0,2,fail,133.03
RETL000003079,RTN00003079,SOL000179278,P000181,5,5,0,5,fail,437.64
RETL000003080,RTN00003080,SOL000279979,P000433,1,1,0,1,fail,61.02
RETL000003081,RTN00003081,SOL000119645,P000216,13,0,0,0,pass,1904.47
RETL000003082,RTN00003082,SOL000229402,P000131,1,1,0,1,fail,60.95
RETL000003083,RTN00003083,SOL000158790,P000339,2,2,0,2,fail,260.91
RETL000003084,RTN00003084,SOL000069648,P000004,14,14,0,14,fail,2320.41
RETL000003085,RTN00003085,SOL000306554,P000187,17,17,0,17,fail,2004.07
RETL000003086,RTN00003086,SOL000107739,P000143,18,18,5,13,fail,604.37
RETL000003087,RTN00003087,SOL000347378,P000401,1,0,0,0,pass,105.14
RETL000003088,RTN00003088,SOL000223005,P000082,12,0,0,0,pass,3183.07
RETL000003089,RTN00003089,SOL000035216,P000432,31,31,0,31,fail,2613.12
RETL000003090,RTN00003090,SOL000190083,P000021,27,27,0,27,fail,2579.58
RETL000003091,RTN00003091,SOL000259491,P000492,6,0,0,0,pass,407.39
RETL000003092,RTN00003092,SOL000366086,P000422,2,2,0,2,fail,196.97
RETL000003093,RTN00003093,SOL000151834,P000316,2,2,0,2,fail,156.23
RETL000003094,RTN00003094,SOL000101385,P000434,1,1,0,1,fail,253.42
RETL000003095,RTN00003095,SOL000203883,P000039,29,29,22,7,fail,12960.75
RETL000003096,RTN00003096,SOL000185868,P000561,9,9,0,9,fail,539.73
RETL000003097,RTN00003097,SOL000325227,P000647,4,4,0,4,fail,216.99
RETL000003098,RTN00003098,SOL000013056,P000412,2,2,1,1,fail,74.61
RETL000003099,RTN00003099,SOL000333645,P000026,6,6,0,6,fail,369.01
RETL000003100,RTN00003100,SOL000362908,P000162,37,37,0,37,fail,1774.62
RETL000003101,RTN00003101,SOL000171863,P000262,10,10,5,5,fail,1252.94
RETL000003102,RTN00003102,SOL000330465,P000375,5,5,0,5,fail,3399.42
RETL000003103,RTN00003103,SOL000122026,P000098,20,20,16,4,pass,1432.96
RETL000003104,RTN00003104,SOL000351723,P000026,6,6,3,3,fail,316.19
RETL000003105,RTN00003105,SOL000157151,P000402,5,5,3,2,fail,693.78
RETL000003106,RTN00003106,SOL000306467,P000479,3,3,1,2,fail,268.74
RETL000003107,RTN00003107,SOL000235036,P000380,1,1,0,1,fail,125.51
RETL000003108,RTN00003108,SOL000212260,P000642,2,2,1,1,fail,248.97
RETL000003109,RTN00003109,SOL000325255,P000370,7,7,0,7,fail,831.24
RETL000003110,RTN00003110,SOL000005272,P000505,28,28,0,28,fail,570.68
RETL000003111,RTN00003111,SOL000086736,P000048,36,36,0,36,fail,3958.16
RETL000003112,RTN00003112,SOL000153871,P000418,10,10,0,10,fail,1484.2
RETL000003113,RTN00003113,SOL000260331,P000306,1,1,0,1,fail,265.36
RETL000003114,RTN00003114,SOL000316422,P000570,10,10,0,10,fail,3237.93
RETL000003115,RTN00003115,SOL000235422,P000010,2,2,1,1,fail,98.25
RETL000003116,RTN00003116,SOL000104293,P000625,7,7,3,4,fail,748.46
RETL000003117,RTN00003117,SOL000033702,P000231,37,37,0,37,fail,6350.08
RETL000003118,RTN00003118,SOL000214786,P000582,15,15,0,15,fail,2585.7
RETL000003119,RTN00003119,SOL000184520,P000212,34,34,0,34,fail,7497.9
RETL000003120,RTN00003120,SOL000178951,P000273,12,12,0,12,fail,1611.72
RETL000003121,RTN00003121,SOL000078488,P000140,2,2,0,2,fail,518.2
RETL000003122,RTN00003122,SOL000075047,P000157,7,7,0,7,fail,940.15
RETL000003123,RTN00003123,SOL000007732,P000111,8,8,0,8,fail,1337.26
RETL000003124,RTN00003124,SOL000159779,P000043,24,0,0,0,pass,4752.83
RETL000003125,RTN00003125,SOL000080908,P000315,1,1,0,1,fail,106.77
RETL000003126,RTN00003126,SOL000282927,P000272,14,14,10,4,fail,882.81
RETL000003127,RTN00003127,SOL000158295,P000268,5,5,0,5,fail,129.61
RETL000003128,RTN00003128,SOL000271150,P000582,3,3,1,2,fail,744.99
RETL000003129,RTN00003129,SOL000063161,P000414,2,2,0,2,fail,111.73
RETL000003130,RTN00003130,SOL000095873,P000530,17,17,0,17,fail,695.17
RETL000003131,RTN00003131,SOL000015683,P000432,15,15,12,3,pass,1254.75
RETL000003132,RTN00003132,SOL000335326,P000115,3,3,0,3,fail,85.68
RETL000003133,RTN00003133,SOL000346910,P000207,2,2,1,1,fail,90.91
RETL000003134,RTN00003134,SOL000338342,P000139,5,5,0,5,fail,489.19
RETL000003135,RTN00003135,SOL000273435,P000301,12,12,0,12,fail,1229.38
RETL000003136,RTN00003136,SOL000351772,P000393,10,10,4,6,fail,3623.2
RETL000003137,RTN00003137,SOL000185612,P000022,7,0,0,0,pass,228.69
RETL000003138,RTN00003138,SOL000064283,P000476,2,0,0,0,pass,530.6
RETL000003139,RTN00003139,SOL000216827,P000107,2,0,0,0,pass,194.99
RETL000003140,RTN00003140,SOL000315780,P000378,13,0,0,0,pass,320.06
RETL000003141,RTN00003141,SOL000056052,P000342,1,1,0,1,fail,115.28
RETL000003142,RTN00003142,SOL000009942,P000557,34,34,0,34,fail,6722.01
RETL000003143,RTN00003143,SOL000328147,P000478,14,14,0,14,fail,785.44
RETL000003144,RTN00003144,SOL000284985,P000079,5,5,0,5,fail,140.84
RETL000003145,RTN00003145,SOL000020464,P000474,5,0,0,0,pass,364.6
RETL000003146,RTN00003146,SOL000331550,P000125,2,2,1,1,fail,157.94
RETL000003147,RTN00003147,SOL000175374,P000016,4,4,3,1,fail,646.51
RETL000003148,RTN00003148,SOL000329162,P000408,45,45,0,45,fail,7513.51
RETL000003149,RTN00003149,SOL000067403,P000027,2,0,0,0,pass,201.72
RETL000003150,RTN00003150,SOL000280895,P000390,5,5,0,5,fail,58.13
RETL000003151,RTN00003151,SOL000203582,P000554,1,1,1,0,pass,137.43
RETL000003152,RTN00003152,SOL000322828,P000554,8,8,3,5,fail,1324.03
RETL000003153,RTN00003153,SOL000220173,P000043,10,10,0,10,fail,2208.38
RETL000003154,RTN00003154,SOL000185472,P000569,8,8,0,8,fail,1400.63
RETL000003155,RTN00003155,SOL000203165,P000213,2,0,0,0,pass,122.34
RETL000003156,RTN00003156,SOL000221025,P000631,18,18,16,2,pass,2089.46
RETL000003157,RTN00003157,SOL000257428,P000536,8,8,0,8,fail,1057.24
RETL000003158,RTN00003158,SOL000032330,P000187,5,5,0,5,fail,581.93
RETL000003159,RTN00003159,SOL000229559,P000454,11,11,0,11,fail,502.16
RETL000003160,RTN00003160,SOL000158148,P000463,8,8,0,8,fail,1621.92
RETL000003161,RTN00003161,SOL000155328,P000436,4,0,0,0,pass,268.88
RETL000003162,RTN00003162,SOL000294679,P000326,1,1,0,1,fail,150.75
RETL000003163,RTN00003163,SOL000212799,P000301,10,0,0,0,pass,905.78
RETL000003164,RTN00003164,SOL000111722,P000245,5,5,0,5,fail,801.9
RETL000003165,RTN00003165,SOL000026275,P000174,4,4,2,2,fail,1214.41
RETL000003166,RTN00003166,SOL000244249,P000206,2,0,0,0,pass,421.01
RETL000003167,RTN00003167,SOL000354764,P000587,8,8,0,8,fail,1678.97
RETL000003168,RTN00003168,SOL000271492,P000538,1,1,0,1,fail,397.11
RETL000003169,RTN00003169,SOL000036682,P000241,8,8,0,8,fail,765.08
RETL000003170,RTN00003170,SOL000056319,P000594,2,2,0,2,fail,117.28
RETL000003171,RTN00003171,SOL000184274,P000483,7,0,0,0,pass,2438.43
RETL000003172,RTN00003172,SOL000275462,P000039,9,9,8,1,pass,4396.47
RETL000003173,RTN00003173,SOL000267959,P000227,1,1,0,1,fail,73.67
RETL000003174,RTN00003174,SOL000011901,P000273,2,2,0,2,fail,289.61
RETL000003175,RTN00003175,SOL000008074,P000227,24,24,0,24,fail,1428.86
RETL000003176,RTN00003176,SOL000153815,P000319,70,70,59,11,pass,3025.35
RETL000003177,RTN00003177,SOL000147104,P000568,2,2,0,2,fail,188.61
RETL000003178,RTN00003178,SOL000366732,P000397,7,0,0,0,pass,737.89
RETL000003179,RTN00003179,SOL000282660,P000456,8,0,0,0,pass,2028.7
RETL000003180,RTN00003180,SOL000043628,P000230,17,0,0,0,pass,815.91
RETL000003181,RTN00003181,SOL000362626,P000093,13,13,0,13,fail,906.24
RETL000003182,RTN00003182,SOL000207119,P000013,38,38,0,38,fail,9092.58
RETL000003183,RTN00003183,SOL000163945,P000545,4,4,0,4,fail,252.1
RETL000003184,RTN00003184,SOL000113008,P000467,14,0,0,0,pass,562.72
RETL000003185,RTN00003185,SOL000026330,P000563,4,0,0,0,pass,498.11
RETL000003186,RTN00003186,SOL000201853,P000531,18,18,0,18,fail,1433.64
RETL000003187,RTN00003187,SOL000360534,P000634,6,6,0,6,fail,188.91
RETL000003188,RTN00003188,SOL000020672,P000157,25,25,0,25,fail,3428.72
RETL000003189,RTN00003189,SOL000185919,P000564,7,7,5,2,fail,607.55
RETL000003190,RTN00003190,SOL000223776,P000543,15,15,9,6,fail,1762.68
RETL000003191,RTN00003191,SOL000099351,P000626,6,6,0,6,fail,747.95
RETL000003192,RTN00003192,SOL000101919,P000426,10,10,8,2,pass,956.33
RETL000003193,RTN00003193,SOL000317054,P000043,38,38,0,38,fail,9434.09
RETL000003194,RTN00003194,SOL000125361,P000528,4,4,0,4,fail,329.56
RETL000003195,RTN00003195,SOL000285492,P000394,49,49,0,49,fail,4532.86
RETL000003196,RTN00003196,SOL000126112,P000296,16,16,0,16,fail,1894.48
RETL000003197,RTN00003197,SOL000027210,P000243,13,13,0,13,fail,932.44
RETL000003198,RTN00003198,SOL000013324,P000187,13,13,0,13,fail,1954.7
RETL000003199,RTN00003199,SOL000223876,P000313,30,30,19,11,fail,1959.67
RETL000003200,RTN00003200,SOL000154498,P000301,1,1,0,1,fail,105.87
RETL000003201,RTN00003201,SOL000235275,P000162,6,0,0,0,pass,211.56
RETL000003202,RTN00003202,SOL000283818,P000109,10,10,0,10,fail,612.1
RETL000003203,RTN00003203,SOL000133928,P000184,1,1,0,1,fail,139.55
RETL000003204,RTN00003204,SOL000108426,P000483,2,2,0,2,fail,687.56
RETL000003205,RTN00003205,SOL000260194,P000539,6,0,0,0,pass,718.3
RETL000003206,RTN00003206,SOL000106183,P000222,7,7,6,1,pass,2597.68
RETL000003207,RTN00003207,SOL000292426,P000297,2,2,2,0,pass,502.16
RETL000003208,RTN00003208,SOL000261583,P000244,3,0,0,0,pass,84.86
RETL000003209,RTN00003209,SOL000162889,P000082,32,32,0,32,fail,7112.26
RETL000003210,RTN00003210,SOL000308809,P000115,7,7,0,7,fail,170.55
RETL000003211,RTN00003211,SOL000353906,P000132,1,1,1,0,pass,43.86
RETL000003212,RTN00003212,SOL000114341,P000561,18,18,0,18,fail,1353.76
RETL000003213,RTN00003213,SOL000087597,P000306,4,0,0,0,pass,988.6
RETL000003214,RTN00003214,SOL000234701,P000241,3,0,0,0,pass,295.57
RETL000003215,RTN00003215,SOL000142250,P000584,1,0,0,0,pass,103.46
RETL000003216,RTN00003216,SOL000358229,P000177,11,11,0,11,fail,766.07
RETL000003217,RTN00003217,SOL000322232,P000609,6,0,0,0,pass,2298.66
RETL000003218,RTN00003218,SOL000135946,P000161,15,15,0,15,fail,1379.07
RETL000003219,RTN00003219,SOL000000626,P000636,33,33,0,33,fail,1082.52
RETL000003220,RTN00003220,SOL000119442,P000063,3,3,1,2,fail,232.07
RETL000003221,RTN00003221,SOL000248004,P000497,13,13,6,7,fail,847.0
RETL000003222,RTN00003222,SOL000173972,P000406,2,0,0,0,pass,79.1
RETL000003223,RTN00003223,SOL000242585,P000181,14,14,0,14,fail,1092.62
RETL000003224,RTN00003224,SOL000057963,P000390,2,2,0,2,fail,28.67
RETL000003225,RTN00003225,SOL000170940,P000574,4,4,0,4,fail,437.76
RETL000003226,RTN00003226,SOL000271105,P000391,10,10,0,10,fail,329.26
RETL000003227,RTN00003227,SOL000040621,P000039,1,1,0,1,fail,361.54
RETL000003228,RTN00003228,SOL000177429,P000515,13,13,0,13,fail,753.79
RETL000003229,RTN00003229,SOL000275826,P000334,20,0,0,0,pass,2365.69
RETL000003230,RTN00003230,SOL000284912,P000620,2,2,0,2,fail,562.08
RETL000003231,RTN00003231,SOL000340466,P000308,11,11,0,11,fail,1151.49
RETL000003232,RTN00003232,SOL000127363,P000536,7,7,3,4,fail,1065.92
RETL000003233,RTN00003233,SOL000296248,P000134,1,0,0,0,pass,100.37
RETL000003234,RTN00003234,SOL000219193,P000391,1,1,0,1,fail,36.04
RETL000003235,RTN00003235,SOL000056334,P000162,28,28,21,7,fail,1107.64
RETL000003236,RTN00003236,SOL000049324,P000196,9,9,0,9,fail,228.05
RETL000003237,RTN00003237,SOL000015905,P000297,1,1,0,1,fail,197.32
RETL000003238,RTN00003238,SOL000174123,P000126,22,0,0,0,pass,1430.12
RETL000003239,RTN00003239,SOL000183827,P000471,6,6,0,6,fail,294.13
RETL000003240,RTN00003240,SOL000292747,P000459,3,0,0,0,pass,105.84
RETL000003241,RTN00003241,SOL000085150,P000040,12,0,0,0,pass,1634.6
RETL000003242,RTN00003242,SOL000168368,P000102,9,9,0,9,fail,1565.09
RETL000003243,RTN00003243,SOL000158044,P000074,5,0,0,0,pass,357.86
RETL000003244,RTN00003244,SOL000085282,P000544,17,17,0,17,fail,918.48
RETL000003245,RTN00003245,SOL000305243,P000371,6,0,0,0,pass,703.82
RETL000003246,RTN00003246,SOL000306595,P000203,4,4,0,4,fail,761.92
RETL000003247,RTN00003247,SOL000239075,P000359,2,2,0,2,fail,44.35
RETL000003248,RTN00003248,SOL000316159,P000518,3,3,0,3,fail,142.82
RETL000003249,RTN00003249,SOL000134800,P000446,5,0,0,0,pass,391.55
RETL000003250,RTN00003250,SOL000161178,P000612,1,0,0,0,pass,640.94
RETL000003251,RTN00003251,SOL000041606,P000116,12,12,3,9,fail,1607.58
RETL000003252,RTN00003252,SOL000043139,P000363,15,15,11,4,fail,1219.57
RETL000003253,RTN00003253,SOL000104295,P000622,21,21,16,5,fail,4929.93
RETL000003254,RTN00003254,SOL000100805,P000053,16,16,0,16,fail,1286.06
RETL000003255,RTN00003255,SOL000031533,P000343,1,1,0,1,fail,47.7
RETL000003256,RTN00003256,SOL000144584,P000646,8,8,3,5,fail,1141.0
RETL000003257,RTN00003257,SOL000141735,P000237,29,0,0,0,pass,6347.82
RETL000003258,RTN00003258,SOL000128406,P000143,11,0,0,0,pass,480.82
RETL000003259,RTN00003259,SOL000136115,P000478,19,0,0,0,pass,1027.66
RETL000003260,RTN00003260,SOL000271926,P000241,9,9,0,9,fail,1047.13
RETL000003261,RTN00003261,SOL000087770,P000322,14,14,0,14,fail,16372.63
RETL000003262,RTN00003262,SOL000010504,P000260,6,0,0,0,pass,666.62
RETL000003263,RTN00003263,SOL000048380,P000447,9,0,0,0,pass,2177.68
RETL000003264,RTN00003264,SOL000212349,P000155,9,9,0,9,fail,867.46
RETL000003265,RTN00003265,SOL000328143,P000387,3,0,0,0,pass,96.38
RETL000003266,RTN00003266,SOL000130949,P000121,6,0,0,0,pass,1105.32
RETL000003267,RTN00003267,SOL000161145,P000264,4,4,0,4,fail,388.69
RETL000003268,RTN00003268,SOL000007953,P000218,2,2,1,1,fail,267.8
RETL000003269,RTN00003269,SOL000360997,P000171,38,38,0,38,fail,4798.03
RETL000003270,RTN00003270,SOL000304710,P000457,22,0,0,0,pass,4937.56
RETL000003271,RTN00003271,SOL000246054,P000074,18,18,0,18,fail,1301.93
RETL000003272,RTN00003272,SOL000028757,P000554,1,0,0,0,pass,179.4
RETL000003273,RTN00003273,SOL000031920,P000014,88,88,61,27,fail,9788.23
RETL000003274,RTN00003274,SOL000300823,P000220,3,3,1,2,fail,953.94
RETL000003275,RTN00003275,SOL000312360,P000552,40,0,0,0,pass,25391.4
RETL000003276,RTN00003276,SOL000235857,P000065,3,3,0,3,fail,141.81
RETL000003277,RTN00003277,SOL000043732,P000121,6,0,0,0,pass,868.5
RETL000003278,RTN00003278,SOL000267001,P000302,3,3,0,3,fail,277.93
RETL000003279,RTN00003279,SOL000047685,P000305,19,0,0,0,pass,1442.28
RETL000003280,RTN00003280,SOL000148383,P000257,1,1,1,0,pass,108.5
RETL000003281,RTN00003281,SOL000288104,P000582,3,3,1,2,fail,644.67
RETL000003282,RTN00003282,SOL000333739,P000342,22,22,7,15,fail,2422.67
RETL000003283,RTN00003283,SOL000242501,P000018,7,0,0,0,pass,1814.37
RETL000003284,RTN00003284,SOL000335537,P000459,2,2,1,1,fail,58.23
RETL000003285,RTN00003285,SOL000289027,P000351,4,4,0,4,fail,2803.51
RETL000003286,RTN00003286,SOL000030399,P000227,2,0,0,0,pass,114.54
RETL000003287,RTN00003287,SOL000031855,P000435,23,23,19,4,pass,1346.05
RETL000003288,RTN00003288,SOL000189138,P000329,19,19,13,6,fail,5519.18
RETL000003289,RTN00003289,SOL000243723,P000529,3,3,0,3,fail,237.6
RETL000003290,RTN00003290,SOL000145953,P000520,18,18,0,18,fail,3675.22
RETL000003291,RTN00003291,SOL000334592,P000025,44,44,33,11,fail,4794.73
RETL000003292,RTN00003292,SOL000181715,P000028,5,5,0,5,fail,979.97
RETL000003293,RTN00003293,SOL000158239,P000436,35,0,0,0,pass,2416.33
RETL000003294,RTN00003294,SOL000025220,P000177,27,27,0,27,fail,1698.83
RETL000003295,RTN00003295,SOL000166833,P000064,17,0,0,0,pass,1987.32
RETL000003296,RTN00003296,SOL000175647,P000357,59,59,0,59,fail,2879.23
RETL000003297,RTN00003297,SOL000251794,P000057,21,21,0,21,fail,9580.3
RETL000003298,RTN00003298,SOL000020145,P000138,4,4,0,4,fail,232.29
RETL000003299,RTN00003299,SOL000042449,P000305,2,0,0,0,pass,148.41
RETL000003300,RTN00003300,SOL000057523,P000032,10,10,0,10,fail,382.74
RETL000003301,RTN00003301,SOL000136667,P000106,9,9,0,9,fail,2097.05
RETL000003302,RTN00003302,SOL000333598,P000515,10,10,0,10,fail,580.69
RETL000003303,RTN00003303,SOL000323402,P000393,8,8,3,5,fail,2882.18
RETL000003304,RTN00003304,SOL000331557,P000523,7,7,0,7,fail,342.56
RETL000003305,RTN00003305,SOL000177929,P000037,93,93,0,93,fail,6580.8
RETL000003306,RTN00003306,SOL000355261,P000486,1,0,0,0,pass,66.17
RETL000003307,RTN00003307,SOL000251800,P000007,15,0,0,0,pass,2397.68
RETL000003308,RTN00003308,SOL000349639,P000550,14,14,0,14,fail,1322.93
RETL000003309,RTN00003309,SOL000128939,P000168,11,11,0,11,fail,3675.8
RETL000003310,RTN00003310,SOL000111440,P000193,12,0,0,0,pass,4247.1
RETL000003311,RTN00003311,SOL000127479,P000255,4,4,0,4,fail,620.6
RETL000003312,RTN00003312,SOL000226903,P000250,1,1,0,1,fail,87.84
RETL000003313,RTN00003313,SOL000325835,P000228,10,0,0,0,pass,2774.75
RETL000003314,RTN00003314,SOL000258663,P000269,14,0,0,0,pass,1563.1
RETL000003315,RTN00003315,SOL000068887,P000594,3,3,0,3,fail,169.79
RETL000003316,RTN00003316,SOL000094072,P000397,2,2,2,0,pass,265.48
RETL000003317,RTN00003317,SOL000303623,P000265,1,1,0,1,fail,137.57
RETL000003318,RTN00003318,SOL000270332,P000296,8,8,5,3,fail,841.28
RETL000003319,RTN00003319,SOL000159678,P000581,1,1,0,1,fail,39.9
RETL000003320,RTN00003320,SOL000214524,P000061,2,2,0,2,fail,275.79
RETL000003321,RTN00003321,SOL000184139,P000341,7,7,4,3,fail,1544.91
RETL000003322,RTN00003322,SOL000119266,P000022,4,4,0,4,fail,158.37
RETL000003323,RTN00003323,SOL000013739,P000339,8,8,0,8,fail,857.24
RETL000003324,RTN00003324,SOL000252751,P000426,9,0,0,0,pass,1082.15
RETL000003325,RTN00003325,SOL000335866,P000541,10,10,7,3,fail,4169.45
RETL000003326,RTN00003326,SOL000214104,P000272,1,1,0,1,fail,62.36
RETL000003327,RTN00003327,SOL000086124,P000306,8,8,6,2,fail,2202.25
RETL000003328,RTN00003328,SOL000364605,P000520,7,0,0,0,pass,1132.2
RETL000003329,RTN00003329,SOL000136240,P000331,9,9,6,3,fail,2383.34
RETL000003330,RTN00003330,SOL000138740,P000648,2,2,0,2,fail,299.46
RETL000003331,RTN00003331,SOL000344310,P000476,3,3,0,3,fail,817.03
RETL000003332,RTN00003332,SOL000272740,P000348,2,2,0,2,fail,113.15
RETL000003333,RTN00003333,SOL000306796,P000220,3,3,1,2,fail,966.92
RETL000003334,RTN00003334,SOL000277920,P000421,7,0,0,0,pass,604.11
RETL000003335,RTN00003335,SOL000015893,P000279,5,5,0,5,fail,249.29
RETL000003336,RTN00003336,SOL000364333,P000192,4,4,3,1,fail,180.01
RETL000003337,RTN00003337,SOL000349503,P000127,12,12,0,12,fail,1744.89
RETL000003338,RTN00003338,SOL000285845,P000143,2,2,1,1,fail,93.9
RETL000003339,RTN00003339,SOL000175464,P000358,8,8,3,5,fail,2829.29
RETL000003340,RTN00003340,SOL000132202,P000571,5,5,0,5,fail,724.38
RETL000003341,RTN00003341,SOL000161062,P000002,11,11,0,11,fail,1358.56
RETL000003342,RTN00003342,SOL000179697,P000415,9,9,0,9,fail,581.7
RETL000003343,RTN00003343,SOL000185418,P000588,23,23,10,13,fail,718.92
RETL000003344,RTN00003344,SOL000045599,P000437,49,49,28,21,fail,6793.7
RETL000003345,RTN00003345,SOL000217535,P000531,8,0,0,0,pass,861.09
RETL000003346,RTN00003346,SOL000078358,P000554,3,3,0,3,fail,409.09
RETL000003347,RTN00003347,SOL000145089,P000500,7,0,0,0,pass,166.59
RETL000003348,RTN00003348,SOL000190895,P000316,2,0,0,0,pass,180.79
RETL000003349,RTN00003349,SOL000116622,P000465,5,5,0,5,fail,533.38
RETL000003350,RTN00003350,SOL000363777,P000318,3,0,0,0,pass,184.43
RETL000003351,RTN00003351,SOL000324246,P000402,1,1,0,1,fail,133.83
RETL000003352,RTN00003352,SOL000215853,P000236,9,9,0,9,fail,399.74
RETL000003353,RTN00003353,SOL000122198,P000120,2,2,0,2,fail,104.97
RETL000003354,RTN00003354,SOL000174467,P000028,5,5,2,3,fail,1075.79
RETL000003355,RTN00003355,SOL000080995,P000489,4,4,0,4,fail,955.64
RETL000003356,RTN00003356,SOL000102036,P000479,8,0,0,0,pass,782.86
RETL000003357,RTN00003357,SOL000331208,P000574,2,2,0,2,fail,335.75
RETL000003358,RTN00003358,SOL000028908,P000488,15,15,0,15,fail,239.95
RETL000003359,RTN00003359,SOL000027635,P000062,4,4,2,2,fail,246.29
RETL000003360,RTN00003360,SOL000220798,P000049,10,10,0,10,fail,1933.3
RETL000003361,RTN00003361,SOL000203835,P000426,9,0,0,0,pass,1035.33
RETL000003362,RTN00003362,SOL000252970,P000149,28,28,19,9,fail,3904.93
RETL000003363,RTN00003363,SOL000106024,P000424,1,0,0,0,pass,22.21
RETL000003364,RTN00003364,SOL000110639,P000576,14,14,0,14,fail,1998.97
RETL000003365,RTN00003365,SOL000300365,P000147,1,1,0,1,fail,92.64
RETL000003366,RTN00003366,SOL000182186,P000118,4,4,0,4,fail,157.37
RETL000003367,RTN00003367,SOL000245314,P000132,8,8,0,8,fail,278.47
RETL000003368,RTN00003368,SOL000266085,P000233,2,2,1,1,fail,123.26
RETL000003369,RTN00003369,SOL000319378,P000378,4,4,3,1,fail,121.43
RETL000003370,RTN00003370,SOL000135415,P000033,4,4,2,2,fail,160.93
RETL000003371,RTN00003371,SOL000009296,P000143,11,11,7,4,fail,416.49
RETL000003372,RTN00003372,SOL000303344,P000242,1,1,0,1,fail,108.17
RETL000003373,RTN00003373,SOL000200103,P000354,8,8,0,8,fail,678.48
RETL000003374,RTN00003374,SOL000206475,P000577,1,1,0,1,fail,84.85
RETL000003375,RTN00003375,SOL000179760,P000381,2,0,0,0,pass,351.26
RETL000003376,RTN00003376,SOL000211632,P000375,7,7,4,3,fail,3124.87
RETL000003377,RTN00003377,SOL000072390,P000576,9,9,0,9,fail,1349.83
RETL000003378,RTN00003378,SOL000366618,P000504,11,11,0,11,fail,1281.85
RETL000003379,RTN00003379,SOL000167651,P000005,11,11,0,11,fail,1174.52
RETL000003380,RTN00003380,SOL000041256,P000421,3,0,0,0,pass,202.18
RETL000003381,RTN00003381,SOL000108462,P000487,8,8,3,5,fail,733.01
RETL000003382,RTN00003382,SOL000030052,P000009,2,2,2,0,pass,309.61
RETL000003383,RTN00003383,SOL000252425,P000189,71,71,30,41,fail,2370.46
RETL000003384,RTN00003384,SOL000150394,P000220,7,7,3,4,fail,2374.63
RETL000003385,RTN00003385,SOL000338888,P000378,1,1,1,0,pass,23.6
RETL000003386,RTN00003386,SOL000337263,P000565,2,2,0,2,fail,505.93
RETL000003387,RTN00003387,SOL000148247,P000044,8,8,0,8,fail,2245.3
RETL000003388,RTN00003388,SOL000097842,P000030,1,0,0,0,pass,32.5
RETL000003389,RTN00003389,SOL000219988,P000238,9,9,0,9,fail,1133.01
RETL000003390,RTN00003390,SOL000173907,P000280,9,9,0,9,fail,524.39
RETL000003391,RTN00003391,SOL000041258,P000615,23,0,0,0,pass,1727.63
RETL000003392,RTN00003392,SOL000161115,P000421,17,17,0,17,fail,1470.7
RETL000003393,RTN00003393,SOL000302352,P000167,9,9,0,9,fail,1144.09
RETL000003394,RTN00003394,SOL000058647,P000206,11,11,3,8,fail,2150.46
RETL000003395,RTN00003395,SOL000085419,P000158,3,0,0,0,pass,106.95
RETL000003396,RTN00003396,SOL000019439,P000048,1,1,1,0,pass,107.51
RETL000003397,RTN00003397,SOL000235176,P000199,10,10,6,4,fail,635.06
RETL000003398,RTN00003398,SOL000037467,P000244,14,14,0,14,fail,304.4
RETL000003399,RTN00003399,SOL000362004,P000326,7,7,0,7,fail,784.78
RETL000003400,RTN00003400,SOL000225339,P000465,6,6,0,6,fail,700.0
RETL000003401,RTN00003401,SOL000364671,P000028,21,21,0,21,fail,4624.93
RETL000003402,RTN00003402,SOL000250746,P000112,2,0,0,0,pass,509.31
RETL000003403,RTN00003403,SOL000181413,P000122,2,2,1,1,fail,347.74
RETL000003404,RTN00003404,SOL000211000,P000570,10,10,0,10,fail,2369.58
RETL000003405,RTN00003405,SOL000273486,P000298,22,22,0,22,fail,9416.79
RETL000003406,RTN00003406,SOL000356027,P000481,57,57,49,8,pass,1720.58
RETL000003407,RTN00003407,SOL000056065,P000097,1,1,0,1,fail,86.7
RETL000003408,RTN00003408,SOL000336170,P000550,9,9,0,9,fail,916.91
RETL000003409,RTN00003409,SOL000218210,P000557,1,0,0,0,pass,265.42
RETL000003410,RTN00003410,SOL000335452,P000280,7,7,0,7,fail,573.14
RETL000003411,RTN00003411,SOL000252109,P000377,1,1,0,1,fail,41.06
RETL000003412,RTN00003412,SOL000177592,P000275,6,0,0,0,pass,633.54
RETL000003413,RTN00003413,SOL000066963,P000336,9,9,6,3,fail,1370.99
RETL000003414,RTN00003414,SOL000009027,P000305,12,12,4,8,fail,804.38
RETL000003415,RTN00003415,SOL000118265,P000464,4,4,0,4,fail,559.42
RETL000003416,RTN00003416,SOL000317166,P000624,2,2,0,2,fail,297.84
RETL000003417,RTN00003417,SOL000278407,P000630,5,5,0,5,fail,1352.49
RETL000003418,RTN00003418,SOL000206322,P000214,6,6,5,1,pass,1171.8
RETL000003419,RTN00003419,SOL000100325,P000515,12,12,3,9,fail,512.52
RETL000003420,RTN00003420,SOL000261830,P000553,12,12,0,12,fail,5484.46
RETL000003421,RTN00003421,SOL000262084,P000211,10,10,5,5,fail,696.0
RETL000003422,RTN00003422,SOL000320509,P000084,10,10,9,1,pass,921.95
RETL000003423,RTN00003423,SOL000146627,P000082,8,0,0,0,pass,1893.59
RETL000003424,RTN00003424,SOL000129957,P000390,4,4,2,2,fail,65.23
RETL000003425,RTN00003425,SOL000365536,P000040,4,4,2,2,fail,576.83
RETL000003426,RTN00003426,SOL000042859,P000639,12,0,0,0,pass,838.18
RETL000003427,RTN00003427,SOL000162233,P000619,55,0,0,0,pass,5277.12
RETL000003428,RTN00003428,SOL000314003,P000476,7,0,0,0,pass,2831.6
RETL000003429,RTN00003429,SOL000071588,P000037,1,1,1,0,pass,90.52
RETL000003430,RTN00003430,SOL000169254,P000082,21,0,0,0,pass,4333.63
RETL000003431,RTN00003431,SOL000146742,P000082,60,60,47,13,fail,12021.71
RETL000003432,RTN00003432,SOL000168689,P000544,1,1,0,1,fail,37.68
RETL000003433,RTN00003433,SOL000198288,P000234,10,10,0,10,fail,1188.75
RETL000003434,RTN00003434,SOL000247231,P000080,6,6,5,1,pass,568.86
RETL000003435,RTN00003435,SOL000303879,P000485,21,21,0,21,fail,1248.0
RETL000003436,RTN00003436,SOL000322246,P000045,6,6,0,6,fail,945.9
RETL000003437,RTN00003437,SOL000145156,P000050,1,1,0,1,fail,119.29
RETL000003438,RTN00003438,SOL000081605,P000438,4,4,2,2,fail,291.19
RETL000003439,RTN00003439,SOL000237431,P000167,2,2,1,1,fail,249.57
RETL000003440,RTN00003440,SOL000102066,P000112,12,12,8,4,fail,3914.27
RETL000003441,RTN00003441,SOL000279290,P000558,4,0,0,0,pass,173.18
RETL000003442,RTN00003442,SOL000290484,P000085,27,0,0,0,pass,977.12
RETL000003443,RTN00003443,SOL000069278,P000417,6,6,0,6,fail,402.71
RETL000003444,RTN00003444,SOL000359340,P000268,5,5,0,5,fail,100.37
RETL000003445,RTN00003445,SOL000184313,P000478,8,8,0,8,fail,450.74
RETL000003446,RTN00003446,SOL000248807,P000558,2,2,0,2,fail,95.05
RETL000003447,RTN00003447,SOL000125485,P000297,3,3,0,3,fail,556.3
RETL000003448,RTN00003448,SOL000260927,P000322,4,4,1,3,fail,3538.63
RETL000003449,RTN00003449,SOL000185465,P000223,4,0,0,0,pass,1464.95
RETL000003450,RTN00003450,SOL000330754,P000403,5,5,3,2,fail,123.46
RETL000003451,RTN00003451,SOL000306650,P000218,7,7,0,7,fail,1229.55
RETL000003452,RTN00003452,SOL000125106,P000437,23,0,0,0,pass,3208.9
RETL000003453,RTN00003453,SOL000004948,P000496,6,6,5,1,pass,252.32
RETL000003454,RTN00003454,SOL000123500,P000426,3,3,1,2,fail,353.96
RETL000003455,RTN00003455,SOL000248410,P000328,6,6,0,6,fail,500.74
RETL000003456,RTN00003456,SOL000361962,P000296,50,50,0,50,fail,5043.62
RETL000003457,RTN00003457,SOL000302312,P000524,13,13,8,5,fail,521.96
RETL000003458,RTN00003458,SOL000027415,P000539,48,0,0,0,pass,5947.79
RETL000003459,RTN00003459,SOL000330716,P000555,1,1,0,1,fail,248.62
RETL000003460,RTN00003460,SOL000166300,P000211,31,31,24,7,fail,2108.43
RETL000003461,RTN00003461,SOL000302578,P000592,14,14,0,14,fail,976.53
RETL000003462,RTN00003462,SOL000324822,P000080,2,0,0,0,pass,183.12
RETL000003463,RTN00003463,SOL000276244,P000079,9,9,0,9,fail,334.5
RETL000003464,RTN00003464,SOL000180866,P000527,14,14,8,6,fail,6279.72
RETL000003465,RTN00003465,SOL000148882,P000390,16,16,0,16,fail,254.86
RETL000003466,RTN00003466,SOL000170223,P000549,4,0,0,0,pass,282.54
RETL000003467,RTN00003467,SOL000086395,P000236,19,0,0,0,pass,1045.31
RETL000003468,RTN00003468,SOL000215276,P000545,24,0,0,0,pass,1282.9
RETL000003469,RTN00003469,SOL000352815,P000614,7,0,0,0,pass,1439.79
RETL000003470,RTN00003470,SOL000334115,P000096,6,0,0,0,pass,550.29
RETL000003471,RTN00003471,SOL000228348,P000326,9,9,0,9,fail,1125.77
RETL000003472,RTN00003472,SOL000091412,P000255,10,10,3,7,fail,1904.33
RETL000003473,RTN00003473,SOL000327825,P000087,71,71,0,71,fail,1959.67
RETL000003474,RTN00003474,SOL000113154,P000131,13,13,0,13,fail,998.81
RETL000003475,RTN00003475,SOL000230939,P000565,4,4,2,2,fail,1330.94
RETL000003476,RTN00003476,SOL000240761,P000015,13,13,0,13,fail,11261.85
RETL000003477,RTN00003477,SOL000346831,P000333,13,13,6,7,fail,7421.49
RETL000003478,RTN00003478,SOL000223260,P000140,19,19,0,19,fail,5167.67
RETL000003479,RTN00003479,SOL000345193,P000594,2,2,1,1,fail,134.14
RETL000003480,RTN00003480,SOL000136195,P000581,3,3,0,3,fail,111.52
RETL000003481,RTN00003481,SOL000237580,P000319,3,3,2,1,fail,113.82
RETL000003482,RTN00003482,SOL000008723,P000282,13,13,11,2,pass,1757.73
RETL000003483,RTN00003483,SOL000291841,P000457,28,28,10,18,fail,6467.21
RETL000003484,RTN00003484,SOL000171335,P000631,6,0,0,0,pass,599.77
RETL000003485,RTN00003485,SOL000341679,P000236,20,20,15,5,fail,895.12
RETL000003486,RTN00003486,SOL000003691,P000435,2,2,0,2,fail,124.57
RETL000003487,RTN00003487,SOL000041932,P000322,5,5,0,5,fail,4537.94
RETL000003488,RTN00003488,SOL000080274,P000635,36,36,0,36,fail,13073.16
RETL000003489,RTN00003489,SOL000076307,P000206,2,2,0,2,fail,395.61
RETL000003490,RTN00003490,SOL000029862,P000640,12,12,0,12,fail,680.61
RETL000003491,RTN00003491,SOL000351360,P000611,2,2,0,2,fail,236.49
RETL000003492,RTN00003492,SOL000061662,P000112,5,0,0,0,pass,1045.4
RETL000003493,RTN00003493,SOL000218104,P000010,31,31,0,31,fail,2034.51
RETL000003494,RTN00003494,SOL000177958,P000326,3,3,0,3,fail,468.22
RETL000003495,RTN00003495,SOL000031187,P000048,4,4,0,4,fail,342.48
RETL000003496,RTN00003496,SOL000210614,P000295,7,7,0,7,fail,1470.31
RETL000003497,RTN00003497,SOL000261995,P000132,5,5,3,2,fail,172.4
RETL000003498,RTN00003498,SOL000287022,P000055,11,11,0,11,fail,5536.68
RETL000003499,RTN00003499,SOL000043524,P000060,4,4,3,1,fail,216.38
RETL000003500,RTN00003500,SOL000147186,P000329,5,5,0,5,fail,2020.62
RETL000003501,RTN00003501,SOL000003838,P000583,32,32,21,11,fail,1431.58
RETL000003502,RTN00003502,SOL000210097,P000030,12,0,0,0,pass,447.69
RETL000003503,RTN00003503,SOL000084563,P000447,6,0,0,0,pass,1367.9
RETL000003504,RTN00003504,SOL000117623,P000138,45,45,0,45,fail,2960.92
RETL000003505,RTN00003505,SOL000126932,P000531,47,47,18,29,fail,4649.57
RETL000003506,RTN00003506,SOL000057169,P000535,5,0,0,0,pass,351.2
RETL000003507,RTN00003507,SOL000002508,P000386,10,10,0,10,fail,1478.0
RETL000003508,RTN00003508,SOL000175504,P000279,12,12,4,8,fail,428.06
RETL000003509,RTN00003509,SOL000319119,P000555,10,10,0,10,fail,1993.72
RETL000003510,RTN00003510,SOL000000012,P000462,33,33,8,25,fail,3515.32
RETL000003511,RTN00003511,SOL000343658,P000156,17,17,0,17,fail,1204.31
RETL000003512,RTN00003512,SOL000127489,P000411,1,0,0,0,pass,23.84
RETL000003513,RTN00003513,SOL000262320,P000377,4,4,0,4,fail,187.35
RETL000003514,RTN00003514,SOL000036738,P000135,19,19,10,9,fail,2933.26
RETL000003515,RTN00003515,SOL000126031,P000436,3,3,3,0,pass,229.04
RETL000003516,RTN00003516,SOL000039691,P000564,8,8,0,8,fail,809.74
RETL000003517,RTN00003517,SOL000103711,P000450,16,16,12,4,fail,806.58
RETL000003518,RTN00003518,SOL000147291,P000039,14,0,0,0,pass,5330.16
RETL000003519,RTN00003519,SOL000151777,P000092,1,1,1,0,pass,157.96
RETL000003520,RTN00003520,SOL000236995,P000620,2,2,2,0,pass,667.94
RETL000003521,RTN00003521,SOL000051262,P000587,7,0,0,0,pass,1122.99
RETL000003522,RTN00003522,SOL000224018,P000594,38,0,0,0,pass,2117.7
RETL000003523,RTN00003523,SOL000044716,P000330,4,4,2,2,fail,441.15
RETL000003524,RTN00003524,SOL000236978,P000538,45,45,29,16,fail,18302.53
RETL000003525,RTN00003525,SOL000171532,P000316,3,0,0,0,pass,275.15
RETL000003526,RTN00003526,SOL000159797,P000563,1,0,0,0,pass,143.69
RETL000003527,RTN00003527,SOL000367265,P000390,9,9,5,4,fail,107.1
RETL000003528,RTN00003528,SOL000018441,P000196,5,5,4,1,pass,123.89
RETL000003529,RTN00003529,SOL000320176,P000050,21,21,0,21,fail,2291.23
RETL000003530,RTN00003530,SOL000324133,P000461,20,20,0,20,fail,3146.98
RETL000003531,RTN00003531,SOL000327542,P000430,57,57,0,57,fail,3717.63
RETL000003532,RTN00003532,SOL000022387,P000353,20,20,6,14,fail,1305.17
RETL000003533,RTN00003533,SOL000068140,P000448,6,6,4,2,fail,422.87
RETL000003534,RTN00003534,SOL000093941,P000517,13,13,8,5,fail,5394.43
RETL000003535,RTN00003535,SOL000061959,P000215,24,0,0,0,pass,518.31
RETL000003536,RTN00003536,SOL000100051,P000100,8,8,0,8,fail,493.34
RETL000003537,RTN00003537,SOL000153106,P000553,3,3,3,0,pass,1350.57
RETL000003538,RTN00003538,SOL000024872,P000581,1,1,1,0,pass,55.24
RETL000003539,RTN00003539,SOL000048674,P000546,1,1,0,1,fail,119.41
RETL000003540,RTN00003540,SOL000010832,P000371,2,2,0,2,fail,257.67
RETL000003541,RTN00003541,SOL000147314,P000627,9,9,0,9,fail,306.62
RETL000003542,RTN00003542,SOL000352875,P000195,3,3,1,2,fail,401.42
RETL000003543,RTN00003543,SOL000257854,P000534,5,0,0,0,pass,413.81
RETL000003544,RTN00003544,SOL000361792,P000217,7,7,0,7,fail,472.24
RETL000003545,RTN00003545,SOL000219933,P000507,14,14,0,14,fail,1520.86
RETL000003546,RTN00003546,SOL000122379,P000549,7,0,0,0,pass,507.28
RETL000003547,RTN00003547,SOL000011777,P000348,21,21,0,21,fail,1079.07
RETL000003548,RTN00003548,SOL000071677,P000426,12,12,0,12,fail,1417.66
RETL000003549,RTN00003549,SOL000229519,P000393,12,12,9,3,fail,4382.98
RETL000003550,RTN00003550,SOL000135987,P000563,10,0,0,0,pass,1450.97
RETL000003551,RTN00003551,SOL000289445,P000577,8,0,0,0,pass,677.0
RETL000003552,RTN00003552,SOL000070358,P000089,27,27,0,27,fail,4805.97
RETL000003553,RTN00003553,SOL000228676,P000206,4,4,2,2,fail,928.0
RETL000003554,RTN00003554,SOL000364434,P000117,8,0,0,0,pass,1084.53
RETL000003555,RTN00003555,SOL000301682,P000335,9,9,5,4,fail,630.14
RETL000003556,RTN00003556,SOL000307806,P000572,4,4,0,4,fail,484.15
RETL000003557,RTN00003557,SOL000162131,P000602,24,24,0,24,fail,2957.87
RETL000003558,RTN00003558,SOL000177829,P000602,10,10,0,10,fail,1617.11
RETL000003559,RTN00003559,SOL000056924,P000383,22,0,0,0,pass,3474.45
RETL000003560,RTN00003560,SOL000233637,P000423,1,1,0,1,fail,65.38
RETL000003561,RTN00003561,SOL000225898,P000148,4,0,0,0,pass,482.95
RETL000003562,RTN00003562,SOL000254504,P000278,12,12,0,12,fail,1025.85
RETL000003563,RTN00003563,SOL000053289,P000334,3,3,2,1,fail,283.7
RETL000003564,RTN00003564,SOL000327273,P000145,37,0,0,0,pass,5391.4
RETL000003565,RTN00003565,SOL000172974,P000108,20,20,0,20,fail,678.32
RETL000003566,RTN00003566,SOL000194786,P000386,2,0,0,0,pass,267.63
RETL000003567,RTN00003567,SOL000296899,P000407,9,9,0,9,fail,961.05
RETL000003568,RTN00003568,SOL000221086,P000005,14,14,11,3,fail,1907.86
RETL000003569,RTN00003569,SOL000272748,P000287,34,34,0,34,fail,1474.29
RETL000003570,RTN00003570,SOL000080307,P000147,3,3,0,3,fail,283.23
RETL000003571,RTN00003571,SOL000125644,P000439,5,5,1,4,fail,848.75
RETL000003572,RTN00003572,SOL000049995,P000221,7,7,3,4,fail,944.41
RETL000003573,RTN00003573,SOL000148379,P000038,1,1,0,1,fail,45.7
RETL000003574,RTN00003574,SOL000282214,P000293,5,5,0,5,fail,609.3
RETL000003575,RTN00003575,SOL000104296,P000192,8,8,0,8,fail,345.2
RETL000003576,RTN00003576,SOL000156984,P000622,8,8,0,8,fail,1432.36
RETL000003577,RTN00003577,SOL000205460,P000466,4,0,0,0,pass,321.36
RETL000003578,RTN00003578,SOL000266301,P000221,19,19,0,19,fail,2667.6
RETL000003579,RTN00003579,SOL000045691,P000626,4,0,0,0,pass,350.6
RETL000003580,RTN00003580,SOL000355364,P000100,4,4,3,1,fail,260.28
RETL000003581,RTN00003581,SOL000219583,P000479,9,9,0,9,fail,762.99
RETL000003582,RTN00003582,SOL000334325,P000298,2,2,0,2,fail,742.29
RETL000003583,RTN00003583,SOL000239905,P000296,15,15,8,7,fail,1878.32
RETL000003584,RTN00003584,SOL000233566,P000173,10,10,0,10,fail,1523.26
RETL000003585,RTN00003585,SOL000149416,P000287,4,4,0,4,fail,189.54
RETL000003586,RTN00003586,SOL000353764,P000413,1,0,0,0,pass,114.75
RETL000003587,RTN00003587,SOL000324405,P000576,5,0,0,0,pass,572.49
RETL000003588,RTN00003588,SOL000339841,P000613,1,1,0,1,fail,51.77
RETL000003589,RTN00003589,SOL000017065,P000621,27,27,23,4,pass,3290.15
RETL000003590,RTN00003590,SOL000016112,P000466,5,5,0,5,fail,412.2
RETL000003591,RTN00003591,SOL000306825,P000001,8,0,0,0,pass,1973.25
RETL000003592,RTN00003592,SOL000062266,P000096,10,10,3,7,fail,642.2
RETL000003593,RTN00003593,SOL000293075,P000046,10,10,8,2,pass,617.27
RETL000003594,RTN00003594,SOL000336996,P000292,9,0,0,0,pass,6228.17
RETL000003595,RTN00003595,SOL000315340,P000049,6,6,5,1,pass,1128.2
RETL000003596,RTN00003596,SOL000059642,P000113,7,7,3,4,fail,352.48
RETL000003597,RTN00003597,SOL000108745,P000188,15,15,0,15,fail,1129.63
RETL000003598,RTN00003598,SOL000193460,P000377,16,16,7,9,fail,699.26
RETL000003599,RTN00003599,SOL000195076,P000582,11,0,0,0,pass,2166.9
RETL000003600,RTN00003600,SOL000019896,P000231,22,22,17,5,fail,3055.4
RETL000003601,RTN00003601,SOL000153802,P000071,3,3,0,3,fail,424.31
RETL000003602,RTN00003602,SOL000121658,P000506,2,2,0,2,fail,113.66
RETL000003603,RTN00003603,SOL000312940,P000222,6,6,0,6,fail,2051.1
RETL000003604,RTN00003604,SOL000234145,P000101,2,2,1,1,fail,236.87
RETL000003605,RTN00003605,SOL000137444,P000133,35,35,18,17,fail,2992.98
RETL000003606,RTN00003606,SOL000023989,P000539,12,12,11,1,pass,1208.68
RETL000003607,RTN00003607,SOL000252875,P000156,3,3,0,3,fail,238.34
RETL000003608,RTN00003608,SOL000141636,P000148,5,5,0,5,fail,665.5
RETL000003609,RTN00003609,SOL000116983,P000596,1,0,0,0,pass,254.03
RETL000003610,RTN00003610,SOL000081233,P000598,7,0,0,0,pass,870.14
RETL000003611,RTN00003611,SOL000339323,P000500,49,49,0,49,fail,1037.62
RETL000003612,RTN00003612,SOL000074401,P000515,10,10,6,4,fail,470.24
RETL000003613,RTN00003613,SOL000329376,P000154,2,0,0,0,pass,183.87
RETL000003614,RTN00003614,SOL000240288,P000638,9,9,8,1,pass,317.32
RETL000003615,RTN00003615,SOL000241936,P000014,1,0,0,0,pass,108.76
RETL000003616,RTN00003616,SOL000035565,P000387,5,5,0,5,fail,164.71
RETL000003617,RTN00003617,SOL000349552,P000430,2,2,0,2,fail,116.57
RETL000003618,RTN00003618,SOL000153802,P000071,11,0,0,0,pass,1304.37
RETL000003619,RTN00003619,SOL000160345,P000233,3,3,0,3,fail,149.21
RETL000003620,RTN00003620,SOL000265946,P000103,3,3,0,3,fail,164.28
RETL000003621,RTN00003621,SOL000313634,P000344,6,6,0,6,fail,778.94
RETL000003622,RTN00003622,SOL000129315,P000484,9,9,0,9,fail,471.74
RETL000003623,RTN00003623,SOL000239894,P000146,17,0,0,0,pass,1425.54
RETL000003624,RTN00003624,SOL000367031,P000444,6,6,3,3,fail,1014.46
RETL000003625,RTN00003625,SOL000287184,P000338,1,1,0,1,fail,66.54
RETL000003626,RTN00003626,SOL000071246,P000391,3,0,0,0,pass,111.16
RETL000003627,RTN00003627,SOL000186792,P000274,14,14,0,14,fail,1440.3
RETL000003628,RTN00003628,SOL000067565,P000049,8,8,4,4,fail,1277.79
RETL000003629,RTN00003629,SOL000138314,P000273,8,0,0,0,pass,1019.31
RETL000003630,RTN00003630,SOL000328913,P000376,6,0,0,0,pass,71.45
RETL000003631,RTN00003631,SOL000129090,P000356,10,10,0,10,fail,1898.96
RETL000003632,RTN00003632,SOL000317631,P000190,1,0,0,0,pass,72.87
RETL000003633,RTN00003633,SOL000115810,P000359,6,0,0,0,pass,133.57
RETL000003634,RTN00003634,SOL000240425,P000610,5,5,0,5,fail,209.69
RETL000003635,RTN00003635,SOL000177124,P000553,2,2,0,2,fail,880.51
RETL000003636,RTN00003636,SOL000084839,P000429,14,14,0,14,fail,1438.82
RETL000003637,RTN00003637,SOL000260004,P000162,3,3,2,1,fail,147.81
RETL000003638,RTN00003638,SOL000361593,P000062,8,8,3,5,fail,636.32
RETL000003639,RTN00003639,SOL000237738,P000315,21,21,0,21,fail,2801.39
RETL000003640,RTN00003640,SOL000350083,P000318,22,0,0,0,pass,1524.25
RETL000003641,RTN00003641,SOL000179947,P000591,8,8,0,8,fail,2266.49
RETL000003642,RTN00003642,SOL000123910,P000440,2,2,1,1,fail,118.3
RETL000003643,RTN00003643,SOL000336086,P000511,7,7,0,7,fail,2992.66
RETL000003644,RTN00003644,SOL000174323,P000210,20,20,0,20,fail,2878.37
RETL000003645,RTN00003645,SOL000300223,P000345,18,18,0,18,fail,3928.82
RETL000003646,RTN00003646,SOL000359873,P000393,6,6,0,6,fail,1636.82
RETL000003647,RTN00003647,SOL000003265,P000214,26,0,0,0,pass,5229.47
RETL000003648,RTN00003648,SOL000247546,P000460,1,1,1,0,pass,142.42
RETL000003649,RTN00003649,SOL000048306,P000305,13,13,7,6,fail,1173.25
RETL000003650,RTN00003650,SOL000280056,P000475,3,3,1,2,fail,1020.12
RETL000003651,RTN00003651,SOL000002841,P000037,37,0,0,0,pass,2524.24
RETL000003652,RTN00003652,SOL000241192,P000327,3,3,0,3,fail,599.29
RETL000003653,RTN00003653,SOL000272828,P000611,1,1,0,1,fail,110.5
RETL000003654,RTN00003654,SOL000361165,P000364,15,0,0,0,pass,732.86
RETL000003655,RTN00003655,SOL000028258,P000150,5,5,0,5,fail,475.63
RETL000003656,RTN00003656,SOL000195345,P000353,2,0,0,0,pass,140.87
RETL000003657,RTN00003657,SOL000321555,P000288,13,13,0,13,fail,1732.44
RETL000003658,RTN00003658,SOL000292478,P000267,88,88,49,39,fail,10890.91
RETL000003659,RTN00003659,SOL000022902,P000349,16,16,10,6,fail,1036.51
RETL000003660,RTN00003660,SOL000015613,P000209,5,0,0,0,pass,785.17
RETL000003661,RTN00003661,SOL000282225,P000630,18,18,0,18,fail,4385.32
RETL000003662,RTN00003662,SOL000056530,P000299,5,5,0,5,fail,1819.57
RETL000003663,RTN00003663,SOL000250662,P000120,2,2,1,1,fail,153.68
RETL000003664,RTN00003664,SOL000011693,P000194,1,1,0,1,fail,193.26
RETL000003665,RTN00003665,SOL000310935,P000475,19,19,9,10,fail,5803.71
RETL000003666,RTN00003666,SOL000350608,P000491,3,3,2,1,fail,600.2
RETL000003667,RTN00003667,SOL000279331,P000650,26,26,0,26,fail,2624.62
RETL000003668,RTN00003668,SOL000138520,P000354,8,8,0,8,fail,686.99
RETL000003669,RTN00003669,SOL000328127,P000578,4,4,2,2,fail,351.94
RETL000003670,RTN00003670,SOL000052391,P000320,26,26,19,7,fail,3017.85
RETL000003671,RTN00003671,SOL000128100,P000243,41,41,0,41,fail,3047.29
RETL000003672,RTN00003672,SOL000000057,P000512,17,0,0,0,pass,1530.48
RETL000003673,RTN00003673,SOL000059951,P000325,10,10,0,10,fail,1921.78
RETL000003674,RTN00003674,SOL000098712,P000175,73,0,0,0,pass,7482.83
RETL000003675,RTN00003675,SOL000142675,P000436,11,11,0,11,fail,849.26
RETL000003676,RTN00003676,SOL000214979,P000434,11,11,0,11,fail,3060.01
RETL000003677,RTN00003677,SOL000364245,P000472,3,3,2,1,fail,514.55
RETL000003678,RTN00003678,SOL000152354,P000283,14,14,11,3,fail,2942.44
RETL000003679,RTN00003679,SOL000008401,P000353,2,2,0,2,fail,126.82
RETL000003680,RTN00003680,SOL000220574,P000224,2,0,0,0,pass,1670.66
RETL000003681,RTN00003681,SOL000266137,P000172,8,8,0,8,fail,550.0
RETL000003682,RTN00003682,SOL000114118,P000294,6,0,0,0,pass,1674.35
RETL000003683,RTN00003683,SOL000110240,P000358,3,3,2,1,fail,1014.05
RETL000003684,RTN00003684,SOL000356262,P000308,3,3,0,3,fail,353.62
RETL000003685,RTN00003685,SOL000062803,P000404,6,6,5,1,pass,868.12
RETL000003686,RTN00003686,SOL000019221,P000478,35,0,0,0,pass,2188.31
RETL000003687,RTN00003687,SOL000348974,P000089,6,6,0,6,fail,1038.57
RETL000003688,RTN00003688,SOL000044913,P000639,29,29,25,4,pass,1841.19
RETL000003689,RTN00003689,SOL000023419,P000031,5,5,3,2,fail,322.78
RETL000003690,RTN00003690,SOL000245592,P000107,4,0,0,0,pass,428.45
RETL000003691,RTN00003691,SOL000263525,P000399,7,7,0,7,fail,317.51
RETL000003692,RTN00003692,SOL000035532,P000072,5,0,0,0,pass,373.22
RETL000003693,RTN00003693,SOL000129240,P000165,41,41,25,16,fail,2016.15
RETL000003694,RTN00003694,SOL000100232,P000530,22,0,0,0,pass,963.39
RETL000003695,RTN00003695,SOL000152364,P000432,7,7,0,7,fail,615.57
RETL000003696,RTN00003696,SOL000355916,P000151,9,0,0,0,pass,485.61
RETL000003697,RTN00003697,SOL000075515,P000635,5,0,0,0,pass,1283.77
RETL000003698,RTN00003698,SOL000212143,P000395,1,1,1,0,pass,739.71
RETL000003699,RTN00003699,SOL000089041,P000205,2,2,0,2,fail,189.34
RETL000003700,RTN00003700,SOL000001065,P000204,1,1,0,1,fail,88.18
RETL000003701,RTN00003701,SOL000163226,P000092,17,17,0,17,fail,2701.24
RETL000003702,RTN00003702,SOL000288439,P000204,4,4,0,4,fail,319.51
RETL000003703,RTN00003703,SOL000314446,P000240,40,40,0,40,fail,4722.42
RETL000003704,RTN00003704,SOL000052725,P000585,30,30,0,30,fail,1224.39
RETL000003705,RTN00003705,SOL000260908,P000640,2,2,0,2,fail,92.62
RETL000003706,RTN00003706,SOL000227904,P000591,1,1,0,1,fail,239.25
RETL000003707,RTN00003707,SOL000123857,P000421,2,2,0,2,fail,138.73
RETL000003708,RTN00003708,SOL000037252,P000382,35,0,0,0,pass,434.66
RETL000003709,RTN00003709,SOL000100751,P000337,5,5,0,5,fail,196.94
RETL000003710,RTN00003710,SOL000024029,P000106,8,8,0,8,fail,1338.94
RETL000003711,RTN00003711,SOL000199981,P000246,2,2,0,2,fail,875.44
RETL000003712,RTN00003712,SOL000352444,P000051,36,0,0,0,pass,541.4
RETL000003713,RTN00003713,SOL000136244,P000438,1,0,0,0,pass,55.72
RETL000003714,RTN00003714,SOL000187618,P000366,19,19,0,19,fail,1147.4
RETL000003715,RTN00003715,SOL000049761,P000284,6,6,0,6,fail,87.61
RETL000003716,RTN00003716,SOL000061312,P000044,2,2,0,2,fail,631.18
RETL000003717,RTN00003717,SOL000271291,P000497,9,9,0,9,fail,587.17
RETL000003718,RTN00003718,SOL000212766,P000294,17,17,0,17,fail,4337.33
RETL000003719,RTN00003719,SOL000247197,P000213,30,0,0,0,pass,1708.77
RETL000003720,RTN00003720,SOL000323661,P000618,12,0,0,0,pass,1209.94
RETL000003721,RTN00003721,SOL000180495,P000539,3,3,0,3,fail,312.7
RETL000003722,RTN00003722,SOL000197553,P000321,6,6,3,3,fail,220.18
RETL000003723,RTN00003723,SOL000158312,P000588,4,4,0,4,fail,131.12
RETL000003724,RTN00003724,SOL000269872,P000318,4,4,0,4,fail,223.54
RETL000003725,RTN00003725,SOL000163860,P000366,22,22,10,12,fail,1998.72
RETL000003726,RTN00003726,SOL000233953,P000168,4,4,4,0,pass,1009.4
RETL000003727,RTN00003727,SOL000302771,P000544,8,8,0,8,fail,416.05
RETL000003728,RTN00003728,SOL000088238,P000207,8,8,0,8,fail,436.07
RETL000003729,RTN00003729,SOL000138109,P000097,4,0,0,0,pass,498.9
RETL000003730,RTN00003730,SOL000103488,P000099,1,1,0,1,fail,156.03
RETL000003731,RTN00003731,SOL000357967,P000406,1,1,0,1,fail,28.83
RETL000003732,RTN00003732,SOL000264673,P000176,11,0,0,0,pass,2747.77
RETL000003733,RTN00003733,SOL000172386,P000369,58,58,0,58,fail,2311.98
RETL000003734,RTN00003734,SOL000112889,P000099,14,14,4,10,fail,1688.37
RETL000003735,RTN00003735,SOL000008214,P000470,3,3,3,0,pass,280.86
RETL000003736,RTN00003736,SOL000086609,P000445,1,1,0,1,fail,143.29
RETL000003737,RTN00003737,SOL000016983,P000049,36,36,30,6,pass,7049.36
RETL000003738,RTN00003738,SOL000001997,P000563,10,10,0,10,fail,1502.15
RETL000003739,RTN00003739,SOL000138920,P000135,10,10,0,10,fail,1508.72
RETL000003740,RTN00003740,SOL000335213,P000628,1,1,0,1,fail,109.36
RETL000003741,RTN00003741,SOL000047785,P000546,15,15,12,3,pass,1613.89
RETL000003742,RTN00003742,SOL000267933,P000231,1,1,0,1,fail,146.29
RETL000003743,RTN00003743,SOL000203126,P000244,2,2,1,1,fail,46.47
RETL000003744,RTN00003744,SOL000000539,P000546,15,15,0,15,fail,1729.16
RETL000003745,RTN00003745,SOL000122436,P000405,3,0,0,0,pass,135.49
RETL000003746,RTN00003746,SOL000191426,P000616,1,0,0,0,pass,90.34
RETL000003747,RTN00003747,SOL000189674,P000512,7,7,0,7,fail,778.26
RETL000003748,RTN00003748,SOL000255896,P000330,3,3,0,3,fail,323.56
RETL000003749,RTN00003749,SOL000098213,P000252,4,4,1,3,fail,623.93
RETL000003750,RTN00003750,SOL000264307,P000396,5,5,0,5,fail,702.02
RETL000003751,RTN00003751,SOL000283668,P000581,1,1,0,1,fail,52.76
RETL000003752,RTN00003752,SOL000296817,P000491,3,3,0,3,fail,506.14
RETL000003753,RTN00003753,SOL000085568,P000240,19,19,0,19,fail,2361.59
RETL000003754,RTN00003754,SOL000042391,P000180,2,0,0,0,pass,65.02
RETL000003755,RTN00003755,SOL000096319,P000459,5,5,0,5,fail,182.2
RETL000003756,RTN00003756,SOL000126094,P000083,7,0,0,0,pass,900.02
RETL000003757,RTN00003757,SOL000036384,P000546,11,0,0,0,pass,1040.69
RETL000003758,RTN00003758,SOL000310243,P000062,6,6,5,1,pass,449.78
RETL000003759,RTN00003759,SOL000092030,P000391,1,1,0,1,fail,30.42
RETL000003760,RTN00003760,SOL000361710,P000564,6,6,0,6,fail,671.51
RETL000003761,RTN00003761,SOL000259297,P000403,1,1,0,1,fail,29.79
RETL000003762,RTN00003762,SOL000154000,P000301,22,22,0,22,fail,2407.15
RETL000003763,RTN00003763,SOL000326204,P000240,11,11,0,11,fail,1189.41
RETL000003764,RTN00003764,SOL000233653,P000519,5,5,0,5,fail,791.26
RETL000003765,RTN00003765,SOL000330066,P000346,7,0,0,0,pass,395.37
RETL000003766,RTN00003766,SOL000345375,P000004,17,17,12,5,fail,4111.89
RETL000003767,RTN00003767,SOL000008579,P000440,1,1,0,1,fail,68.53
RETL000003768,RTN00003768,SOL000187619,P000562,5,5,0,5,fail,571.71
RETL000003769,RTN00003769,SOL000352155,P000470,26,26,7,19,fail,2633.16
RETL000003770,RTN00003770,SOL000235530,P000520,30,30,21,9,fail,5623.51
RETL000003771,RTN00003771,SOL000199838,P000487,12,0,0,0,pass,1187.98
RETL000003772,RTN00003772,SOL000044669,P000118,9,9,0,9,fail,400.48
RETL000003773,RTN00003773,SOL000010620,P000534,1,1,1,0,pass,72.5
RETL000003774,RTN00003774,SOL000117770,P000391,4,4,3,1,fail,145.05
RETL000003775,RTN00003775,SOL000250665,P000420,26,0,0,0,pass,1234.5
RETL000003776,RTN00003776,SOL000334663,P000110,27,27,20,7,fail,549.86
RETL000003777,RTN00003777,SOL000004026,P000240,4,4,0,4,fail,585.5
RETL000003778,RTN00003778,SOL000086948,P000618,11,0,0,0,pass,901.43
RETL000003779,RTN00003779,SOL000229340,P000014,2,2,0,2,fail,152.3
RETL000003780,RTN00003780,SOL000074789,P000001,38,38,17,21,fail,8039.66
RETL000003781,RTN00003781,SOL000358833,P000392,5,5,0,5,fail,375.65
RETL000003782,RTN00003782,SOL000067624,P000443,15,15,0,15,fail,1719.19
RETL000003783,RTN00003783,SOL000209253,P000429,5,5,4,1,pass,410.83
RETL000003784,RTN00003784,SOL000001714,P000036,6,6,0,6,fail,242.12
RETL000003785,RTN00003785,SOL000131868,P000162,29,29,0,29,fail,988.73
RETL000003786,RTN00003786,SOL000031934,P000436,5,5,0,5,fail,275.99
RETL000003787,RTN00003787,SOL000227715,P000364,1,1,0,1,fail,53.5
RETL000003788,RTN00003788,SOL000356661,P000506,2,2,0,2,fail,118.44
RETL000003789,RTN00003789,SOL000123086,P000044,15,15,5,10,fail,3872.91
RETL000003790,RTN00003790,SOL000114954,P000581,12,0,0,0,pass,581.29
RETL000003791,RTN00003791,SOL000294388,P000038,5,5,0,5,fail,236.03
RETL000003792,RTN00003792,SOL000171466,P000187,3,3,0,3,fail,436.66
RETL000003793,RTN00003793,SOL000114001,P000392,14,14,6,8,fail,727.65
RETL000003794,RTN00003794,SOL000292226,P000217,9,0,0,0,pass,555.9
RETL000003795,RTN00003795,SOL000083390,P000649,4,4,0,4,fail,1331.1
RETL000003796,RTN00003796,SOL000235388,P000026,9,0,0,0,pass,643.24
RETL000003797,RTN00003797,SOL000347244,P000107,10,10,7,3,fail,781.99
RETL000003798,RTN00003798,SOL000192457,P000064,5,5,0,5,fail,461.33
RETL000003799,RTN00003799,SOL000058673,P000047,2,2,0,2,fail,146.37
RETL000003800,RTN00003800,SOL000226628,P000334,7,0,0,0,pass,782.65
RETL000003801,RTN00003801,SOL000288474,P000430,12,12,0,12,fail,598.2
RETL000003802,RTN00003802,SOL000270651,P000475,3,3,0,3,fail,835.32
RETL000003803,RTN00003803,SOL000305810,P000514,6,6,0,6,fail,832.59
RETL000003804,RTN00003804,SOL000342787,P000544,2,2,0,2,fail,95.44
RETL000003805,RTN00003805,SOL000220108,P000543,45,45,18,27,fail,6193.78
RETL000003806,RTN00003806,SOL000097194,P000155,1,1,0,1,fail,65.81
RETL000003807,RTN00003807,SOL000146182,P000556,3,3,0,3,fail,186.89
RETL000003808,RTN00003808,SOL000086919,P000139,9,9,0,9,fail,782.75
RETL000003809,RTN00003809,SOL000209476,P000547,10,10,0,10,fail,3714.28
RETL000003810,RTN00003810,SOL000120638,P000629,7,0,0,0,pass,224.65
RETL000003811,RTN00003811,SOL000314814,P000545,11,11,0,11,fail,675.69
RETL000003812,RTN00003812,SOL000205087,P000079,14,14,0,14,fail,522.79
RETL000003813,RTN00003813,SOL000344226,P000103,4,4,0,4,fail,232.64
RETL000003814,RTN00003814,SOL000154337,P000037,6,6,0,6,fail,520.94
RETL000003815,RTN00003815,SOL000294986,P000039,25,25,0,25,fail,11865.55
RETL000003816,RTN00003816,SOL000229226,P000092,1,1,1,0,pass,111.14
RETL000003817,RTN00003817,SOL000199429,P000253,4,4,0,4,fail,419.84
RETL000003818,RTN00003818,SOL000023097,P000211,4,0,0,0,pass,291.09
RETL000003819,RTN00003819,SOL000153957,P000102,27,0,0,0,pass,4344.1
RETL000003820,RTN00003820,SOL000177920,P000173,3,3,0,3,fail,469.0
RETL000003821,RTN00003821,SOL000142166,P000598,15,0,0,0,pass,1585.7
RETL000003822,RTN00003822,SOL000280567,P000498,6,0,0,0,pass,726.94
RETL000003823,RTN00003823,SOL000094965,P000603,5,5,4,1,pass,272.93
RETL000003824,RTN00003824,SOL000059874,P000086,57,57,51,6,pass,4068.1
RETL000003825,RTN00003825,SOL000091729,P000556,5,5,0,5,fail,330.25
RETL000003826,RTN00003826,SOL000337939,P000358,6,6,3,3,fail,2232.01
RETL000003827,RTN00003827,SOL000105076,P000365,1,1,0,1,fail,49.54
RETL000003828,RTN00003828,SOL000074721,P000071,8,0,0,0,pass,1305.28
RETL000003829,RTN00003829,SOL000211274,P000224,8,8,0,8,fail,6018.7
RETL000003830,RTN00003830,SOL000189391,P000533,4,4,3,1,fail,483.91
RETL000003831,RTN00003831,SOL000137092,P000488,12,0,0,0,pass,205.67
RETL000003832,RTN00003832,SOL000143057,P000485,5,5,3,2,fail,247.52
RETL000003833,RTN00003833,SOL000159533,P000030,40,40,22,18,fail,1216.84
RETL000003834,RTN00003834,SOL000079358,P000533,13,13,0,13,fail,1580.92
RETL000003835,RTN00003835,SOL000099802,P000061,87,87,0,87,fail,11627.89
RETL000003836,RTN00003836,SOL000047234,P000298,34,34,0,34,fail,10984.05
RETL000003837,RTN00003837,SOL000283265,P000011,11,11,0,11,fail,301.82
RETL000003838,RTN00003838,SOL000065974,P000403,17,17,0,17,fail,431.15
RETL000003839,RTN00003839,SOL000003667,P000272,13,13,5,8,fail,745.98
RETL000003840,RTN00003840,SOL000221893,P000425,7,0,0,0,pass,461.35
RETL000003841,RTN00003841,SOL000221017,P000649,6,0,0,0,pass,2672.07
RETL000003842,RTN00003842,SOL000304979,P000585,2,2,1,1,fail,84.44
RETL000003843,RTN00003843,SOL000085076,P000597,18,18,0,18,fail,1952.77
RETL000003844,RTN00003844,SOL000273243,P000470,42,0,0,0,pass,5363.97
RETL000003845,RTN00003845,SOL000016642,P000159,6,6,4,2,fail,182.91
RETL000003846,RTN00003846,SOL000167622,P000499,3,3,0,3,fail,622.41
RETL000003847,RTN00003847,SOL000364034,P000332,2,2,0,2,fail,496.92
RETL000003848,RTN00003848,SOL000253172,P000299,8,8,0,8,fail,2305.01
RETL000003849,RTN00003849,SOL000211810,P000188,4,4,0,4,fail,338.87
RETL000003850,RTN00003850,SOL000199067,P000632,1,0,0,0,pass,287.86
RETL000003851,RTN00003851,SOL000330200,P000133,24,24,0,24,fail,1881.09
RETL000003852,RTN00003852,SOL000144025,P000230,82,82,0,82,fail,2973.43
RETL000003853,RTN00003853,SOL000339427,P000002,1,1,0,1,fail,131.14
RETL000003854,RTN00003854,SOL000185380,P000622,7,7,0,7,fail,1703.91
RETL000003855,RTN00003855,SOL000124598,P000454,2,2,0,2,fail,77.84
RETL000003856,RTN00003856,SOL000042335,P000450,40,0,0,0,pass,1919.68
RETL000003857,RTN00003857,SOL000262527,P000065,4,4,0,4,fail,153.71
RETL000003858,RTN00003858,SOL000342464,P000137,37,37,0,37,fail,2267.85
RETL000003859,RTN00003859,SOL000360970,P000497,37,37,27,10,fail,2931.32
RETL000003860,RTN00003860,SOL000054003,P000523,9,9,0,9,fail,481.39
RETL000003861,RTN00003861,SOL000087068,P000038,2,2,0,2,fail,87.79
RETL000003862,RTN00003862,SOL000080572,P000391,3,3,2,1,fail,109.07
RETL000003863,RTN00003863,SOL000061390,P000438,1,1,1,0,pass,66.42
RETL000003864,RTN00003864,SOL000111411,P000488,13,13,0,13,fail,183.44
RETL000003865,RTN00003865,SOL000226155,P000404,23,0,0,0,pass,3414.84
RETL000003866,RTN00003866,SOL000226254,P000552,7,7,0,7,fail,4158.78
RETL000003867,RTN00003867,SOL000024261,P000238,7,7,5,2,fail,1220.35
RETL000003868,RTN00003868,SOL000276434,P000590,7,7,0,7,fail,1118.52
RETL000003869,RTN00003869,SOL000018127,P000082,4,4,3,1,fail,1056.06
RETL000003870,RTN00003870,SOL000027879,P000043,8,0,0,0,pass,2356.36
RETL000003871,RTN00003871,SOL000359652,P000415,5,5,2,3,fail,378.6
RETL000003872,RTN00003872,SOL000143924,P000615,5,5,4,1,pass,343.46
RETL000003873,RTN00003873,SOL000085243,P000272,9,9,0,9,fail,587.33
RETL000003874,RTN00003874,SOL000296373,P000032,24,0,0,0,pass,850.35
RETL000003875,RTN00003875,SOL000149330,P000109,1,1,0,1,fail,59.43
RETL000003876,RTN00003876,SOL000356574,P000141,2,0,0,0,pass,99.27
RETL000003877,RTN00003877,SOL000194730,P000252,21,21,0,21,fail,3192.58
RETL000003878,RTN00003878,SOL000071173,P000636,9,9,0,9,fail,362.06
RETL000003879,RTN00003879,SOL000113821,P000342,5,5,1,4,fail,604.41
RETL000003880,RTN00003880,SOL000343258,P000356,7,7,0,7,fail,1202.29
RETL000003881,RTN00003881,SOL000218077,P000189,36,36,31,5,pass,1642.45
RETL000003882,RTN00003882,SOL000210326,P000395,2,2,0,2,fail,1419.22
RETL000003883,RTN00003883,SOL000334972,P000231,59,59,0,59,fail,11036.67
RETL000003884,RTN00003884,SOL000152864,P000413,11,11,0,11,fail,1481.16
RETL000003885,RTN00003885,SOL000164996,P000181,1,1,0,1,fail,89.35
RETL000003886,RTN00003886,SOL000343855,P000124,12,12,0,12,fail,1431.0
RETL000003887,RTN00003887,SOL000314898,P000532,1,1,0,1,fail,83.64
RETL000003888,RTN00003888,SOL000335261,P000298,4,4,0,4,fail,1765.42
RETL000003889,RTN00003889,SOL000169551,P000620,79,79,0,79,fail,19589.21
RETL000003890,RTN00003890,SOL000029843,P000121,3,3,2,1,fail,529.12
RETL000003891,RTN00003891,SOL000201266,P000042,11,11,0,11,fail,1005.39
RETL000003892,RTN00003892,SOL000081876,P000108,19,19,0,19,fail,793.47
RETL000003893,RTN00003893,SOL000206787,P000132,1,1,0,1,fail,47.29
RETL000003894,RTN00003894,SOL000284987,P000084,16,16,13,3,pass,1628.0
RETL000003895,RTN00003895,SOL000045794,P000565,8,8,0,8,fail,2706.96
RETL000003896,RTN00003896,SOL000041340,P000165,5,5,0,5,fail,249.91
RETL000003897,RTN00003897,SOL000054434,P000373,45,45,15,30,fail,4820.45
RETL000003898,RTN00003898,SOL000328336,P000029,3,3,2,1,fail,411.59
RETL000003899,RTN00003899,SOL000304108,P000351,3,3,0,3,fail,2032.29
RETL000003900,RTN00003900,SOL000091347,P000224,17,17,15,2,pass,12416.22
RETL000003901,RTN00003901,SOL000262549,P000220,5,0,0,0,pass,1832.25
RETL000003902,RTN00003902,SOL000058106,P000197,7,0,0,0,pass,1483.36
RETL000003903,RTN00003903,SOL000063436,P000233,1,1,1,0,pass,53.94
RETL000003904,RTN00003904,SOL000117621,P000110,14,0,0,0,pass,373.8
RETL000003905,RTN00003905,SOL000339025,P000192,3,0,0,0,pass,113.28
RETL000003906,RTN00003906,SOL000259061,P000209,2,0,0,0,pass,321.28
RETL000003907,RTN00003907,SOL000085709,P000245,3,3,0,3,fail,533.37
RETL000003908,RTN00003908,SOL000262765,P000463,7,7,6,1,pass,1440.07
RETL000003909,RTN00003909,SOL000188841,P000197,15,15,0,15,fail,2479.77
RETL000003910,RTN00003910,SOL000247684,P000558,12,12,0,12,fail,549.2
RETL000003911,RTN00003911,SOL000311119,P000237,6,6,2,4,fail,1470.67
RETL000003912,RTN00003912,SOL000053965,P000075,6,6,3,3,fail,349.8
RETL000003913,RTN00003913,SOL000139326,P000145,1,1,0,1,fail,135.93
RETL000003914,RTN00003914,SOL000330803,P000084,50,0,0,0,pass,3934.41
RETL000003915,RTN00003915,SOL000352359,P000519,25,25,8,17,fail,3207.38
RETL000003916,RTN00003916,SOL000057854,P000154,11,11,0,11,fail,926.95
RETL000003917,RTN00003917,SOL000242448,P000260,5,0,0,0,pass,867.9
RETL000003918,RTN00003918,SOL000093454,P000025,15,15,0,15,fail,1629.7
RETL000003919,RTN00003919,SOL000036713,P000089,3,3,0,3,fail,425.87
RETL000003920,RTN00003920,SOL000045339,P000191,14,14,0,14,fail,516.57
RETL000003921,RTN00003921,SOL000281392,P000267,14,14,0,14,fail,1348.71
RETL000003922,RTN00003922,SOL000042363,P000390,6,6,0,6,fail,72.64
RETL000003923,RTN00003923,SOL000126580,P000437,2,2,1,1,fail,238.56
RETL000003924,RTN00003924,SOL000275466,P000307,18,18,15,3,pass,1625.54
RETL000003925,RTN00003925,SOL000277568,P000280,8,8,0,8,fail,455.64
RETL000003926,RTN00003926,SOL000067556,P000588,10,10,0,10,fail,308.12
RETL000003927,RTN00003927,SOL000284512,P000557,9,0,0,0,pass,2458.85
RETL000003928,RTN00003928,SOL000169042,P000629,27,27,0,27,fail,702.63
RETL000003929,RTN00003929,SOL000193238,P000312,18,18,0,18,fail,2496.01
RETL000003930,RTN00003930,SOL000155172,P000505,2,2,0,2,fail,45.02
RETL000003931,RTN00003931,SOL000088553,P000280,8,0,0,0,pass,535.98
RETL000003932,RTN00003932,SOL000228251,P000387,2,0,0,0,pass,49.06
RETL000003933,RTN00003933,SOL000042021,P000436,2,2,0,2,fail,115.32
RETL000003934,RTN00003934,SOL000113251,P000276,19,19,0,19,fail,916.87
RETL000003935,RTN00003935,SOL000081258,P000570,1,1,0,1,fail,247.56
RETL000003936,RTN00003936,SOL000125757,P000214,1,1,0,1,fail,202.12
RETL000003937,RTN00003937,SOL000093638,P000326,4,0,0,0,pass,496.35
RETL000003938,RTN00003938,SOL000351833,P000434,5,5,0,5,fail,1043.18
RETL000003939,RTN00003939,SOL000029161,P000253,12,12,0,12,fail,1141.25
RETL000003940,RTN00003940,SOL000189216,P000566,3,3,0,3,fail,536.91
RETL000003941,RTN00003941,SOL000177544,P000022,25,25,0,25,fail,1018.98
RETL000003942,RTN00003942,SOL000251177,P000584,17,17,0,17,fail,1656.23
RETL000003943,RTN00003943,SOL000127221,P000381,1,0,0,0,pass,138.26
RETL000003944,RTN00003944,SOL000292391,P000530,3,0,0,0,pass,134.86
RETL000003945,RTN00003945,SOL000042241,P000012,2,2,1,1,fail,375.76
RETL000003946,RTN00003946,SOL000204839,P000334,1,1,0,1,fail,123.22
RETL000003947,RTN00003947,SOL000142088,P000105,3,3,0,3,fail,295.28
RETL000003948,RTN00003948,SOL000146038,P000405,13,13,0,13,fail,836.03
RETL000003949,RTN00003949,SOL000225127,P000505,9,0,0,0,pass,220.8
RETL000003950,RTN00003950,SOL000087508,P000409,19,19,9,10,fail,1467.71
RETL000003951,RTN00003951,SOL000156519,P000034,21,0,0,0,pass,4137.7
RETL000003952,RTN00003952,SOL000101813,P000588,1,1,0,1,fail,42.93
RETL000003953,RTN00003953,SOL000044400,P000079,16,0,0,0,pass,469.72
RETL000003954,RTN00003954,SOL000116208,P000133,23,23,0,23,fail,2187.3
RETL000003955,RTN00003955,SOL000193741,P000533,3,0,0,0,pass,365.57
RETL000003956,RTN00003956,SOL000107768,P000441,23,23,0,23,fail,1095.92
RETL000003957,RTN00003957,SOL000026736,P000351,3,3,0,3,fail,1821.2
RETL000003958,RTN00003958,SOL000211722,P000189,30,30,8,22,fail,981.61
RETL000003959,RTN00003959,SOL000237431,P000167,2,2,0,2,fail,279.1
RETL000003960,RTN00003960,SOL000077285,P000051,14,0,0,0,pass,172.59
RETL000003961,RTN00003961,SOL000211957,P000211,4,4,0,4,fail,199.44
RETL000003962,RTN00003962,SOL000204187,P000483,18,18,14,4,fail,7555.37
RETL000003963,RTN00003963,SOL000338375,P000203,9,9,0,9,fail,1443.1
RETL000003964,RTN00003964,SOL000231192,P000586,45,45,0,45,fail,5231.24
RETL000003965,RTN00003965,SOL000086765,P000290,3,3,0,3,fail,598.03
RETL000003966,RTN00003966,SOL000265423,P000582,31,0,0,0,pass,7138.16
RETL000003967,RTN00003967,SOL000280813,P000317,12,12,0,12,fail,594.64
RETL000003968,RTN00003968,SOL000118199,P000257,4,4,0,4,fail,478.75
RETL000003969,RTN00003969,SOL000303103,P000226,6,6,5,1,pass,204.85
RETL000003970,RTN00003970,SOL000226076,P000352,3,3,0,3,fail,1376.84
RETL000003971,RTN00003971,SOL000022559,P000550,3,3,0,3,fail,351.47
RETL000003972,RTN00003972,SOL000264457,P000496,13,13,9,4,fail,669.88
RETL000003973,RTN00003973,SOL000239826,P000293,15,15,6,9,fail,1721.51
RETL000003974,RTN00003974,SOL000083709,P000180,1,1,0,1,fail,36.77
RETL000003975,RTN00003975,SOL000120915,P000440,1,1,0,1,fail,74.46
RETL000003976,RTN00003976,SOL000163067,P000397,2,2,2,0,pass,291.33
RETL000003977,RTN00003977,SOL000145057,P000283,24,24,0,24,fail,5223.6
RETL000003978,RTN00003978,SOL000125937,P000266,1,0,0,0,pass,194.76
RETL000003979,RTN00003979,SOL000066371,P000041,5,5,0,5,fail,131.18
RETL000003980,RTN00003980,SOL000201861,P000515,31,0,0,0,pass,1328.92
RETL000003981,RTN00003981,SOL000115551,P000268,42,0,0,0,pass,873.27
RETL000003982,RTN00003982,SOL000326998,P000521,4,4,0,4,fail,440.68
RETL000003983,RTN00003983,SOL000236803,P000021,3,3,2,1,fail,304.89
RETL000003984,RTN00003984,SOL000153782,P000568,71,71,0,71,fail,6982.81
RETL000003985,RTN00003985,SOL000162512,P000302,1,1,0,1,fail,72.17
RETL000003986,RTN00003986,SOL000041169,P000453,2,2,0,2,fail,443.41
RETL000003987,RTN00003987,SOL000103958,P000209,24,24,0,24,fail,4593.34
RETL000003988,RTN00003988,SOL000125638,P000384,9,9,5,4,fail,1238.76
RETL000003989,RTN00003989,SOL000004959,P000369,10,0,0,0,pass,334.06
RETL000003990,RTN00003990,SOL000007275,P000141,3,3,2,1,fail,154.13
RETL000003991,RTN00003991,SOL000276951,P000522,67,67,0,67,fail,6687.19
RETL000003992,RTN00003992,SOL000192508,P000609,9,0,0,0,pass,4082.98
RETL000003993,RTN00003993,SOL000083824,P000413,16,16,0,16,fail,1437.8
RETL000003994,RTN00003994,SOL000111229,P000190,11,11,4,7,fail,919.04
RETL000003995,RTN00003995,SOL000009105,P000497,10,10,0,10,fail,801.7
RETL000003996,RTN00003996,SOL000161682,P000310,7,7,0,7,fail,1409.61
RETL000003997,RTN00003997,SOL000351755,P000528,5,5,4,1,pass,391.13
RETL000003998,RTN00003998,SOL000327247,P000581,9,9,7,2,fail,401.87
RETL000003999,RTN00003999,SOL000347547,P000518,6,6,4,2,fail,263.94
RETL000004000,RTN00004000,SOL000268549,P000045,24,24,17,7,fail,3581.01
RETL000004001,RTN00004001,SOL000075245,P000357,4,4,2,2,fail,254.81
RETL000004002,RTN00004002,SOL000338662,P000283,15,15,7,8,fail,4064.24
RETL000004003,RTN00004003,SOL000216734,P000169,8,8,5,3,fail,1708.96
RETL000004004,RTN00004004,SOL000256051,P000208,2,2,0,2,fail,49.93
RETL000004005,RTN00004005,SOL000008689,P000415,1,1,1,0,pass,65.04
RETL000004006,RTN00004006,SOL000087536,P000294,6,6,5,1,pass,1767.91
RETL000004007,RTN00004007,SOL000014603,P000171,2,2,1,1,fail,386.49
RETL000004008,RTN00004008,SOL000056000,P000368,30,30,10,20,fail,2275.24
RETL000004009,RTN00004009,SOL000214629,P000451,7,0,0,0,pass,221.5
RETL000004010,RTN00004010,SOL000053872,P000343,1,1,0,1,fail,57.83
RETL000004011,RTN00004011,SOL000336667,P000335,18,0,0,0,pass,1349.62
RETL000004012,RTN00004012,SOL000177026,P000309,3,0,0,0,pass,162.84
RETL000004013,RTN00004013,SOL000139989,P000039,18,18,0,18,fail,6080.9
RETL000004014,RTN00004014,SOL000268257,P000500,3,0,0,0,pass,63.51
RETL000004015,RTN00004015,SOL000331153,P000596,1,1,0,1,fail,196.26
RETL000004016,RTN00004016,SOL000175630,P000549,37,37,29,8,fail,3404.86
RETL000004017,RTN00004017,SOL000333952,P000300,2,2,2,0,pass,443.52
RETL000004018,RTN00004018,SOL000115795,P000609,15,15,9,6,fail,7252.36
RETL000004019,RTN00004019,SOL000027513,P000166,12,12,0,12,fail,1078.77
RETL000004020,RTN00004020,SOL000002970,P000370,5,5,0,5,fail,850.39
RETL000004021,RTN00004021,SOL000338866,P000423,2,0,0,0,pass,159.84
RETL000004022,RTN00004022,SOL000075288,P000076,5,5,2,3,fail,945.44
RETL000004023,RTN00004023,SOL000128471,P000316,36,0,0,0,pass,2543.21
RETL000004024,RTN00004024,SOL000283429,P000509,3,3,2,1,fail,267.34
RETL000004025,RTN00004025,SOL000335699,P000423,10,10,5,5,fail,662.1
RETL000004026,RTN00004026,SOL000188680,P000179,1,0,0,0,pass,373.47
RETL000004027,RTN00004027,SOL000088815,P000506,1,0,0,0,pass,57.92
RETL000004028,RTN00004028,SOL000240529,P000562,5,0,0,0,pass,446.41
RETL000004029,RTN00004029,SOL000073651,P000046,20,20,0,20,fail,1115.4
RETL000004030,RTN00004030,SOL000271711,P000082,23,23,12,11,fail,4478.64
RETL000004031,RTN00004031,SOL000087279,P000458,2,2,0,2,fail,195.72
RETL000004032,RTN00004032,SOL000353628,P000492,2,2,1,1,fail,138.18
RETL000004033,RTN00004033,SOL000018101,P000494,16,16,0,16,fail,1416.51
RETL000004034,RTN00004034,SOL000171784,P000107,25,0,0,0,pass,1796.45
RETL000004035,RTN00004035,SOL000330400,P000129,1,1,0,1,fail,41.55
RETL000004036,RTN00004036,SOL000357236,P000598,14,14,0,14,fail,1407.69
RETL000004037,RTN00004037,SOL000024845,P000242,3,0,0,0,pass,379.67
RETL000004038,RTN00004038,SOL000337552,P000098,24,24,0,24,fail,1473.8
RETL000004039,RTN00004039,SOL000281986,P000061,1,1,0,1,fail,106.09
RETL000004040,RTN00004040,SOL000087537,P000467,13,0,0,0,pass,703.88
RETL000004041,RTN00004041,SOL000102303,P000100,10,10,4,6,fail,728.57
RETL000004042,RTN00004042,SOL000127043,P000445,11,11,0,11,fail,1700.37
RETL000004043,RTN00004043,SOL000184784,P000077,1,1,1,0,pass,89.88
RETL000004044,RTN00004044,SOL000202420,P000029,25,25,22,3,pass,4502.88
RETL000004045,RTN00004045,SOL000152257,P000265,15,15,13,2,pass,2193.88
RETL000004046,RTN00004046,SOL000007943,P000201,4,4,4,0,pass,233.26
RETL000004047,RTN00004047,SOL000311441,P000216,10,0,0,0,pass,1621.91
RETL000004048,RTN00004048,SOL000301189,P000344,35,35,0,35,fail,6397.44
RETL000004049,RTN00004049,SOL000321955,P000470,3,3,0,3,fail,359.53
RETL000004050,RTN00004050,SOL000050804,P000374,28,28,8,20,fail,3149.12
RETL000004051,RTN00004051,SOL000288470,P000527,3,3,2,1,fail,1219.83
RETL000004052,RTN00004052,SOL000024556,P000347,30,0,0,0,pass,1500.77
RETL000004053,RTN00004053,SOL000100284,P000551,15,0,0,0,pass,2589.07
RETL000004054,RTN00004054,SOL000018153,P000496,16,16,8,8,fail,868.41
RETL000004055,RTN00004055,SOL000282726,P000023,1,1,0,1,fail,84.1
RETL000004056,RTN00004056,SOL000292516,P000553,4,4,0,4,fail,1787.57
RETL000004057,RTN00004057,SOL000042383,P000336,10,10,7,3,fail,1343.88
RETL000004058,RTN00004058,SOL000361205,P000383,7,0,0,0,pass,1225.95
RETL000004059,RTN00004059,SOL000262775,P000367,4,4,3,1,fail,136.56
RETL000004060,RTN00004060,SOL000230068,P000244,2,0,0,0,pass,56.75
RETL000004061,RTN00004061,SOL000094074,P000039,5,5,2,3,fail,1936.39
RETL000004062,RTN00004062,SOL000196243,P000365,3,3,2,1,fail,165.5
RETL000004063,RTN00004063,SOL000292434,P000073,6,0,0,0,pass,1082.38
RETL000004064,RTN00004064,SOL000165740,P000593,14,14,0,14,fail,1164.86
RETL000004065,RTN00004065,SOL000322577,P000290,48,48,13,35,fail,7899.68
RETL000004066,RTN00004066,SOL000302363,P000384,4,4,0,4,fail,417.18
RETL000004067,RTN00004067,SOL000075705,P000470,4,4,2,2,fail,352.99
RETL000004068,RTN00004068,SOL000133953,P000105,1,1,0,1,fail,135.86
RETL000004069,RTN00004069,SOL000172851,P000603,2,2,0,2,fail,104.12
RETL000004070,RTN00004070,SOL000318788,P000312,4,4,2,2,fail,635.58
RETL000004071,RTN00004071,SOL000316186,P000501,1,0,0,0,pass,440.0
RETL000004072,RTN00004072,SOL000241893,P000471,11,11,7,4,fail,480.83
RETL000004073,RTN00004073,SOL000221311,P000185,7,7,0,7,fail,756.66
RETL000004074,RTN00004074,SOL000249167,P000324,13,13,10,3,fail,1074.07
RETL000004075,RTN00004075,SOL000341503,P000066,1,1,0,1,fail,95.68
RETL000004076,RTN00004076,SOL000254384,P000172,17,17,0,17,fail,1098.06
RETL000004077,RTN00004077,SOL000146196,P000295,42,0,0,0,pass,8512.83
RETL000004078,RTN00004078,SOL000017765,P000408,31,31,0,31,fail,5164.48
RETL000004079,RTN00004079,SOL000175358,P000266,2,2,1,1,fail,400.13
RETL000004080,RTN00004080,SOL000314042,P000589,6,6,5,1,pass,223.04
RETL000004081,RTN00004081,SOL000133503,P000566,3,0,0,0,pass,374.26
RETL000004082,RTN00004082,SOL000239766,P000564,1,1,0,1,fail,119.26
RETL000004083,RTN00004083,SOL000309332,P000241,52,52,0,52,fail,6132.59
RETL000004084,RTN00004084,SOL000215282,P000142,4,4,0,4,fail,407.68
RETL000004085,RTN00004085,SOL000150271,P000280,46,46,0,46,fail,3956.9
RETL000004086,RTN00004086,SOL000330376,P000215,7,7,4,3,fail,165.64
RETL000004087,RTN00004087,SOL000106240,P000629,3,0,0,0,pass,83.42
RETL000004088,RTN00004088,SOL000241209,P000429,11,11,7,4,fail,994.1
RETL000004089,RTN00004089,SOL000317102,P000357,3,3,0,3,fail,137.6
RETL000004090,RTN00004090,SOL000175463,P000130,7,0,0,0,pass,1070.87
RETL000004091,RTN00004091,SOL000274129,P000159,12,12,10,2,pass,496.45
RETL000004092,RTN00004092,SOL000305558,P000140,1,1,1,0,pass,264.0
RETL000004093,RTN00004093,SOL000036481,P000630,2,2,0,2,fail,409.22
RETL000004094,RTN00004094,SOL000364731,P000595,1,0,0,0,pass,39.44
RETL000004095,RTN00004095,SOL000142946,P000454,7,7,4,3,fail,284.15
RETL000004096,RTN00004096,SOL000072885,P000364,2,2,0,2,fail,82.75
RETL000004097,RTN00004097,SOL000018556,P000589,16,16,6,10,fail,577.68
RETL000004098,RTN00004098,SOL000234324,P000598,5,5,0,5,fail,478.07
RETL000004099,RTN00004099,SOL000182643,P000432,2,0,0,0,pass,183.49
RETL000004100,RTN00004100,SOL000010161,P000044,23,23,0,23,fail,7270.04
RETL000004101,RTN00004101,SOL000106249,P000166,7,7,0,7,fail,774.41
RETL000004102,RTN00004102,SOL000198241,P000046,29,29,17,12,fail,1176.53
RETL000004103,RTN00004103,SOL000024579,P000152,8,8,6,2,fail,314.0
RETL000004104,RTN00004104,SOL000291325,P000174,6,6,0,6,fail,1482.39
RETL000004105,RTN00004105,SOL000244861,P000510,14,14,5,9,fail,361.92
RETL000004106,RTN00004106,SOL000054026,P000328,9,9,6,3,fail,807.01
RETL000004107,RTN00004107,SOL000102795,P000473,19,19,0,19,fail,1216.3
RETL000004108,RTN00004108,SOL000165520,P000195,2,2,0,2,fail,327.19
RETL000004109,RTN00004109,SOL000329652,P000560,13,13,0,13,fail,974.63
RETL000004110,RTN00004110,SOL000006879,P000348,11,11,5,6,fail,607.8
RETL000004111,RTN00004111,SOL000208970,P000428,32,32,13,19,fail,2105.15
RETL000004112,RTN00004112,SOL000145987,P000413,16,16,11,5,fail,1694.19
RETL000004113,RTN00004113,SOL000090508,P000350,3,3,1,2,fail,71.63
RETL000004114,RTN00004114,SOL000060437,P000288,3,3,0,3,fail,506.64
RETL000004115,RTN00004115,SOL000046521,P000402,1,1,0,1,fail,125.79
RETL000004116,RTN00004116,SOL000006236,P000067,41,0,0,0,pass,7625.36
RETL000004117,RTN00004117,SOL000277550,P000341,19,19,0,19,fail,3311.26
RETL000004118,RTN00004118,SOL000077643,P000476,4,4,0,4,fail,1623.59
RETL000004119,RTN00004119,SOL000203672,P000107,11,0,0,0,pass,1050.16
RETL000004120,RTN00004120,SOL000325064,P000398,10,10,0,10,fail,1258.65
RETL000004121,RTN00004121,SOL000337378,P000247,21,21,0,21,fail,1674.96
RETL000004122,RTN00004122,SOL000148064,P000165,22,0,0,0,pass,1058.4
RETL000004123,RTN00004123,SOL000247191,P000568,16,16,0,16,fail,1690.17
RETL000004124,RTN00004124,SOL000080376,P000443,3,3,0,3,fail,261.99
RETL000004125,RTN00004125,SOL000002762,P000386,58,58,0,58,fail,9219.77
RETL000004126,RTN00004126,SOL000221867,P000627,7,7,5,2,fail,221.81
RETL000004127,RTN00004127,SOL000263304,P000431,13,13,0,13,fail,301.04
RETL000004128,RTN00004128,SOL000276164,P000279,13,13,0,13,fail,626.71
RETL000004129,RTN00004129,SOL000199463,P000033,12,12,0,12,fail,496.69
RETL000004130,RTN00004130,SOL000040743,P000380,3,3,0,3,fail,471.7
RETL000004131,RTN00004131,SOL000218464,P000300,1,1,0,1,fail,204.95
RETL000004132,RTN00004132,SOL000311047,P000379,13,13,0,13,fail,609.34
RETL000004133,RTN00004133,SOL000354344,P000382,13,13,0,13,fail,220.62
RETL000004134,RTN00004134,SOL000277452,P000360,11,0,0,0,pass,1663.83
RETL000004135,RTN00004135,SOL000086996,P000014,4,4,0,4,fail,353.42
RETL000004136,RTN00004136,SOL000172632,P000297,18,18,0,18,fail,3517.43
RETL000004137,RTN00004137,SOL000026076,P000442,1,0,0,0,pass,395.69
RETL000004138,RTN00004138,SOL000174686,P000049,8,8,5,3,fail,1325.93
RETL000004139,RTN00004139,SOL000051930,P000570,20,0,0,0,pass,5899.52
RETL000004140,RTN00004140,SOL000333192,P000259,16,16,0,16,fail,4694.91
RETL000004141,RTN00004141,SOL000172516,P000343,14,14,11,3,fail,666.45
RETL000004142,RTN00004142,SOL000091527,P000349,10,10,6,4,fail,626.52
RETL000004143,RTN00004143,SOL000186896,P000313,38,38,25,13,fail,2499.56
RETL000004144,RTN00004144,SOL000066086,P000285,7,7,4,3,fail,420.24
RETL000004145,RTN00004145,SOL000218100,P000486,7,7,0,7,fail,546.17
RETL000004146,RTN00004146,SOL000285816,P000204,34,0,0,0,pass,2789.72
RETL000004147,RTN00004147,SOL000059260,P000159,7,0,0,0,pass,309.06
RETL000004148,RTN00004148,SOL000314275,P000312,59,0,0,0,pass,6383.41
RETL000004149,RTN00004149,SOL000232722,P000593,1,1,0,1,fail,72.45
RETL000004150,RTN00004150,SOL000317339,P000487,1,1,1,0,pass,74.64
RETL000004151,RTN00004151,SOL000106202,P000438,6,6,0,6,fail,433.6
RETL000004152,RTN00004152,SOL000218275,P000261,17,0,0,0,pass,505.61
RETL000004153,RTN00004153,SOL000036191,P000462,1,1,0,1,fail,81.06
RETL000004154,RTN00004154,SOL000305941,P000199,5,0,0,0,pass,252.47
RETL000004155,RTN00004155,SOL000070031,P000101,20,20,15,5,fail,2167.85
RETL000004156,RTN00004156,SOL000175572,P000247,7,7,0,7,fail,697.8
RETL000004157,RTN00004157,SOL000130833,P000409,7,7,0,7,fail,629.39
RETL000004158,RTN00004158,SOL000094771,P000355,6,6,0,6,fail,186.88
RETL000004159,RTN00004159,SOL000191778,P000004,3,3,1,2,fail,492.73
RETL000004160,RTN00004160,SOL000009010,P000562,5,0,0,0,pass,581.58
RETL000004161,RTN00004161,SOL000243080,P000146,1,0,0,0,pass,76.25
RETL000004162,RTN00004162,SOL000105258,P000509,36,36,0,36,fail,3207.53
RETL000004163,RTN00004163,SOL000076132,P000364,1,1,0,1,fail,58.22
RETL000004164,RTN00004164,SOL000304590,P000403,4,4,0,4,fail,103.21
RETL000004165,RTN00004165,SOL000001487,P000486,1,1,0,1,fail,70.17
RETL000004166,RTN00004166,SOL000079480,P000177,6,6,0,6,fail,333.24
RETL000004167,RTN00004167,SOL000246027,P000350,1,1,1,0,pass,24.35
RETL000004168,RTN00004168,SOL000164331,P000012,2,2,0,2,fail,411.49
RETL000004169,RTN00004169,SOL000329058,P000551,3,0,0,0,pass,550.82
RETL000004170,RTN00004170,SOL000359434,P000384,1,1,0,1,fail,100.42
RETL000004171,RTN00004171,SOL000344269,P000622,32,32,0,32,fail,6975.15
RETL000004172,RTN00004172,SOL000058399,P000325,10,10,0,10,fail,1643.62
RETL000004173,RTN00004173,SOL000011890,P000031,5,5,1,4,fail,465.23
RETL000004174,RTN00004174,SOL000109207,P000090,16,16,8,8,fail,968.98
RETL000004175,RTN00004175,SOL000199904,P000463,32,32,12,20,fail,5771.93
RETL000004176,RTN00004176,SOL000172495,P000573,3,3,2,1,fail,235.04
RETL000004177,RTN00004177,SOL000006347,P000076,1,0,0,0,pass,209.58
RETL000004178,RTN00004178,SOL000223753,P000305,54,54,0,54,fail,3932.94
RETL000004179,RTN00004179,SOL000059212,P000634,4,4,3,1,fail,99.62
RETL000004180,RTN00004180,SOL000017168,P000358,6,6,0,6,fail,1807.01
RETL000004181,RTN00004181,SOL000326741,P000372,11,0,0,0,pass,1852.9
RETL000004182,RTN00004182,SOL000084686,P000283,5,0,0,0,pass,1091.35
RETL000004183,RTN00004183,SOL000226114,P000633,23,23,12,11,fail,1646.8
RETL000004184,RTN00004184,SOL000213992,P000095,5,0,0,0,pass,447.03
RETL000004185,RTN00004185,SOL000071711,P000375,6,6,0,6,fail,3725.96
RETL000004186,RTN00004186,SOL000319757,P000626,6,6,0,6,fail,592.22
RETL000004187,RTN00004187,SOL000167695,P000629,21,0,0,0,pass,672.98
RETL000004188,RTN00004188,SOL000109457,P000163,4,4,0,4,fail,539.23
RETL000004189,RTN00004189,SOL000248849,P000325,5,5,0,5,fail,914.48
RETL000004190,RTN00004190,SOL000075659,P000049,2,2,0,2,fail,414.2
RETL000004191,RTN00004191,SOL000181930,P000527,8,8,5,3,fail,4590.22
RETL000004192,RTN00004192,SOL000296184,P000338,26,26,0,26,fail,1686.12
RETL000004193,RTN00004193,SOL000275563,P000621,1,1,0,1,fail,86.79
RETL000004194,RTN00004194,SOL000353557,P000584,6,6,4,2,fail,658.15
RETL000004195,RTN00004195,SOL000364415,P000479,11,0,0,0,pass,1141.68
RETL000004196,RTN00004196,SOL000350305,P000239,1,1,0,1,fail,254.51
RETL000004197,RTN00004197,SOL000086749,P000329,5,5,0,5,fail,1461.86
RETL000004198,RTN00004198,SOL000068265,P000563,1,0,0,0,pass,139.78
RETL000004199,RTN00004199,SOL000157201,P000095,6,6,0,6,fail,691.38
RETL000004200,RTN00004200,SOL000113163,P000427,20,20,14,6,fail,1434.51
RETL000004201,RTN00004201,SOL000169928,P000595,20,0,0,0,pass,862.59
RETL000004202,RTN00004202,SOL000121225,P000592,12,12,8,4,fail,1159.61
RETL000004203,RTN00004203,SOL000175105,P000345,1,1,0,1,fail,141.18
RETL000004204,RTN00004204,SOL000079014,P000024,1,1,0,1,fail,58.83
RETL000004205,RTN00004205,SOL000018080,P000358,17,17,7,10,fail,5853.79
RETL000004206,RTN00004206,SOL000285119,P000220,1,1,1,0,pass,365.99
RETL000004207,RTN00004207,SOL000036671,P000330,2,2,0,2,fail,182.02
RETL000004208,RTN00004208,SOL000215532,P000349,51,51,25,26,fail,2480.78
RETL000004209,RTN00004209,SOL000245516,P000023,7,7,3,4,fail,509.34
RETL000004210,RTN00004210,SOL000231920,P000129,6,6,3,3,fail,164.98
RETL000004211,RTN00004211,SOL000304917,P000447,10,10,0,10,fail,2213.17
RETL000004212,RTN00004212,SOL000359487,P000545,10,10,6,4,fail,783.78
RETL000004213,RTN00004213,SOL000232117,P000465,20,20,9,11,fail,1711.76
RETL000004214,RTN00004214,SOL000161212,P000019,3,0,0,0,pass,1131.64
RETL000004215,RTN00004215,SOL000196435,P000235,15,15,4,11,fail,5540.55
RETL000004216,RTN00004216,SOL000036892,P000333,5,5,2,3,fail,2963.96
RETL000004217,RTN00004217,SOL000304576,P000330,37,37,22,15,fail,3463.87
RETL000004218,RTN00004218,SOL000363204,P000079,3,0,0,0,pass,77.42
RETL000004219,RTN00004219,SOL000082936,P000558,2,2,0,2,fail,103.56
RETL000004220,RTN00004220,SOL000189570,P000410,6,6,4,2,fail,455.79
RETL000004221,RTN00004221,SOL000177803,P000486,11,0,0,0,pass,878.26
RETL000004222,RTN00004222,SOL000053609,P000572,14,14,7,7,fail,1833.43
RETL000004223,RTN00004223,SOL000197197,P000332,14,0,0,0,pass,4459.95
RETL000004224,RTN00004224,SOL000303634,P000349,8,0,0,0,pass,419.21
RETL000004225,RTN00004225,SOL000273998,P000108,7,7,5,2,fail,233.95
RETL000004226,RTN00004226,SOL000239748,P000586,11,0,0,0,pass,1874.8
RETL000004227,RTN00004227,SOL000154861,P000225,4,0,0,0,pass,600.19
RETL000004228,RTN00004228,SOL000108965,P000248,5,5,0,5,fail,792.42
RETL000004229,RTN00004229,SOL000109440,P000517,33,33,0,33,fail,10870.48
RETL000004230,RTN00004230,SOL000353324,P000196,6,6,3,3,fail,186.74
RETL000004231,RTN00004231,SOL000202022,P000621,13,0,0,0,pass,1228.97
RETL000004232,RTN00004232,SOL000096010,P000052,1,1,1,0,pass,102.74
RETL000004233,RTN00004233,SOL000213717,P000555,7,7,0,7,fail,1879.86
RETL000004234,RTN00004234,SOL000206287,P000004,1,1,0,1,fail,242.21
RETL000004235,RTN00004235,SOL000026955,P000627,5,5,2,3,fail,143.33
RETL000004236,RTN00004236,SOL000143783,P000124,21,21,0,21,fail,3248.69
RETL000004237,RTN00004237,SOL000153650,P000234,11,11,8,3,fail,1674.5
RETL000004238,RTN00004238,SOL000130944,P000251,2,0,0,0,pass,181.46
RETL000004239,RTN00004239,SOL000048035,P000405,2,2,0,2,fail,117.4
RETL000004240,RTN00004240,SOL000287383,P000069,1,0,0,0,pass,35.91
RETL000004241,RTN00004241,SOL000054394,P000483,17,17,0,17,fail,7235.26
RETL000004242,RTN00004242,SOL000089496,P000637,8,8,2,6,fail,350.52
RETL000004243,RTN00004243,SOL000197449,P000179,1,1,1,0,pass,373.04
RETL000004244,RTN00004244,SOL000285823,P000607,13,13,0,13,fail,1135.77
RETL000004245,RTN00004245,SOL000121362,P000199,7,7,0,7,fail,423.4
RETL000004246,RTN00004246,SOL000014543,P000169,5,5,4,1,pass,1012.76
RETL000004247,RTN00004247,SOL000337287,P000489,7,7,0,7,fail,1329.9
RETL000004248,RTN00004248,SOL000346682,P000331,4,4,0,4,fail,1051.43
RETL000004249,RTN00004249,SOL000340695,P000451,40,40,0,40,fail,1691.1
RETL000004250,RTN00004250,SOL000082401,P000500,17,17,15,2,pass,371.45
RETL000004251,RTN00004251,SOL000181631,P000381,22,22,11,11,fail,3897.68
RETL000004252,RTN00004252,SOL000265462,P000488,1,1,0,1,fail,13.4
RETL000004253,RTN00004253,SOL000102983,P000152,3,3,0,3,fail,158.41
RETL000004254,RTN00004254,SOL000203675,P000615,1,1,1,0,pass,66.29
RETL000004255,RTN00004255,SOL000223326,P000303,3,3,0,3,fail,594.04
RETL000004256,RTN00004256,SOL000129682,P000183,1,1,0,1,fail,232.69
RETL000004257,RTN00004257,SOL000112891,P000127,2,0,0,0,pass,420.25
RETL000004258,RTN00004258,SOL000264745,P000307,11,11,4,7,fail,1107.65
RETL000004259,RTN00004259,SOL000037909,P000523,104,104,0,104,fail,4907.67
RETL000004260,RTN00004260,SOL000137598,P000101,1,1,0,1,fail,91.28
RETL000004261,RTN00004261,SOL000335734,P000475,15,15,0,15,fail,4962.6
RETL000004262,RTN00004262,SOL000268654,P000618,35,35,0,35,fail,4039.56
RETL000004263,RTN00004263,SOL000076909,P000350,40,40,0,40,fail,1282.88
RETL000004264,RTN00004264,SOL000208352,P000292,2,0,0,0,pass,966.81
RETL000004265,RTN00004265,SOL000265434,P000284,12,12,0,12,fail,192.78
RETL000004266,RTN00004266,SOL000228496,P000505,7,7,0,7,fail,191.88
RETL000004267,RTN00004267,SOL000052458,P000211,11,11,8,3,fail,812.44
RETL000004268,RTN00004268,SOL000071881,P000010,52,52,40,12,fail,3038.63
RETL000004269,RTN00004269,SOL000164502,P000076,10,10,0,10,fail,1913.47
RETL000004270,RTN00004270,SOL000180472,P000566,15,15,6,9,fail,2642.18
RETL000004271,RTN00004271,SOL000071820,P000575,8,8,0,8,fail,1267.47
RETL000004272,RTN00004272,SOL000265940,P000037,46,46,0,46,fail,2798.55
RETL000004273,RTN00004273,SOL000072151,P000302,3,3,0,3,fail,214.41
RETL000004274,RTN00004274,SOL000347095,P000525,13,13,0,13,fail,839.27
RETL000004275,RTN00004275,SOL000192967,P000045,28,28,0,28,fail,4554.24
RETL000004276,RTN00004276,SOL000166402,P000458,38,38,0,38,fail,3908.27
RETL000004277,RTN00004277,SOL000261535,P000316,18,18,11,7,fail,1467.45
RETL000004278,RTN00004278,SOL000036057,P000461,9,0,0,0,pass,1409.19
RETL000004279,RTN00004279,SOL000212133,P000524,7,7,0,7,fail,290.36
RETL000004280,RTN00004280,SOL000344262,P000265,3,3,0,3,fail,382.25
RETL000004281,RTN00004281,SOL000251450,P000308,5,5,0,5,fail,580.01
RETL000004282,RTN00004282,SOL000016288,P000239,26,0,0,0,pass,6853.36
RETL000004283,RTN00004283,SOL000254116,P000401,8,8,4,4,fail,556.16
RETL000004284,RTN00004284,SOL000240114,P000086,1,1,1,0,pass,61.85
RETL000004285,RTN00004285,SOL000285949,P000206,60,60,29,31,fail,10431.41
RETL000004286,RTN00004286,SOL000351765,P000113,12,12,0,12,fail,673.91
RETL000004287,RTN00004287,SOL000216812,P000611,2,2,1,1,fail,173.56
RETL000004288,RTN00004288,SOL000176427,P000120,1,1,0,1,fail,61.57
RETL000004289,RTN00004289,SOL000351765,P000113,7,7,0,7,fail,431.1
RETL000004290,RTN00004290,SOL000205826,P000629,1,1,0,1,fail,29.32
RETL000004291,RTN00004291,SOL000129148,P000483,3,3,0,3,fail,921.44
RETL000004292,RTN00004292,SOL000304304,P000151,2,2,0,2,fail,112.81
RETL000004293,RTN00004293,SOL000023807,P000200,1,0,0,0,pass,54.23
RETL000004294,RTN00004294,SOL000047991,P000458,1,1,0,1,fail,91.9
RETL000004295,RTN00004295,SOL000157351,P000533,7,7,0,7,fail,993.66
RETL000004296,RTN00004296,SOL000003887,P000065,16,16,5,11,fail,805.38
RETL000004297,RTN00004297,SOL000212403,P000603,4,4,0,4,fail,253.48
RETL000004298,RTN00004298,SOL000165909,P000594,12,12,6,6,fail,580.85
RETL000004299,RTN00004299,SOL000212749,P000113,19,0,0,0,pass,1228.21
RETL000004300,RTN00004300,SOL000352504,P000390,1,0,0,0,pass,11.58
RETL000004301,RTN00004301,SOL000310161,P000037,3,3,0,3,fail,248.64
RETL000004302,RTN00004302,SOL000205951,P000233,12,12,0,12,fail,571.55
RETL000004303,RTN00004303,SOL000117402,P000454,6,6,5,1,pass,226.26
RETL000004304,RTN00004304,SOL000306479,P000440,15,15,0,15,fail,965.26
RETL000004305,RTN00004305,SOL000206899,P000598,2,2,1,1,fail,218.26
RETL000004306,RTN00004306,SOL000181063,P000530,3,3,2,1,fail,127.09
RETL000004307,RTN00004307,SOL000218352,P000259,7,0,0,0,pass,2589.6
RETL000004308,RTN00004308,SOL000237953,P000531,13,0,0,0,pass,1186.1
RETL000004309,RTN00004309,SOL000174056,P000503,18,18,0,18,fail,2441.6
RETL000004310,RTN00004310,SOL000138988,P000177,21,21,0,21,fail,1199.38
RETL000004311,RTN00004311,SOL000051499,P000623,9,9,7,2,fail,1182.06
RETL000004312,RTN00004312,SOL000308297,P000404,1,1,0,1,fail,185.78
RETL000004313,RTN00004313,SOL000057875,P000052,33,33,0,33,fail,3377.15
RETL000004314,RTN00004314,SOL000076428,P000557,4,0,0,0,pass,1048.34
RETL000004315,RTN00004315,SOL000015390,P000420,13,13,8,5,fail,785.39
RETL000004316,RTN00004316,SOL000227741,P000231,18,0,0,0,pass,3467.7
RETL000004317,RTN00004317,SOL000094211,P000349,4,4,3,1,fail,203.77
RETL000004318,RTN00004318,SOL000264812,P000637,3,0,0,0,pass,199.53
RETL000004319,RTN00004319,SOL000363679,P000155,3,3,1,2,fail,241.58
RETL000004320,RTN00004320,SOL000132999,P000246,17,0,0,0,pass,8817.91
RETL000004321,RTN00004321,SOL000124994,P000647,1,1,0,1,fail,73.14
RETL000004322,RTN00004322,SOL000343657,P000590,5,0,0,0,pass,689.02
RETL000004323,RTN00004323,SOL000090983,P000607,6,0,0,0,pass,374.92
RETL000004324,RTN00004324,SOL000055564,P000532,4,4,0,4,fail,368.19
RETL000004325,RTN00004325,SOL000238272,P000368,5,5,0,5,fail,570.78
RETL000004326,RTN00004326,SOL000232019,P000243,6,6,0,6,fail,618.81
RETL000004327,RTN00004327,SOL000041079,P000189,1,0,0,0,pass,38.62
RETL000004328,RTN00004328,SOL000270249,P000047,26,26,23,3,pass,2110.8
RETL000004329,RTN00004329,SOL000174421,P000479,4,0,0,0,pass,350.39
RETL000004330,RTN00004330,SOL000184333,P000548,12,12,8,4,fail,792.39
RETL000004331,RTN00004331,SOL000062880,P000325,1,1,0,1,fail,148.23
RETL000004332,RTN00004332,SOL000345791,P000298,19,19,7,12,fail,6572.47
RETL000004333,RTN00004333,SOL000345818,P000238,7,0,0,0,pass,1150.85
RETL000004334,RTN00004334,SOL000103384,P000159,9,9,0,9,fail,382.91
RETL000004335,RTN00004335,SOL000333543,P000543,1,1,0,1,fail,106.82
RETL000004336,RTN00004336,SOL000065441,P000301,8,0,0,0,pass,757.92
RETL000004337,RTN00004337,SOL000266807,P000626,5,5,0,5,fail,560.57
RETL000004338,RTN00004338,SOL000075052,P000481,39,39,0,39,fail,940.72
RETL000004339,RTN00004339,SOL000032180,P000531,4,4,0,4,fail,314.74
RETL000004340,RTN00004340,SOL000346562,P000204,5,5,0,5,fail,394.93
RETL000004341,RTN00004341,SOL000254601,P000500,3,3,0,3,fail,79.1
RETL000004342,RTN00004342,SOL000199775,P000055,10,10,3,7,fail,3802.34
RETL000004343,RTN00004343,SOL000205169,P000116,10,10,4,6,fail,1797.88
RETL000004344,RTN00004344,SOL000366300,P000430,6,6,5,1,pass,253.13
RETL000004345,RTN00004345,SOL000009806,P000502,7,0,0,0,pass,1008.26
RETL000004346,RTN00004346,SOL000325525,P000065,1,1,0,1,fail,37.69
RETL000004347,RTN00004347,SOL000058373,P000375,4,4,0,4,fail,1937.36
RETL000004348,RTN00004348,SOL000339432,P000139,4,4,0,4,fail,474.22
RETL000004349,RTN00004349,SOL000229263,P000228,2,0,0,0,pass,622.88
RETL000004350,RTN00004350,SOL000320701,P000213,21,0,0,0,pass,1425.61
RETL000004351,RTN00004351,SOL000123120,P000106,18,18,7,11,fail,4139.09
RETL000004352,RTN00004352,SOL000337468,P000324,6,6,0,6,fail,369.35
RETL000004353,RTN00004353,SOL000106721,P000344,3,3,2,1,fail,543.19
RETL000004354,RTN00004354,SOL000099374,P000405,4,4,0,4,fail,208.25
RETL000004355,RTN00004355,SOL000263048,P000266,6,6,0,6,fail,1211.82
RETL000004356,RTN00004356,SOL000223130,P000256,4,4,0,4,fail,187.49
RETL000004357,RTN00004357,SOL000228113,P000623,9,9,0,9,fail,1068.62
RETL000004358,RTN00004358,SOL000015818,P000334,2,2,1,1,fail,232.88
RETL000004359,RTN00004359,SOL000286606,P000399,39,0,0,0,pass,1372.17
RETL000004360,RTN00004360,SOL000078750,P000108,38,38,0,38,fail,1247.12
RETL000004361,RTN00004361,SOL000168917,P000049,11,11,0,11,fail,2366.58
RETL000004362,RTN00004362,SOL000072879,P000142,8,8,0,8,fail,958.06
RETL000004363,RTN00004363,SOL000043372,P000556,13,13,9,4,fail,845.56
RETL000004364,RTN00004364,SOL000243157,P000648,21,21,0,21,fail,3238.27
RETL000004365,RTN00004365,SOL000134905,P000183,11,11,0,11,fail,3066.35
RETL000004366,RTN00004366,SOL000162966,P000355,6,0,0,0,pass,271.28
RETL000004367,RTN00004367,SOL000004306,P000268,7,7,5,2,fail,194.03
RETL000004368,RTN00004368,SOL000276306,P000461,8,0,0,0,pass,1385.63
RETL000004369,RTN00004369,SOL000264732,P000053,4,4,3,1,fail,249.35
RETL000004370,RTN00004370,SOL000035669,P000070,24,0,0,0,pass,1994.94
RETL000004371,RTN00004371,SOL000066669,P000410,8,8,7,1,pass,688.55
RETL000004372,RTN00004372,SOL000144049,P000202,8,8,0,8,fail,2200.79
RETL000004373,RTN00004373,SOL000022789,P000195,13,13,0,13,fail,1657.19
RETL000004374,RTN00004374,SOL000151487,P000038,1,1,0,1,fail,55.86
RETL000004375,RTN00004375,SOL000037862,P000133,5,5,0,5,fail,387.97
RETL000004376,RTN00004376,SOL000325041,P000587,2,2,0,2,fail,419.35
RETL000004377,RTN00004377,SOL000111750,P000563,20,20,7,13,fail,3098.93
RETL000004378,RTN00004378,SOL000084762,P000387,17,17,9,8,fail,538.17
RETL000004379,RTN00004379,SOL000323556,P000617,6,6,0,6,fail,273.18
RETL000004380,RTN00004380,SOL000318423,P000461,4,0,0,0,pass,728.03
RETL000004381,RTN00004381,SOL000199351,P000056,1,1,0,1,fail,112.51
RETL000004382,RTN00004382,SOL000350836,P000198,7,7,6,1,pass,783.26
RETL000004383,RTN00004383,SOL000187399,P000182,6,6,0,6,fail,385.8
RETL000004384,RTN00004384,SOL000357943,P000411,4,4,0,4,fail,117.2
RETL000004385,RTN00004385,SOL000149702,P000364,10,10,0,10,fail,548.22
RETL000004386,RTN00004386,SOL000330921,P000330,5,5,0,5,fail,412.56
RETL000004387,RTN00004387,SOL000135095,P000624,4,4,0,4,fail,703.28
RETL000004388,RTN00004388,SOL000345834,P000358,10,10,0,10,fail,3094.22
RETL000004389,RTN00004389,SOL000360562,P000554,3,0,0,0,pass,534.38
RETL000004390,RTN00004390,SOL000148338,P000271,1,1,0,1,fail,56.98
RETL000004391,RTN00004391,SOL000249803,P000475,29,0,0,0,pass,9955.58
RETL000004392,RTN00004392,SOL000007247,P000167,5,5,4,1,pass,650.09
RETL000004393,RTN00004393,SOL000360067,P000042,1,1,0,1,fail,82.57
RETL000004394,RTN00004394,SOL000039515,P000182,5,5,0,5,fail,372.39
RETL000004395,RTN00004395,SOL000000015,P000462,11,11,0,11,fail,1045.13
RETL000004396,RTN00004396,SOL000061515,P000407,55,55,0,55,fail,4015.63
RETL000004397,RTN00004397,SOL000309980,P000556,20,0,0,0,pass,1636.56
RETL000004398,RTN00004398,SOL000216125,P000258,1,1,0,1,fail,144.31
RETL000004399,RTN00004399,SOL000262969,P000630,33,0,0,0,pass,9484.73
RETL000004400,RTN00004400,SOL000075850,P000586,2,2,0,2,fail,220.81
RETL000004401,RTN00004401,SOL000041814,P000257,3,3,0,3,fail,319.79
RETL000004402,RTN00004402,SOL000179329,P000267,16,16,0,16,fail,1836.22
RETL000004403,RTN00004403,SOL000223392,P000393,6,6,0,6,fail,1646.85
RETL000004404,RTN00004404,SOL000068509,P000541,5,5,2,3,fail,1540.15
RETL000004405,RTN00004405,SOL000331529,P000241,2,2,0,2,fail,168.93
RETL000004406,RTN00004406,SOL000036615,P000105,21,0,0,0,pass,2112.05
RETL000004407,RTN00004407,SOL000260047,P000429,2,2,0,2,fail,194.24
RETL000004408,RTN00004408,SOL000343960,P000430,34,0,0,0,pass,1524.45
RETL000004409,RTN00004409,SOL000132771,P000635,9,0,0,0,pass,3525.89
RETL000004410,RTN00004410,SOL000274875,P000531,17,17,0,17,fail,1833.86
RETL000004411,RTN00004411,SOL000102933,P000098,17,0,0,0,pass,1319.5
RETL000004412,RTN00004412,SOL000365771,P000482,9,9,0,9,fail,1652.43
RETL000004413,RTN00004413,SOL000031195,P000080,122,122,0,122,fail,13629.31
RETL000004414,RTN00004414,SOL000094180,P000641,24,0,0,0,pass,2313.19
RETL000004415,RTN00004415,SOL000164236,P000393,14,14,9,5,fail,4053.12
RETL000004416,RTN00004416,SOL000267590,P000535,14,14,0,14,fail,774.53
RETL000004417,RTN00004417,SOL000315029,P000609,4,4,0,4,fail,1824.35
RETL000004418,RTN00004418,SOL000051391,P000453,23,23,0,23,fail,5135.58
RETL000004419,RTN00004419,SOL000057684,P000217,2,0,0,0,pass,116.76
RETL000004420,RTN00004420,SOL000011688,P000028,11,11,0,11,fail,1923.0
RETL000004421,RTN00004421,SOL000163978,P000311,11,11,7,4,fail,422.35
RETL000004422,RTN00004422,SOL000351391,P000156,1,1,0,1,fail,80.99
RETL000004423,RTN00004423,SOL000091434,P000509,6,0,0,0,pass,666.65
RETL000004424,RTN00004424,SOL000171601,P000422,1,1,0,1,fail,86.14
RETL000004425,RTN00004425,SOL000053207,P000351,1,1,0,1,fail,643.39
RETL000004426,RTN00004426,SOL000157148,P000642,12,12,8,4,fail,1409.48
RETL000004427,RTN00004427,SOL000122656,P000263,2,2,0,2,fail,204.21
RETL000004428,RTN00004428,SOL000322128,P000432,37,37,0,37,fail,3787.52
RETL000004429,RTN00004429,SOL000082794,P000386,29,29,0,29,fail,4033.57
RETL000004430,RTN00004430,SOL000153730,P000384,25,25,0,25,fail,3224.49
RETL000004431,RTN00004431,SOL000077185,P000068,2,2,0,2,fail,193.91
RETL000004432,RTN00004432,SOL000180544,P000236,16,16,0,16,fail,777.55
RETL000004433,RTN00004433,SOL000056485,P000110,20,20,0,20,fail,382.76
RETL000004434,RTN00004434,SOL000073444,P000338,2,2,2,0,pass,135.94
RETL000004435,RTN00004435,SOL000038956,P000281,13,13,12,1,pass,1290.71
RETL000004436,RTN00004436,SOL000265676,P000061,12,0,0,0,pass,1424.89
RETL000004437,RTN00004437,SOL000042383,P000336,25,25,0,25,fail,2972.9
RETL000004438,RTN00004438,SOL000042966,P000320,1,1,0,1,fail,83.73
RETL000004439,RTN00004439,SOL000022995,P000167,8,8,0,8,fail,1102.49
RETL000004440,RTN00004440,SOL000342027,P000581,1,1,1,0,pass,52.41
RETL000004441,RTN00004441,SOL000345386,P000177,5,5,0,5,fail,335.43
RETL000004442,RTN00004442,SOL000095388,P000103,41,41,35,6,pass,2025.24
RETL000004443,RTN00004443,SOL000210971,P000555,32,32,0,32,fail,6170.89
RETL000004444,RTN00004444,SOL000119772,P000123,12,0,0,0,pass,1032.13
RETL000004445,RTN00004445,SOL000122986,P000019,3,3,0,3,fail,1066.41
RETL000004446,RTN00004446,SOL000116595,P000295,23,23,0,23,fail,5058.12
RETL000004447,RTN00004447,SOL000180073,P000436,3,3,0,3,fail,183.81
RETL000004448,RTN00004448,SOL000055383,P000488,49,49,0,49,fail,795.73
RETL000004449,RTN00004449,SOL000021562,P000589,1,1,0,1,fail,39.58
RETL000004450,RTN00004450,SOL000153139,P000555,14,0,0,0,pass,2945.63
RETL000004451,RTN00004451,SOL000248876,P000283,2,2,0,2,fail,517.77
RETL000004452,RTN00004452,SOL000089952,P000098,1,1,0,1,fail,88.94
RETL000004453,RTN00004453,SOL000024577,P000454,11,11,4,7,fail,401.24
RETL000004454,RTN00004454,SOL000128512,P000319,37,37,17,20,fail,1578.3
RETL000004455,RTN00004455,SOL000047419,P000344,4,4,0,4,fail,581.13
RETL000004456,RTN00004456,SOL000183901,P000067,15,15,13,2,pass,1983.09
RETL000004457,RTN00004457,SOL000354938,P000044,15,15,12,3,pass,5252.48
RETL000004458,RTN00004458,SOL000010270,P000048,6,6,0,6,fail,651.59
RETL000004459,RTN00004459,SOL000058698,P000112,6,6,0,6,fail,1486.08
RETL000004460,RTN00004460,SOL000220645,P000367,14,0,0,0,pass,472.03
RETL000004461,RTN00004461,SOL000021351,P000239,18,18,0,18,fail,3994.65
RETL000004462,RTN00004462,SOL000211732,P000309,14,14,4,10,fail,964.33
RETL000004463,RTN00004463,SOL000203349,P000337,1,1,1,0,pass,33.76
RETL000004464,RTN00004464,SOL000138894,P000015,7,0,0,0,pass,6752.25
RETL000004465,RTN00004465,SOL000034143,P000351,47,0,0,0,pass,36837.38
RETL000004466,RTN00004466,SOL000099526,P000143,8,8,0,8,fail,363.51
RETL000004467,RTN00004467,SOL000278836,P000645,3,3,0,3,fail,267.19
RETL000004468,RTN00004468,SOL000116003,P000469,7,7,0,7,fail,270.56
RETL000004469,RTN00004469,SOL000317927,P000348,1,0,0,0,pass,42.07
RETL000004470,RTN00004470,SOL000124248,P000188,6,6,0,6,fail,549.86
RETL000004471,RTN00004471,SOL000018390,P000306,1,0,0,0,pass,274.26
RETL000004472,RTN00004472,SOL000154641,P000343,33,0,0,0,pass,1685.4
RETL000004473,RTN00004473,SOL000083942,P000054,5,5,0,5,fail,374.2
RETL000004474,RTN00004474,SOL000022277,P000073,5,5,0,5,fail,900.47
RETL000004475,RTN00004475,SOL000338034,P000349,29,29,0,29,fail,1919.64
RETL000004476,RTN00004476,SOL000116009,P000156,12,12,0,12,fail,701.62
RETL000004477,RTN00004477,SOL000288109,P000068,3,3,1,2,fail,273.44
RETL000004478,RTN00004478,SOL000340244,P000111,14,14,10,4,fail,2059.49
RETL000004479,RTN00004479,SOL000039428,P000342,1,1,1,0,pass,118.51
RETL000004480,RTN00004480,SOL000208075,P000442,1,1,0,1,fail,454.44
RETL000004481,RTN00004481,SOL000223765,P000230,15,15,0,15,fail,651.01
RETL000004482,RTN00004482,SOL000137802,P000513,5,5,0,5,fail,571.56
RETL000004483,RTN00004483,SOL000100179,P000349,8,8,0,8,fail,373.85
RETL000004484,RTN00004484,SOL000273407,P000484,7,7,0,7,fail,276.87
RETL000004485,RTN00004485,SOL000233411,P000394,1,1,0,1,fail,89.65
RETL000004486,RTN00004486,SOL000185443,P000211,19,19,0,19,fail,1250.4
RETL000004487,RTN00004487,SOL000327592,P000124,10,0,0,0,pass,1274.46
RETL000004488,RTN00004488,SOL000169835,P000460,29,29,0,29,fail,2619.19
RETL000004489,RTN00004489,SOL000072888,P000233,15,15,0,15,fail,873.62
RETL000004490,RTN00004490,SOL000014575,P000096,4,4,0,4,fail,316.59
RETL000004491,RTN00004491,SOL000265965,P000566,55,55,0,55,fail,6803.77
RETL000004492,RTN00004492,SOL000185419,P000006,5,5,4,1,pass,218.49
RETL000004493,RTN00004493,SOL000284210,P000004,5,5,0,5,fail,964.13
RETL000004494,RTN00004494,SOL000139097,P000449,15,15,0,15,fail,2776.8
RETL000004495,RTN00004495,SOL000229487,P000406,18,18,0,18,fail,603.17
RETL000004496,RTN00004496,SOL000257711,P000459,11,11,8,3,fail,282.77
RETL000004497,RTN00004497,SOL000158105,P000281,11,11,0,11,fail,1654.99
RETL000004498,RTN00004498,SOL000347834,P000244,2,2,1,1,fail,45.2
RETL000004499,RTN00004499,SOL000169886,P000071,11,11,0,11,fail,1317.67
RETL000004500,RTN00004500,SOL000298565,P000441,36,36,0,36,fail,1509.72
RETL000004501,RTN00004501,SOL000189083,P000631,15,15,0,15,fail,1133.69
RETL000004502,RTN00004502,SOL000349883,P000282,4,4,0,4,fail,590.33
RETL000004503,RTN00004503,SOL000077932,P000069,3,3,0,3,fail,124.25
RETL000004504,RTN00004504,SOL000275620,P000117,18,18,12,6,fail,2510.57
RETL000004505,RTN00004505,SOL000192728,P000280,8,8,0,8,fail,668.4
RETL000004506,RTN00004506,SOL000360580,P000052,6,0,0,0,pass,503.17
RETL000004507,RTN00004507,SOL000085342,P000171,10,10,3,7,fail,1854.87
RETL000004508,RTN00004508,SOL000270626,P000235,17,0,0,0,pass,6337.51
RETL000004509,RTN00004509,SOL000116713,P000095,6,6,4,2,fail,623.43
RETL000004510,RTN00004510,SOL000265111,P000170,18,18,11,7,fail,1420.96
RETL000004511,RTN00004511,SOL000024983,P000408,6,0,0,0,pass,1156.05
RETL000004512,RTN00004512,SOL000304418,P000129,13,0,0,0,pass,501.13
RETL000004513,RTN00004513,SOL000093073,P000526,79,79,0,79,fail,3414.67
RETL000004514,RTN00004514,SOL000113200,P000502,41,41,0,41,fail,5577.62
RETL000004515,RTN00004515,SOL000221823,P000151,6,6,4,2,fail,324.38
RETL000004516,RTN00004516,SOL000218979,P000075,2,0,0,0,pass,134.89
RETL000004517,RTN00004517,SOL000095376,P000550,10,10,0,10,fail,1153.73
RETL000004518,RTN00004518,SOL000308310,P000178,1,0,0,0,pass,63.19
RETL000004519,RTN00004519,SOL000308700,P000395,25,25,18,7,fail,18047.68
RETL000004520,RTN00004520,SOL000145522,P000208,3,3,0,3,fail,62.97
RETL000004521,RTN00004521,SOL000031396,P000557,1,0,0,0,pass,228.26
RETL000004522,RTN00004522,SOL000365701,P000065,11,11,0,11,fail,508.52
RETL000004523,RTN00004523,SOL000293330,P000514,26,26,13,13,fail,3441.18
RETL000004524,RTN00004524,SOL000299924,P000171,17,0,0,0,pass,2213.15
RETL000004525,RTN00004525,SOL000006741,P000305,7,7,2,5,fail,631.71
RETL000004526,RTN00004526,SOL000123360,P000366,42,42,0,42,fail,3361.86
RETL000004527,RTN00004527,SOL000230496,P000352,1,1,0,1,fail,398.16
RETL000004528,RTN00004528,SOL000170741,P000100,27,27,10,17,fail,2156.3
RETL000004529,RTN00004529,SOL000145670,P000410,6,0,0,0,pass,431.15
RETL000004530,RTN00004530,SOL000069946,P000384,7,7,6,1,pass,825.04
RETL000004531,RTN00004531,SOL000031270,P000568,9,9,5,4,fail,863.72
RETL000004532,RTN00004532,SOL000051454,P000286,13,13,0,13,fail,767.26
RETL000004533,RTN00004533,SOL000051271,P000051,8,8,0,8,fail,115.51
RETL000004534,RTN00004534,SOL000288197,P000388,12,12,0,12,fail,928.61
RETL000004535,RTN00004535,SOL000087167,P000519,20,20,9,11,fail,3036.86
RETL000004536,RTN00004536,SOL000027690,P000299,4,0,0,0,pass,1214.48
RETL000004537,RTN00004537,SOL000258287,P000152,1,0,0,0,pass,46.08
RETL000004538,RTN00004538,SOL000263951,P000060,8,8,0,8,fail,422.78
RETL000004539,RTN00004539,SOL000057772,P000209,2,2,0,2,fail,356.33
RETL000004540,RTN00004540,SOL000293228,P000646,6,0,0,0,pass,1024.1
RETL000004541,RTN00004541,SOL000295335,P000141,1,1,0,1,fail,41.39
RETL000004542,RTN00004542,SOL000337293,P000561,21,21,0,21,fail,1307.46
RETL000004543,RTN00004543,SOL000251659,P000172,10,10,0,10,fail,507.85
RETL000004544,RTN00004544,SOL000255764,P000567,9,9,4,5,fail,758.28
RETL000004545,RTN00004545,SOL000137896,P000398,36,36,0,36,fail,5922.68
RETL000004546,RTN00004546,SOL000339095,P000601,4,4,1,3,fail,1052.93
RETL000004547,RTN00004547,SOL000027775,P000239,10,0,0,0,pass,3163.74
RETL000004548,RTN00004548,SOL000323759,P000366,4,4,3,1,fail,236.77
RETL000004549,RTN00004549,SOL000255085,P000293,1,1,0,1,fail,112.28
RETL000004550,RTN00004550,SOL000038707,P000446,7,0,0,0,pass,511.91
RETL000004551,RTN00004551,SOL000160808,P000151,13,13,0,13,fail,692.06
RETL000004552,RTN00004552,SOL000305379,P000439,2,2,1,1,fail,368.06
RETL000004553,RTN00004553,SOL000226247,P000533,11,11,7,4,fail,1398.49
RETL000004554,RTN00004554,SOL000158207,P000397,13,13,0,13,fail,1804.45
RETL000004555,RTN00004555,SOL000253353,P000550,19,19,0,19,fail,2397.07
RETL000004556,RTN00004556,SOL000324933,P000023,11,11,0,11,fail,1020.18
RETL000004557,RTN00004557,SOL000108626,P000423,31,31,22,9,fail,2185.41
RETL000004558,RTN00004558,SOL000129658,P000238,19,19,7,12,fail,2935.24
RETL000004559,RTN00004559,SOL000229922,P000284,13,13,7,6,fail,178.65
RETL000004560,RTN00004560,SOL000012938,P000142,1,1,0,1,fail,117.1
RETL000004561,RTN00004561,SOL000364191,P000235,25,25,7,18,fail,8796.56
RETL000004562,RTN00004562,SOL000303126,P000084,11,11,0,11,fail,1204.99
RETL000004563,RTN00004563,SOL000296968,P000159,4,4,2,2,fail,151.39
RETL000004564,RTN00004564,SOL000176957,P000272,9,9,0,9,fail,669.52
RETL000004565,RTN00004565,SOL000313050,P000254,5,5,0,5,fail,488.87
RETL000004566,RTN00004566,SOL000262602,P000076,1,1,1,0,pass,208.02
RETL000004567,RTN00004567,SOL000060300,P000412,8,8,0,8,fail,442.32
RETL000004568,RTN00004568,SOL000211385,P000524,16,16,0,16,fail,865.28
RETL000004569,RTN00004569,SOL000198363,P000050,12,12,0,12,fail,1521.33
RETL000004570,RTN00004570,SOL000111065,P000101,5,5,0,5,fail,469.61
RETL000004571,RTN00004571,SOL000015274,P000269,1,1,0,1,fail,114.77
RETL000004572,RTN00004572,SOL000274185,P000145,53,53,18,35,fail,8807.2
RETL000004573,RTN00004573,SOL000149497,P000274,6,6,0,6,fail,617.88
RETL000004574,RTN00004574,SOL000246528,P000377,20,20,0,20,fail,786.03
RETL000004575,RTN00004575,SOL000274468,P000338,2,0,0,0,pass,122.71
RETL000004576,RTN00004576,SOL000285150,P000396,2,2,0,2,fail,321.4
RETL000004577,RTN00004577,SOL000103492,P000061,1,0,0,0,pass,113.87
RETL000004578,RTN00004578,SOL000163639,P000576,4,0,0,0,pass,694.72
RETL000004579,RTN00004579,SOL000018731,P000245,3,3,2,1,fail,478.35
RETL000004580,RTN00004580,SOL000027254,P000081,16,16,0,16,fail,291.92
RETL000004581,RTN00004581,SOL000233013,P000093,2,0,0,0,pass,158.91
RETL000004582,RTN00004582,SOL000285834,P000619,11,11,0,11,fail,960.41
RETL000004583,RTN00004583,SOL000268129,P000067,1,1,0,1,fail,129.64
RETL000004584,RTN00004584,SOL000262296,P000131,14,14,12,2,pass,1189.53
RETL000004585,RTN00004585,SOL000207543,P000254,7,0,0,0,pass,968.74
RETL000004586,RTN00004586,SOL000096414,P000223,33,33,27,6,pass,13225.73
RETL000004587,RTN00004587,SOL000325880,P000101,2,2,2,0,pass,199.49
RETL000004588,RTN00004588,SOL000182199,P000047,1,1,0,1,fail,58.2
RETL000004589,RTN00004589,SOL000341754,P000488,1,1,0,1,fail,12.02
RETL000004590,RTN00004590,SOL000159230,P000031,2,2,0,2,fail,156.76
RETL000004591,RTN00004591,SOL000339353,P000421,30,30,24,6,pass,2259.21
RETL000004592,RTN00004592,SOL000227751,P000338,11,0,0,0,pass,720.55
RETL000004593,RTN00004593,SOL000052607,P000330,10,10,0,10,fail,879.84
RETL000004594,RTN00004594,SOL000269118,P000514,3,0,0,0,pass,346.59
RETL000004595,RTN00004595,SOL000349740,P000480,1,1,0,1,fail,107.65
RETL000004596,RTN00004596,SOL000322178,P000625,10,10,0,10,fail,926.72
RETL000004597,RTN00004597,SOL000001383,P000074,1,1,1,0,pass,72.01
RETL000004598,RTN00004598,SOL000029275,P000140,6,6,0,6,fail,1336.98
RETL000004599,RTN00004599,SOL000185193,P000343,17,17,0,17,fail,848.32
RETL000004600,RTN00004600,SOL000268624,P000453,5,0,0,0,pass,1098.53
RETL000004601,RTN00004601,SOL000184468,P000504,5,0,0,0,pass,819.47
RETL000004602,RTN00004602,SOL000172098,P000094,22,22,12,10,fail,1569.52
RETL000004603,RTN00004603,SOL000354029,P000121,48,48,0,48,fail,8465.02
RETL000004604,RTN00004604,SOL000169565,P000074,35,35,14,21,fail,2759.43
RETL000004605,RTN00004605,SOL000264655,P000351,2,0,0,0,pass,1109.87
RETL000004606,RTN00004606,SOL000044517,P000268,10,10,0,10,fail,197.91
RETL000004607,RTN00004607,SOL000033638,P000018,17,17,0,17,fail,4171.71
RETL000004608,RTN00004608,SOL000135243,P000060,4,0,0,0,pass,162.19
RETL000004609,RTN00004609,SOL000207398,P000510,3,3,2,1,fail,108.03
RETL000004610,RTN00004610,SOL000299543,P000364,2,0,0,0,pass,93.55
RETL000004611,RTN00004611,SOL000241647,P000623,14,14,6,8,fail,2357.18
RETL000004612,RTN00004612,SOL000331895,P000488,9,9,0,9,fail,132.53
RETL000004613,RTN00004613,SOL000231179,P000292,9,9,3,6,fail,5588.69
RETL000004614,RTN00004614,SOL000255455,P000526,3,3,0,3,fail,126.22
RETL000004615,RTN00004615,SOL000286032,P000427,7,7,0,7,fail,714.45
RETL000004616,RTN00004616,SOL000056841,P000244,17,17,12,5,fail,465.74
RETL000004617,RTN00004617,SOL000353104,P000485,2,2,1,1,fail,102.28
RETL000004618,RTN00004618,SOL000156924,P000509,15,15,0,15,fail,1163.04
RETL000004619,RTN00004619,SOL000292010,P000275,3,3,0,3,fail,289.09
RETL000004620,RTN00004620,SOL000257503,P000046,10,0,0,0,pass,580.76
RETL000004621,RTN00004621,SOL000255853,P000229,4,0,0,0,pass,707.72
RETL000004622,RTN00004622,SOL000286737,P000156,2,0,0,0,pass,153.69
RETL000004623,RTN00004623,SOL000151392,P000615,7,7,6,1,pass,574.89
RETL000004624,RTN00004624,SOL000276701,P000540,1,1,0,1,fail,43.28
RETL000004625,RTN00004625,SOL000312686,P000506,31,31,13,18,fail,1529.65
RETL000004626,RTN00004626,SOL000322801,P000103,23,23,0,23,fail,1025.01
RETL000004627,RTN00004627,SOL000211996,P000214,9,9,0,9,fail,1648.83
RETL000004628,RTN00004628,SOL000105759,P000521,3,3,0,3,fail,291.9
RETL000004629,RTN00004629,SOL000248564,P000596,16,16,0,16,fail,3966.54
RETL000004630,RTN00004630,SOL000251235,P000286,5,5,1,4,fail,384.4
RETL000004631,RTN00004631,SOL000001886,P000412,11,0,0,0,pass,456.89
RETL000004632,RTN00004632,SOL000248632,P000523,15,15,0,15,fail,564.72
RETL000004633,RTN00004633,SOL000253810,P000548,6,6,5,1,pass,378.17
RETL000004634,RTN00004634,SOL000195055,P000556,5,0,0,0,pass,296.3
RETL000004635,RTN00004635,SOL000190464,P000365,5,5,0,5,fail,181.91
RETL000004636,RTN00004636,SOL000057837,P000562,65,65,33,32,fail,5905.88
RETL000004637,RTN00004637,SOL000088282,P000140,6,0,0,0,pass,1436.3
RETL000004638,RTN00004638,SOL000269474,P000574,4,0,0,0,pass,681.65
RETL000004639,RTN00004639,SOL000354794,P000422,12,12,0,12,fail,1330.45
RETL000004640,RTN00004640,SOL000248625,P000421,2,2,2,0,pass,156.5
RETL000004641,RTN00004641,SOL000177519,P000614,8,8,0,8,fail,1307.81
RETL000004642,RTN00004642,SOL000169545,P000275,48,48,0,48,fail,5042.26
RETL000004643,RTN00004643,SOL000259957,P000610,18,18,0,18,fail,841.28
RETL000004644,RTN00004644,SOL000061537,P000580,7,7,3,4,fail,218.52
RETL000004645,RTN00004645,SOL000367341,P000041,13,0,0,0,pass,376.72
RETL000004646,RTN00004646,SOL000083342,P000193,1,1,0,1,fail,252.99
RETL000004647,RTN00004647,SOL000326249,P000544,40,40,24,16,fail,1625.82
RETL000004648,RTN00004648,SOL000138652,P000144,202,202,0,202,fail,10732.64
RETL000004649,RTN00004649,SOL000243932,P000432,1,1,0,1,fail,97.61
RETL000004650,RTN00004650,SOL000011358,P000306,9,9,6,3,fail,2385.8
RETL000004651,RTN00004651,SOL000099668,P000604,6,6,0,6,fail,625.53
RETL000004652,RTN00004652,SOL000133316,P000604,1,1,0,1,fail,142.69
RETL000004653,RTN00004653,SOL000340760,P000438,7,0,0,0,pass,554.2
RETL000004654,RTN00004654,SOL000107813,P000036,8,8,0,8,fail,263.23
RETL000004655,RTN00004655,SOL000236933,P000012,12,0,0,0,pass,2541.29
RETL000004656,RTN00004656,SOL000010875,P000248,1,1,0,1,fail,138.08
RETL000004657,RTN00004657,SOL000252273,P000342,4,4,0,4,fail,449.98
RETL000004658,RTN00004658,SOL000174149,P000628,32,32,0,32,fail,4153.42
RETL000004659,RTN00004659,SOL000210827,P000271,5,0,0,0,pass,262.7
RETL000004660,RTN00004660,SOL000194967,P000139,13,13,4,9,fail,1538.88
RETL000004661,RTN00004661,SOL000354179,P000268,2,2,0,2,fail,51.09
RETL000004662,RTN00004662,SOL000076401,P000440,3,3,0,3,fail,155.41
RETL000004663,RTN00004663,SOL000185587,P000300,8,8,5,3,fail,1527.2
RETL000004664,RTN00004664,SOL000321517,P000247,42,42,0,42,fail,3780.26
RETL000004665,RTN00004665,SOL000271430,P000228,3,3,1,2,fail,908.17
RETL000004666,RTN00004666,SOL000258921,P000631,24,24,0,24,fail,1834.51
RETL000004667,RTN00004667,SOL000085853,P000481,1,1,0,1,fail,31.97
RETL000004668,RTN00004668,SOL000004802,P000198,13,0,0,0,pass,1300.99
RETL000004669,RTN00004669,SOL000139298,P000365,8,8,6,2,fail,360.59
RETL000004670,RTN00004670,SOL000351549,P000357,4,0,0,0,pass,178.91
RETL000004671,RTN00004671,SOL000173371,P000569,10,10,9,1,pass,1438.4
RETL000004672,RTN00004672,SOL000051686,P000647,65,65,22,43,fail,4410.78
RETL000004673,RTN00004673,SOL000297670,P000613,1,1,0,1,fail,59.62
RETL000004674,RTN00004674,SOL000023877,P000291,8,0,0,0,pass,1836.1
RETL000004675,RTN00004675,SOL000005997,P000135,5,5,0,5,fail,685.88
RETL000004676,RTN00004676,SOL000094100,P000383,8,8,5,3,fail,1248.76
RETL000004677,RTN00004677,SOL000324062,P000195,28,28,0,28,fail,4186.34
RETL000004678,RTN00004678,SOL000048293,P000465,2,2,0,2,fail,220.49
RETL000004679,RTN00004679,SOL000114028,P000406,11,11,0,11,fail,334.73
RETL000004680,RTN00004680,SOL000331938,P000625,2,2,0,2,fail,205.45
RETL000004681,RTN00004681,SOL000105540,P000471,1,1,0,1,fail,39.66
RETL000004682,RTN00004682,SOL000076888,P000046,2,0,0,0,pass,121.35
RETL000004683,RTN00004683,SOL000236785,P000046,5,5,0,5,fail,236.0
RETL000004684,RTN00004684,SOL000012748,P000221,8,8,2,6,fail,1183.7
RETL000004685,RTN00004685,SOL000005232,P000376,21,21,19,2,pass,185.04
RETL000004686,RTN00004686,SOL000342771,P000059,15,15,0,15,fail,2891.54
RETL000004687,RTN00004687,SOL000257170,P000549,5,0,0,0,pass,323.47
RETL000004688,RTN00004688,SOL000021124,P000588,2,2,2,0,pass,76.42
RETL000004689,RTN00004689,SOL000245926,P000520,19,19,0,19,fail,4119.39
RETL000004690,RTN00004690,SOL000266357,P000120,17,17,0,17,fail,1094.21
RETL000004691,RTN00004691,SOL000094384,P000073,5,0,0,0,pass,952.87
RETL000004692,RTN00004692,SOL000310918,P000248,14,14,0,14,fail,2134.76
RETL000004693,RTN00004693,SOL000161558,P000469,35,0,0,0,pass,1340.31
RETL000004694,RTN00004694,SOL000278962,P000640,19,19,0,19,fail,1018.34
RETL000004695,RTN00004695,SOL000305257,P000308,8,8,4,4,fail,961.21
RETL000004696,RTN00004696,SOL000013720,P000340,2,2,1,1,fail,143.12
RETL000004697,RTN00004697,SOL000117431,P000280,38,0,0,0,pass,3097.6
RETL000004698,RTN00004698,SOL000339210,P000621,5,5,4,1,pass,639.41
RETL000004699,RTN00004699,SOL000316001,P000003,7,0,0,0,pass,1057.41
RETL000004700,RTN00004700,SOL000048877,P000373,1,1,0,1,fail,72.59
RETL000004701,RTN00004701,SOL000183064,P000649,6,6,2,4,fail,2619.7
RETL000004702,RTN00004702,SOL000177307,P000214,2,0,0,0,pass,270.88
RETL000004703,RTN00004703,SOL000126534,P000529,2,2,0,2,fail,227.01
RETL000004704,RTN00004704,SOL000177996,P000441,1,1,0,1,fail,36.25
RETL000004705,RTN00004705,SOL000139671,P000017,17,17,14,3,pass,659.28
RETL000004706,RTN00004706,SOL000190541,P000216,2,0,0,0,pass,317.92
RETL000004707,RTN00004707,SOL000020486,P000434,2,2,0,2,fail,423.6
RETL000004708,RTN00004708,SOL000294737,P000028,3,3,0,3,fail,648.64
RETL000004709,RTN00004709,SOL000122677,P000348,83,83,64,19,fail,3193.17
RETL000004710,RTN00004710,SOL000193432,P000083,10,0,0,0,pass,1160.53
RETL000004711,RTN00004711,SOL000141903,P000593,2,2,0,2,fail,156.68
RETL000004712,RTN00004712,SOL000275631,P000404,9,0,0,0,pass,1767.17
RETL000004713,RTN00004713,SOL000005359,P000613,1,1,0,1,fail,53.65
RETL000004714,RTN00004714,SOL000204074,P000516,6,6,0,6,fail,487.65
RETL000004715,RTN00004715,SOL000319914,P000401,3,3,0,3,fail,323.34
RETL000004716,RTN00004716,SOL000155447,P000645,9,9,0,9,fail,601.79
RETL000004717,RTN00004717,SOL000023636,P000083,8,8,0,8,fail,1036.74
RETL000004718,RTN00004718,SOL000171161,P000318,6,6,0,6,fail,476.73
RETL000004719,RTN00004719,SOL000311329,P000476,2,2,0,2,fail,794.39
RETL000004720,RTN00004720,SOL000242556,P000307,8,0,0,0,pass,615.82
RETL000004721,RTN00004721,SOL000015622,P000036,8,8,0,8,fail,286.16
RETL000004722,RTN00004722,SOL000065207,P000529,12,12,4,8,fail,1365.73
RETL000004723,RTN00004723,SOL000204416,P000558,5,0,0,0,pass,264.87
RETL000004724,RTN00004724,SOL000291863,P000492,2,2,0,2,fail,149.69
RETL000004725,RTN00004725,SOL000299823,P000204,8,8,0,8,fail,764.63
RETL000004726,RTN00004726,SOL000253458,P000150,27,27,17,10,fail,2597.59
RETL000004727,RTN00004727,SOL000236761,P000283,14,0,0,0,pass,2614.94
RETL000004728,RTN00004728,SOL000073664,P000330,1,1,0,1,fail,86.16
RETL000004729,RTN00004729,SOL000026576,P000611,7,7,0,7,fail,692.52
RETL000004730,RTN00004730,SOL000267926,P000014,10,0,0,0,pass,926.11
RETL000004731,RTN00004731,SOL000093340,P000286,24,24,21,3,pass,1318.58
RETL000004732,RTN00004732,SOL000142211,P000067,3,0,0,0,pass,581.84
RETL000004733,RTN00004733,SOL000309204,P000402,5,0,0,0,pass,872.59
RETL000004734,RTN00004734,SOL000104567,P000079,3,3,0,3,fail,102.22
RETL000004735,RTN00004735,SOL000192005,P000151,1,1,0,1,fail,49.45
RETL000004736,RTN00004736,SOL000267904,P000320,31,31,26,5,pass,3213.17
RETL000004737,RTN00004737,SOL000196636,P000374,5,5,0,5,fail,649.84
RETL000004738,RTN00004738,SOL000127201,P000517,13,0,0,0,pass,5946.56
RETL000004739,RTN00004739,SOL000114063,P000239,10,10,9,1,pass,2492.24
RETL000004740,RTN00004740,SOL000153311,P000308,13,13,0,13,fail,1647.97
RETL000004741,RTN00004741,SOL000007807,P000567,3,0,0,0,pass,243.3
RETL000004742,RTN00004742,SOL000314500,P000100,7,7,0,7,fail,457.26
RETL000004743,RTN00004743,SOL000282847,P000187,3,3,0,3,fail,311.61
RETL000004744,RTN00004744,SOL000057056,P000071,1,0,0,0,pass,178.25
RETL000004745,RTN00004745,SOL000216569,P000317,20,20,0,20,fail,1081.44
RETL000004746,RTN00004746,SOL000010912,P000090,7,7,0,7,fail,361.63
RETL000004747,RTN00004747,SOL000195908,P000533,17,17,13,4,fail,2195.32
RETL000004748,RTN00004748,SOL000008217,P000414,4,4,0,4,fail,230.08
RETL000004749,RTN00004749,SOL000316227,P000272,3,3,0,3,fail,227.99
RETL000004750,RTN00004750,SOL000242190,P000532,3,3,2,1,fail,303.75
RETL000004751,RTN00004751,SOL000361608,P000406,16,16,11,5,fail,511.81
RETL000004752,RTN00004752,SOL000331185,P000051,23,0,0,0,pass,315.27
RETL000004753,RTN00004753,SOL000301254,P000486,1,1,0,1,fail,55.66
RETL000004754,RTN00004754,SOL000252233,P000015,8,8,4,4,fail,5520.19
RETL000004755,RTN00004755,SOL000324922,P000332,8,8,0,8,fail,1798.63
RETL000004756,RTN00004756,SOL000234219,P000127,7,7,0,7,fail,1352.43
RETL000004757,RTN00004757,SOL000046720,P000201,12,12,9,3,fail,618.46
RETL000004758,RTN00004758,SOL000313762,P000332,3,3,1,2,fail,941.33
RETL000004759,RTN00004759,SOL000357488,P000466,2,2,0,2,fail,144.66
RETL000004760,RTN00004760,SOL000187419,P000360,23,23,19,4,pass,4043.52
RETL000004761,RTN00004761,SOL000033851,P000195,2,0,0,0,pass,343.8
RETL000004762,RTN00004762,SOL000085107,P000126,21,0,0,0,pass,1736.44
RETL000004763,RTN00004763,SOL000099835,P000598,5,5,0,5,fail,648.15
RETL000004764,RTN00004764,SOL000272392,P000090,6,6,3,3,fail,422.73
RETL000004765,RTN00004765,SOL000359438,P000453,66,66,0,66,fail,12127.74
RETL000004766,RTN00004766,SOL000310983,P000020,4,4,3,1,fail,237.2
RETL000004767,RTN00004767,SOL000274320,P000562,7,7,5,2,fail,842.2
RETL000004768,RTN00004768,SOL000271684,P000151,3,3,0,3,fail,168.74
RETL000004769,RTN00004769,SOL000273446,P000284,2,2,1,1,fail,22.78
RETL000004770,RTN00004770,SOL000270694,P000021,4,0,0,0,pass,349.96
RETL000004771,RTN00004771,SOL000294534,P000188,2,2,1,1,fail,150.24
RETL000004772,RTN00004772,SOL000207480,P000484,12,12,0,12,fail,519.3
RETL000004773,RTN00004773,SOL000208781,P000238,3,3,0,3,fail,405.75
RETL000004774,RTN00004774,SOL000171866,P000213,5,0,0,0,pass,344.59
RETL000004775,RTN00004775,SOL000029854,P000602,17,17,0,17,fail,1920.43
RETL000004776,RTN00004776,SOL000219696,P000271,12,0,0,0,pass,854.72
RETL000004777,RTN00004777,SOL000306196,P000434,41,0,0,0,pass,10822.87
RETL000004778,RTN00004778,SOL000002273,P000320,31,31,0,31,fail,2806.12
RETL000004779,RTN00004779,SOL000086164,P000370,11,11,4,7,fail,1832.34
RETL000004780,RTN00004780,SOL000220453,P000344,14,14,0,14,fail,2416.81
RETL000004781,RTN00004781,SOL000120487,P000423,10,0,0,0,pass,743.86
RETL000004782,RTN00004782,SOL000010934,P000622,8,0,0,0,pass,1824.58
RETL000004783,RTN00004783,SOL000217150,P000107,11,11,3,8,fail,1157.51
RETL000004784,RTN00004784,SOL000344511,P000446,4,0,0,0,pass,257.2
RETL000004785,RTN00004785,SOL000268578,P000273,41,41,28,13,fail,5688.64
RETL000004786,RTN00004786,SOL000128581,P000587,4,4,2,2,fail,590.27
RETL000004787,RTN00004787,SOL000162313,P000138,4,4,3,1,fail,306.61
RETL000004788,RTN00004788,SOL000130046,P000195,12,12,0,12,fail,1621.9
RETL000004789,RTN00004789,SOL000091614,P000288,27,27,0,27,fail,4237.89
RETL000004790,RTN00004790,SOL000034980,P000202,9,9,0,9,fail,2397.51
RETL000004791,RTN00004791,SOL000267373,P000621,9,9,0,9,fail,960.36
RETL000004792,RTN00004792,SOL000308812,P000522,4,4,0,4,fail,423.7
RETL000004793,RTN00004793,SOL000033266,P000325,3,3,1,2,fail,591.04
RETL000004794,RTN00004794,SOL000262716,P000417,9,9,8,1,pass,528.11
RETL000004795,RTN00004795,SOL000190842,P000022,3,3,0,3,fail,131.85
RETL000004796,RTN00004796,SOL000338405,P000272,5,5,0,5,fail,389.22
RETL000004797,RTN00004797,SOL000243441,P000627,4,4,0,4,fail,127.04
RETL000004798,RTN00004798,SOL000167954,P000646,5,0,0,0,pass,688.01
RETL000004799,RTN00004799,SOL000071186,P000591,22,0,0,0,pass,4028.48
RETL000004800,RTN00004800,SOL000099884,P000097,18,18,11,7,fail,1769.2
RETL000004801,RTN00004801,SOL000092202,P000199,28,28,0,28,fail,1660.6
RETL000004802,RTN00004802,SOL000311461,P000615,1,1,0,1,fail,66.7
RETL000004803,RTN00004803,SOL000046268,P000481,5,5,0,5,fail,147.2
RETL000004804,RTN00004804,SOL000207028,P000150,12,12,6,6,fail,937.46
RETL000004805,RTN00004805,SOL000280062,P000558,3,3,0,3,fail,178.37
RETL000004806,RTN00004806,SOL000143764,P000413,24,0,0,0,pass,2292.51
RETL000004807,RTN00004807,SOL000245736,P000372,10,0,0,0,pass,2008.58
RETL000004808,RTN00004808,SOL000222215,P000007,10,0,0,0,pass,1984.69
RETL000004809,RTN00004809,SOL000167989,P000118,1,1,0,1,fail,34.28
RETL000004810,RTN00004810,SOL000236620,P000409,67,67,0,67,fail,5876.07
RETL000004811,RTN00004811,SOL000320626,P000191,3,3,0,3,fail,125.08
RETL000004812,RTN00004812,SOL000220624,P000102,27,27,12,15,fail,4179.29
RETL000004813,RTN00004813,SOL000214039,P000188,44,44,0,44,fail,3744.02
RETL000004814,RTN00004814,SOL000258186,P000425,7,7,0,7,fail,695.59
RETL000004815,RTN00004815,SOL000344846,P000456,3,3,0,3,fail,733.63
RETL000004816,RTN00004816,SOL000231640,P000387,12,12,3,9,fail,270.9
RETL000004817,RTN00004817,SOL000065768,P000017,4,4,3,1,fail,155.0
RETL000004818,RTN00004818,SOL000012171,P000368,80,80,0,80,fail,9387.82
RETL000004819,RTN00004819,SOL000162159,P000283,6,6,0,6,fail,1156.09
RETL000004820,RTN00004820,SOL000319298,P000436,11,11,6,5,fail,890.17
RETL000004821,RTN00004821,SOL000262544,P000008,7,7,2,5,fail,337.65
RETL000004822,RTN00004822,SOL000016747,P000323,2,2,0,2,fail,161.38
RETL000004823,RTN00004823,SOL000252365,P000052,12,12,0,12,fail,960.78
RETL000004824,RTN00004824,SOL000203481,P000218,3,3,2,1,fail,509.68
RETL000004825,RTN00004825,SOL000106381,P000229,3,3,0,3,fail,478.01
RETL000004826,RTN00004826,SOL000335752,P000478,14,14,0,14,fail,763.11
RETL000004827,RTN00004827,SOL000118011,P000341,5,5,4,1,pass,748.54
RETL000004828,RTN00004828,SOL000262346,P000206,2,2,0,2,fail,357.25
RETL000004829,RTN00004829,SOL000260843,P000081,18,18,0,18,fail,440.56
RETL000004830,RTN00004830,SOL000056618,P000114,19,0,0,0,pass,1263.87
RETL000004831,RTN00004831,SOL000076274,P000555,4,4,1,3,fail,1140.34
RETL000004832,RTN00004832,SOL000220819,P000361,5,0,0,0,pass,126.51
RETL000004833,RTN00004833,SOL000173505,P000203,3,3,0,3,fail,573.89
RETL000004834,RTN00004834,SOL000193736,P000002,13,13,0,13,fail,1443.77
RETL000004835,RTN00004835,SOL000037929,P000354,6,0,0,0,pass,624.79
RETL000004836,RTN00004836,SOL000365114,P000337,23,0,0,0,pass,668.44
RETL000004837,RTN00004837,SOL000230786,P000393,3,3,0,3,fail,1088.39
RETL000004838,RTN00004838,SOL000156846,P000368,14,14,4,10,fail,1625.82
RETL000004839,RTN00004839,SOL000272476,P000088,2,2,0,2,fail,260.63
RETL000004840,RTN00004840,SOL000336279,P000299,29,29,0,29,fail,9999.41
RETL000004841,RTN00004841,SOL000316693,P000368,5,5,0,5,fail,432.37
RETL000004842,RTN00004842,SOL000213439,P000211,26,26,0,26,fail,1317.06
RETL000004843,RTN00004843,SOL000337269,P000285,8,8,0,8,fail,411.6
RETL000004844,RTN00004844,SOL000032867,P000390,3,0,0,0,pass,43.48
RETL000004845,RTN00004845,SOL000040535,P000463,26,26,0,26,fail,4409.6
RETL000004846,RTN00004846,SOL000085231,P000250,6,0,0,0,pass,547.15
RETL000004847,RTN00004847,SOL000029564,P000326,1,1,0,1,fail,118.48
RETL000004848,RTN00004848,SOL000005939,P000598,8,8,0,8,fail,1014.79
RETL000004849,RTN00004849,SOL000258231,P000577,4,4,2,2,fail,433.54
RETL000004850,RTN00004850,SOL000174903,P000182,15,15,0,15,fail,1074.4
RETL000004851,RTN00004851,SOL000105823,P000281,1,1,1,0,pass,137.49
RETL000004852,RTN00004852,SOL000289827,P000481,3,3,0,3,fail,67.63
RETL000004853,RTN00004853,SOL000150611,P000013,1,1,1,0,pass,201.34
RETL000004854,RTN00004854,SOL000352183,P000033,2,2,0,2,fail,69.1
RETL000004855,RTN00004855,SOL000031596,P000589,3,3,0,3,fail,113.2
RETL000004856,RTN00004856,SOL000113444,P000542,2,2,0,2,fail,623.69
RETL000004857,RTN00004857,SOL000051599,P000077,1,1,1,0,pass,99.65
RETL000004858,RTN00004858,SOL000345466,P000645,1,1,0,1,fail,85.46
RETL000004859,RTN00004859,SOL000298545,P000437,1,1,0,1,fail,150.03
RETL000004860,RTN00004860,SOL000159184,P000342,7,0,0,0,pass,669.37
RETL000004861,RTN00004861,SOL000280816,P000541,2,2,0,2,fail,942.24
RETL000004862,RTN00004862,SOL000018498,P000117,66,66,23,43,fail,11790.71
RETL000004863,RTN00004863,SOL000180052,P000221,1,1,0,1,fail,109.62
RETL000004864,RTN00004864,SOL000099672,P000230,4,4,0,4,fail,188.29
RETL000004865,RTN00004865,SOL000185108,P000490,16,16,0,16,fail,2884.74
RETL000004866,RTN00004866,SOL000273186,P000164,12,0,0,0,pass,942.8
RETL000004867,RTN00004867,SOL000270588,P000144,4,4,0,4,fail,228.86
RETL000004868,RTN00004868,SOL000349427,P000555,11,0,0,0,pass,2622.49
RETL000004869,RTN00004869,SOL000012719,P000514,15,15,5,10,fail,2329.06
RETL000004870,RTN00004870,SOL000203064,P000247,4,4,1,3,fail,371.54
RETL000004871,RTN00004871,SOL000000741,P000459,13,13,0,13,fail,349.77
RETL000004872,RTN00004872,SOL000342047,P000624,4,4,0,4,fail,474.58
RETL000004873,RTN00004873,SOL000183554,P000476,21,21,9,12,fail,8287.42
RETL000004874,RTN00004874,SOL000087027,P000404,24,24,15,9,fail,3278.05
RETL000004875,RTN00004875,SOL000283949,P000332,2,2,1,1,fail,629.42
RETL000004876,RTN00004876,SOL000091163,P000120,18,18,7,11,fail,954.94
RETL000004877,RTN00004877,SOL000111674,P000323,17,17,0,17,fail,1223.38
RETL000004878,RTN00004878,SOL000122716,P000285,9,9,0,9,fail,565.23
RETL000004879,RTN00004879,SOL000289772,P000390,7,7,4,3,fail,111.07
RETL000004880,RTN00004880,SOL000327804,P000063,14,0,0,0,pass,990.47
RETL000004881,RTN00004881,SOL000280088,P000601,10,10,7,3,fail,2517.77
RETL000004882,RTN00004882,SOL000173794,P000562,12,12,6,6,fail,1420.48
RETL000004883,RTN00004883,SOL000200442,P000054,14,14,0,14,fail,1074.76
RETL000004884,RTN00004884,SOL000314460,P000616,2,0,0,0,pass,187.87
RETL000004885,RTN00004885,SOL000101165,P000201,30,0,0,0,pass,1411.35
RETL000004886,RTN00004886,SOL000189678,P000077,5,5,4,1,pass,481.42
RETL000004887,RTN00004887,SOL000314198,P000190,1,1,1,0,pass,59.68
RETL000004888,RTN00004888,SOL000156842,P000637,11,11,0,11,fail,508.72
RETL000004889,RTN00004889,SOL000252353,P000235,1,1,0,1,fail,355.49
RETL000004890,RTN00004890,SOL000084546,P000530,5,5,0,5,fail,218.55
RETL000004891,RTN00004891,SOL000217018,P000109,16,0,0,0,pass,1073.25
RETL000004892,RTN00004892,SOL000132725,P000272,2,2,0,2,fail,114.04
RETL000004893,RTN00004893,SOL000087087,P000250,3,3,1,2,fail,347.0
RETL000004894,RTN00004894,SOL000043545,P000261,6,6,0,6,fail,128.51
RETL000004895,RTN00004895,SOL000302579,P000509,2,2,1,1,fail,222.19
RETL000004896,RTN00004896,SOL000231338,P000532,24,24,0,24,fail,1958.8
RETL000004897,RTN00004897,SOL000024675,P000041,5,5,0,5,fail,138.64
RETL000004898,RTN00004898,SOL000003707,P000216,9,9,0,9,fail,1466.25
RETL000004899,RTN00004899,SOL000027048,P000386,7,7,0,7,fail,1000.28
RETL000004900,RTN00004900,SOL000309733,P000030,2,2,0,2,fail,81.0
RETL000004901,RTN00004901,SOL000318089,P000287,2,0,0,0,pass,88.58
RETL000004902,RTN00004902,SOL000308828,P000639,5,5,0,5,fail,288.98
RETL000004903,RTN00004903,SOL000281496,P000247,4,4,0,4,fail,303.21
RETL000004904,RTN00004904,SOL000053072,P000122,2,2,0,2,fail,269.44
RETL000004905,RTN00004905,SOL000190847,P000226,20,20,9,11,fail,656.49
RETL000004906,RTN00004906,SOL000130205,P000638,11,0,0,0,pass,433.95
RETL000004907,RTN00004907,SOL000217105,P000638,1,1,0,1,fail,37.84
RETL000004908,RTN00004908,SOL000358671,P000107,15,0,0,0,pass,1090.59
RETL000004909,RTN00004909,SOL000153350,P000433,1,0,0,0,pass,62.85
RETL000004910,RTN00004910,SOL000072719,P000287,3,3,3,0,pass,173.77
RETL000004911,RTN00004911,SOL000324544,P000510,8,8,0,8,fail,271.45
RETL000004912,RTN00004912,SOL000190740,P000042,2,2,0,2,fail,187.6
RETL000004913,RTN00004913,SOL000027069,P000165,40,40,0,40,fail,2540.17
RETL000004914,RTN00004914,SOL000277050,P000206,6,6,2,4,fail,1367.17
RETL000004915,RTN00004915,SOL000051116,P000429,3,3,0,3,fail,285.89
RETL000004916,RTN00004916,SOL000083397,P000208,8,8,4,4,fail,179.25
RETL000004917,RTN00004917,SOL000078312,P000131,1,1,0,1,fail,65.46
RETL000004918,RTN00004918,SOL000340314,P000069,25,25,0,25,fail,861.65
RETL000004919,RTN00004919,SOL000100220,P000263,1,1,0,1,fail,106.73
RETL000004920,RTN00004920,SOL000180324,P000282,1,0,0,0,pass,114.7
RETL000004921,RTN00004921,SOL000090074,P000174,3,3,0,3,fail,975.47
RETL000004922,RTN00004922,SOL000310429,P000432,10,10,0,10,fail,741.87
RETL000004923,RTN00004923,SOL000262765,P000463,8,0,0,0,pass,1687.11
RETL000004924,RTN00004924,SOL000167704,P000192,8,8,2,6,fail,351.32
RETL000004925,RTN00004925,SOL000139632,P000481,14,14,0,14,fail,382.01
RETL000004926,RTN00004926,SOL000190267,P000510,28,28,0,28,fail,920.15
RETL000004927,RTN00004927,SOL000337292,P000168,1,1,0,1,fail,284.99
RETL000004928,RTN00004928,SOL000115912,P000595,55,55,0,55,fail,1799.74
RETL000004929,RTN00004929,SOL000195736,P000362,11,11,0,11,fail,1366.77
RETL000004930,RTN00004930,SOL000255290,P000084,8,8,6,2,fail,796.27
RETL000004931,RTN00004931,SOL000152891,P000267,13,0,0,0,pass,1935.36
RETL000004932,RTN00004932,SOL000218313,P000151,6,6,3,3,fail,384.62
RETL000004933,RTN00004933,SOL000123256,P000378,3,3,0,3,fail,60.69
RETL000004934,RTN00004934,SOL000144636,P000056,15,0,0,0,pass,1411.0
RETL000004935,RTN00004935,SOL000355826,P000285,16,16,0,16,fail,1091.11
RETL000004936,RTN00004936,SOL000360391,P000091,11,11,0,11,fail,430.61
RETL000004937,RTN00004937,SOL000168947,P000449,1,1,0,1,fail,250.53
RETL000004938,RTN00004938,SOL000226805,P000621,24,24,0,24,fail,2406.77
RETL000004939,RTN00004939,SOL000348675,P000080,5,5,4,1,pass,399.16
RETL000004940,RTN00004940,SOL000006004,P000463,32,32,0,32,fail,5606.13
RETL000004941,RTN00004941,SOL000334858,P000203,5,5,4,1,pass,866.17
RETL000004942,RTN00004942,SOL000113783,P000081,5,5,2,3,fail,101.19
RETL000004943,RTN00004943,SOL000193594,P000144,3,3,0,3,fail,185.82
RETL000004944,RTN00004944,SOL000265614,P000065,8,8,0,8,fail,285.68
RETL000004945,RTN00004945,SOL000106965,P000153,2,0,0,0,pass,156.74
RETL000004946,RTN00004946,SOL000048038,P000449,16,0,0,0,pass,2865.67
RETL000004947,RTN00004947,SOL000199461,P000321,5,5,1,4,fail,151.18
RETL000004948,RTN00004948,SOL000183543,P000022,2,2,1,1,fail,91.15
RETL000004949,RTN00004949,SOL000191667,P000264,3,3,0,3,fail,355.9
RETL000004950,RTN00004950,SOL000009936,P000315,24,24,0,24,fail,3440.84
RETL000004951,RTN00004951,SOL000267745,P000055,2,0,0,0,pass,762.26
RETL000004952,RTN00004952,SOL000221302,P000248,5,5,0,5,fail,625.98
RETL000004953,RTN00004953,SOL000189227,P000365,15,15,0,15,fail,603.66
RETL000004954,RTN00004954,SOL000321869,P000106,8,8,0,8,fail,1528.76
RETL000004955,RTN00004955,SOL000347300,P000083,6,6,4,2,fail,736.21
RETL000004956,RTN00004956,SOL000117900,P000510,4,4,0,4,fail,122.27
RETL000004957,RTN00004957,SOL000067082,P000460,8,0,0,0,pass,773.76
RETL000004958,RTN00004958,SOL000158450,P000508,13,13,0,13,fail,650.65
RETL000004959,RTN00004959,SOL000025379,P000596,11,11,0,11,fail,2510.06
RETL000004960,RTN00004960,SOL000355264,P000457,2,2,0,2,fail,503.35
RETL000004961,RTN00004961,SOL000079534,P000442,5,5,0,5,fail,2308.43
RETL000004962,RTN00004962,SOL000181705,P000164,2,2,0,2,fail,124.34
RETL000004963,RTN00004963,SOL000307870,P000023,24,24,17,7,fail,2109.25
RETL000004964,RTN00004964,SOL000336165,P000211,19,19,6,13,fail,1181.98
RETL000004965,RTN00004965,SOL000002016,P000259,1,1,0,1,fail,236.1
RETL000004966,RTN00004966,SOL000333874,P000551,42,0,0,0,pass,9551.52
RETL000004967,RTN00004967,SOL000151754,P000518,9,9,0,9,fail,313.49
RETL000004968,RTN00004968,SOL000055428,P000261,18,18,0,18,fail,458.49
RETL000004969,RTN00004969,SOL000300552,P000476,21,21,0,21,fail,6256.31
RETL000004970,RTN00004970,SOL000207674,P000586,1,0,0,0,pass,118.95
RETL000004971,RTN00004971,SOL000006040,P000223,6,6,5,1,pass,1828.57
RETL000004972,RTN00004972,SOL000090237,P000025,1,1,1,0,pass,123.18
RETL000004973,RTN00004973,SOL000025204,P000104,2,0,0,0,pass,704.2
RETL000004974,RTN00004974,SOL000283185,P000162,1,1,0,1,fail,42.5
RETL000004975,RTN00004975,SOL000277900,P000422,5,0,0,0,pass,641.97
RETL000004976,RTN00004976,SOL000273551,P000413,5,5,4,1,pass,570.97
RETL000004977,RTN00004977,SOL000105415,P000197,18,18,0,18,fail,2868.4
RETL000004978,RTN00004978,SOL000335892,P000387,8,8,4,4,fail,181.38
RETL000004979,RTN00004979,SOL000277637,P000199,4,4,0,4,fail,273.54
RETL000004980,RTN00004980,SOL000098929,P000391,23,23,0,23,fail,668.19
RETL000004981,RTN00004981,SOL000077095,P000422,4,4,2,2,fail,363.25
RETL000004982,RTN00004982,SOL000127753,P000478,1,1,1,0,pass,58.47
RETL000004983,RTN00004983,SOL000324834,P000096,4,4,0,4,fail,298.11
RETL000004984,RTN00004984,SOL000118148,P000386,1,1,0,1,fail,189.73
RETL000004985,RTN00004985,SOL000051104,P000481,4,4,0,4,fail,118.92
RETL000004986,RTN00004986,SOL000147232,P000175,3,3,1,2,fail,254.12
RETL000004987,RTN00004987,SOL000019259,P000624,15,0,0,0,pass,2530.87
RETL000004988,RTN00004988,SOL000122307,P000245,3,0,0,0,pass,524.2
RETL000004989,RTN00004989,SOL000035412,P000014,4,4,3,1,fail,402.21
RETL000004990,RTN00004990,SOL000203242,P000467,3,3,1,2,fail,176.71
RETL000004991,RTN00004991,SOL000267633,P000574,23,23,0,23,fail,2614.42
RETL000004992,RTN00004992,SOL000015636,P000179,4,4,0,4,fail,1929.65
RETL000004993,RTN00004993,SOL000118639,P000167,7,7,6,1,pass,884.83
RETL000004994,RTN00004994,SOL000313860,P000597,2,2,1,1,fail,232.96
RETL000004995,RTN00004995,SOL000050587,P000203,2,2,2,0,pass,326.79
RETL000004996,RTN00004996,SOL000158915,P000520,5,5,0,5,fail,870.74
RETL000004997,RTN00004997,SOL000219690,P000576,13,13,7,6,fail,2166.8
RETL000004998,RTN00004998,SOL000106710,P000526,4,0,0,0,pass,167.55
RETL000004999,RTN00004999,SOL000184018,P000282,8,8,0,8,fail,1097.13
RETL000005000,RTN00005000,SOL000361180,P000578,14,14,0,14,fail,1043.44
RETL000005001,RTN00005001,SOL000167695,P000629,19,0,0,0,pass,489.95
RETL000005002,RTN00005002,SOL000070622,P000509,19,19,0,19,fail,1539.95
RETL000005003,RTN00005003,SOL000063689,P000287,6,6,0,6,fail,255.46
RETL000005004,RTN00005004,SOL000042845,P000616,1,0,0,0,pass,101.29
RETL000005005,RTN00005005,SOL000007464,P000518,3,3,0,3,fail,127.65
RETL000005006,RTN00005006,SOL000242009,P000427,3,3,0,3,fail,250.43
RETL000005007,RTN00005007,SOL000243393,P000152,14,14,0,14,fail,636.75
RETL000005008,RTN00005008,SOL000326629,P000235,17,17,0,17,fail,5295.31
RETL000005009,RTN00005009,SOL000096984,P000305,2,2,0,2,fail,172.04
RETL000005010,RTN00005010,SOL000244948,P000437,3,3,0,3,fail,415.9
RETL000005011,RTN00005011,SOL000104063,P000506,1,1,0,1,fail,40.61
RETL000005012,RTN00005012,SOL000138634,P000251,37,37,30,7,pass,2719.85
RETL000005013,RTN00005013,SOL000224949,P000361,4,4,0,4,fail,103.29
RETL000005014,RTN00005014,SOL000278232,P000401,2,0,0,0,pass,211.77
RETL000005015,RTN00005015,SOL000323847,P000217,23,0,0,0,pass,1630.08
RETL000005016,RTN00005016,SOL000015058,P000190,29,29,0,29,fail,1835.31
RETL000005017,RTN00005017,SOL000352169,P000135,9,9,0,9,fail,1441.42
RETL000005018,RTN00005018,SOL000342918,P000184,20,20,0,20,fail,2123.66
RETL000005019,RTN00005019,SOL000028973,P000334,5,5,0,5,fail,521.88
RETL000005020,RTN00005020,SOL000234504,P000542,2,2,0,2,fail,588.11
RETL000005021,RTN00005021,SOL000071649,P000567,9,9,7,2,fail,788.58
RETL000005022,RTN00005022,SOL000002967,P000393,7,7,0,7,fail,1821.73
RETL000005023,RTN00005023,SOL000249293,P000553,2,2,0,2,fail,976.43
RETL000005024,RTN00005024,SOL000129601,P000578,21,21,0,21,fail,1880.54
RETL000005025,RTN00005025,SOL000030062,P000002,13,13,6,7,fail,1594.25
RETL000005026,RTN00005026,SOL000221011,P000374,5,5,0,5,fail,773.57
RETL000005027,RTN00005027,SOL000075685,P000439,12,12,9,3,fail,1864.2
RETL000005028,RTN00005028,SOL000266961,P000139,15,15,4,11,fail,1330.85
RETL000005029,RTN00005029,SOL000200790,P000022,6,6,0,6,fail,283.27
RETL000005030,RTN00005030,SOL000260666,P000351,6,6,0,6,fail,3325.06
RETL000005031,RTN00005031,SOL000179762,P000305,6,6,4,2,fail,350.15
RETL000005032,RTN00005032,SOL000047366,P000466,17,17,0,17,fail,1195.94
RETL000005033,RTN00005033,SOL000121330,P000506,17,0,0,0,pass,840.04
RETL000005034,RTN00005034,SOL000298935,P000413,15,15,0,15,fail,1931.78
RETL000005035,RTN00005035,SOL000265024,P000425,4,4,0,4,fail,313.6
RETL000005036,RTN00005036,SOL000157002,P000375,10,10,0,10,fail,6509.67
RETL000005037,RTN00005037,SOL000139564,P000026,4,4,0,4,fail,257.14
RETL000005038,RTN00005038,SOL000258228,P000068,5,5,2,3,fail,414.92
RETL000005039,RTN00005039,SOL000298357,P000134,8,0,0,0,pass,641.56
RETL000005040,RTN00005040,SOL000126690,P000400,3,3,2,1,fail,677.25
RETL000005041,RTN00005041,SOL000049682,P000471,14,14,0,14,fail,772.06
RETL000005042,RTN00005042,SOL000269048,P000494,8,0,0,0,pass,579.93
RETL000005043,RTN00005043,SOL000124344,P000406,9,0,0,0,pass,273.43
RETL000005044,RTN00005044,SOL000351561,P000574,6,6,0,6,fail,779.31
RETL000005045,RTN00005045,SOL000176215,P000331,14,14,0,14,fail,4279.66
RETL000005046,RTN00005046,SOL000307024,P000121,18,0,0,0,pass,3291.6
RETL000005047,RTN00005047,SOL000322141,P000460,6,6,0,6,fail,546.62
RETL000005048,RTN00005048,SOL000007843,P000527,11,0,0,0,pass,4711.84
RETL000005049,RTN00005049,SOL000308647,P000286,9,9,3,6,fail,670.09
RETL000005050,RTN00005050,SOL000326105,P000377,8,8,0,8,fail,350.21
RETL000005051,RTN00005051,SOL000011017,P000079,3,3,0,3,fail,107.15
RETL000005052,RTN00005052,SOL000280870,P000257,4,4,0,4,fail,421.97
RETL000005053,RTN00005053,SOL000123312,P000292,9,9,6,3,fail,4675.79
RETL000005054,RTN00005054,SOL000284806,P000602,5,5,0,5,fail,749.54
RETL000005055,RTN00005055,SOL000079116,P000285,7,7,5,2,fail,408.44
RETL000005056,RTN00005056,SOL000066538,P000521,6,6,0,6,fail,596.26
RETL000005057,RTN00005057,SOL000318365,P000475,2,2,0,2,fail,577.45
RETL000005058,RTN00005058,SOL000232324,P000261,21,21,0,21,fail,487.19
RETL000005059,RTN00005059,SOL000227356,P000098,10,0,0,0,pass,836.12
RETL000005060,RTN00005060,SOL000329578,P000276,1,1,0,1,fail,35.28
RETL000005061,RTN00005061,SOL000221167,P000442,18,18,12,6,fail,6734.62
RETL000005062,RTN00005062,SOL000095729,P000011,11,11,0,11,fail,383.74
RETL000005063,RTN00005063,SOL000182320,P000275,18,0,0,0,pass,1414.05
RETL000005064,RTN00005064,SOL000133187,P000063,23,23,0,23,fail,1870.19
RETL000005065,RTN00005065,SOL000104401,P000136,2,2,0,2,fail,629.26
RETL000005066,RTN00005066,SOL000301689,P000539,9,9,5,4,fail,1043.56
RETL000005067,RTN00005067,SOL000099098,P000119,4,4,0,4,fail,348.15
RETL000005068,RTN00005068,SOL000035933,P000276,46,46,31,15,fail,2308.85
RETL000005069,RTN00005069,SOL000216191,P000250,11,11,0,11,fail,1013.44
RETL000005070,RTN00005070,SOL000034028,P000112,6,6,3,3,fail,1448.31
RETL000005071,RTN00005071,SOL000050440,P000315,19,0,0,0,pass,2766.63
RETL000005072,RTN00005072,SOL000018060,P000253,1,1,0,1,fail,114.08
RETL000005073,RTN00005073,SOL000351897,P000222,3,3,0,3,fail,1084.57
RETL000005074,RTN00005074,SOL000143089,P000279,8,8,3,5,fail,430.0
RETL000005075,RTN00005075,SOL000305290,P000363,1,0,0,0,pass,62.2
RETL000005076,RTN00005076,SOL000327966,P000432,1,1,1,0,pass,102.55
RETL000005077,RTN00005077,SOL000341144,P000354,4,4,1,3,fail,436.29
RETL000005078,RTN00005078,SOL000099520,P000418,19,19,0,19,fail,2859.44
RETL000005079,RTN00005079,SOL000118678,P000049,3,0,0,0,pass,641.45
RETL000005080,RTN00005080,SOL000229558,P000179,1,1,0,1,fail,367.73
RETL000005081,RTN00005081,SOL000021896,P000024,17,17,6,11,fail,930.1
RETL000005082,RTN00005082,SOL000143990,P000203,6,6,3,3,fail,827.56
RETL000005083,RTN00005083,SOL000290386,P000165,11,0,0,0,pass,741.14
RETL000005084,RTN00005084,SOL000253196,P000166,17,17,0,17,fail,2199.51
RETL000005085,RTN00005085,SOL000119227,P000633,7,7,3,4,fail,439.73
RETL000005086,RTN00005086,SOL000319517,P000513,4,0,0,0,pass,417.06
RETL000005087,RTN00005087,SOL000118538,P000485,2,2,0,2,fail,96.09
RETL000005088,RTN00005088,SOL000282891,P000302,3,3,0,3,fail,204.63
RETL000005089,RTN00005089,SOL000310005,P000506,26,26,0,26,fail,1295.32
RETL000005090,RTN00005090,SOL000062934,P000061,1,1,0,1,fail,103.4
RETL000005091,RTN00005091,SOL000131223,P000485,13,0,0,0,pass,752.3
RETL000005092,RTN00005092,SOL000144910,P000613,2,2,1,1,fail,131.66
RETL000005093,RTN00005093,SOL000193953,P000360,1,1,0,1,fail,126.76
RETL000005094,RTN00005094,SOL000238791,P000113,1,1,0,1,fail,44.68
RETL000005095,RTN00005095,SOL000039043,P000629,177,0,0,0,pass,4226.26
RETL000005096,RTN00005096,SOL000176380,P000274,2,2,0,2,fail,255.32
RETL000005097,RTN00005097,SOL000228541,P000208,14,14,0,14,fail,369.55
RETL000005098,RTN00005098,SOL000197031,P000465,13,13,0,13,fail,971.76
RETL000005099,RTN00005099,SOL000317397,P000487,3,3,0,3,fail,217.03
RETL000005100,RTN00005100,SOL000131881,P000091,11,11,0,11,fail,415.82
RETL000005101,RTN00005101,SOL000341177,P000440,6,6,5,1,pass,312.58
RETL000005102,RTN00005102,SOL000026088,P000176,14,14,0,14,fail,3296.6
RETL000005103,RTN00005103,SOL000173625,P000038,5,5,0,5,fail,211.64
RETL000005104,RTN00005104,SOL000178601,P000072,20,20,0,20,fail,1464.1
RETL000005105,RTN00005105,SOL000261571,P000529,22,0,0,0,pass,2451.4
RETL000005106,RTN00005106,SOL000052213,P000518,6,6,2,4,fail,275.6
RETL000005107,RTN00005107,SOL000185245,P000541,5,5,3,2,fail,2317.28
RETL000005108,RTN00005108,SOL000167788,P000599,6,6,0,6,fail,394.07
RETL000005109,RTN00005109,SOL000340230,P000158,5,5,0,5,fail,204.5
RETL000005110,RTN00005110,SOL000187122,P000533,10,10,0,10,fail,1395.23
RETL000005111,RTN00005111,SOL000033001,P000422,14,14,0,14,fail,1355.91
RETL000005112,RTN00005112,SOL000173108,P000522,10,10,0,10,fail,1074.72
RETL000005113,RTN00005113,SOL000136842,P000048,15,15,6,9,fail,1606.26
RETL000005114,RTN00005114,SOL000010464,P000524,2,2,2,0,pass,90.46
RETL000005115,RTN00005115,SOL000111984,P000134,20,0,0,0,pass,1535.4
RETL000005116,RTN00005116,SOL000101458,P000482,8,8,7,1,pass,1231.33
RETL000005117,RTN00005117,SOL000313305,P000603,14,14,0,14,fail,764.02
RETL000005118,RTN00005118,SOL000091701,P000491,1,1,0,1,fail,147.25
RETL000005119,RTN00005119,SOL000361062,P000466,10,0,0,0,pass,973.98
RETL000005120,RTN00005120,SOL000142568,P000103,13,13,0,13,fail,608.74
RETL000005121,RTN00005121,SOL000132209,P000109,13,13,3,10,fail,715.5
RETL000005122,RTN00005122,SOL000183013,P000392,4,4,0,4,fail,201.66
RETL000005123,RTN00005123,SOL000116881,P000335,1,1,0,1,fail,53.07
RETL000005124,RTN00005124,SOL000066677,P000495,4,4,0,4,fail,502.93
RETL000005125,RTN00005125,SOL000187964,P000322,6,6,0,6,fail,7829.78
RETL000005126,RTN00005126,SOL000340184,P000127,6,6,0,6,fail,1244.25
RETL000005127,RTN00005127,SOL000362081,P000446,1,1,1,0,pass,63.61
RETL000005128,RTN00005128,SOL000031340,P000447,5,5,0,5,fail,1378.03
RETL000005129,RTN00005129,SOL000088311,P000551,5,0,0,0,pass,972.41
RETL000005130,RTN00005130,SOL000107549,P000440,6,0,0,0,pass,419.64
RETL000005131,RTN00005131,SOL000217396,P000220,25,25,0,25,fail,6733.27
RETL000005132,RTN00005132,SOL000365657,P000465,18,18,0,18,fail,1387.58
RETL000005133,RTN00005133,SOL000021019,P000172,19,19,0,19,fail,1152.22
RETL000005134,RTN00005134,SOL000091062,P000541,22,22,18,4,pass,9723.63
RETL000005135,RTN00005135,SOL000107124,P000109,6,6,3,3,fail,373.97
RETL000005136,RTN00005136,SOL000068001,P000336,12,12,0,12,fail,1909.86
RETL000005137,RTN00005137,SOL000028162,P000226,2,2,1,1,fail,60.03
RETL000005138,RTN00005138,SOL000031039,P000526,27,27,9,18,fail,1402.34
RETL000005139,RTN00005139,SOL000169884,P000142,6,6,0,6,fail,594.69
RETL000005140,RTN00005140,SOL000124632,P000128,3,0,0,0,pass,101.25
RETL000005141,RTN00005141,SOL000312312,P000006,13,0,0,0,pass,499.15
RETL000005142,RTN00005142,SOL000200621,P000517,3,0,0,0,pass,1094.96
RETL000005143,RTN00005143,SOL000065859,P000095,6,6,4,2,fail,644.86
RETL000005144,RTN00005144,SOL000049596,P000284,5,5,2,3,fail,81.61
RETL000005145,RTN00005145,SOL000102150,P000130,2,2,0,2,fail,310.94
RETL000005146,RTN00005146,SOL000072552,P000472,4,4,2,2,fail,715.94
RETL000005147,RTN00005147,SOL000010273,P000355,14,14,5,9,fail,613.51
RETL000005148,RTN00005148,SOL000062422,P000013,8,8,0,8,fail,1473.33
RETL000005149,RTN00005149,SOL000361666,P000464,23,0,0,0,pass,3115.93
RETL000005150,RTN00005150,SOL000045849,P000431,24,24,0,24,fail,452.81
RETL000005151,RTN00005151,SOL000333299,P000603,24,24,0,24,fail,1643.4
RETL000005152,RTN00005152,SOL000269062,P000558,7,7,3,4,fail,299.71
RETL000005153,RTN00005153,SOL000155990,P000484,2,2,1,1,fail,89.83
RETL000005154,RTN00005154,SOL000113004,P000298,14,14,12,2,pass,5994.37
RETL000005155,RTN00005155,SOL000272030,P000386,1,1,0,1,fail,173.55
RETL000005156,RTN00005156,SOL000040138,P000518,30,30,12,18,fail,1089.99
RETL000005157,RTN00005157,SOL000303274,P000245,8,8,0,8,fail,1177.51
RETL000005158,RTN00005158,SOL000204620,P000595,10,0,0,0,pass,387.43
RETL000005159,RTN00005159,SOL000155866,P000551,10,0,0,0,pass,2100.61
RETL000005160,RTN00005160,SOL000303985,P000025,2,2,0,2,fail,206.83
RETL000005161,RTN00005161,SOL000117791,P000511,10,10,0,10,fail,4797.04
RETL000005162,RTN00005162,SOL000146805,P000484,5,5,0,5,fail,294.97
RETL000005163,RTN00005163,SOL000302930,P000003,2,2,0,2,fail,279.03
RETL000005164,RTN00005164,SOL000226632,P000302,22,22,0,22,fail,1896.01
RETL000005165,RTN00005165,SOL000031920,P000014,44,44,0,44,fail,4812.38
RETL000005166,RTN00005166,SOL000111693,P000353,35,0,0,0,pass,1891.73
RETL000005167,RTN00005167,SOL000071643,P000396,5,0,0,0,pass,654.78
RETL000005168,RTN00005168,SOL000002199,P000613,3,0,0,0,pass,188.46
RETL000005169,RTN00005169,SOL000068057,P000354,8,8,0,8,fail,881.26
RETL000005170,RTN00005170,SOL000013251,P000158,32,32,0,32,fail,1166.57
RETL000005171,RTN00005171,SOL000289981,P000589,4,4,0,4,fail,118.39
RETL000005172,RTN00005172,SOL000116674,P000306,7,7,4,3,fail,2284.11
RETL000005173,RTN00005173,SOL000073933,P000321,14,0,0,0,pass,435.97
RETL000005174,RTN00005174,SOL000219008,P000454,27,27,0,27,fail,1363.05
RETL000005175,RTN00005175,SOL000025375,P000248,5,5,0,5,fail,588.6
RETL000005176,RTN00005176,SOL000095265,P000363,32,32,0,32,fail,2170.05
RETL000005177,RTN00005177,SOL000006532,P000281,20,20,7,13,fail,2334.17
RETL000005178,RTN00005178,SOL000224473,P000605,14,0,0,0,pass,880.96
RETL000005179,RTN00005179,SOL000261905,P000222,1,0,0,0,pass,409.06
RETL000005180,RTN00005180,SOL000174110,P000538,16,16,0,16,fail,6799.65
RETL000005181,RTN00005181,SOL000288632,P000577,6,6,0,6,fail,709.58
RETL000005182,RTN00005182,SOL000294728,P000195,2,2,0,2,fail,286.93
RETL000005183,RTN00005183,SOL000282740,P000618,4,4,1,3,fail,428.97
RETL000005184,RTN00005184,SOL000305945,P000610,97,97,0,97,fail,4722.91
RETL000005185,RTN00005185,SOL000195058,P000477,4,4,2,2,fail,555.19
RETL000005186,RTN00005186,SOL000176084,P000560,14,14,5,9,fail,989.46
RETL000005187,RTN00005187,SOL000057320,P000364,9,9,0,9,fail,523.33
RETL000005188,RTN00005188,SOL000153480,P000303,1,1,0,1,fail,238.26
RETL000005189,RTN00005189,SOL000253425,P000087,7,7,0,7,fail,240.82
RETL000005190,RTN00005190,SOL000227186,P000478,22,22,0,22,fail,1390.9
RETL000005191,RTN00005191,SOL000197884,P000524,34,34,0,34,fail,1354.52
RETL000005192,RTN00005192,SOL000107057,P000300,19,19,0,19,fail,4133.93
RETL000005193,RTN00005193,SOL000314942,P000382,20,20,15,5,fail,296.36
RETL000005194,RTN00005194,SOL000019296,P000586,3,0,0,0,pass,428.89
RETL000005195,RTN00005195,SOL000016072,P000150,11,11,0,11,fail,1104.29
RETL000005196,RTN00005196,SOL000186535,P000196,14,14,13,1,pass,478.62
RETL000005197,RTN00005197,SOL000178031,P000508,4,4,0,4,fail,266.26
RETL000005198,RTN00005198,SOL000204645,P000552,7,0,0,0,pass,3238.97
RETL000005199,RTN00005199,SOL000336744,P000033,12,12,9,3,fail,493.53
RETL000005200,RTN00005200,SOL000270704,P000315,1,1,0,1,fail,151.89
RETL000005201,RTN00005201,SOL000038757,P000022,21,0,0,0,pass,821.88
RETL000005202,RTN00005202,SOL000318277,P000559,1,1,0,1,fail,155.02
RETL000005203,RTN00005203,SOL000284365,P000027,14,14,8,6,fail,1305.67
RETL000005204,RTN00005204,SOL000062958,P000289,38,38,0,38,fail,1356.52
RETL000005205,RTN00005205,SOL000307190,P000560,3,3,0,3,fail,277.51
RETL000005206,RTN00005206,SOL000164631,P000073,29,29,0,29,fail,4622.15
RETL000005207,RTN00005207,SOL000069752,P000601,11,11,0,11,fail,3842.54
RETL000005208,RTN00005208,SOL000129136,P000042,3,0,0,0,pass,303.48
RETL000005209,RTN00005209,SOL000008088,P000510,1,0,0,0,pass,27.45
RETL000005210,RTN00005210,SOL000093006,P000207,4,0,0,0,pass,212.55
RETL000005211,RTN00005211,SOL000273336,P000016,3,3,0,3,fail,617.19
RETL000005212,RTN00005212,SOL000232841,P000052,14,14,4,10,fail,1521.53
RETL000005213,RTN00005213,SOL000273106,P000570,6,0,0,0,pass,2150.52
RETL000005214,RTN00005214,SOL000042564,P000012,129,0,0,0,pass,25703.44
RETL000005215,RTN00005215,SOL000207201,P000003,4,4,1,3,fail,640.23
RETL000005216,RTN00005216,SOL000044919,P000542,13,13,0,13,fail,3630.28
RETL000005217,RTN00005217,SOL000342251,P000241,9,9,8,1,pass,1137.7
RETL000005218,RTN00005218,SOL000319465,P000368,12,0,0,0,pass,1318.3
RETL000005219,RTN00005219,SOL000040268,P000521,5,5,3,2,fail,714.44
RETL000005220,RTN00005220,SOL000058763,P000441,20,0,0,0,pass,965.19
RETL000005221,RTN00005221,SOL000183623,P000355,37,37,0,37,fail,1632.69
RETL000005222,RTN00005222,SOL000112338,P000429,5,5,4,1,pass,554.17
RETL000005223,RTN00005223,SOL000327942,P000166,15,15,9,6,fail,1613.64
RETL000005224,RTN00005224,SOL000132727,P000534,4,4,0,4,fail,428.27
RETL000005225,RTN00005225,SOL000299400,P000273,12,0,0,0,pass,1648.29
RETL000005226,RTN00005226,SOL000195839,P000043,5,5,0,5,fail,1176.49
RETL000005227,RTN00005227,SOL000314304,P000278,4,4,0,4,fail,360.37
RETL000005228,RTN00005228,SOL000126576,P000312,20,20,0,20,fail,2871.12
RETL000005229,RTN00005229,SOL000311546,P000573,4,0,0,0,pass,270.44
RETL000005230,RTN00005230,SOL000213737,P000630,2,2,0,2,fail,489.77
RETL000005231,RTN00005231,SOL000249464,P000282,11,11,0,11,fail,1576.42
RETL000005232,RTN00005232,SOL000333088,P000006,1,1,0,1,fail,42.91
RETL000005233,RTN00005233,SOL000149178,P000215,13,13,0,13,fail,255.55
RETL000005234,RTN00005234,SOL000003123,P000331,3,0,0,0,pass,1083.62
RETL000005235,RTN00005235,SOL000156988,P000313,5,0,0,0,pass,377.38
RETL000005236,RTN00005236,SOL000265801,P000626,10,10,0,10,fail,823.96
RETL000005237,RTN00005237,SOL000034139,P000235,8,8,0,8,fail,3314.5
RETL000005238,RTN00005238,SOL000071644,P000650,14,0,0,0,pass,1453.91
RETL000005239,RTN00005239,SOL000181558,P000029,21,21,0,21,fail,3851.13
RETL000005240,RTN00005240,SOL000177816,P000276,6,6,0,6,fail,322.41
RETL000005241,RTN00005241,SOL000089303,P000242,10,10,5,5,fail,1003.23
RETL000005242,RTN00005242,SOL000196597,P000160,1,1,0,1,fail,125.66
RETL000005243,RTN00005243,SOL000233840,P000210,12,12,9,3,fail,1478.66
RETL000005244,RTN00005244,SOL000228821,P000044,3,0,0,0,pass,1090.83
RETL000005245,RTN00005245,SOL000116896,P000523,2,2,0,2,fail,112.56
RETL000005246,RTN00005246,SOL000318544,P000477,27,27,19,8,fail,2897.26
RETL000005247,RTN00005247,SOL000329095,P000046,14,0,0,0,pass,595.04
RETL000005248,RTN00005248,SOL000183198,P000138,23,0,0,0,pass,1459.29
RETL000005249,RTN00005249,SOL000306821,P000568,2,0,0,0,pass,147.9
RETL000005250,RTN00005250,SOL000280541,P000135,1,1,0,1,fail,163.05
RETL000005251,RTN00005251,SOL000179849,P000556,4,4,0,4,fail,232.71
RETL000005252,RTN00005252,SOL000278716,P000431,2,2,0,2,fail,51.3
RETL000005253,RTN00005253,SOL000260174,P000174,6,6,0,6,fail,2181.32
RETL000005254,RTN00005254,SOL000128792,P000533,3,0,0,0,pass,398.59
RETL000005255,RTN00005255,SOL000145134,P000142,13,13,0,13,fail,1787.88
RETL000005256,RTN00005256,SOL000261854,P000456,9,9,0,9,fail,2020.43
RETL000005257,RTN00005257,SOL000156973,P000506,4,4,0,4,fail,238.02
RETL000005258,RTN00005258,SOL000130782,P000026,18,18,15,3,pass,1223.33
RETL000005259,RTN00005259,SOL000142518,P000642,14,14,12,2,pass,1400.34
RETL000005260,RTN00005260,SOL000340530,P000446,36,36,0,36,fail,2478.77
RETL000005261,RTN00005261,SOL000353509,P000434,7,0,0,0,pass,2247.73
RETL000005262,RTN00005262,SOL000275017,P000448,3,3,0,3,fail,166.54
RETL000005263,RTN00005263,SOL000327413,P000589,13,13,0,13,fail,442.84
RETL000005264,RTN00005264,SOL000095895,P000378,5,5,1,4,fail,113.27
RETL000005265,RTN00005265,SOL000175732,P000110,61,61,0,61,fail,1709.23
RETL000005266,RTN00005266,SOL000176689,P000618,76,76,0,76,fail,6103.89
RETL000005267,RTN00005267,SOL000082912,P000077,20,0,0,0,pass,1750.26
RETL000005268,RTN00005268,SOL000183246,P000102,16,16,0,16,fail,2224.62
RETL000005269,RTN00005269,SOL000062675,P000009,6,0,0,0,pass,859.99
RETL000005270,RTN00005270,SOL000290416,P000292,2,2,1,1,fail,1096.83
RETL000005271,RTN00005271,SOL000173984,P000051,8,8,5,3,fail,118.04
RETL000005272,RTN00005272,SOL000051835,P000534,1,1,0,1,fail,106.06
RETL000005273,RTN00005273,SOL000184405,P000581,10,10,3,7,fail,426.62
RETL000005274,RTN00005274,SOL000308518,P000556,16,0,0,0,pass,1290.74
RETL000005275,RTN00005275,SOL000142290,P000548,29,29,0,29,fail,1819.82
RETL000005276,RTN00005276,SOL000051693,P000388,4,0,0,0,pass,300.63
RETL000005277,RTN00005277,SOL000247130,P000021,10,0,0,0,pass,672.76
RETL000005278,RTN00005278,SOL000063270,P000574,2,2,0,2,fail,242.43
RETL000005279,RTN00005279,SOL000295844,P000372,1,0,0,0,pass,163.05
RETL000005280,RTN00005280,SOL000341202,P000292,3,3,0,3,fail,1363.24
RETL000005281,RTN00005281,SOL000319407,P000116,6,6,0,6,fail,1172.63
RETL000005282,RTN00005282,SOL000003041,P000629,15,0,0,0,pass,408.48
RETL000005283,RTN00005283,SOL000310773,P000308,1,1,0,1,fail,139.37
RETL000005284,RTN00005284,SOL000313170,P000367,39,39,0,39,fail,1552.79
RETL000005285,RTN00005285,SOL000311423,P000517,14,14,0,14,fail,5989.03
RETL000005286,RTN00005286,SOL000051194,P000236,17,17,0,17,fail,758.31
RETL000005287,RTN00005287,SOL000269815,P000591,1,1,0,1,fail,194.65
RETL000005288,RTN00005288,SOL000054642,P000143,10,10,0,10,fail,335.18
RETL000005289,RTN00005289,SOL000190129,P000562,5,0,0,0,pass,514.62
RETL000005290,RTN00005290,SOL000100643,P000048,12,12,0,12,fail,1048.24
RETL000005291,RTN00005291,SOL000015667,P000390,7,7,0,7,fail,89.7
RETL000005292,RTN00005292,SOL000250942,P000290,9,9,0,9,fail,1449.11
RETL000005293,RTN00005293,SOL000169852,P000610,4,4,0,4,fail,175.85
RETL000005294,RTN00005294,SOL000131122,P000465,1,0,0,0,pass,106.06
RETL000005295,RTN00005295,SOL000276087,P000349,4,4,0,4,fail,194.14
RETL000005296,RTN00005296,SOL000357799,P000136,1,0,0,0,pass,342.74
RETL000005297,RTN00005297,SOL000251295,P000564,8,8,7,1,pass,747.21
RETL000005298,RTN00005298,SOL000222984,P000301,2,2,0,2,fail,180.83
RETL000005299,RTN00005299,SOL000040398,P000392,3,3,0,3,fail,196.43
RETL000005300,RTN00005300,SOL000081322,P000062,8,8,0,8,fail,435.55
RETL000005301,RTN00005301,SOL000266917,P000132,9,9,0,9,fail,341.44
RETL000005302,RTN00005302,SOL000037864,P000503,2,2,2,0,pass,225.99
RETL000005303,RTN00005303,SOL000282305,P000310,1,1,0,1,fail,147.05
RETL000005304,RTN00005304,SOL000144342,P000623,1,0,0,0,pass,127.72
RETL000005305,RTN00005305,SOL000312077,P000303,22,0,0,0,pass,3929.53
RETL000005306,RTN00005306,SOL000263317,P000181,8,8,0,8,fail,651.97
RETL000005307,RTN00005307,SOL000240681,P000640,1,1,1,0,pass,66.96
RETL000005308,RTN00005308,SOL000191377,P000213,6,6,0,6,fail,421.29
RETL000005309,RTN00005309,SOL000317456,P000632,5,5,2,3,fail,1366.03
RETL000005310,RTN00005310,SOL000094504,P000288,3,0,0,0,pass,416.77
RETL000005311,RTN00005311,SOL000148900,P000410,12,12,0,12,fail,809.69
RETL000005312,RTN00005312,SOL000091702,P000341,9,0,0,0,pass,1523.31
RETL000005313,RTN00005313,SOL000085209,P000266,5,0,0,0,pass,918.82
RETL000005314,RTN00005314,SOL000305141,P000491,1,1,0,1,fail,160.89
RETL000005315,RTN00005315,SOL000257745,P000178,3,0,0,0,pass,180.33
RETL000005316,RTN00005316,SOL000136554,P000403,18,0,0,0,pass,564.29
RETL000005317,RTN00005317,SOL000047960,P000246,14,0,0,0,pass,8046.69
RETL000005318,RTN00005318,SOL000111120,P000414,1,0,0,0,pass,48.06
RETL000005319,RTN00005319,SOL000115585,P000614,8,0,0,0,pass,1519.39
RETL000005320,RTN00005320,SOL000141383,P000083,6,6,0,6,fail,711.38
RETL000005321,RTN00005321,SOL000206476,P000514,4,0,0,0,pass,511.12
RETL000005322,RTN00005322,SOL000040814,P000643,10,10,0,10,fail,341.8
RETL000005323,RTN00005323,SOL000221505,P000231,13,0,0,0,pass,1839.36
RETL000005324,RTN00005324,SOL000069623,P000551,20,20,13,7,fail,4427.87
RETL000005325,RTN00005325,SOL000063048,P000611,5,5,0,5,fail,452.82
RETL000005326,RTN00005326,SOL000004072,P000580,12,12,0,12,fail,406.79
RETL000005327,RTN00005327,SOL000249229,P000543,1,1,0,1,fail,132.04
RETL000005328,RTN00005328,SOL000143297,P000408,3,3,0,3,fail,463.92
RETL000005329,RTN00005329,SOL000048635,P000388,20,20,5,15,fail,1188.27
RETL000005330,RTN00005330,SOL000044578,P000624,1,0,0,0,pass,116.7
RETL000005331,RTN00005331,SOL000316290,P000573,6,6,0,6,fail,502.96
RETL000005332,RTN00005332,SOL000199517,P000360,32,32,11,21,fail,4299.18
RETL000005333,RTN00005333,SOL000208106,P000304,5,5,0,5,fail,172.65
RETL000005334,RTN00005334,SOL000282439,P000587,1,1,0,1,fail,175.87
RETL000005335,RTN00005335,SOL000306680,P000145,2,2,1,1,fail,294.24
RETL000005336,RTN00005336,SOL000366404,P000019,3,0,0,0,pass,1352.26
RETL000005337,RTN00005337,SOL000216179,P000310,22,22,0,22,fail,3862.78
RETL000005338,RTN00005338,SOL000105916,P000579,13,13,8,5,fail,1112.56
RETL000005339,RTN00005339,SOL000331675,P000510,3,0,0,0,pass,104.59
RETL000005340,RTN00005340,SOL000206315,P000314,9,9,0,9,fail,399.36
RETL000005341,RTN00005341,SOL000277543,P000289,9,9,0,9,fail,330.82
RETL000005342,RTN00005342,SOL000128387,P000570,2,2,0,2,fail,578.19
RETL000005343,RTN00005343,SOL000188016,P000543,7,7,0,7,fail,892.14
RETL000005344,RTN00005344,SOL000226669,P000375,8,0,0,0,pass,4087.91
RETL000005345,RTN00005345,SOL000354237,P000377,3,0,0,0,pass,104.44
RETL000005346,RTN00005346,SOL000282630,P000080,19,19,6,13,fail,1680.59
RETL000005347,RTN00005347,SOL000029014,P000615,5,5,3,2,fail,397.51
RETL000005348,RTN00005348,SOL000044655,P000425,2,2,0,2,fail,169.29
RETL000005349,RTN00005349,SOL000110905,P000610,17,17,0,17,fail,673.24
RETL000005350,RTN00005350,SOL000140771,P000374,6,0,0,0,pass,737.16
RETL000005351,RTN00005351,SOL000136499,P000261,5,5,0,5,fail,114.07
RETL000005352,RTN00005352,SOL000047487,P000048,1,1,0,1,fail,78.22
RETL000005353,RTN00005353,SOL000207150,P000028,13,13,0,13,fail,2618.1
RETL000005354,RTN00005354,SOL000364642,P000087,11,11,8,3,fail,280.08
RETL000005355,RTN00005355,SOL000258838,P000619,2,2,2,0,pass,164.31
RETL000005356,RTN00005356,SOL000155172,P000505,6,6,0,6,fail,127.24
RETL000005357,RTN00005357,SOL000153339,P000404,20,20,0,20,fail,4165.74
RETL000005358,RTN00005358,SOL000009679,P000210,2,2,1,1,fail,318.0
RETL000005359,RTN00005359,SOL000062153,P000646,11,11,0,11,fail,1302.75
RETL000005360,RTN00005360,SOL000010531,P000524,10,10,0,10,fail,592.3
RETL000005361,RTN00005361,SOL000312762,P000387,57,57,0,57,fail,1301.17
RETL000005362,RTN00005362,SOL000119569,P000456,17,17,0,17,fail,3901.57
RETL000005363,RTN00005363,SOL000034203,P000040,4,4,0,4,fail,629.29
RETL000005364,RTN00005364,SOL000338336,P000376,12,12,7,5,fail,116.5
RETL000005365,RTN00005365,SOL000280587,P000360,37,37,0,37,fail,6817.38
RETL000005366,RTN00005366,SOL000297272,P000105,11,11,0,11,fail,1478.12
RETL000005367,RTN00005367,SOL000071046,P000592,3,0,0,0,pass,284.05
RETL000005368,RTN00005368,SOL000186841,P000156,8,0,0,0,pass,494.25
RETL000005369,RTN00005369,SOL000291656,P000408,2,2,1,1,fail,376.61
RETL000005370,RTN00005370,SOL000196681,P000578,15,15,11,4,fail,1357.14
RETL000005371,RTN00005371,SOL000274320,P000562,3,3,0,3,fail,235.48
RETL000005372,RTN00005372,SOL000302393,P000471,6,6,0,6,fail,276.15
RETL000005373,RTN00005373,SOL000221914,P000460,5,0,0,0,pass,592.36
RETL000005374,RTN00005374,SOL000152319,P000255,2,2,0,2,fail,258.84
RETL000005375,RTN00005375,SOL000066541,P000515,16,16,0,16,fail,1050.31
RETL000005376,RTN00005376,SOL000214071,P000509,1,1,1,0,pass,101.6
RETL000005377,RTN00005377,SOL000257145,P000166,11,11,0,11,fail,1117.19
RETL000005378,RTN00005378,SOL000202891,P000152,1,1,1,0,pass,39.32
RETL000005379,RTN00005379,SOL000120716,P000034,9,9,0,9,fail,2120.5
RETL000005380,RTN00005380,SOL000073564,P000152,5,5,0,5,fail,193.42
RETL000005381,RTN00005381,SOL000039090,P000314,10,10,0,10,fail,548.19
RETL000005382,RTN00005382,SOL000026945,P000445,48,0,0,0,pass,6112.81
RETL000005383,RTN00005383,SOL000257271,P000193,6,6,3,3,fail,1995.69
RETL000005384,RTN00005384,SOL000083390,P000649,10,10,0,10,fail,4023.65
RETL000005385,RTN00005385,SOL000060396,P000154,21,0,0,0,pass,1636.94
RETL000005386,RTN00005386,SOL000274613,P000402,39,0,0,0,pass,4857.02
RETL000005387,RTN00005387,SOL000096118,P000381,3,3,0,3,fail,429.26
RETL000005388,RTN00005388,SOL000146077,P000502,7,0,0,0,pass,951.23
RETL000005389,RTN00005389,SOL000175637,P000608,1,1,0,1,fail,67.55
RETL000005390,RTN00005390,SOL000048608,P000364,6,0,0,0,pass,357.37
RETL000005391,RTN00005391,SOL000154555,P000272,5,5,0,5,fail,403.65
RETL000005392,RTN00005392,SOL000159740,P000040,2,2,0,2,fail,269.84
RETL000005393,RTN00005393,SOL000350997,P000101,2,2,2,0,pass,192.83
RETL000005394,RTN00005394,SOL000119071,P000491,3,3,0,3,fail,660.9
RETL000005395,RTN00005395,SOL000154146,P000334,64,64,46,18,fail,6708.91
RETL000005396,RTN00005396,SOL000330845,P000525,21,21,7,14,fail,1463.65
RETL000005397,RTN00005397,SOL000367568,P000294,3,3,0,3,fail,1102.79
RETL000005398,RTN00005398,SOL000071973,P000173,13,13,0,13,fail,2474.29
RETL000005399,RTN00005399,SOL000076165,P000359,1,0,0,0,pass,17.24
RETL000005400,RTN00005400,SOL000054531,P000504,7,7,0,7,fail,1014.8
RETL000005401,RTN00005401,SOL000351364,P000467,10,10,7,3,fail,531.82
RETL000005402,RTN00005402,SOL000001377,P000531,5,5,2,3,fail,519.47
RETL000005403,RTN00005403,SOL000066897,P000132,17,17,0,17,fail,787.86
RETL000005404,RTN00005404,SOL000239062,P000387,7,7,0,7,fail,203.16
RETL000005405,RTN00005405,SOL000186666,P000313,4,4,0,4,fail,288.47
RETL000005406,RTN00005406,SOL000057141,P000270,10,10,0,10,fail,902.66
RETL000005407,RTN00005407,SOL000020888,P000549,1,1,0,1,fail,93.71
RETL000005408,RTN00005408,SOL000185872,P000449,11,0,0,0,pass,2222.93
RETL000005409,RTN00005409,SOL000367527,P000336,6,6,0,6,fail,940.66
RETL000005410,RTN00005410,SOL000307402,P000374,46,46,0,46,fail,5739.32
RETL000005411,RTN00005411,SOL000177251,P000515,14,14,0,14,fail,816.0
RETL000005412,RTN00005412,SOL000192018,P000093,9,9,0,9,fail,591.07
RETL000005413,RTN00005413,SOL000069882,P000200,19,19,12,7,fail,1109.89
RETL000005414,RTN00005414,SOL000117477,P000191,4,4,0,4,fail,160.44
RETL000005415,RTN00005415,SOL000004838,P000446,5,0,0,0,pass,391.7
RETL000005416,RTN00005416,SOL000060907,P000104,7,7,6,1,pass,2431.91
RETL000005417,RTN00005417,SOL000315152,P000090,1,1,0,1,fail,75.04
RETL000005418,RTN00005418,SOL000276711,P000209,2,2,1,1,fail,271.37
RETL000005419,RTN00005419,SOL000033352,P000522,79,79,34,45,fail,6720.94
RETL000005420,RTN00005420,SOL000352398,P000536,4,0,0,0,pass,543.74
RETL000005421,RTN00005421,SOL000297238,P000574,4,4,0,4,fail,639.69
RETL000005422,RTN00005422,SOL000227256,P000647,1,1,0,1,fail,73.17
RETL000005423,RTN00005423,SOL000007737,P000376,14,14,0,14,fail,117.63
RETL000005424,RTN00005424,SOL000248860,P000293,1,1,0,1,fail,111.62
RETL000005425,RTN00005425,SOL000011005,P000011,12,12,10,2,pass,402.01
RETL000005426,RTN00005426,SOL000067178,P000523,11,11,3,8,fail,470.63
RETL000005427,RTN00005427,SOL000121672,P000385,11,11,0,11,fail,616.03
RETL000005428,RTN00005428,SOL000096004,P000573,8,8,6,2,fail,525.32
RETL000005429,RTN00005429,SOL000107458,P000259,2,2,0,2,fail,587.86
RETL000005430,RTN00005430,SOL000319420,P000046,1,1,0,1,fail,54.44
RETL000005431,RTN00005431,SOL000191844,P000399,12,12,10,2,pass,445.27
RETL000005432,RTN00005432,SOL000189136,P000509,1,1,1,0,pass,101.87
RETL000005433,RTN00005433,SOL000113747,P000586,5,5,0,5,fail,813.02
RETL000005434,RTN00005434,SOL000221510,P000238,9,9,6,3,fail,1491.14
RETL000005435,RTN00005435,SOL000024784,P000592,8,0,0,0,pass,545.15
RETL000005436,RTN00005436,SOL000324557,P000345,32,32,0,32,fail,5173.08
RETL000005437,RTN00005437,SOL000123729,P000209,2,2,1,1,fail,401.87
RETL000005438,RTN00005438,SOL000234862,P000086,1,1,0,1,fail,63.53
RETL000005439,RTN00005439,SOL000259579,P000381,44,0,0,0,pass,8055.65
RETL000005440,RTN00005440,SOL000359289,P000406,19,19,0,19,fail,612.91
RETL000005441,RTN00005441,SOL000063060,P000569,4,4,3,1,fail,815.95
RETL000005442,RTN00005442,SOL000338494,P000353,5,5,0,5,fail,324.83
RETL000005443,RTN00005443,SOL000119885,P000292,25,25,0,25,fail,15135.88
RETL000005444,RTN00005444,SOL000356468,P000004,13,13,0,13,fail,2367.3
RETL000005445,RTN00005445,SOL000321691,P000583,2,2,0,2,fail,97.08
RETL000005446,RTN00005446,SOL000262324,P000428,10,0,0,0,pass,662.74
RETL000005447,RTN00005447,SOL000275613,P000084,3,3,0,3,fail,277.61
RETL000005448,RTN00005448,SOL000019452,P000311,17,0,0,0,pass,594.34
RETL000005449,RTN00005449,SOL000193949,P000452,20,20,0,20,fail,1649.71
RETL000005450,RTN00005450,SOL000077239,P000198,69,69,0,69,fail,7286.29
RETL000005451,RTN00005451,SOL000265331,P000179,1,0,0,0,pass,373.12
RETL000005452,RTN00005452,SOL000045251,P000177,9,9,0,9,fail,466.63
RETL000005453,RTN00005453,SOL000091625,P000603,2,2,0,2,fail,118.36
RETL000005454,RTN00005454,SOL000029180,P000402,12,12,4,8,fail,1838.75
RETL000005455,RTN00005455,SOL000085335,P000547,15,15,0,15,fail,5203.12
RETL000005456,RTN00005456,SOL000113417,P000469,9,9,4,5,fail,451.04
RETL000005457,RTN00005457,SOL000072973,P000283,45,45,39,6,pass,8655.98
RETL000005458,RTN00005458,SOL000279217,P000627,10,10,0,10,fail,409.45
RETL000005459,RTN00005459,SOL000240408,P000561,26,26,15,11,fail,1464.24
RETL000005460,RTN00005460,SOL000131107,P000098,23,0,0,0,pass,1426.77
RETL000005461,RTN00005461,SOL000308760,P000559,7,7,0,7,fail,1249.34
RETL000005462,RTN00005462,SOL000183543,P000022,1,1,0,1,fail,34.28
RETL000005463,RTN00005463,SOL000201246,P000411,3,3,1,2,fail,95.62
RETL000005464,RTN00005464,SOL000071280,P000114,6,0,0,0,pass,444.47
RETL000005465,RTN00005465,SOL000286669,P000094,8,0,0,0,pass,396.64
RETL000005466,RTN00005466,SOL000329979,P000258,1,1,0,1,fail,141.94
RETL000005467,RTN00005467,SOL000233506,P000504,16,16,0,16,fail,2529.97
RETL000005468,RTN00005468,SOL000116758,P000203,1,1,0,1,fail,144.75
RETL000005469,RTN00005469,SOL000297863,P000062,12,12,0,12,fail,733.27
RETL000005470,RTN00005470,SOL000054554,P000411,1,1,1,0,pass,29.15
RETL000005471,RTN00005471,SOL000238046,P000639,16,16,0,16,fail,1264.88
RETL000005472,RTN00005472,SOL000226905,P000202,12,12,0,12,fail,3070.01
RETL000005473,RTN00005473,SOL000078091,P000247,6,6,0,6,fail,432.01
RETL000005474,RTN00005474,SOL000133368,P000226,19,19,0,19,fail,499.52
RETL000005475,RTN00005475,SOL000147069,P000023,3,3,0,3,fail,203.94
RETL000005476,RTN00005476,SOL000230267,P000047,3,3,0,3,fail,203.42
RETL000005477,RTN00005477,SOL000227777,P000187,9,9,0,9,fail,1266.24
RETL000005478,RTN00005478,SOL000347507,P000219,3,3,3,0,pass,440.56
RETL000005479,RTN00005479,SOL000087635,P000210,8,8,0,8,fail,1127.08
RETL000005480,RTN00005480,SOL000234220,P000609,14,14,0,14,fail,6735.63
RETL000005481,RTN00005481,SOL000264911,P000398,4,4,2,2,fail,534.56
RETL000005482,RTN00005482,SOL000231119,P000149,2,2,1,1,fail,299.46
RETL000005483,RTN00005483,SOL000088876,P000291,1,1,0,1,fail,161.36
RETL000005484,RTN00005484,SOL000038183,P000607,6,0,0,0,pass,338.02
RETL000005485,RTN00005485,SOL000278994,P000352,9,9,0,9,fail,3299.79
RETL000005486,RTN00005486,SOL000301435,P000227,6,0,0,0,pass,418.59
RETL000005487,RTN00005487,SOL000259245,P000169,3,3,2,1,fail,845.84
RETL000005488,RTN00005488,SOL000289071,P000348,1,0,0,0,pass,49.96
RETL000005489,RTN00005489,SOL000136358,P000591,15,15,0,15,fail,3816.63
RETL000005490,RTN00005490,SOL000252489,P000297,15,0,0,0,pass,3426.38
RETL000005491,RTN00005491,SOL000207505,P000089,5,5,0,5,fail,669.44
RETL000005492,RTN00005492,SOL000315007,P000524,16,16,0,16,fail,718.69
RETL000005493,RTN00005493,SOL000041643,P000396,2,2,1,1,fail,371.1
RETL000005494,RTN00005494,SOL000208270,P000352,13,13,0,13,fail,4431.96
RETL000005495,RTN00005495,SOL000298266,P000439,1,0,0,0,pass,147.29
RETL000005496,RTN00005496,SOL000130553,P000589,1,1,0,1,fail,27.26
RETL000005497,RTN00005497,SOL000358672,P000099,23,23,0,23,fail,3788.51
RETL000005498,RTN00005498,SOL000109969,P000199,93,93,83,10,pass,5539.81
RETL000005499,RTN00005499,SOL000082099,P000344,17,17,0,17,fail,2336.13
RETL000005500,RTN00005500,SOL000214615,P000395,2,2,1,1,fail,1593.92
RETL000005501,RTN00005501,SOL000287915,P000609,22,22,11,11,fail,7456.81
RETL000005502,RTN00005502,SOL000147815,P000599,8,8,0,8,fail,520.12
RETL000005503,RTN00005503,SOL000038940,P000080,4,4,0,4,fail,400.96
RETL000005504,RTN00005504,SOL000341759,P000392,32,32,0,32,fail,2314.81
RETL000005505,RTN00005505,SOL000215156,P000549,4,4,0,4,fail,357.07
RETL000005506,RTN00005506,SOL000214710,P000630,4,4,2,2,fail,1008.96
RETL000005507,RTN00005507,SOL000045972,P000206,10,10,5,5,fail,2200.93
RETL000005508,RTN00005508,SOL000073823,P000513,3,3,0,3,fail,246.32
RETL000005509,RTN00005509,SOL000085191,P000566,21,21,0,21,fail,2833.56
RETL000005510,RTN00005510,SOL000252988,P000282,69,0,0,0,pass,8744.73
RETL000005511,RTN00005511,SOL000106759,P000424,1,0,0,0,pass,26.81
RETL000005512,RTN00005512,SOL000367518,P000242,2,2,0,2,fail,244.79
RETL000005513,RTN00005513,SOL000187751,P000349,5,5,0,5,fail,320.59
RETL000005514,RTN00005514,SOL000236664,P000574,14,0,0,0,pass,1531.14
RETL000005515,RTN00005515,SOL000247484,P000515,1,1,0,1,fail,64.93
RETL000005516,RTN00005516,SOL000134283,P000605,14,14,6,8,fail,885.22
RETL000005517,RTN00005517,SOL000043098,P000084,8,0,0,0,pass,850.94
RETL000005518,RTN00005518,SOL000092748,P000149,4,4,0,4,fail,681.4
RETL000005519,RTN00005519,SOL000349195,P000188,3,3,2,1,fail,269.2
RETL000005520,RTN00005520,SOL000082549,P000334,1,1,0,1,fail,113.61
RETL000005521,RTN00005521,SOL000291268,P000312,6,6,0,6,fail,828.44
RETL000005522,RTN00005522,SOL000232643,P000511,4,4,0,4,fail,1755.99
RETL000005523,RTN00005523,SOL000151754,P000518,10,10,4,6,fail,391.99
RETL000005524,RTN00005524,SOL000020394,P000040,16,0,0,0,pass,1746.86
RETL000005525,RTN00005525,SOL000323090,P000043,17,0,0,0,pass,3392.91
RETL000005526,RTN00005526,SOL000132479,P000395,7,7,5,2,fail,5581.43
RETL000005527,RTN00005527,SOL000309418,P000176,13,13,0,13,fail,3445.74
RETL000005528,RTN00005528,SOL000049598,P000546,6,0,0,0,pass,646.92
RETL000005529,RTN00005529,SOL000188927,P000650,1,1,0,1,fail,131.27
RETL000005530,RTN00005530,SOL000294689,P000239,1,1,0,1,fail,278.02
RETL000005531,RTN00005531,SOL000336367,P000231,1,1,1,0,pass,142.52
RETL000005532,RTN00005532,SOL000194984,P000281,8,8,3,5,fail,858.31
RETL000005533,RTN00005533,SOL000289759,P000131,17,17,0,17,fail,1179.91
RETL000005534,RTN00005534,SOL000040695,P000276,13,13,0,13,fail,667.96
RETL000005535,RTN00005535,SOL000040864,P000283,9,9,0,9,fail,1656.53
RETL000005536,RTN00005536,SOL000010101,P000605,1,1,0,1,fail,84.87
RETL000005537,RTN00005537,SOL000203824,P000053,1,1,1,0,pass,69.81
RETL000005538,RTN00005538,SOL000163430,P000020,19,19,0,19,fail,1043.42
RETL000005539,RTN00005539,SOL000080882,P000083,85,85,0,85,fail,8679.64
RETL000005540,RTN00005540,SOL000086817,P000007,16,16,0,16,fail,2470.08
RETL000005541,RTN00005541,SOL000027672,P000151,13,0,0,0,pass,760.17
RETL000005542,RTN00005542,SOL000048660,P000128,3,0,0,0,pass,110.81
RETL000005543,RTN00005543,SOL000338319,P000072,8,0,0,0,pass,395.63
RETL000005544,RTN00005544,SOL000174244,P000384,4,4,3,1,fail,618.18
RETL000005545,RTN00005545,SOL000067015,P000059,26,26,0,26,fail,4780.17
RETL000005546,RTN00005546,SOL000338805,P000512,3,3,0,3,fail,333.1
RETL000005547,RTN00005547,SOL000224827,P000300,19,0,0,0,pass,5240.92
RETL000005548,RTN00005548,SOL000151777,P000092,1,1,0,1,fail,130.24
RETL000005549,RTN00005549,SOL000092134,P000212,17,17,0,17,fail,3916.36
RETL000005550,RTN00005550,SOL000089167,P000153,2,2,0,2,fail,167.28
RETL000005551,RTN00005551,SOL000064141,P000611,38,38,0,38,fail,3989.23
RETL000005552,RTN00005552,SOL000202319,P000151,3,3,0,3,fail,157.1
RETL000005553,RTN00005553,SOL000319250,P000312,5,5,4,1,pass,847.33
RETL000005554,RTN00005554,SOL000364376,P000520,4,4,2,2,fail,898.84
RETL000005555,RTN00005555,SOL000043120,P000156,4,4,2,2,fail,327.33
RETL000005556,RTN00005556,SOL000255292,P000286,19,0,0,0,pass,1005.01
RETL000005557,RTN00005557,SOL000074027,P000508,1,1,1,0,pass,56.61
RETL000005558,RTN00005558,SOL000283216,P000342,1,1,0,1,fail,86.23
RETL000005559,RTN00005559,SOL000190839,P000150,3,0,0,0,pass,313.78
RETL000005560,RTN00005560,SOL000113901,P000091,6,6,0,6,fail,254.8
RETL000005561,RTN00005561,SOL000260865,P000167,9,9,4,5,fail,1016.54
RETL000005562,RTN00005562,SOL000217009,P000360,12,12,0,12,fail,1769.46
RETL000005563,RTN00005563,SOL000273999,P000481,25,25,8,17,fail,579.45
RETL000005564,RTN00005564,SOL000019773,P000591,11,11,0,11,fail,2094.65
RETL000005565,RTN00005565,SOL000353454,P000263,1,1,0,1,fail,110.81
RETL000005566,RTN00005566,SOL000267325,P000430,8,8,6,2,fail,402.58
RETL000005567,RTN00005567,SOL000116628,P000431,1,1,1,0,pass,19.79
RETL000005568,RTN00005568,SOL000004104,P000013,7,7,0,7,fail,1846.84
RETL000005569,RTN00005569,SOL000334397,P000180,9,9,0,9,fail,295.37
RETL000005570,RTN00005570,SOL000049698,P000112,4,0,0,0,pass,926.54
RETL000005571,RTN00005571,SOL000360294,P000482,11,0,0,0,pass,1623.84
RETL000005572,RTN00005572,SOL000326582,P000622,5,5,0,5,fail,891.25
RETL000005573,RTN00005573,SOL000217836,P000356,6,6,3,3,fail,883.67
RETL000005574,RTN00005574,SOL000062293,P000049,71,71,0,71,fail,11804.83
RETL000005575,RTN00005575,SOL000124709,P000226,83,83,0,83,fail,2166.78
RETL000005576,RTN00005576,SOL000074371,P000333,4,0,0,0,pass,1698.15
RETL000005577,RTN00005577,SOL000082583,P000589,26,0,0,0,pass,1006.74
RETL000005578,RTN00005578,SOL000340427,P000207,7,7,0,7,fail,288.54
RETL000005579,RTN00005579,SOL000080243,P000572,9,9,0,9,fail,1331.75
RETL000005580,RTN00005580,SOL000353909,P000522,4,0,0,0,pass,474.62
RETL000005581,RTN00005581,SOL000259295,P000390,15,0,0,0,pass,228.76
RETL000005582,RTN00005582,SOL000194026,P000282,5,5,1,4,fail,536.03
RETL000005583,RTN00005583,SOL000336944,P000267,15,15,0,15,fail,1994.75
RETL000005584,RTN00005584,SOL000115490,P000214,4,0,0,0,pass,595.31
RETL000005585,RTN00005585,SOL000029670,P000164,22,22,0,22,fail,1863.64
RETL000005586,RTN00005586,SOL000080698,P000294,23,23,0,23,fail,7480.16
RETL000005587,RTN00005587,SOL000023276,P000189,20,20,11,9,fail,847.4
RETL000005588,RTN00005588,SOL000280024,P000595,6,6,0,6,fail,164.91
RETL000005589,RTN00005589,SOL000366478,P000443,2,2,0,2,fail,205.21
RETL000005590,RTN00005590,SOL000096231,P000254,11,11,9,2,pass,1417.46
RETL000005591,RTN00005591,SOL000098801,P000114,2,2,0,2,fail,101.09
RETL000005592,RTN00005592,SOL000119482,P000136,22,22,13,9,fail,8183.01
RETL000005593,RTN00005593,SOL000262380,P000014,8,8,6,2,fail,700.27
RETL000005594,RTN00005594,SOL000349034,P000146,7,7,0,7,fail,566.55
RETL000005595,RTN00005595,SOL000176210,P000454,9,9,0,9,fail,392.63
RETL000005596,RTN00005596,SOL000290139,P000399,3,3,0,3,fail,124.86
RETL000005597,RTN00005597,SOL000117245,P000291,10,10,7,3,fail,2149.67
RETL000005598,RTN00005598,SOL000063755,P000263,1,1,0,1,fail,117.2
RETL000005599,RTN00005599,SOL000246485,P000634,3,0,0,0,pass,84.18
RETL000005600,RTN00005600,SOL000202898,P000508,10,10,0,10,fail,534.04
RETL000005601,RTN00005601,SOL000057014,P000096,7,7,4,3,fail,497.53
RETL000005602,RTN00005602,SOL000050917,P000249,40,40,0,40,fail,3786.33
RETL000005603,RTN00005603,SOL000029834,P000279,11,11,0,11,fail,545.53
RETL000005604,RTN00005604,SOL000083534,P000175,15,15,0,15,fail,1599.45
RETL000005605,RTN00005605,SOL000024299,P000451,2,2,0,2,fail,79.66
RETL000005606,RTN00005606,SOL000125972,P000222,2,2,2,0,pass,564.03
RETL000005607,RTN00005607,SOL000135797,P000411,19,19,0,19,fail,498.06
RETL000005608,RTN00005608,SOL000076988,P000195,58,58,0,58,fail,9709.21
RETL000005609,RTN00005609,SOL000128541,P000550,15,15,0,15,fail,1290.84
RETL000005610,RTN00005610,SOL000276177,P000577,4,4,2,2,fail,346.7
RETL000005611,RTN00005611,SOL000060825,P000426,15,15,0,15,fail,1622.55
RETL000005612,RTN00005612,SOL000345837,P000153,31,31,0,31,fail,2446.43
RETL000005613,RTN00005613,SOL000339511,P000118,8,8,0,8,fail,379.63
RETL000005614,RTN00005614,SOL000065893,P000033,6,6,0,6,fail,252.26
RETL000005615,RTN00005615,SOL000032170,P000027,11,11,0,11,fail,939.86
RETL000005616,RTN00005616,SOL000009278,P000416,3,3,0,3,fail,164.12
RETL000005617,RTN00005617,SOL000096315,P000408,25,25,0,25,fail,5052.54
RETL000005618,RTN00005618,SOL000064346,P000497,2,2,0,2,fail,168.91
RETL000005619,RTN00005619,SOL000300626,P000091,19,19,0,19,fail,884.12
RETL000005620,RTN00005620,SOL000326628,P000184,6,0,0,0,pass,790.78
RETL000005621,RTN00005621,SOL000168755,P000360,19,19,0,19,fail,2697.81
RETL000005622,RTN00005622,SOL000087788,P000543,7,0,0,0,pass,1001.23
RETL000005623,RTN00005623,SOL000339161,P000135,3,3,1,2,fail,441.38
RETL000005624,RTN00005624,SOL000276310,P000330,11,11,0,11,fail,893.74
RETL000005625,RTN00005625,SOL000215702,P000625,6,6,0,6,fail,721.96
RETL000005626,RTN00005626,SOL000337562,P000631,2,0,0,0,pass,170.0
RETL000005627,RTN00005627,SOL000301050,P000567,45,45,0,45,fail,4149.52
RETL000005628,RTN00005628,SOL000321254,P000531,89,89,0,89,fail,6983.9
RETL000005629,RTN00005629,SOL000268417,P000223,6,6,4,2,fail,1605.51
RETL000005630,RTN00005630,SOL000175265,P000100,10,0,0,0,pass,572.22
RETL000005631,RTN00005631,SOL000027429,P000529,14,14,0,14,fail,1183.54
RETL000005632,RTN00005632,SOL000039865,P000547,7,7,0,7,fail,2744.95
RETL000005633,RTN00005633,SOL000126120,P000284,3,3,0,3,fail,45.97
RETL000005634,RTN00005634,SOL000048857,P000455,6,0,0,0,pass,709.59
RETL000005635,RTN00005635,SOL000319309,P000307,11,11,0,11,fail,836.36
RETL000005636,RTN00005636,SOL000085192,P000532,2,2,0,2,fail,166.18
RETL000005637,RTN00005637,SOL000174147,P000212,1,1,0,1,fail,257.5
RETL000005638,RTN00005638,SOL000093791,P000463,33,33,8,25,fail,5887.92
RETL000005639,RTN00005639,SOL000054460,P000375,13,13,7,6,fail,8541.85
RETL000005640,RTN00005640,SOL000018500,P000324,24,0,0,0,pass,1815.23
RETL000005641,RTN00005641,SOL000140668,P000469,26,26,0,26,fail,1509.18
RETL000005642,RTN00005642,SOL000217207,P000002,15,15,11,4,fail,1592.66
RETL000005643,RTN00005643,SOL000049475,P000388,1,1,0,1,fail,75.63
RETL000005644,RTN00005644,SOL000200466,P000146,26,26,16,10,fail,2051.11
RETL000005645,RTN00005645,SOL000261324,P000144,9,9,2,7,fail,538.57
RETL000005646,RTN00005646,SOL000118763,P000083,9,9,0,9,fail,920.58
RETL000005647,RTN00005647,SOL000356647,P000279,7,0,0,0,pass,303.49
RETL000005648,RTN00005648,SOL000323763,P000176,44,0,0,0,pass,10588.18
RETL000005649,RTN00005649,SOL000185867,P000600,1,1,1,0,pass,92.78
RETL000005650,RTN00005650,SOL000179305,P000491,3,3,0,3,fail,586.64
RETL000005651,RTN00005651,SOL000301236,P000179,14,14,0,14,fail,6309.16
RETL000005652,RTN00005652,SOL000044958,P000498,5,5,0,5,fail,655.99
RETL000005653,RTN00005653,SOL000306093,P000428,17,17,0,17,fail,956.51
RETL000005654,RTN00005654,SOL000107204,P000102,9,0,0,0,pass,1180.01
RETL000005655,RTN00005655,SOL000133779,P000367,4,4,0,4,fail,158.32
RETL000005656,RTN00005656,SOL000262518,P000321,8,8,0,8,fail,298.06
RETL000005657,RTN00005657,SOL000337042,P000308,2,0,0,0,pass,282.88
RETL000005658,RTN00005658,SOL000046167,P000098,6,0,0,0,pass,378.08
RETL000005659,RTN00005659,SOL000049946,P000188,18,18,0,18,fail,1699.49
RETL000005660,RTN00005660,SOL000125637,P000161,2,2,0,2,fail,163.11
RETL000005661,RTN00005661,SOL000285252,P000058,34,34,0,34,fail,10722.93
RETL000005662,RTN00005662,SOL000065583,P000314,25,25,10,15,fail,1168.44
RETL000005663,RTN00005663,SOL000042435,P000275,8,8,5,3,fail,723.13
RETL000005664,RTN00005664,SOL000173006,P000003,17,17,0,17,fail,3193.69
RETL000005665,RTN00005665,SOL000153365,P000555,11,11,9,2,pass,2889.78
RETL000005666,RTN00005666,SOL000178390,P000150,2,2,1,1,fail,221.92
RETL000005667,RTN00005667,SOL000026912,P000438,6,6,0,6,fail,371.37
RETL000005668,RTN00005668,SOL000200868,P000148,11,0,0,0,pass,1256.38
RETL000005669,RTN00005669,SOL000105937,P000500,4,0,0,0,pass,104.44
RETL000005670,RTN00005670,SOL000023441,P000079,14,14,9,5,fail,518.4
RETL000005671,RTN00005671,SOL000187172,P000519,6,6,0,6,fail,757.0
RETL000005672,RTN00005672,SOL000272979,P000307,1,1,0,1,fail,75.45
RETL000005673,RTN00005673,SOL000314788,P000335,11,11,0,11,fail,841.25
RETL000005674,RTN00005674,SOL000040770,P000513,6,6,0,6,fail,493.29
RETL000005675,RTN00005675,SOL000179768,P000336,10,10,9,1,pass,1695.0
RETL000005676,RTN00005676,SOL000134506,P000266,8,8,5,3,fail,1497.26
RETL000005677,RTN00005677,SOL000136562,P000552,26,26,0,26,fail,12102.89
RETL000005678,RTN00005678,SOL000330824,P000409,49,49,0,49,fail,3775.15
RETL000005679,RTN00005679,SOL000107638,P000421,24,0,0,0,pass,1489.61
RETL000005680,RTN00005680,SOL000109338,P000015,6,6,0,6,fail,4186.08
RETL000005681,RTN00005681,SOL000341456,P000098,1,1,1,0,pass,62.59
RETL000005682,RTN00005682,SOL000101456,P000476,9,9,0,9,fail,3499.85
RETL000005683,RTN00005683,SOL000166550,P000103,1,0,0,0,pass,56.53
RETL000005684,RTN00005684,SOL000361843,P000463,1,1,0,1,fail,248.41
RETL000005685,RTN00005685,SOL000095355,P000239,19,0,0,0,pass,6537.8
RETL000005686,RTN00005686,SOL000312124,P000077,26,26,15,11,fail,2434.9
RETL000005687,RTN00005687,SOL000228180,P000464,6,6,5,1,pass,830.44
RETL000005688,RTN00005688,SOL000167782,P000280,15,15,11,4,fail,1066.16
RETL000005689,RTN00005689,SOL000119154,P000614,8,8,5,3,fail,2020.45
RETL000005690,RTN00005690,SOL000352259,P000187,1,0,0,0,pass,138.17
RETL000005691,RTN00005691,SOL000098725,P000300,13,13,9,4,fail,2721.84
RETL000005692,RTN00005692,SOL000073311,P000125,11,11,0,11,fail,843.77
RETL000005693,RTN00005693,SOL000122089,P000408,1,1,0,1,fail,133.04
RETL000005694,RTN00005694,SOL000301821,P000078,10,10,0,10,fail,323.49
RETL000005695,RTN00005695,SOL000327091,P000326,7,7,2,5,fail,975.14
RETL000005696,RTN00005696,SOL000284431,P000364,5,5,4,1,pass,269.19
RETL000005697,RTN00005697,SOL000200333,P000163,20,20,16,4,pass,2181.9
RETL000005698,RTN00005698,SOL000360806,P000534,1,1,0,1,fail,98.91
RETL000005699,RTN00005699,SOL000024621,P000138,8,8,0,8,fail,618.23
RETL000005700,RTN00005700,SOL000021162,P000421,1,1,0,1,fail,61.74
RETL000005701,RTN00005701,SOL000208011,P000155,7,7,4,3,fail,464.7
RETL000005702,RTN00005702,SOL000342597,P000200,6,6,0,6,fail,453.03
RETL000005703,RTN00005703,SOL000236566,P000137,2,2,1,1,fail,90.61
RETL000005704,RTN00005704,SOL000017889,P000628,5,5,0,5,fail,581.53
RETL000005705,RTN00005705,SOL000339863,P000069,18,18,0,18,fail,527.25
RETL000005706,RTN00005706,SOL000288121,P000332,8,8,0,8,fail,1842.13
RETL000005707,RTN00005707,SOL000340673,P000255,3,3,0,3,fail,458.01
RETL000005708,RTN00005708,SOL000051058,P000567,4,4,0,4,fail,394.79
RETL000005709,RTN00005709,SOL000157762,P000392,20,20,0,20,fail,1265.61
RETL000005710,RTN00005710,SOL000238671,P000005,4,4,2,2,fail,423.61
RETL000005711,RTN00005711,SOL000261627,P000333,18,18,15,3,pass,8407.75
RETL000005712,RTN00005712,SOL000320455,P000124,9,0,0,0,pass,947.05
RETL000005713,RTN00005713,SOL000293138,P000097,7,7,4,3,fail,869.11
RETL000005714,RTN00005714,SOL000275165,P000557,8,0,0,0,pass,1992.47
RETL000005715,RTN00005715,SOL000002143,P000311,3,3,0,3,fail,112.65
RETL000005716,RTN00005716,SOL000224051,P000204,5,5,0,5,fail,499.44
RETL000005717,RTN00005717,SOL000168866,P000007,5,5,2,3,fail,793.29
RETL000005718,RTN00005718,SOL000011952,P000510,4,4,1,3,fail,109.46
RETL000005719,RTN00005719,SOL000328494,P000068,1,1,1,0,pass,73.37
RETL000005720,RTN00005720,SOL000236324,P000604,16,16,0,16,fail,1883.46
RETL000005721,RTN00005721,SOL000019308,P000580,13,13,11,2,pass,483.97
RETL000005722,RTN00005722,SOL000165583,P000083,2,2,1,1,fail,257.14
RETL000005723,RTN00005723,SOL000015801,P000253,4,4,2,2,fail,413.65
RETL000005724,RTN00005724,SOL000030761,P000405,26,26,0,26,fail,1323.37
RETL000005725,RTN00005725,SOL000024107,P000269,8,8,0,8,fail,877.95
RETL000005726,RTN00005726,SOL000329226,P000094,1,1,0,1,fail,72.29
RETL000005727,RTN00005727,SOL000201181,P000028,4,4,0,4,fail,581.19
RETL000005728,RTN00005728,SOL000237927,P000416,5,5,0,5,fail,340.17
RETL000005729,RTN00005729,SOL000249763,P000126,4,4,0,4,fail,241.84
RETL000005730,RTN00005730,SOL000187027,P000149,5,0,0,0,pass,656.12
RETL000005731,RTN00005731,SOL000116783,P000223,2,2,0,2,fail,643.78
RETL000005732,RTN00005732,SOL000341717,P000258,13,13,0,13,fail,1937.79
RETL000005733,RTN00005733,SOL000049821,P000199,2,2,1,1,fail,121.87
RETL000005734,RTN00005734,SOL000214426,P000061,5,5,0,5,fail,645.23
RETL000005735,RTN00005735,SOL000003080,P000059,6,6,0,6,fail,1058.18
RETL000005736,RTN00005736,SOL000063948,P000262,5,5,0,5,fail,644.85
RETL000005737,RTN00005737,SOL000273738,P000085,8,8,6,2,fail,237.71
RETL000005738,RTN00005738,SOL000121595,P000286,2,2,0,2,fail,144.31
RETL000005739,RTN00005739,SOL000070155,P000161,18,18,14,4,fail,1277.3
RETL000005740,RTN00005740,SOL000001398,P000054,5,5,2,3,fail,392.84
RETL000005741,RTN00005741,SOL000172639,P000413,2,2,0,2,fail,197.03
RETL000005742,RTN00005742,SOL000352229,P000368,34,34,0,34,fail,3439.32
RETL000005743,RTN00005743,SOL000142397,P000076,2,2,0,2,fail,455.84
RETL000005744,RTN00005744,SOL000151626,P000607,12,12,3,9,fail,846.76
RETL000005745,RTN00005745,SOL000233533,P000418,1,1,0,1,fail,190.28
RETL000005746,RTN00005746,SOL000101386,P000529,4,4,0,4,fail,321.41
RETL000005747,RTN00005747,SOL000281282,P000262,5,5,0,5,fail,593.19
RETL000005748,RTN00005748,SOL000334233,P000289,16,16,0,16,fail,498.57
RETL000005749,RTN00005749,SOL000052439,P000089,17,17,0,17,fail,2553.42
RETL000005750,RTN00005750,SOL000256717,P000570,10,10,0,10,fail,3454.08
RETL000005751,RTN00005751,SOL000303139,P000366,1,0,0,0,pass,83.52
RETL000005752,RTN00005752,SOL000143168,P000050,22,0,0,0,pass,3599.38
RETL000005753,RTN00005753,SOL000024643,P000059,13,0,0,0,pass,2330.22
RETL000005754,RTN00005754,SOL000290874,P000274,11,11,0,11,fail,1361.45
RETL000005755,RTN00005755,SOL000362096,P000130,24,24,0,24,fail,3003.44
RETL000005756,RTN00005756,SOL000030825,P000226,31,31,18,13,fail,1003.32
RETL000005757,RTN00005757,SOL000014036,P000067,31,31,0,31,fail,4654.83
RETL000005758,RTN00005758,SOL000240909,P000270,3,3,1,2,fail,255.96
RETL000005759,RTN00005759,SOL000163559,P000449,20,20,8,12,fail,3891.69
RETL000005760,RTN00005760,SOL000078364,P000565,1,1,0,1,fail,333.72
RETL000005761,RTN00005761,SOL000221659,P000318,5,5,4,1,pass,327.29
RETL000005762,RTN00005762,SOL000305917,P000041,5,0,0,0,pass,137.04
RETL000005763,RTN00005763,SOL000147591,P000564,2,0,0,0,pass,238.64
RETL000005764,RTN00005764,SOL000244872,P000359,14,0,0,0,pass,315.18
RETL000005765,RTN00005765,SOL000311733,P000032,8,8,0,8,fail,326.49
RETL000005766,RTN00005766,SOL000161087,P000304,57,57,27,30,fail,2411.77
RETL000005767,RTN00005767,SOL000079106,P000324,8,0,0,0,pass,717.59
RETL000005768,RTN00005768,SOL000031079,P000598,1,1,0,1,fail,109.28
RETL000005769,RTN00005769,SOL000119752,P000609,7,7,0,7,fail,3316.17
RETL000005770,RTN00005770,SOL000053666,P000566,5,5,3,2,fail,765.46
RETL000005771,RTN00005771,SOL000016941,P000049,2,2,0,2,fail,323.34
RETL000005772,RTN00005772,SOL000320271,P000423,6,6,0,6,fail,501.77
RETL000005773,RTN00005773,SOL000076261,P000649,7,7,3,4,fail,2371.06
RETL000005774,RTN00005774,SOL000211353,P000419,4,4,0,4,fail,299.76
RETL000005775,RTN00005775,SOL000313713,P000260,8,8,0,8,fail,1266.82
RETL000005776,RTN00005776,SOL000070589,P000165,18,18,0,18,fail,869.64
RETL000005777,RTN00005777,SOL000041602,P000476,10,10,6,4,fail,3683.39
RETL000005778,RTN00005778,SOL000092295,P000579,3,3,0,3,fail,194.14
RETL000005779,RTN00005779,SOL000338883,P000491,7,7,3,4,fail,992.26
RETL000005780,RTN00005780,SOL000338192,P000160,25,0,0,0,pass,3724.66
RETL000005781,RTN00005781,SOL000089270,P000467,13,13,0,13,fail,813.23
RETL000005782,RTN00005782,SOL000242549,P000223,29,29,0,29,fail,9363.08
RETL000005783,RTN00005783,SOL000086571,P000470,12,12,7,5,fail,1036.98
RETL000005784,RTN00005784,SOL000336535,P000222,78,78,39,39,fail,27546.46
RETL000005785,RTN00005785,SOL000234838,P000490,3,3,0,3,fail,455.55
RETL000005786,RTN00005786,SOL000121231,P000579,6,6,0,6,fail,533.75
RETL000005787,RTN00005787,SOL000300950,P000205,2,2,0,2,fail,198.49
RETL000005788,RTN00005788,SOL000343212,P000260,47,47,0,47,fail,7174.06
RETL000005789,RTN00005789,SOL000133647,P000162,3,3,0,3,fail,143.98
RETL000005790,RTN00005790,SOL000208889,P000538,3,3,2,1,fail,1285.23
RETL000005791,RTN00005791,SOL000131775,P000068,7,7,0,7,fail,526.94
RETL000005792,RTN00005792,SOL000020721,P000430,16,16,7,9,fail,686.08
RETL000005793,RTN00005793,SOL000195713,P000446,9,0,0,0,pass,564.36
RETL000005794,RTN00005794,SOL000185471,P000467,8,0,0,0,pass,489.81
RETL000005795,RTN00005795,SOL000146484,P000100,6,6,0,6,fail,480.03
RETL000005796,RTN00005796,SOL000246141,P000246,9,9,5,4,fail,3595.19
RETL000005797,RTN00005797,SOL000065418,P000086,34,0,0,0,pass,2230.27
RETL000005798,RTN00005798,SOL000140960,P000341,3,3,0,3,fail,463.75
RETL000005799,RTN00005799,SOL000171483,P000026,1,1,0,1,fail,57.88
RETL000005800,RTN00005800,SOL000094388,P000261,2,2,0,2,fail,57.09
RETL000005801,RTN00005801,SOL000106857,P000364,9,9,0,9,fail,419.73
RETL000005802,RTN00005802,SOL000223322,P000468,5,5,0,5,fail,769.74
RETL000005803,RTN00005803,SOL000187155,P000259,14,14,12,2,pass,5152.33
RETL000005804,RTN00005804,SOL000200164,P000059,1,1,0,1,fail,210.2
RETL000005805,RTN00005805,SOL000126920,P000359,2,2,1,1,fail,38.84
RETL000005806,RTN00005806,SOL000124837,P000431,3,3,2,1,fail,76.3
RETL000005807,RTN00005807,SOL000076591,P000240,4,4,0,4,fail,599.71
RETL000005808,RTN00005808,SOL000007397,P000106,17,17,0,17,fail,3812.02
RETL000005809,RTN00005809,SOL000233052,P000206,6,0,0,0,pass,1038.37
RETL000005810,RTN00005810,SOL000080091,P000113,18,18,0,18,fail,1010.56
RETL000005811,RTN00005811,SOL000104432,P000381,3,0,0,0,pass,435.86
RETL000005812,RTN00005812,SOL000112113,P000036,5,5,2,3,fail,173.27
RETL000005813,RTN00005813,SOL000234639,P000506,3,3,0,3,fail,126.39
RETL000005814,RTN00005814,SOL000231234,P000161,8,8,0,8,fail,703.09
RETL000005815,RTN00005815,SOL000338893,P000446,2,2,0,2,fail,129.31
RETL000005816,RTN00005816,SOL000086851,P000575,32,32,0,32,fail,4967.25
RETL000005817,RTN00005817,SOL000333959,P000455,16,16,0,16,fail,1834.68
RETL000005818,RTN00005818,SOL000038646,P000360,10,10,5,5,fail,1622.19
RETL000005819,RTN00005819,SOL000068601,P000644,11,11,0,11,fail,1572.99
RETL000005820,RTN00005820,SOL000056215,P000115,6,6,3,3,fail,157.67
RETL000005821,RTN00005821,SOL000277633,P000507,30,30,19,11,fail,2498.59
RETL000005822,RTN00005822,SOL000327935,P000554,31,0,0,0,pass,5183.66
RETL000005823,RTN00005823,SOL000116050,P000078,4,4,0,4,fail,97.58
RETL000005824,RTN00005824,SOL000185487,P000151,3,3,0,3,fail,182.28
RETL000005825,RTN00005825,SOL000342681,P000442,2,2,0,2,fail,872.25
RETL000005826,RTN00005826,SOL000096281,P000147,12,12,0,12,fail,1564.07
RETL000005827,RTN00005827,SOL000263897,P000563,9,0,0,0,pass,1282.46
RETL000005828,RTN00005828,SOL000167093,P000320,8,8,2,6,fail,750.01
RETL000005829,RTN00005829,SOL000190809,P000402,2,2,0,2,fail,330.76
RETL000005830,RTN00005830,SOL000281693,P000585,1,0,0,0,pass,47.42
RETL000005831,RTN00005831,SOL000335263,P000090,14,0,0,0,pass,781.82
RETL000005832,RTN00005832,SOL000110396,P000236,47,47,34,13,fail,2408.64
RETL000005833,RTN00005833,SOL000124519,P000207,4,4,0,4,fail,177.95
RETL000005834,RTN00005834,SOL000126771,P000176,3,3,0,3,fail,847.44
RETL000005835,RTN00005835,SOL000026353,P000259,8,8,0,8,fail,2697.08
RETL000005836,RTN00005836,SOL000118374,P000292,1,1,0,1,fail,590.13
RETL000005837,RTN00005837,SOL000052430,P000580,1,0,0,0,pass,36.88
RETL000005838,RTN00005838,SOL000191835,P000293,20,20,0,20,fail,2228.92
RETL000005839,RTN00005839,SOL000040116,P000372,2,2,0,2,fail,422.14
RETL000005840,RTN00005840,SOL000191401,P000115,5,5,0,5,fail,137.76
RETL000005841,RTN00005841,SOL000282117,P000084,132,132,0,132,fail,10524.2
RETL000005842,RTN00005842,SOL000272973,P000277,1,1,0,1,fail,9.74
RETL000005843,RTN00005843,SOL000365556,P000612,11,11,8,3,fail,6733.99
RETL000005844,RTN00005844,SOL000094228,P000105,11,11,6,5,fail,1552.63
RETL000005845,RTN00005845,SOL000246723,P000118,10,10,0,10,fail,333.18
RETL000005846,RTN00005846,SOL000304509,P000062,17,17,0,17,fail,1316.42
RETL000005847,RTN00005847,SOL000061471,P000479,17,17,0,17,fail,1540.48
RETL000005848,RTN00005848,SOL000231244,P000156,9,9,0,9,fail,602.49
RETL000005849,RTN00005849,SOL000326531,P000598,13,0,0,0,pass,1138.76
RETL000005850,RTN00005850,SOL000022261,P000609,31,0,0,0,pass,9870.97
RETL000005851,RTN00005851,SOL000164701,P000190,1,1,0,1,fail,86.02
RETL000005852,RTN00005852,SOL000284575,P000642,2,2,1,1,fail,286.02
RETL000005853,RTN00005853,SOL000143021,P000362,14,14,0,14,fail,1858.97
RETL000005854,RTN00005854,SOL000246279,P000453,1,1,0,1,fail,234.73
RETL000005855,RTN00005855,SOL000298495,P000020,1,0,0,0,pass,47.04
RETL000005856,RTN00005856,SOL000322076,P000551,3,3,0,3,fail,582.05
RETL000005857,RTN00005857,SOL000294956,P000623,26,26,13,13,fail,3016.79
RETL000005858,RTN00005858,SOL000049478,P000158,5,5,0,5,fail,165.41
RETL000005859,RTN00005859,SOL000134779,P000121,3,0,0,0,pass,417.66
RETL000005860,RTN00005860,SOL000357932,P000335,24,24,0,24,fail,1490.76
RETL000005861,RTN00005861,SOL000361983,P000234,2,2,0,2,fail,243.86
RETL000005862,RTN00005862,SOL000100856,P000159,19,19,0,19,fail,821.34
RETL000005863,RTN00005863,SOL000248752,P000351,4,4,2,2,fail,2442.65
RETL000005864,RTN00005864,SOL000008787,P000619,22,0,0,0,pass,1791.17
RETL000005865,RTN00005865,SOL000115766,P000188,4,4,0,4,fail,373.61
RETL000005866,RTN00005866,SOL000152630,P000304,16,16,0,16,fail,751.61
RETL000005867,RTN00005867,SOL000038513,P000543,12,12,0,12,fail,1355.12
RETL000005868,RTN00005868,SOL000196750,P000600,1,0,0,0,pass,112.93
RETL000005869,RTN00005869,SOL000194914,P000231,1,1,1,0,pass,198.41
RETL000005870,RTN00005870,SOL000134220,P000146,6,6,0,6,fail,472.01
RETL000005871,RTN00005871,SOL000285612,P000379,3,3,0,3,fail,142.09
RETL000005872,RTN00005872,SOL000140732,P000031,1,1,0,1,fail,73.67
RETL000005873,RTN00005873,SOL000283178,P000542,18,18,9,9,fail,5735.75
RETL000005874,RTN00005874,SOL000337207,P000637,28,28,0,28,fail,1631.99
RETL000005875,RTN00005875,SOL000279812,P000430,3,3,2,1,fail,141.98
RETL000005876,RTN00005876,SOL000230303,P000531,6,0,0,0,pass,499.59
RETL000005877,RTN00005877,SOL000103648,P000096,5,5,0,5,fail,409.17
RETL000005878,RTN00005878,SOL000317157,P000203,11,0,0,0,pass,1463.95
RETL000005879,RTN00005879,SOL000055532,P000192,3,3,1,2,fail,119.06
RETL000005880,RTN00005880,SOL000299455,P000361,1,1,1,0,pass,26.58
RETL000005881,RTN00005881,SOL000338461,P000129,6,6,0,6,fail,248.37
RETL000005882,RTN00005882,SOL000274873,P000203,8,0,0,0,pass,1568.69
RETL000005883,RTN00005883,SOL000179432,P000094,2,2,0,2,fail,121.0
RETL000005884,RTN00005884,SOL000150256,P000409,29,29,0,29,fail,2406.51
RETL000005885,RTN00005885,SOL000258342,P000466,6,6,0,6,fail,587.15
RETL000005886,RTN00005886,SOL000197562,P000327,27,27,0,27,fail,6941.47
RETL000005887,RTN00005887,SOL000125571,P000326,28,28,0,28,fail,3985.1
RETL000005888,RTN00005888,SOL000121876,P000097,10,10,0,10,fail,1019.68
RETL000005889,RTN00005889,SOL000220695,P000595,1,0,0,0,pass,28.68
RETL000005890,RTN00005890,SOL000085339,P000556,1,1,0,1,fail,83.89
RETL000005891,RTN00005891,SOL000027434,P000260,8,8,7,1,pass,1238.14
RETL000005892,RTN00005892,SOL000281007,P000553,6,0,0,0,pass,2955.85
RETL000005893,RTN00005893,SOL000325269,P000368,6,6,0,6,fail,491.86
RETL000005894,RTN00005894,SOL000274534,P000072,3,3,0,3,fail,151.89
RETL000005895,RTN00005895,SOL000001726,P000555,28,28,8,20,fail,6593.49
RETL000005896,RTN00005896,SOL000241556,P000125,7,0,0,0,pass,436.54
RETL000005897,RTN00005897,SOL000039058,P000511,5,0,0,0,pass,2599.16
RETL000005898,RTN00005898,SOL000324199,P000035,21,21,5,16,fail,3431.81
RETL000005899,RTN00005899,SOL000125854,P000096,33,0,0,0,pass,2105.28
RETL000005900,RTN00005900,SOL000033101,P000015,10,10,6,4,fail,7739.22
RETL000005901,RTN00005901,SOL000018879,P000285,20,20,11,9,fail,958.17
RETL000005902,RTN00005902,SOL000148827,P000361,19,19,16,3,pass,563.56
RETL000005903,RTN00005903,SOL000356834,P000316,9,9,4,5,fail,803.31
RETL000005904,RTN00005904,SOL000142631,P000165,53,0,0,0,pass,2956.98
RETL000005905,RTN00005905,SOL000339527,P000137,15,0,0,0,pass,859.35
RETL000005906,RTN00005906,SOL000140190,P000366,1,1,0,1,fail,83.77
RETL000005907,RTN00005907,SOL000299526,P000314,1,1,0,1,fail,49.62
RETL000005908,RTN00005908,SOL000011438,P000369,7,7,3,4,fail,287.83
RETL000005909,RTN00005909,SOL000279743,P000207,8,8,0,8,fail,427.05
RETL000005910,RTN00005910,SOL000198009,P000406,29,29,0,29,fail,1047.46
RETL000005911,RTN00005911,SOL000110678,P000042,3,3,0,3,fail,352.82
RETL000005912,RTN00005912,SOL000016630,P000032,5,5,4,1,pass,159.93
RETL000005913,RTN00005913,SOL000140503,P000309,7,0,0,0,pass,468.19
RETL000005914,RTN00005914,SOL000287837,P000286,1,1,0,1,fail,60.67
RETL000005915,RTN00005915,SOL000079206,P000170,3,0,0,0,pass,311.28
RETL000005916,RTN00005916,SOL000056535,P000165,9,9,0,9,fail,662.44
RETL000005917,RTN00005917,SOL000104153,P000065,62,62,37,25,fail,2659.87
RETL000005918,RTN00005918,SOL000111925,P000401,1,1,1,0,pass,99.03
RETL000005919,RTN00005919,SOL000347244,P000107,2,0,0,0,pass,149.19
RETL000005920,RTN00005920,SOL000123479,P000102,1,1,0,1,fail,149.51
RETL000005921,RTN00005921,SOL000351597,P000463,4,4,0,4,fail,1031.33
RETL000005922,RTN00005922,SOL000333636,P000341,3,3,0,3,fail,482.17
RETL000005923,RTN00005923,SOL000025527,P000271,7,0,0,0,pass,463.41
RETL000005924,RTN00005924,SOL000061157,P000146,49,49,31,18,fail,3749.21
RETL000005925,RTN00005925,SOL000210055,P000172,1,1,0,1,fail,61.75
RETL000005926,RTN00005926,SOL000178863,P000182,22,22,15,7,fail,1571.21
RETL000005927,RTN00005927,SOL000232751,P000211,1,1,0,1,fail,59.86
RETL000005928,RTN00005928,SOL000241667,P000242,8,8,0,8,fail,849.33
RETL000005929,RTN00005929,SOL000210133,P000157,14,0,0,0,pass,2533.12
RETL000005930,RTN00005930,SOL000148560,P000156,1,1,1,0,pass,83.15
RETL000005931,RTN00005931,SOL000171011,P000229,10,10,0,10,fail,2296.18
RETL000005932,RTN00005932,SOL000196967,P000602,18,18,0,18,fail,2388.88
RETL000005933,RTN00005933,SOL000361425,P000357,15,0,0,0,pass,969.67
RETL000005934,RTN00005934,SOL000050641,P000377,1,1,0,1,fail,35.69
RETL000005935,RTN00005935,SOL000098060,P000261,2,2,1,1,fail,43.91
RETL000005936,RTN00005936,SOL000091883,P000270,30,30,20,10,fail,2580.02
RETL000005937,RTN00005937,SOL000075913,P000287,19,19,0,19,fail,839.32
RETL000005938,RTN00005938,SOL000170665,P000105,16,16,0,16,fail,1940.57
RETL000005939,RTN00005939,SOL000149435,P000213,21,0,0,0,pass,1395.22
RETL000005940,RTN00005940,SOL000346996,P000648,5,0,0,0,pass,687.36
RETL000005941,RTN00005941,SOL000099836,P000546,3,3,1,2,fail,367.29
RETL000005942,RTN00005942,SOL000286802,P000458,26,26,0,26,fail,2657.59
RETL000005943,RTN00005943,SOL000095636,P000129,11,11,0,11,fail,330.72
RETL000005944,RTN00005944,SOL000247898,P000494,4,4,0,4,fail,296.76
RETL000005945,RTN00005945,SOL000082093,P000646,34,34,0,34,fail,5615.33
RETL000005946,RTN00005946,SOL000282655,P000089,15,0,0,0,pass,2561.83
RETL000005947,RTN00005947,SOL000172721,P000619,8,8,0,8,fail,738.46
RETL000005948,RTN00005948,SOL000068130,P000354,4,0,0,0,pass,440.44
RETL000005949,RTN00005949,SOL000349031,P000129,16,0,0,0,pass,642.25
RETL000005950,RTN00005950,SOL000138420,P000445,21,21,0,21,fail,3640.62
RETL000005951,RTN00005951,SOL000145702,P000183,5,5,4,1,pass,1529.67
RETL000005952,RTN00005952,SOL000269509,P000437,3,3,0,3,fail,415.12
RETL000005953,RTN00005953,SOL000292720,P000138,5,5,3,2,fail,283.37
RETL000005954,RTN00005954,SOL000226257,P000631,5,5,4,1,pass,449.62
RETL000005955,RTN00005955,SOL000295599,P000634,6,0,0,0,pass,145.53
RETL000005956,RTN00005956,SOL000185946,P000589,10,10,0,10,fail,336.01
RETL000005957,RTN00005957,SOL000213491,P000627,10,10,3,7,fail,358.19
RETL000005958,RTN00005958,SOL000360605,P000135,8,8,0,8,fail,1177.25
RETL000005959,RTN00005959,SOL000223294,P000084,10,10,4,6,fail,1017.35
RETL000005960,RTN00005960,SOL000127927,P000550,22,0,0,0,pass,2649.55
RETL000005961,RTN00005961,SOL000075893,P000639,1,1,1,0,pass,66.65
RETL000005962,RTN00005962,SOL000265742,P000465,9,9,0,9,fail,890.28
RETL000005963,RTN00005963,SOL000148977,P000201,15,15,0,15,fail,872.11
RETL000005964,RTN00005964,SOL000343823,P000423,2,2,0,2,fail,137.79
RETL000005965,RTN00005965,SOL000366479,P000108,1,1,1,0,pass,44.9
RETL000005966,RTN00005966,SOL000238900,P000454,24,24,0,24,fail,829.46
RETL000005967,RTN00005967,SOL000190997,P000646,8,8,0,8,fail,1310.76
RETL000005968,RTN00005968,SOL000139029,P000061,14,14,0,14,fail,1841.04
RETL000005969,RTN00005969,SOL000081086,P000042,1,1,1,0,pass,86.84
RETL000005970,RTN00005970,SOL000239250,P000536,5,5,0,5,fail,669.99
RETL000005971,RTN00005971,SOL000271466,P000068,10,10,0,10,fail,830.14
RETL000005972,RTN00005972,SOL000046632,P000453,5,5,0,5,fail,913.27
RETL000005973,RTN00005973,SOL000302382,P000180,29,29,0,29,fail,1152.54
RETL000005974,RTN00005974,SOL000333162,P000094,15,15,0,15,fail,991.3
RETL000005975,RTN00005975,SOL000150327,P000220,3,3,0,3,fail,1112.19
RETL000005976,RTN00005976,SOL000250110,P000495,17,17,0,17,fail,2423.86
RETL000005977,RTN00005977,SOL000123011,P000585,4,0,0,0,pass,169.27
RETL000005978,RTN00005978,SOL000164374,P000099,2,2,0,2,fail,269.97
RETL000005979,RTN00005979,SOL000240214,P000610,91,91,0,91,fail,2992.73
RETL000005980,RTN00005980,SOL000065622,P000219,27,27,10,17,fail,3475.19
RETL000005981,RTN00005981,SOL000164487,P000384,3,3,0,3,fail,422.53
RETL000005982,RTN00005982,SOL000027455,P000227,1,1,1,0,pass,60.04
RETL000005983,RTN00005983,SOL000334119,P000282,2,2,1,1,fail,232.03
RETL000005984,RTN00005984,SOL000167454,P000325,9,0,0,0,pass,1422.31
RETL000005985,RTN00005985,SOL000160890,P000293,2,0,0,0,pass,304.69
RETL000005986,RTN00005986,SOL000096289,P000435,2,2,0,2,fail,109.72
RETL000005987,RTN00005987,SOL000354199,P000155,3,0,0,0,pass,233.75
RETL000005988,RTN00005988,SOL000057903,P000317,1,1,0,1,fail,61.72
RETL000005989,RTN00005989,SOL000019967,P000386,4,4,2,2,fail,541.11
RETL000005990,RTN00005990,SOL000132795,P000133,1,1,0,1,fail,86.31
RETL000005991,RTN00005991,SOL000090493,P000339,9,9,3,6,fail,903.37
RETL000005992,RTN00005992,SOL000277080,P000522,30,30,0,30,fail,2562.48
RETL000005993,RTN00005993,SOL000137359,P000649,9,9,0,9,fail,3734.3
RETL000005994,RTN00005994,SOL000350011,P000491,19,19,0,19,fail,3228.34
RETL000005995,RTN00005995,SOL000283652,P000210,2,2,0,2,fail,288.21
RETL000005996,RTN00005996,SOL000097826,P000417,4,0,0,0,pass,294.78
RETL000005997,RTN00005997,SOL000101315,P000040,11,11,0,11,fail,1251.68
RETL000005998,RTN00005998,SOL000093646,P000156,2,0,0,0,pass,130.98
RETL000005999,RTN00005999,SOL000004077,P000225,10,10,0,10,fail,1825.74
RETL000006000,RTN00006000,SOL000174207,P000055,23,23,16,7,fail,7992.18
RETL000006001,RTN00006001,SOL000291678,P000538,47,47,0,47,fail,15202.1
RETL000006002,RTN00006002,SOL000192228,P000098,4,0,0,0,pass,236.37
RETL000006003,RTN00006003,SOL000063005,P000326,24,24,0,24,fail,3641.92
RETL000006004,RTN00006004,SOL000150431,P000300,13,13,0,13,fail,2535.73
RETL000006005,RTN00006005,SOL000230254,P000358,3,0,0,0,pass,1121.24
RETL000006006,RTN00006006,SOL000250107,P000447,9,9,4,5,fail,1845.28
RETL000006007,RTN00006007,SOL000350010,P000456,2,2,1,1,fail,518.84
RETL000006008,RTN00006008,SOL000165845,P000022,10,10,0,10,fail,480.04
RETL000006009,RTN00006009,SOL000063215,P000151,5,5,0,5,fail,305.22
RETL000006010,RTN00006010,SOL000342488,P000509,9,9,6,3,fail,899.57
RETL000006011,RTN00006011,SOL000116337,P000237,11,11,0,11,fail,2419.86
RETL000006012,RTN00006012,SOL000167304,P000490,3,3,0,3,fail,474.31
RETL000006013,RTN00006013,SOL000157066,P000034,28,28,0,28,fail,6743.77
RETL000006014,RTN00006014,SOL000250137,P000265,48,48,23,25,fail,5994.88
RETL000006015,RTN00006015,SOL000086605,P000192,12,12,8,4,fail,518.89
RETL000006016,RTN00006016,SOL000087257,P000202,2,2,0,2,fail,567.92
RETL000006017,RTN00006017,SOL000127244,P000189,10,0,0,0,pass,436.97
RETL000006018,RTN00006018,SOL000299172,P000508,2,2,1,1,fail,96.82
RETL000006019,RTN00006019,SOL000161399,P000623,4,4,2,2,fail,609.22
RETL000006020,RTN00006020,SOL000223733,P000517,21,21,0,21,fail,6598.9
RETL000006021,RTN00006021,SOL000146740,P000055,17,17,0,17,fail,6021.45
RETL000006022,RTN00006022,SOL000303105,P000106,7,7,2,5,fail,1156.22
RETL000006023,RTN00006023,SOL000179384,P000318,17,0,0,0,pass,1129.98
RETL000006024,RTN00006024,SOL000171663,P000285,16,0,0,0,pass,745.48
RETL000006025,RTN00006025,SOL000355406,P000333,2,2,0,2,fail,1161.78
RETL000006026,RTN00006026,SOL000040392,P000533,1,0,0,0,pass,127.89
RETL000006027,RTN00006027,SOL000314912,P000584,3,3,0,3,fail,323.04
RETL000006028,RTN00006028,SOL000161108,P000312,47,47,0,47,fail,7305.46
RETL000006029,RTN00006029,SOL000087933,P000072,47,47,17,30,fail,3192.66
RETL000006030,RTN00006030,SOL000234096,P000155,6,6,2,4,fail,386.2
RETL000006031,RTN00006031,SOL000346201,P000527,17,17,0,17,fail,7850.24
RETL000006032,RTN00006032,SOL000126612,P000509,4,4,0,4,fail,426.36
RETL000006033,RTN00006033,SOL000123671,P000494,2,2,2,0,pass,179.53
RETL000006034,RTN00006034,SOL000058643,P000532,9,9,0,9,fail,769.32
RETL000006035,RTN00006035,SOL000295485,P000144,3,3,1,2,fail,171.17
RETL000006036,RTN00006036,SOL000150152,P000491,6,6,5,1,pass,1314.9
RETL000006037,RTN00006037,SOL000195404,P000191,14,14,0,14,fail,572.62
RETL000006038,RTN00006038,SOL000021867,P000009,9,9,0,9,fail,1304.11
RETL000006039,RTN00006039,SOL000287225,P000327,9,9,0,9,fail,1844.27
RETL000006040,RTN00006040,SOL000208774,P000169,7,7,0,7,fail,1559.59
RETL000006041,RTN00006041,SOL000317387,P000402,3,3,2,1,fail,454.57
RETL000006042,RTN00006042,SOL000225827,P000626,7,7,0,7,fail,610.64
RETL000006043,RTN00006043,SOL000181996,P000090,11,0,0,0,pass,573.86
RETL000006044,RTN00006044,SOL000307282,P000177,33,0,0,0,pass,1797.33
RETL000006045,RTN00006045,SOL000123917,P000317,7,7,5,2,fail,382.52
RETL000006046,RTN00006046,SOL000155009,P000293,3,3,2,1,fail,400.75
RETL000006047,RTN00006047,SOL000139795,P000331,12,0,0,0,pass,4414.84
RETL000006048,RTN00006048,SOL000137994,P000332,7,7,0,7,fail,2111.19
RETL000006049,RTN00006049,SOL000332626,P000207,20,20,5,15,fail,1095.81
RETL000006050,RTN00006050,SOL000353810,P000161,5,5,4,1,pass,323.54
RETL000006051,RTN00006051,SOL000005537,P000201,21,21,0,21,fail,904.75
RETL000006052,RTN00006052,SOL000272842,P000431,19,0,0,0,pass,411.3
RETL000006053,RTN00006053,SOL000019297,P000127,9,9,7,2,fail,1442.62
RETL000006054,RTN00006054,SOL000234957,P000261,3,3,2,1,fail,90.29
RETL000006055,RTN00006055,SOL000143859,P000167,4,4,0,4,fail,558.93
RETL000006056,RTN00006056,SOL000025789,P000506,19,19,12,7,fail,1026.0
RETL000006057,RTN00006057,SOL000081274,P000365,6,6,4,2,fail,253.31
RETL000006058,RTN00006058,SOL000203325,P000625,2,2,0,2,fail,200.62
RETL000006059,RTN00006059,SOL000185731,P000236,3,3,0,3,fail,120.3
RETL000006060,RTN00006060,SOL000003443,P000353,9,9,0,9,fail,469.41
RETL000006061,RTN00006061,SOL000210931,P000624,2,2,1,1,fail,324.27
RETL000006062,RTN00006062,SOL000011959,P000305,24,24,0,24,fail,1726.13
RETL000006063,RTN00006063,SOL000030618,P000084,4,4,0,4,fail,410.07
RETL000006064,RTN00006064,SOL000272333,P000421,3,3,0,3,fail,179.92
RETL000006065,RTN00006065,SOL000008534,P000036,11,11,9,2,pass,297.16
RETL000006066,RTN00006066,SOL000176242,P000181,9,0,0,0,pass,771.73
RETL000006067,RTN00006067,SOL000157807,P000247,28,28,0,28,fail,2668.25
RETL000006068,RTN00006068,SOL000028711,P000503,6,6,0,6,fail,829.28
RETL000006069,RTN00006069,SOL000154481,P000570,23,23,0,23,fail,7328.95
RETL000006070,RTN00006070,SOL000083975,P000185,5,5,0,5,fail,618.86
RETL000006071,RTN00006071,SOL000211849,P000519,7,0,0,0,pass,1070.12
RETL000006072,RTN00006072,SOL000132202,P000571,6,6,4,2,fail,564.77
RETL000006073,RTN00006073,SOL000250145,P000015,1,1,0,1,fail,708.49
RETL000006074,RTN00006074,SOL000226213,P000473,12,12,0,12,fail,1065.71
RETL000006075,RTN00006075,SOL000293577,P000260,18,18,0,18,fail,2402.58
RETL000006076,RTN00006076,SOL000213728,P000313,33,33,11,22,fail,1946.09
RETL000006077,RTN00006077,SOL000084159,P000246,21,21,0,21,fail,9541.31
RETL000006078,RTN00006078,SOL000310679,P000092,23,23,0,23,fail,2726.64
RETL000006079,RTN00006079,SOL000154995,P000124,8,8,0,8,fail,1037.42
RETL000006080,RTN00006080,SOL000256793,P000612,5,5,0,5,fail,2324.16
RETL000006081,RTN00006081,SOL000186151,P000185,1,1,0,1,fail,113.29
RETL000006082,RTN00006082,SOL000114496,P000140,10,10,3,7,fail,2280.63
RETL000006083,RTN00006083,SOL000075891,P000618,3,3,0,3,fail,241.71
RETL000006084,RTN00006084,SOL000140756,P000314,12,12,6,6,fail,548.19
RETL000006085,RTN00006085,SOL000236880,P000072,3,3,1,2,fail,202.0
RETL000006086,RTN00006086,SOL000295765,P000134,1,0,0,0,pass,68.75
RETL000006087,RTN00006087,SOL000314757,P000384,9,9,0,9,fail,1022.09
RETL000006088,RTN00006088,SOL000214707,P000413,24,24,0,24,fail,2972.46
RETL000006089,RTN00006089,SOL000343526,P000643,1,1,0,1,fail,32.77
RETL000006090,RTN00006090,SOL000093297,P000526,67,67,0,67,fail,2285.35
RETL000006091,RTN00006091,SOL000351672,P000392,5,0,0,0,pass,328.08
RETL000006092,RTN00006092,SOL000085519,P000186,2,0,0,0,pass,44.82
RETL000006093,RTN00006093,SOL000336350,P000298,10,10,0,10,fail,3559.89
RETL000006094,RTN00006094,SOL000070910,P000279,8,8,0,8,fail,348.15
RETL000006095,RTN00006095,SOL000031848,P000342,34,34,0,34,fail,3309.0
RETL000006096,RTN00006096,SOL000219999,P000469,2,2,1,1,fail,110.41
RETL000006097,RTN00006097,SOL000047859,P000509,35,35,13,22,fail,3531.34
RETL000006098,RTN00006098,SOL000179982,P000405,2,2,0,2,fail,101.79
RETL000006099,RTN00006099,SOL000120706,P000280,9,9,3,6,fail,584.89
RETL000006100,RTN00006100,SOL000077678,P000116,50,0,0,0,pass,7649.78
RETL000006101,RTN00006101,SOL000138775,P000125,8,8,0,8,fail,610.91
RETL000006102,RTN00006102,SOL000237046,P000308,12,12,8,4,fail,1735.36
RETL000006103,RTN00006103,SOL000123399,P000077,5,5,0,5,fail,501.86
RETL000006104,RTN00006104,SOL000327513,P000530,1,1,0,1,fail,43.57
RETL000006105,RTN00006105,SOL000333613,P000278,14,0,0,0,pass,1314.0
RETL000006106,RTN00006106,SOL000268507,P000244,6,6,4,2,fail,181.68
RETL000006107,RTN00006107,SOL000340815,P000531,2,2,0,2,fail,235.56
RETL000006108,RTN00006108,SOL000259455,P000298,8,8,0,8,fail,2934.77
RETL000006109,RTN00006109,SOL000168279,P000232,12,12,0,12,fail,1082.98
RETL000006110,RTN00006110,SOL000238931,P000206,2,0,0,0,pass,365.97
RETL000006111,RTN00006111,SOL000328603,P000331,4,4,0,4,fail,1202.79
RETL000006112,RTN00006112,SOL000354103,P000447,16,0,0,0,pass,4222.67
RETL000006113,RTN00006113,SOL000074204,P000580,13,0,0,0,pass,448.03
RETL000006114,RTN00006114,SOL000283807,P000395,27,27,0,27,fail,17656.88
RETL000006115,RTN00006115,SOL000012078,P000004,12,12,0,12,fail,1899.21
RETL000006116,RTN00006116,SOL000311046,P000242,23,0,0,0,pass,2532.66
RETL000006117,RTN00006117,SOL000230417,P000481,2,2,0,2,fail,64.42
RETL000006118,RTN00006118,SOL000198155,P000119,33,33,22,11,fail,2585.14
RETL000006119,RTN00006119,SOL000261291,P000469,6,0,0,0,pass,230.06
RETL000006120,RTN00006120,SOL000033145,P000399,5,0,0,0,pass,245.81
RETL000006121,RTN00006121,SOL000016149,P000014,6,6,3,3,fail,699.02
RETL000006122,RTN00006122,SOL000245270,P000545,2,0,0,0,pass,110.99
RETL000006123,RTN00006123,SOL000220293,P000124,1,0,0,0,pass,154.51
RETL000006124,RTN00006124,SOL000343296,P000556,2,2,0,2,fail,113.39
RETL000006125,RTN00006125,SOL000076071,P000362,6,0,0,0,pass,533.86
RETL000006126,RTN00006126,SOL000151301,P000308,3,3,0,3,fail,310.17
RETL000006127,RTN00006127,SOL000326547,P000004,6,6,4,2,fail,1288.36
RETL000006128,RTN00006128,SOL000104703,P000021,13,13,0,13,fail,1217.18
RETL000006129,RTN00006129,SOL000106043,P000320,3,3,0,3,fail,330.81
RETL000006130,RTN00006130,SOL000206402,P000338,12,0,0,0,pass,790.34
RETL000006131,RTN00006131,SOL000026832,P000194,15,0,0,0,pass,3191.54
RETL000006132,RTN00006132,SOL000099471,P000406,3,3,0,3,fail,84.65
RETL000006133,RTN00006133,SOL000316935,P000087,23,23,0,23,fail,646.22
RETL000006134,RTN00006134,SOL000231431,P000535,3,3,0,3,fail,177.95
RETL000006135,RTN00006135,SOL000214760,P000158,5,5,4,1,pass,238.29
RETL000006136,RTN00006136,SOL000303692,P000117,8,8,0,8,fail,1290.17
RETL000006137,RTN00006137,SOL000309342,P000029,8,8,0,8,fail,1396.89
RETL000006138,RTN00006138,SOL000032837,P000026,11,11,0,11,fail,779.93
RETL000006139,RTN00006139,SOL000341494,P000130,6,6,0,6,fail,833.22
RETL000006140,RTN00006140,SOL000065301,P000158,4,4,0,4,fail,195.72
RETL000006141,RTN00006141,SOL000313887,P000005,5,5,2,3,fail,587.18
RETL000006142,RTN00006142,SOL000091879,P000270,7,7,6,1,pass,617.84
RETL000006143,RTN00006143,SOL000197933,P000332,5,5,0,5,fail,1099.31
RETL000006144,RTN00006144,SOL000291946,P000103,1,0,0,0,pass,47.08
RETL000006145,RTN00006145,SOL000012777,P000016,3,3,0,3,fail,514.23
RETL000006146,RTN00006146,SOL000026437,P000359,6,6,3,3,fail,134.22
RETL000006147,RTN00006147,SOL000207444,P000592,3,3,2,1,fail,223.9
RETL000006148,RTN00006148,SOL000005490,P000078,14,14,0,14,fail,366.72
RETL000006149,RTN00006149,SOL000345516,P000289,3,3,0,3,fail,133.06
RETL000006150,RTN00006150,SOL000233267,P000382,42,0,0,0,pass,538.67
RETL000006151,RTN00006151,SOL000137505,P000511,6,6,0,6,fail,2794.7
RETL000006152,RTN00006152,SOL000099771,P000087,11,0,0,0,pass,285.44
RETL000006153,RTN00006153,SOL000192829,P000018,25,25,0,25,fail,6385.75
RETL000006154,RTN00006154,SOL000145337,P000585,5,5,4,1,pass,258.72
RETL000006155,RTN00006155,SOL000345417,P000567,8,8,5,3,fail,800.31
RETL000006156,RTN00006156,SOL000332419,P000284,32,0,0,0,pass,365.32
RETL000006157,RTN00006157,SOL000266357,P000120,38,38,29,9,fail,2467.98
RETL000006158,RTN00006158,SOL000200334,P000636,42,42,0,42,fail,1652.11
RETL000006159,RTN00006159,SOL000064437,P000259,5,5,2,3,fail,1366.34
RETL000006160,RTN00006160,SOL000317680,P000523,27,0,0,0,pass,1266.27
RETL000006161,RTN00006161,SOL000139943,P000550,17,17,0,17,fail,2036.37
RETL000006162,RTN00006162,SOL000037171,P000054,13,0,0,0,pass,898.13
RETL000006163,RTN00006163,SOL000121289,P000020,3,3,0,3,fail,162.55
RETL000006164,RTN00006164,SOL000291655,P000401,19,19,0,19,fail,1865.49
RETL000006165,RTN00006165,SOL000124447,P000494,6,6,2,4,fail,621.77
RETL000006166,RTN00006166,SOL000053718,P000352,23,0,0,0,pass,11047.52
RETL000006167,RTN00006167,SOL000281583,P000442,9,9,0,9,fail,4509.61
RETL000006168,RTN00006168,SOL000154460,P000388,10,10,5,5,fail,536.3
RETL000006169,RTN00006169,SOL000259252,P000058,1,1,0,1,fail,303.84
RETL000006170,RTN00006170,SOL000069988,P000008,1,1,0,1,fail,51.11
RETL000006171,RTN00006171,SOL000291010,P000543,1,1,0,1,fail,143.03
RETL000006172,RTN00006172,SOL000339440,P000572,5,5,0,5,fail,717.86
RETL000006173,RTN00006173,SOL000215684,P000094,7,7,0,7,fail,360.08
RETL000006174,RTN00006174,SOL000178423,P000566,36,0,0,0,pass,5167.09
RETL000006175,RTN00006175,SOL000148752,P000479,3,3,0,3,fail,312.1
RETL000006176,RTN00006176,SOL000358627,P000082,6,0,0,0,pass,1390.96
RETL000006177,RTN00006177,SOL000120021,P000602,7,7,0,7,fail,1146.86
RETL000006178,RTN00006178,SOL000178920,P000110,1,1,0,1,fail,18.46
RETL000006179,RTN00006179,SOL000331090,P000103,4,4,0,4,fail,230.49
RETL000006180,RTN00006180,SOL000130044,P000186,2,2,0,2,fail,34.6
RETL000006181,RTN00006181,SOL000236430,P000423,1,1,0,1,fail,75.07
RETL000006182,RTN00006182,SOL000198958,P000047,26,26,14,12,fail,2276.15
RETL000006183,RTN00006183,SOL000202521,P000100,7,7,0,7,fail,569.45
RETL000006184,RTN00006184,SOL000178285,P000280,1,1,0,1,fail,71.87
RETL000006185,RTN00006185,SOL000241379,P000357,14,0,0,0,pass,941.05
RETL000006186,RTN00006186,SOL000309303,P000419,2,2,0,2,fail,156.83
RETL000006187,RTN00006187,SOL000340217,P000010,7,7,0,7,fail,313.07
RETL000006188,RTN00006188,SOL000072908,P000535,3,3,1,2,fail,141.85
RETL000006189,RTN00006189,SOL000020916,P000299,1,1,1,0,pass,372.51
RETL000006190,RTN00006190,SOL000209338,P000230,20,20,16,4,pass,740.58
RETL000006191,RTN00006191,SOL000175206,P000408,4,4,0,4,fail,748.12
RETL000006192,RTN00006192,SOL000027498,P000630,6,0,0,0,pass,1696.74
RETL000006193,RTN00006193,SOL000193012,P000390,5,5,0,5,fail,83.02
RETL000006194,RTN00006194,SOL000030343,P000541,14,14,0,14,fail,6560.16
RETL000006195,RTN00006195,SOL000342084,P000525,6,6,5,1,pass,401.62
RETL000006196,RTN00006196,SOL000044899,P000250,2,2,0,2,fail,243.69
RETL000006197,RTN00006197,SOL000292105,P000588,27,0,0,0,pass,882.46
RETL000006198,RTN00006198,SOL000200455,P000092,31,31,14,17,fail,4627.6
RETL000006199,RTN00006199,SOL000178761,P000237,17,17,0,17,fail,2883.08
RETL000006200,RTN00006200,SOL000204137,P000080,28,28,11,17,fail,2723.06
RETL000006201,RTN00006201,SOL000108425,P000027,4,4,0,4,fail,370.01
RETL000006202,RTN00006202,SOL000172901,P000334,6,6,4,2,fail,470.89
RETL000006203,RTN00006203,SOL000303983,P000549,4,4,0,4,fail,324.59
RETL000006204,RTN00006204,SOL000345756,P000391,3,3,0,3,fail,101.97
RETL000006205,RTN00006205,SOL000227303,P000254,1,1,0,1,fail,138.68
RETL000006206,RTN00006206,SOL000121226,P000401,5,5,0,5,fail,374.71
RETL000006207,RTN00006207,SOL000076696,P000225,4,4,4,0,pass,556.1
RETL000006208,RTN00006208,SOL000048963,P000255,5,0,0,0,pass,745.3
RETL000006209,RTN00006209,SOL000243433,P000029,28,28,11,17,fail,4865.28
RETL000006210,RTN00006210,SOL000275685,P000271,8,0,0,0,pass,406.2
RETL000006211,RTN00006211,SOL000045058,P000645,18,18,0,18,fail,1139.35
RETL000006212,RTN00006212,SOL000058759,P000202,6,6,0,6,fail,1505.41
RETL000006213,RTN00006213,SOL000137390,P000143,3,3,0,3,fail,140.52
RETL000006214,RTN00006214,SOL000364224,P000121,2,2,1,1,fail,333.23
RETL000006215,RTN00006215,SOL000085350,P000037,9,9,0,9,fail,561.73
RETL000006216,RTN00006216,SOL000358844,P000590,17,0,0,0,pass,3140.74
RETL000006217,RTN00006217,SOL000133829,P000219,6,0,0,0,pass,905.02
RETL000006218,RTN00006218,SOL000338983,P000139,3,3,0,3,fail,253.72
RETL000006219,RTN00006219,SOL000269743,P000477,8,8,0,8,fail,913.78
RETL000006220,RTN00006220,SOL000201700,P000392,11,0,0,0,pass,714.47
RETL000006221,RTN00006221,SOL000312716,P000331,11,11,0,11,fail,3978.74
RETL000006222,RTN00006222,SOL000336601,P000001,1,1,1,0,pass,320.56
RETL000006223,RTN00006223,SOL000162139,P000032,7,7,4,3,fail,329.93
RETL000006224,RTN00006224,SOL000018439,P000311,12,12,0,12,fail,346.91
RETL000006225,RTN00006225,SOL000134065,P000348,6,6,4,2,fail,280.67
RETL000006226,RTN00006226,SOL000354332,P000048,3,3,0,3,fail,245.77
RETL000006227,RTN00006227,SOL000087522,P000470,1,1,0,1,fail,89.0
RETL000006228,RTN00006228,SOL000228664,P000118,4,4,0,4,fail,179.91
RETL000006229,RTN00006229,SOL000237835,P000341,24,24,0,24,fail,5385.04
RETL000006230,RTN00006230,SOL000230596,P000258,24,24,10,14,fail,3504.79
RETL000006231,RTN00006231,SOL000294278,P000638,31,31,17,14,fail,1125.44
RETL000006232,RTN00006232,SOL000357350,P000211,1,1,0,1,fail,56.4
RETL000006233,RTN00006233,SOL000000726,P000061,9,9,0,9,fail,1228.49
RETL000006234,RTN00006234,SOL000019153,P000566,3,3,2,1,fail,553.23
RETL000006235,RTN00006235,SOL000245332,P000117,6,6,4,2,fail,982.57
RETL000006236,RTN00006236,SOL000246270,P000587,8,8,0,8,fail,1135.41
RETL000006237,RTN00006237,SOL000056475,P000610,4,4,3,1,fail,158.28
RETL000006238,RTN00006238,SOL000358544,P000383,4,4,2,2,fail,769.65
RETL000006239,RTN00006239,SOL000026806,P000128,9,0,0,0,pass,361.57
RETL000006240,RTN00006240,SOL000102239,P000127,7,7,0,7,fail,1027.28
RETL000006241,RTN00006241,SOL000211988,P000162,3,3,1,2,fail,96.62
RETL000006242,RTN00006242,SOL000028988,P000423,10,10,7,3,fail,586.24
RETL000006243,RTN00006243,SOL000282402,P000276,1,0,0,0,pass,52.3
RETL000006244,RTN00006244,SOL000296376,P000200,38,38,0,38,fail,3007.78
RETL000006245,RTN00006245,SOL000357483,P000510,9,9,6,3,fail,241.52
RETL000006246,RTN00006246,SOL000315872,P000241,6,6,2,4,fail,742.29
RETL000006247,RTN00006247,SOL000347659,P000506,8,8,6,2,fail,421.64
RETL000006248,RTN00006248,SOL000125309,P000526,3,3,0,3,fail,153.92
RETL000006249,RTN00006249,SOL000313543,P000305,3,0,0,0,pass,269.24
RETL000006250,RTN00006250,SOL000181435,P000591,22,22,0,22,fail,6283.89
RETL000006251,RTN00006251,SOL000134608,P000559,17,0,0,0,pass,2820.52
RETL000006252,RTN00006252,SOL000324397,P000562,26,0,0,0,pass,2584.72
RETL000006253,RTN00006253,SOL000272484,P000419,3,0,0,0,pass,321.92
RETL000006254,RTN00006254,SOL000124925,P000489,21,0,0,0,pass,3482.08
RETL000006255,RTN00006255,SOL000251080,P000465,2,2,1,1,fail,154.67
RETL000006256,RTN00006256,SOL000003120,P000143,2,2,0,2,fail,84.45
RETL000006257,RTN00006257,SOL000103002,P000598,11,0,0,0,pass,1093.11
RETL000006258,RTN00006258,SOL000257450,P000163,7,0,0,0,pass,891.8
RETL000006259,RTN00006259,SOL000355340,P000093,2,2,0,2,fail,120.97
RETL000006260,RTN00006260,SOL000144137,P000598,5,5,4,1,pass,579.77
RETL000006261,RTN00006261,SOL000306755,P000361,3,0,0,0,pass,75.24
RETL000006262,RTN00006262,SOL000320381,P000100,28,28,17,11,fail,2194.34
RETL000006263,RTN00006263,SOL000029123,P000029,1,1,0,1,fail,141.35
RETL000006264,RTN00006264,SOL000335435,P000123,12,12,5,7,fail,1315.22
RETL000006265,RTN00006265,SOL000337925,P000306,58,58,26,32,fail,18407.63
RETL000006266,RTN00006266,SOL000296303,P000190,19,19,0,19,fail,1541.43
RETL000006267,RTN00006267,SOL000346751,P000574,12,12,0,12,fail,1825.52
RETL000006268,RTN00006268,SOL000276245,P000100,8,8,0,8,fail,537.65
RETL000006269,RTN00006269,SOL000001625,P000090,7,7,0,7,fail,501.83
RETL000006270,RTN00006270,SOL000165482,P000077,47,47,0,47,fail,5326.57
RETL000006271,RTN00006271,SOL000248147,P000178,34,34,0,34,fail,2272.63
RETL000006272,RTN00006272,SOL000065124,P000634,3,3,3,0,pass,100.27
RETL000006273,RTN00006273,SOL000300393,P000236,12,12,0,12,fail,531.0
RETL000006274,RTN00006274,SOL000367183,P000493,31,31,0,31,fail,5954.69
RETL000006275,RTN00006275,SOL000168093,P000442,49,49,23,26,fail,25118.83
RETL000006276,RTN00006276,SOL000342171,P000264,13,13,0,13,fail,1227.91
RETL000006277,RTN00006277,SOL000051716,P000062,1,1,0,1,fail,63.64
RETL000006278,RTN00006278,SOL000009347,P000590,29,0,0,0,pass,4039.97
RETL000006279,RTN00006279,SOL000244093,P000194,2,2,0,2,fail,416.87
RETL000006280,RTN00006280,SOL000070140,P000298,1,1,0,1,fail,312.8
RETL000006281,RTN00006281,SOL000122344,P000230,1,1,0,1,fail,40.58
RETL000006282,RTN00006282,SOL000198990,P000094,5,5,4,1,pass,317.46
RETL000006283,RTN00006283,SOL000173801,P000240,8,8,0,8,fail,1079.07
RETL000006284,RTN00006284,SOL000035025,P000004,8,8,6,2,fail,1535.15
RETL000006285,RTN00006285,SOL000058133,P000482,4,4,3,1,fail,743.95
RETL000006286,RTN00006286,SOL000280898,P000462,8,8,6,2,fail,874.39
RETL000006287,RTN00006287,SOL000206901,P000029,15,15,0,15,fail,2768.16
RETL000006288,RTN00006288,SOL000100251,P000199,20,20,14,6,fail,1125.71
RETL000006289,RTN00006289,SOL000298641,P000366,8,8,0,8,fail,564.21
RETL000006290,RTN00006290,SOL000065628,P000464,1,1,0,1,fail,142.07
RETL000006291,RTN00006291,SOL000227026,P000542,3,3,0,3,fail,779.47
RETL000006292,RTN00006292,SOL000302514,P000196,1,1,0,1,fail,24.3
RETL000006293,RTN00006293,SOL000234590,P000414,1,1,0,1,fail,54.66
RETL000006294,RTN00006294,SOL000291422,P000420,18,0,0,0,pass,1129.89
RETL000006295,RTN00006295,SOL000271381,P000063,28,0,0,0,pass,1869.67
RETL000006296,RTN00006296,SOL000170445,P000481,5,5,0,5,fail,126.65
RETL000006297,RTN00006297,SOL000222126,P000446,4,4,0,4,fail,310.56
RETL000006298,RTN00006298,SOL000127307,P000038,9,0,0,0,pass,370.55
RETL000006299,RTN00006299,SOL000140285,P000102,16,0,0,0,pass,2077.73
RETL000006300,RTN00006300,SOL000131171,P000286,2,2,1,1,fail,135.24
RETL000006301,RTN00006301,SOL000003455,P000303,22,22,14,8,fail,5041.9
RETL000006302,RTN00006302,SOL000118325,P000465,5,5,0,5,fail,433.88
RETL000006303,RTN00006303,SOL000252919,P000266,30,30,0,30,fail,5335.88
RETL000006304,RTN00006304,SOL000085346,P000559,3,3,0,3,fail,476.3
RETL000006305,RTN00006305,SOL000120598,P000211,9,9,3,6,fail,534.37
RETL000006306,RTN00006306,SOL000323232,P000165,8,8,3,5,fail,461.46
RETL000006307,RTN00006307,SOL000253766,P000333,29,29,0,29,fail,17063.94
RETL000006308,RTN00006308,SOL000323463,P000443,28,28,0,28,fail,2458.7
RETL000006309,RTN00006309,SOL000325318,P000584,13,13,0,13,fail,1073.07
RETL000006310,RTN00006310,SOL000122662,P000348,1,0,0,0,pass,57.36
RETL000006311,RTN00006311,SOL000064623,P000528,8,8,0,8,fail,833.27
RETL000006312,RTN00006312,SOL000261742,P000232,3,3,2,1,fail,280.93
RETL000006313,RTN00006313,SOL000218433,P000079,21,21,6,15,fail,627.72
RETL000006314,RTN00006314,SOL000285093,P000186,1,1,0,1,fail,18.37
RETL000006315,RTN00006315,SOL000149018,P000229,5,5,4,1,pass,893.75
RETL000006316,RTN00006316,SOL000290850,P000301,16,16,0,16,fail,1212.69
RETL000006317,RTN00006317,SOL000346571,P000252,20,0,0,0,pass,2887.44
RETL000006318,RTN00006318,SOL000335778,P000116,20,20,11,9,fail,3359.06
RETL000006319,RTN00006319,SOL000085517,P000035,12,12,0,12,fail,1626.13
RETL000006320,RTN00006320,SOL000259507,P000225,2,2,0,2,fail,306.75
RETL000006321,RTN00006321,SOL000015459,P000408,2,2,2,0,pass,269.75
RETL000006322,RTN00006322,SOL000167907,P000046,2,0,0,0,pass,93.86
RETL000006323,RTN00006323,SOL000080157,P000591,16,16,5,11,fail,3845.84
RETL000006324,RTN00006324,SOL000150628,P000192,15,15,0,15,fail,517.17
RETL000006325,RTN00006325,SOL000227023,P000063,1,1,1,0,pass,65.73
RETL000006326,RTN00006326,SOL000262037,P000437,5,5,0,5,fail,691.21
RETL000006327,RTN00006327,SOL000082936,P000558,1,1,0,1,fail,47.4
RETL000006328,RTN00006328,SOL000297856,P000423,1,1,0,1,fail,75.37
RETL000006329,RTN00006329,SOL000096289,P000435,8,8,6,2,fail,380.82
RETL000006330,RTN00006330,SOL000252809,P000549,31,31,0,31,fail,2782.18
RETL000006331,RTN00006331,SOL000133658,P000298,8,0,0,0,pass,2820.19
RETL000006332,RTN00006332,SOL000012224,P000455,13,13,0,13,fail,1717.64
RETL000006333,RTN00006333,SOL000208875,P000535,4,4,2,2,fail,187.73
RETL000006334,RTN00006334,SOL000289898,P000523,6,6,3,3,fail,246.21
RETL000006335,RTN00006335,SOL000367684,P000108,15,15,0,15,fail,508.63
RETL000006336,RTN00006336,SOL000338941,P000400,12,0,0,0,pass,3112.87
RETL000006337,RTN00006337,SOL000284112,P000049,40,40,0,40,fail,6548.92
RETL000006338,RTN00006338,SOL000035370,P000176,2,0,0,0,pass,455.39
RETL000006339,RTN00006339,SOL000041124,P000501,4,4,0,4,fail,1150.11
RETL000006340,RTN00006340,SOL000262392,P000334,6,6,2,4,fail,615.47
RETL000006341,RTN00006341,SOL000313789,P000505,4,4,0,4,fail,104.39
RETL000006342,RTN00006342,SOL000214940,P000323,2,2,2,0,pass,141.29
RETL000006343,RTN00006343,SOL000287983,P000557,10,10,8,2,pass,2108.4
RETL000006344,RTN00006344,SOL000224540,P000543,7,0,0,0,pass,768.05
RETL000006345,RTN00006345,SOL000235857,P000065,9,9,0,9,fail,311.79
RETL000006346,RTN00006346,SOL000172156,P000024,13,0,0,0,pass,749.14
RETL000006347,RTN00006347,SOL000081620,P000013,8,8,0,8,fail,1780.27
RETL000006348,RTN00006348,SOL000049721,P000057,3,3,2,1,fail,1253.73
RETL000006349,RTN00006349,SOL000034123,P000363,10,10,0,10,fail,761.08
RETL000006350,RTN00006350,SOL000367135,P000308,21,21,0,21,fail,2108.35
RETL000006351,RTN00006351,SOL000294730,P000374,35,0,0,0,pass,4294.4
RETL000006352,RTN00006352,SOL000152509,P000083,5,5,0,5,fail,499.03
RETL000006353,RTN00006353,SOL000147853,P000384,12,12,4,8,fail,1539.28
RETL000006354,RTN00006354,SOL000190517,P000198,4,4,0,4,fail,386.76
RETL000006355,RTN00006355,SOL000129052,P000290,2,2,1,1,fail,350.28
RETL000006356,RTN00006356,SOL000056918,P000464,1,1,1,0,pass,148.76
RETL000006357,RTN00006357,SOL000247124,P000589,17,17,0,17,fail,448.87
RETL000006358,RTN00006358,SOL000133049,P000530,8,0,0,0,pass,372.73
RETL000006359,RTN00006359,SOL000122242,P000491,5,5,3,2,fail,1061.43
RETL000006360,RTN00006360,SOL000059547,P000265,10,10,0,10,fail,1314.28
RETL000006361,RTN00006361,SOL000117724,P000125,1,1,0,1,fail,64.74
RETL000006362,RTN00006362,SOL000059121,P000017,9,9,0,9,fail,389.6
RETL000006363,RTN00006363,SOL000290241,P000420,24,0,0,0,pass,1558.36
RETL000006364,RTN00006364,SOL000030148,P000614,1,1,0,1,fail,252.47
RETL000006365,RTN00006365,SOL000147925,P000277,7,7,6,1,pass,51.96
RETL000006366,RTN00006366,SOL000163160,P000015,3,3,1,2,fail,2721.2
RETL000006367,RTN00006367,SOL000266901,P000109,31,31,0,31,fail,1604.32
RETL000006368,RTN00006368,SOL000306714,P000563,7,7,2,5,fail,840.88
RETL000006369,RTN00006369,SOL000355672,P000481,1,1,0,1,fail,26.12
RETL000006370,RTN00006370,SOL000011729,P000249,6,6,2,4,fail,444.04
RETL000006371,RTN00006371,SOL000063744,P000642,1,0,0,0,pass,107.54
RETL000006372,RTN00006372,SOL000087381,P000311,16,16,12,4,fail,589.33
RETL000006373,RTN00006373,SOL000271997,P000527,4,4,0,4,fail,1977.37
RETL000006374,RTN00006374,SOL000145776,P000119,7,0,0,0,pass,697.5
RETL000006375,RTN00006375,SOL000162391,P000598,6,6,0,6,fail,807.9
RETL000006376,RTN00006376,SOL000273606,P000323,12,12,0,12,fail,1056.7
RETL000006377,RTN00006377,SOL000309326,P000554,17,17,0,17,fail,3001.25
RETL000006378,RTN00006378,SOL000104475,P000271,5,5,0,5,fail,324.49
RETL000006379,RTN00006379,SOL000064377,P000475,7,7,0,7,fail,2482.95
RETL000006380,RTN00006380,SOL000053791,P000617,10,0,0,0,pass,337.29
RETL000006381,RTN00006381,SOL000043783,P000637,22,22,14,8,fail,1392.47
RETL000006382,RTN00006382,SOL000344349,P000512,12,12,0,12,fail,1096.04
RETL000006383,RTN00006383,SOL000080082,P000078,5,5,0,5,fail,173.99
RETL000006384,RTN00006384,SOL000286336,P000096,2,2,0,2,fail,142.59
RETL000006385,RTN00006385,SOL000048018,P000325,9,0,0,0,pass,1470.51
RETL000006386,RTN00006386,SOL000201730,P000576,1,1,1,0,pass,123.52
RETL000006387,RTN00006387,SOL000273705,P000207,6,6,0,6,fail,332.8
RETL000006388,RTN00006388,SOL000044976,P000618,3,0,0,0,pass,238.38
RETL000006389,RTN00006389,SOL000149707,P000493,7,7,0,7,fail,1512.57
RETL000006390,RTN00006390,SOL000094822,P000350,10,10,0,10,fail,347.09
RETL000006391,RTN00006391,SOL000094522,P000330,8,8,0,8,fail,716.78
RETL000006392,RTN00006392,SOL000182411,P000363,32,32,0,32,fail,2277.62
RETL000006393,RTN00006393,SOL000045113,P000645,6,0,0,0,pass,452.57
RETL000006394,RTN00006394,SOL000179589,P000451,2,2,1,1,fail,68.7
RETL000006395,RTN00006395,SOL000328862,P000313,12,12,0,12,fail,687.87
RETL000006396,RTN00006396,SOL000310141,P000248,9,9,0,9,fail,1501.06
RETL000006397,RTN00006397,SOL000203673,P000367,1,1,0,1,fail,33.1
RETL000006398,RTN00006398,SOL000323788,P000540,19,0,0,0,pass,1180.22
RETL000006399,RTN00006399,SOL000351251,P000350,1,1,0,1,fail,31.8
RETL000006400,RTN00006400,SOL000331105,P000326,4,0,0,0,pass,607.3
RETL000006401,RTN00006401,SOL000367310,P000438,18,0,0,0,pass,1037.79
RETL000006402,RTN00006402,SOL000274800,P000024,11,11,0,11,fail,621.26
RETL000006403,RTN00006403,SOL000225112,P000546,11,11,0,11,fail,993.01
RETL000006404,RTN00006404,SOL000207110,P000195,9,0,0,0,pass,1093.39
RETL000006405,RTN00006405,SOL000219038,P000224,1,1,1,0,pass,712.81
RETL000006406,RTN00006406,SOL000053649,P000194,10,0,0,0,pass,2103.16
RETL000006407,RTN00006407,SOL000119166,P000243,5,5,0,5,fail,411.48
RETL000006408,RTN00006408,SOL000233014,P000329,12,12,0,12,fail,3695.29
RETL000006409,RTN00006409,SOL000315434,P000321,11,0,0,0,pass,478.65
RETL000006410,RTN00006410,SOL000319496,P000517,3,3,0,3,fail,977.11
RETL000006411,RTN00006411,SOL000109962,P000459,11,11,0,11,fail,307.26
RETL000006412,RTN00006412,SOL000050807,P000409,10,10,0,10,fail,761.29
RETL000006413,RTN00006413,SOL000039473,P000238,5,5,1,4,fail,748.99
RETL000006414,RTN00006414,SOL000365349,P000232,7,7,3,4,fail,626.63
RETL000006415,RTN00006415,SOL000083060,P000460,36,36,0,36,fail,4229.07
RETL000006416,RTN00006416,SOL000279190,P000077,2,2,0,2,fail,259.5
RETL000006417,RTN00006417,SOL000290417,P000150,20,20,18,2,pass,2100.72
RETL000006418,RTN00006418,SOL000296230,P000313,1,1,0,1,fail,79.15
RETL000006419,RTN00006419,SOL000324811,P000621,12,12,7,5,fail,1295.67
RETL000006420,RTN00006420,SOL000055005,P000306,4,4,3,1,fail,1425.68
RETL000006421,RTN00006421,SOL000224180,P000194,19,19,0,19,fail,3805.09
RETL000006422,RTN00006422,SOL000210097,P000030,4,4,1,3,fail,120.4
RETL000006423,RTN00006423,SOL000193214,P000264,4,0,0,0,pass,388.42
RETL000006424,RTN00006424,SOL000224436,P000097,6,6,0,6,fail,525.88
RETL000006425,RTN00006425,SOL000102969,P000639,18,18,10,8,fail,1346.99
RETL000006426,RTN00006426,SOL000133809,P000386,43,43,25,18,fail,6338.7
RETL000006427,RTN00006427,SOL000178112,P000533,15,0,0,0,pass,1988.04
RETL000006428,RTN00006428,SOL000139054,P000049,16,16,0,16,fail,2607.82
RETL000006429,RTN00006429,SOL000351162,P000038,10,0,0,0,pass,528.55
RETL000006430,RTN00006430,SOL000351955,P000131,3,3,0,3,fail,202.63
RETL000006431,RTN00006431,SOL000199033,P000100,14,14,8,6,fail,868.44
RETL000006432,RTN00006432,SOL000174605,P000318,2,2,0,2,fail,137.66
RETL000006433,RTN00006433,SOL000056888,P000123,30,0,0,0,pass,2805.71
RETL000006434,RTN00006434,SOL000115088,P000293,2,2,1,1,fail,289.75
RETL000006435,RTN00006435,SOL000022766,P000165,5,5,4,1,pass,276.58
RETL000006436,RTN00006436,SOL000335247,P000627,14,14,0,14,fail,576.83
RETL000006437,RTN00006437,SOL000299451,P000621,1,1,0,1,fail,113.73
RETL000006438,RTN00006438,SOL000110697,P000021,7,0,0,0,pass,643.71
RETL000006439,RTN00006439,SOL000081692,P000138,7,7,5,2,fail,516.75
RETL000006440,RTN00006440,SOL000115887,P000576,28,28,0,28,fail,3529.73
RETL000006441,RTN00006441,SOL000147677,P000236,29,29,0,29,fail,1495.37
RETL000006442,RTN00006442,SOL000271671,P000164,22,22,0,22,fail,1661.99
RETL000006443,RTN00006443,SOL000363699,P000026,16,16,0,16,fail,774.31
RETL000006444,RTN00006444,SOL000285923,P000230,43,0,0,0,pass,1449.96
RETL000006445,RTN00006445,SOL000267908,P000573,4,4,0,4,fail,231.85
RETL000006446,RTN00006446,SOL000190235,P000357,10,10,0,10,fail,482.92
RETL000006447,RTN00006447,SOL000318430,P000648,11,0,0,0,pass,1330.55
RETL000006448,RTN00006448,SOL000232129,P000336,14,0,0,0,pass,1865.46
RETL000006449,RTN00006449,SOL000210999,P000283,32,32,15,17,fail,7738.31
RETL000006450,RTN00006450,SOL000069672,P000612,7,7,0,7,fail,4125.65
RETL000006451,RTN00006451,SOL000303003,P000420,25,0,0,0,pass,1501.56
RETL000006452,RTN00006452,SOL000268023,P000592,8,8,0,8,fail,732.48
RETL000006453,RTN00006453,SOL000033410,P000005,18,0,0,0,pass,2573.23
RETL000006454,RTN00006454,SOL000141447,P000392,13,13,7,6,fail,917.0
RETL000006455,RTN00006455,SOL000087189,P000412,63,63,47,16,fail,3265.81
RETL000006456,RTN00006456,SOL000344194,P000285,14,14,0,14,fail,730.79
RETL000006457,RTN00006457,SOL000333620,P000367,8,8,5,3,fail,223.56
RETL000006458,RTN00006458,SOL000159082,P000095,3,3,2,1,fail,311.98
RETL000006459,RTN00006459,SOL000224649,P000640,1,1,0,1,fail,70.25
RETL000006460,RTN00006460,SOL000026143,P000384,2,2,1,1,fail,205.3
RETL000006461,RTN00006461,SOL000032754,P000326,1,1,0,1,fail,113.16
RETL000006462,RTN00006462,SOL000299510,P000268,10,0,0,0,pass,239.81
RETL000006463,RTN00006463,SOL000074616,P000027,2,2,0,2,fail,237.67
RETL000006464,RTN00006464,SOL000062867,P000038,12,0,0,0,pass,587.33
RETL000006465,RTN00006465,SOL000062235,P000328,7,7,0,7,fail,626.18
RETL000006466,RTN00006466,SOL000112261,P000321,19,19,0,19,fail,823.57
RETL000006467,RTN00006467,SOL000317583,P000404,6,6,2,4,fail,1259.55
RETL000006468,RTN00006468,SOL000151682,P000617,25,25,0,25,fail,860.86
RETL000006469,RTN00006469,SOL000263386,P000400,24,24,0,24,fail,5367.52
RETL000006470,RTN00006470,SOL000349450,P000545,1,1,0,1,fail,57.13
RETL000006471,RTN00006471,SOL000017277,P000152,11,11,0,11,fail,533.13
RETL000006472,RTN00006472,SOL000080302,P000229,14,14,6,8,fail,3332.87
RETL000006473,RTN00006473,SOL000027209,P000129,20,20,0,20,fail,643.84
RETL000006474,RTN00006474,SOL000255312,P000206,3,3,3,0,pass,489.03
RETL000006475,RTN00006475,SOL000186645,P000220,5,5,3,2,fail,1817.15
RETL000006476,RTN00006476,SOL000149661,P000040,2,2,0,2,fail,290.16
RETL000006477,RTN00006477,SOL000344748,P000589,40,40,0,40,fail,1289.64
RETL000006478,RTN00006478,SOL000264721,P000382,1,1,0,1,fail,13.74
RETL000006479,RTN00006479,SOL000124158,P000240,31,31,0,31,fail,4513.56
RETL000006480,RTN00006480,SOL000133490,P000142,33,33,0,33,fail,4353.36
RETL000006481,RTN00006481,SOL000187473,P000161,4,4,0,4,fail,349.15
RETL000006482,RTN00006482,SOL000363364,P000205,12,12,6,6,fail,841.17
RETL000006483,RTN00006483,SOL000131806,P000617,1,1,0,1,fail,35.41
RETL000006484,RTN00006484,SOL000266929,P000630,5,5,0,5,fail,1305.81
RETL000006485,RTN00006485,SOL000220555,P000129,1,1,1,0,pass,33.75
RETL000006486,RTN00006486,SOL000006132,P000322,28,0,0,0,pass,24619.76
RETL000006487,RTN00006487,SOL000156396,P000484,9,9,0,9,fail,426.47
RETL000006488,RTN00006488,SOL000077615,P000582,7,7,0,7,fail,1267.94
RETL000006489,RTN00006489,SOL000264724,P000571,37,37,0,37,fail,4223.82
RETL000006490,RTN00006490,SOL000015430,P000329,4,4,2,2,fail,1424.37
RETL000006491,RTN00006491,SOL000080532,P000174,34,34,27,7,fail,9976.58
RETL000006492,RTN00006492,SOL000065391,P000074,1,0,0,0,pass,76.88
RETL000006493,RTN00006493,SOL000360215,P000573,9,9,0,9,fail,756.89
RETL000006494,RTN00006494,SOL000343544,P000609,53,53,29,24,fail,24857.59
RETL000006495,RTN00006495,SOL000296477,P000239,4,4,0,4,fail,1129.19
RETL000006496,RTN00006496,SOL000150068,P000213,9,9,0,9,fail,412.09
RETL000006497,RTN00006497,SOL000232351,P000170,3,3,0,3,fail,225.55
RETL000006498,RTN00006498,SOL000235811,P000337,10,0,0,0,pass,348.9
RETL000006499,RTN00006499,SOL000033570,P000489,3,3,0,3,fail,692.4
RETL000006500,RTN00006500,SOL000280458,P000496,1,1,0,1,fail,46.15
RETL000006501,RTN00006501,SOL000157622,P000322,1,0,0,0,pass,1085.88
RETL000006502,RTN00006502,SOL000107668,P000312,48,48,16,32,fail,6622.85
RETL000006503,RTN00006503,SOL000197286,P000587,4,4,0,4,fail,570.92
RETL000006504,RTN00006504,SOL000161749,P000068,4,0,0,0,pass,333.85
RETL000006505,RTN00006505,SOL000164544,P000281,4,4,0,4,fail,400.55
RETL000006506,RTN00006506,SOL000149678,P000076,15,15,7,8,fail,2831.47
RETL000006507,RTN00006507,SOL000129753,P000381,8,8,6,2,fail,1538.61
RETL000006508,RTN00006508,SOL000088195,P000638,2,2,0,2,fail,56.38
RETL000006509,RTN00006509,SOL000062707,P000353,4,4,0,4,fail,263.26
RETL000006510,RTN00006510,SOL000327861,P000007,3,3,0,3,fail,391.01
RETL000006511,RTN00006511,SOL000275303,P000149,24,24,0,24,fail,3021.63
RETL000006512,RTN00006512,SOL000214757,P000306,25,25,0,25,fail,9070.16
RETL000006513,RTN00006513,SOL000356928,P000415,1,1,1,0,pass,76.0
RETL000006514,RTN00006514,SOL000036856,P000379,17,0,0,0,pass,937.0
RETL000006515,RTN00006515,SOL000313900,P000443,14,0,0,0,pass,1177.75
RETL000006516,RTN00006516,SOL000182273,P000196,15,0,0,0,pass,511.22
RETL000006517,RTN00006517,SOL000002885,P000320,1,1,1,0,pass,82.87
RETL000006518,RTN00006518,SOL000238439,P000391,1,1,0,1,fail,36.37
RETL000006519,RTN00006519,SOL000226901,P000175,10,10,8,2,pass,1029.89
RETL000006520,RTN00006520,SOL000366426,P000334,1,1,0,1,fail,119.58
RETL000006521,RTN00006521,SOL000054091,P000022,25,0,0,0,pass,954.29
RETL000006522,RTN00006522,SOL000352654,P000046,2,2,0,2,fail,109.15
RETL000006523,RTN00006523,SOL000305779,P000495,5,5,0,5,fail,722.56
RETL000006524,RTN00006524,SOL000347963,P000114,6,0,0,0,pass,356.86
RETL000006525,RTN00006525,SOL000343115,P000493,3,3,0,3,fail,845.32
RETL000006526,RTN00006526,SOL000088666,P000477,10,10,0,10,fail,1520.96
RETL000006527,RTN00006527,SOL000054989,P000109,4,0,0,0,pass,220.52
RETL000006528,RTN00006528,SOL000091089,P000081,4,4,0,4,fail,96.56
RETL000006529,RTN00006529,SOL000332743,P000490,59,59,0,59,fail,11519.45
RETL000006530,RTN00006530,SOL000264408,P000317,6,6,4,2,fail,347.87
RETL000006531,RTN00006531,SOL000111466,P000644,4,4,0,4,fail,515.49
RETL000006532,RTN00006532,SOL000097759,P000106,37,0,0,0,pass,6411.46
RETL000006533,RTN00006533,SOL000161547,P000150,12,12,10,2,pass,1188.54
RETL000006534,RTN00006534,SOL000004515,P000423,6,6,5,1,pass,408.41
RETL000006535,RTN00006535,SOL000170084,P000059,15,15,0,15,fail,2575.61
RETL000006536,RTN00006536,SOL000043171,P000570,2,2,1,1,fail,556.21
RETL000006537,RTN00006537,SOL000235583,P000365,1,1,0,1,fail,35.98
RETL000006538,RTN00006538,SOL000239443,P000263,17,17,0,17,fail,2169.71
RETL000006539,RTN00006539,SOL000156552,P000333,4,4,3,1,fail,2151.05
RETL000006540,RTN00006540,SOL000247627,P000046,7,0,0,0,pass,318.91
RETL000006541,RTN00006541,SOL000157197,P000361,11,0,0,0,pass,237.51
RETL000006542,RTN00006542,SOL000229980,P000622,6,6,2,4,fail,1368.92
RETL000006543,RTN00006543,SOL000045852,P000413,41,41,0,41,fail,3918.01
RETL000006544,RTN00006544,SOL000358130,P000210,1,1,1,0,pass,169.42
RETL000006545,RTN00006545,SOL000251090,P000010,3,3,3,0,pass,176.17
RETL000006546,RTN00006546,SOL000090341,P000544,6,6,0,6,fail,282.72
RETL000006547,RTN00006547,SOL000323213,P000359,3,3,2,1,fail,62.54
RETL000006548,RTN00006548,SOL000248488,P000406,47,47,0,47,fail,1461.3
RETL000006549,RTN00006549,SOL000034046,P000497,4,0,0,0,pass,315.41
RETL000006550,RTN00006550,SOL000228505,P000430,1,1,0,1,fail,56.14
RETL000006551,RTN00006551,SOL000357692,P000185,21,0,0,0,pass,2122.37
RETL000006552,RTN00006552,SOL000215921,P000350,2,2,1,1,fail,62.39
RETL000006553,RTN00006553,SOL000052735,P000568,10,0,0,0,pass,1055.31
RETL000006554,RTN00006554,SOL000055877,P000596,2,2,0,2,fail,474.69
RETL000006555,RTN00006555,SOL000202108,P000162,1,1,0,1,fail,34.25
RETL000006556,RTN00006556,SOL000222083,P000647,6,6,0,6,fail,368.76
RETL000006557,RTN00006557,SOL000096086,P000498,41,41,27,14,fail,4361.18
RETL000006558,RTN00006558,SOL000215646,P000503,5,0,0,0,pass,754.19
RETL000006559,RTN00006559,SOL000328413,P000180,12,12,0,12,fail,407.6
RETL000006560,RTN00006560,SOL000048125,P000173,3,3,0,3,fail,501.48
RETL000006561,RTN00006561,SOL000013057,P000239,23,23,9,14,fail,6465.41
RETL000006562,RTN00006562,SOL000248508,P000453,3,3,2,1,fail,600.08
RETL000006563,RTN00006563,SOL000052479,P000420,1,1,0,1,fail,56.61
RETL000006564,RTN00006564,SOL000221659,P000318,2,2,0,2,fail,104.27
RETL000006565,RTN00006565,SOL000023396,P000350,1,0,0,0,pass,31.02
RETL000006566,RTN00006566,SOL000207710,P000198,15,15,13,2,pass,1719.31
RETL000006567,RTN00006567,SOL000260057,P000369,12,12,4,8,fail,432.19
RETL000006568,RTN00006568,SOL000355731,P000390,9,9,5,4,fail,130.92
RETL000006569,RTN00006569,SOL000309452,P000244,9,0,0,0,pass,211.99
RETL000006570,RTN00006570,SOL000317276,P000618,7,7,3,4,fail,751.35
RETL000006571,RTN00006571,SOL000010222,P000211,30,30,0,30,fail,1919.26
RETL000006572,RTN00006572,SOL000325859,P000265,6,6,0,6,fail,913.67
RETL000006573,RTN00006573,SOL000160797,P000402,27,0,0,0,pass,3372.21
RETL000006574,RTN00006574,SOL000200017,P000533,15,0,0,0,pass,1686.52
RETL000006575,RTN00006575,SOL000115717,P000505,13,13,0,13,fail,351.7
RETL000006576,RTN00006576,SOL000311607,P000272,11,11,9,2,pass,744.51
RETL000006577,RTN00006577,SOL000083557,P000084,7,7,0,7,fail,542.18
RETL000006578,RTN00006578,SOL000151562,P000558,2,2,2,0,pass,103.69
RETL000006579,RTN00006579,SOL000287668,P000506,7,7,5,2,fail,440.07
RETL000006580,RTN00006580,SOL000312166,P000616,56,56,0,56,fail,4167.99
RETL000006581,RTN00006581,SOL000250013,P000249,4,4,0,4,fail,300.3
RETL000006582,RTN00006582,SOL000295327,P000314,6,6,0,6,fail,320.95
RETL000006583,RTN00006583,SOL000317540,P000593,16,16,11,5,fail,1361.65
RETL000006584,RTN00006584,SOL000093750,P000190,7,7,4,3,fail,550.3
RETL000006585,RTN00006585,SOL000022764,P000341,15,15,0,15,fail,3122.24
RETL000006586,RTN00006586,SOL000010088,P000242,29,29,0,29,fail,2976.93
RETL000006587,RTN00006587,SOL000063668,P000549,7,7,4,3,fail,432.16
RETL000006588,RTN00006588,SOL000355607,P000295,33,0,0,0,pass,6620.86
RETL000006589,RTN00006589,SOL000322618,P000130,54,0,0,0,pass,6160.13
RETL000006590,RTN00006590,SOL000098263,P000520,14,0,0,0,pass,2517.38
RETL000006591,RTN00006591,SOL000304723,P000250,7,7,0,7,fail,834.01
RETL000006592,RTN00006592,SOL000336112,P000390,4,4,0,4,fail,44.18
RETL000006593,RTN00006593,SOL000059805,P000465,3,3,2,1,fail,264.42
RETL000006594,RTN00006594,SOL000341614,P000019,1,0,0,0,pass,442.3
RETL000006595,RTN00006595,SOL000181153,P000299,13,0,0,0,pass,5122.92
RETL000006596,RTN00006596,SOL000013177,P000270,6,0,0,0,pass,427.7
RETL000006597,RTN00006597,SOL000223410,P000370,6,6,0,6,fail,946.07
RETL000006598,RTN00006598,SOL000175450,P000406,11,11,6,5,fail,402.17
RETL000006599,RTN00006599,SOL000298687,P000260,11,0,0,0,pass,1918.7
RETL000006600,RTN00006600,SOL000071313,P000501,8,8,0,8,fail,2269.36
RETL000006601,RTN00006601,SOL000263681,P000340,4,4,3,1,fail,207.94
RETL000006602,RTN00006602,SOL000084322,P000516,21,21,0,21,fail,1630.87
RETL000006603,RTN00006603,SOL000207314,P000087,2,2,0,2,fail,65.08
RETL000006604,RTN00006604,SOL000051168,P000025,11,11,0,11,fail,1254.06
RETL000006605,RTN00006605,SOL000135065,P000012,6,0,0,0,pass,1329.44
RETL000006606,RTN00006606,SOL000194305,P000240,2,2,0,2,fail,222.0
RETL000006607,RTN00006607,SOL000061039,P000167,5,5,0,5,fail,546.87
RETL000006608,RTN00006608,SOL000226709,P000413,10,10,0,10,fail,1088.89
RETL000006609,RTN00006609,SOL000030059,P000307,6,6,2,4,fail,620.27
RETL000006610,RTN00006610,SOL000004948,P000496,4,0,0,0,pass,223.28
RETL000006611,RTN00006611,SOL000076409,P000415,3,3,0,3,fail,217.05
RETL000006612,RTN00006612,SOL000169267,P000241,14,14,8,6,fail,1586.53
RETL000006613,RTN00006613,SOL000057180,P000354,12,12,0,12,fail,858.78
RETL000006614,RTN00006614,SOL000139869,P000060,19,0,0,0,pass,920.15
RETL000006615,RTN00006615,SOL000062537,P000543,2,2,0,2,fail,219.04
RETL000006616,RTN00006616,SOL000069706,P000554,5,5,4,1,pass,670.34
RETL000006617,RTN00006617,SOL000278617,P000282,13,13,11,2,pass,1649.98
RETL000006618,RTN00006618,SOL000072017,P000283,9,9,2,7,fail,2242.07
RETL000006619,RTN00006619,SOL000180139,P000444,21,21,0,21,fail,2513.49
RETL000006620,RTN00006620,SOL000219348,P000482,20,20,0,20,fail,3328.33
RETL000006621,RTN00006621,SOL000276249,P000265,7,7,0,7,fail,1137.77
RETL000006622,RTN00006622,SOL000363162,P000604,19,19,0,19,fail,2758.2
RETL000006623,RTN00006623,SOL000282107,P000558,1,0,0,0,pass,48.88
RETL000006624,RTN00006624,SOL000090155,P000306,6,6,0,6,fail,1463.61
RETL000006625,RTN00006625,SOL000111848,P000611,1,1,1,0,pass,121.64
RETL000006626,RTN00006626,SOL000038698,P000496,19,19,0,19,fail,1063.59
RETL000006627,RTN00006627,SOL000095382,P000508,2,0,0,0,pass,119.55
RETL000006628,RTN00006628,SOL000353571,P000348,1,1,0,1,fail,42.96
RETL000006629,RTN00006629,SOL000349567,P000224,4,4,3,1,fail,3893.31
RETL000006630,RTN00006630,SOL000072636,P000371,10,10,0,10,fail,1210.75
RETL000006631,RTN00006631,SOL000190649,P000585,3,3,0,3,fail,174.39
RETL000006632,RTN00006632,SOL000361041,P000388,14,14,9,5,fail,837.96
RETL000006633,RTN00006633,SOL000027904,P000002,2,2,0,2,fail,209.36
RETL000006634,RTN00006634,SOL000093394,P000427,10,10,0,10,fail,848.08
RETL000006635,RTN00006635,SOL000187591,P000273,34,34,0,34,fail,3444.05
RETL000006636,RTN00006636,SOL000101301,P000322,4,4,0,4,fail,5218.13
RETL000006637,RTN00006637,SOL000052419,P000169,5,5,4,1,pass,933.05
RETL000006638,RTN00006638,SOL000263311,P000028,18,18,0,18,fail,3966.27
RETL000006639,RTN00006639,SOL000264211,P000415,4,4,0,4,fail,227.04
RETL000006640,RTN00006640,SOL000233265,P000430,4,4,1,3,fail,253.98
RETL000006641,RTN00006641,SOL000248042,P000380,2,2,0,2,fail,258.5
RETL000006642,RTN00006642,SOL000072946,P000053,4,0,0,0,pass,264.75
RETL000006643,RTN00006643,SOL000182240,P000426,4,0,0,0,pass,401.11
RETL000006644,RTN00006644,SOL000359562,P000579,3,3,2,1,fail,196.64
RETL000006645,RTN00006645,SOL000041657,P000432,4,4,0,4,fail,398.44
RETL000006646,RTN00006646,SOL000326021,P000252,7,0,0,0,pass,1340.3
RETL000006647,RTN00006647,SOL000342559,P000261,13,0,0,0,pass,281.22
RETL000006648,RTN00006648,SOL000047507,P000586,2,2,0,2,fail,288.32
RETL000006649,RTN00006649,SOL000072872,P000082,4,4,0,4,fail,832.46
RETL000006650,RTN00006650,SOL000220656,P000308,12,12,0,12,fail,1624.23
RETL000006651,RTN00006651,SOL000071742,P000002,4,4,3,1,fail,378.22
RETL000006652,RTN00006652,SOL000272498,P000146,21,0,0,0,pass,1749.4
RETL000006653,RTN00006653,SOL000341617,P000150,4,4,2,2,fail,353.31
RETL000006654,RTN00006654,SOL000223284,P000149,7,7,0,7,fail,1098.41
RETL000006655,RTN00006655,SOL000306487,P000270,3,3,0,3,fail,290.28
RETL000006656,RTN00006656,SOL000116814,P000475,14,14,4,10,fail,4301.54
RETL000006657,RTN00006657,SOL000209620,P000095,1,1,1,0,pass,105.25
RETL000006658,RTN00006658,SOL000025703,P000262,2,2,2,0,pass,229.18
RETL000006659,RTN00006659,SOL000132224,P000227,15,0,0,0,pass,1051.89
RETL000006660,RTN00006660,SOL000182536,P000477,1,1,0,1,fail,117.36
RETL000006661,RTN00006661,SOL000010851,P000494,9,0,0,0,pass,931.69
RETL000006662,RTN00006662,SOL000174847,P000462,45,45,0,45,fail,5336.42
RETL000006663,RTN00006663,SOL000085844,P000142,16,16,10,6,fail,1563.21
RETL000006664,RTN00006664,SOL000225302,P000081,15,15,0,15,fail,369.22
RETL000006665,RTN00006665,SOL000206172,P000111,37,37,0,37,fail,4163.03
RETL000006666,RTN00006666,SOL000122363,P000241,26,26,0,26,fail,3217.04
RETL000006667,RTN00006667,SOL000251954,P000275,5,5,0,5,fail,536.76
RETL000006668,RTN00006668,SOL000361014,P000194,8,0,0,0,pass,1185.08
RETL000006669,RTN00006669,SOL000096453,P000314,2,2,0,2,fail,98.89
RETL000006670,RTN00006670,SOL000044907,P000490,4,4,1,3,fail,581.19
RETL000006671,RTN00006671,SOL000328346,P000082,42,42,15,27,fail,9060.41
RETL000006672,RTN00006672,SOL000226314,P000301,4,0,0,0,pass,379.02
RETL000006673,RTN00006673,SOL000280697,P000373,4,0,0,0,pass,438.06
RETL000006674,RTN00006674,SOL000307751,P000435,6,0,0,0,pass,434.0
RETL000006675,RTN00006675,SOL000358522,P000224,12,12,6,6,fail,11868.57
RETL000006676,RTN00006676,SOL000060126,P000349,1,1,1,0,pass,46.02
RETL000006677,RTN00006677,SOL000238823,P000274,15,15,0,15,fail,1837.05
RETL000006678,RTN00006678,SOL000231049,P000322,6,6,5,1,pass,5244.95
RETL000006679,RTN00006679,SOL000111257,P000151,18,18,0,18,fail,857.35
RETL000006680,RTN00006680,SOL000064775,P000644,1,1,0,1,fail,113.86
RETL000006681,RTN00006681,SOL000121473,P000208,16,16,0,16,fail,454.65
RETL000006682,RTN00006682,SOL000259287,P000013,14,0,0,0,pass,3578.02
RETL000006683,RTN00006683,SOL000357691,P000510,5,0,0,0,pass,181.9
RETL000006684,RTN00006684,SOL000312181,P000089,40,0,0,0,pass,7084.12
RETL000006685,RTN00006685,SOL000161982,P000423,4,4,3,1,fail,319.21
RETL000006686,RTN00006686,SOL000054845,P000632,12,12,3,9,fail,3037.63
RETL000006687,RTN00006687,SOL000147899,P000045,11,0,0,0,pass,1853.25
RETL000006688,RTN00006688,SOL000169143,P000209,1,1,0,1,fail,161.37
RETL000006689,RTN00006689,SOL000148254,P000400,1,1,0,1,fail,173.24
RETL000006690,RTN00006690,SOL000257293,P000186,2,2,0,2,fail,31.3
RETL000006691,RTN00006691,SOL000045626,P000379,25,0,0,0,pass,1487.09
RETL000006692,RTN00006692,SOL000123752,P000368,5,5,2,3,fail,572.7
RETL000006693,RTN00006693,SOL000192837,P000240,1,1,0,1,fail,148.52
RETL000006694,RTN00006694,SOL000302285,P000418,18,18,0,18,fail,2819.79
RETL000006695,RTN00006695,SOL000035873,P000284,3,3,0,3,fail,48.92
RETL000006696,RTN00006696,SOL000285415,P000199,2,2,0,2,fail,96.52
RETL000006697,RTN00006697,SOL000274521,P000225,24,24,0,24,fail,3905.55
RETL000006698,RTN00006698,SOL000304879,P000198,1,1,0,1,fail,117.98
RETL000006699,RTN00006699,SOL000269685,P000355,5,5,0,5,fail,213.02
RETL000006700,RTN00006700,SOL000009485,P000397,7,0,0,0,pass,777.88
RETL000006701,RTN00006701,SOL000272808,P000437,1,1,1,0,pass,151.87
RETL000006702,RTN00006702,SOL000197013,P000275,16,16,0,16,fail,1670.94
RETL000006703,RTN00006703,SOL000275887,P000334,13,13,0,13,fail,1310.31
RETL000006704,RTN00006704,SOL000069256,P000185,9,9,5,4,fail,857.24
RETL000006705,RTN00006705,SOL000356249,P000040,12,12,4,8,fail,1959.03
RETL000006706,RTN00006706,SOL000335821,P000178,7,0,0,0,pass,364.65
RETL000006707,RTN00006707,SOL000119348,P000326,31,31,0,31,fail,3886.12
RETL000006708,RTN00006708,SOL000068337,P000538,2,2,0,2,fail,773.79
RETL000006709,RTN00006709,SOL000110207,P000007,14,14,8,6,fail,2372.09
RETL000006710,RTN00006710,SOL000116039,P000413,1,1,1,0,pass,112.19
RETL000006711,RTN00006711,SOL000132062,P000121,2,2,0,2,fail,371.74
RETL000006712,RTN00006712,SOL000192342,P000161,1,1,0,1,fail,87.47
RETL000006713,RTN00006713,SOL000210919,P000567,13,0,0,0,pass,1322.08
RETL000006714,RTN00006714,SOL000272745,P000323,1,1,0,1,fail,86.75
RETL000006715,RTN00006715,SOL000045476,P000314,14,14,7,7,fail,857.27
RETL000006716,RTN00006716,SOL000277571,P000074,11,0,0,0,pass,640.14
RETL000006717,RTN00006717,SOL000290441,P000253,7,0,0,0,pass,728.68
RETL000006718,RTN00006718,SOL000342611,P000324,3,3,0,3,fail,250.79
RETL000006719,RTN00006719,SOL000014339,P000012,10,10,0,10,fail,2061.55
RETL000006720,RTN00006720,SOL000328137,P000178,11,11,7,4,fail,618.32
RETL000006721,RTN00006721,SOL000036290,P000241,9,0,0,0,pass,1038.21
RETL000006722,RTN00006722,SOL000318009,P000260,12,0,0,0,pass,1736.89
RETL000006723,RTN00006723,SOL000152604,P000023,32,32,8,24,fail,2557.53
RETL000006724,RTN00006724,SOL000255127,P000426,5,5,0,5,fail,448.34
RETL000006725,RTN00006725,SOL000232464,P000037,11,0,0,0,pass,1028.03
RETL000006726,RTN00006726,SOL000149291,P000011,16,16,6,10,fail,486.57
RETL000006727,RTN00006727,SOL000249290,P000129,6,0,0,0,pass,197.53
RETL000006728,RTN00006728,SOL000086614,P000329,1,1,1,0,pass,383.4
RETL000006729,RTN00006729,SOL000100150,P000174,5,5,0,5,fail,1493.91
RETL000006730,RTN00006730,SOL000022267,P000518,33,33,0,33,fail,1161.53
RETL000006731,RTN00006731,SOL000261710,P000325,19,19,0,19,fail,3042.57
RETL000006732,RTN00006732,SOL000246125,P000397,1,1,0,1,fail,105.97
RETL000006733,RTN00006733,SOL000262832,P000168,25,25,0,25,fail,5929.58
RETL000006734,RTN00006734,SOL000283972,P000065,1,1,0,1,fail,46.09
RETL000006735,RTN00006735,SOL000239835,P000428,1,1,0,1,fail,51.22
RETL000006736,RTN00006736,SOL000017603,P000353,8,0,0,0,pass,409.29
RETL000006737,RTN00006737,SOL000031141,P000125,21,0,0,0,pass,1570.99
RETL000006738,RTN00006738,SOL000038563,P000492,2,0,0,0,pass,121.1
RETL000006739,RTN00006739,SOL000005592,P000451,2,2,0,2,fail,61.11
RETL000006740,RTN00006740,SOL000326235,P000417,1,0,0,0,pass,57.8
RETL000006741,RTN00006741,SOL000231842,P000625,2,2,0,2,fail,167.6
RETL000006742,RTN00006742,SOL000073309,P000595,2,0,0,0,pass,80.97
RETL000006743,RTN00006743,SOL000041924,P000504,8,8,5,3,fail,1193.99
RETL000006744,RTN00006744,SOL000362935,P000396,12,12,9,3,fail,1476.38
RETL000006745,RTN00006745,SOL000346884,P000444,16,16,0,16,fail,2833.63
RETL000006746,RTN00006746,SOL000284745,P000630,41,41,14,27,fail,8122.85
RETL000006747,RTN00006747,SOL000271700,P000023,2,0,0,0,pass,149.25
RETL000006748,RTN00006748,SOL000308956,P000472,8,0,0,0,pass,987.19
RETL000006749,RTN00006749,SOL000032451,P000591,12,12,0,12,fail,2807.69
RETL000006750,RTN00006750,SOL000344073,P000447,9,9,0,9,fail,1860.78
RETL000006751,RTN00006751,SOL000285786,P000489,5,5,4,1,pass,1116.2
RETL000006752,RTN00006752,SOL000174504,P000046,5,5,4,1,pass,203.17
RETL000006753,RTN00006753,SOL000033767,P000600,2,2,2,0,pass,267.39
RETL000006754,RTN00006754,SOL000314739,P000017,3,3,0,3,fail,112.21
RETL000006755,RTN00006755,SOL000292212,P000246,7,7,0,7,fail,3519.03
RETL000006756,RTN00006756,SOL000054872,P000341,100,100,0,100,fail,14696.75
RETL000006757,RTN00006757,SOL000166330,P000101,41,0,0,0,pass,3874.43
RETL000006758,RTN00006758,SOL000152343,P000370,1,1,1,0,pass,160.0
RETL000006759,RTN00006759,SOL000179485,P000499,4,0,0,0,pass,769.77
RETL000006760,RTN00006760,SOL000182773,P000167,39,0,0,0,pass,5394.97
RETL000006761,RTN00006761,SOL000096372,P000063,1,1,1,0,pass,75.04
RETL000006762,RTN00006762,SOL000213190,P000253,5,5,0,5,fail,677.61
RETL000006763,RTN00006763,SOL000346532,P000037,17,0,0,0,pass,1380.5
RETL000006764,RTN00006764,SOL000341564,P000106,13,13,8,5,fail,2965.23
RETL000006765,RTN00006765,SOL000003856,P000492,3,3,0,3,fail,163.57
RETL000006766,RTN00006766,SOL000013682,P000108,6,6,0,6,fail,236.72
RETL000006767,RTN00006767,SOL000328509,P000394,2,2,0,2,fail,175.44
RETL000006768,RTN00006768,SOL000318049,P000039,14,14,0,14,fail,5081.54
RETL000006769,RTN00006769,SOL000348910,P000261,15,15,6,9,fail,401.67
RETL000006770,RTN00006770,SOL000192424,P000226,7,7,0,7,fail,236.29
RETL000006771,RTN00006771,SOL000264962,P000172,21,21,17,4,pass,1328.87
RETL000006772,RTN00006772,SOL000286039,P000545,2,2,0,2,fail,124.15
RETL000006773,RTN00006773,SOL000115797,P000633,1,1,1,0,pass,56.11
RETL000006774,RTN00006774,SOL000320957,P000636,23,0,0,0,pass,957.29
RETL000006775,RTN00006775,SOL000214584,P000589,39,0,0,0,pass,1476.95
RETL000006776,RTN00006776,SOL000285997,P000112,12,12,0,12,fail,3849.76
RETL000006777,RTN00006777,SOL000277730,P000223,1,1,0,1,fail,266.57
RETL000006778,RTN00006778,SOL000113617,P000622,48,48,30,18,fail,10303.5
RETL000006779,RTN00006779,SOL000106413,P000056,5,0,0,0,pass,686.11
RETL000006780,RTN00006780,SOL000203993,P000542,11,0,0,0,pass,3767.15
RETL000006781,RTN00006781,SOL000134426,P000056,8,8,0,8,fail,919.47
RETL000006782,RTN00006782,SOL000052591,P000552,16,0,0,0,pass,9019.02
RETL000006783,RTN00006783,SOL000023628,P000298,3,3,0,3,fail,1355.96
RETL000006784,RTN00006784,SOL000172043,P000485,29,29,0,29,fail,1375.68
RETL000006785,RTN00006785,SOL000060190,P000467,7,7,0,7,fail,390.37
RETL000006786,RTN00006786,SOL000222857,P000386,11,11,0,11,fail,1679.6
RETL000006787,RTN00006787,SOL000009732,P000503,3,0,0,0,pass,398.45
RETL000006788,RTN00006788,SOL000092084,P000362,31,0,0,0,pass,3387.54
RETL000006789,RTN00006789,SOL000174835,P000255,18,18,7,11,fail,3181.09
RETL000006790,RTN00006790,SOL000232948,P000139,10,0,0,0,pass,887.73
RETL000006791,RTN00006791,SOL000106923,P000549,10,10,0,10,fail,781.34
RETL000006792,RTN00006792,SOL000198845,P000483,5,5,0,5,fail,1648.53
RETL000006793,RTN00006793,SOL000081710,P000534,29,29,19,10,fail,2296.31
RETL000006794,RTN00006794,SOL000069765,P000404,11,11,0,11,fail,2290.81
RETL000006795,RTN00006795,SOL000001495,P000594,10,10,0,10,fail,521.62
RETL000006796,RTN00006796,SOL000313172,P000530,11,11,5,6,fail,501.98
RETL000006797,RTN00006797,SOL000194871,P000474,1,1,0,1,fail,100.34
RETL000006798,RTN00006798,SOL000358551,P000098,6,6,0,6,fail,370.41
RETL000006799,RTN00006799,SOL000295413,P000296,24,24,0,24,fail,2357.71
RETL000006800,RTN00006800,SOL000046198,P000185,15,15,0,15,fail,1553.12
RETL000006801,RTN00006801,SOL000131932,P000193,31,31,0,31,fail,10582.02
RETL000006802,RTN00006802,SOL000153004,P000359,21,21,8,13,fail,396.02
RETL000006803,RTN00006803,SOL000084848,P000266,8,8,0,8,fail,1624.93
RETL000006804,RTN00006804,SOL000133124,P000534,5,5,0,5,fail,467.25
RETL000006805,RTN00006805,SOL000359630,P000409,13,13,4,9,fail,810.44
RETL000006806,RTN00006806,SOL000112127,P000492,2,2,0,2,fail,137.91
RETL000006807,RTN00006807,SOL000307991,P000640,5,0,0,0,pass,253.93
RETL000006808,RTN00006808,SOL000017854,P000475,30,30,0,30,fail,10732.32
RETL000006809,RTN00006809,SOL000163955,P000373,5,0,0,0,pass,467.75
RETL000006810,RTN00006810,SOL000103929,P000500,11,0,0,0,pass,268.64
RETL000006811,RTN00006811,SOL000343542,P000555,10,10,0,10,fail,2174.78
RETL000006812,RTN00006812,SOL000148193,P000393,13,0,0,0,pass,4957.23
RETL000006813,RTN00006813,SOL000276883,P000621,7,0,0,0,pass,685.0
RETL000006814,RTN00006814,SOL000056984,P000124,5,5,4,1,pass,713.56
RETL000006815,RTN00006815,SOL000276136,P000270,2,2,0,2,fail,191.44
RETL000006816,RTN00006816,SOL000278958,P000075,5,5,2,3,fail,354.3
RETL000006817,RTN00006817,SOL000364113,P000613,1,1,0,1,fail,57.38
RETL000006818,RTN00006818,SOL000187194,P000295,9,9,0,9,fail,1397.41
RETL000006819,RTN00006819,SOL000271563,P000515,2,2,2,0,pass,131.49
RETL000006820,RTN00006820,SOL000118627,P000632,2,2,1,1,fail,523.49
RETL000006821,RTN00006821,SOL000205880,P000618,3,3,0,3,fail,340.19
RETL000006822,RTN00006822,SOL000288699,P000136,1,1,0,1,fail,335.24
RETL000006823,RTN00006823,SOL000015288,P000027,18,18,7,11,fail,1696.11
RETL000006824,RTN00006824,SOL000354265,P000420,8,8,0,8,fail,387.72
RETL000006825,RTN00006825,SOL000114957,P000589,8,8,0,8,fail,210.82
RETL000006826,RTN00006826,SOL000017159,P000630,15,0,0,0,pass,3977.08
RETL000006827,RTN00006827,SOL000167911,P000155,11,0,0,0,pass,932.73
RETL000006828,RTN00006828,SOL000197295,P000643,3,3,1,2,fail,123.37
RETL000006829,RTN00006829,SOL000075861,P000417,6,0,0,0,pass,521.06
RETL000006830,RTN00006830,SOL000052425,P000350,1,0,0,0,pass,29.92
RETL000006831,RTN00006831,SOL000127970,P000465,5,5,0,5,fail,426.74
RETL000006832,RTN00006832,SOL000311070,P000563,14,14,7,7,fail,2145.59
RETL000006833,RTN00006833,SOL000052655,P000393,2,2,1,1,fail,688.13
RETL000006834,RTN00006834,SOL000270102,P000102,25,0,0,0,pass,4618.91
RETL000006835,RTN00006835,SOL000243837,P000522,11,11,0,11,fail,1106.38
RETL000006836,RTN00006836,SOL000128476,P000266,17,17,0,17,fail,2627.85
RETL000006837,RTN00006837,SOL000128457,P000025,4,4,0,4,fail,367.0
RETL000006838,RTN00006838,SOL000284806,P000602,5,5,0,5,fail,805.14
RETL000006839,RTN00006839,SOL000106581,P000271,7,7,0,7,fail,491.89
RETL000006840,RTN00006840,SOL000308835,P000330,8,8,0,8,fail,669.74
RETL000006841,RTN00006841,SOL000005448,P000391,27,0,0,0,pass,696.17
RETL000006842,RTN00006842,SOL000042042,P000062,13,13,9,4,fail,865.72
RETL000006843,RTN00006843,SOL000129039,P000340,48,0,0,0,pass,3358.16
RETL000006844,RTN00006844,SOL000125954,P000585,2,2,2,0,pass,83.56
RETL000006845,RTN00006845,SOL000264396,P000241,26,26,0,26,fail,3023.24
RETL000006846,RTN00006846,SOL000364353,P000336,12,12,4,8,fail,1636.6
RETL000006847,RTN00006847,SOL000089451,P000464,46,46,0,46,fail,5342.52
RETL000006848,RTN00006848,SOL000049443,P000640,36,36,0,36,fail,2036.99
RETL000006849,RTN00006849,SOL000215984,P000024,8,8,0,8,fail,386.92
RETL000006850,RTN00006850,SOL000353026,P000393,1,1,1,0,pass,374.68
RETL000006851,RTN00006851,SOL000012469,P000028,3,3,0,3,fail,478.32
RETL000006852,RTN00006852,SOL000027037,P000570,14,14,0,14,fail,4943.24
RETL000006853,RTN00006853,SOL000367385,P000410,1,0,0,0,pass,85.93
RETL000006854,RTN00006854,SOL000176593,P000247,9,9,6,3,fail,751.27
RETL000006855,RTN00006855,SOL000219801,P000158,6,6,0,6,fail,217.05
RETL000006856,RTN00006856,SOL000069978,P000647,4,4,0,4,fail,254.91
RETL000006857,RTN00006857,SOL000142153,P000075,50,50,0,50,fail,2819.05
RETL000006858,RTN00006858,SOL000082677,P000101,1,1,0,1,fail,84.07
RETL000006859,RTN00006859,SOL000018830,P000106,2,2,0,2,fail,418.0
RETL000006860,RTN00006860,SOL000168757,P000203,7,7,5,2,fail,1314.8
RETL000006861,RTN00006861,SOL000298605,P000062,14,0,0,0,pass,823.63
RETL000006862,RTN00006862,SOL000191931,P000004,9,9,0,9,fail,1901.66
RETL000006863,RTN00006863,SOL000095691,P000224,21,21,0,21,fail,15106.52
RETL000006864,RTN00006864,SOL000017877,P000586,3,3,2,1,fail,374.2
RETL000006865,RTN00006865,SOL000257920,P000145,23,23,0,23,fail,3197.71
RETL000006866,RTN00006866,SOL000183535,P000270,3,3,0,3,fail,301.31
RETL000006867,RTN00006867,SOL000250858,P000252,36,36,0,36,fail,5322.9
RETL000006868,RTN00006868,SOL000103808,P000159,19,19,8,11,fail,777.15
RETL000006869,RTN00006869,SOL000166200,P000325,1,1,0,1,fail,181.27
RETL000006870,RTN00006870,SOL000109654,P000502,15,15,0,15,fail,1997.08
RETL000006871,RTN00006871,SOL000310649,P000506,9,9,6,3,fail,394.32
RETL000006872,RTN00006872,SOL000132646,P000036,6,6,0,6,fail,163.02
RETL000006873,RTN00006873,SOL000166424,P000645,6,6,5,1,pass,525.83
RETL000006874,RTN00006874,SOL000098317,P000096,9,9,0,9,fail,633.31
RETL000006875,RTN00006875,SOL000240311,P000317,1,1,0,1,fail,50.31
RETL000006876,RTN00006876,SOL000218487,P000443,34,34,0,34,fail,3957.61
RETL000006877,RTN00006877,SOL000072006,P000322,33,0,0,0,pass,32656.69
RETL000006878,RTN00006878,SOL000102167,P000645,26,0,0,0,pass,1559.36
RETL000006879,RTN00006879,SOL000053564,P000066,5,5,0,5,fail,495.47
RETL000006880,RTN00006880,SOL000005471,P000196,25,0,0,0,pass,753.2
RETL000006881,RTN00006881,SOL000246025,P000169,5,0,0,0,pass,1081.2
RETL000006882,RTN00006882,SOL000284852,P000492,14,0,0,0,pass,1030.2
RETL000006883,RTN00006883,SOL000277538,P000086,22,0,0,0,pass,1642.68
RETL000006884,RTN00006884,SOL000223666,P000398,2,2,0,2,fail,292.93
RETL000006885,RTN00006885,SOL000148073,P000006,3,3,1,2,fail,124.68
RETL000006886,RTN00006886,SOL000200633,P000496,10,0,0,0,pass,518.3
RETL000006887,RTN00006887,SOL000035203,P000011,1,1,0,1,fail,26.27
RETL000006888,RTN00006888,SOL000264258,P000503,4,0,0,0,pass,564.77
RETL000006889,RTN00006889,SOL000295862,P000278,2,2,0,2,fail,196.53
RETL000006890,RTN00006890,SOL000225638,P000523,3,3,0,3,fail,129.98
RETL000006891,RTN00006891,SOL000316669,P000166,4,0,0,0,pass,551.26
RETL000006892,RTN00006892,SOL000095854,P000212,3,3,0,3,fail,751.51
RETL000006893,RTN00006893,SOL000241383,P000532,7,7,3,4,fail,660.42
RETL000006894,RTN00006894,SOL000202303,P000499,2,2,2,0,pass,370.1
RETL000006895,RTN00006895,SOL000157743,P000626,1,1,0,1,fail,95.46
RETL000006896,RTN00006896,SOL000197255,P000363,4,4,0,4,fail,280.12
RETL000006897,RTN00006897,SOL000026939,P000372,4,4,0,4,fail,811.43
RETL000006898,RTN00006898,SOL000003832,P000059,19,19,8,11,fail,4423.96
RETL000006899,RTN00006899,SOL000313162,P000317,1,1,1,0,pass,52.84
RETL000006900,RTN00006900,SOL000162491,P000197,2,2,0,2,fail,321.11
RETL000006901,RTN00006901,SOL000049380,P000099,13,0,0,0,pass,2432.55
RETL000006902,RTN00006902,SOL000342498,P000373,6,6,0,6,fail,637.88
RETL000006903,RTN00006903,SOL000056821,P000336,15,0,0,0,pass,1768.67
RETL000006904,RTN00006904,SOL000308295,P000275,1,1,0,1,fail,100.39
RETL000006905,RTN00006905,SOL000280328,P000252,16,0,0,0,pass,2975.38
RETL000006906,RTN00006906,SOL000170131,P000620,2,2,1,1,fail,569.3
RETL000006907,RTN00006907,SOL000270630,P000183,1,1,1,0,pass,275.25
RETL000006908,RTN00006908,SOL000300594,P000516,5,0,0,0,pass,456.84
RETL000006909,RTN00006909,SOL000311873,P000633,4,4,0,4,fail,254.49
RETL000006910,RTN00006910,SOL000259773,P000400,11,11,0,11,fail,2981.26
RETL000006911,RTN00006911,SOL000358510,P000362,11,11,6,5,fail,1055.92
RETL000006912,RTN00006912,SOL000006310,P000001,10,10,8,2,pass,2343.45
RETL000006913,RTN00006913,SOL000098650,P000192,22,22,0,22,fail,812.89
RETL000006914,RTN00006914,SOL000096425,P000619,6,6,0,6,fail,457.0
RETL000006915,RTN00006915,SOL000084890,P000166,5,5,2,3,fail,563.15
RETL000006916,RTN00006916,SOL000311014,P000189,25,25,22,3,pass,1224.71
RETL000006917,RTN00006917,SOL000275215,P000179,2,2,0,2,fail,869.23
RETL000006918,RTN00006918,SOL000226993,P000509,2,2,0,2,fail,169.31
RETL000006919,RTN00006919,SOL000236210,P000540,6,6,0,6,fail,357.24
RETL000006920,RTN00006920,SOL000148580,P000303,25,25,0,25,fail,5751.82
RETL000006921,RTN00006921,SOL000322229,P000187,1,1,1,0,pass,139.26
RETL000006922,RTN00006922,SOL000332124,P000406,10,0,0,0,pass,397.85
RETL000006923,RTN00006923,SOL000344511,P000446,2,2,0,2,fail,127.8
RETL000006924,RTN00006924,SOL000172540,P000354,19,0,0,0,pass,2057.96
RETL000006925,RTN00006925,SOL000262650,P000622,7,0,0,0,pass,1208.25
RETL000006926,RTN00006926,SOL000166187,P000233,31,31,18,13,fail,1413.49
RETL000006927,RTN00006927,SOL000328029,P000565,4,4,0,4,fail,1337.31
RETL000006928,RTN00006928,SOL000005953,P000630,10,10,7,3,fail,2014.69
RETL000006929,RTN00006929,SOL000338920,P000405,2,2,0,2,fail,125.75
RETL000006930,RTN00006930,SOL000047734,P000290,6,6,0,6,fail,1119.32
RETL000006931,RTN00006931,SOL000181600,P000286,6,6,0,6,fail,348.68
RETL000006932,RTN00006932,SOL000153108,P000419,6,6,0,6,fail,568.06
RETL000006933,RTN00006933,SOL000210380,P000049,16,16,5,11,fail,3227.89
RETL000006934,RTN00006934,SOL000271279,P000255,9,9,0,9,fail,1220.05
RETL000006935,RTN00006935,SOL000246441,P000155,15,15,0,15,fail,1338.26
RETL000006936,RTN00006936,SOL000359393,P000446,15,0,0,0,pass,1216.42
RETL000006937,RTN00006937,SOL000306638,P000601,30,30,19,11,fail,9162.6
RETL000006938,RTN00006938,SOL000328997,P000096,12,12,10,2,pass,805.57
RETL000006939,RTN00006939,SOL000367294,P000331,16,0,0,0,pass,5291.26
RETL000006940,RTN00006940,SOL000363554,P000085,1,1,0,1,fail,28.82
RETL000006941,RTN00006941,SOL000359546,P000050,4,4,0,4,fail,640.57
RETL000006942,RTN00006942,SOL000008344,P000476,16,16,4,12,fail,5586.02
RETL000006943,RTN00006943,SOL000335869,P000459,23,23,8,15,fail,730.95
RETL000006944,RTN00006944,SOL000114906,P000404,15,15,13,2,pass,3104.18
RETL000006945,RTN00006945,SOL000281642,P000121,13,13,0,13,fail,2567.91
RETL000006946,RTN00006946,SOL000355048,P000375,56,56,22,34,fail,32577.52
RETL000006947,RTN00006947,SOL000127734,P000074,6,0,0,0,pass,502.59
RETL000006948,RTN00006948,SOL000287570,P000202,7,7,4,3,fail,1601.08
RETL000006949,RTN00006949,SOL000200568,P000109,2,0,0,0,pass,106.21
RETL000006950,RTN00006950,SOL000224735,P000538,11,11,0,11,fail,3595.99
RETL000006951,RTN00006951,SOL000187855,P000354,7,7,0,7,fail,628.12
RETL000006952,RTN00006952,SOL000311257,P000256,9,0,0,0,pass,358.94
RETL000006953,RTN00006953,SOL000336778,P000473,12,12,4,8,fail,806.53
RETL000006954,RTN00006954,SOL000207575,P000418,2,2,0,2,fail,281.52
RETL000006955,RTN00006955,SOL000316385,P000629,6,6,5,1,pass,175.75
RETL000006956,RTN00006956,SOL000238832,P000420,3,3,0,3,fail,171.78
RETL000006957,RTN00006957,SOL000149236,P000431,5,5,0,5,fail,91.7
RETL000006958,RTN00006958,SOL000201670,P000049,17,17,12,5,fail,2996.76
RETL000006959,RTN00006959,SOL000365702,P000294,13,13,0,13,fail,4333.01
RETL000006960,RTN00006960,SOL000077429,P000421,5,5,0,5,fail,453.96
RETL000006961,RTN00006961,SOL000023654,P000556,12,0,0,0,pass,1007.79
RETL000006962,RTN00006962,SOL000079643,P000222,4,4,0,4,fail,1611.56
RETL000006963,RTN00006963,SOL000318971,P000579,5,5,0,5,fail,415.26
RETL000006964,RTN00006964,SOL000207456,P000351,3,0,0,0,pass,1666.86
RETL000006965,RTN00006965,SOL000019919,P000173,4,0,0,0,pass,613.49
RETL000006966,RTN00006966,SOL000109373,P000643,7,7,5,2,fail,204.14
RETL000006967,RTN00006967,SOL000321862,P000162,11,11,0,11,fail,387.07
RETL000006968,RTN00006968,SOL000009167,P000129,7,7,0,7,fail,233.76
RETL000006969,RTN00006969,SOL000135110,P000244,10,0,0,0,pass,211.77
RETL000006970,RTN00006970,SOL000099675,P000093,2,2,0,2,fail,153.93
RETL000006971,RTN00006971,SOL000320913,P000037,14,14,12,2,pass,1319.57
RETL000006972,RTN00006972,SOL000175382,P000270,31,31,0,31,fail,2392.49
RETL000006973,RTN00006973,SOL000263808,P000335,19,19,9,10,fail,1279.7
RETL000006974,RTN00006974,SOL000070197,P000540,1,1,0,1,fail,41.68
RETL000006975,RTN00006975,SOL000169074,P000560,71,71,36,35,fail,6170.54
RETL000006976,RTN00006976,SOL000052405,P000363,9,9,0,9,fail,575.04
RETL000006977,RTN00006977,SOL000261087,P000622,5,0,0,0,pass,1217.67
RETL000006978,RTN00006978,SOL000255636,P000097,10,0,0,0,pass,1261.93
RETL000006979,RTN00006979,SOL000072381,P000067,1,1,0,1,fail,161.43
RETL000006980,RTN00006980,SOL000163359,P000186,23,23,0,23,fail,400.24
RETL000006981,RTN00006981,SOL000364197,P000419,10,0,0,0,pass,1073.06
RETL000006982,RTN00006982,SOL000024685,P000475,1,1,0,1,fail,277.21
RETL000006983,RTN00006983,SOL000116809,P000023,4,4,0,4,fail,362.76
RETL000006984,RTN00006984,SOL000201360,P000450,3,0,0,0,pass,125.28
RETL000006985,RTN00006985,SOL000154720,P000047,5,5,0,5,fail,426.05
RETL000006986,RTN00006986,SOL000037345,P000144,6,6,0,6,fail,292.8
RETL000006987,RTN00006987,SOL000165953,P000036,26,26,0,26,fail,944.62
RETL000006988,RTN00006988,SOL000199472,P000019,13,13,6,7,fail,5337.64
RETL000006989,RTN00006989,SOL000157959,P000280,28,28,0,28,fail,1906.46
RETL000006990,RTN00006990,SOL000239095,P000348,47,47,30,17,fail,1715.37
RETL000006991,RTN00006991,SOL000285131,P000168,3,3,0,3,fail,649.82
RETL000006992,RTN00006992,SOL000137275,P000636,10,10,8,2,pass,390.23
RETL000006993,RTN00006993,SOL000210767,P000144,24,24,16,8,fail,1457.49
RETL000006994,RTN00006994,SOL000024861,P000303,3,3,0,3,fail,624.29
RETL000006995,RTN00006995,SOL000290541,P000248,3,0,0,0,pass,484.01
RETL000006996,RTN00006996,SOL000127045,P000579,3,0,0,0,pass,202.77
RETL000006997,RTN00006997,SOL000017828,P000615,125,125,0,125,fail,9353.74
RETL000006998,RTN00006998,SOL000072596,P000552,12,0,0,0,pass,7034.02
RETL000006999,RTN00006999,SOL000089254,P000248,5,5,3,2,fail,675.78
RETL000007000,RTN00007000,SOL000019051,P000511,13,13,0,13,fail,6846.56
RETL000007001,RTN00007001,SOL000196857,P000409,11,11,3,8,fail,674.98
RETL000007002,RTN00007002,SOL000048431,P000478,20,20,16,4,pass,904.23
RETL000007003,RTN00007003,SOL000278571,P000470,4,4,1,3,fail,380.49
RETL000007004,RTN00007004,SOL000057304,P000086,3,0,0,0,pass,265.39
RETL000007005,RTN00007005,SOL000216547,P000110,6,6,0,6,fail,112.82
RETL000007006,RTN00007006,SOL000365656,P000373,40,40,17,23,fail,4469.66
RETL000007007,RTN00007007,SOL000160329,P000521,17,0,0,0,pass,2318.0
RETL000007008,RTN00007008,SOL000355812,P000334,5,5,0,5,fail,402.19
RETL000007009,RTN00007009,SOL000233821,P000511,28,0,0,0,pass,15721.36
RETL000007010,RTN00007010,SOL000149413,P000226,13,13,0,13,fail,440.57
RETL000007011,RTN00007011,SOL000086997,P000540,7,0,0,0,pass,431.65
RETL000007012,RTN00007012,SOL000270945,P000083,6,6,0,6,fail,745.97
RETL000007013,RTN00007013,SOL000116019,P000387,20,20,14,6,fail,550.92
RETL000007014,RTN00007014,SOL000254967,P000300,12,0,0,0,pass,2749.91
RETL000007015,RTN00007015,SOL000261894,P000059,6,0,0,0,pass,1378.84
RETL000007016,RTN00007016,SOL000049728,P000133,1,1,0,1,fail,72.6
RETL000007017,RTN00007017,SOL000363684,P000224,33,33,11,22,fail,24240.13
RETL000007018,RTN00007018,SOL000302309,P000257,10,10,0,10,fail,1518.72
RETL000007019,RTN00007019,SOL000016636,P000045,10,10,0,10,fail,2173.73
RETL000007020,RTN00007020,SOL000183269,P000569,21,21,11,10,fail,3900.85
RETL000007021,RTN00007021,SOL000014067,P000053,5,5,0,5,fail,269.64
RETL000007022,RTN00007022,SOL000090411,P000501,1,1,0,1,fail,376.17
RETL000007023,RTN00007023,SOL000341303,P000210,6,6,0,6,fail,805.88
RETL000007024,RTN00007024,SOL000292265,P000481,1,1,0,1,fail,26.63
RETL000007025,RTN00007025,SOL000159475,P000472,3,3,3,0,pass,506.17
RETL000007026,RTN00007026,SOL000115243,P000153,12,0,0,0,pass,860.21
RETL000007027,RTN00007027,SOL000200826,P000266,9,9,0,9,fail,1797.05
RETL000007028,RTN00007028,SOL000214178,P000546,38,38,15,23,fail,3642.37
RETL000007029,RTN00007029,SOL000295003,P000079,16,16,0,16,fail,601.75
RETL000007030,RTN00007030,SOL000064555,P000490,3,3,2,1,fail,541.63
RETL000007031,RTN00007031,SOL000024436,P000036,21,0,0,0,pass,831.72
RETL000007032,RTN00007032,SOL000173078,P000530,1,1,0,1,fail,46.63
RETL000007033,RTN00007033,SOL000203859,P000516,41,41,0,41,fail,3885.92
RETL000007034,RTN00007034,SOL000197880,P000562,4,0,0,0,pass,460.39
RETL000007035,RTN00007035,SOL000298907,P000382,21,21,8,13,fail,318.35
RETL000007036,RTN00007036,SOL000261715,P000345,51,51,0,51,fail,9287.6
RETL000007037,RTN00007037,SOL000332572,P000270,3,3,2,1,fail,263.63
RETL000007038,RTN00007038,SOL000038685,P000372,2,2,1,1,fail,289.0
RETL000007039,RTN00007039,SOL000365760,P000626,1,1,0,1,fail,101.45
RETL000007040,RTN00007040,SOL000347754,P000010,59,59,0,59,fail,3867.8
RETL000007041,RTN00007041,SOL000360177,P000481,5,5,0,5,fail,122.59
RETL000007042,RTN00007042,SOL000144927,P000063,2,2,0,2,fail,135.9
RETL000007043,RTN00007043,SOL000082721,P000343,15,15,0,15,fail,929.58
RETL000007044,RTN00007044,SOL000236438,P000191,1,1,0,1,fail,32.84
RETL000007045,RTN00007045,SOL000109452,P000423,19,0,0,0,pass,1054.83
RETL000007046,RTN00007046,SOL000236975,P000540,6,6,4,2,fail,276.38
RETL000007047,RTN00007047,SOL000200495,P000160,3,3,2,1,fail,406.75
RETL000007048,RTN00007048,SOL000159028,P000267,1,1,1,0,pass,131.47
RETL000007049,RTN00007049,SOL000014085,P000154,10,10,6,4,fail,904.66
RETL000007050,RTN00007050,SOL000070616,P000400,15,0,0,0,pass,3237.36
RETL000007051,RTN00007051,SOL000018292,P000035,15,0,0,0,pass,1762.52
RETL000007052,RTN00007052,SOL000352091,P000049,1,1,0,1,fail,196.1
RETL000007053,RTN00007053,SOL000064372,P000377,14,14,0,14,fail,529.17
RETL000007054,RTN00007054,SOL000287140,P000142,24,24,0,24,fail,3414.55
RETL000007055,RTN00007055,SOL000166250,P000317,5,5,0,5,fail,272.41
RETL000007056,RTN00007056,SOL000277470,P000157,12,12,0,12,fail,1795.14
RETL000007057,RTN00007057,SOL000117371,P000017,4,4,0,4,fail,170.28
RETL000007058,RTN00007058,SOL000329041,P000138,1,1,0,1,fail,75.57
RETL000007059,RTN00007059,SOL000084507,P000162,4,4,2,2,fail,189.81
RETL000007060,RTN00007060,SOL000145987,P000413,36,0,0,0,pass,4555.59
RETL000007061,RTN00007061,SOL000202757,P000412,5,5,4,1,pass,205.74
RETL000007062,RTN00007062,SOL000118705,P000284,10,10,7,3,fail,122.45
RETL000007063,RTN00007063,SOL000155231,P000444,6,6,2,4,fail,702.63
RETL000007064,RTN00007064,SOL000020654,P000300,57,0,0,0,pass,15314.57
RETL000007065,RTN00007065,SOL000169619,P000630,1,1,1,0,pass,189.87
RETL000007066,RTN00007066,SOL000276541,P000465,2,2,0,2,fail,158.01
RETL000007067,RTN00007067,SOL000018439,P000311,1,1,0,1,fail,43.4
RETL000007068,RTN00007068,SOL000095242,P000024,6,0,0,0,pass,249.16
RETL000007069,RTN00007069,SOL000358032,P000481,3,3,0,3,fail,90.29
RETL000007070,RTN00007070,SOL000286061,P000371,3,0,0,0,pass,455.99
RETL000007071,RTN00007071,SOL000110636,P000322,3,3,3,0,pass,3733.56
RETL000007072,RTN00007072,SOL000050225,P000441,1,1,0,1,fail,41.94
RETL000007073,RTN00007073,SOL000135643,P000127,4,4,0,4,fail,767.74
RETL000007074,RTN00007074,SOL000012992,P000609,1,1,0,1,fail,419.9
RETL000007075,RTN00007075,SOL000035672,P000341,11,11,0,11,fail,1990.11
RETL000007076,RTN00007076,SOL000268954,P000544,2,2,0,2,fail,103.97
RETL000007077,RTN00007077,SOL000322577,P000290,39,0,0,0,pass,7795.59
RETL000007078,RTN00007078,SOL000079348,P000348,5,5,0,5,fail,213.13
RETL000007079,RTN00007079,SOL000239056,P000291,14,14,0,14,fail,2725.74
RETL000007080,RTN00007080,SOL000198027,P000466,1,1,1,0,pass,84.39
RETL000007081,RTN00007081,SOL000278895,P000319,1,1,0,1,fail,48.62
RETL000007082,RTN00007082,SOL000292932,P000269,2,2,1,1,fail,227.88
RETL000007083,RTN00007083,SOL000059656,P000443,8,8,0,8,fail,772.43
RETL000007084,RTN00007084,SOL000096164,P000198,16,16,0,16,fail,1939.29
RETL000007085,RTN00007085,SOL000110559,P000178,8,8,5,3,fail,543.6
RETL000007086,RTN00007086,SOL000146852,P000251,17,0,0,0,pass,1151.85
RETL000007087,RTN00007087,SOL000361322,P000545,12,12,4,8,fail,778.63
RETL000007088,RTN00007088,SOL000336610,P000073,65,65,33,32,fail,12613.42
RETL000007089,RTN00007089,SOL000109429,P000034,15,15,0,15,fail,3934.73
RETL000007090,RTN00007090,SOL000161669,P000035,6,6,0,6,fail,789.9
RETL000007091,RTN00007091,SOL000139315,P000364,8,8,0,8,fail,494.96
RETL000007092,RTN00007092,SOL000017135,P000290,12,0,0,0,pass,2175.07
RETL000007093,RTN00007093,SOL000171102,P000131,1,1,0,1,fail,59.64
RETL000007094,RTN00007094,SOL000008003,P000507,3,3,1,2,fail,280.18
RETL000007095,RTN00007095,SOL000299345,P000624,8,8,0,8,fail,1424.29
RETL000007096,RTN00007096,SOL000306775,P000483,7,7,0,7,fail,2700.82
RETL000007097,RTN00007097,SOL000003214,P000071,9,9,5,4,fail,1228.02
RETL000007098,RTN00007098,SOL000136602,P000196,4,4,0,4,fail,147.88
RETL000007099,RTN00007099,SOL000199113,P000542,13,13,4,9,fail,4396.03
RETL000007100,RTN00007100,SOL000303977,P000524,3,3,0,3,fail,127.53
RETL000007101,RTN00007101,SOL000003196,P000262,7,7,2,5,fail,655.51
RETL000007102,RTN00007102,SOL000230942,P000647,1,1,1,0,pass,48.1
RETL000007103,RTN00007103,SOL000113715,P000165,33,0,0,0,pass,1967.95
RETL000007104,RTN00007104,SOL000067813,P000088,8,8,0,8,fail,1150.2
RETL000007105,RTN00007105,SOL000066161,P000614,12,12,10,2,pass,2045.53
RETL000007106,RTN00007106,SOL000201989,P000250,33,33,14,19,fail,3791.8
RETL000007107,RTN00007107,SOL000274709,P000316,35,35,0,35,fail,2466.28
RETL000007108,RTN00007108,SOL000303376,P000011,1,0,0,0,pass,27.46
RETL000007109,RTN00007109,SOL000004908,P000160,3,3,0,3,fail,343.64
RETL000007110,RTN00007110,SOL000294508,P000001,12,12,0,12,fail,3512.03
RETL000007111,RTN00007111,SOL000048875,P000176,11,11,6,5,fail,2736.77
RETL000007112,RTN00007112,SOL000163927,P000609,6,6,0,6,fail,2814.35
RETL000007113,RTN00007113,SOL000172497,P000332,13,13,9,4,fail,3232.17
RETL000007114,RTN00007114,SOL000338821,P000285,10,10,3,7,fail,653.87
RETL000007115,RTN00007115,SOL000093335,P000059,1,1,1,0,pass,200.25
RETL000007116,RTN00007116,SOL000202036,P000357,6,6,0,6,fail,286.87
RETL000007117,RTN00007117,SOL000319348,P000500,18,18,0,18,fail,497.92
RETL000007118,RTN00007118,SOL000086525,P000293,9,0,0,0,pass,1405.02
RETL000007119,RTN00007119,SOL000366314,P000071,19,19,9,10,fail,2919.94
RETL000007120,RTN00007120,SOL000309309,P000297,4,4,0,4,fail,1053.67
RETL000007121,RTN00007121,SOL000055450,P000170,6,6,4,2,fail,598.72
RETL000007122,RTN00007122,SOL000178455,P000610,4,0,0,0,pass,156.81
RETL000007123,RTN00007123,SOL000047639,P000292,3,3,2,1,fail,1361.15
RETL000007124,RTN00007124,SOL000241371,P000425,1,1,0,1,fail,79.13
RETL000007125,RTN00007125,SOL000133522,P000278,1,1,0,1,fail,82.06
RETL000007126,RTN00007126,SOL000239255,P000479,2,0,0,0,pass,210.05
RETL000007127,RTN00007127,SOL000117044,P000578,10,10,0,10,fail,853.83
RETL000007128,RTN00007128,SOL000341795,P000037,27,27,0,27,fail,2421.75
RETL000007129,RTN00007129,SOL000056082,P000115,5,5,3,2,fail,101.32
RETL000007130,RTN00007130,SOL000203496,P000539,18,0,0,0,pass,1851.84
RETL000007131,RTN00007131,SOL000001324,P000439,4,0,0,0,pass,742.32
RETL000007132,RTN00007132,SOL000033565,P000405,2,0,0,0,pass,89.35
RETL000007133,RTN00007133,SOL000237683,P000260,3,3,0,3,fail,486.06
RETL000007134,RTN00007134,SOL000342530,P000567,3,3,1,2,fail,294.7
RETL000007135,RTN00007135,SOL000161475,P000085,12,12,0,12,fail,436.88
RETL000007136,RTN00007136,SOL000021737,P000250,6,6,3,3,fail,527.01
RETL000007137,RTN00007137,SOL000016054,P000443,8,0,0,0,pass,649.14
RETL000007138,RTN00007138,SOL000176837,P000225,35,35,25,10,fail,4292.61
RETL000007139,RTN00007139,SOL000113058,P000482,19,19,0,19,fail,3003.94
RETL000007140,RTN00007140,SOL000062338,P000378,14,14,9,5,fail,356.13
RETL000007141,RTN00007141,SOL000344837,P000489,4,0,0,0,pass,692.98
RETL000007142,RTN00007142,SOL000083474,P000589,72,72,0,72,fail,1965.91
RETL000007143,RTN00007143,SOL000212324,P000526,1,1,0,1,fail,36.98
RETL000007144,RTN00007144,SOL000132470,P000333,2,2,0,2,fail,1027.43
RETL000007145,RTN00007145,SOL000013638,P000620,2,2,1,1,fail,482.02
RETL000007146,RTN00007146,SOL000170162,P000499,21,21,0,21,fail,3089.57
RETL000007147,RTN00007147,SOL000179488,P000427,1,1,1,0,pass,76.94
RETL000007148,RTN00007148,SOL000328535,P000412,15,15,0,15,fail,621.46
RETL000007149,RTN00007149,SOL000068362,P000200,31,31,0,31,fail,2030.25
RETL000007150,RTN00007150,SOL000277275,P000287,16,16,0,16,fail,865.47
RETL000007151,RTN00007151,SOL000204446,P000527,5,5,0,5,fail,2626.65
RETL000007152,RTN00007152,SOL000274175,P000449,1,1,0,1,fail,184.96
RETL000007153,RTN00007153,SOL000245923,P000299,8,8,0,8,fail,2224.7
RETL000007154,RTN00007154,SOL000292799,P000053,2,0,0,0,pass,133.33
RETL000007155,RTN00007155,SOL000306159,P000014,7,7,6,1,pass,731.08
RETL000007156,RTN00007156,SOL000303453,P000455,6,6,0,6,fail,859.97
RETL000007157,RTN00007157,SOL000220962,P000044,78,78,31,47,fail,23678.39
RETL000007158,RTN00007158,SOL000079803,P000608,1,1,1,0,pass,62.93
RETL000007159,RTN00007159,SOL000113686,P000420,8,8,4,4,fail,403.0
RETL000007160,RTN00007160,SOL000322234,P000008,2,2,1,1,fail,92.77
RETL000007161,RTN00007161,SOL000115902,P000414,2,0,0,0,pass,93.44
RETL000007162,RTN00007162,SOL000014941,P000218,74,74,0,74,fail,12497.92
RETL000007163,RTN00007163,SOL000348680,P000343,13,0,0,0,pass,632.02
RETL000007164,RTN00007164,SOL000202856,P000521,5,5,1,4,fail,614.03
RETL000007165,RTN00007165,SOL000336004,P000596,25,25,0,25,fail,5410.57
RETL000007166,RTN00007166,SOL000251461,P000328,2,0,0,0,pass,200.85
RETL000007167,RTN00007167,SOL000286226,P000418,5,5,1,4,fail,940.88
RETL000007168,RTN00007168,SOL000261717,P000574,45,0,0,0,pass,7061.35
RETL000007169,RTN00007169,SOL000290398,P000196,4,4,1,3,fail,145.08
RETL000007170,RTN00007170,SOL000031425,P000144,5,5,0,5,fail,301.17
RETL000007171,RTN00007171,SOL000094689,P000221,17,17,0,17,fail,2491.59
RETL000007172,RTN00007172,SOL000062516,P000252,16,16,7,9,fail,3380.06
RETL000007173,RTN00007173,SOL000239666,P000135,4,4,0,4,fail,629.62
RETL000007174,RTN00007174,SOL000016796,P000515,22,22,14,8,fail,1168.93
RETL000007175,RTN00007175,SOL000174352,P000387,9,0,0,0,pass,261.31
RETL000007176,RTN00007176,SOL000116418,P000215,5,5,0,5,fail,105.57
RETL000007177,RTN00007177,SOL000036839,P000377,10,10,5,5,fail,392.05
RETL000007178,RTN00007178,SOL000315389,P000557,12,12,0,12,fail,2359.97
RETL000007179,RTN00007179,SOL000114919,P000012,1,1,1,0,pass,194.67
RETL000007180,RTN00007180,SOL000360859,P000285,1,1,1,0,pass,62.43
RETL000007181,RTN00007181,SOL000254630,P000315,4,4,2,2,fail,543.04
RETL000007182,RTN00007182,SOL000176024,P000494,7,0,0,0,pass,767.32
RETL000007183,RTN00007183,SOL000314095,P000098,10,10,0,10,fail,882.76
RETL000007184,RTN00007184,SOL000349779,P000083,5,0,0,0,pass,613.3
RETL000007185,RTN00007185,SOL000102379,P000288,1,1,0,1,fail,126.49
RETL000007186,RTN00007186,SOL000107710,P000052,2,2,1,1,fail,192.39
RETL000007187,RTN00007187,SOL000088858,P000073,14,14,12,2,pass,2649.69
RETL000007188,RTN00007188,SOL000007573,P000423,5,5,2,3,fail,362.5
RETL000007189,RTN00007189,SOL000180476,P000062,3,3,0,3,fail,185.6
RETL000007190,RTN00007190,SOL000179528,P000346,1,0,0,0,pass,63.6
RETL000007191,RTN00007191,SOL000360096,P000515,6,6,4,2,fail,394.75
RETL000007192,RTN00007192,SOL000099414,P000572,20,20,0,20,fail,2810.1
RETL000007193,RTN00007193,SOL000243171,P000601,9,9,6,3,fail,3020.97
RETL000007194,RTN00007194,SOL000119802,P000134,4,4,0,4,fail,304.44
RETL000007195,RTN00007195,SOL000209447,P000028,2,2,2,0,pass,341.92
RETL000007196,RTN00007196,SOL000091876,P000309,8,8,7,1,pass,520.5
RETL000007197,RTN00007197,SOL000146423,P000568,5,5,0,5,fail,370.77
RETL000007198,RTN00007198,SOL000011409,P000438,11,11,8,3,fail,838.1
RETL000007199,RTN00007199,SOL000127915,P000395,57,57,34,23,fail,36587.47
RETL000007200,RTN00007200,SOL000050968,P000585,3,0,0,0,pass,121.56
RETL000007201,RTN00007201,SOL000080318,P000125,2,0,0,0,pass,125.16
RETL000007202,RTN00007202,SOL000072571,P000156,3,3,0,3,fail,254.43
RETL000007203,RTN00007203,SOL000203933,P000547,7,7,0,7,fail,2241.16
RETL000007204,RTN00007204,SOL000356349,P000211,5,5,0,5,fail,346.19
RETL000007205,RTN00007205,SOL000157819,P000411,2,2,1,1,fail,59.38
RETL000007206,RTN00007206,SOL000271006,P000238,6,6,0,6,fail,1005.52
RETL000007207,RTN00007207,SOL000101788,P000059,5,0,0,0,pass,741.25
RETL000007208,RTN00007208,SOL000056179,P000231,7,7,0,7,fail,1434.21
RETL000007209,RTN00007209,SOL000127592,P000329,16,16,9,7,fail,5010.15
RETL000007210,RTN00007210,SOL000115916,P000292,5,5,0,5,fail,2966.78
RETL000007211,RTN00007211,SOL000278379,P000006,4,4,0,4,fail,176.82
RETL000007212,RTN00007212,SOL000330016,P000022,11,11,0,11,fail,530.69
RETL000007213,RTN00007213,SOL000103858,P000342,11,11,8,3,fail,1118.37
RETL000007214,RTN00007214,SOL000241144,P000497,26,26,10,16,fail,1550.23
RETL000007215,RTN00007215,SOL000149453,P000171,15,15,0,15,fail,2775.67
RETL000007216,RTN00007216,SOL000011987,P000143,6,6,0,6,fail,220.92
RETL000007217,RTN00007217,SOL000146964,P000118,13,13,9,4,fail,643.43
RETL000007218,RTN00007218,SOL000300581,P000272,6,6,2,4,fail,348.64
RETL000007219,RTN00007219,SOL000100921,P000430,5,5,0,5,fail,267.62
RETL000007220,RTN00007220,SOL000179433,P000435,23,0,0,0,pass,1073.25
RETL000007221,RTN00007221,SOL000281955,P000297,12,12,5,7,fail,2197.79
RETL000007222,RTN00007222,SOL000224750,P000001,11,11,0,11,fail,3225.84
RETL000007223,RTN00007223,SOL000103669,P000387,2,0,0,0,pass,61.16
RETL000007224,RTN00007224,SOL000326396,P000443,8,8,0,8,fail,649.92
RETL000007225,RTN00007225,SOL000281959,P000534,14,0,0,0,pass,1238.8
RETL000007226,RTN00007226,SOL000347329,P000194,10,10,4,6,fail,1582.76
RETL000007227,RTN00007227,SOL000139796,P000556,1,1,1,0,pass,57.68
RETL000007228,RTN00007228,SOL000245575,P000081,16,16,6,10,fail,416.08
RETL000007229,RTN00007229,SOL000006859,P000162,17,17,14,3,pass,601.77
RETL000007230,RTN00007230,SOL000355396,P000009,2,2,1,1,fail,270.01
RETL000007231,RTN00007231,SOL000229873,P000440,1,1,0,1,fail,62.56
RETL000007232,RTN00007232,SOL000357048,P000415,6,6,0,6,fail,343.92
RETL000007233,RTN00007233,SOL000023479,P000018,28,28,0,28,fail,6294.75
RETL000007234,RTN00007234,SOL000119748,P000365,9,0,0,0,pass,349.02
RETL000007235,RTN00007235,SOL000048435,P000592,9,0,0,0,pass,663.43
RETL000007236,RTN00007236,SOL000245344,P000375,7,0,0,0,pass,3546.72
RETL000007237,RTN00007237,SOL000022087,P000573,1,1,0,1,fail,65.93
RETL000007238,RTN00007238,SOL000142236,P000498,5,0,0,0,pass,543.5
RETL000007239,RTN00007239,SOL000225750,P000164,12,12,9,3,fail,749.49
RETL000007240,RTN00007240,SOL000052404,P000128,5,5,0,5,fail,216.83
RETL000007241,RTN00007241,SOL000329568,P000086,17,0,0,0,pass,1193.4
RETL000007242,RTN00007242,SOL000250456,P000484,4,4,0,4,fail,153.29
RETL000007243,RTN00007243,SOL000206553,P000616,3,0,0,0,pass,249.66
RETL000007244,RTN00007244,SOL000078349,P000173,3,0,0,0,pass,524.2
RETL000007245,RTN00007245,SOL000092150,P000079,7,7,6,1,pass,187.92
RETL000007246,RTN00007246,SOL000019100,P000066,5,0,0,0,pass,400.13
RETL000007247,RTN00007247,SOL000333175,P000373,3,3,0,3,fail,255.72
RETL000007248,RTN00007248,SOL000134335,P000149,7,7,3,4,fail,1172.07
RETL000007249,RTN00007249,SOL000091520,P000150,2,2,0,2,fail,155.27
RETL000007250,RTN00007250,SOL000168994,P000538,3,3,0,3,fail,1314.14
RETL000007251,RTN00007251,SOL000311277,P000291,2,2,0,2,fail,410.05
RETL000007252,RTN00007252,SOL000026441,P000481,16,16,0,16,fail,446.37
RETL000007253,RTN00007253,SOL000281179,P000595,7,7,2,5,fail,228.64
RETL000007254,RTN00007254,SOL000300223,P000345,57,0,0,0,pass,9104.97
RETL000007255,RTN00007255,SOL000162548,P000558,6,0,0,0,pass,322.93
RETL000007256,RTN00007256,SOL000212373,P000218,8,8,0,8,fail,1236.45
RETL000007257,RTN00007257,SOL000035519,P000607,25,25,20,5,pass,2118.25
RETL000007258,RTN00007258,SOL000072658,P000442,20,20,0,20,fail,9148.85
RETL000007259,RTN00007259,SOL000295846,P000271,17,0,0,0,pass,1203.78
RETL000007260,RTN00007260,SOL000218197,P000614,20,20,0,20,fail,4156.03
RETL000007261,RTN00007261,SOL000129150,P000456,29,29,26,3,pass,6881.24
RETL000007262,RTN00007262,SOL000038589,P000152,5,5,0,5,fail,203.74
RETL000007263,RTN00007263,SOL000292409,P000344,11,0,0,0,pass,1392.09
RETL000007264,RTN00007264,SOL000354486,P000171,15,15,0,15,fail,1919.02
RETL000007265,RTN00007265,SOL000298883,P000473,4,4,0,4,fail,316.53
RETL000007266,RTN00007266,SOL000033604,P000599,4,0,0,0,pass,339.14
RETL000007267,RTN00007267,SOL000115859,P000092,10,10,0,10,fail,1336.51
RETL000007268,RTN00007268,SOL000178336,P000225,19,19,0,19,fail,2891.84
RETL000007269,RTN00007269,SOL000243554,P000165,12,12,0,12,fail,881.77
RETL000007270,RTN00007270,SOL000044270,P000333,7,7,4,3,fail,3100.78
RETL000007271,RTN00007271,SOL000107439,P000296,18,18,0,18,fail,1952.42
RETL000007272,RTN00007272,SOL000229097,P000524,3,0,0,0,pass,179.43
RETL000007273,RTN00007273,SOL000251451,P000080,3,3,1,2,fail,298.28
RETL000007274,RTN00007274,SOL000109560,P000525,3,3,0,3,fail,174.63
RETL000007275,RTN00007275,SOL000276628,P000649,2,2,1,1,fail,904.04
RETL000007276,RTN00007276,SOL000232872,P000435,10,10,6,4,fail,556.77
RETL000007277,RTN00007277,SOL000059547,P000265,8,0,0,0,pass,1151.92
RETL000007278,RTN00007278,SOL000002922,P000293,14,14,0,14,fail,2070.59
RETL000007279,RTN00007279,SOL000316786,P000365,7,7,0,7,fail,318.69
RETL000007280,RTN00007280,SOL000217673,P000648,13,0,0,0,pass,1799.59
RETL000007281,RTN00007281,SOL000158019,P000456,20,20,0,20,fail,5119.1
RETL000007282,RTN00007282,SOL000320004,P000100,7,7,0,7,fail,399.07
RETL000007283,RTN00007283,SOL000262059,P000159,2,2,0,2,fail,88.73
RETL000007284,RTN00007284,SOL000155513,P000315,8,8,3,5,fail,904.42
RETL000007285,RTN00007285,SOL000058284,P000581,26,26,0,26,fail,938.49
RETL000007286,RTN00007286,SOL000109872,P000616,14,14,7,7,fail,1141.02
RETL000007287,RTN00007287,SOL000161605,P000365,6,6,2,4,fail,269.24
RETL000007288,RTN00007288,SOL000037852,P000111,1,1,1,0,pass,133.71
RETL000007289,RTN00007289,SOL000303094,P000406,1,1,0,1,fail,38.25
RETL000007290,RTN00007290,SOL000364404,P000186,1,0,0,0,pass,16.03
RETL000007291,RTN00007291,SOL000346096,P000011,7,7,0,7,fail,180.81
RETL000007292,RTN00007292,SOL000195433,P000018,27,27,21,6,fail,5504.61
RETL000007293,RTN00007293,SOL000152510,P000525,22,0,0,0,pass,1147.87
RETL000007294,RTN00007294,SOL000036298,P000218,8,0,0,0,pass,1292.22
RETL000007295,RTN00007295,SOL000360040,P000640,57,0,0,0,pass,3687.52
RETL000007296,RTN00007296,SOL000087738,P000033,5,5,0,5,fail,151.27
RETL000007297,RTN00007297,SOL000028893,P000501,7,0,0,0,pass,2393.15
RETL000007298,RTN00007298,SOL000099656,P000443,6,6,0,6,fail,625.13
RETL000007299,RTN00007299,SOL000018598,P000358,13,13,9,4,fail,4585.34
RETL000007300,RTN00007300,SOL000365570,P000270,15,15,5,10,fail,1292.63
RETL000007301,RTN00007301,SOL000308592,P000069,20,20,0,20,fail,754.58
RETL000007302,RTN00007302,SOL000341818,P000002,4,4,2,2,fail,462.76
RETL000007303,RTN00007303,SOL000064506,P000163,2,2,0,2,fail,266.62
RETL000007304,RTN00007304,SOL000317880,P000407,17,17,0,17,fail,1405.9
RETL000007305,RTN00007305,SOL000278262,P000015,14,14,0,14,fail,8728.04
RETL000007306,RTN00007306,SOL000006278,P000183,14,0,0,0,pass,3890.33
RETL000007307,RTN00007307,SOL000349813,P000161,13,13,0,13,fail,908.04
RETL000007308,RTN00007308,SOL000195384,P000249,131,131,0,131,fail,13117.94
RETL000007309,RTN00007309,SOL000001116,P000177,1,0,0,0,pass,71.13
RETL000007310,RTN00007310,SOL000308115,P000167,3,0,0,0,pass,283.04
RETL000007311,RTN00007311,SOL000070181,P000496,6,0,0,0,pass,279.0
RETL000007312,RTN00007312,SOL000193968,P000314,3,0,0,0,pass,189.46
RETL000007313,RTN00007313,SOL000349127,P000461,20,20,0,20,fail,2893.28
RETL000007314,RTN00007314,SOL000367199,P000147,3,3,1,2,fail,376.25
RETL000007315,RTN00007315,SOL000211837,P000488,1,1,0,1,fail,14.5
RETL000007316,RTN00007316,SOL000183066,P000043,11,11,0,11,fail,3009.23
RETL000007317,RTN00007317,SOL000361658,P000065,2,2,1,1,fail,98.77
RETL000007318,RTN00007318,SOL000009413,P000590,4,4,2,2,fail,529.19
RETL000007319,RTN00007319,SOL000200976,P000347,12,12,0,12,fail,482.98
RETL000007320,RTN00007320,SOL000041660,P000619,9,9,0,9,fail,801.62
RETL000007321,RTN00007321,SOL000254538,P000262,11,11,0,11,fail,1322.34
RETL000007322,RTN00007322,SOL000099822,P000262,3,3,0,3,fail,255.79
RETL000007323,RTN00007323,SOL000292147,P000278,5,5,0,5,fail,586.42
RETL000007324,RTN00007324,SOL000358681,P000192,29,29,18,11,fail,1051.82
RETL000007325,RTN00007325,SOL000235430,P000584,1,1,1,0,pass,107.02
RETL000007326,RTN00007326,SOL000322209,P000531,23,23,0,23,fail,2785.41
RETL000007327,RTN00007327,SOL000069573,P000416,5,5,0,5,fail,249.88
RETL000007328,RTN00007328,SOL000346049,P000203,24,24,18,6,fail,4721.47
RETL000007329,RTN00007329,SOL000191040,P000336,9,9,0,9,fail,1172.93
RETL000007330,RTN00007330,SOL000303402,P000099,3,0,0,0,pass,497.61
RETL000007331,RTN00007331,SOL000143805,P000310,1,1,0,1,fail,145.46
RETL000007332,RTN00007332,SOL000272063,P000584,63,63,0,63,fail,6989.21
RETL000007333,RTN00007333,SOL000148067,P000576,33,33,0,33,fail,4062.94
RETL000007334,RTN00007334,SOL000033409,P000175,1,1,1,0,pass,76.85
RETL000007335,RTN00007335,SOL000190269,P000625,16,0,0,0,pass,1586.78
RETL000007336,RTN00007336,SOL000028187,P000322,34,34,0,34,fail,30002.36
RETL000007337,RTN00007337,SOL000266366,P000546,6,6,0,6,fail,758.01
RETL000007338,RTN00007338,SOL000327568,P000306,13,13,0,13,fail,4717.09
RETL000007339,RTN00007339,SOL000281169,P000509,4,0,0,0,pass,431.09
RETL000007340,RTN00007340,SOL000324229,P000569,12,12,0,12,fail,2242.09
RETL000007341,RTN00007341,SOL000000938,P000598,1,0,0,0,pass,127.33
RETL000007342,RTN00007342,SOL000123634,P000112,16,0,0,0,pass,4843.92
RETL000007343,RTN00007343,SOL000307748,P000453,26,26,0,26,fail,6167.5
RETL000007344,RTN00007344,SOL000342344,P000067,2,2,0,2,fail,274.21
RETL000007345,RTN00007345,SOL000161282,P000263,17,17,0,17,fail,1908.9
RETL000007346,RTN00007346,SOL000340415,P000103,2,2,1,1,fail,117.81
RETL000007347,RTN00007347,SOL000033920,P000315,12,0,0,0,pass,1713.76
RETL000007348,RTN00007348,SOL000210387,P000624,9,9,3,6,fail,1573.77
RETL000007349,RTN00007349,SOL000180355,P000433,5,5,0,5,fail,211.72
RETL000007350,RTN00007350,SOL000122581,P000613,7,7,0,7,fail,338.0
RETL000007351,RTN00007351,SOL000241447,P000262,3,3,0,3,fail,339.03
RETL000007352,RTN00007352,SOL000348333,P000638,1,1,1,0,pass,27.19
RETL000007353,RTN00007353,SOL000313720,P000258,8,0,0,0,pass,1182.54
RETL000007354,RTN00007354,SOL000164305,P000347,17,17,7,10,fail,747.58
RETL000007355,RTN00007355,SOL000286699,P000304,29,0,0,0,pass,1531.15
RETL000007356,RTN00007356,SOL000202569,P000415,6,6,5,1,pass,419.97
RETL000007357,RTN00007357,SOL000228354,P000216,2,2,0,2,fail,285.02
RETL000007358,RTN00007358,SOL000168795,P000588,3,3,0,3,fail,124.87
RETL000007359,RTN00007359,SOL000362874,P000611,9,9,3,6,fail,868.44
RETL000007360,RTN00007360,SOL000086345,P000321,1,1,0,1,fail,43.07
RETL000007361,RTN00007361,SOL000063724,P000058,7,7,0,7,fail,2498.91
RETL000007362,RTN00007362,SOL000187707,P000302,29,0,0,0,pass,2303.3
RETL000007363,RTN00007363,SOL000071383,P000100,58,58,0,58,fail,4265.25
RETL000007364,RTN00007364,SOL000124498,P000079,14,14,0,14,fail,371.79
RETL000007365,RTN00007365,SOL000160304,P000153,3,3,1,2,fail,246.1
RETL000007366,RTN00007366,SOL000027543,P000037,2,2,0,2,fail,125.07
RETL000007367,RTN00007367,SOL000271495,P000512,31,0,0,0,pass,3914.4
RETL000007368,RTN00007368,SOL000078589,P000402,10,10,4,6,fail,1514.31
RETL000007369,RTN00007369,SOL000313647,P000218,26,26,10,16,fail,4609.69
RETL000007370,RTN00007370,SOL000055313,P000461,1,1,1,0,pass,130.64
RETL000007371,RTN00007371,SOL000358352,P000277,4,4,0,4,fail,33.54
RETL000007372,RTN00007372,SOL000254495,P000327,2,0,0,0,pass,402.22
RETL000007373,RTN00007373,SOL000007128,P000160,6,6,5,1,pass,618.38
RETL000007374,RTN00007374,SOL000257405,P000586,6,6,0,6,fail,923.65
RETL000007375,RTN00007375,SOL000164755,P000258,1,1,0,1,fail,126.55
RETL000007376,RTN00007376,SOL000138587,P000630,25,0,0,0,pass,6268.8
RETL000007377,RTN00007377,SOL000253444,P000386,3,3,1,2,fail,461.44
RETL000007378,RTN00007378,SOL000045985,P000177,28,28,0,28,fail,1942.79
RETL000007379,RTN00007379,SOL000065802,P000519,1,0,0,0,pass,141.81
RETL000007380,RTN00007380,SOL000130594,P000554,10,0,0,0,pass,1657.05
RETL000007381,RTN00007381,SOL000142114,P000066,8,8,0,8,fail,795.32
RETL000007382,RTN00007382,SOL000114421,P000210,6,6,0,6,fail,976.55
RETL000007383,RTN00007383,SOL000001045,P000532,1,0,0,0,pass,92.77
RETL000007384,RTN00007384,SOL000031544,P000460,21,21,14,7,fail,2000.68
RETL000007385,RTN00007385,SOL000275458,P000294,1,0,0,0,pass,288.99
RETL000007386,RTN00007386,SOL000212500,P000580,25,0,0,0,pass,1022.98
RETL000007387,RTN00007387,SOL000300516,P000374,3,3,2,1,fail,322.13
RETL000007388,RTN00007388,SOL000140472,P000152,18,18,0,18,fail,716.26
RETL000007389,RTN00007389,SOL000182991,P000221,9,9,4,5,fail,909.19
RETL000007390,RTN00007390,SOL000171724,P000587,14,14,0,14,fail,2140.47
RETL000007391,RTN00007391,SOL000150668,P000089,5,0,0,0,pass,729.25
RETL000007392,RTN00007392,SOL000079280,P000061,19,19,0,19,fail,2817.25
RETL000007393,RTN00007393,SOL000007216,P000217,32,0,0,0,pass,2432.06
RETL000007394,RTN00007394,SOL000351610,P000211,11,11,0,11,fail,696.69
RETL000007395,RTN00007395,SOL000082475,P000333,13,13,0,13,fail,7493.99
RETL000007396,RTN00007396,SOL000013891,P000600,11,11,0,11,fail,1451.41
RETL000007397,RTN00007397,SOL000014501,P000579,8,0,0,0,pass,480.72
RETL000007398,RTN00007398,SOL000040156,P000219,12,12,9,3,fail,2140.42
RETL000007399,RTN00007399,SOL000350795,P000133,3,0,0,0,pass,242.82
RETL000007400,RTN00007400,SOL000009494,P000385,7,7,0,7,fail,351.89
RETL000007401,RTN00007401,SOL000209384,P000438,1,1,1,0,pass,80.84
RETL000007402,RTN00007402,SOL000309914,P000577,111,111,88,23,fail,12843.57
RETL000007403,RTN00007403,SOL000083875,P000051,2,2,0,2,fail,21.21
RETL000007404,RTN00007404,SOL000330415,P000226,28,0,0,0,pass,791.3
RETL000007405,RTN00007405,SOL000090466,P000286,6,6,0,6,fail,448.56
RETL000007406,RTN00007406,SOL000004638,P000279,7,7,0,7,fail,358.42
RETL000007407,RTN00007407,SOL000113587,P000164,5,0,0,0,pass,306.74
RETL000007408,RTN00007408,SOL000063821,P000407,4,4,0,4,fail,293.7
RETL000007409,RTN00007409,SOL000181142,P000011,5,5,0,5,fail,122.43
RETL000007410,RTN00007410,SOL000030963,P000637,5,5,4,1,pass,253.34
RETL000007411,RTN00007411,SOL000087885,P000296,14,0,0,0,pass,1648.88
RETL000007412,RTN00007412,SOL000211777,P000442,3,3,2,1,fail,1280.81
RETL000007413,RTN00007413,SOL000171835,P000113,14,14,0,14,fail,611.24
RETL000007414,RTN00007414,SOL000252459,P000496,6,6,0,6,fail,366.76
RETL000007415,RTN00007415,SOL000364436,P000614,3,3,0,3,fail,699.21
RETL000007416,RTN00007416,SOL000201402,P000471,22,22,0,22,fail,1059.08
RETL000007417,RTN00007417,SOL000322763,P000128,4,0,0,0,pass,146.96
RETL000007418,RTN00007418,SOL000136680,P000282,26,26,0,26,fail,3489.4
RETL000007419,RTN00007419,SOL000232533,P000288,35,35,17,18,fail,4293.12
RETL000007420,RTN00007420,SOL000128451,P000160,5,5,0,5,fail,625.97
RETL000007421,RTN00007421,SOL000331933,P000308,24,24,0,24,fail,3352.25
RETL000007422,RTN00007422,SOL000089378,P000428,19,19,0,19,fail,1218.59
RETL000007423,RTN00007423,SOL000157033,P000526,8,8,7,1,pass,409.82
RETL000007424,RTN00007424,SOL000208232,P000262,7,7,0,7,fail,903.57
RETL000007425,RTN00007425,SOL000294773,P000084,7,7,0,7,fail,627.83
RETL000007426,RTN00007426,SOL000025335,P000588,3,0,0,0,pass,84.67
RETL000007427,RTN00007427,SOL000243283,P000490,17,0,0,0,pass,2645.17
RETL000007428,RTN00007428,SOL000068693,P000144,2,2,1,1,fail,97.59
RETL000007429,RTN00007429,SOL000296078,P000048,4,4,1,3,fail,349.88
RETL000007430,RTN00007430,SOL000116942,P000063,4,4,0,4,fail,355.81
RETL000007431,RTN00007431,SOL000124324,P000011,7,7,0,7,fail,214.67
RETL000007432,RTN00007432,SOL000210192,P000510,19,19,0,19,fail,693.01
RETL000007433,RTN00007433,SOL000000795,P000568,4,4,0,4,fail,308.19
RETL000007434,RTN00007434,SOL000278200,P000082,21,21,11,10,fail,4780.43
RETL000007435,RTN00007435,SOL000269844,P000044,10,10,0,10,fail,3887.39
RETL000007436,RTN00007436,SOL000154953,P000046,1,1,1,0,pass,44.39
RETL000007437,RTN00007437,SOL000268595,P000620,5,5,2,3,fail,1189.77
RETL000007438,RTN00007438,SOL000332805,P000469,3,0,0,0,pass,143.36
RETL000007439,RTN00007439,SOL000278853,P000267,7,7,0,7,fail,894.71
RETL000007440,RTN00007440,SOL000245144,P000596,9,0,0,0,pass,1850.23
RETL000007441,RTN00007441,SOL000172827,P000580,9,9,4,5,fail,331.4
RETL000007442,RTN00007442,SOL000008173,P000617,8,8,0,8,fail,266.66
RETL000007443,RTN00007443,SOL000296571,P000628,3,3,0,3,fail,314.74
RETL000007444,RTN00007444,SOL000184010,P000338,10,10,0,10,fail,536.68
RETL000007445,RTN00007445,SOL000072033,P000314,1,1,0,1,fail,46.01
RETL000007446,RTN00007446,SOL000217428,P000391,8,8,6,2,fail,298.42
RETL000007447,RTN00007447,SOL000289842,P000346,34,0,0,0,pass,2259.16
RETL000007448,RTN00007448,SOL000250051,P000003,16,16,6,10,fail,2639.18
RETL000007449,RTN00007449,SOL000295136,P000187,2,2,0,2,fail,260.67
RETL000007450,RTN00007450,SOL000271558,P000391,2,2,0,2,fail,61.42
RETL000007451,RTN00007451,SOL000072420,P000550,2,2,0,2,fail,213.81
RETL000007452,RTN00007452,SOL000228467,P000013,4,0,0,0,pass,836.58
RETL000007453,RTN00007453,SOL000154883,P000068,15,15,0,15,fail,1391.16
RETL000007454,RTN00007454,SOL000330648,P000197,4,4,0,4,fail,692.96
RETL000007455,RTN00007455,SOL000055643,P000051,1,0,0,0,pass,14.91
RETL000007456,RTN00007456,SOL000263356,P000150,12,0,0,0,pass,1200.9
RETL000007457,RTN00007457,SOL000222611,P000067,10,10,0,10,fail,1634.9
RETL000007458,RTN00007458,SOL000102502,P000086,5,5,0,5,fail,323.98
RETL000007459,RTN00007459,SOL000107933,P000436,32,0,0,0,pass,1877.35
RETL000007460,RTN00007460,SOL000028428,P000004,7,0,0,0,pass,1212.2
RETL000007461,RTN00007461,SOL000137494,P000598,13,13,0,13,fail,1538.32
RETL000007462,RTN00007462,SOL000249105,P000633,25,25,15,10,fail,1592.99
RETL000007463,RTN00007463,SOL000029290,P000078,41,41,0,41,fail,1171.28
RETL000007464,RTN00007464,SOL000198552,P000333,12,12,0,12,fail,6131.09
RETL000007465,RTN00007465,SOL000083762,P000062,151,151,0,151,fail,10866.15
RETL000007466,RTN00007466,SOL000286546,P000396,4,4,3,1,fail,559.65
RETL000007467,RTN00007467,SOL000001124,P000456,7,7,2,5,fail,1336.83
RETL000007468,RTN00007468,SOL000027137,P000003,8,8,0,8,fail,1029.54
RETL000007469,RTN00007469,SOL000200791,P000162,20,20,0,20,fail,971.96
RETL000007470,RTN00007470,SOL000293876,P000092,29,29,14,15,fail,3193.47
RETL000007471,RTN00007471,SOL000139365,P000494,6,6,0,6,fail,533.43
RETL000007472,RTN00007472,SOL000040985,P000459,6,0,0,0,pass,157.51
RETL000007473,RTN00007473,SOL000057395,P000127,13,13,0,13,fail,1941.04
RETL000007474,RTN00007474,SOL000140465,P000272,4,0,0,0,pass,226.82
RETL000007475,RTN00007475,SOL000054568,P000411,7,7,0,7,fail,227.29
RETL000007476,RTN00007476,SOL000021289,P000088,4,4,0,4,fail,457.38
RETL000007477,RTN00007477,SOL000284853,P000363,1,1,0,1,fail,59.89
RETL000007478,RTN00007478,SOL000172349,P000035,23,23,6,17,fail,3842.52
RETL000007479,RTN00007479,SOL000023574,P000491,9,9,8,1,pass,1662.51
RETL000007480,RTN00007480,SOL000032540,P000208,7,7,0,7,fail,142.45
RETL000007481,RTN00007481,SOL000171897,P000414,8,8,0,8,fail,319.09
RETL000007482,RTN00007482,SOL000134400,P000520,1,1,0,1,fail,210.23
RETL000007483,RTN00007483,SOL000290966,P000266,11,11,6,5,fail,2422.17
RETL000007484,RTN00007484,SOL000031107,P000181,5,5,0,5,fail,434.01
RETL000007485,RTN00007485,SOL000288223,P000650,4,4,3,1,fail,415.65
RETL000007486,RTN00007486,SOL000206931,P000365,19,19,0,19,fail,1056.58
RETL000007487,RTN00007487,SOL000338572,P000582,3,3,0,3,fail,735.02
RETL000007488,RTN00007488,SOL000114089,P000425,12,0,0,0,pass,1171.98
RETL000007489,RTN00007489,SOL000029583,P000516,6,6,0,6,fail,585.44
RETL000007490,RTN00007490,SOL000014865,P000485,6,6,2,4,fail,403.54
RETL000007491,RTN00007491,SOL000275369,P000337,1,1,0,1,fail,28.08
RETL000007492,RTN00007492,SOL000232319,P000289,2,2,0,2,fail,85.72
RETL000007493,RTN00007493,SOL000136667,P000106,14,14,0,14,fail,2757.9
RETL000007494,RTN00007494,SOL000142652,P000178,4,0,0,0,pass,243.58
RETL000007495,RTN00007495,SOL000314074,P000209,3,0,0,0,pass,618.18
RETL000007496,RTN00007496,SOL000182985,P000475,6,6,2,4,fail,1990.68
RETL000007497,RTN00007497,SOL000309018,P000026,13,13,11,2,pass,913.84
RETL000007498,RTN00007498,SOL000342400,P000299,12,0,0,0,pass,3789.61
RETL000007499,RTN00007499,SOL000042671,P000341,5,5,3,2,fail,1064.44
RETL000007500,RTN00007500,SOL000175238,P000120,10,10,0,10,fail,663.05
RETL000007501,RTN00007501,SOL000032765,P000298,3,3,1,2,fail,1021.32
RETL000007502,RTN00007502,SOL000111065,P000101,8,8,0,8,fail,776.93
RETL000007503,RTN00007503,SOL000226389,P000258,3,3,0,3,fail,526.22
RETL000007504,RTN00007504,SOL000350659,P000126,19,0,0,0,pass,1608.57
RETL000007505,RTN00007505,SOL000112776,P000183,11,11,0,11,fail,3628.65
RETL000007506,RTN00007506,SOL000229756,P000624,11,11,6,5,fail,1814.31
RETL000007507,RTN00007507,SOL000327240,P000322,28,28,14,14,fail,25293.75
RETL000007508,RTN00007508,SOL000241845,P000527,15,15,6,9,fail,9164.69
RETL000007509,RTN00007509,SOL000164415,P000540,12,12,0,12,fail,501.72
RETL000007510,RTN00007510,SOL000225691,P000117,10,10,0,10,fail,1505.63
RETL000007511,RTN00007511,SOL000335891,P000285,40,40,0,40,fail,2334.66
RETL000007512,RTN00007512,SOL000269005,P000380,20,0,0,0,pass,2225.23
RETL000007513,RTN00007513,SOL000033285,P000550,12,12,8,4,fail,1088.22
RETL000007514,RTN00007514,SOL000051853,P000186,1,0,0,0,pass,20.04
RETL000007515,RTN00007515,SOL000321232,P000056,9,9,4,5,fail,968.08
RETL000007516,RTN00007516,SOL000359751,P000553,54,54,18,36,fail,21460.75
RETL000007517,RTN00007517,SOL000125389,P000024,14,14,4,10,fail,588.72
RETL000007518,RTN00007518,SOL000227749,P000475,1,1,0,1,fail,338.37
RETL000007519,RTN00007519,SOL000077751,P000146,3,3,1,2,fail,204.07
RETL000007520,RTN00007520,SOL000017304,P000186,13,13,7,6,fail,238.05
RETL000007521,RTN00007521,SOL000154663,P000166,2,2,1,1,fail,259.41
RETL000007522,RTN00007522,SOL000142579,P000176,12,12,0,12,fail,3197.41
RETL000007523,RTN00007523,SOL000002150,P000616,17,17,9,8,fail,1666.88
RETL000007524,RTN00007524,SOL000022865,P000607,10,0,0,0,pass,663.42
RETL000007525,RTN00007525,SOL000119092,P000335,10,10,0,10,fail,648.93
RETL000007526,RTN00007526,SOL000358068,P000445,5,5,0,5,fail,702.27
RETL000007527,RTN00007527,SOL000305071,P000044,4,4,1,3,fail,1148.85
RETL000007528,RTN00007528,SOL000354875,P000526,5,0,0,0,pass,260.07
RETL000007529,RTN00007529,SOL000071188,P000400,5,5,4,1,pass,1107.14
RETL000007530,RTN00007530,SOL000086755,P000265,25,25,22,3,pass,4527.02
RETL000007531,RTN00007531,SOL000140100,P000428,20,20,0,20,fail,897.3
RETL000007532,RTN00007532,SOL000010271,P000039,30,30,0,30,fail,11529.78
RETL000007533,RTN00007533,SOL000341703,P000357,7,7,3,4,fail,427.13
RETL000007534,RTN00007534,SOL000041803,P000532,7,7,5,2,fail,586.85
RETL000007535,RTN00007535,SOL000152419,P000373,5,0,0,0,pass,400.58
RETL000007536,RTN00007536,SOL000039667,P000458,17,17,12,5,fail,1875.84
RETL000007537,RTN00007537,SOL000274254,P000624,4,4,0,4,fail,676.32
RETL000007538,RTN00007538,SOL000149399,P000327,2,0,0,0,pass,527.05
RETL000007539,RTN00007539,SOL000045317,P000464,10,10,0,10,fail,1052.12
RETL000007540,RTN00007540,SOL000125433,P000102,6,6,5,1,pass,1087.08
RETL000007541,RTN00007541,SOL000302249,P000468,3,0,0,0,pass,461.1
RETL000007542,RTN00007542,SOL000330625,P000202,4,4,0,4,fail,994.41
RETL000007543,RTN00007543,SOL000027434,P000260,4,4,3,1,fail,450.85
RETL000007544,RTN00007544,SOL000150756,P000019,2,0,0,0,pass,613.14
RETL000007545,RTN00007545,SOL000206497,P000205,45,45,0,45,fail,3457.84
RETL000007546,RTN00007546,SOL000061725,P000600,4,4,0,4,fail,419.55
RETL000007547,RTN00007547,SOL000323229,P000454,2,2,1,1,fail,82.99
RETL000007548,RTN00007548,SOL000222078,P000346,7,7,0,7,fail,411.11
RETL000007549,RTN00007549,SOL000231392,P000327,2,2,1,1,fail,544.92
RETL000007550,RTN00007550,SOL000113458,P000470,24,24,13,11,fail,2026.27
RETL000007551,RTN00007551,SOL000165447,P000281,2,0,0,0,pass,203.24
RETL000007552,RTN00007552,SOL000347744,P000345,22,22,12,10,fail,4306.21
RETL000007553,RTN00007553,SOL000364898,P000232,3,3,1,2,fail,231.79
RETL000007554,RTN00007554,SOL000090268,P000150,13,13,0,13,fail,1484.24
RETL000007555,RTN00007555,SOL000133855,P000121,8,8,0,8,fail,1290.4
RETL000007556,RTN00007556,SOL000070117,P000535,64,64,47,17,fail,3483.93
RETL000007557,RTN00007557,SOL000071180,P000237,13,13,0,13,fail,2822.24
RETL000007558,RTN00007558,SOL000103632,P000235,20,20,0,20,fail,8338.65
RETL000007559,RTN00007559,SOL000222502,P000560,1,1,0,1,fail,78.28
RETL000007560,RTN00007560,SOL000132554,P000573,6,6,0,6,fail,442.7
RETL000007561,RTN00007561,SOL000044390,P000645,24,24,21,3,pass,1648.66
RETL000007562,RTN00007562,SOL000042101,P000028,37,37,0,37,fail,5710.77
RETL000007563,RTN00007563,SOL000052553,P000148,14,14,0,14,fail,1664.5
RETL000007564,RTN00007564,SOL000331015,P000411,36,36,16,20,fail,1101.9
RETL000007565,RTN00007565,SOL000257310,P000164,5,5,3,2,fail,432.2
RETL000007566,RTN00007566,SOL000024400,P000099,3,3,1,2,fail,536.86
RETL000007567,RTN00007567,SOL000121829,P000556,33,0,0,0,pass,2752.08
RETL000007568,RTN00007568,SOL000256600,P000568,4,4,0,4,fail,274.2
RETL000007569,RTN00007569,SOL000131679,P000182,6,6,0,6,fail,525.42
RETL000007570,RTN00007570,SOL000327583,P000364,8,8,3,5,fail,431.71
RETL000007571,RTN00007571,SOL000363171,P000129,14,14,0,14,fail,415.95
RETL000007572,RTN00007572,SOL000161082,P000286,6,6,0,6,fail,361.9
RETL000007573,RTN00007573,SOL000133717,P000082,2,2,0,2,fail,523.74
RETL000007574,RTN00007574,SOL000255561,P000612,2,2,0,2,fail,1239.7
RETL000007575,RTN00007575,SOL000239783,P000591,34,34,11,23,fail,6209.91
RETL000007576,RTN00007576,SOL000012818,P000616,17,0,0,0,pass,1128.37
RETL000007577,RTN00007577,SOL000244657,P000254,10,10,0,10,fail,972.99
RETL000007578,RTN00007578,SOL000258165,P000429,15,15,0,15,fail,1213.23
RETL000007579,RTN00007579,SOL000083705,P000337,18,0,0,0,pass,752.98
RETL000007580,RTN00007580,SOL000161308,P000362,17,0,0,0,pass,2342.11
RETL000007581,RTN00007581,SOL000332360,P000141,17,0,0,0,pass,637.9
RETL000007582,RTN00007582,SOL000334561,P000033,6,6,3,3,fail,243.74
RETL000007583,RTN00007583,SOL000053871,P000102,1,1,0,1,fail,141.94
RETL000007584,RTN00007584,SOL000240343,P000546,15,15,0,15,fail,1402.21
RETL000007585,RTN00007585,SOL000032144,P000632,12,12,0,12,fail,3229.0
RETL000007586,RTN00007586,SOL000311338,P000078,5,5,4,1,pass,159.62
RETL000007587,RTN00007587,SOL000263788,P000572,5,5,0,5,fail,678.02
RETL000007588,RTN00007588,SOL000248421,P000045,30,30,0,30,fail,4884.67
RETL000007589,RTN00007589,SOL000140989,P000551,1,1,0,1,fail,169.93
RETL000007590,RTN00007590,SOL000054123,P000141,1,1,0,1,fail,34.96
RETL000007591,RTN00007591,SOL000071064,P000526,22,0,0,0,pass,1038.23
RETL000007592,RTN00007592,SOL000199567,P000440,15,0,0,0,pass,759.52
RETL000007593,RTN00007593,SOL000267310,P000523,2,2,0,2,fail,72.64
RETL000007594,RTN00007594,SOL000233746,P000397,2,2,0,2,fail,247.81
RETL000007595,RTN00007595,SOL000211542,P000573,15,0,0,0,pass,953.81
RETL000007596,RTN00007596,SOL000303693,P000514,1,1,0,1,fail,137.42
RETL000007597,RTN00007597,SOL000142988,P000384,6,0,0,0,pass,779.81
RETL000007598,RTN00007598,SOL000009555,P000195,9,9,4,5,fail,1199.18
RETL000007599,RTN00007599,SOL000005037,P000430,1,1,0,1,fail,51.24
RETL000007600,RTN00007600,SOL000092863,P000471,2,0,0,0,pass,86.91
RETL000007601,RTN00007601,SOL000217904,P000330,1,1,0,1,fail,108.19
RETL000007602,RTN00007602,SOL000292740,P000617,2,0,0,0,pass,64.3
RETL000007603,RTN00007603,SOL000170006,P000229,2,2,1,1,fail,429.4
RETL000007604,RTN00007604,SOL000241736,P000193,18,18,11,7,fail,4419.88
RETL000007605,RTN00007605,SOL000106109,P000395,4,4,0,4,fail,2261.0
RETL000007606,RTN00007606,SOL000203282,P000647,28,0,0,0,pass,1598.33
RETL000007607,RTN00007607,SOL000228498,P000146,17,17,0,17,fail,1095.78
RETL000007608,RTN00007608,SOL000293188,P000063,23,23,0,23,fail,1535.34
RETL000007609,RTN00007609,SOL000010576,P000542,19,0,0,0,pass,6665.84
RETL000007610,RTN00007610,SOL000291938,P000093,8,0,0,0,pass,409.76
RETL000007611,RTN00007611,SOL000083557,P000084,1,1,1,0,pass,91.98
RETL000007612,RTN00007612,SOL000042347,P000076,24,24,0,24,fail,5605.39
RETL000007613,RTN00007613,SOL000256836,P000267,9,9,0,9,fail,1140.91
RETL000007614,RTN00007614,SOL000304837,P000112,9,0,0,0,pass,2172.99
RETL000007615,RTN00007615,SOL000230304,P000382,5,5,0,5,fail,58.92
RETL000007616,RTN00007616,SOL000153535,P000534,2,2,0,2,fail,136.47
RETL000007617,RTN00007617,SOL000254066,P000233,7,0,0,0,pass,408.74
RETL000007618,RTN00007618,SOL000146028,P000637,6,6,2,4,fail,390.26
RETL000007619,RTN00007619,SOL000227448,P000434,15,15,10,5,fail,4169.48
RETL000007620,RTN00007620,SOL000101370,P000577,23,0,0,0,pass,2750.87
RETL000007621,RTN00007621,SOL000170980,P000621,2,0,0,0,pass,243.77
RETL000007622,RTN00007622,SOL000093132,P000185,8,0,0,0,pass,865.33
RETL000007623,RTN00007623,SOL000201264,P000598,13,13,0,13,fail,1720.54
RETL000007624,RTN00007624,SOL000259314,P000079,2,2,0,2,fail,50.73
RETL000007625,RTN00007625,SOL000333524,P000601,39,39,0,39,fail,11790.31
RETL000007626,RTN00007626,SOL000064220,P000126,28,0,0,0,pass,1801.31
RETL000007627,RTN00007627,SOL000318352,P000042,13,13,8,5,fail,1355.9
RETL000007628,RTN00007628,SOL000335400,P000375,5,5,2,3,fail,2611.74
RETL000007629,RTN00007629,SOL000313822,P000254,13,13,9,4,fail,1456.7
RETL000007630,RTN00007630,SOL000042500,P000492,5,5,0,5,fail,248.08
RETL000007631,RTN00007631,SOL000067608,P000294,39,39,33,6,pass,13674.98
RETL000007632,RTN00007632,SOL000053795,P000012,7,0,0,0,pass,1296.13
RETL000007633,RTN00007633,SOL000062946,P000374,5,5,0,5,fail,626.8
RETL000007634,RTN00007634,SOL000078755,P000054,50,0,0,0,pass,3259.5
RETL000007635,RTN00007635,SOL000204640,P000615,18,18,0,18,fail,1055.51
RETL000007636,RTN00007636,SOL000003079,P000109,3,3,0,3,fail,186.6
RETL000007637,RTN00007637,SOL000056165,P000244,3,3,0,3,fail,90.23
RETL000007638,RTN00007638,SOL000247177,P000618,7,0,0,0,pass,725.34
RETL000007639,RTN00007639,SOL000288104,P000582,9,9,0,9,fail,2270.54
RETL000007640,RTN00007640,SOL000286858,P000624,24,24,16,8,fail,4207.29
RETL000007641,RTN00007641,SOL000172750,P000226,2,2,0,2,fail,66.21
RETL000007642,RTN00007642,SOL000057829,P000197,26,26,0,26,fail,4993.79
RETL000007643,RTN00007643,SOL000213046,P000191,3,3,1,2,fail,109.75
RETL000007644,RTN00007644,SOL000313441,P000231,1,1,0,1,fail,190.36
RETL000007645,RTN00007645,SOL000148414,P000615,2,2,0,2,fail,123.65
RETL000007646,RTN00007646,SOL000117056,P000076,5,5,0,5,fail,867.13
RETL000007647,RTN00007647,SOL000141319,P000223,7,0,0,0,pass,2019.18
RETL000007648,RTN00007648,SOL000151190,P000027,11,11,6,5,fail,1193.32
RETL000007649,RTN00007649,SOL000222417,P000202,9,9,3,6,fail,2618.71
RETL000007650,RTN00007650,SOL000052526,P000008,2,2,0,2,fail,93.69
RETL000007651,RTN00007651,SOL000070247,P000126,17,17,11,6,fail,1309.33
RETL000007652,RTN00007652,SOL000297584,P000494,15,15,0,15,fail,1104.19
RETL000007653,RTN00007653,SOL000134521,P000441,12,12,7,5,fail,570.84
RETL000007654,RTN00007654,SOL000100382,P000159,1,1,0,1,fail,39.66
RETL000007655,RTN00007655,SOL000148850,P000133,6,6,0,6,fail,377.8
RETL000007656,RTN00007656,SOL000121313,P000091,10,10,0,10,fail,492.18
RETL000007657,RTN00007657,SOL000162993,P000345,4,4,0,4,fail,640.8
RETL000007658,RTN00007658,SOL000188593,P000051,2,2,0,2,fail,24.66
RETL000007659,RTN00007659,SOL000327876,P000413,8,0,0,0,pass,842.52
RETL000007660,RTN00007660,SOL000196599,P000265,29,29,11,18,fail,5656.11
RETL000007661,RTN00007661,SOL000026267,P000625,6,6,0,6,fail,488.74
RETL000007662,RTN00007662,SOL000274293,P000047,7,7,0,7,fail,502.15
RETL000007663,RTN00007663,SOL000266079,P000551,3,3,2,1,fail,631.64
RETL000007664,RTN00007664,SOL000265835,P000430,2,2,0,2,fail,112.13
RETL000007665,RTN00007665,SOL000146788,P000398,6,0,0,0,pass,1096.81
RETL000007666,RTN00007666,SOL000087575,P000381,7,7,0,7,fail,1147.09
RETL000007667,RTN00007667,SOL000278699,P000440,5,5,0,5,fail,364.21
RETL000007668,RTN00007668,SOL000165072,P000331,2,0,0,0,pass,528.5
RETL000007669,RTN00007669,SOL000179910,P000492,1,1,0,1,fail,64.53
RETL000007670,RTN00007670,SOL000253701,P000351,2,0,0,0,pass,1153.43
RETL000007671,RTN00007671,SOL000135058,P000606,26,26,0,26,fail,8118.61
RETL000007672,RTN00007672,SOL000187277,P000491,10,10,7,3,fail,1502.34
RETL000007673,RTN00007673,SOL000235117,P000453,8,0,0,0,pass,1715.87
RETL000007674,RTN00007674,SOL000053971,P000293,6,6,0,6,fail,936.93
RETL000007675,RTN00007675,SOL000235206,P000249,1,1,0,1,fail,88.49
RETL000007676,RTN00007676,SOL000225160,P000391,22,22,0,22,fail,845.39
RETL000007677,RTN00007677,SOL000134784,P000497,47,47,0,47,fail,3272.97
RETL000007678,RTN00007678,SOL000042503,P000151,23,23,0,23,fail,1253.15
RETL000007679,RTN00007679,SOL000110920,P000182,43,43,16,27,fail,2940.84
RETL000007680,RTN00007680,SOL000285338,P000171,6,6,0,6,fail,1140.05
RETL000007681,RTN00007681,SOL000188823,P000090,3,3,0,3,fail,155.52
RETL000007682,RTN00007682,SOL000027118,P000014,4,0,0,0,pass,461.34
RETL000007683,RTN00007683,SOL000023772,P000617,13,13,0,13,fail,419.76
RETL000007684,RTN00007684,SOL000019578,P000045,7,7,2,5,fail,1490.23
RETL000007685,RTN00007685,SOL000028260,P000490,36,36,0,36,fail,5875.62
RETL000007686,RTN00007686,SOL000167897,P000315,1,1,0,1,fail,134.54
RETL000007687,RTN00007687,SOL000349398,P000139,1,1,1,0,pass,118.34
RETL000007688,RTN00007688,SOL000164416,P000583,3,0,0,0,pass,133.78
RETL000007689,RTN00007689,SOL000345013,P000144,3,3,2,1,fail,221.08
RETL000007690,RTN00007690,SOL000023629,P000502,115,0,0,0,pass,17469.11
RETL000007691,RTN00007691,SOL000190749,P000074,3,0,0,0,pass,234.91
RETL000007692,RTN00007692,SOL000155607,P000247,3,3,0,3,fail,268.62
RETL000007693,RTN00007693,SOL000260872,P000200,11,0,0,0,pass,623.65
RETL000007694,RTN00007694,SOL000307126,P000605,10,0,0,0,pass,737.52
RETL000007695,RTN00007695,SOL000110986,P000279,4,4,0,4,fail,142.62
RETL000007696,RTN00007696,SOL000282806,P000501,6,6,0,6,fail,1919.58
RETL000007697,RTN00007697,SOL000358193,P000035,7,7,5,2,fail,836.68
RETL000007698,RTN00007698,SOL000194983,P000371,10,10,0,10,fail,1042.7
RETL000007699,RTN00007699,SOL000164966,P000133,11,0,0,0,pass,955.15
RETL000007700,RTN00007700,SOL000308516,P000482,10,10,0,10,fail,1803.41
RETL000007701,RTN00007701,SOL000089331,P000306,18,18,0,18,fail,5569.83
RETL000007702,RTN00007702,SOL000112109,P000066,28,0,0,0,pass,3135.35
RETL000007703,RTN00007703,SOL000061476,P000240,9,9,0,9,fail,1001.43
RETL000007704,RTN00007704,SOL000181438,P000217,11,11,3,8,fail,868.15
RETL000007705,RTN00007705,SOL000059415,P000342,2,0,0,0,pass,182.85
RETL000007706,RTN00007706,SOL000092730,P000544,4,4,2,2,fail,145.67
RETL000007707,RTN00007707,SOL000006254,P000541,14,14,0,14,fail,5897.12
RETL000007708,RTN00007708,SOL000214295,P000048,3,3,0,3,fail,290.22
RETL000007709,RTN00007709,SOL000015661,P000299,1,1,0,1,fail,393.4
RETL000007710,RTN00007710,SOL000089792,P000247,7,7,0,7,fail,500.41
RETL000007711,RTN00007711,SOL000358014,P000150,48,48,0,48,fail,3903.75
RETL000007712,RTN00007712,SOL000337767,P000317,2,0,0,0,pass,112.74
RETL000007713,RTN00007713,SOL000028365,P000013,8,0,0,0,pass,1503.49
RETL000007714,RTN00007714,SOL000257797,P000050,63,0,0,0,pass,8171.67
RETL000007715,RTN00007715,SOL000099735,P000351,16,16,0,16,fail,9252.8
RETL000007716,RTN00007716,SOL000027314,P000222,6,6,0,6,fail,2413.6
RETL000007717,RTN00007717,SOL000264292,P000162,14,14,7,7,fail,554.65
RETL000007718,RTN00007718,SOL000158000,P000588,4,4,0,4,fail,164.57
RETL000007719,RTN00007719,SOL000068133,P000173,1,1,0,1,fail,178.27
RETL000007720,RTN00007720,SOL000228403,P000369,2,2,0,2,fail,80.98
RETL000007721,RTN00007721,SOL000058149,P000318,5,5,3,2,fail,262.43
RETL000007722,RTN00007722,SOL000033586,P000379,19,19,0,19,fail,1358.49
RETL000007723,RTN00007723,SOL000300501,P000272,17,17,0,17,fail,885.96
RETL000007724,RTN00007724,SOL000332157,P000024,1,1,0,1,fail,52.7
RETL000007725,RTN00007725,SOL000135585,P000566,25,25,10,15,fail,3516.87
RETL000007726,RTN00007726,SOL000125530,P000462,1,1,0,1,fail,101.63
RETL000007727,RTN00007727,SOL000290106,P000309,3,3,2,1,fail,167.24
RETL000007728,RTN00007728,SOL000044411,P000390,14,14,12,2,pass,237.62
RETL000007729,RTN00007729,SOL000017830,P000603,1,1,0,1,fail,79.63
RETL000007730,RTN00007730,SOL000122563,P000291,3,3,0,3,fail,546.41
RETL000007731,RTN00007731,SOL000165129,P000550,22,22,0,22,fail,1820.17
RETL000007732,RTN00007732,SOL000094123,P000625,110,110,56,54,fail,11935.47
RETL000007733,RTN00007733,SOL000318967,P000609,3,3,1,2,fail,1136.61
RETL000007734,RTN00007734,SOL000227343,P000152,7,7,0,7,fail,321.49
RETL000007735,RTN00007735,SOL000312816,P000551,4,4,0,4,fail,862.43
RETL000007736,RTN00007736,SOL000306486,P000194,6,6,2,4,fail,1323.55
RETL000007737,RTN00007737,SOL000002105,P000292,3,3,2,1,fail,1457.72
RETL000007738,RTN00007738,SOL000056397,P000020,1,0,0,0,pass,54.0
RETL000007739,RTN00007739,SOL000146577,P000455,1,1,0,1,fail,143.06
RETL000007740,RTN00007740,SOL000044801,P000593,12,0,0,0,pass,918.86
RETL000007741,RTN00007741,SOL000254902,P000507,8,8,0,8,fail,868.33
RETL000007742,RTN00007742,SOL000187678,P000210,2,2,0,2,fail,290.69
RETL000007743,RTN00007743,SOL000174967,P000323,2,2,1,1,fail,171.76
RETL000007744,RTN00007744,SOL000309353,P000048,25,25,0,25,fail,2558.35
RETL000007745,RTN00007745,SOL000014573,P000592,24,24,0,24,fail,2065.68
RETL000007746,RTN00007746,SOL000057568,P000532,3,0,0,0,pass,226.85
RETL000007747,RTN00007747,SOL000136553,P000319,15,15,0,15,fail,560.31
RETL000007748,RTN00007748,SOL000247312,P000297,11,11,5,6,fail,2369.64
RETL000007749,RTN00007749,SOL000149864,P000180,26,26,0,26,fail,1181.86
RETL000007750,RTN00007750,SOL000364492,P000445,2,2,2,0,pass,284.92
RETL000007751,RTN00007751,SOL000323223,P000212,19,0,0,0,pass,4233.23
RETL000007752,RTN00007752,SOL000259381,P000390,21,21,17,4,pass,312.65
RETL000007753,RTN00007753,SOL000143291,P000487,5,5,0,5,fail,421.64
RETL000007754,RTN00007754,SOL000191355,P000412,24,0,0,0,pass,1258.85
RETL000007755,RTN00007755,SOL000254759,P000143,31,31,18,13,fail,1109.03
RETL000007756,RTN00007756,SOL000128663,P000044,9,9,0,9,fail,3494.4
RETL000007757,RTN00007757,SOL000167469,P000649,9,9,0,9,fail,3259.26
RETL000007758,RTN00007758,SOL000120437,P000328,3,3,0,3,fail,203.02
RETL000007759,RTN00007759,SOL000120246,P000385,22,22,0,22,fail,1284.91
RETL000007760,RTN00007760,SOL000202923,P000491,11,0,0,0,pass,1878.71
RETL000007761,RTN00007761,SOL000349628,P000642,5,0,0,0,pass,696.82
RETL000007762,RTN00007762,SOL000149351,P000137,13,13,0,13,fail,777.33
RETL000007763,RTN00007763,SOL000078504,P000341,15,15,0,15,fail,2720.39
RETL000007764,RTN00007764,SOL000308321,P000293,12,12,0,12,fail,1756.83
RETL000007765,RTN00007765,SOL000021003,P000302,31,31,11,20,fail,2249.76
RETL000007766,RTN00007766,SOL000054004,P000251,5,0,0,0,pass,473.62
RETL000007767,RTN00007767,SOL000353282,P000587,8,0,0,0,pass,1507.45
RETL000007768,RTN00007768,SOL000350264,P000444,4,4,3,1,fail,589.02
RETL000007769,RTN00007769,SOL000049045,P000075,7,7,4,3,fail,402.3
RETL000007770,RTN00007770,SOL000003612,P000273,24,24,0,24,fail,3539.71
RETL000007771,RTN00007771,SOL000267063,P000345,2,2,0,2,fail,432.93
RETL000007772,RTN00007772,SOL000159812,P000156,7,0,0,0,pass,423.25
RETL000007773,RTN00007773,SOL000365959,P000006,6,0,0,0,pass,274.05
RETL000007774,RTN00007774,SOL000294978,P000360,9,9,0,9,fail,1205.43
RETL000007775,RTN00007775,SOL000038559,P000208,18,18,5,13,fail,431.44
RETL000007776,RTN00007776,SOL000190400,P000573,2,2,0,2,fail,160.48
RETL000007777,RTN00007777,SOL000318896,P000541,76,76,0,76,fail,32080.93
RETL000007778,RTN00007778,SOL000047112,P000155,1,1,0,1,fail,74.35
RETL000007779,RTN00007779,SOL000252557,P000539,4,4,0,4,fail,421.5
RETL000007780,RTN00007780,SOL000348195,P000505,11,0,0,0,pass,256.69
RETL000007781,RTN00007781,SOL000297511,P000547,11,11,0,11,fail,3160.92
RETL000007782,RTN00007782,SOL000110325,P000320,67,67,0,67,fail,5354.67
RETL000007783,RTN00007783,SOL000236682,P000517,1,1,0,1,fail,459.13
RETL000007784,RTN00007784,SOL000338465,P000560,21,21,0,21,fail,2022.64
RETL000007785,RTN00007785,SOL000022231,P000504,4,4,0,4,fail,519.88
RETL000007786,RTN00007786,SOL000065224,P000178,16,16,0,16,fail,1000.46
RETL000007787,RTN00007787,SOL000186853,P000430,2,0,0,0,pass,91.32
RETL000007788,RTN00007788,SOL000196498,P000542,9,9,0,9,fail,2658.26
RETL000007789,RTN00007789,SOL000043475,P000616,4,4,2,2,fail,375.17
RETL000007790,RTN00007790,SOL000083155,P000556,6,0,0,0,pass,446.38
RETL000007791,RTN00007791,SOL000234271,P000225,9,9,0,9,fail,1104.43
RETL000007792,RTN00007792,SOL000136510,P000573,7,0,0,0,pass,512.99
RETL000007793,RTN00007793,SOL000182294,P000429,9,9,6,3,fail,995.6
RETL000007794,RTN00007794,SOL000032323,P000358,7,7,0,7,fail,2556.77
RETL000007795,RTN00007795,SOL000210991,P000377,3,3,2,1,fail,122.92
RETL000007796,RTN00007796,SOL000226986,P000373,19,19,15,4,fail,1861.85
RETL000007797,RTN00007797,SOL000208605,P000114,12,0,0,0,pass,657.78
RETL000007798,RTN00007798,SOL000331337,P000388,7,7,6,1,pass,502.67
RETL000007799,RTN00007799,SOL000163049,P000220,1,1,0,1,fail,387.82
RETL000007800,RTN00007800,SOL000261035,P000396,7,7,0,7,fail,1155.93
RETL000007801,RTN00007801,SOL000041673,P000371,1,0,0,0,pass,115.86
RETL000007802,RTN00007802,SOL000042015,P000626,1,0,0,0,pass,116.57
RETL000007803,RTN00007803,SOL000119675,P000628,27,27,0,27,fail,2577.01
RETL000007804,RTN00007804,SOL000066723,P000579,2,2,2,0,pass,159.33
RETL000007805,RTN00007805,SOL000235336,P000494,14,14,0,14,fail,1460.93
RETL000007806,RTN00007806,SOL000355853,P000333,15,15,6,9,fail,6908.77
RETL000007807,RTN00007807,SOL000366500,P000594,3,3,2,1,fail,166.84
RETL000007808,RTN00007808,SOL000196466,P000506,10,0,0,0,pass,419.72
RETL000007809,RTN00007809,SOL000206647,P000619,11,11,0,11,fail,842.73
RETL000007810,RTN00007810,SOL000240669,P000370,12,12,5,7,fail,1740.2
RETL000007811,RTN00007811,SOL000320361,P000055,2,0,0,0,pass,864.38
RETL000007812,RTN00007812,SOL000234002,P000273,2,2,1,1,fail,226.55
RETL000007813,RTN00007813,SOL000077385,P000462,8,8,2,6,fail,853.97
RETL000007814,RTN00007814,SOL000126343,P000050,3,3,1,2,fail,395.73
RETL000007815,RTN00007815,SOL000048172,P000298,8,8,0,8,fail,3707.84
RETL000007816,RTN00007816,SOL000312480,P000112,1,1,0,1,fail,249.52
RETL000007817,RTN00007817,SOL000072363,P000320,15,15,0,15,fail,1606.8
RETL000007818,RTN00007818,SOL000134807,P000162,11,11,0,11,fail,445.89
RETL000007819,RTN00007819,SOL000168509,P000471,20,20,0,20,fail,824.93
RETL000007820,RTN00007820,SOL000218689,P000411,10,10,6,4,fail,300.12
RETL000007821,RTN00007821,SOL000010267,P000081,9,9,4,5,fail,203.35
RETL000007822,RTN00007822,SOL000106444,P000338,11,0,0,0,pass,651.1
RETL000007823,RTN00007823,SOL000036756,P000014,4,4,3,1,fail,353.15
RETL000007824,RTN00007824,SOL000300425,P000609,5,5,0,5,fail,1684.46
RETL000007825,RTN00007825,SOL000042066,P000020,50,50,44,6,pass,2314.92
RETL000007826,RTN00007826,SOL000102589,P000645,1,0,0,0,pass,84.77
RETL000007827,RTN00007827,SOL000204298,P000200,1,1,1,0,pass,80.29
RETL000007828,RTN00007828,SOL000277209,P000345,21,21,0,21,fail,4481.7
RETL000007829,RTN00007829,SOL000046761,P000402,1,1,0,1,fail,155.04
RETL000007830,RTN00007830,SOL000342167,P000396,4,4,0,4,fail,676.77
RETL000007831,RTN00007831,SOL000138357,P000065,10,10,0,10,fail,474.83
RETL000007832,RTN00007832,SOL000117740,P000612,3,3,1,2,fail,1695.34
RETL000007833,RTN00007833,SOL000135486,P000152,4,0,0,0,pass,201.71
RETL000007834,RTN00007834,SOL000364239,P000024,2,2,0,2,fail,81.7
RETL000007835,RTN00007835,SOL000094302,P000587,9,9,0,9,fail,1628.31
RETL000007836,RTN00007836,SOL000141880,P000075,6,6,0,6,fail,460.17
RETL000007837,RTN00007837,SOL000061433,P000350,5,5,0,5,fail,140.12
RETL000007838,RTN00007838,SOL000252737,P000488,15,15,13,2,pass,206.73
RETL000007839,RTN00007839,SOL000279976,P000311,26,26,0,26,fail,1161.33
RETL000007840,RTN00007840,SOL000350107,P000022,22,22,0,22,fail,930.94
RETL000007841,RTN00007841,SOL000206673,P000427,3,3,2,1,fail,248.27
RETL000007842,RTN00007842,SOL000039336,P000630,1,0,0,0,pass,267.27
RETL000007843,RTN00007843,SOL000332848,P000478,7,7,0,7,fail,435.19
RETL000007844,RTN00007844,SOL000283739,P000473,6,6,2,4,fail,428.91
RETL000007845,RTN00007845,SOL000145190,P000159,3,3,0,3,fail,113.37
RETL000007846,RTN00007846,SOL000154387,P000608,12,12,0,12,fail,701.72
RETL000007847,RTN00007847,SOL000317008,P000581,41,41,0,41,fail,1618.36
RETL000007848,RTN00007848,SOL000270374,P000609,15,15,0,15,fail,5578.93
RETL000007849,RTN00007849,SOL000279937,P000618,13,13,0,13,fail,1275.34
RETL000007850,RTN00007850,SOL000337693,P000192,2,2,0,2,fail,73.32
RETL000007851,RTN00007851,SOL000075490,P000216,8,8,0,8,fail,1179.72
RETL000007852,RTN00007852,SOL000363460,P000314,1,1,0,1,fail,47.75
RETL000007853,RTN00007853,SOL000107211,P000038,11,0,0,0,pass,530.7
RETL000007854,RTN00007854,SOL000231559,P000070,2,2,2,0,pass,148.31
RETL000007855,RTN00007855,SOL000276724,P000364,5,5,1,4,fail,229.99
RETL000007856,RTN00007856,SOL000341408,P000080,14,0,0,0,pass,1500.1
RETL000007857,RTN00007857,SOL000262732,P000382,14,14,10,4,fail,173.92
RETL000007858,RTN00007858,SOL000138987,P000198,6,6,2,4,fail,648.81
RETL000007859,RTN00007859,SOL000340437,P000199,24,24,0,24,fail,1239.3
RETL000007860,RTN00007860,SOL000195590,P000185,10,10,0,10,fail,1249.91
RETL000007861,RTN00007861,SOL000093249,P000517,6,6,0,6,fail,2450.49
RETL000007862,RTN00007862,SOL000314005,P000528,2,2,0,2,fail,194.67
RETL000007863,RTN00007863,SOL000149298,P000307,13,13,8,5,fail,1173.9
RETL000007864,RTN00007864,SOL000014489,P000453,2,0,0,0,pass,450.85
RETL000007865,RTN00007865,SOL000289637,P000494,9,0,0,0,pass,786.34
RETL000007866,RTN00007866,SOL000290719,P000477,3,3,3,0,pass,416.36
RETL000007867,RTN00007867,SOL000120609,P000543,4,4,3,1,fail,476.91
RETL000007868,RTN00007868,SOL000259559,P000532,2,0,0,0,pass,147.64
RETL000007869,RTN00007869,SOL000164516,P000153,17,17,0,17,fail,1088.04
RETL000007870,RTN00007870,SOL000155479,P000439,22,22,0,22,fail,3045.79
RETL000007871,RTN00007871,SOL000071729,P000463,17,17,7,10,fail,3634.86
RETL000007872,RTN00007872,SOL000034400,P000213,18,0,0,0,pass,852.73
RETL000007873,RTN00007873,SOL000309574,P000094,12,12,0,12,fail,700.24
RETL000007874,RTN00007874,SOL000136276,P000272,29,0,0,0,pass,1789.17
RETL000007875,RTN00007875,SOL000098617,P000323,32,32,27,5,pass,2010.23
RETL000007876,RTN00007876,SOL000053021,P000171,32,32,9,23,fail,4360.37
RETL000007877,RTN00007877,SOL000209014,P000297,5,5,0,5,fail,1102.07
RETL000007878,RTN00007878,SOL000300117,P000535,5,0,0,0,pass,351.29
RETL000007879,RTN00007879,SOL000007641,P000317,1,0,0,0,pass,57.41
RETL000007880,RTN00007880,SOL000054389,P000150,42,0,0,0,pass,4487.73
RETL000007881,RTN00007881,SOL000170680,P000030,4,4,0,4,fail,172.54
RETL000007882,RTN00007882,SOL000299177,P000412,2,2,0,2,fail,87.39
RETL000007883,RTN00007883,SOL000082545,P000276,16,0,0,0,pass,804.71
RETL000007884,RTN00007884,SOL000125643,P000422,12,0,0,0,pass,1261.05
RETL000007885,RTN00007885,SOL000149012,P000101,5,5,4,1,pass,526.82
RETL000007886,RTN00007886,SOL000256669,P000615,1,0,0,0,pass,57.86
RETL000007887,RTN00007887,SOL000187321,P000492,9,9,0,9,fail,428.88
RETL000007888,RTN00007888,SOL000252153,P000080,8,8,5,3,fail,813.94
RETL000007889,RTN00007889,SOL000065392,P000240,6,6,0,6,fail,843.58
RETL000007890,RTN00007890,SOL000260519,P000053,1,1,1,0,pass,56.31
RETL000007891,RTN00007891,SOL000040118,P000506,11,11,0,11,fail,504.63
RETL000007892,RTN00007892,SOL000102286,P000599,14,0,0,0,pass,1103.9
RETL000007893,RTN00007893,SOL000096195,P000166,6,0,0,0,pass,581.83
RETL000007894,RTN00007894,SOL000191504,P000466,11,11,0,11,fail,747.38
RETL000007895,RTN00007895,SOL000059491,P000607,1,1,0,1,fail,64.75
RETL000007896,RTN00007896,SOL000363784,P000117,3,3,2,1,fail,354.43
RETL000007897,RTN00007897,SOL000008988,P000414,1,1,0,1,fail,61.34
RETL000007898,RTN00007898,SOL000142909,P000525,3,3,0,3,fail,165.5
RETL000007899,RTN00007899,SOL000276753,P000041,15,15,0,15,fail,522.82
RETL000007900,RTN00007900,SOL000006196,P000024,4,4,1,3,fail,228.87
RETL000007901,RTN00007901,SOL000113896,P000629,28,28,0,28,fail,845.67
RETL000007902,RTN00007902,SOL000236573,P000612,20,20,0,20,fail,11053.27
RETL000007903,RTN00007903,SOL000256762,P000031,5,5,2,3,fail,453.3
RETL000007904,RTN00007904,SOL000301670,P000285,40,40,0,40,fail,2383.96
RETL000007905,RTN00007905,SOL000303572,P000629,14,0,0,0,pass,430.68
RETL000007906,RTN00007906,SOL000248271,P000257,5,5,0,5,fail,566.38
RETL000007907,RTN00007907,SOL000158517,P000267,40,40,0,40,fail,4710.4
RETL000007908,RTN00007908,SOL000314172,P000631,11,0,0,0,pass,1103.27
RETL000007909,RTN00007909,SOL000243797,P000350,1,1,0,1,fail,30.66
RETL000007910,RTN00007910,SOL000161207,P000510,18,18,11,7,fail,611.55
RETL000007911,RTN00007911,SOL000330468,P000178,14,14,4,10,fail,832.07
RETL000007912,RTN00007912,SOL000076972,P000058,18,18,10,8,fail,6073.49
RETL000007913,RTN00007913,SOL000317588,P000646,19,19,6,13,fail,2655.11
RETL000007914,RTN00007914,SOL000182859,P000259,3,3,0,3,fail,940.37
RETL000007915,RTN00007915,SOL000082533,P000473,7,7,0,7,fail,566.82
RETL000007916,RTN00007916,SOL000190007,P000368,4,4,0,4,fail,302.17
RETL000007917,RTN00007917,SOL000138661,P000288,1,1,0,1,fail,122.23
RETL000007918,RTN00007918,SOL000088508,P000188,2,0,0,0,pass,167.55
RETL000007919,RTN00007919,SOL000346021,P000468,18,18,16,2,pass,2508.7
RETL000007920,RTN00007920,SOL000115565,P000576,1,1,0,1,fail,142.74
RETL000007921,RTN00007921,SOL000047842,P000508,44,44,0,44,fail,3047.87
RETL000007922,RTN00007922,SOL000200874,P000625,5,5,0,5,fail,433.44
RETL000007923,RTN00007923,SOL000195187,P000400,1,1,0,1,fail,243.22
RETL000007924,RTN00007924,SOL000129510,P000320,10,10,0,10,fail,854.4
RETL000007925,RTN00007925,SOL000310313,P000596,14,14,9,5,fail,3071.75
RETL000007926,RTN00007926,SOL000038004,P000082,28,28,0,28,fail,6752.41
RETL000007927,RTN00007927,SOL000301607,P000243,15,0,0,0,pass,1096.19
RETL000007928,RTN00007928,SOL000233398,P000644,10,10,6,4,fail,1258.73
RETL000007929,RTN00007929,SOL000116753,P000241,9,9,5,4,fail,923.41
RETL000007930,RTN00007930,SOL000331967,P000421,3,3,2,1,fail,175.86
RETL000007931,RTN00007931,SOL000278404,P000461,10,10,7,3,fail,1297.82
RETL000007932,RTN00007932,SOL000062145,P000607,8,0,0,0,pass,678.08
RETL000007933,RTN00007933,SOL000141401,P000464,10,10,0,10,fail,1444.66
RETL000007934,RTN00007934,SOL000141215,P000365,1,0,0,0,pass,53.93
RETL000007935,RTN00007935,SOL000224923,P000450,10,10,0,10,fail,424.34
RETL000007936,RTN00007936,SOL000353204,P000112,3,3,2,1,fail,719.39
RETL000007937,RTN00007937,SOL000291309,P000159,19,19,13,6,fail,711.97
RETL000007938,RTN00007938,SOL000341763,P000132,8,8,6,2,fail,329.5
RETL000007939,RTN00007939,SOL000345547,P000401,7,7,0,7,fail,510.48
RETL000007940,RTN00007940,SOL000126542,P000498,6,6,0,6,fail,547.58
RETL000007941,RTN00007941,SOL000223331,P000580,3,3,0,3,fail,121.27
RETL000007942,RTN00007942,SOL000191101,P000037,20,20,14,6,fail,1452.65
RETL000007943,RTN00007943,SOL000285138,P000522,7,7,0,7,fail,647.22
RETL000007944,RTN00007944,SOL000365413,P000591,12,12,0,12,fail,2675.24
RETL000007945,RTN00007945,SOL000048855,P000626,14,0,0,0,pass,1525.62
RETL000007946,RTN00007946,SOL000078067,P000284,1,1,0,1,fail,14.88
RETL000007947,RTN00007947,SOL000083558,P000278,3,3,0,3,fail,304.67
RETL000007948,RTN00007948,SOL000298490,P000082,16,16,0,16,fail,3693.55
RETL000007949,RTN00007949,SOL000347198,P000364,2,0,0,0,pass,91.64
RETL000007950,RTN00007950,SOL000070781,P000625,21,21,0,21,fail,2141.78
RETL000007951,RTN00007951,SOL000040233,P000468,35,0,0,0,pass,4249.64
RETL000007952,RTN00007952,SOL000115780,P000533,20,0,0,0,pass,2192.14
RETL000007953,RTN00007953,SOL000288513,P000503,1,1,1,0,pass,136.39
RETL000007954,RTN00007954,SOL000087933,P000072,17,17,0,17,fail,933.35
RETL000007955,RTN00007955,SOL000213609,P000402,6,6,3,3,fail,739.71
RETL000007956,RTN00007956,SOL000260481,P000377,14,14,0,14,fail,635.34
RETL000007957,RTN00007957,SOL000155073,P000511,13,13,7,6,fail,5252.21
RETL000007958,RTN00007958,SOL000178412,P000348,21,21,0,21,fail,923.7
RETL000007959,RTN00007959,SOL000328447,P000034,5,5,0,5,fail,1297.62
RETL000007960,RTN00007960,SOL000144310,P000136,2,2,1,1,fail,680.74
RETL000007961,RTN00007961,SOL000324879,P000422,5,0,0,0,pass,638.27
RETL000007962,RTN00007962,SOL000363094,P000259,6,6,0,6,fail,1735.03
RETL000007963,RTN00007963,SOL000050560,P000208,39,39,0,39,fail,940.23
RETL000007964,RTN00007964,SOL000068354,P000138,18,0,0,0,pass,1116.67
RETL000007965,RTN00007965,SOL000153703,P000562,1,0,0,0,pass,101.22
RETL000007966,RTN00007966,SOL000337325,P000558,16,16,5,11,fail,792.88
RETL000007967,RTN00007967,SOL000127294,P000622,4,4,0,4,fail,686.35
RETL000007968,RTN00007968,SOL000264851,P000185,4,4,0,4,fail,407.26
RETL000007969,RTN00007969,SOL000013523,P000068,23,23,0,23,fail,1913.54
RETL000007970,RTN00007970,SOL000286396,P000050,4,4,0,4,fail,593.75
RETL000007971,RTN00007971,SOL000008925,P000051,14,14,0,14,fail,197.89
RETL000007972,RTN00007972,SOL000308422,P000213,21,21,0,21,fail,1025.03
RETL000007973,RTN00007973,SOL000134928,P000322,27,0,0,0,pass,33170.66
RETL000007974,RTN00007974,SOL000235789,P000394,13,13,6,7,fail,1051.28
RETL000007975,RTN00007975,SOL000288899,P000297,3,0,0,0,pass,674.37
RETL000007976,RTN00007976,SOL000224301,P000420,2,2,0,2,fail,86.79
RETL000007977,RTN00007977,SOL000054881,P000582,4,4,0,4,fail,749.57
RETL000007978,RTN00007978,SOL000164201,P000400,60,60,36,24,fail,12298.87
RETL000007979,RTN00007979,SOL000319569,P000295,4,4,0,4,fail,628.76
RETL000007980,RTN00007980,SOL000079874,P000475,22,22,0,22,fail,8182.55
RETL000007981,RTN00007981,SOL000220257,P000170,9,9,5,4,fail,617.86
RETL000007982,RTN00007982,SOL000341009,P000218,15,15,6,9,fail,2487.58
RETL000007983,RTN00007983,SOL000193114,P000240,5,5,4,1,pass,704.0
RETL000007984,RTN00007984,SOL000026194,P000256,3,3,2,1,fail,135.74
RETL000007985,RTN00007985,SOL000302301,P000206,25,0,0,0,pass,4836.06
RETL000007986,RTN00007986,SOL000354767,P000159,23,23,8,15,fail,837.34
RETL000007987,RTN00007987,SOL000364874,P000311,16,16,0,16,fail,689.82
RETL000007988,RTN00007988,SOL000347917,P000433,3,3,0,3,fail,141.23
RETL000007989,RTN00007989,SOL000169648,P000302,16,16,0,16,fail,1309.85
RETL000007990,RTN00007990,SOL000160698,P000133,12,0,0,0,pass,865.78
RETL000007991,RTN00007991,SOL000327142,P000591,1,1,0,1,fail,271.08
RETL000007992,RTN00007992,SOL000045101,P000329,17,17,0,17,fail,6409.73
RETL000007993,RTN00007993,SOL000265383,P000260,96,96,32,64,fail,13123.53
RETL000007994,RTN00007994,SOL000305283,P000173,3,3,0,3,fail,611.38
RETL000007995,RTN00007995,SOL000166720,P000649,25,25,0,25,fail,10332.87
RETL000007996,RTN00007996,SOL000124280,P000177,27,27,20,7,fail,1793.52
RETL000007997,RTN00007997,SOL000206082,P000225,2,0,0,0,pass,314.78
RETL000007998,RTN00007998,SOL000036794,P000247,7,7,0,7,fail,628.68
RETL000007999,RTN00007999,SOL000104429,P000247,27,27,0,27,fail,2023.73
RETL000008000,RTN00008000,SOL000203696,P000286,3,3,0,3,fail,160.88
RETL000008001,RTN00008001,SOL000307097,P000612,1,1,0,1,fail,551.88
RETL000008002,RTN00008002,SOL000087034,P000481,5,5,0,5,fail,131.12
RETL000008003,RTN00008003,SOL000294365,P000155,1,1,1,0,pass,99.91
RETL000008004,RTN00008004,SOL000285991,P000158,9,0,0,0,pass,369.49
RETL000008005,RTN00008005,SOL000048821,P000020,8,0,0,0,pass,345.57
RETL000008006,RTN00008006,SOL000027432,P000278,3,3,2,1,fail,321.11
RETL000008007,RTN00008007,SOL000236120,P000584,12,12,4,8,fail,1257.66
RETL000008008,RTN00008008,SOL000350335,P000523,46,46,0,46,fail,2353.01
RETL000008009,RTN00008009,SOL000151815,P000358,1,1,1,0,pass,370.7
RETL000008010,RTN00008010,SOL000216771,P000139,11,0,0,0,pass,1425.34
RETL000008011,RTN00008011,SOL000356089,P000284,6,6,5,1,pass,101.37
RETL000008012,RTN00008012,SOL000221515,P000301,3,0,0,0,pass,294.37
RETL000008013,RTN00008013,SOL000217567,P000072,8,8,5,3,fail,451.91
RETL000008014,RTN00008014,SOL000183441,P000007,4,4,0,4,fail,617.73
RETL000008015,RTN00008015,SOL000307422,P000286,3,3,1,2,fail,204.64
RETL000008016,RTN00008016,SOL000206284,P000210,35,35,0,35,fail,4661.47
RETL000008017,RTN00008017,SOL000310124,P000461,11,11,0,11,fail,1533.4
RETL000008018,RTN00008018,SOL000129070,P000482,20,20,12,8,fail,2687.27
RETL000008019,RTN00008019,SOL000310276,P000146,1,1,1,0,pass,57.97
RETL000008020,RTN00008020,SOL000214788,P000531,4,4,1,3,fail,326.2
RETL000008021,RTN00008021,SOL000307253,P000424,4,4,2,2,fail,102.59
RETL000008022,RTN00008022,SOL000265803,P000549,2,0,0,0,pass,178.19
RETL000008023,RTN00008023,SOL000300226,P000310,6,6,0,6,fail,1008.91
RETL000008024,RTN00008024,SOL000288013,P000627,10,10,6,4,fail,318.57
RETL000008025,RTN00008025,SOL000007626,P000508,2,2,1,1,fail,140.58
RETL000008026,RTN00008026,SOL000352611,P000449,4,0,0,0,pass,807.09
RETL000008027,RTN00008027,SOL000201190,P000270,19,19,0,19,fail,1654.45
RETL000008028,RTN00008028,SOL000110541,P000152,1,1,0,1,fail,42.52
RETL000008029,RTN00008029,SOL000351306,P000619,4,0,0,0,pass,425.12
RETL000008030,RTN00008030,SOL000267971,P000342,21,21,0,21,fail,2480.1
RETL000008031,RTN00008031,SOL000232902,P000624,36,36,0,36,fail,5446.83
RETL000008032,RTN00008032,SOL000179630,P000327,27,27,0,27,fail,4892.53
RETL000008033,RTN00008033,SOL000004155,P000399,17,0,0,0,pass,571.92
RETL000008034,RTN00008034,SOL000097820,P000333,24,0,0,0,pass,12418.11
RETL000008035,RTN00008035,SOL000301332,P000192,6,6,0,6,fail,255.31
RETL000008036,RTN00008036,SOL000084239,P000331,5,0,0,0,pass,1361.32
RETL000008037,RTN00008037,SOL000018095,P000597,10,10,0,10,fail,1334.31
RETL000008038,RTN00008038,SOL000168605,P000527,1,1,0,1,fail,504.45
RETL000008039,RTN00008039,SOL000018480,P000542,19,19,15,4,fail,4428.96
RETL000008040,RTN00008040,SOL000214786,P000582,12,12,0,12,fail,3069.65
RETL000008041,RTN00008041,SOL000312721,P000230,53,53,0,53,fail,1936.95
RETL000008042,RTN00008042,SOL000221786,P000188,9,9,0,9,fail,658.89
RETL000008043,RTN00008043,SOL000140551,P000131,2,2,0,2,fail,182.5
RETL000008044,RTN00008044,SOL000154915,P000619,7,7,0,7,fail,529.04
RETL000008045,RTN00008045,SOL000135535,P000324,5,5,0,5,fail,388.9
RETL000008046,RTN00008046,SOL000075885,P000166,7,7,3,4,fail,738.38
RETL000008047,RTN00008047,SOL000364853,P000615,8,8,2,6,fail,584.13
RETL000008048,RTN00008048,SOL000257366,P000253,1,1,1,0,pass,127.12
RETL000008049,RTN00008049,SOL000230861,P000472,2,0,0,0,pass,327.14
RETL000008050,RTN00008050,SOL000200100,P000385,7,7,2,5,fail,389.22
RETL000008051,RTN00008051,SOL000275072,P000473,1,1,0,1,fail,64.95
RETL000008052,RTN00008052,SOL000043282,P000534,28,0,0,0,pass,2935.17
RETL000008053,RTN00008053,SOL000337724,P000348,22,0,0,0,pass,1206.25
RETL000008054,RTN00008054,SOL000245527,P000022,10,10,0,10,fail,397.77
RETL000008055,RTN00008055,SOL000045377,P000088,15,15,0,15,fail,2436.88
RETL000008056,RTN00008056,SOL000027961,P000625,6,6,0,6,fail,547.15
RETL000008057,RTN00008057,SOL000013658,P000613,8,8,0,8,fail,547.7
RETL000008058,RTN00008058,SOL000241358,P000566,4,4,2,2,fail,548.09
RETL000008059,RTN00008059,SOL000143759,P000324,5,5,0,5,fail,359.02
RETL000008060,RTN00008060,SOL000318788,P000312,5,5,0,5,fail,648.69
RETL000008061,RTN00008061,SOL000051329,P000309,3,3,0,3,fail,151.65
RETL000008062,RTN00008062,SOL000115623,P000476,6,6,2,4,fail,2223.71
RETL000008063,RTN00008063,SOL000213833,P000636,34,0,0,0,pass,1362.48
RETL000008064,RTN00008064,SOL000058777,P000446,2,0,0,0,pass,166.1
RETL000008065,RTN00008065,SOL000352678,P000128,5,5,0,5,fail,162.47
RETL000008066,RTN00008066,SOL000103280,P000634,3,0,0,0,pass,91.71
RETL000008067,RTN00008067,SOL000113708,P000384,19,0,0,0,pass,2220.14
RETL000008068,RTN00008068,SOL000332943,P000103,2,2,1,1,fail,126.42
RETL000008069,RTN00008069,SOL000243548,P000050,23,23,0,23,fail,2805.44
RETL000008070,RTN00008070,SOL000325480,P000350,6,0,0,0,pass,195.94
RETL000008071,RTN00008071,SOL000256509,P000170,14,0,0,0,pass,1033.36
RETL000008072,RTN00008072,SOL000229479,P000079,12,0,0,0,pass,330.9
RETL000008073,RTN00008073,SOL000294042,P000395,9,9,0,9,fail,5260.2
RETL000008074,RTN00008074,SOL000187521,P000139,3,3,0,3,fail,316.44
RETL000008075,RTN00008075,SOL000131199,P000529,4,4,0,4,fail,478.72
RETL000008076,RTN00008076,SOL000127852,P000537,11,11,0,11,fail,893.0
RETL000008077,RTN00008077,SOL000354969,P000226,11,11,7,4,fail,298.0
RETL000008078,RTN00008078,SOL000037321,P000263,19,19,0,19,fail,1962.09
RETL000008079,RTN00008079,SOL000184313,P000478,7,7,5,2,fail,406.37
RETL000008080,RTN00008080,SOL000279474,P000443,6,6,0,6,fail,726.48
RETL000008081,RTN00008081,SOL000308970,P000084,21,0,0,0,pass,2039.94
RETL000008082,RTN00008082,SOL000027551,P000538,3,0,0,0,pass,919.72
RETL000008083,RTN00008083,SOL000284752,P000408,56,56,0,56,fail,9944.09
RETL000008084,RTN00008084,SOL000137557,P000196,5,5,3,2,fail,158.11
RETL000008085,RTN00008085,SOL000351838,P000454,5,5,4,1,pass,198.56
RETL000008086,RTN00008086,SOL000099969,P000084,17,17,0,17,fail,1825.69
RETL000008087,RTN00008087,SOL000136372,P000126,9,9,3,6,fail,744.92
RETL000008088,RTN00008088,SOL000015978,P000443,12,12,8,4,fail,1315.23
RETL000008089,RTN00008089,SOL000357099,P000046,2,2,1,1,fail,124.5
RETL000008090,RTN00008090,SOL000090810,P000207,7,7,0,7,fail,373.84
RETL000008091,RTN00008091,SOL000248479,P000538,1,1,0,1,fail,382.08
RETL000008092,RTN00008092,SOL000147820,P000364,10,10,6,4,fail,563.6
RETL000008093,RTN00008093,SOL000244367,P000569,1,1,0,1,fail,213.24
RETL000008094,RTN00008094,SOL000306159,P000014,4,4,4,0,pass,460.87
RETL000008095,RTN00008095,SOL000287125,P000549,13,13,0,13,fail,973.3
RETL000008096,RTN00008096,SOL000148857,P000310,12,12,0,12,fail,1600.82
RETL000008097,RTN00008097,SOL000153478,P000450,4,4,0,4,fail,147.91
RETL000008098,RTN00008098,SOL000268734,P000487,1,1,0,1,fail,64.61
RETL000008099,RTN00008099,SOL000355425,P000388,25,25,7,18,fail,1911.7
RETL000008100,RTN00008100,SOL000143115,P000316,8,0,0,0,pass,523.43
RETL000008101,RTN00008101,SOL000348895,P000578,4,4,0,4,fail,247.26
RETL000008102,RTN00008102,SOL000210226,P000238,1,1,0,1,fail,158.46
RETL000008103,RTN00008103,SOL000065324,P000043,27,27,0,27,fail,7853.16
RETL000008104,RTN00008104,SOL000332606,P000581,23,23,10,13,fail,1016.72
RETL000008105,RTN00008105,SOL000188389,P000459,9,9,7,2,fail,349.04
RETL000008106,RTN00008106,SOL000205217,P000393,7,7,3,4,fail,2717.74
RETL000008107,RTN00008107,SOL000005710,P000558,14,14,4,10,fail,568.11
RETL000008108,RTN00008108,SOL000016496,P000055,4,4,0,4,fail,1494.51
RETL000008109,RTN00008109,SOL000038683,P000447,13,13,0,13,fail,3080.61
RETL000008110,RTN00008110,SOL000174173,P000055,13,13,0,13,fail,5785.3
RETL000008111,RTN00008111,SOL000280346,P000121,22,22,0,22,fail,3106.98
RETL000008112,RTN00008112,SOL000100816,P000095,1,1,0,1,fail,84.31
RETL000008113,RTN00008113,SOL000321550,P000535,1,1,0,1,fail,46.03
RETL000008114,RTN00008114,SOL000231955,P000452,3,3,1,2,fail,245.21
RETL000008115,RTN00008115,SOL000034894,P000041,13,0,0,0,pass,369.34
RETL000008116,RTN00008116,SOL000025396,P000512,4,4,3,1,fail,510.12
RETL000008117,RTN00008117,SOL000295963,P000053,2,2,1,1,fail,157.08
RETL000008118,RTN00008118,SOL000222628,P000479,10,10,6,4,fail,762.49
RETL000008119,RTN00008119,SOL000233012,P000414,13,0,0,0,pass,708.5
RETL000008120,RTN00008120,SOL000293581,P000581,3,3,2,1,fail,142.52
RETL000008121,RTN00008121,SOL000133892,P000341,1,0,0,0,pass,192.33
RETL000008122,RTN00008122,SOL000103866,P000471,22,22,9,13,fail,920.85
RETL000008123,RTN00008123,SOL000139999,P000643,18,18,15,3,pass,506.6
RETL000008124,RTN00008124,SOL000129501,P000315,9,9,0,9,fail,1091.16
RETL000008125,RTN00008125,SOL000243061,P000341,9,9,7,2,fail,2043.96
RETL000008126,RTN00008126,SOL000133076,P000166,9,9,4,5,fail,1007.28
RETL000008127,RTN00008127,SOL000313417,P000371,27,0,0,0,pass,3355.24
RETL000008128,RTN00008128,SOL000110805,P000114,5,5,0,5,fail,371.85
RETL000008129,RTN00008129,SOL000231962,P000451,5,5,3,2,fail,185.79
RETL000008130,RTN00008130,SOL000026219,P000107,1,1,0,1,fail,78.87
RETL000008131,RTN00008131,SOL000196610,P000070,3,3,2,1,fail,309.69
RETL000008132,RTN00008132,SOL000337628,P000007,5,5,0,5,fail,939.66
RETL000008133,RTN00008133,SOL000139813,P000320,10,10,0,10,fail,865.67
RETL000008134,RTN00008134,SOL000106164,P000043,8,8,0,8,fail,1559.15
RETL000008135,RTN00008135,SOL000199452,P000383,22,0,0,0,pass,4281.16
RETL000008136,RTN00008136,SOL000074760,P000620,4,4,0,4,fail,1095.47
RETL000008137,RTN00008137,SOL000208949,P000541,4,0,0,0,pass,1550.93
RETL000008138,RTN00008138,SOL000353147,P000313,3,3,0,3,fail,211.68
RETL000008139,RTN00008139,SOL000283307,P000439,5,5,4,1,pass,961.3
RETL000008140,RTN00008140,SOL000043900,P000281,11,11,0,11,fail,1588.39
RETL000008141,RTN00008141,SOL000012481,P000506,12,0,0,0,pass,673.98
RETL000008142,RTN00008142,SOL000233631,P000079,8,8,7,1,pass,270.89
RETL000008143,RTN00008143,SOL000019066,P000489,26,26,21,5,pass,6303.28
RETL000008144,RTN00008144,SOL000197625,P000184,19,19,0,19,fail,1774.46
RETL000008145,RTN00008145,SOL000121825,P000272,16,16,0,16,fail,1117.35
RETL000008146,RTN00008146,SOL000085675,P000550,11,11,0,11,fail,967.43
RETL000008147,RTN00008147,SOL000162238,P000065,11,0,0,0,pass,538.62
RETL000008148,RTN00008148,SOL000278797,P000350,6,6,0,6,fail,165.48
RETL000008149,RTN00008149,SOL000178126,P000411,20,20,0,20,fail,556.6
RETL000008150,RTN00008150,SOL000096003,P000377,50,50,36,14,fail,1726.1
RETL000008151,RTN00008151,SOL000091331,P000377,18,18,0,18,fail,612.87
RETL000008152,RTN00008152,SOL000183923,P000435,41,41,0,41,fail,2689.19
RETL000008153,RTN00008153,SOL000353410,P000140,2,0,0,0,pass,399.69
RETL000008154,RTN00008154,SOL000140215,P000474,49,49,0,49,fail,4953.74
RETL000008155,RTN00008155,SOL000256534,P000236,6,6,0,6,fail,216.84
RETL000008156,RTN00008156,SOL000304078,P000400,23,23,0,23,fail,5098.01
RETL000008157,RTN00008157,SOL000290329,P000178,1,1,0,1,fail,71.96
RETL000008158,RTN00008158,SOL000098826,P000408,14,14,0,14,fail,2751.85
RETL000008159,RTN00008159,SOL000081838,P000038,10,10,0,10,fail,565.12
RETL000008160,RTN00008160,SOL000302631,P000448,6,6,2,4,fail,377.46
RETL000008161,RTN00008161,SOL000298376,P000492,1,0,0,0,pass,48.02
RETL000008162,RTN00008162,SOL000335715,P000009,1,0,0,0,pass,141.8
RETL000008163,RTN00008163,SOL000070704,P000486,6,6,3,3,fail,523.09
RETL000008164,RTN00008164,SOL000358313,P000487,12,12,0,12,fail,840.36
RETL000008165,RTN00008165,SOL000354986,P000385,17,17,0,17,fail,754.41
RETL000008166,RTN00008166,SOL000036340,P000026,2,2,0,2,fail,140.74
RETL000008167,RTN00008167,SOL000225327,P000021,4,4,3,1,fail,281.79
RETL000008168,RTN00008168,SOL000087029,P000203,2,2,0,2,fail,266.32
RETL000008169,RTN00008169,SOL000355000,P000563,3,3,2,1,fail,315.94
RETL000008170,RTN00008170,SOL000172848,P000599,12,12,0,12,fail,827.57
RETL000008171,RTN00008171,SOL000366564,P000200,6,0,0,0,pass,473.2
RETL000008172,RTN00008172,SOL000229378,P000350,2,0,0,0,pass,69.37
RETL000008173,RTN00008173,SOL000254233,P000247,43,43,22,21,fail,3688.95
RETL000008174,RTN00008174,SOL000057406,P000241,2,0,0,0,pass,233.01
RETL000008175,RTN00008175,SOL000230206,P000126,5,5,3,2,fail,293.02
RETL000008176,RTN00008176,SOL000022967,P000371,30,30,13,17,fail,3152.61
RETL000008177,RTN00008177,SOL000138533,P000019,1,1,0,1,fail,463.75
RETL000008178,RTN00008178,SOL000175264,P000029,10,10,6,4,fail,1610.56
RETL000008179,RTN00008179,SOL000183019,P000490,41,41,15,26,fail,6733.33
RETL000008180,RTN00008180,SOL000175345,P000087,10,0,0,0,pass,317.15
RETL000008181,RTN00008181,SOL000353269,P000146,2,2,1,1,fail,157.25
RETL000008182,RTN00008182,SOL000205613,P000401,24,24,11,13,fail,2484.05
RETL000008183,RTN00008183,SOL000239937,P000218,50,50,0,50,fail,8703.15
RETL000008184,RTN00008184,SOL000332171,P000438,7,7,0,7,fail,380.31
RETL000008185,RTN00008185,SOL000245560,P000281,1,1,1,0,pass,105.42
RETL000008186,RTN00008186,SOL000300164,P000598,12,12,0,12,fail,1434.55
RETL000008187,RTN00008187,SOL000039458,P000155,12,12,0,12,fail,1049.51
RETL000008188,RTN00008188,SOL000014050,P000050,8,0,0,0,pass,962.93
RETL000008189,RTN00008189,SOL000291759,P000341,7,7,0,7,fail,1042.75
RETL000008190,RTN00008190,SOL000281561,P000240,3,3,0,3,fail,408.73
RETL000008191,RTN00008191,SOL000248054,P000400,18,0,0,0,pass,4825.23
RETL000008192,RTN00008192,SOL000317046,P000303,7,7,0,7,fail,1242.95
RETL000008193,RTN00008193,SOL000168132,P000313,4,4,0,4,fail,334.62
RETL000008194,RTN00008194,SOL000220866,P000478,16,16,10,6,fail,792.33
RETL000008195,RTN00008195,SOL000306332,P000418,2,2,0,2,fail,275.99
RETL000008196,RTN00008196,SOL000293106,P000092,9,9,0,9,fail,1359.1
RETL000008197,RTN00008197,SOL000123053,P000354,9,9,0,9,fail,868.19
RETL000008198,RTN00008198,SOL000189895,P000087,17,17,11,6,fail,625.59
RETL000008199,RTN00008199,SOL000112404,P000601,17,17,10,7,fail,5231.72
RETL000008200,RTN00008200,SOL000198433,P000364,22,22,0,22,fail,1172.4
RETL000008201,RTN00008201,SOL000063263,P000642,3,0,0,0,pass,413.94
RETL000008202,RTN00008202,SOL000345559,P000042,3,3,0,3,fail,255.81
RETL000008203,RTN00008203,SOL000227112,P000106,43,43,20,23,fail,8204.54
RETL000008204,RTN00008204,SOL000174727,P000325,2,2,0,2,fail,359.79
RETL000008205,RTN00008205,SOL000203860,P000116,40,40,0,40,fail,7399.49
RETL000008206,RTN00008206,SOL000314618,P000403,1,0,0,0,pass,28.38
RETL000008207,RTN00008207,SOL000020972,P000239,16,0,0,0,pass,4825.84
RETL000008208,RTN00008208,SOL000006426,P000181,12,12,0,12,fail,1081.22
RETL000008209,RTN00008209,SOL000128109,P000276,4,0,0,0,pass,159.02
RETL000008210,RTN00008210,SOL000052430,P000580,9,9,0,9,fail,289.8
RETL000008211,RTN00008211,SOL000013192,P000134,18,18,0,18,fail,1802.04
RETL000008212,RTN00008212,SOL000058967,P000259,9,9,0,9,fail,2519.51
RETL000008213,RTN00008213,SOL000016037,P000490,11,11,0,11,fail,1903.4
RETL000008214,RTN00008214,SOL000058435,P000093,4,4,0,4,fail,303.27
RETL000008215,RTN00008215,SOL000283663,P000252,9,9,2,7,fail,1722.08
RETL000008216,RTN00008216,SOL000302931,P000202,9,9,0,9,fail,2422.56
RETL000008217,RTN00008217,SOL000332748,P000196,13,13,4,9,fail,323.71
RETL000008218,RTN00008218,SOL000157846,P000606,2,2,0,2,fail,612.93
RETL000008219,RTN00008219,SOL000026639,P000272,3,3,0,3,fail,197.17
RETL000008220,RTN00008220,SOL000183731,P000418,31,31,13,18,fail,5839.21
RETL000008221,RTN00008221,SOL000000119,P000399,1,1,0,1,fail,40.62
RETL000008222,RTN00008222,SOL000228009,P000551,3,0,0,0,pass,551.89
RETL000008223,RTN00008223,SOL000076436,P000440,30,30,14,16,fail,1906.11
RETL000008224,RTN00008224,SOL000089641,P000304,5,5,4,1,pass,200.86
RETL000008225,RTN00008225,SOL000126558,P000081,8,0,0,0,pass,196.39
RETL000008226,RTN00008226,SOL000312971,P000301,2,2,1,1,fail,199.69
RETL000008227,RTN00008227,SOL000241954,P000187,10,10,7,3,fail,1414.64
RETL000008228,RTN00008228,SOL000164523,P000265,5,5,0,5,fail,702.41
RETL000008229,RTN00008229,SOL000040295,P000339,1,1,0,1,fail,96.03
RETL000008230,RTN00008230,SOL000077702,P000479,3,3,0,3,fail,355.03
RETL000008231,RTN00008231,SOL000035021,P000435,5,5,0,5,fail,302.54
RETL000008232,RTN00008232,SOL000306820,P000295,9,9,0,9,fail,1667.12
RETL000008233,RTN00008233,SOL000111009,P000584,24,24,10,14,fail,2237.14
RETL000008234,RTN00008234,SOL000341704,P000205,13,13,0,13,fail,1347.0
RETL000008235,RTN00008235,SOL000295981,P000483,25,25,11,14,fail,8753.27
RETL000008236,RTN00008236,SOL000322145,P000558,10,10,0,10,fail,396.43
RETL000008237,RTN00008237,SOL000092306,P000466,12,12,0,12,fail,1204.0
RETL000008238,RTN00008238,SOL000001424,P000133,3,3,0,3,fail,185.37
RETL000008239,RTN00008239,SOL000151073,P000620,14,0,0,0,pass,3457.73
RETL000008240,RTN00008240,SOL000235406,P000023,3,0,0,0,pass,228.76
RETL000008241,RTN00008241,SOL000066806,P000592,9,9,0,9,fail,738.76
RETL000008242,RTN00008242,SOL000224436,P000097,1,1,1,0,pass,91.43
RETL000008243,RTN00008243,SOL000241877,P000160,1,1,1,0,pass,143.06
RETL000008244,RTN00008244,SOL000084600,P000432,3,3,0,3,fail,260.96
RETL000008245,RTN00008245,SOL000202190,P000552,2,2,0,2,fail,943.16
RETL000008246,RTN00008246,SOL000344425,P000352,2,2,0,2,fail,827.56
RETL000008247,RTN00008247,SOL000223754,P000315,10,10,5,5,fail,1635.11
RETL000008248,RTN00008248,SOL000001224,P000226,13,0,0,0,pass,286.56
RETL000008249,RTN00008249,SOL000063011,P000079,23,23,0,23,fail,670.96
RETL000008250,RTN00008250,SOL000335264,P000604,4,0,0,0,pass,552.05
RETL000008251,RTN00008251,SOL000315444,P000147,20,20,0,20,fail,1964.97
RETL000008252,RTN00008252,SOL000264423,P000056,2,2,1,1,fail,271.92
RETL000008253,RTN00008253,SOL000167841,P000417,4,4,0,4,fail,248.93
RETL000008254,RTN00008254,SOL000125731,P000275,13,0,0,0,pass,1086.54
RETL000008255,RTN00008255,SOL000356591,P000398,28,28,12,16,fail,3756.37
RETL000008256,RTN00008256,SOL000347399,P000021,4,4,0,4,fail,269.44
RETL000008257,RTN00008257,SOL000083302,P000253,1,1,0,1,fail,129.19
RETL000008258,RTN00008258,SOL000005746,P000231,7,0,0,0,pass,964.59
RETL000008259,RTN00008259,SOL000057627,P000129,6,6,0,6,fail,244.8
RETL000008260,RTN00008260,SOL000356730,P000128,28,28,0,28,fail,1229.02
RETL000008261,RTN00008261,SOL000067881,P000185,9,0,0,0,pass,872.9
RETL000008262,RTN00008262,SOL000278335,P000537,4,4,1,3,fail,260.81
RETL000008263,RTN00008263,SOL000027017,P000433,9,9,0,9,fail,579.96
RETL000008264,RTN00008264,SOL000302246,P000214,13,13,6,7,fail,2579.1
RETL000008265,RTN00008265,SOL000273991,P000418,3,0,0,0,pass,413.85
RETL000008266,RTN00008266,SOL000217461,P000043,40,40,0,40,fail,9894.48
RETL000008267,RTN00008267,SOL000064395,P000444,12,12,0,12,fail,1403.14
RETL000008268,RTN00008268,SOL000231810,P000137,51,51,0,51,fail,2530.46
RETL000008269,RTN00008269,SOL000326904,P000038,1,1,1,0,pass,58.91
RETL000008270,RTN00008270,SOL000302952,P000634,3,0,0,0,pass,72.16
RETL000008271,RTN00008271,SOL000232306,P000334,4,4,1,3,fail,453.36
RETL000008272,RTN00008272,SOL000096983,P000017,34,34,0,34,fail,1391.43
RETL000008273,RTN00008273,SOL000083283,P000359,4,4,3,1,fail,75.48
RETL000008274,RTN00008274,SOL000123342,P000161,1,1,0,1,fail,89.51
RETL000008275,RTN00008275,SOL000193222,P000059,22,0,0,0,pass,4260.43
RETL000008276,RTN00008276,SOL000030850,P000425,10,10,0,10,fail,817.36
RETL000008277,RTN00008277,SOL000014680,P000271,13,13,0,13,fail,654.12
RETL000008278,RTN00008278,SOL000037031,P000358,13,13,0,13,fail,4601.63
RETL000008279,RTN00008279,SOL000255321,P000484,9,9,4,5,fail,471.98
RETL000008280,RTN00008280,SOL000075646,P000295,1,1,1,0,pass,160.79
RETL000008281,RTN00008281,SOL000177363,P000589,3,0,0,0,pass,83.17
RETL000008282,RTN00008282,SOL000204209,P000537,5,5,4,1,pass,335.54
RETL000008283,RTN00008283,SOL000029376,P000014,2,0,0,0,pass,213.93
RETL000008284,RTN00008284,SOL000033485,P000257,4,4,0,4,fail,570.85
RETL000008285,RTN00008285,SOL000356838,P000073,13,13,8,5,fail,3004.71
RETL000008286,RTN00008286,SOL000119976,P000264,6,6,0,6,fail,577.9
RETL000008287,RTN00008287,SOL000005025,P000079,24,24,0,24,fail,607.32
RETL000008288,RTN00008288,SOL000363910,P000228,5,0,0,0,pass,2025.98
RETL000008289,RTN00008289,SOL000259042,P000284,4,4,0,4,fail,68.97
RETL000008290,RTN00008290,SOL000366776,P000265,11,0,0,0,pass,1434.57
RETL000008291,RTN00008291,SOL000061311,P000547,5,5,3,2,fail,1378.93
RETL000008292,RTN00008292,SOL000010392,P000285,1,1,0,1,fail,66.47
RETL000008293,RTN00008293,SOL000161339,P000373,46,46,0,46,fail,3874.3
RETL000008294,RTN00008294,SOL000240746,P000002,1,1,0,1,fail,106.2
RETL000008295,RTN00008295,SOL000021873,P000455,10,10,0,10,fail,1390.01
RETL000008296,RTN00008296,SOL000048630,P000543,13,13,0,13,fail,1548.69
RETL000008297,RTN00008297,SOL000066986,P000239,2,2,1,1,fail,461.35
RETL000008298,RTN00008298,SOL000223447,P000462,6,6,0,6,fail,668.23
RETL000008299,RTN00008299,SOL000147144,P000447,2,2,2,0,pass,529.93
RETL000008300,RTN00008300,SOL000327269,P000547,12,12,3,9,fail,4395.33
RETL000008301,RTN00008301,SOL000019911,P000391,7,7,0,7,fail,215.84
RETL000008302,RTN00008302,SOL000218041,P000021,3,3,0,3,fail,260.32
RETL000008303,RTN00008303,SOL000103225,P000115,1,1,1,0,pass,28.69
RETL000008304,RTN00008304,SOL000321142,P000163,26,26,0,26,fail,2592.11
RETL000008305,RTN00008305,SOL000279199,P000005,11,11,9,2,pass,1610.61
RETL000008306,RTN00008306,SOL000051231,P000095,6,6,0,6,fail,683.23
RETL000008307,RTN00008307,SOL000341899,P000480,3,0,0,0,pass,265.49
RETL000008308,RTN00008308,SOL000215330,P000449,22,0,0,0,pass,3625.81
RETL000008309,RTN00008309,SOL000204279,P000390,6,6,0,6,fail,67.51
RETL000008310,RTN00008310,SOL000299246,P000379,20,0,0,0,pass,1093.19
RETL000008311,RTN00008311,SOL000250530,P000189,4,0,0,0,pass,135.65
RETL000008312,RTN00008312,SOL000049502,P000520,7,0,0,0,pass,1545.45
RETL000008313,RTN00008313,SOL000312560,P000073,10,10,0,10,fail,2183.17
RETL000008314,RTN00008314,SOL000235067,P000359,1,0,0,0,pass,22.5
RETL000008315,RTN00008315,SOL000111816,P000315,7,7,0,7,fail,994.8
RETL000008316,RTN00008316,SOL000332580,P000288,5,0,0,0,pass,837.1
RETL000008317,RTN00008317,SOL000179443,P000047,4,0,0,0,pass,251.06
RETL000008318,RTN00008318,SOL000063778,P000023,11,11,0,11,fail,1010.64
RETL000008319,RTN00008319,SOL000190956,P000198,12,0,0,0,pass,1159.19
RETL000008320,RTN00008320,SOL000310148,P000023,11,11,0,11,fail,952.12
RETL000008321,RTN00008321,SOL000325596,P000618,6,6,5,1,pass,590.91
RETL000008322,RTN00008322,SOL000343337,P000177,34,34,0,34,fail,1619.26
RETL000008323,RTN00008323,SOL000194262,P000294,8,8,0,8,fail,2499.15
RETL000008324,RTN00008324,SOL000366070,P000077,3,3,0,3,fail,326.85
RETL000008325,RTN00008325,SOL000255823,P000184,63,63,55,8,pass,8054.11
RETL000008326,RTN00008326,SOL000248692,P000080,3,0,0,0,pass,326.71
RETL000008327,RTN00008327,SOL000275011,P000240,20,20,0,20,fail,2689.72
RETL000008328,RTN00008328,SOL000029557,P000192,1,1,1,0,pass,36.17
RETL000008329,RTN00008329,SOL000051569,P000451,12,12,0,12,fail,373.39
RETL000008330,RTN00008330,SOL000322143,P000064,7,7,5,2,fail,763.18
RETL000008331,RTN00008331,SOL000241313,P000504,6,0,0,0,pass,787.05
RETL000008332,RTN00008332,SOL000179127,P000627,7,0,0,0,pass,241.83
RETL000008333,RTN00008333,SOL000106947,P000639,3,0,0,0,pass,165.79
RETL000008334,RTN00008334,SOL000341085,P000193,3,0,0,0,pass,906.04
RETL000008335,RTN00008335,SOL000325356,P000118,2,2,0,2,fail,80.27
RETL000008336,RTN00008336,SOL000142472,P000601,22,22,16,6,fail,6518.95
RETL000008337,RTN00008337,SOL000007752,P000326,1,1,0,1,fail,110.24
RETL000008338,RTN00008338,SOL000342190,P000522,7,0,0,0,pass,690.02
RETL000008339,RTN00008339,SOL000130498,P000004,12,12,7,5,fail,1900.53
RETL000008340,RTN00008340,SOL000266055,P000270,1,1,0,1,fail,75.27
RETL000008341,RTN00008341,SOL000020566,P000286,7,0,0,0,pass,405.09
RETL000008342,RTN00008342,SOL000335957,P000613,23,23,0,23,fail,1244.87
RETL000008343,RTN00008343,SOL000344267,P000163,1,1,0,1,fail,107.54
RETL000008344,RTN00008344,SOL000357256,P000304,22,22,0,22,fail,823.67
RETL000008345,RTN00008345,SOL000014875,P000640,3,3,0,3,fail,165.77
RETL000008346,RTN00008346,SOL000125191,P000125,7,7,0,7,fail,413.41
RETL000008347,RTN00008347,SOL000123578,P000252,14,14,0,14,fail,2957.35
RETL000008348,RTN00008348,SOL000026331,P000497,4,4,0,4,fail,251.13
RETL000008349,RTN00008349,SOL000307195,P000401,13,13,0,13,fail,1205.11
RETL000008350,RTN00008350,SOL000072834,P000032,44,44,0,44,fail,2154.1
RETL000008351,RTN00008351,SOL000248437,P000242,29,29,0,29,fail,4438.32
RETL000008352,RTN00008352,SOL000362925,P000453,2,2,1,1,fail,325.2
RETL000008353,RTN00008353,SOL000176418,P000198,10,10,7,3,fail,1380.81
RETL000008354,RTN00008354,SOL000125417,P000479,13,13,0,13,fail,1374.21
RETL000008355,RTN00008355,SOL000339599,P000258,23,23,0,23,fail,2714.52
RETL000008356,RTN00008356,SOL000361315,P000503,14,14,0,14,fail,1659.91
RETL000008357,RTN00008357,SOL000075787,P000098,23,23,0,23,fail,1384.15
RETL000008358,RTN00008358,SOL000301818,P000181,41,0,0,0,pass,2646.66
RETL000008359,RTN00008359,SOL000363900,P000524,2,2,0,2,fail,113.5
RETL000008360,RTN00008360,SOL000176602,P000067,1,1,0,1,fail,126.74
RETL000008361,RTN00008361,SOL000137066,P000575,10,10,0,10,fail,2090.27
RETL000008362,RTN00008362,SOL000244178,P000150,1,0,0,0,pass,88.03
RETL000008363,RTN00008363,SOL000284075,P000319,4,0,0,0,pass,143.51
RETL000008364,RTN00008364,SOL000016471,P000179,7,7,5,2,fail,2281.34
RETL000008365,RTN00008365,SOL000316580,P000077,2,0,0,0,pass,251.0
RETL000008366,RTN00008366,SOL000367092,P000589,2,0,0,0,pass,67.84
RETL000008367,RTN00008367,SOL000227230,P000264,6,6,4,2,fail,555.48
RETL000008368,RTN00008368,SOL000267993,P000307,3,3,0,3,fail,326.19
RETL000008369,RTN00008369,SOL000335211,P000348,1,1,1,0,pass,47.18
RETL000008370,RTN00008370,SOL000354503,P000132,7,7,0,7,fail,222.42
RETL000008371,RTN00008371,SOL000145197,P000321,4,4,3,1,fail,124.65
RETL000008372,RTN00008372,SOL000031161,P000460,27,27,0,27,fail,3687.58
RETL000008373,RTN00008373,SOL000152589,P000125,5,0,0,0,pass,386.32
RETL000008374,RTN00008374,SOL000144118,P000281,6,6,3,3,fail,713.28
RETL000008375,RTN00008375,SOL000219371,P000558,8,8,4,4,fail,490.08
RETL000008376,RTN00008376,SOL000142708,P000505,8,8,0,8,fail,162.51
RETL000008377,RTN00008377,SOL000013993,P000481,5,0,0,0,pass,124.42
RETL000008378,RTN00008378,SOL000334150,P000579,1,1,1,0,pass,60.33
RETL000008379,RTN00008379,SOL000019433,P000434,2,2,0,2,fail,575.57
RETL000008380,RTN00008380,SOL000252370,P000576,12,12,0,12,fail,1791.0
RETL000008381,RTN00008381,SOL000137236,P000200,3,0,0,0,pass,239.64
RETL000008382,RTN00008382,SOL000320118,P000282,8,0,0,0,pass,893.78
RETL000008383,RTN00008383,SOL000125293,P000563,11,11,0,11,fail,1431.86
RETL000008384,RTN00008384,SOL000085891,P000520,6,6,0,6,fail,901.46
RETL000008385,RTN00008385,SOL000119642,P000338,4,4,4,0,pass,239.09
RETL000008386,RTN00008386,SOL000320980,P000459,1,1,0,1,fail,32.28
RETL000008387,RTN00008387,SOL000046272,P000152,22,22,0,22,fail,1075.31
RETL000008388,RTN00008388,SOL000152096,P000263,6,6,4,2,fail,601.77
RETL000008389,RTN00008389,SOL000229745,P000188,13,13,4,9,fail,1181.69
RETL000008390,RTN00008390,SOL000135805,P000259,5,0,0,0,pass,1596.7
RETL000008391,RTN00008391,SOL000315740,P000231,4,0,0,0,pass,751.65
RETL000008392,RTN00008392,SOL000015345,P000456,19,19,0,19,fail,4910.26
RETL000008393,RTN00008393,SOL000324605,P000320,1,1,0,1,fail,81.03
RETL000008394,RTN00008394,SOL000365709,P000268,15,0,0,0,pass,447.39
RETL000008395,RTN00008395,SOL000285744,P000474,1,1,0,1,fail,103.35
RETL000008396,RTN00008396,SOL000292049,P000449,15,15,8,7,fail,3478.89
RETL000008397,RTN00008397,SOL000134805,P000020,11,11,0,11,fail,521.35
RETL000008398,RTN00008398,SOL000002201,P000490,7,7,2,5,fail,936.21
RETL000008399,RTN00008399,SOL000323206,P000452,33,0,0,0,pass,2156.93
RETL000008400,RTN00008400,SOL000189133,P000626,8,8,0,8,fail,889.95
RETL000008401,RTN00008401,SOL000108907,P000337,14,14,0,14,fail,451.7
RETL000008402,RTN00008402,SOL000162907,P000332,10,10,0,10,fail,2304.08
RETL000008403,RTN00008403,SOL000001668,P000001,15,15,0,15,fail,3772.19
RETL000008404,RTN00008404,SOL000069829,P000238,24,24,0,24,fail,3677.38
RETL000008405,RTN00008405,SOL000095323,P000067,4,4,0,4,fail,537.87
RETL000008406,RTN00008406,SOL000351766,P000147,2,2,1,1,fail,264.55
RETL000008407,RTN00008407,SOL000177732,P000172,6,0,0,0,pass,363.39
RETL000008408,RTN00008408,SOL000179603,P000400,8,8,4,4,fail,2110.15
RETL000008409,RTN00008409,SOL000095980,P000238,32,32,15,17,fail,4215.51
RETL000008410,RTN00008410,SOL000334801,P000282,16,16,0,16,fail,1671.49
RETL000008411,RTN00008411,SOL000030295,P000085,5,0,0,0,pass,138.74
RETL000008412,RTN00008412,SOL000361572,P000286,7,0,0,0,pass,522.63
RETL000008413,RTN00008413,SOL000033202,P000164,38,0,0,0,pass,2466.35
RETL000008414,RTN00008414,SOL000134016,P000024,13,13,0,13,fail,642.46
RETL000008415,RTN00008415,SOL000344204,P000048,6,6,2,4,fail,442.41
RETL000008416,RTN00008416,SOL000224133,P000382,5,5,0,5,fail,87.78
RETL000008417,RTN00008417,SOL000140272,P000354,15,15,0,15,fail,1569.04
RETL000008418,RTN00008418,SOL000121325,P000343,8,8,0,8,fail,429.44
RETL000008419,RTN00008419,SOL000334186,P000184,6,6,5,1,pass,820.07
RETL000008420,RTN00008420,SOL000091235,P000102,15,15,11,4,fail,2416.47
RETL000008421,RTN00008421,SOL000335519,P000425,5,0,0,0,pass,496.01
RETL000008422,RTN00008422,SOL000206216,P000523,21,21,0,21,fail,846.34
RETL000008423,RTN00008423,SOL000064198,P000464,2,2,1,1,fail,245.95
RETL000008424,RTN00008424,SOL000233741,P000247,4,0,0,0,pass,297.82
RETL000008425,RTN00008425,SOL000113747,P000586,16,0,0,0,pass,1827.78
RETL000008426,RTN00008426,SOL000097082,P000386,8,0,0,0,pass,1525.11
RETL000008427,RTN00008427,SOL000001707,P000062,35,35,0,35,fail,2722.29
RETL000008428,RTN00008428,SOL000348410,P000011,2,2,0,2,fail,67.48
RETL000008429,RTN00008429,SOL000076921,P000125,3,3,0,3,fail,195.39
RETL000008430,RTN00008430,SOL000099813,P000039,34,34,0,34,fail,13201.44
RETL000008431,RTN00008431,SOL000073376,P000217,9,9,6,3,fail,618.42
RETL000008432,RTN00008432,SOL000244090,P000334,5,0,0,0,pass,424.2
RETL000008433,RTN00008433,SOL000028321,P000538,13,13,0,13,fail,5644.46
RETL000008434,RTN00008434,SOL000296654,P000228,5,0,0,0,pass,1633.84
RETL000008435,RTN00008435,SOL000123608,P000106,10,0,0,0,pass,2261.95
RETL000008436,RTN00008436,SOL000144896,P000268,1,1,0,1,fail,28.28
RETL000008437,RTN00008437,SOL000029365,P000035,9,0,0,0,pass,1140.41
RETL000008438,RTN00008438,SOL000216662,P000327,3,3,0,3,fail,629.39
RETL000008439,RTN00008439,SOL000256151,P000626,8,8,4,4,fail,890.83
RETL000008440,RTN00008440,SOL000177891,P000078,1,1,0,1,fail,27.86
RETL000008441,RTN00008441,SOL000123823,P000119,11,11,0,11,fail,831.66
RETL000008442,RTN00008442,SOL000017111,P000487,21,21,0,21,fail,1464.14
RETL000008443,RTN00008443,SOL000130073,P000021,7,7,0,7,fail,665.28
RETL000008444,RTN00008444,SOL000066349,P000431,2,2,0,2,fail,54.45
RETL000008445,RTN00008445,SOL000006327,P000646,9,0,0,0,pass,1230.83
RETL000008446,RTN00008446,SOL000269922,P000163,22,22,11,11,fail,1912.83
RETL000008447,RTN00008447,SOL000130286,P000282,8,8,2,6,fail,862.82
RETL000008448,RTN00008448,SOL000187510,P000619,4,4,0,4,fail,380.27
RETL000008449,RTN00008449,SOL000234041,P000044,2,2,0,2,fail,547.24
RETL000008450,RTN00008450,SOL000182789,P000200,1,1,0,1,fail,52.92
RETL000008451,RTN00008451,SOL000140723,P000515,5,5,0,5,fail,243.68
RETL000008452,RTN00008452,SOL000348462,P000580,2,0,0,0,pass,60.87
RETL000008453,RTN00008453,SOL000141644,P000338,14,14,5,9,fail,931.35
RETL000008454,RTN00008454,SOL000346371,P000085,10,10,4,6,fail,375.96
RETL000008455,RTN00008455,SOL000191072,P000245,9,9,0,9,fail,1487.18
RETL000008456,RTN00008456,SOL000264304,P000250,5,5,3,2,fail,456.66
RETL000008457,RTN00008457,SOL000067263,P000638,23,23,0,23,fail,912.27
RETL000008458,RTN00008458,SOL000250251,P000205,1,0,0,0,pass,69.63
RETL000008459,RTN00008459,SOL000311473,P000256,9,9,0,9,fail,392.05
RETL000008460,RTN00008460,SOL000288427,P000070,7,0,0,0,pass,509.78
RETL000008461,RTN00008461,SOL000253262,P000124,8,8,0,8,fail,1134.67
RETL000008462,RTN00008462,SOL000291849,P000453,8,8,7,1,pass,1684.51
RETL000008463,RTN00008463,SOL000133643,P000205,2,2,0,2,fail,186.07
RETL000008464,RTN00008464,SOL000173602,P000275,3,3,0,3,fail,325.22
RETL000008465,RTN00008465,SOL000039204,P000467,8,8,4,4,fail,502.32
RETL000008466,RTN00008466,SOL000277195,P000144,48,0,0,0,pass,3385.06
RETL000008467,RTN00008467,SOL000062342,P000444,2,2,2,0,pass,301.17
RETL000008468,RTN00008468,SOL000125749,P000101,12,12,0,12,fail,1215.5
RETL000008469,RTN00008469,SOL000212051,P000429,35,35,12,23,fail,2791.5
RETL000008470,RTN00008470,SOL000089981,P000455,4,4,0,4,fail,523.88
RETL000008471,RTN00008471,SOL000151755,P000326,9,9,0,9,fail,1079.24
RETL000008472,RTN00008472,SOL000336509,P000184,5,5,0,5,fail,660.39
RETL000008473,RTN00008473,SOL000366614,P000566,2,2,1,1,fail,302.16
RETL000008474,RTN00008474,SOL000057944,P000574,8,8,0,8,fail,959.96
RETL000008475,RTN00008475,SOL000036995,P000614,4,4,0,4,fail,823.03
RETL000008476,RTN00008476,SOL000077647,P000348,5,5,0,5,fail,259.6
RETL000008477,RTN00008477,SOL000005196,P000315,1,1,0,1,fail,108.66
RETL000008478,RTN00008478,SOL000148603,P000089,5,5,0,5,fail,642.77
RETL000008479,RTN00008479,SOL000115044,P000436,1,1,0,1,fail,57.94
RETL000008480,RTN00008480,SOL000244711,P000184,7,0,0,0,pass,835.8
RETL000008481,RTN00008481,SOL000107835,P000065,9,9,0,9,fail,374.44
RETL000008482,RTN00008482,SOL000091857,P000168,2,2,0,2,fail,550.67
RETL000008483,RTN00008483,SOL000224700,P000604,8,8,0,8,fail,1087.48
RETL000008484,RTN00008484,SOL000127668,P000604,40,40,0,40,fail,5577.64
RETL000008485,RTN00008485,SOL000275375,P000433,9,9,3,6,fail,375.86
RETL000008486,RTN00008486,SOL000115183,P000059,259,259,0,259,fail,54191.64
RETL000008487,RTN00008487,SOL000190363,P000192,33,33,0,33,fail,1163.5
RETL000008488,RTN00008488,SOL000011290,P000541,7,0,0,0,pass,3145.7
RETL000008489,RTN00008489,SOL000225850,P000203,3,0,0,0,pass,560.23
RETL000008490,RTN00008490,SOL000169680,P000638,8,8,0,8,fail,294.96
RETL000008491,RTN00008491,SOL000248012,P000360,31,31,0,31,fail,4582.15
RETL000008492,RTN00008492,SOL000177803,P000486,13,0,0,0,pass,774.83
RETL000008493,RTN00008493,SOL000203851,P000279,34,34,28,6,pass,1875.95
RETL000008494,RTN00008494,SOL000257672,P000006,19,0,0,0,pass,900.9
RETL000008495,RTN00008495,SOL000181938,P000293,5,5,0,5,fail,688.43
RETL000008496,RTN00008496,SOL000029880,P000577,1,0,0,0,pass,121.85
RETL000008497,RTN00008497,SOL000019013,P000193,21,21,0,21,fail,7182.47
RETL000008498,RTN00008498,SOL000351412,P000059,10,10,0,10,fail,2110.74
RETL000008499,RTN00008499,SOL000111629,P000009,15,15,0,15,fail,2948.59
RETL000008500,RTN00008500,SOL000330699,P000349,5,5,0,5,fail,305.0
RETL000008501,RTN00008501,SOL000109128,P000428,14,14,0,14,fail,601.86
RETL000008502,RTN00008502,SOL000016831,P000066,31,31,0,31,fail,2489.93
RETL000008503,RTN00008503,SOL000316345,P000198,4,4,0,4,fail,497.88
RETL000008504,RTN00008504,SOL000084648,P000397,12,0,0,0,pass,1329.31
RETL000008505,RTN00008505,SOL000262453,P000390,12,12,0,12,fail,139.58
RETL000008506,RTN00008506,SOL000309509,P000100,6,6,3,3,fail,402.67
RETL000008507,RTN00008507,SOL000065009,P000622,16,16,0,16,fail,3264.44
RETL000008508,RTN00008508,SOL000344109,P000355,19,0,0,0,pass,710.8
RETL000008509,RTN00008509,SOL000040307,P000106,4,4,3,1,fail,660.71
RETL000008510,RTN00008510,SOL000191651,P000338,4,4,0,4,fail,215.39
RETL000008511,RTN00008511,SOL000147142,P000112,9,9,5,4,fail,2108.87
RETL000008512,RTN00008512,SOL000300885,P000598,12,0,0,0,pass,1121.5
RETL000008513,RTN00008513,SOL000222204,P000309,5,5,4,1,pass,247.54
RETL000008514,RTN00008514,SOL000006928,P000107,14,0,0,0,pass,1493.84
RETL000008515,RTN00008515,SOL000025481,P000008,16,16,0,16,fail,661.4
RETL000008516,RTN00008516,SOL000105459,P000185,11,11,0,11,fail,1336.42
RETL000008517,RTN00008517,SOL000193975,P000384,1,0,0,0,pass,128.35
RETL000008518,RTN00008518,SOL000206961,P000353,1,1,0,1,fail,48.55
RETL000008519,RTN00008519,SOL000117393,P000216,4,4,0,4,fail,513.97
RETL000008520,RTN00008520,SOL000118921,P000552,5,5,3,2,fail,3436.48
RETL000008521,RTN00008521,SOL000306393,P000056,16,16,0,16,fail,1597.39
RETL000008522,RTN00008522,SOL000227434,P000524,9,0,0,0,pass,448.93
RETL000008523,RTN00008523,SOL000243899,P000192,94,94,0,94,fail,2900.68
RETL000008524,RTN00008524,SOL000034981,P000290,27,27,0,27,fail,5725.87
RETL000008525,RTN00008525,SOL000143491,P000487,18,18,0,18,fail,1301.32
RETL000008526,RTN00008526,SOL000022349,P000080,1,1,0,1,fail,112.49
RETL000008527,RTN00008527,SOL000044141,P000451,8,8,0,8,fail,313.52
RETL000008528,RTN00008528,SOL000021171,P000020,13,13,0,13,fail,771.21
RETL000008529,RTN00008529,SOL000153329,P000603,2,2,1,1,fail,107.03
RETL000008530,RTN00008530,SOL000022565,P000100,7,7,0,7,fail,436.15
RETL000008531,RTN00008531,SOL000278188,P000419,37,37,27,10,fail,3743.19
RETL000008532,RTN00008532,SOL000225420,P000023,11,11,0,11,fail,893.99
RETL000008533,RTN00008533,SOL000190671,P000430,6,6,0,6,fail,347.18
RETL000008534,RTN00008534,SOL000134657,P000111,6,6,3,3,fail,852.55
RETL000008535,RTN00008535,SOL000363449,P000482,1,0,0,0,pass,190.01
RETL000008536,RTN00008536,SOL000237041,P000427,6,6,4,2,fail,541.3
RETL000008537,RTN00008537,SOL000078733,P000219,26,26,11,15,fail,4085.03
RETL000008538,RTN00008538,SOL000281155,P000603,11,11,0,11,fail,790.6
RETL000008539,RTN00008539,SOL000007276,P000624,1,1,0,1,fail,174.08
RETL000008540,RTN00008540,SOL000076987,P000113,17,17,5,12,fail,1008.8
RETL000008541,RTN00008541,SOL000176362,P000085,1,1,1,0,pass,34.74
RETL000008542,RTN00008542,SOL000159753,P000031,3,3,0,3,fail,280.41
RETL000008543,RTN00008543,SOL000051887,P000314,1,1,0,1,fail,52.59
RETL000008544,RTN00008544,SOL000312665,P000363,31,31,0,31,fail,2415.05
RETL000008545,RTN00008545,SOL000269760,P000454,2,2,2,0,pass,86.31
RETL000008546,RTN00008546,SOL000276487,P000248,1,1,0,1,fail,118.01
RETL000008547,RTN00008547,SOL000280851,P000061,3,3,3,0,pass,313.97
RETL000008548,RTN00008548,SOL000343257,P000382,6,6,0,6,fail,105.0
RETL000008549,RTN00008549,SOL000068002,P000086,1,1,0,1,fail,75.53
RETL000008550,RTN00008550,SOL000268405,P000560,8,8,6,2,fail,799.57
RETL000008551,RTN00008551,SOL000133886,P000440,2,2,2,0,pass,108.39
RETL000008552,RTN00008552,SOL000366919,P000371,27,0,0,0,pass,3309.55
RETL000008553,RTN00008553,SOL000110824,P000442,2,2,1,1,fail,703.37
RETL000008554,RTN00008554,SOL000193714,P000102,9,9,5,4,fail,1092.58
RETL000008555,RTN00008555,SOL000094543,P000356,7,7,5,2,fail,1019.11
RETL000008556,RTN00008556,SOL000307703,P000355,1,1,0,1,fail,37.55
RETL000008557,RTN00008557,SOL000237198,P000251,14,0,0,0,pass,1025.41
RETL000008558,RTN00008558,SOL000300212,P000220,16,16,11,5,fail,5175.63
RETL000008559,RTN00008559,SOL000202975,P000320,7,7,0,7,fail,792.54
RETL000008560,RTN00008560,SOL000029086,P000056,3,3,1,2,fail,331.24
RETL000008561,RTN00008561,SOL000164700,P000303,11,11,0,11,fail,2060.57
RETL000008562,RTN00008562,SOL000158681,P000032,6,6,0,6,fail,194.34
RETL000008563,RTN00008563,SOL000247114,P000350,10,10,0,10,fail,260.47
RETL000008564,RTN00008564,SOL000360133,P000106,4,4,3,1,fail,834.39
RETL000008565,RTN00008565,SOL000279579,P000647,14,14,0,14,fail,923.11
RETL000008566,RTN00008566,SOL000314977,P000470,2,0,0,0,pass,229.06
RETL000008567,RTN00008567,SOL000222993,P000254,2,0,0,0,pass,201.13
RETL000008568,RTN00008568,SOL000085687,P000457,10,10,0,10,fail,2947.7
RETL000008569,RTN00008569,SOL000291831,P000132,3,3,2,1,fail,124.52
RETL000008570,RTN00008570,SOL000274921,P000337,16,16,0,16,fail,592.95
RETL000008571,RTN00008571,SOL000252390,P000033,7,7,0,7,fail,273.78
RETL000008572,RTN00008572,SOL000070647,P000066,3,3,3,0,pass,317.49
RETL000008573,RTN00008573,SOL000313772,P000284,24,24,9,15,fail,340.51
RETL000008574,RTN00008574,SOL000324036,P000242,2,2,0,2,fail,307.66
RETL000008575,RTN00008575,SOL000014775,P000585,20,20,12,8,fail,1211.86
RETL000008576,RTN00008576,SOL000066925,P000413,17,17,0,17,fail,1926.57
RETL000008577,RTN00008577,SOL000350380,P000561,3,3,0,3,fail,197.9
RETL000008578,RTN00008578,SOL000046452,P000634,5,5,0,5,fail,147.3
RETL000008579,RTN00008579,SOL000304037,P000194,1,1,0,1,fail,151.21
RETL000008580,RTN00008580,SOL000175164,P000351,2,2,1,1,fail,1450.15
RETL000008581,RTN00008581,SOL000129859,P000121,10,10,0,10,fail,1817.86
RETL000008582,RTN00008582,SOL000058688,P000463,12,12,0,12,fail,2918.99
RETL000008583,RTN00008583,SOL000214479,P000447,6,6,2,4,fail,1581.51
RETL000008584,RTN00008584,SOL000129766,P000647,9,0,0,0,pass,580.63
RETL000008585,RTN00008585,SOL000060921,P000449,7,7,0,7,fail,1581.07
RETL000008586,RTN00008586,SOL000237799,P000130,4,4,0,4,fail,428.61
RETL000008587,RTN00008587,SOL000211712,P000520,84,84,0,84,fail,16875.84
RETL000008588,RTN00008588,SOL000123199,P000383,11,11,9,2,pass,1987.84
RETL000008589,RTN00008589,SOL000359665,P000596,3,3,0,3,fail,775.33
RETL000008590,RTN00008590,SOL000281319,P000193,40,40,15,25,fail,13746.67
RETL000008591,RTN00008591,SOL000184761,P000464,11,11,0,11,fail,1333.04
RETL000008592,RTN00008592,SOL000042083,P000561,5,5,0,5,fail,329.94
RETL000008593,RTN00008593,SOL000141815,P000453,4,0,0,0,pass,639.1
RETL000008594,RTN00008594,SOL000048681,P000267,9,9,0,9,fail,969.17
RETL000008595,RTN00008595,SOL000040202,P000405,2,2,1,1,fail,111.91
RETL000008596,RTN00008596,SOL000141260,P000293,8,8,0,8,fail,1179.68
RETL000008597,RTN00008597,SOL000301815,P000301,1,1,0,1,fail,94.32
RETL000008598,RTN00008598,SOL000258559,P000232,10,10,5,5,fail,751.5
RETL000008599,RTN00008599,SOL000268934,P000048,1,1,1,0,pass,92.21
RETL000008600,RTN00008600,SOL000244658,P000053,7,0,0,0,pass,376.36
RETL000008601,RTN00008601,SOL000108651,P000631,19,19,0,19,fail,1795.09
RETL000008602,RTN00008602,SOL000316927,P000122,3,0,0,0,pass,410.23
RETL000008603,RTN00008603,SOL000226697,P000481,17,17,0,17,fail,369.4
RETL000008604,RTN00008604,SOL000301483,P000197,1,1,0,1,fail,155.29
RETL000008605,RTN00008605,SOL000083617,P000542,4,4,2,2,fail,1028.14
RETL000008606,RTN00008606,SOL000064086,P000089,18,18,12,6,fail,3122.93
RETL000008607,RTN00008607,SOL000077935,P000525,5,5,0,5,fail,349.14
RETL000008608,RTN00008608,SOL000321323,P000336,1,0,0,0,pass,150.25
RETL000008609,RTN00008609,SOL000190093,P000567,19,19,0,19,fail,1738.39
RETL000008610,RTN00008610,SOL000291443,P000424,21,21,19,2,pass,395.03
RETL000008611,RTN00008611,SOL000146847,P000304,9,9,0,9,fail,477.86
RETL000008612,RTN00008612,SOL000213831,P000423,15,15,10,5,fail,829.1
RETL000008613,RTN00008613,SOL000359663,P000624,3,3,0,3,fail,540.79
RETL000008614,RTN00008614,SOL000000794,P000126,3,3,0,3,fail,169.08
RETL000008615,RTN00008615,SOL000347630,P000277,3,3,0,3,fail,26.57
RETL000008616,RTN00008616,SOL000042348,P000613,1,0,0,0,pass,54.91
RETL000008617,RTN00008617,SOL000233320,P000223,5,5,0,5,fail,1305.29
RETL000008618,RTN00008618,SOL000237868,P000010,7,7,0,7,fail,417.12
RETL000008619,RTN00008619,SOL000155004,P000041,9,0,0,0,pass,222.11
RETL000008620,RTN00008620,SOL000192818,P000029,4,4,0,4,fail,759.03
RETL000008621,RTN00008621,SOL000134930,P000580,7,0,0,0,pass,288.16
RETL000008622,RTN00008622,SOL000170701,P000103,12,12,0,12,fail,560.9
RETL000008623,RTN00008623,SOL000086656,P000505,6,0,0,0,pass,157.35
RETL000008624,RTN00008624,SOL000075308,P000629,16,16,11,5,fail,380.27
RETL000008625,RTN00008625,SOL000155787,P000101,11,0,0,0,pass,840.47
RETL000008626,RTN00008626,SOL000132111,P000579,1,1,0,1,fail,71.23
RETL000008627,RTN00008627,SOL000147751,P000279,8,8,0,8,fail,370.69
RETL000008628,RTN00008628,SOL000028143,P000348,10,10,0,10,fail,473.92
RETL000008629,RTN00008629,SOL000003442,P000033,1,0,0,0,pass,34.56
RETL000008630,RTN00008630,SOL000043529,P000591,3,3,2,1,fail,738.03
RETL000008631,RTN00008631,SOL000231852,P000384,24,24,0,24,fail,2890.46
RETL000008632,RTN00008632,SOL000271078,P000184,10,10,5,5,fail,953.74
RETL000008633,RTN00008633,SOL000124133,P000589,4,0,0,0,pass,136.3
RETL000008634,RTN00008634,SOL000143261,P000527,19,19,0,19,fail,11091.49
RETL000008635,RTN00008635,SOL000034097,P000639,6,0,0,0,pass,382.22
RETL000008636,RTN00008636,SOL000021271,P000553,13,13,0,13,fail,5408.94
RETL000008637,RTN00008637,SOL000101981,P000182,31,0,0,0,pass,1775.17
RETL000008638,RTN00008638,SOL000035547,P000365,7,7,0,7,fail,388.17
RETL000008639,RTN00008639,SOL000179649,P000495,5,5,0,5,fail,642.96
RETL000008640,RTN00008640,SOL000116901,P000552,38,38,0,38,fail,23680.99
RETL000008641,RTN00008641,SOL000330417,P000362,2,2,0,2,fail,178.74
RETL000008642,RTN00008642,SOL000207484,P000607,2,0,0,0,pass,146.21
RETL000008643,RTN00008643,SOL000337289,P000382,2,2,1,1,fail,28.55
RETL000008644,RTN00008644,SOL000156406,P000034,65,0,0,0,pass,15260.51
RETL000008645,RTN00008645,SOL000099838,P000063,26,26,0,26,fail,1965.34
RETL000008646,RTN00008646,SOL000233743,P000263,19,19,0,19,fail,1859.27
RETL000008647,RTN00008647,SOL000095875,P000182,31,31,16,15,fail,2504.41
RETL000008648,RTN00008648,SOL000117345,P000164,6,0,0,0,pass,510.46
RETL000008649,RTN00008649,SOL000243689,P000622,8,8,0,8,fail,1333.31
RETL000008650,RTN00008650,SOL000281678,P000254,15,15,13,2,pass,1558.76
RETL000008651,RTN00008651,SOL000169728,P000396,6,0,0,0,pass,1146.52
RETL000008652,RTN00008652,SOL000352536,P000599,1,1,0,1,fail,65.06
RETL000008653,RTN00008653,SOL000049513,P000262,1,1,0,1,fail,96.6
RETL000008654,RTN00008654,SOL000027423,P000217,6,6,3,3,fail,380.59
RETL000008655,RTN00008655,SOL000192403,P000583,3,0,0,0,pass,127.55
RETL000008656,RTN00008656,SOL000309561,P000225,12,0,0,0,pass,2159.92
RETL000008657,RTN00008657,SOL000365685,P000238,4,4,0,4,fail,662.99
RETL000008658,RTN00008658,SOL000335443,P000126,25,25,0,25,fail,1445.85
RETL000008659,RTN00008659,SOL000053351,P000608,1,0,0,0,pass,59.35
RETL000008660,RTN00008660,SOL000009359,P000529,11,11,7,4,fail,941.33
RETL000008661,RTN00008661,SOL000009869,P000257,5,5,2,3,fail,617.46
RETL000008662,RTN00008662,SOL000047561,P000129,30,30,13,17,fail,1133.42
RETL000008663,RTN00008663,SOL000014791,P000429,17,17,5,12,fail,1586.47
RETL000008664,RTN00008664,SOL000307347,P000372,1,1,0,1,fail,138.16
RETL000008665,RTN00008665,SOL000071864,P000226,10,0,0,0,pass,340.88
RETL000008666,RTN00008666,SOL000199597,P000469,46,46,0,46,fail,2419.36
RETL000008667,RTN00008667,SOL000113110,P000044,3,0,0,0,pass,1141.73
RETL000008668,RTN00008668,SOL000012494,P000464,11,0,0,0,pass,1384.64
RETL000008669,RTN00008669,SOL000200335,P000339,2,2,0,2,fail,259.87
RETL000008670,RTN00008670,SOL000197939,P000028,5,5,2,3,fail,1072.97
RETL000008671,RTN00008671,SOL000045613,P000354,39,0,0,0,pass,4121.55
RETL000008672,RTN00008672,SOL000085925,P000094,57,57,27,30,fail,2708.03
RETL000008673,RTN00008673,SOL000148687,P000167,4,4,3,1,fail,432.11
RETL000008674,RTN00008674,SOL000332884,P000278,1,1,1,0,pass,104.05
RETL000008675,RTN00008675,SOL000362699,P000403,101,0,0,0,pass,3136.14
RETL000008676,RTN00008676,SOL000166911,P000112,7,7,0,7,fail,1712.44
RETL000008677,RTN00008677,SOL000142092,P000095,5,5,0,5,fail,573.66
RETL000008678,RTN00008678,SOL000079357,P000551,11,11,0,11,fail,1905.4
RETL000008679,RTN00008679,SOL000251963,P000485,14,14,5,9,fail,700.62
RETL000008680,RTN00008680,SOL000111216,P000330,1,1,0,1,fail,92.35
RETL000008681,RTN00008681,SOL000255766,P000334,11,11,5,6,fail,980.2
RETL000008682,RTN00008682,SOL000231389,P000181,5,5,0,5,fail,406.19
RETL000008683,RTN00008683,SOL000189940,P000153,2,2,0,2,fail,126.09
RETL000008684,RTN00008684,SOL000118010,P000531,19,19,0,19,fail,2292.04
RETL000008685,RTN00008685,SOL000287741,P000624,9,0,0,0,pass,1598.54
RETL000008686,RTN00008686,SOL000163773,P000620,77,77,0,77,fail,20037.61
RETL000008687,RTN00008687,SOL000241782,P000402,6,6,0,6,fail,721.07
RETL000008688,RTN00008688,SOL000081721,P000206,2,2,1,1,fail,402.43
RETL000008689,RTN00008689,SOL000085692,P000091,52,52,0,52,fail,2522.54
RETL000008690,RTN00008690,SOL000157072,P000226,31,31,0,31,fail,711.13
RETL000008691,RTN00008691,SOL000197101,P000581,12,0,0,0,pass,600.98
RETL000008692,RTN00008692,SOL000003134,P000315,3,3,0,3,fail,398.31
RETL000008693,RTN00008693,SOL000058340,P000195,40,0,0,0,pass,4667.63
RETL000008694,RTN00008694,SOL000245974,P000072,6,6,5,1,pass,375.27
RETL000008695,RTN00008695,SOL000099359,P000046,26,0,0,0,pass,1112.37
RETL000008696,RTN00008696,SOL000251239,P000292,5,5,3,2,fail,2623.02
RETL000008697,RTN00008697,SOL000305385,P000629,6,6,0,6,fail,214.59
RETL000008698,RTN00008698,SOL000200565,P000137,11,11,0,11,fail,520.56
RETL000008699,RTN00008699,SOL000215852,P000626,4,4,0,4,fail,453.14
RETL000008700,RTN00008700,SOL000287683,P000321,2,2,0,2,fail,86.66
RETL000008701,RTN00008701,SOL000110767,P000302,7,0,0,0,pass,688.69
RETL000008702,RTN00008702,SOL000105775,P000649,5,0,0,0,pass,1691.53
RETL000008703,RTN00008703,SOL000279689,P000176,34,0,0,0,pass,10935.55
RETL000008704,RTN00008704,SOL000070244,P000586,51,0,0,0,pass,6157.33
RETL000008705,RTN00008705,SOL000009008,P000524,20,20,12,8,fail,1003.82
RETL000008706,RTN00008706,SOL000342011,P000577,2,2,2,0,pass,215.34
RETL000008707,RTN00008707,SOL000111151,P000524,8,8,5,3,fail,488.52
RETL000008708,RTN00008708,SOL000064987,P000459,2,2,0,2,fail,67.81
RETL000008709,RTN00008709,SOL000284082,P000433,18,18,0,18,fail,755.33
RETL000008710,RTN00008710,SOL000355276,P000155,2,2,2,0,pass,155.49
RETL000008711,RTN00008711,SOL000336739,P000593,4,0,0,0,pass,331.22
RETL000008712,RTN00008712,SOL000087184,P000121,12,12,0,12,fail,2041.35
RETL000008713,RTN00008713,SOL000010888,P000152,2,0,0,0,pass,97.76
RETL000008714,RTN00008714,SOL000170769,P000103,7,7,0,7,fail,291.43
RETL000008715,RTN00008715,SOL000126270,P000276,6,0,0,0,pass,235.87
RETL000008716,RTN00008716,SOL000204158,P000064,17,17,0,17,fail,1402.62
RETL000008717,RTN00008717,SOL000329835,P000254,9,0,0,0,pass,1172.61
RETL000008718,RTN00008718,SOL000258052,P000250,6,6,0,6,fail,628.59
RETL000008719,RTN00008719,SOL000107410,P000309,6,0,0,0,pass,357.52
RETL000008720,RTN00008720,SOL000078285,P000476,21,21,16,5,fail,8649.7
RETL000008721,RTN00008721,SOL000257333,P000182,3,3,0,3,fail,204.69
RETL000008722,RTN00008722,SOL000184360,P000119,6,6,0,6,fail,659.62
RETL000008723,RTN00008723,SOL000142075,P000245,15,0,0,0,pass,2479.16
RETL000008724,RTN00008724,SOL000308147,P000214,3,0,0,0,pass,581.17
RETL000008725,RTN00008725,SOL000326667,P000015,3,3,0,3,fail,2189.25
RETL000008726,RTN00008726,SOL000172951,P000611,6,0,0,0,pass,499.67
RETL000008727,RTN00008727,SOL000295216,P000187,3,0,0,0,pass,342.23
RETL000008728,RTN00008728,SOL000020449,P000298,1,0,0,0,pass,442.22
RETL000008729,RTN00008729,SOL000291423,P000060,2,2,0,2,fail,77.88
RETL000008730,RTN00008730,SOL000185875,P000203,15,0,0,0,pass,2253.96
RETL000008731,RTN00008731,SOL000278911,P000320,3,3,0,3,fail,240.6
RETL000008732,RTN00008732,SOL000032327,P000438,3,3,0,3,fail,163.45
RETL000008733,RTN00008733,SOL000351423,P000498,8,8,0,8,fail,1045.84
RETL000008734,RTN00008734,SOL000052193,P000500,4,4,0,4,fail,93.43
RETL000008735,RTN00008735,SOL000225747,P000347,5,5,0,5,fail,187.73
RETL000008736,RTN00008736,SOL000301975,P000267,5,5,0,5,fail,636.39
RETL000008737,RTN00008737,SOL000049142,P000033,2,0,0,0,pass,63.44
RETL000008738,RTN00008738,SOL000083679,P000033,36,36,0,36,fail,1552.36
RETL000008739,RTN00008739,SOL000158694,P000225,5,5,0,5,fail,610.34
RETL000008740,RTN00008740,SOL000128907,P000650,10,0,0,0,pass,1104.41
RETL000008741,RTN00008741,SOL000170650,P000001,7,7,0,7,fail,1957.4
RETL000008742,RTN00008742,SOL000186103,P000621,17,17,0,17,fail,1975.5
RETL000008743,RTN00008743,SOL000137996,P000627,4,4,2,2,fail,153.13
RETL000008744,RTN00008744,SOL000118421,P000242,2,0,0,0,pass,282.46
RETL000008745,RTN00008745,SOL000242530,P000401,27,27,19,8,fail,2091.37
RETL000008746,RTN00008746,SOL000280275,P000130,6,6,5,1,pass,717.53
RETL000008747,RTN00008747,SOL000145413,P000048,6,6,0,6,fail,637.09
RETL000008748,RTN00008748,SOL000205453,P000650,1,1,0,1,fail,132.76
RETL000008749,RTN00008749,SOL000349421,P000483,10,10,0,10,fail,3905.56
RETL000008750,RTN00008750,SOL000081484,P000145,18,18,15,3,pass,2740.97
RETL000008751,RTN00008751,SOL000205166,P000569,5,5,2,3,fail,985.32
RETL000008752,RTN00008752,SOL000061694,P000509,1,0,0,0,pass,114.15
RETL000008753,RTN00008753,SOL000085218,P000003,17,17,0,17,fail,2457.96
RETL000008754,RTN00008754,SOL000237993,P000109,17,17,0,17,fail,725.42
RETL000008755,RTN00008755,SOL000218212,P000617,2,2,1,1,fail,65.22
RETL000008756,RTN00008756,SOL000186332,P000027,67,67,55,12,pass,8071.38
RETL000008757,RTN00008757,SOL000189435,P000561,2,2,1,1,fail,153.91
RETL000008758,RTN00008758,SOL000144040,P000279,1,1,0,1,fail,50.1
RETL000008759,RTN00008759,SOL000071761,P000073,1,0,0,0,pass,177.11
RETL000008760,RTN00008760,SOL000273746,P000214,8,8,5,3,fail,1390.31
RETL000008761,RTN00008761,SOL000213233,P000608,2,0,0,0,pass,131.26
RETL000008762,RTN00008762,SOL000284853,P000363,10,10,0,10,fail,575.08
RETL000008763,RTN00008763,SOL000312538,P000336,1,1,0,1,fail,168.93
RETL000008764,RTN00008764,SOL000222490,P000319,1,0,0,0,pass,36.5
RETL000008765,RTN00008765,SOL000326448,P000077,17,0,0,0,pass,2235.37
RETL000008766,RTN00008766,SOL000203889,P000615,13,13,0,13,fail,844.35
RETL000008767,RTN00008767,SOL000331859,P000172,12,12,0,12,fail,738.15
RETL000008768,RTN00008768,SOL000183471,P000592,3,3,0,3,fail,292.21
RETL000008769,RTN00008769,SOL000001196,P000394,11,11,0,11,fail,968.79
RETL000008770,RTN00008770,SOL000078781,P000311,10,10,0,10,fail,341.18
RETL000008771,RTN00008771,SOL000031536,P000352,1,1,0,1,fail,355.53
RETL000008772,RTN00008772,SOL000163574,P000302,30,30,20,10,fail,2015.42
RETL000008773,RTN00008773,SOL000150904,P000223,11,11,0,11,fail,4075.37
RETL000008774,RTN00008774,SOL000247208,P000526,10,10,7,3,fail,440.8
RETL000008775,RTN00008775,SOL000082685,P000110,8,8,6,2,fail,205.1
RETL000008776,RTN00008776,SOL000113600,P000432,8,8,3,5,fail,741.53
RETL000008777,RTN00008777,SOL000125874,P000061,1,1,1,0,pass,152.33
RETL000008778,RTN00008778,SOL000106974,P000640,19,19,0,19,fail,976.26
RETL000008779,RTN00008779,SOL000001631,P000116,3,3,0,3,fail,456.22
RETL000008780,RTN00008780,SOL000252477,P000149,14,14,10,4,fail,1579.7
RETL000008781,RTN00008781,SOL000026210,P000452,1,0,0,0,pass,88.97
RETL000008782,RTN00008782,SOL000339937,P000265,35,35,0,35,fail,5965.99
RETL000008783,RTN00008783,SOL000168336,P000497,7,7,0,7,fail,612.15
RETL000008784,RTN00008784,SOL000112383,P000428,4,4,2,2,fail,236.76
RETL000008785,RTN00008785,SOL000319881,P000479,22,22,11,11,fail,2019.89
RETL000008786,RTN00008786,SOL000356691,P000571,5,5,4,1,pass,615.44
RETL000008787,RTN00008787,SOL000090631,P000427,3,3,0,3,fail,272.96
RETL000008788,RTN00008788,SOL000171118,P000031,27,27,14,13,fail,1889.45
RETL000008789,RTN00008789,SOL000227852,P000269,3,0,0,0,pass,298.53
RETL000008790,RTN00008790,SOL000077008,P000028,7,7,4,3,fail,1003.31
RETL000008791,RTN00008791,SOL000145174,P000578,8,8,5,3,fail,763.34
RETL000008792,RTN00008792,SOL000204351,P000019,7,7,6,1,pass,3078.76
RETL000008793,RTN00008793,SOL000043819,P000549,3,3,0,3,fail,243.53
RETL000008794,RTN00008794,SOL000293034,P000294,1,0,0,0,pass,331.01
RETL000008795,RTN00008795,SOL000170756,P000310,7,7,0,7,fail,1227.52
RETL000008796,RTN00008796,SOL000041114,P000470,1,1,0,1,fail,102.9
RETL000008797,RTN00008797,SOL000190720,P000649,4,0,0,0,pass,1402.96
RETL000008798,RTN00008798,SOL000105183,P000581,16,16,11,5,fail,738.28
RETL000008799,RTN00008799,SOL000232020,P000507,1,1,1,0,pass,116.3
RETL000008800,RTN00008800,SOL000074228,P000285,29,0,0,0,pass,1318.52
RETL000008801,RTN00008801,SOL000184569,P000509,3,3,0,3,fail,273.33
RETL000008802,RTN00008802,SOL000027804,P000633,2,2,0,2,fail,171.16
RETL000008803,RTN00008803,SOL000289732,P000055,1,1,0,1,fail,342.81
RETL000008804,RTN00008804,SOL000163434,P000544,14,0,0,0,pass,546.69
RETL000008805,RTN00008805,SOL000139017,P000067,16,0,0,0,pass,2197.14
RETL000008806,RTN00008806,SOL000184652,P000467,5,5,0,5,fail,200.88
RETL000008807,RTN00008807,SOL000183712,P000487,3,3,2,1,fail,243.89
RETL000008808,RTN00008808,SOL000198721,P000038,6,0,0,0,pass,319.41
RETL000008809,RTN00008809,SOL000255269,P000394,10,10,5,5,fail,798.08
RETL000008810,RTN00008810,SOL000009914,P000570,2,2,0,2,fail,566.67
RETL000008811,RTN00008811,SOL000102412,P000352,2,2,1,1,fail,887.07
RETL000008812,RTN00008812,SOL000201829,P000199,1,1,1,0,pass,64.66
RETL000008813,RTN00008813,SOL000270900,P000149,4,4,0,4,fail,466.47
RETL000008814,RTN00008814,SOL000354659,P000240,2,2,1,1,fail,209.28
RETL000008815,RTN00008815,SOL000255483,P000093,12,12,6,6,fail,962.23
RETL000008816,RTN00008816,SOL000356988,P000626,8,8,0,8,fail,668.46
RETL000008817,RTN00008817,SOL000136660,P000467,18,0,0,0,pass,807.82
RETL000008818,RTN00008818,SOL000250179,P000551,65,65,0,65,fail,15673.3
RETL000008819,RTN00008819,SOL000326764,P000548,13,0,0,0,pass,712.9
RETL000008820,RTN00008820,SOL000104423,P000290,72,0,0,0,pass,17098.68
RETL000008821,RTN00008821,SOL000047941,P000472,5,5,4,1,pass,885.85
RETL000008822,RTN00008822,SOL000318221,P000421,33,33,0,33,fail,2691.79
RETL000008823,RTN00008823,SOL000322604,P000258,4,4,0,4,fail,556.36
RETL000008824,RTN00008824,SOL000319848,P000394,3,3,0,3,fail,276.15
RETL000008825,RTN00008825,SOL000245618,P000202,7,7,0,7,fail,1926.65
RETL000008826,RTN00008826,SOL000101037,P000111,8,8,0,8,fail,1226.3
RETL000008827,RTN00008827,SOL000172098,P000094,15,0,0,0,pass,955.09
RETL000008828,RTN00008828,SOL000093840,P000123,2,2,0,2,fail,242.05
RETL000008829,RTN00008829,SOL000181396,P000090,8,8,0,8,fail,560.91
RETL000008830,RTN00008830,SOL000159442,P000217,16,16,0,16,fail,1267.47
RETL000008831,RTN00008831,SOL000187536,P000390,36,36,0,36,fail,410.35
RETL000008832,RTN00008832,SOL000227144,P000498,15,15,0,15,fail,1314.34
RETL000008833,RTN00008833,SOL000080321,P000467,1,1,0,1,fail,40.82
RETL000008834,RTN00008834,SOL000308102,P000127,6,6,0,6,fail,1010.3
RETL000008835,RTN00008835,SOL000317019,P000493,35,35,0,35,fail,8360.2
RETL000008836,RTN00008836,SOL000338332,P000388,1,1,1,0,pass,63.57
RETL000008837,RTN00008837,SOL000197992,P000499,18,18,0,18,fail,3591.57
RETL000008838,RTN00008838,SOL000009338,P000598,4,4,3,1,fail,376.26
RETL000008839,RTN00008839,SOL000183518,P000011,10,10,0,10,fail,328.02
RETL000008840,RTN00008840,SOL000089940,P000104,1,0,0,0,pass,247.44
RETL000008841,RTN00008841,SOL000267061,P000264,1,1,0,1,fail,140.49
RETL000008842,RTN00008842,SOL000299563,P000448,17,17,0,17,fail,1138.39
RETL000008843,RTN00008843,SOL000035577,P000109,1,1,0,1,fail,44.94
RETL000008844,RTN00008844,SOL000262792,P000364,18,18,0,18,fail,1052.38
RETL000008845,RTN00008845,SOL000038372,P000152,3,3,2,1,fail,145.27
RETL000008846,RTN00008846,SOL000138568,P000015,16,16,0,16,fail,15070.65
RETL000008847,RTN00008847,SOL000302969,P000399,2,2,0,2,fail,71.17
RETL000008848,RTN00008848,SOL000063175,P000397,10,0,0,0,pass,1156.39
RETL000008849,RTN00008849,SOL000046287,P000037,24,24,0,24,fail,1899.23
RETL000008850,RTN00008850,SOL000261584,P000126,2,2,1,1,fail,148.96
RETL000008851,RTN00008851,SOL000326217,P000432,50,0,0,0,pass,3929.68
RETL000008852,RTN00008852,SOL000276437,P000186,2,0,0,0,pass,41.09
RETL000008853,RTN00008853,SOL000040393,P000193,11,0,0,0,pass,3189.24
RETL000008854,RTN00008854,SOL000216468,P000398,9,9,0,9,fail,1191.74
RETL000008855,RTN00008855,SOL000212332,P000039,19,19,13,6,fail,7622.01
RETL000008856,RTN00008856,SOL000294445,P000181,7,0,0,0,pass,676.06
RETL000008857,RTN00008857,SOL000050852,P000445,7,0,0,0,pass,1016.32
RETL000008858,RTN00008858,SOL000175271,P000368,11,0,0,0,pass,906.71
RETL000008859,RTN00008859,SOL000133076,P000166,9,9,0,9,fail,1006.32
RETL000008860,RTN00008860,SOL000041234,P000074,1,0,0,0,pass,57.73
RETL000008861,RTN00008861,SOL000246523,P000601,11,11,0,11,fail,2923.25
RETL000008862,RTN00008862,SOL000307104,P000099,3,3,1,2,fail,553.1
RETL000008863,RTN00008863,SOL000165912,P000519,10,10,3,7,fail,1319.96
RETL000008864,RTN00008864,SOL000142135,P000413,5,5,0,5,fail,507.58
RETL000008865,RTN00008865,SOL000268955,P000394,1,1,1,0,pass,91.19
RETL000008866,RTN00008866,SOL000189699,P000619,8,8,0,8,fail,615.3
RETL000008867,RTN00008867,SOL000216456,P000625,4,4,1,3,fail,384.04
RETL000008868,RTN00008868,SOL000035927,P000065,6,6,3,3,fail,253.51
RETL000008869,RTN00008869,SOL000316692,P000032,15,0,0,0,pass,533.36
RETL000008870,RTN00008870,SOL000040792,P000537,3,0,0,0,pass,166.72
RETL000008871,RTN00008871,SOL000307218,P000173,20,20,0,20,fail,3027.64
RETL000008872,RTN00008872,SOL000147183,P000602,8,0,0,0,pass,1293.04
RETL000008873,RTN00008873,SOL000062001,P000310,6,6,3,3,fail,1144.83
RETL000008874,RTN00008874,SOL000170110,P000214,1,1,0,1,fail,169.43
RETL000008875,RTN00008875,SOL000098872,P000267,12,12,11,1,pass,1391.87
RETL000008876,RTN00008876,SOL000337807,P000220,3,3,0,3,fail,1161.4
RETL000008877,RTN00008877,SOL000119461,P000287,24,24,0,24,fail,1390.7
RETL000008878,RTN00008878,SOL000142886,P000408,1,0,0,0,pass,195.04
RETL000008879,RTN00008879,SOL000238590,P000157,5,5,0,5,fail,714.26
RETL000008880,RTN00008880,SOL000037245,P000215,12,12,9,3,fail,229.39
RETL000008881,RTN00008881,SOL000159693,P000435,15,15,0,15,fail,1071.07
RETL000008882,RTN00008882,SOL000211738,P000595,12,12,0,12,fail,449.28
RETL000008883,RTN00008883,SOL000133542,P000144,57,0,0,0,pass,3725.3
RETL000008884,RTN00008884,SOL000188275,P000266,31,31,0,31,fail,5930.4
RETL000008885,RTN00008885,SOL000075407,P000249,10,10,8,2,pass,937.96
RETL000008886,RTN00008886,SOL000348059,P000591,1,1,0,1,fail,251.06
RETL000008887,RTN00008887,SOL000118732,P000009,1,1,0,1,fail,161.79
RETL000008888,RTN00008888,SOL000037483,P000540,2,2,0,2,fail,109.78
RETL000008889,RTN00008889,SOL000085132,P000072,110,110,0,110,fail,7416.77
RETL000008890,RTN00008890,SOL000024914,P000384,42,42,34,8,pass,5670.87
RETL000008891,RTN00008891,SOL000038372,P000152,9,9,3,6,fail,456.27
RETL000008892,RTN00008892,SOL000095718,P000365,11,11,4,7,fail,462.02
RETL000008893,RTN00008893,SOL000219817,P000444,15,15,10,5,fail,2619.79
RETL000008894,RTN00008894,SOL000340261,P000470,18,18,10,8,fail,2080.24
RETL000008895,RTN00008895,SOL000139584,P000465,15,15,0,15,fail,1135.61
RETL000008896,RTN00008896,SOL000152073,P000385,6,6,0,6,fail,323.54
RETL000008897,RTN00008897,SOL000243148,P000452,17,17,0,17,fail,1337.99
RETL000008898,RTN00008898,SOL000295296,P000218,9,9,0,9,fail,1272.92
RETL000008899,RTN00008899,SOL000171389,P000053,2,2,1,1,fail,114.39
RETL000008900,RTN00008900,SOL000124897,P000100,12,0,0,0,pass,782.04
RETL000008901,RTN00008901,SOL000198680,P000533,16,0,0,0,pass,2091.47
RETL000008902,RTN00008902,SOL000241872,P000532,24,0,0,0,pass,2358.46
RETL000008903,RTN00008903,SOL000036435,P000055,27,0,0,0,pass,11005.93
RETL000008904,RTN00008904,SOL000032073,P000527,31,0,0,0,pass,17259.95
RETL000008905,RTN00008905,SOL000031690,P000071,1,0,0,0,pass,176.54
RETL000008906,RTN00008906,SOL000270869,P000134,6,0,0,0,pass,558.49
RETL000008907,RTN00008907,SOL000110916,P000529,14,14,6,8,fail,1196.23
RETL000008908,RTN00008908,SOL000347008,P000215,21,21,0,21,fail,515.21
RETL000008909,RTN00008909,SOL000145792,P000285,5,5,0,5,fail,340.75
RETL000008910,RTN00008910,SOL000173234,P000126,1,0,0,0,pass,66.99
RETL000008911,RTN00008911,SOL000101468,P000601,3,3,0,3,fail,991.23
RETL000008912,RTN00008912,SOL000353533,P000037,3,3,3,0,pass,271.23
RETL000008913,RTN00008913,SOL000249619,P000006,22,22,0,22,fail,926.86
RETL000008914,RTN00008914,SOL000327348,P000448,2,2,0,2,fail,135.14
RETL000008915,RTN00008915,SOL000288607,P000354,2,2,0,2,fail,167.73
RETL000008916,RTN00008916,SOL000144563,P000138,2,2,1,1,fail,116.68
RETL000008917,RTN00008917,SOL000051087,P000331,7,7,6,1,pass,1700.06
RETL000008918,RTN00008918,SOL000292194,P000606,74,74,58,16,fail,16732.34
RETL000008919,RTN00008919,SOL000137212,P000029,8,8,0,8,fail,1629.67
RETL000008920,RTN00008920,SOL000344500,P000455,14,14,0,14,fail,1654.03
RETL000008921,RTN00008921,SOL000337880,P000571,10,10,0,10,fail,1161.34
RETL000008922,RTN00008922,SOL000181657,P000218,11,11,0,11,fail,1765.62
RETL000008923,RTN00008923,SOL000327516,P000377,6,6,0,6,fail,243.47
RETL000008924,RTN00008924,SOL000095183,P000509,1,1,0,1,fail,90.69
RETL000008925,RTN00008925,SOL000127865,P000467,4,0,0,0,pass,234.23
RETL000008926,RTN00008926,SOL000068138,P000499,1,1,0,1,fail,179.74
RETL000008927,RTN00008927,SOL000030704,P000211,7,0,0,0,pass,394.44
RETL000008928,RTN00008928,SOL000144867,P000551,1,0,0,0,pass,205.49
RETL000008929,RTN00008929,SOL000358926,P000403,4,4,2,2,fail,123.44
RETL000008930,RTN00008930,SOL000102520,P000623,2,2,0,2,fail,309.77
RETL000008931,RTN00008931,SOL000004487,P000250,3,3,0,3,fail,356.57
RETL000008932,RTN00008932,SOL000033513,P000550,4,4,0,4,fail,448.37
RETL000008933,RTN00008933,SOL000131347,P000553,9,9,0,9,fail,3265.85
RETL000008934,RTN00008934,SOL000199430,P000227,2,2,0,2,fail,142.06
RETL000008935,RTN00008935,SOL000188538,P000349,8,0,0,0,pass,408.98
RETL000008936,RTN00008936,SOL000067793,P000003,5,5,0,5,fail,819.65
RETL000008937,RTN00008937,SOL000099021,P000170,6,0,0,0,pass,408.86
RETL000008938,RTN00008938,SOL000067126,P000272,8,8,0,8,fail,492.49
RETL000008939,RTN00008939,SOL000094289,P000038,8,8,2,6,fail,425.18
RETL000008940,RTN00008940,SOL000007957,P000408,1,1,0,1,fail,150.29
RETL000008941,RTN00008941,SOL000041958,P000171,14,0,0,0,pass,2292.38
RETL000008942,RTN00008942,SOL000047871,P000642,3,3,3,0,pass,314.54
RETL000008943,RTN00008943,SOL000041798,P000367,7,7,0,7,fail,266.48
RETL000008944,RTN00008944,SOL000291129,P000167,6,6,0,6,fail,666.22
RETL000008945,RTN00008945,SOL000019053,P000042,1,1,0,1,fail,97.93
RETL000008946,RTN00008946,SOL000024848,P000007,13,13,0,13,fail,2223.73
RETL000008947,RTN00008947,SOL000282814,P000493,2,2,0,2,fail,436.37
RETL000008948,RTN00008948,SOL000165452,P000624,36,36,0,36,fail,6475.91
RETL000008949,RTN00008949,SOL000272747,P000099,10,10,6,4,fail,1820.57
RETL000008950,RTN00008950,SOL000275415,P000001,8,8,6,2,fail,1986.46
RETL000008951,RTN00008951,SOL000080596,P000247,2,2,0,2,fail,176.16
RETL000008952,RTN00008952,SOL000232665,P000437,6,0,0,0,pass,686.6
RETL000008953,RTN00008953,SOL000302997,P000074,38,38,12,26,fail,2358.34
RETL000008954,RTN00008954,SOL000142660,P000102,6,6,4,2,fail,1053.11
RETL000008955,RTN00008955,SOL000130023,P000156,3,3,0,3,fail,260.24
RETL000008956,RTN00008956,SOL000023544,P000514,3,0,0,0,pass,435.76
RETL000008957,RTN00008957,SOL000049456,P000468,2,0,0,0,pass,305.53
RETL000008958,RTN00008958,SOL000079230,P000391,10,10,0,10,fail,267.88
RETL000008959,RTN00008959,SOL000103140,P000595,29,29,0,29,fail,1201.83
RETL000008960,RTN00008960,SOL000278425,P000028,1,0,0,0,pass,211.2
RETL000008961,RTN00008961,SOL000274651,P000413,13,13,5,8,fail,1296.2
RETL000008962,RTN00008962,SOL000024319,P000262,48,0,0,0,pass,5859.61
RETL000008963,RTN00008963,SOL000342240,P000586,10,10,0,10,fail,1337.21
RETL000008964,RTN00008964,SOL000190727,P000261,3,0,0,0,pass,88.85
RETL000008965,RTN00008965,SOL000251481,P000058,16,16,0,16,fail,5228.45
RETL000008966,RTN00008966,SOL000297292,P000479,21,0,0,0,pass,1875.05
RETL000008967,RTN00008967,SOL000054583,P000055,2,0,0,0,pass,664.1
RETL000008968,RTN00008968,SOL000233389,P000084,9,0,0,0,pass,993.09
RETL000008969,RTN00008969,SOL000233755,P000215,1,1,0,1,fail,18.79
RETL000008970,RTN00008970,SOL000222785,P000140,4,4,2,2,fail,958.4
RETL000008971,RTN00008971,SOL000237248,P000587,1,1,0,1,fail,184.57
RETL000008972,RTN00008972,SOL000300463,P000342,2,2,0,2,fail,217.31
RETL000008973,RTN00008973,SOL000305042,P000112,51,51,0,51,fail,14856.17
RETL000008974,RTN00008974,SOL000110126,P000324,32,32,0,32,fail,2054.78
RETL000008975,RTN00008975,SOL000214035,P000240,7,7,6,1,pass,810.03
RETL000008976,RTN00008976,SOL000023793,P000551,2,2,0,2,fail,450.91
RETL000008977,RTN00008977,SOL000059592,P000149,1,0,0,0,pass,137.88
RETL000008978,RTN00008978,SOL000173997,P000637,17,17,0,17,fail,992.46
RETL000008979,RTN00008979,SOL000014086,P000136,1,1,0,1,fail,334.62
RETL000008980,RTN00008980,SOL000036537,P000560,5,0,0,0,pass,446.09
RETL000008981,RTN00008981,SOL000265098,P000336,1,1,0,1,fail,176.78
RETL000008982,RTN00008982,SOL000198763,P000323,6,0,0,0,pass,452.01
RETL000008983,RTN00008983,SOL000355349,P000451,4,0,0,0,pass,121.4
RETL000008984,RTN00008984,SOL000261433,P000645,49,49,43,6,pass,3535.57
RETL000008985,RTN00008985,SOL000087143,P000452,1,1,0,1,fail,58.84
RETL000008986,RTN00008986,SOL000094056,P000466,2,2,0,2,fail,148.92
RETL000008987,RTN00008987,SOL000031873,P000246,8,8,0,8,fail,3831.08
RETL000008988,RTN00008988,SOL000096475,P000186,2,2,0,2,fail,38.95
RETL000008989,RTN00008989,SOL000005626,P000416,11,11,0,11,fail,544.44
RETL000008990,RTN00008990,SOL000116776,P000362,13,0,0,0,pass,1786.56
RETL000008991,RTN00008991,SOL000039228,P000373,32,32,9,23,fail,2486.04
RETL000008992,RTN00008992,SOL000020985,P000088,2,2,1,1,fail,276.46
RETL000008993,RTN00008993,SOL000081273,P000170,1,1,0,1,fail,83.04
RETL000008994,RTN00008994,SOL000043213,P000039,13,13,0,13,fail,5841.55
RETL000008995,RTN00008995,SOL000325547,P000256,4,4,0,4,fail,122.9
RETL000008996,RTN00008996,SOL000269896,P000007,1,0,0,0,pass,157.33
RETL000008997,RTN00008997,SOL000195020,P000258,18,18,0,18,fail,2590.39
RETL000008998,RTN00008998,SOL000132076,P000266,7,7,3,4,fail,1441.32
RETL000008999,RTN00008999,SOL000188791,P000205,23,23,0,23,fail,1996.22
RETL000009000,RTN00009000,SOL000125044,P000253,21,21,0,21,fail,1927.91
RETL000009001,RTN00009001,SOL000114069,P000039,10,10,6,4,fail,3998.88
RETL000009002,RTN00009002,SOL000324564,P000280,6,6,2,4,fail,475.16
RETL000009003,RTN00009003,SOL000124039,P000339,5,5,0,5,fail,558.78
RETL000009004,RTN00009004,SOL000349816,P000299,5,5,4,1,pass,1461.83
RETL000009005,RTN00009005,SOL000198669,P000414,3,3,2,1,fail,146.27
RETL000009006,RTN00009006,SOL000046803,P000068,27,0,0,0,pass,2719.29
RETL000009007,RTN00009007,SOL000281877,P000252,1,0,0,0,pass,186.28
RETL000009008,RTN00009008,SOL000340966,P000242,35,35,22,13,fail,4336.0
RETL000009009,RTN00009009,SOL000175110,P000346,7,7,0,7,fail,353.36
RETL000009010,RTN00009010,SOL000285604,P000458,7,7,0,7,fail,697.16
RETL000009011,RTN00009011,SOL000173434,P000513,6,6,0,6,fail,546.66
RETL000009012,RTN00009012,SOL000034667,P000369,31,31,0,31,fail,1255.91
RETL000009013,RTN00009013,SOL000218090,P000270,4,4,0,4,fail,365.78
RETL000009014,RTN00009014,SOL000215040,P000024,5,5,2,3,fail,232.24
RETL000009015,RTN00009015,SOL000053681,P000231,15,15,7,8,fail,3142.71
RETL000009016,RTN00009016,SOL000267578,P000108,4,4,0,4,fail,134.43
RETL000009017,RTN00009017,SOL000143699,P000249,8,0,0,0,pass,621.08
RETL000009018,RTN00009018,SOL000067034,P000259,12,12,7,5,fail,4096.45
RETL000009019,RTN00009019,SOL000061965,P000224,1,1,0,1,fail,934.02
RETL000009020,RTN00009020,SOL000131969,P000594,15,15,0,15,fail,912.64
RETL000009021,RTN00009021,SOL000098663,P000242,10,10,0,10,fail,1148.71
RETL000009022,RTN00009022,SOL000247453,P000427,3,3,0,3,fail,290.21
RETL000009023,RTN00009023,SOL000190748,P000110,7,0,0,0,pass,145.58
RETL000009024,RTN00009024,SOL000255705,P000581,15,15,11,4,fail,665.95
RETL000009025,RTN00009025,SOL000314127,P000590,7,7,0,7,fail,908.22
RETL000009026,RTN00009026,SOL000043395,P000515,21,21,0,21,fail,1297.77
RETL000009027,RTN00009027,SOL000001837,P000546,12,12,0,12,fail,1284.26
RETL000009028,RTN00009028,SOL000213687,P000287,11,11,0,11,fail,517.33
RETL000009029,RTN00009029,SOL000349953,P000587,6,6,5,1,pass,1316.79
RETL000009030,RTN00009030,SOL000087470,P000393,10,0,0,0,pass,2742.27
RETL000009031,RTN00009031,SOL000275037,P000567,5,5,2,3,fail,509.54
RETL000009032,RTN00009032,SOL000030263,P000303,20,20,0,20,fail,4457.05
RETL000009033,RTN00009033,SOL000090558,P000374,59,59,0,59,fail,8474.1
RETL000009034,RTN00009034,SOL000067079,P000120,2,0,0,0,pass,142.52
RETL000009035,RTN00009035,SOL000257586,P000542,2,0,0,0,pass,525.79
RETL000009036,RTN00009036,SOL000334996,P000184,25,25,12,13,fail,2724.08
RETL000009037,RTN00009037,SOL000093696,P000388,1,1,0,1,fail,66.59
RETL000009038,RTN00009038,SOL000087220,P000490,5,5,0,5,fail,675.86
RETL000009039,RTN00009039,SOL000115830,P000235,1,1,0,1,fail,392.26
RETL000009040,RTN00009040,SOL000131035,P000247,21,21,0,21,fail,1343.89
RETL000009041,RTN00009041,SOL000345424,P000128,7,7,0,7,fail,309.79
RETL000009042,RTN00009042,SOL000123993,P000157,3,3,0,3,fail,539.76
RETL000009043,RTN00009043,SOL000060686,P000223,1,1,0,1,fail,378.53
RETL000009044,RTN00009044,SOL000191632,P000045,6,6,4,2,fail,990.98
RETL000009045,RTN00009045,SOL000245678,P000636,2,0,0,0,pass,61.69
RETL000009046,RTN00009046,SOL000329159,P000284,3,3,1,2,fail,49.05
RETL000009047,RTN00009047,SOL000011003,P000204,1,1,0,1,fail,96.52
RETL000009048,RTN00009048,SOL000294227,P000456,4,4,0,4,fail,1024.66
RETL000009049,RTN00009049,SOL000142489,P000223,5,5,0,5,fail,1685.91
RETL000009050,RTN00009050,SOL000147195,P000576,2,2,2,0,pass,332.67
RETL000009051,RTN00009051,SOL000223889,P000485,1,1,1,0,pass,50.55
RETL000009052,RTN00009052,SOL000351106,P000133,4,0,0,0,pass,243.0
RETL000009053,RTN00009053,SOL000282126,P000396,22,22,0,22,fail,3967.99
RETL000009054,RTN00009054,SOL000005234,P000190,20,20,13,7,fail,1517.34
RETL000009055,RTN00009055,SOL000073570,P000541,1,1,0,1,fail,421.18
RETL000009056,RTN00009056,SOL000110425,P000312,10,10,5,5,fail,1703.56
RETL000009057,RTN00009057,SOL000005194,P000061,7,7,0,7,fail,930.46
RETL000009058,RTN00009058,SOL000064224,P000468,1,1,0,1,fail,172.85
RETL000009059,RTN00009059,SOL000243010,P000266,30,30,0,30,fail,5152.99
RETL000009060,RTN00009060,SOL000358442,P000423,6,6,4,2,fail,473.47
RETL000009061,RTN00009061,SOL000339741,P000461,5,5,3,2,fail,768.23
RETL000009062,RTN00009062,SOL000189384,P000456,29,29,18,11,fail,7746.3
RETL000009063,RTN00009063,SOL000031205,P000524,27,0,0,0,pass,1544.84
RETL000009064,RTN00009064,SOL000212126,P000168,20,20,16,4,pass,4446.2
RETL000009065,RTN00009065,SOL000029285,P000255,4,4,0,4,fail,499.63
RETL000009066,RTN00009066,SOL000072895,P000641,3,3,0,3,fail,268.84
RETL000009067,RTN00009067,SOL000090854,P000624,11,11,0,11,fail,1990.26
RETL000009068,RTN00009068,SOL000152915,P000327,8,8,0,8,fail,1939.82
RETL000009069,RTN00009069,SOL000013060,P000156,19,19,15,4,fail,1323.99
RETL000009070,RTN00009070,SOL000033779,P000289,7,7,0,7,fail,323.41
RETL000009071,RTN00009071,SOL000360432,P000225,7,7,3,4,fail,979.71
RETL000009072,RTN00009072,SOL000132589,P000323,4,4,1,3,fail,252.49
RETL000009073,RTN00009073,SOL000070298,P000541,20,0,0,0,pass,6743.09
RETL000009074,RTN00009074,SOL000195438,P000367,5,5,0,5,fail,164.02
RETL000009075,RTN00009075,SOL000120052,P000253,16,16,0,16,fail,1763.22
RETL000009076,RTN00009076,SOL000047703,P000562,3,3,0,3,fail,313.55
RETL000009077,RTN00009077,SOL000142304,P000133,5,5,0,5,fail,326.28
RETL000009078,RTN00009078,SOL000339895,P000020,11,11,0,11,fail,537.58
RETL000009079,RTN00009079,SOL000137214,P000517,1,1,0,1,fail,435.69
RETL000009080,RTN00009080,SOL000195758,P000096,3,3,1,2,fail,254.81
RETL000009081,RTN00009081,SOL000257339,P000573,13,13,0,13,fail,748.44
RETL000009082,RTN00009082,SOL000009854,P000523,24,24,11,13,fail,1157.71
RETL000009083,RTN00009083,SOL000223806,P000377,10,0,0,0,pass,390.0
RETL000009084,RTN00009084,SOL000184022,P000515,10,10,0,10,fail,496.83
RETL000009085,RTN00009085,SOL000093852,P000165,3,3,0,3,fail,185.35
RETL000009086,RTN00009086,SOL000263483,P000170,1,1,0,1,fail,93.0
RETL000009087,RTN00009087,SOL000041572,P000645,15,15,0,15,fail,1005.94
RETL000009088,RTN00009088,SOL000311986,P000375,4,4,1,3,fail,2595.15
RETL000009089,RTN00009089,SOL000342622,P000089,8,8,0,8,fail,920.26
RETL000009090,RTN00009090,SOL000040770,P000513,1,1,1,0,pass,102.23
RETL000009091,RTN00009091,SOL000018758,P000315,1,1,1,0,pass,124.89
RETL000009092,RTN00009092,SOL000301308,P000242,5,5,0,5,fail,754.83
RETL000009093,RTN00009093,SOL000270299,P000250,10,10,0,10,fail,1111.75
RETL000009094,RTN00009094,SOL000210539,P000558,32,32,0,32,fail,1404.24
RETL000009095,RTN00009095,SOL000050959,P000539,6,6,0,6,fail,661.56
RETL000009096,RTN00009096,SOL000040165,P000537,19,0,0,0,pass,1130.88
RETL000009097,RTN00009097,SOL000313268,P000513,1,1,0,1,fail,77.53
RETL000009098,RTN00009098,SOL000007329,P000248,9,9,8,1,pass,1374.85
RETL000009099,RTN00009099,SOL000318515,P000170,8,8,0,8,fail,543.28
RETL000009100,RTN00009100,SOL000086133,P000229,21,21,5,16,fail,3365.52
RETL000009101,RTN00009101,SOL000047293,P000260,14,14,6,8,fail,1687.29
RETL000009102,RTN00009102,SOL000182569,P000404,7,0,0,0,pass,1272.4
RETL000009103,RTN00009103,SOL000195335,P000024,10,10,0,10,fail,381.74
RETL000009104,RTN00009104,SOL000153835,P000285,21,21,16,5,fail,971.65
RETL000009105,RTN00009105,SOL000249608,P000102,3,3,0,3,fail,355.61
RETL000009106,RTN00009106,SOL000282825,P000520,16,16,0,16,fail,3123.91
RETL000009107,RTN00009107,SOL000186842,P000194,7,7,0,7,fail,1217.41
RETL000009108,RTN00009108,SOL000017964,P000489,26,26,0,26,fail,5013.98
RETL000009109,RTN00009109,SOL000329789,P000265,2,2,1,1,fail,388.02
RETL000009110,RTN00009110,SOL000025130,P000405,40,0,0,0,pass,2599.36
RETL000009111,RTN00009111,SOL000336032,P000122,4,0,0,0,pass,618.2
RETL000009112,RTN00009112,SOL000299219,P000548,5,5,3,2,fail,281.25
RETL000009113,RTN00009113,SOL000260324,P000528,28,0,0,0,pass,2292.8
RETL000009114,RTN00009114,SOL000039077,P000389,2,2,0,2,fail,313.07
RETL000009115,RTN00009115,SOL000154051,P000543,17,17,12,5,fail,2547.11
RETL000009116,RTN00009116,SOL000167039,P000642,8,8,5,3,fail,949.43
RETL000009117,RTN00009117,SOL000204845,P000107,8,8,0,8,fail,757.96
RETL000009118,RTN00009118,SOL000018492,P000234,119,119,74,45,fail,18494.3
RETL000009119,RTN00009119,SOL000068143,P000202,8,0,0,0,pass,1638.36
RETL000009120,RTN00009120,SOL000114573,P000284,15,0,0,0,pass,189.36
RETL000009121,RTN00009121,SOL000231884,P000064,1,1,0,1,fail,92.34
RETL000009122,RTN00009122,SOL000025417,P000524,5,5,0,5,fail,267.29
RETL000009123,RTN00009123,SOL000344116,P000120,9,0,0,0,pass,481.8
RETL000009124,RTN00009124,SOL000224862,P000091,20,20,14,6,fail,876.02
RETL000009125,RTN00009125,SOL000185834,P000114,2,2,1,1,fail,129.85
RETL000009126,RTN00009126,SOL000117315,P000368,4,4,0,4,fail,314.89
RETL000009127,RTN00009127,SOL000164055,P000353,25,25,0,25,fail,1461.38
RETL000009128,RTN00009128,SOL000234637,P000146,2,2,0,2,fail,134.93
RETL000009129,RTN00009129,SOL000266037,P000476,7,7,0,7,fail,2264.28
RETL000009130,RTN00009130,SOL000041677,P000612,7,0,0,0,pass,4183.89
RETL000009131,RTN00009131,SOL000320738,P000632,14,14,12,2,pass,4681.29
RETL000009132,RTN00009132,SOL000213472,P000263,15,0,0,0,pass,1820.89
RETL000009133,RTN00009133,SOL000338374,P000288,6,0,0,0,pass,1031.62
RETL000009134,RTN00009134,SOL000157170,P000132,5,5,0,5,fail,237.07
RETL000009135,RTN00009135,SOL000051869,P000447,87,87,0,87,fail,19186.34
RETL000009136,RTN00009136,SOL000068698,P000308,3,3,0,3,fail,354.46
RETL000009137,RTN00009137,SOL000229207,P000087,15,0,0,0,pass,398.26
RETL000009138,RTN00009138,SOL000082112,P000513,7,0,0,0,pass,722.83
RETL000009139,RTN00009139,SOL000117637,P000244,3,3,0,3,fail,81.4
RETL000009140,RTN00009140,SOL000364577,P000379,8,8,0,8,fail,433.89
RETL000009141,RTN00009141,SOL000044540,P000182,4,4,0,4,fail,328.16
RETL000009142,RTN00009142,SOL000333565,P000159,7,0,0,0,pass,282.75
RETL000009143,RTN00009143,SOL000185853,P000227,10,10,4,6,fail,667.48
RETL000009144,RTN00009144,SOL000335554,P000287,16,16,0,16,fail,995.98
RETL000009145,RTN00009145,SOL000126502,P000459,21,0,0,0,pass,740.56
RETL000009146,RTN00009146,SOL000182672,P000614,6,6,3,3,fail,1400.37
RETL000009147,RTN00009147,SOL000315409,P000211,12,12,0,12,fail,573.22
RETL000009148,RTN00009148,SOL000206378,P000318,6,6,0,6,fail,310.79
RETL000009149,RTN00009149,SOL000279783,P000185,6,6,0,6,fail,522.08
RETL000009150,RTN00009150,SOL000222530,P000399,5,0,0,0,pass,253.0
RETL000009151,RTN00009151,SOL000314814,P000545,2,2,2,0,pass,109.6
RETL000009152,RTN00009152,SOL000300978,P000090,15,15,0,15,fail,1094.05
RETL000009153,RTN00009153,SOL000147044,P000029,10,0,0,0,pass,1503.73
RETL000009154,RTN00009154,SOL000129809,P000325,10,10,6,4,fail,1948.56
RETL000009155,RTN00009155,SOL000005144,P000182,8,8,0,8,fail,651.27
RETL000009156,RTN00009156,SOL000291466,P000485,4,4,0,4,fail,257.28
RETL000009157,RTN00009157,SOL000261518,P000592,9,9,8,1,pass,868.21
RETL000009158,RTN00009158,SOL000258378,P000314,1,0,0,0,pass,51.41
RETL000009159,RTN00009159,SOL000186187,P000302,4,4,0,4,fail,280.09
RETL000009160,RTN00009160,SOL000129851,P000261,4,4,0,4,fail,121.95
RETL000009161,RTN00009161,SOL000197318,P000367,2,2,2,0,pass,62.22
RETL000009162,RTN00009162,SOL000044766,P000239,4,4,2,2,fail,1181.82
RETL000009163,RTN00009163,SOL000117395,P000290,9,9,6,3,fail,1851.54
RETL000009164,RTN00009164,SOL000211715,P000356,3,3,0,3,fail,442.98
RETL000009165,RTN00009165,SOL000226917,P000326,12,12,0,12,fail,1946.47
RETL000009166,RTN00009166,SOL000183601,P000144,2,2,1,1,fail,142.45
RETL000009167,RTN00009167,SOL000318418,P000108,1,0,0,0,pass,44.9
RETL000009168,RTN00009168,SOL000170446,P000101,11,11,0,11,fail,835.35
RETL000009169,RTN00009169,SOL000319358,P000343,4,4,0,4,fail,169.16
RETL000009170,RTN00009170,SOL000266333,P000237,18,18,0,18,fail,3564.23
RETL000009171,RTN00009171,SOL000121274,P000308,33,33,23,10,fail,4196.55
RETL000009172,RTN00009172,SOL000092365,P000541,5,5,2,3,fail,1711.8
RETL000009173,RTN00009173,SOL000059091,P000237,3,3,0,3,fail,682.69
RETL000009174,RTN00009174,SOL000203258,P000187,3,3,2,1,fail,402.08
RETL000009175,RTN00009175,SOL000042404,P000273,6,0,0,0,pass,811.48
RETL000009176,RTN00009176,SOL000315318,P000482,8,8,0,8,fail,1134.84
RETL000009177,RTN00009177,SOL000001718,P000180,11,0,0,0,pass,456.18
RETL000009178,RTN00009178,SOL000035267,P000197,10,0,0,0,pass,1970.54
RETL000009179,RTN00009179,SOL000176160,P000063,6,0,0,0,pass,466.35
RETL000009180,RTN00009180,SOL000181396,P000090,7,7,0,7,fail,442.18
RETL000009181,RTN00009181,SOL000077901,P000546,6,0,0,0,pass,634.96
RETL000009182,RTN00009182,SOL000198575,P000457,2,2,2,0,pass,396.47
RETL000009183,RTN00009183,SOL000128508,P000039,2,2,2,0,pass,879.38
RETL000009184,RTN00009184,SOL000354161,P000247,3,3,2,1,fail,282.64
RETL000009185,RTN00009185,SOL000086962,P000585,10,10,0,10,fail,474.38
RETL000009186,RTN00009186,SOL000314438,P000435,14,0,0,0,pass,868.17
RETL000009187,RTN00009187,SOL000064745,P000173,6,6,2,4,fail,1232.85
RETL000009188,RTN00009188,SOL000303818,P000489,56,56,0,56,fail,12368.96
RETL000009189,RTN00009189,SOL000044168,P000305,3,0,0,0,pass,235.4
RETL000009190,RTN00009190,SOL000191520,P000519,1,1,1,0,pass,129.8
RETL000009191,RTN00009191,SOL000168092,P000125,5,0,0,0,pass,391.83
RETL000009192,RTN00009192,SOL000069654,P000591,22,22,11,11,fail,4700.61
RETL000009193,RTN00009193,SOL000141159,P000047,1,1,0,1,fail,65.67
RETL000009194,RTN00009194,SOL000280432,P000349,40,40,0,40,fail,2625.18
RETL000009195,RTN00009195,SOL000089333,P000371,6,6,0,6,fail,688.63
RETL000009196,RTN00009196,SOL000099348,P000055,2,2,0,2,fail,802.87
RETL000009197,RTN00009197,SOL000040020,P000619,19,0,0,0,pass,1539.48
RETL000009198,RTN00009198,SOL000175692,P000607,8,8,5,3,fail,517.68
RETL000009199,RTN00009199,SOL000053927,P000331,22,22,0,22,fail,5792.8
RETL000009200,RTN00009200,SOL000164930,P000446,35,35,28,7,pass,2627.02
RETL000009201,RTN00009201,SOL000090445,P000157,5,5,0,5,fail,705.53
RETL000009202,RTN00009202,SOL000250542,P000103,13,13,0,13,fail,578.84
RETL000009203,RTN00009203,SOL000289905,P000565,15,15,6,9,fail,4432.22
RETL000009204,RTN00009204,SOL000267885,P000184,11,11,6,5,fail,1019.62
RETL000009205,RTN00009205,SOL000182852,P000060,34,0,0,0,pass,1871.49
RETL000009206,RTN00009206,SOL000008049,P000231,7,7,3,4,fail,1239.24
RETL000009207,RTN00009207,SOL000207493,P000240,2,0,0,0,pass,308.83
RETL000009208,RTN00009208,SOL000135878,P000340,3,3,0,3,fail,197.27
RETL000009209,RTN00009209,SOL000080942,P000321,1,1,0,1,fail,43.71
RETL000009210,RTN00009210,SOL000331994,P000483,5,5,2,3,fail,2057.49
RETL000009211,RTN00009211,SOL000269707,P000154,26,0,0,0,pass,1856.02
RETL000009212,RTN00009212,SOL000002314,P000512,27,0,0,0,pass,3095.59
RETL000009213,RTN00009213,SOL000211273,P000380,29,29,0,29,fail,4273.65
RETL000009214,RTN00009214,SOL000044283,P000176,19,19,0,19,fail,5256.86
RETL000009215,RTN00009215,SOL000005188,P000238,2,2,0,2,fail,367.29
RETL000009216,RTN00009216,SOL000193446,P000075,5,5,0,5,fail,411.39
RETL000009217,RTN00009217,SOL000250253,P000289,7,0,0,0,pass,263.49
RETL000009218,RTN00009218,SOL000164605,P000365,2,2,0,2,fail,88.85
RETL000009219,RTN00009219,SOL000334110,P000002,84,0,0,0,pass,8501.72
RETL000009220,RTN00009220,SOL000195160,P000050,4,4,3,1,fail,478.22
RETL000009221,RTN00009221,SOL000232773,P000228,5,5,2,3,fail,2101.72
RETL000009222,RTN00009222,SOL000029434,P000041,4,4,2,2,fail,103.05
RETL000009223,RTN00009223,SOL000160636,P000491,56,56,40,16,fail,11149.38
RETL000009224,RTN00009224,SOL000332979,P000314,52,52,0,52,fail,3268.83
RETL000009225,RTN00009225,SOL000338223,P000316,1,1,0,1,fail,78.8
RETL000009226,RTN00009226,SOL000023089,P000615,3,3,0,3,fail,244.44
RETL000009227,RTN00009227,SOL000161472,P000365,5,0,0,0,pass,229.58
RETL000009228,RTN00009228,SOL000239786,P000451,3,3,2,1,fail,89.97
RETL000009229,RTN00009229,SOL000168461,P000407,1,0,0,0,pass,113.48
RETL000009230,RTN00009230,SOL000316738,P000534,1,0,0,0,pass,83.76
RETL000009231,RTN00009231,SOL000163626,P000227,3,3,0,3,fail,222.56
RETL000009232,RTN00009232,SOL000124918,P000545,13,13,10,3,fail,895.18
RETL000009233,RTN00009233,SOL000361905,P000379,39,39,16,23,fail,2130.69
RETL000009234,RTN00009234,SOL000112198,P000619,17,17,0,17,fail,1224.16
RETL000009235,RTN00009235,SOL000150809,P000494,4,4,0,4,fail,340.26
RETL000009236,RTN00009236,SOL000253058,P000087,3,3,0,3,fail,109.71
RETL000009237,RTN00009237,SOL000258565,P000098,1,1,0,1,fail,70.71
RETL000009238,RTN00009238,SOL000219059,P000372,6,6,0,6,fail,1229.04
RETL000009239,RTN00009239,SOL000229012,P000127,12,12,0,12,fail,1701.21
RETL000009240,RTN00009240,SOL000231599,P000261,6,6,0,6,fail,158.07
RETL000009241,RTN00009241,SOL000112872,P000642,14,0,0,0,pass,1859.83
RETL000009242,RTN00009242,SOL000164624,P000093,7,7,0,7,fail,433.51
RETL000009243,RTN00009243,SOL000191254,P000272,28,28,0,28,fail,1718.38
RETL000009244,RTN00009244,SOL000068738,P000193,8,8,6,2,fail,2017.75
RETL000009245,RTN00009245,SOL000295704,P000015,4,0,0,0,pass,2917.28
RETL000009246,RTN00009246,SOL000261620,P000420,15,0,0,0,pass,840.77
RETL000009247,RTN00009247,SOL000021211,P000350,8,8,4,4,fail,182.28
RETL000009248,RTN00009248,SOL000174437,P000633,4,4,0,4,fail,308.26
RETL000009249,RTN00009249,SOL000350037,P000501,42,42,17,25,fail,14618.37
RETL000009250,RTN00009250,SOL000132084,P000632,8,8,6,2,fail,2322.55
RETL000009251,RTN00009251,SOL000157742,P000063,1,0,0,0,pass,73.08
RETL000009252,RTN00009252,SOL000086359,P000538,6,6,0,6,fail,2015.19
RETL000009253,RTN00009253,SOL000321729,P000259,14,14,9,5,fail,4069.99
RETL000009254,RTN00009254,SOL000114047,P000490,25,25,0,25,fail,4648.86
RETL000009255,RTN00009255,SOL000137985,P000598,33,33,26,7,fail,3021.74
RETL000009256,RTN00009256,SOL000263986,P000266,5,5,0,5,fail,1145.64
RETL000009257,RTN00009257,SOL000359800,P000449,7,7,0,7,fail,1437.91
RETL000009258,RTN00009258,SOL000320017,P000523,12,12,0,12,fail,539.45
RETL000009259,RTN00009259,SOL000166558,P000074,2,2,0,2,fail,136.14
RETL000009260,RTN00009260,SOL000006842,P000281,6,6,0,6,fail,817.43
RETL000009261,RTN00009261,SOL000281654,P000511,13,13,6,7,fail,5133.17
RETL000009262,RTN00009262,SOL000288651,P000482,5,5,1,4,fail,973.98
RETL000009263,RTN00009263,SOL000344138,P000129,19,0,0,0,pass,683.0
RETL000009264,RTN00009264,SOL000033565,P000405,6,6,0,6,fail,356.39
RETL000009265,RTN00009265,SOL000175105,P000345,5,5,2,3,fail,703.57
RETL000009266,RTN00009266,SOL000249694,P000523,2,0,0,0,pass,91.56
RETL000009267,RTN00009267,SOL000035894,P000055,12,12,5,7,fail,4943.48
RETL000009268,RTN00009268,SOL000015940,P000408,10,10,9,1,pass,1556.78
RETL000009269,RTN00009269,SOL000210100,P000570,4,4,3,1,fail,932.42
RETL000009270,RTN00009270,SOL000198210,P000436,2,2,2,0,pass,119.16
RETL000009271,RTN00009271,SOL000063824,P000118,3,0,0,0,pass,152.65
RETL000009272,RTN00009272,SOL000252355,P000551,4,4,2,2,fail,652.77
RETL000009273,RTN00009273,SOL000119645,P000216,9,9,6,3,fail,1185.38
RETL000009274,RTN00009274,SOL000227369,P000435,21,0,0,0,pass,1089.76
RETL000009275,RTN00009275,SOL000048815,P000411,7,7,0,7,fail,192.44
RETL000009276,RTN00009276,SOL000221855,P000578,1,1,0,1,fail,90.03
RETL000009277,RTN00009277,SOL000025800,P000372,4,0,0,0,pass,730.69
RETL000009278,RTN00009278,SOL000296906,P000442,3,3,2,1,fail,1160.51
RETL000009279,RTN00009279,SOL000177885,P000585,10,10,8,2,pass,485.76
RETL000009280,RTN00009280,SOL000260495,P000166,2,2,1,1,fail,265.23
RETL000009281,RTN00009281,SOL000353687,P000138,2,0,0,0,pass,100.92
RETL000009282,RTN00009282,SOL000114115,P000277,8,8,4,4,fail,91.65
RETL000009283,RTN00009283,SOL000262857,P000240,1,1,0,1,fail,111.71
RETL000009284,RTN00009284,SOL000200258,P000218,1,0,0,0,pass,142.36
RETL000009285,RTN00009285,SOL000190764,P000354,16,16,0,16,fail,1597.26
RETL000009286,RTN00009286,SOL000190801,P000206,16,0,0,0,pass,2700.08
RETL000009287,RTN00009287,SOL000277250,P000399,10,10,0,10,fail,333.62
RETL000009288,RTN00009288,SOL000074365,P000140,9,9,0,9,fail,1997.03
RETL000009289,RTN00009289,SOL000083369,P000622,10,10,0,10,fail,1931.63
RETL000009290,RTN00009290,SOL000093256,P000475,10,10,0,10,fail,3347.61
RETL000009291,RTN00009291,SOL000201184,P000453,11,0,0,0,pass,2508.96
RETL000009292,RTN00009292,SOL000144092,P000639,9,9,7,2,fail,619.18
RETL000009293,RTN00009293,SOL000185948,P000173,7,7,0,7,fail,1305.04
RETL000009294,RTN00009294,SOL000129193,P000299,1,1,0,1,fail,287.26
RETL000009295,RTN00009295,SOL000176219,P000440,1,1,0,1,fail,63.3
RETL000009296,RTN00009296,SOL000066367,P000410,1,0,0,0,pass,85.75
RETL000009297,RTN00009297,SOL000188957,P000551,16,16,4,12,fail,3016.54
RETL000009298,RTN00009298,SOL000326741,P000372,15,15,10,5,fail,2532.86
RETL000009299,RTN00009299,SOL000099569,P000104,28,28,0,28,fail,8738.98
RETL000009300,RTN00009300,SOL000159250,P000191,10,10,0,10,fail,315.89
RETL000009301,RTN00009301,SOL000229214,P000357,2,0,0,0,pass,115.92
RETL000009302,RTN00009302,SOL000006731,P000624,42,42,23,19,fail,5670.01
RETL000009303,RTN00009303,SOL000316632,P000027,13,0,0,0,pass,1163.03
RETL000009304,RTN00009304,SOL000028974,P000509,28,28,12,16,fail,2068.07
RETL000009305,RTN00009305,SOL000147446,P000076,3,0,0,0,pass,533.81
RETL000009306,RTN00009306,SOL000047272,P000153,15,0,0,0,pass,1184.02
RETL000009307,RTN00009307,SOL000216452,P000424,12,12,0,12,fail,256.0
RETL000009308,RTN00009308,SOL000164285,P000338,7,7,2,5,fail,411.47
RETL000009309,RTN00009309,SOL000327937,P000013,7,0,0,0,pass,1587.9
RETL000009310,RTN00009310,SOL000006633,P000244,14,14,7,7,fail,356.25
RETL000009311,RTN00009311,SOL000162092,P000289,1,1,0,1,fail,43.85
RETL000009312,RTN00009312,SOL000150633,P000466,12,12,0,12,fail,1258.63
RETL000009313,RTN00009313,SOL000054961,P000022,10,0,0,0,pass,323.37
RETL000009314,RTN00009314,SOL000332588,P000567,19,19,9,10,fail,1970.87
RETL000009315,RTN00009315,SOL000219033,P000206,8,8,6,2,fail,1564.38
RETL000009316,RTN00009316,SOL000270614,P000072,5,5,0,5,fail,284.86
RETL000009317,RTN00009317,SOL000237324,P000038,8,8,0,8,fail,353.79
RETL000009318,RTN00009318,SOL000349804,P000518,56,56,0,56,fail,1930.37
RETL000009319,RTN00009319,SOL000064119,P000327,2,2,0,2,fail,419.95
RETL000009320,RTN00009320,SOL000013270,P000578,1,1,0,1,fail,85.07
RETL000009321,RTN00009321,SOL000056246,P000401,7,7,5,2,fail,679.87
RETL000009322,RTN00009322,SOL000023838,P000501,26,26,0,26,fail,9116.67
RETL000009323,RTN00009323,SOL000085744,P000013,18,18,0,18,fail,4008.5
RETL000009324,RTN00009324,SOL000038898,P000409,2,2,0,2,fail,123.61
RETL000009325,RTN00009325,SOL000236025,P000291,10,10,8,2,pass,1992.12
RETL000009326,RTN00009326,SOL000253431,P000210,7,7,0,7,fail,1098.49
RETL000009327,RTN00009327,SOL000094524,P000430,2,2,0,2,fail,100.08
RETL000009328,RTN00009328,SOL000137176,P000103,5,5,3,2,fail,233.8
RETL000009329,RTN00009329,SOL000139232,P000122,23,23,0,23,fail,3520.51
RETL000009330,RTN00009330,SOL000098618,P000586,19,19,0,19,fail,2832.78
RETL000009331,RTN00009331,SOL000283844,P000604,5,0,0,0,pass,688.41
RETL000009332,RTN00009332,SOL000173135,P000371,9,9,0,9,fail,1159.71
RETL000009333,RTN00009333,SOL000317328,P000614,27,0,0,0,pass,4945.25
RETL000009334,RTN00009334,SOL000089419,P000358,1,1,0,1,fail,372.75
RETL000009335,RTN00009335,SOL000189779,P000623,2,2,0,2,fail,333.26
RETL000009336,RTN00009336,SOL000145235,P000257,28,28,0,28,fail,4274.36
RETL000009337,RTN00009337,SOL000145176,P000149,7,7,3,4,fail,974.26
RETL000009338,RTN00009338,SOL000278190,P000308,4,0,0,0,pass,449.2
RETL000009339,RTN00009339,SOL000171357,P000561,2,0,0,0,pass,160.53
RETL000009340,RTN00009340,SOL000091991,P000041,6,6,2,4,fail,226.67
RETL000009341,RTN00009341,SOL000060230,P000532,7,7,4,3,fail,575.87
RETL000009342,RTN00009342,SOL000198807,P000639,18,0,0,0,pass,1412.0
RETL000009343,RTN00009343,SOL000229957,P000413,5,5,0,5,fail,448.12
RETL000009344,RTN00009344,SOL000254889,P000341,7,0,0,0,pass,1292.51
RETL000009345,RTN00009345,SOL000305454,P000267,8,8,4,4,fail,899.89
RETL000009346,RTN00009346,SOL000256972,P000286,24,24,7,17,fail,1750.79
RETL000009347,RTN00009347,SOL000297583,P000019,18,18,9,9,fail,7360.32
RETL000009348,RTN00009348,SOL000055042,P000579,2,0,0,0,pass,175.5
RETL000009349,RTN00009349,SOL000191008,P000477,9,0,0,0,pass,981.09
RETL000009350,RTN00009350,SOL000265210,P000284,9,9,0,9,fail,133.0
RETL000009351,RTN00009351,SOL000276648,P000260,10,10,0,10,fail,1598.93
RETL000009352,RTN00009352,SOL000346768,P000129,12,12,9,3,fail,387.05
RETL000009353,RTN00009353,SOL000074149,P000379,4,4,2,2,fail,220.33
RETL000009354,RTN00009354,SOL000327335,P000491,9,9,0,9,fail,1563.55
RETL000009355,RTN00009355,SOL000201797,P000542,10,10,9,1,pass,3417.46
RETL000009356,RTN00009356,SOL000122842,P000255,4,4,0,4,fail,623.4
RETL000009357,RTN00009357,SOL000068442,P000508,9,9,0,9,fail,472.43
RETL000009358,RTN00009358,SOL000269515,P000374,16,16,12,4,fail,2171.82
RETL000009359,RTN00009359,SOL000086668,P000344,1,1,0,1,fail,193.07
RETL000009360,RTN00009360,SOL000247135,P000013,14,14,0,14,fail,3103.51
RETL000009361,RTN00009361,SOL000067779,P000624,14,14,0,14,fail,1907.4
RETL000009362,RTN00009362,SOL000336435,P000062,11,11,0,11,fail,812.86
RETL000009363,RTN00009363,SOL000291329,P000274,13,13,0,13,fail,1634.31
RETL000009364,RTN00009364,SOL000186864,P000245,4,4,0,4,fail,880.71
RETL000009365,RTN00009365,SOL000137978,P000513,17,17,7,10,fail,1683.34
RETL000009366,RTN00009366,SOL000078653,P000183,4,4,0,4,fail,929.24
RETL000009367,RTN00009367,SOL000159367,P000325,3,3,2,1,fail,584.31
RETL000009368,RTN00009368,SOL000190412,P000319,10,10,0,10,fail,390.49
RETL000009369,RTN00009369,SOL000205820,P000001,6,6,0,6,fail,1579.0
RETL000009370,RTN00009370,SOL000186040,P000216,67,0,0,0,pass,9446.88
RETL000009371,RTN00009371,SOL000330873,P000527,3,0,0,0,pass,1421.23
RETL000009372,RTN00009372,SOL000143859,P000167,2,2,0,2,fail,188.91
RETL000009373,RTN00009373,SOL000046492,P000096,17,17,10,7,fail,1271.28
RETL000009374,RTN00009374,SOL000270504,P000311,5,5,3,2,fail,181.12
RETL000009375,RTN00009375,SOL000353745,P000467,1,0,0,0,pass,46.12
RETL000009376,RTN00009376,SOL000226002,P000538,17,17,10,7,fail,7037.54
RETL000009377,RTN00009377,SOL000215998,P000105,13,13,0,13,fail,1757.74
RETL000009378,RTN00009378,SOL000224593,P000186,1,1,0,1,fail,16.5
RETL000009379,RTN00009379,SOL000094066,P000312,1,1,0,1,fail,145.84
RETL000009380,RTN00009380,SOL000227830,P000089,7,0,0,0,pass,1075.99
RETL000009381,RTN00009381,SOL000114439,P000542,8,8,3,5,fail,2807.79
RETL000009382,RTN00009382,SOL000162684,P000136,2,0,0,0,pass,589.23
RETL000009383,RTN00009383,SOL000095631,P000383,6,0,0,0,pass,1087.32
RETL000009384,RTN00009384,SOL000238056,P000039,4,4,0,4,fail,1948.22
RETL000009385,RTN00009385,SOL000277316,P000528,10,10,5,5,fail,975.92
RETL000009386,RTN00009386,SOL000013673,P000469,92,92,0,92,fail,3971.4
RETL000009387,RTN00009387,SOL000229730,P000481,3,3,0,3,fail,71.88
RETL000009388,RTN00009388,SOL000024593,P000344,10,0,0,0,pass,1360.74
RETL000009389,RTN00009389,SOL000019295,P000488,7,7,2,5,fail,111.13
RETL000009390,RTN00009390,SOL000207618,P000534,1,1,0,1,fail,69.83
RETL000009391,RTN00009391,SOL000034471,P000256,12,12,0,12,fail,424.1
RETL000009392,RTN00009392,SOL000021829,P000156,15,15,5,10,fail,1141.45
RETL000009393,RTN00009393,SOL000267110,P000307,15,15,0,15,fail,1558.12
RETL000009394,RTN00009394,SOL000280437,P000479,5,5,0,5,fail,580.62
RETL000009395,RTN00009395,SOL000285449,P000442,3,3,1,2,fail,1613.52
RETL000009396,RTN00009396,SOL000026560,P000219,17,17,0,17,fail,2967.23
RETL000009397,RTN00009397,SOL000027798,P000582,3,3,0,3,fail,524.4
RETL000009398,RTN00009398,SOL000342429,P000161,10,10,7,3,fail,899.23
RETL000009399,RTN00009399,SOL000191323,P000278,30,30,0,30,fail,2282.2
RETL000009400,RTN00009400,SOL000144608,P000501,20,0,0,0,pass,6586.71
RETL000009401,RTN00009401,SOL000095875,P000182,19,19,0,19,fail,1184.48
RETL000009402,RTN00009402,SOL000040469,P000129,1,1,0,1,fail,30.09
RETL000009403,RTN00009403,SOL000307204,P000122,9,9,0,9,fail,1450.65
RETL000009404,RTN00009404,SOL000113504,P000201,4,4,2,2,fail,238.91
RETL000009405,RTN00009405,SOL000055977,P000524,1,1,1,0,pass,45.84
RETL000009406,RTN00009406,SOL000002736,P000649,55,55,25,30,fail,21699.15
RETL000009407,RTN00009407,SOL000203512,P000352,15,0,0,0,pass,7290.59
RETL000009408,RTN00009408,SOL000040609,P000439,2,2,0,2,fail,372.99
RETL000009409,RTN00009409,SOL000305485,P000216,8,0,0,0,pass,1300.92
RETL000009410,RTN00009410,SOL000119875,P000409,22,22,0,22,fail,1549.47
RETL000009411,RTN00009411,SOL000238436,P000471,2,2,0,2,fail,97.45
RETL000009412,RTN00009412,SOL000250310,P000427,4,4,0,4,fail,303.55
RETL000009413,RTN00009413,SOL000239315,P000206,10,10,3,7,fail,2228.64
RETL000009414,RTN00009414,SOL000339302,P000509,30,30,24,6,pass,2856.06
RETL000009415,RTN00009415,SOL000149517,P000158,32,32,12,20,fail,1384.28
RETL000009416,RTN00009416,SOL000361563,P000597,7,7,3,4,fail,815.69
RETL000009417,RTN00009417,SOL000130789,P000224,17,17,0,17,fail,14318.22
RETL000009418,RTN00009418,SOL000029303,P000402,8,8,0,8,fail,1450.71
RETL000009419,RTN00009419,SOL000340356,P000218,22,22,0,22,fail,3084.03
RETL000009420,RTN00009420,SOL000062031,P000605,33,33,0,33,fail,2382.26
RETL000009421,RTN00009421,SOL000218382,P000322,1,1,0,1,fail,1056.79
RETL000009422,RTN00009422,SOL000218627,P000415,2,2,2,0,pass,151.42
RETL000009423,RTN00009423,SOL000068299,P000406,12,12,0,12,fail,383.03
RETL000009424,RTN00009424,SOL000259369,P000488,34,0,0,0,pass,464.63
RETL000009425,RTN00009425,SOL000339489,P000434,7,7,0,7,fail,2203.17
RETL000009426,RTN00009426,SOL000360172,P000165,11,11,3,8,fail,761.76
RETL000009427,RTN00009427,SOL000229077,P000159,4,4,0,4,fail,151.79
RETL000009428,RTN00009428,SOL000155446,P000049,5,5,0,5,fail,832.59
RETL000009429,RTN00009429,SOL000145505,P000048,12,12,0,12,fail,1282.55
RETL000009430,RTN00009430,SOL000068446,P000606,3,3,0,3,fail,740.62
RETL000009431,RTN00009431,SOL000109705,P000566,1,0,0,0,pass,126.88
RETL000009432,RTN00009432,SOL000050250,P000449,21,21,0,21,fail,4089.78
RETL000009433,RTN00009433,SOL000130610,P000190,18,18,0,18,fail,1401.68
RETL000009434,RTN00009434,SOL000046383,P000170,3,3,2,1,fail,281.3
RETL000009435,RTN00009435,SOL000082255,P000333,1,1,0,1,fail,415.02
RETL000009436,RTN00009436,SOL000297839,P000332,2,2,2,0,pass,519.25
RETL000009437,RTN00009437,SOL000217402,P000553,9,0,0,0,pass,4610.18
RETL000009438,RTN00009438,SOL000099998,P000451,32,32,19,13,fail,883.36
RETL000009439,RTN00009439,SOL000130214,P000476,24,24,0,24,fail,8378.94
RETL000009440,RTN00009440,SOL000200812,P000128,2,2,1,1,fail,65.38
RETL000009441,RTN00009441,SOL000005912,P000195,2,2,0,2,fail,258.99
RETL000009442,RTN00009442,SOL000311961,P000454,7,0,0,0,pass,281.13
RETL000009443,RTN00009443,SOL000061128,P000344,5,5,3,2,fail,897.38
RETL000009444,RTN00009444,SOL000156938,P000335,12,12,0,12,fail,651.16
RETL000009445,RTN00009445,SOL000175509,P000616,7,7,0,7,fail,687.15
RETL000009446,RTN00009446,SOL000333502,P000332,5,5,2,3,fail,1512.19
RETL000009447,RTN00009447,SOL000280923,P000231,158,158,0,158,fail,30038.43
RETL000009448,RTN00009448,SOL000127023,P000174,3,3,1,2,fail,962.6
RETL000009449,RTN00009449,SOL000232638,P000566,3,3,2,1,fail,445.13
RETL000009450,RTN00009450,SOL000147757,P000573,19,0,0,0,pass,1392.01
RETL000009451,RTN00009451,SOL000004983,P000011,9,9,0,9,fail,325.43
RETL000009452,RTN00009452,SOL000066254,P000243,2,2,0,2,fail,174.54
RETL000009453,RTN00009453,SOL000030573,P000132,17,17,10,7,fail,767.03
RETL000009454,RTN00009454,SOL000350220,P000144,4,0,0,0,pass,278.78
RETL000009455,RTN00009455,SOL000366477,P000626,25,0,0,0,pass,2127.58
RETL000009456,RTN00009456,SOL000032999,P000485,3,3,0,3,fail,181.2
RETL000009457,RTN00009457,SOL000045056,P000437,1,1,0,1,fail,169.1
RETL000009458,RTN00009458,SOL000294646,P000028,9,9,3,6,fail,1749.47
RETL000009459,RTN00009459,SOL000228726,P000521,1,1,1,0,pass,149.0
RETL000009460,RTN00009460,SOL000101043,P000295,19,19,0,19,fail,3069.65
RETL000009461,RTN00009461,SOL000061566,P000593,6,6,0,6,fail,387.89
RETL000009462,RTN00009462,SOL000238184,P000576,2,2,0,2,fail,343.35
RETL000009463,RTN00009463,SOL000214415,P000269,6,6,0,6,fail,794.91
RETL000009464,RTN00009464,SOL000282689,P000587,6,6,0,6,fail,1208.82
RETL000009465,RTN00009465,SOL000233016,P000015,1,1,0,1,fail,798.4
RETL000009466,RTN00009466,SOL000286427,P000323,7,7,0,7,fail,596.21
RETL000009467,RTN00009467,SOL000021255,P000188,12,0,0,0,pass,1147.96
RETL000009468,RTN00009468,SOL000307029,P000053,7,0,0,0,pass,432.7
RETL000009469,RTN00009469,SOL000132025,P000220,18,18,0,18,fail,5098.93
RETL000009470,RTN00009470,SOL000045928,P000623,1,1,0,1,fail,108.99
RETL000009471,RTN00009471,SOL000323942,P000471,36,0,0,0,pass,1647.06
RETL000009472,RTN00009472,SOL000095931,P000271,9,9,0,9,fail,457.59
RETL000009473,RTN00009473,SOL000337192,P000364,1,1,0,1,fail,62.71
RETL000009474,RTN00009474,SOL000089115,P000604,13,13,7,6,fail,1861.37
RETL000009475,RTN00009475,SOL000141423,P000397,1,1,0,1,fail,115.93
RETL000009476,RTN00009476,SOL000294710,P000332,2,2,1,1,fail,646.52
RETL000009477,RTN00009477,SOL000120716,P000034,6,6,5,1,pass,1115.48
RETL000009478,RTN00009478,SOL000355745,P000214,9,0,0,0,pass,1561.57
RETL000009479,RTN00009479,SOL000196439,P000206,9,9,3,6,fail,1740.86
RETL000009480,RTN00009480,SOL000238942,P000019,16,0,0,0,pass,7002.86
RETL000009481,RTN00009481,SOL000121286,P000107,16,16,0,16,fail,1255.84
RETL000009482,RTN00009482,SOL000178073,P000013,10,10,6,4,fail,1831.06
RETL000009483,RTN00009483,SOL000049754,P000270,3,0,0,0,pass,257.38
RETL000009484,RTN00009484,SOL000315464,P000347,6,6,4,2,fail,241.85
RETL000009485,RTN00009485,SOL000137979,P000453,1,1,0,1,fail,194.32
RETL000009486,RTN00009486,SOL000292005,P000089,3,3,1,2,fail,395.4
RETL000009487,RTN00009487,SOL000197977,P000146,2,0,0,0,pass,109.27
RETL000009488,RTN00009488,SOL000036575,P000108,22,22,13,9,fail,715.83
RETL000009489,RTN00009489,SOL000168153,P000316,4,4,3,1,fail,267.81
RETL000009490,RTN00009490,SOL000042836,P000021,24,24,22,2,pass,1639.4
RETL000009491,RTN00009491,SOL000187651,P000603,9,0,0,0,pass,619.19
RETL000009492,RTN00009492,SOL000021783,P000486,26,26,23,3,pass,1768.61
RETL000009493,RTN00009493,SOL000043127,P000097,16,0,0,0,pass,1987.8
RETL000009494,RTN00009494,SOL000055935,P000409,9,9,0,9,fail,629.22
RETL000009495,RTN00009495,SOL000339106,P000620,17,17,5,12,fail,4175.51
RETL000009496,RTN00009496,SOL000146631,P000251,7,0,0,0,pass,680.07
RETL000009497,RTN00009497,SOL000325352,P000345,20,20,13,7,fail,4385.27
RETL000009498,RTN00009498,SOL000114555,P000465,6,0,0,0,pass,708.45
RETL000009499,RTN00009499,SOL000148226,P000266,41,41,0,41,fail,7741.47
RETL000009500,RTN00009500,SOL000326240,P000430,5,5,0,5,fail,276.86
RETL000009501,RTN00009501,SOL000219519,P000251,3,3,0,3,fail,272.6
RETL000009502,RTN00009502,SOL000055893,P000462,2,0,0,0,pass,227.14
RETL000009503,RTN00009503,SOL000269891,P000461,1,1,0,1,fail,176.46
RETL000009504,RTN00009504,SOL000033323,P000518,7,0,0,0,pass,338.78
RETL000009505,RTN00009505,SOL000086202,P000572,5,5,4,1,pass,616.8
RETL000009506,RTN00009506,SOL000263195,P000163,14,14,10,4,fail,1533.84
RETL000009507,RTN00009507,SOL000101648,P000534,20,20,17,3,pass,1572.04
RETL000009508,RTN00009508,SOL000322868,P000014,28,28,0,28,fail,3100.75
RETL000009509,RTN00009509,SOL000186349,P000496,42,42,15,27,fail,1925.96
RETL000009510,RTN00009510,SOL000310330,P000263,3,3,0,3,fail,340.96
RETL000009511,RTN00009511,SOL000012125,P000451,6,6,2,4,fail,167.94
RETL000009512,RTN00009512,SOL000051812,P000143,1,1,0,1,fail,42.46
RETL000009513,RTN00009513,SOL000328401,P000131,3,3,1,2,fail,188.58
RETL000009514,RTN00009514,SOL000005778,P000260,3,0,0,0,pass,509.73
RETL000009515,RTN00009515,SOL000219506,P000610,17,17,0,17,fail,696.64
RETL000009516,RTN00009516,SOL000150933,P000262,5,5,0,5,fail,510.06
RETL000009517,RTN00009517,SOL000269814,P000104,2,2,1,1,fail,624.9
RETL000009518,RTN00009518,SOL000043937,P000508,13,13,0,13,fail,661.71
RETL000009519,RTN00009519,SOL000280291,P000236,30,0,0,0,pass,1075.93
RETL000009520,RTN00009520,SOL000271539,P000113,1,1,0,1,fail,57.97
RETL000009521,RTN00009521,SOL000329941,P000537,21,0,0,0,pass,1695.28
RETL000009522,RTN00009522,SOL000039658,P000058,19,19,0,19,fail,5757.59
RETL000009523,RTN00009523,SOL000123895,P000595,3,3,1,2,fail,83.56
RETL000009524,RTN00009524,SOL000170281,P000392,8,8,7,1,pass,403.15
RETL000009525,RTN00009525,SOL000054186,P000563,6,6,0,6,fail,823.65
RETL000009526,RTN00009526,SOL000189596,P000587,19,19,5,14,fail,3067.95
RETL000009527,RTN00009527,SOL000104728,P000120,2,0,0,0,pass,103.91
RETL000009528,RTN00009528,SOL000123669,P000215,24,0,0,0,pass,638.25
RETL000009529,RTN00009529,SOL000353622,P000043,24,24,21,3,pass,6133.99
RETL000009530,RTN00009530,SOL000059819,P000082,3,3,2,1,fail,641.43
RETL000009531,RTN00009531,SOL000020934,P000033,9,9,6,3,fail,343.23
RETL000009532,RTN00009532,SOL000147817,P000096,1,1,0,1,fail,64.7
RETL000009533,RTN00009533,SOL000137507,P000327,9,9,0,9,fail,2140.32
RETL000009534,RTN00009534,SOL000118265,P000464,17,0,0,0,pass,2455.52
RETL000009535,RTN00009535,SOL000240507,P000203,3,3,0,3,fail,469.94
RETL000009536,RTN00009536,SOL000027145,P000092,4,0,0,0,pass,427.15
RETL000009537,RTN00009537,SOL000151009,P000227,19,19,0,19,fail,1133.36
RETL000009538,RTN00009538,SOL000219316,P000106,2,2,2,0,pass,333.28
RETL000009539,RTN00009539,SOL000340658,P000060,12,0,0,0,pass,629.26
RETL000009540,RTN00009540,SOL000283917,P000285,4,4,0,4,fail,184.82
RETL000009541,RTN00009541,SOL000129210,P000126,1,1,0,1,fail,56.57
RETL000009542,RTN00009542,SOL000300399,P000264,1,0,0,0,pass,133.23
RETL000009543,RTN00009543,SOL000357615,P000301,2,2,0,2,fail,212.41
RETL000009544,RTN00009544,SOL000188613,P000366,13,0,0,0,pass,1152.31
RETL000009545,RTN00009545,SOL000354936,P000207,8,8,0,8,fail,324.33
RETL000009546,RTN00009546,SOL000140756,P000314,19,19,0,19,fail,841.63
RETL000009547,RTN00009547,SOL000229056,P000291,8,0,0,0,pass,1413.9
RETL000009548,RTN00009548,SOL000265375,P000429,1,0,0,0,pass,101.15
RETL000009549,RTN00009549,SOL000172913,P000491,5,5,0,5,fail,1084.67
RETL000009550,RTN00009550,SOL000083357,P000409,4,4,0,4,fail,263.4
RETL000009551,RTN00009551,SOL000091398,P000442,6,6,0,6,fail,2608.74
RETL000009552,RTN00009552,SOL000343177,P000647,7,7,0,7,fail,346.28
RETL000009553,RTN00009553,SOL000147540,P000649,13,13,10,3,fail,4077.14
RETL000009554,RTN00009554,SOL000269291,P000302,1,1,0,1,fail,91.56
RETL000009555,RTN00009555,SOL000050981,P000543,26,0,0,0,pass,3477.45
RETL000009556,RTN00009556,SOL000267931,P000208,6,6,0,6,fail,130.15
RETL000009557,RTN00009557,SOL000310003,P000026,2,2,2,0,pass,127.02
RETL000009558,RTN00009558,SOL000327285,P000232,5,5,4,1,pass,445.75
RETL000009559,RTN00009559,SOL000352540,P000302,14,0,0,0,pass,1279.69
RETL000009560,RTN00009560,SOL000005069,P000571,22,22,7,15,fail,2796.06
RETL000009561,RTN00009561,SOL000057631,P000300,3,0,0,0,pass,597.53
RETL000009562,RTN00009562,SOL000329869,P000165,1,0,0,0,pass,48.48
RETL000009563,RTN00009563,SOL000147532,P000378,9,9,0,9,fail,216.76
RETL000009564,RTN00009564,SOL000114318,P000486,3,3,0,3,fail,208.6
RETL000009565,RTN00009565,SOL000350227,P000170,12,12,5,7,fail,1259.34
RETL000009566,RTN00009566,SOL000206932,P000383,4,4,0,4,fail,619.69
RETL000009567,RTN00009567,SOL000055773,P000163,15,15,11,4,fail,1372.35
RETL000009568,RTN00009568,SOL000290517,P000093,3,3,2,1,fail,157.96
RETL000009569,RTN00009569,SOL000106735,P000498,13,0,0,0,pass,1381.38
RETL000009570,RTN00009570,SOL000099228,P000160,6,6,0,6,fail,698.11
RETL000009571,RTN00009571,SOL000159346,P000293,1,1,1,0,pass,109.74
RETL000009572,RTN00009572,SOL000249403,P000019,3,3,0,3,fail,974.51
RETL000009573,RTN00009573,SOL000026686,P000584,4,4,0,4,fail,343.59
RETL000009574,RTN00009574,SOL000146107,P000470,1,0,0,0,pass,104.49
RETL000009575,RTN00009575,SOL000038360,P000211,9,9,4,5,fail,633.13
RETL000009576,RTN00009576,SOL000116562,P000045,13,13,7,6,fail,2750.64
RETL000009577,RTN00009577,SOL000011994,P000087,7,0,0,0,pass,215.99
RETL000009578,RTN00009578,SOL000211919,P000428,19,19,0,19,fail,1000.88
RETL000009579,RTN00009579,SOL000351516,P000281,3,0,0,0,pass,377.97
RETL000009580,RTN00009580,SOL000356916,P000487,5,5,2,3,fail,485.4
RETL000009581,RTN00009581,SOL000041383,P000489,1,1,0,1,fail,159.07
RETL000009582,RTN00009582,SOL000013240,P000397,2,2,0,2,fail,256.63
RETL000009583,RTN00009583,SOL000285875,P000634,12,12,0,12,fail,385.49
RETL000009584,RTN00009584,SOL000063550,P000208,9,9,6,3,fail,184.07
RETL000009585,RTN00009585,SOL000200518,P000388,1,0,0,0,pass,75.2
RETL000009586,RTN00009586,SOL000263375,P000085,1,1,0,1,fail,27.18
RETL000009587,RTN00009587,SOL000295853,P000375,7,7,0,7,fail,3514.13
RETL000009588,RTN00009588,SOL000100231,P000634,4,4,0,4,fail,99.67
RETL000009589,RTN00009589,SOL000204903,P000265,12,12,5,7,fail,1848.04
RETL000009590,RTN00009590,SOL000232495,P000202,5,5,0,5,fail,1224.54
RETL000009591,RTN00009591,SOL000094747,P000623,6,6,2,4,fail,730.23
RETL000009592,RTN00009592,SOL000282721,P000316,17,17,0,17,fail,1514.12
RETL000009593,RTN00009593,SOL000286681,P000466,1,1,0,1,fail,103.16
RETL000009594,RTN00009594,SOL000269486,P000070,13,13,8,5,fail,949.43
RETL000009595,RTN00009595,SOL000272847,P000052,44,0,0,0,pass,3685.73
RETL000009596,RTN00009596,SOL000127421,P000066,1,1,0,1,fail,95.13
RETL000009597,RTN00009597,SOL000041595,P000300,23,23,0,23,fail,6372.7
RETL000009598,RTN00009598,SOL000190518,P000134,2,0,0,0,pass,172.96
RETL000009599,RTN00009599,SOL000218184,P000391,20,20,6,14,fail,659.65
RETL000009600,RTN00009600,SOL000238934,P000443,4,4,3,1,fail,420.32
RETL000009601,RTN00009601,SOL000051005,P000236,5,5,0,5,fail,189.09
RETL000009602,RTN00009602,SOL000364390,P000605,26,0,0,0,pass,1767.33
RETL000009603,RTN00009603,SOL000238374,P000598,1,1,0,1,fail,103.72
RETL000009604,RTN00009604,SOL000274690,P000232,13,13,0,13,fail,900.07
RETL000009605,RTN00009605,SOL000297877,P000592,5,5,4,1,pass,386.68
RETL000009606,RTN00009606,SOL000043868,P000118,2,2,0,2,fail,89.56
RETL000009607,RTN00009607,SOL000012299,P000550,24,24,0,24,fail,2743.54
RETL000009608,RTN00009608,SOL000301698,P000565,3,3,0,3,fail,785.82
RETL000009609,RTN00009609,SOL000155975,P000026,2,0,0,0,pass,108.01
RETL000009610,RTN00009610,SOL000249503,P000533,4,4,0,4,fail,519.9
RETL000009611,RTN00009611,SOL000234007,P000632,28,0,0,0,pass,6872.26
RETL000009612,RTN00009612,SOL000300288,P000514,5,0,0,0,pass,868.15
RETL000009613,RTN00009613,SOL000123484,P000480,25,0,0,0,pass,2705.05
RETL000009614,RTN00009614,SOL000123426,P000108,2,0,0,0,pass,70.19
RETL000009615,RTN00009615,SOL000277126,P000313,10,10,7,3,fail,704.66
RETL000009616,RTN00009616,SOL000228604,P000005,2,2,0,2,fail,198.22
RETL000009617,RTN00009617,SOL000079171,P000244,5,5,4,1,pass,112.24
RETL000009618,RTN00009618,SOL000321313,P000508,14,14,0,14,fail,979.69
RETL000009619,RTN00009619,SOL000333793,P000361,9,0,0,0,pass,200.42
RETL000009620,RTN00009620,SOL000248551,P000253,4,4,0,4,fail,531.93
RETL000009621,RTN00009621,SOL000234390,P000341,7,7,0,7,fail,1305.37
RETL000009622,RTN00009622,SOL000345673,P000046,24,24,0,24,fail,1200.62
RETL000009623,RTN00009623,SOL000111052,P000433,6,6,3,3,fail,367.07
RETL000009624,RTN00009624,SOL000281871,P000550,1,1,1,0,pass,124.59
RETL000009625,RTN00009625,SOL000190251,P000442,7,0,0,0,pass,3178.16
RETL000009626,RTN00009626,SOL000264220,P000144,1,0,0,0,pass,60.76
RETL000009627,RTN00009627,SOL000042957,P000636,13,13,0,13,fail,514.38
RETL000009628,RTN00009628,SOL000227051,P000155,21,0,0,0,pass,2119.85
RETL000009629,RTN00009629,SOL000257964,P000597,1,1,0,1,fail,119.33
RETL000009630,RTN00009630,SOL000333240,P000396,30,30,0,30,fail,4710.74
RETL000009631,RTN00009631,SOL000261171,P000410,11,11,5,6,fail,723.86
RETL000009632,RTN00009632,SOL000353986,P000301,24,0,0,0,pass,1961.35
RETL000009633,RTN00009633,SOL000248836,P000042,4,4,3,1,fail,341.62
RETL000009634,RTN00009634,SOL000167563,P000496,3,3,0,3,fail,190.19
RETL000009635,RTN00009635,SOL000285574,P000322,2,2,1,1,fail,1843.57
RETL000009636,RTN00009636,SOL000316320,P000340,7,7,3,4,fail,386.96
RETL000009637,RTN00009637,SOL000182894,P000410,1,1,0,1,fail,58.88
RETL000009638,RTN00009638,SOL000041837,P000419,3,0,0,0,pass,231.91
RETL000009639,RTN00009639,SOL000189065,P000107,14,14,8,6,fail,1089.53
RETL000009640,RTN00009640,SOL000228765,P000073,3,3,0,3,fail,557.25
RETL000009641,RTN00009641,SOL000069705,P000278,31,31,28,3,pass,2427.35
RETL000009642,RTN00009642,SOL000096231,P000254,1,1,1,0,pass,107.01
RETL000009643,RTN00009643,SOL000066167,P000205,14,14,0,14,fail,1421.99
RETL000009644,RTN00009644,SOL000226538,P000330,71,0,0,0,pass,6537.87
RETL000009645,RTN00009645,SOL000256591,P000149,1,1,1,0,pass,161.06
RETL000009646,RTN00009646,SOL000196329,P000543,5,5,3,2,fail,734.27
RETL000009647,RTN00009647,SOL000230717,P000356,22,0,0,0,pass,2950.5
RETL000009648,RTN00009648,SOL000314836,P000078,11,11,0,11,fail,270.57
RETL000009649,RTN00009649,SOL000316510,P000488,28,28,20,8,fail,434.28
RETL000009650,RTN00009650,SOL000099743,P000172,27,27,0,27,fail,1471.2
RETL000009651,RTN00009651,SOL000063836,P000334,13,13,9,4,fail,1594.96
RETL000009652,RTN00009652,SOL000237054,P000078,2,2,0,2,fail,71.82
RETL000009653,RTN00009653,SOL000085417,P000396,17,17,0,17,fail,3023.62
RETL000009654,RTN00009654,SOL000002257,P000555,5,5,2,3,fail,1080.39
RETL000009655,RTN00009655,SOL000250512,P000035,1,1,1,0,pass,136.49
RETL000009656,RTN00009656,SOL000256281,P000621,61,0,0,0,pass,7417.79
RETL000009657,RTN00009657,SOL000077003,P000535,1,1,0,1,fail,65.14
RETL000009658,RTN00009658,SOL000365915,P000418,4,4,0,4,fail,561.09
RETL000009659,RTN00009659,SOL000119784,P000011,11,11,5,6,fail,280.06
RETL000009660,RTN00009660,SOL000108931,P000635,70,70,46,24,fail,26396.42
RETL000009661,RTN00009661,SOL000073212,P000504,16,0,0,0,pass,1741.85
RETL000009662,RTN00009662,SOL000043698,P000386,4,4,3,1,fail,601.12
RETL000009663,RTN00009663,SOL000293766,P000601,8,8,4,4,fail,2097.05
RETL000009664,RTN00009664,SOL000025556,P000271,3,3,0,3,fail,226.96
RETL000009665,RTN00009665,SOL000201105,P000490,2,0,0,0,pass,354.73
RETL000009666,RTN00009666,SOL000309326,P000554,5,5,0,5,fail,713.55
RETL000009667,RTN00009667,SOL000050231,P000401,44,44,0,44,fail,3409.07
RETL000009668,RTN00009668,SOL000267595,P000135,1,1,0,1,fail,141.16
RETL000009669,RTN00009669,SOL000126185,P000364,1,1,0,1,fail,51.08
RETL000009670,RTN00009670,SOL000239686,P000292,4,4,0,4,fail,1875.79
RETL000009671,RTN00009671,SOL000327436,P000058,5,0,0,0,pass,1523.45
RETL000009672,RTN00009672,SOL000050052,P000448,29,29,12,17,fail,2380.26
RETL000009673,RTN00009673,SOL000022190,P000030,8,8,6,2,fail,292.27
RETL000009674,RTN00009674,SOL000271932,P000631,5,5,0,5,fail,565.35
RETL000009675,RTN00009675,SOL000336844,P000043,27,27,0,27,fail,5659.85
RETL000009676,RTN00009676,SOL000179152,P000597,14,14,11,3,fail,1612.5
RETL000009677,RTN00009677,SOL000193135,P000231,68,68,49,19,fail,11619.23
RETL000009678,RTN00009678,SOL000198588,P000265,13,13,0,13,fail,1745.28
RETL000009679,RTN00009679,SOL000205426,P000480,9,9,0,9,fail,716.29
RETL000009680,RTN00009680,SOL000129973,P000428,13,13,6,7,fail,715.37
RETL000009681,RTN00009681,SOL000328333,P000343,2,2,0,2,fail,114.15
RETL000009682,RTN00009682,SOL000181278,P000432,1,1,1,0,pass,74.8
RETL000009683,RTN00009683,SOL000038242,P000479,18,18,0,18,fail,1821.08
RETL000009684,RTN00009684,SOL000055208,P000648,9,9,8,1,pass,1301.9
RETL000009685,RTN00009685,SOL000320201,P000018,36,36,12,24,fail,6528.55
RETL000009686,RTN00009686,SOL000099793,P000435,35,0,0,0,pass,2360.45
RETL000009687,RTN00009687,SOL000287752,P000123,34,34,0,34,fail,4220.25
RETL000009688,RTN00009688,SOL000023016,P000048,7,0,0,0,pass,547.44
RETL000009689,RTN00009689,SOL000157793,P000475,10,10,6,4,fail,2858.37
RETL000009690,RTN00009690,SOL000190933,P000370,33,33,0,33,fail,5368.61
RETL000009691,RTN00009691,SOL000040408,P000027,7,0,0,0,pass,870.8
RETL000009692,RTN00009692,SOL000281350,P000065,20,20,0,20,fail,759.69
RETL000009693,RTN00009693,SOL000075043,P000054,6,6,3,3,fail,451.04
RETL000009694,RTN00009694,SOL000305440,P000417,9,9,6,3,fail,572.7
RETL000009695,RTN00009695,SOL000089066,P000284,2,2,0,2,fail,23.76
RETL000009696,RTN00009696,SOL000289081,P000308,47,47,0,47,fail,5089.46
RETL000009697,RTN00009697,SOL000176024,P000494,5,5,0,5,fail,534.06
RETL000009698,RTN00009698,SOL000198651,P000360,9,9,0,9,fail,1454.54
RETL000009699,RTN00009699,SOL000013188,P000567,4,0,0,0,pass,367.56
RETL000009700,RTN00009700,SOL000258366,P000535,3,3,0,3,fail,197.61
RETL000009701,RTN00009701,SOL000190433,P000294,2,2,0,2,fail,614.89
RETL000009702,RTN00009702,SOL000245605,P000242,14,14,0,14,fail,1438.02
RETL000009703,RTN00009703,SOL000181393,P000140,3,0,0,0,pass,663.58
RETL000009704,RTN00009704,SOL000180354,P000282,1,0,0,0,pass,101.4
RETL000009705,RTN00009705,SOL000111570,P000151,2,2,0,2,fail,104.73
RETL000009706,RTN00009706,SOL000098536,P000435,15,15,0,15,fail,1030.11
RETL000009707,RTN00009707,SOL000218570,P000329,6,6,5,1,pass,1876.53
RETL000009708,RTN00009708,SOL000161498,P000642,6,0,0,0,pass,655.19
RETL000009709,RTN00009709,SOL000229160,P000162,23,23,6,17,fail,744.88
RETL000009710,RTN00009710,SOL000212848,P000449,23,23,10,13,fail,4048.47
RETL000009711,RTN00009711,SOL000148261,P000497,1,1,0,1,fail,87.96
RETL000009712,RTN00009712,SOL000245056,P000545,16,16,6,10,fail,1125.09
RETL000009713,RTN00009713,SOL000348628,P000248,24,24,12,12,fail,3726.3
RETL000009714,RTN00009714,SOL000246239,P000163,18,18,15,3,pass,1643.38
RETL000009715,RTN00009715,SOL000325544,P000149,2,2,1,1,fail,329.92
RETL000009716,RTN00009716,SOL000246204,P000314,30,30,0,30,fail,1334.48
RETL000009717,RTN00009717,SOL000206245,P000156,20,0,0,0,pass,1303.65
RETL000009718,RTN00009718,SOL000017748,P000187,2,2,0,2,fail,287.3
RETL000009719,RTN00009719,SOL000210060,P000069,6,6,0,6,fail,247.88
RETL000009720,RTN00009720,SOL000256457,P000590,25,25,0,25,fail,4307.86
RETL000009721,RTN00009721,SOL000336646,P000501,5,5,0,5,fail,1626.08
RETL000009722,RTN00009722,SOL000113399,P000596,3,3,0,3,fail,556.65
RETL000009723,RTN00009723,SOL000171246,P000421,9,9,0,9,fail,548.46
RETL000009724,RTN00009724,SOL000217937,P000614,1,0,0,0,pass,178.25
RETL000009725,RTN00009725,SOL000164176,P000641,4,4,0,4,fail,336.8
RETL000009726,RTN00009726,SOL000144500,P000365,16,0,0,0,pass,901.95
RETL000009727,RTN00009727,SOL000138501,P000234,2,2,0,2,fail,291.42
RETL000009728,RTN00009728,SOL000234590,P000414,2,2,0,2,fail,94.42
RETL000009729,RTN00009729,SOL000289385,P000307,2,2,1,1,fail,189.31
RETL000009730,RTN00009730,SOL000274192,P000298,9,9,0,9,fail,3156.29
RETL000009731,RTN00009731,SOL000010444,P000587,1,1,0,1,fail,213.06
RETL000009732,RTN00009732,SOL000356005,P000438,1,1,0,1,fail,58.1
RETL000009733,RTN00009733,SOL000064309,P000383,9,9,7,2,fail,2014.11
RETL000009734,RTN00009734,SOL000166519,P000505,7,7,5,2,fail,170.54
RETL000009735,RTN00009735,SOL000267824,P000042,5,0,0,0,pass,503.2
RETL000009736,RTN00009736,SOL000039121,P000267,11,11,5,6,fail,1100.6
RETL000009737,RTN00009737,SOL000085745,P000043,2,0,0,0,pass,497.99
RETL000009738,RTN00009738,SOL000305496,P000481,5,5,2,3,fail,124.59
RETL000009739,RTN00009739,SOL000151557,P000269,36,36,0,36,fail,4001.75
RETL000009740,RTN00009740,SOL000153330,P000184,43,0,0,0,pass,5738.77
RETL000009741,RTN00009741,SOL000216553,P000568,34,34,0,34,fail,3429.32
RETL000009742,RTN00009742,SOL000219964,P000168,4,4,3,1,fail,884.72
RETL000009743,RTN00009743,SOL000325575,P000313,9,0,0,0,pass,714.22
RETL000009744,RTN00009744,SOL000161191,P000521,7,7,0,7,fail,727.33
RETL000009745,RTN00009745,SOL000272385,P000108,17,17,14,3,pass,741.08
RETL000009746,RTN00009746,SOL000097467,P000045,5,0,0,0,pass,1082.6
RETL000009747,RTN00009747,SOL000309155,P000344,6,0,0,0,pass,1013.1
RETL000009748,RTN00009748,SOL000244535,P000136,7,7,0,7,fail,2791.03
RETL000009749,RTN00009749,SOL000278724,P000129,12,12,0,12,fail,449.11
RETL000009750,RTN00009750,SOL000172212,P000043,3,3,0,3,fail,604.73
RETL000009751,RTN00009751,SOL000316334,P000385,1,1,0,1,fail,59.78
RETL000009752,RTN00009752,SOL000219303,P000190,6,6,2,4,fail,457.24
RETL000009753,RTN00009753,SOL000243401,P000176,11,0,0,0,pass,2586.26
RETL000009754,RTN00009754,SOL000102150,P000130,2,2,0,2,fail,269.17
RETL000009755,RTN00009755,SOL000219685,P000242,9,9,0,9,fail,1020.89
RETL000009756,RTN00009756,SOL000004635,P000158,8,8,0,8,fail,379.58
RETL000009757,RTN00009757,SOL000151591,P000363,9,9,0,9,fail,772.25
RETL000009758,RTN00009758,SOL000136401,P000235,4,4,0,4,fail,1543.4
RETL000009759,RTN00009759,SOL000323380,P000436,5,5,3,2,fail,310.57
RETL000009760,RTN00009760,SOL000353449,P000645,11,11,4,7,fail,789.95
RETL000009761,RTN00009761,SOL000012157,P000058,4,4,3,1,fail,1224.54
RETL000009762,RTN00009762,SOL000131769,P000647,26,26,0,26,fail,1734.59
RETL000009763,RTN00009763,SOL000110750,P000004,1,0,0,0,pass,182.88
RETL000009764,RTN00009764,SOL000248860,P000293,5,5,4,1,pass,719.26
RETL000009765,RTN00009765,SOL000150844,P000642,5,5,0,5,fail,536.26
RETL000009766,RTN00009766,SOL000279532,P000138,16,16,0,16,fail,1202.55
RETL000009767,RTN00009767,SOL000342696,P000322,18,0,0,0,pass,16765.78
RETL000009768,RTN00009768,SOL000258537,P000463,8,8,0,8,fail,1454.44
RETL000009769,RTN00009769,SOL000038219,P000609,9,9,0,9,fail,3032.33
RETL000009770,RTN00009770,SOL000190525,P000380,2,2,1,1,fail,213.33
RETL000009771,RTN00009771,SOL000352447,P000574,2,2,0,2,fail,259.25
RETL000009772,RTN00009772,SOL000094902,P000381,3,3,0,3,fail,408.69
RETL000009773,RTN00009773,SOL000118986,P000268,47,47,0,47,fail,1217.32
RETL000009774,RTN00009774,SOL000045676,P000286,13,13,3,10,fail,762.2
RETL000009775,RTN00009775,SOL000007921,P000345,4,4,0,4,fail,844.0
RETL000009776,RTN00009776,SOL000226393,P000587,31,31,0,31,fail,6678.95
RETL000009777,RTN00009777,SOL000214500,P000625,5,5,0,5,fail,477.23
RETL000009778,RTN00009778,SOL000099402,P000155,22,0,0,0,pass,1471.24
RETL000009779,RTN00009779,SOL000086762,P000148,9,9,0,9,fail,907.99
RETL000009780,RTN00009780,SOL000130018,P000097,3,3,0,3,fail,269.59
RETL000009781,RTN00009781,SOL000252823,P000440,9,9,8,1,pass,662.03
RETL000009782,RTN00009782,SOL000064697,P000431,4,0,0,0,pass,97.35
RETL000009783,RTN00009783,SOL000056324,P000532,7,7,0,7,fail,521.74
RETL000009784,RTN00009784,SOL000255731,P000116,74,74,65,9,pass,11251.6
RETL000009785,RTN00009785,SOL000036181,P000365,15,15,0,15,fail,806.98
RETL000009786,RTN00009786,SOL000049875,P000223,7,0,0,0,pass,2611.55
RETL000009787,RTN00009787,SOL000229605,P000617,29,29,0,29,fail,1019.86
RETL000009788,RTN00009788,SOL000235935,P000026,5,5,0,5,fail,308.37
RETL000009789,RTN00009789,SOL000192225,P000625,3,3,0,3,fail,304.94
RETL000009790,RTN00009790,SOL000090380,P000184,1,1,0,1,fail,95.68
RETL000009791,RTN00009791,SOL000271248,P000040,1,0,0,0,pass,150.3
RETL000009792,RTN00009792,SOL000271722,P000110,3,3,2,1,fail,64.01
RETL000009793,RTN00009793,SOL000343635,P000483,1,0,0,0,pass,356.42
RETL000009794,RTN00009794,SOL000265731,P000529,6,6,0,6,fail,739.71
RETL000009795,RTN00009795,SOL000133449,P000377,29,0,0,0,pass,1094.57
RETL000009796,RTN00009796,SOL000314862,P000209,11,11,0,11,fail,1764.07
RETL000009797,RTN00009797,SOL000209503,P000321,1,1,1,0,pass,40.5
RETL000009798,RTN00009798,SOL000124331,P000056,1,1,0,1,fail,95.53
RETL000009799,RTN00009799,SOL000261398,P000590,2,2,0,2,fail,287.0
RETL000009800,RTN00009800,SOL000336216,P000572,39,39,0,39,fail,5246.4
RETL000009801,RTN00009801,SOL000185539,P000473,15,15,6,9,fail,1176.78
RETL000009802,RTN00009802,SOL000077460,P000609,4,4,3,1,fail,1363.24
RETL000009803,RTN00009803,SOL000153862,P000161,2,2,1,1,fail,170.89
RETL000009804,RTN00009804,SOL000329999,P000616,2,2,0,2,fail,194.76
RETL000009805,RTN00009805,SOL000236884,P000615,9,0,0,0,pass,642.41
RETL000009806,RTN00009806,SOL000153471,P000033,1,1,0,1,fail,31.46
RETL000009807,RTN00009807,SOL000088492,P000183,9,9,8,1,pass,2322.4
RETL000009808,RTN00009808,SOL000115874,P000281,23,23,14,9,fail,3087.98
RETL000009809,RTN00009809,SOL000278004,P000419,10,10,8,2,pass,1036.91
RETL000009810,RTN00009810,SOL000293439,P000436,3,0,0,0,pass,196.16
RETL000009811,RTN00009811,SOL000351671,P000612,87,87,36,51,fail,47176.1
RETL000009812,RTN00009812,SOL000121130,P000389,4,4,3,1,fail,487.3
RETL000009813,RTN00009813,SOL000010821,P000361,9,9,0,9,fail,184.17
RETL000009814,RTN00009814,SOL000200806,P000340,1,1,0,1,fail,70.65
RETL000009815,RTN00009815,SOL000054957,P000109,16,16,8,8,fail,965.93
RETL000009816,RTN00009816,SOL000302393,P000471,9,9,0,9,fail,399.53
RETL000009817,RTN00009817,SOL000322625,P000123,20,20,0,20,fail,1780.06
RETL000009818,RTN00009818,SOL000357375,P000372,5,0,0,0,pass,744.27
RETL000009819,RTN00009819,SOL000127059,P000177,45,45,0,45,fail,2253.42
RETL000009820,RTN00009820,SOL000173085,P000421,14,0,0,0,pass,1131.97
RETL000009821,RTN00009821,SOL000210704,P000362,17,0,0,0,pass,2110.85
RETL000009822,RTN00009822,SOL000283685,P000605,4,4,2,2,fail,245.42
RETL000009823,RTN00009823,SOL000025895,P000317,14,14,0,14,fail,621.47
RETL000009824,RTN00009824,SOL000137421,P000156,7,7,0,7,fail,441.68
RETL000009825,RTN00009825,SOL000261376,P000420,12,0,0,0,pass,519.08
RETL000009826,RTN00009826,SOL000221922,P000415,7,7,5,2,fail,368.24
RETL000009827,RTN00009827,SOL000148301,P000340,3,3,0,3,fail,217.52
RETL000009828,RTN00009828,SOL000185890,P000111,29,29,0,29,fail,3425.68
RETL000009829,RTN00009829,SOL000283485,P000599,4,4,0,4,fail,371.44
RETL000009830,RTN00009830,SOL000179263,P000584,3,3,0,3,fail,301.04
RETL000009831,RTN00009831,SOL000319731,P000379,5,5,0,5,fail,291.11
RETL000009832,RTN00009832,SOL000075775,P000176,3,0,0,0,pass,642.13
RETL000009833,RTN00009833,SOL000215801,P000268,13,13,9,4,fail,322.78
RETL000009834,RTN00009834,SOL000156509,P000431,8,8,3,5,fail,187.38
RETL000009835,RTN00009835,SOL000137066,P000575,15,15,6,9,fail,2444.81
RETL000009836,RTN00009836,SOL000280168,P000168,5,0,0,0,pass,1571.29
RETL000009837,RTN00009837,SOL000204192,P000015,2,2,0,2,fail,1453.71
RETL000009838,RTN00009838,SOL000081807,P000429,24,24,0,24,fail,2350.21
RETL000009839,RTN00009839,SOL000293489,P000232,9,9,7,2,fail,670.52
RETL000009840,RTN00009840,SOL000169385,P000065,3,3,3,0,pass,112.72
RETL000009841,RTN00009841,SOL000324186,P000456,5,5,3,2,fail,1290.54
RETL000009842,RTN00009842,SOL000199295,P000488,1,0,0,0,pass,15.89
RETL000009843,RTN00009843,SOL000221370,P000627,9,9,0,9,fail,374.25
RETL000009844,RTN00009844,SOL000261981,P000623,11,11,7,4,fail,1342.05
RETL000009845,RTN00009845,SOL000052520,P000023,2,0,0,0,pass,149.55
RETL000009846,RTN00009846,SOL000119484,P000027,6,6,5,1,pass,635.66
RETL000009847,RTN00009847,SOL000090306,P000313,2,2,0,2,fail,120.18
RETL000009848,RTN00009848,SOL000038884,P000584,2,2,1,1,fail,148.96
RETL000009849,RTN00009849,SOL000010657,P000426,13,0,0,0,pass,1236.83
RETL000009850,RTN00009850,SOL000120298,P000352,9,0,0,0,pass,3773.64
RETL000009851,RTN00009851,SOL000112320,P000251,16,16,8,8,fail,1117.12
RETL000009852,RTN00009852,SOL000343880,P000279,9,9,6,3,fail,464.2
RETL000009853,RTN00009853,SOL000263383,P000152,11,11,0,11,fail,565.71
RETL000009854,RTN00009854,SOL000280106,P000295,21,0,0,0,pass,4512.73
RETL000009855,RTN00009855,SOL000043932,P000559,21,0,0,0,pass,3855.84
RETL000009856,RTN00009856,SOL000027769,P000544,2,2,1,1,fail,95.7
RETL000009857,RTN00009857,SOL000032592,P000407,2,2,1,1,fail,200.56
RETL000009858,RTN00009858,SOL000312478,P000431,3,3,1,2,fail,60.08
RETL000009859,RTN00009859,SOL000173894,P000201,11,11,6,5,fail,639.69
RETL000009860,RTN00009860,SOL000088462,P000610,8,0,0,0,pass,253.33
RETL000009861,RTN00009861,SOL000043624,P000199,28,28,0,28,fail,1837.27
RETL000009862,RTN00009862,SOL000034711,P000078,4,4,0,4,fail,107.73
RETL000009863,RTN00009863,SOL000181903,P000364,14,0,0,0,pass,651.98
RETL000009864,RTN00009864,SOL000293794,P000265,1,1,0,1,fail,185.7
RETL000009865,RTN00009865,SOL000309998,P000627,2,2,0,2,fail,66.32
RETL000009866,RTN00009866,SOL000077665,P000555,12,12,0,12,fail,2610.3
RETL000009867,RTN00009867,SOL000084971,P000612,7,7,2,5,fail,3627.72
RETL000009868,RTN00009868,SOL000153411,P000014,7,7,0,7,fail,527.67
RETL000009869,RTN00009869,SOL000041467,P000399,3,3,0,3,fail,112.04
RETL000009870,RTN00009870,SOL000290208,P000446,9,9,3,6,fail,616.56
RETL000009871,RTN00009871,SOL000277412,P000066,18,0,0,0,pass,1629.53
RETL000009872,RTN00009872,SOL000005644,P000397,5,0,0,0,pass,537.03
RETL000009873,RTN00009873,SOL000030737,P000442,18,0,0,0,pass,8270.61
RETL000009874,RTN00009874,SOL000250539,P000223,13,13,0,13,fail,3341.5
RETL000009875,RTN00009875,SOL000277072,P000553,13,13,9,4,fail,7241.11
RETL000009876,RTN00009876,SOL000348446,P000225,1,0,0,0,pass,125.64
RETL000009877,RTN00009877,SOL000349031,P000129,2,2,1,1,fail,81.0
RETL000009878,RTN00009878,SOL000248693,P000073,4,4,0,4,fail,664.43
RETL000009879,RTN00009879,SOL000198984,P000417,1,0,0,0,pass,87.12
RETL000009880,RTN00009880,SOL000216204,P000068,66,66,0,66,fail,5837.38
RETL000009881,RTN00009881,SOL000011974,P000241,31,31,0,31,fail,3487.61
RETL000009882,RTN00009882,SOL000062489,P000377,8,8,4,4,fail,339.68
RETL000009883,RTN00009883,SOL000090963,P000092,2,2,0,2,fail,237.75
RETL000009884,RTN00009884,SOL000155811,P000031,4,4,0,4,fail,386.17
RETL000009885,RTN00009885,SOL000082449,P000169,22,22,18,4,pass,4850.77
RETL000009886,RTN00009886,SOL000086254,P000317,7,7,0,7,fail,340.19
RETL000009887,RTN00009887,SOL000227356,P000098,3,0,0,0,pass,217.24
RETL000009888,RTN00009888,SOL000190840,P000262,6,6,3,3,fail,765.16
RETL000009889,RTN00009889,SOL000191733,P000196,1,1,0,1,fail,31.92
RETL000009890,RTN00009890,SOL000229454,P000109,5,5,0,5,fail,284.0
RETL000009891,RTN00009891,SOL000349489,P000264,2,2,0,2,fail,262.61
RETL000009892,RTN00009892,SOL000324344,P000368,5,5,3,2,fail,511.54
RETL000009893,RTN00009893,SOL000300817,P000149,27,27,0,27,fail,4496.64
RETL000009894,RTN00009894,SOL000017952,P000606,10,10,6,4,fail,3090.94
RETL000009895,RTN00009895,SOL000357256,P000304,11,11,0,11,fail,525.23
RETL000009896,RTN00009896,SOL000146706,P000271,1,1,0,1,fail,57.68
RETL000009897,RTN00009897,SOL000332219,P000299,9,9,0,9,fail,2858.83
RETL000009898,RTN00009898,SOL000245584,P000302,32,32,0,32,fail,3232.24
RETL000009899,RTN00009899,SOL000182762,P000003,21,21,0,21,fail,3615.28
RETL000009900,RTN00009900,SOL000162913,P000418,1,0,0,0,pass,137.42
RETL000009901,RTN00009901,SOL000230967,P000360,11,11,0,11,fail,1532.62
RETL000009902,RTN00009902,SOL000168221,P000646,2,2,0,2,fail,227.37
RETL000009903,RTN00009903,SOL000131353,P000018,31,31,0,31,fail,7199.08
RETL000009904,RTN00009904,SOL000047631,P000582,2,2,0,2,fail,386.67
RETL000009905,RTN00009905,SOL000310618,P000536,36,36,0,36,fail,5218.57
RETL000009906,RTN00009906,SOL000214039,P000188,25,25,7,18,fail,2368.27
RETL000009907,RTN00009907,SOL000216659,P000480,11,11,0,11,fail,1271.18
RETL000009908,RTN00009908,SOL000082883,P000037,5,0,0,0,pass,365.55
RETL000009909,RTN00009909,SOL000025073,P000304,3,3,0,3,fail,116.76
RETL000009910,RTN00009910,SOL000332135,P000454,47,47,0,47,fail,2154.23
RETL000009911,RTN00009911,SOL000363189,P000578,7,0,0,0,pass,664.94
RETL000009912,RTN00009912,SOL000291000,P000073,2,2,0,2,fail,406.94
RETL000009913,RTN00009913,SOL000322757,P000347,3,3,2,1,fail,122.6
RETL000009914,RTN00009914,SOL000102390,P000492,7,7,0,7,fail,517.95
RETL000009915,RTN00009915,SOL000028520,P000049,1,1,0,1,fail,160.56
RETL000009916,RTN00009916,SOL000291345,P000062,14,0,0,0,pass,994.38
RETL000009917,RTN00009917,SOL000098672,P000276,12,12,11,1,pass,509.84
RETL000009918,RTN00009918,SOL000259504,P000130,1,1,0,1,fail,112.73
RETL000009919,RTN00009919,SOL000253765,P000409,12,12,4,8,fail,1064.87
RETL000009920,RTN00009920,SOL000174073,P000165,8,0,0,0,pass,436.21
RETL000009921,RTN00009921,SOL000096574,P000647,2,2,1,1,fail,130.38
RETL000009922,RTN00009922,SOL000261009,P000340,3,3,0,3,fail,181.2
RETL000009923,RTN00009923,SOL000321824,P000331,21,21,8,13,fail,6036.53
RETL000009924,RTN00009924,SOL000170885,P000451,17,17,15,2,pass,677.72
RETL000009925,RTN00009925,SOL000235349,P000046,10,10,7,3,fail,544.44
RETL000009926,RTN00009926,SOL000022714,P000639,2,2,1,1,fail,151.42
RETL000009927,RTN00009927,SOL000180701,P000057,4,4,0,4,fail,1753.64
RETL000009928,RTN00009928,SOL000010321,P000293,28,28,0,28,fail,3167.34
RETL000009929,RTN00009929,SOL000278172,P000189,14,14,12,2,pass,669.93
RETL000009930,RTN00009930,SOL000163699,P000407,6,6,0,6,fail,622.56
RETL000009931,RTN00009931,SOL000339171,P000095,4,4,2,2,fail,480.64
RETL000009932,RTN00009932,SOL000315449,P000470,3,0,0,0,pass,338.78
RETL000009933,RTN00009933,SOL000044432,P000442,9,0,0,0,pass,3610.99
RETL000009934,RTN00009934,SOL000264407,P000354,24,0,0,0,pass,1854.61
RETL000009935,RTN00009935,SOL000242534,P000333,6,6,2,4,fail,3187.73
RETL000009936,RTN00009936,SOL000012685,P000408,3,0,0,0,pass,394.57
RETL000009937,RTN00009937,SOL000198860,P000227,4,4,0,4,fail,271.3
RETL000009938,RTN00009938,SOL000092909,P000452,8,8,0,8,fail,537.8
RETL000009939,RTN00009939,SOL000338065,P000412,38,38,27,11,fail,1685.91
RETL000009940,RTN00009940,SOL000344752,P000479,6,6,0,6,fail,679.94
RETL000009941,RTN00009941,SOL000043082,P000511,14,0,0,0,pass,6673.52
RETL000009942,RTN00009942,SOL000317413,P000466,4,4,2,2,fail,276.01
RETL000009943,RTN00009943,SOL000187390,P000340,1,1,0,1,fail,59.49
RETL000009944,RTN00009944,SOL000222216,P000129,5,0,0,0,pass,178.36
RETL000009945,RTN00009945,SOL000115563,P000045,5,5,0,5,fail,962.54
RETL000009946,RTN00009946,SOL000056328,P000106,10,10,0,10,fail,1892.92
RETL000009947,RTN00009947,SOL000361145,P000187,5,5,1,4,fail,643.57
RETL000009948,RTN00009948,SOL000147945,P000087,24,24,0,24,fail,618.0
RETL000009949,RTN00009949,SOL000327336,P000397,18,0,0,0,pass,2684.03
RETL000009950,RTN00009950,SOL000079675,P000549,5,0,0,0,pass,334.46
RETL000009951,RTN00009951,SOL000240076,P000278,6,6,3,3,fail,563.28
RETL000009952,RTN00009952,SOL000132087,P000244,22,22,0,22,fail,636.74
RETL000009953,RTN00009953,SOL000054444,P000351,10,10,0,10,fail,6773.68
RETL000009954,RTN00009954,SOL000005672,P000188,2,2,0,2,fail,131.45
RETL000009955,RTN00009955,SOL000084420,P000422,1,0,0,0,pass,133.02
RETL000009956,RTN00009956,SOL000297735,P000086,3,3,0,3,fail,237.93
RETL000009957,RTN00009957,SOL000076087,P000394,19,19,0,19,fail,1756.15
RETL000009958,RTN00009958,SOL000300248,P000293,1,1,0,1,fail,141.13
RETL000009959,RTN00009959,SOL000233336,P000039,5,5,0,5,fail,2170.23
RETL000009960,RTN00009960,SOL000017933,P000480,2,0,0,0,pass,157.67
RETL000009961,RTN00009961,SOL000215950,P000289,9,0,0,0,pass,343.85
RETL000009962,RTN00009962,SOL000030224,P000149,2,0,0,0,pass,242.36
RETL000009963,RTN00009963,SOL000298028,P000599,9,9,5,4,fail,626.99
RETL000009964,RTN00009964,SOL000126147,P000034,8,8,2,6,fail,1837.77
RETL000009965,RTN00009965,SOL000035788,P000432,3,0,0,0,pass,309.42
RETL000009966,RTN00009966,SOL000262343,P000472,2,0,0,0,pass,366.36
RETL000009967,RTN00009967,SOL000306204,P000532,1,0,0,0,pass,79.3
RETL000009968,RTN00009968,SOL000291182,P000144,17,17,0,17,fail,1006.21
RETL000009969,RTN00009969,SOL000316186,P000501,3,3,0,3,fail,1301.49
RETL000009970,RTN00009970,SOL000363440,P000191,8,8,0,8,fail,324.29
RETL000009971,RTN00009971,SOL000166148,P000521,16,16,0,16,fail,1865.11
RETL000009972,RTN00009972,SOL000115564,P000508,1,1,0,1,fail,54.06
RETL000009973,RTN00009973,SOL000198967,P000557,2,2,0,2,fail,390.94
RETL000009974,RTN00009974,SOL000284670,P000439,25,25,0,25,fail,4411.37
RETL000009975,RTN00009975,SOL000080289,P000286,11,11,0,11,fail,549.59
RETL000009976,RTN00009976,SOL000363293,P000380,2,2,0,2,fail,261.2
RETL000009977,RTN00009977,SOL000130383,P000621,3,3,0,3,fail,386.08
RETL000009978,RTN00009978,SOL000302129,P000501,1,1,0,1,fail,322.77
RETL000009979,RTN00009979,SOL000328486,P000574,4,4,1,3,fail,456.41
RETL000009980,RTN00009980,SOL000154877,P000368,7,0,0,0,pass,530.9
RETL000009981,RTN00009981,SOL000061836,P000102,16,16,0,16,fail,1900.56
RETL000009982,RTN00009982,SOL000049519,P000219,12,12,0,12,fail,2038.62
RETL000009983,RTN00009983,SOL000130505,P000164,19,0,0,0,pass,1143.96
RETL000009984,RTN00009984,SOL000120993,P000163,14,14,0,14,fail,1820.92
RETL000009985,RTN00009985,SOL000108746,P000192,10,10,4,6,fail,356.56
RETL000009986,RTN00009986,SOL000227508,P000470,4,4,2,2,fail,354.05
RETL000009987,RTN00009987,SOL000366842,P000514,12,12,0,12,fail,1651.31
RETL000009988,RTN00009988,SOL000135399,P000447,2,0,0,0,pass,443.99
RETL000009989,RTN00009989,SOL000119376,P000535,3,3,0,3,fail,165.54
RETL000009990,RTN00009990,SOL000316643,P000176,6,6,0,6,fail,1902.2
RETL000009991,RTN00009991,SOL000221805,P000287,1,1,0,1,fail,56.6
RETL000009992,RTN00009992,SOL000074896,P000266,1,1,0,1,fail,218.91
RETL000009993,RTN00009993,SOL000169128,P000459,78,78,55,23,fail,2326.46
RETL000009994,RTN00009994,SOL000248987,P000644,98,0,0,0,pass,10724.57
RETL000009995,RTN00009995,SOL000039168,P000382,33,33,0,33,fail,443.01
RETL000009996,RTN00009996,SOL000217978,P000113,1,1,1,0,pass,57.23
RETL000009997,RTN00009997,SOL000321973,P000086,13,13,0,13,fail,885.54
RETL000009998,RTN00009998,SOL000196266,P000004,1,0,0,0,pass,170.87
RETL000009999,RTN00009999,SOL000027280,P000033,16,16,10,6,fail,603.25
RETL000010000,RTN00010000,SOL000253155,P000422,6,0,0,0,pass,766.25
RETL000010001,RTN00010001,SOL000346384,P000128,8,8,0,8,fail,336.7
RETL000010002,RTN00010002,SOL000056873,P000545,14,0,0,0,pass,730.83
RETL000010003,RTN00010003,SOL000048669,P000368,2,2,0,2,fail,196.31
RETL000010004,RTN00010004,SOL000187132,P000128,16,0,0,0,pass,539.68
RETL000010005,RTN00010005,SOL000123045,P000596,4,4,0,4,fail,1018.12
RETL000010006,RTN00010006,SOL000107317,P000300,18,0,0,0,pass,3367.31
RETL000010007,RTN00010007,SOL000127615,P000149,4,4,1,3,fail,471.84
RETL000010008,RTN00010008,SOL000116436,P000524,5,5,0,5,fail,231.28
RETL000010009,RTN00010009,SOL000282379,P000561,6,6,5,1,pass,458.13
RETL000010010,RTN00010010,SOL000132675,P000396,4,4,1,3,fail,737.98
RETL000010011,RTN00010011,SOL000276474,P000036,8,8,5,3,fail,313.76
RETL000010012,RTN00010012,SOL000125985,P000180,26,26,23,3,pass,921.06
RETL000010013,RTN00010013,SOL000280120,P000207,5,0,0,0,pass,228.41
RETL000010014,RTN00010014,SOL000013475,P000480,14,0,0,0,pass,1265.13
RETL000010015,RTN00010015,SOL000286426,P000619,6,0,0,0,pass,562.52
RETL000010016,RTN00010016,SOL000046193,P000306,5,5,0,5,fail,1672.09
RETL000010017,RTN00010017,SOL000301084,P000134,7,7,2,5,fail,690.4
RETL000010018,RTN00010018,SOL000272253,P000402,1,1,0,1,fail,168.91
RETL000010019,RTN00010019,SOL000308359,P000574,48,48,29,19,fail,7178.47
RETL000010020,RTN00010020,SOL000310653,P000054,11,0,0,0,pass,851.8
RETL000010021,RTN00010021,SOL000311409,P000574,21,0,0,0,pass,3293.84
RETL000010022,RTN00010022,SOL000186993,P000198,51,51,0,51,fail,4968.6
RETL000010023,RTN00010023,SOL000336644,P000478,2,2,2,0,pass,87.17
RETL000010024,RTN00010024,SOL000066906,P000088,8,8,7,1,pass,1356.4
RETL000010025,RTN00010025,SOL000326791,P000351,37,37,10,27,fail,21713.52
RETL000010026,RTN00010026,SOL000012673,P000486,6,6,0,6,fail,386.12
RETL000010027,RTN00010027,SOL000206170,P000566,5,5,2,3,fail,742.35
RETL000010028,RTN00010028,SOL000227858,P000217,10,10,0,10,fail,786.03
RETL000010029,RTN00010029,SOL000215250,P000374,2,2,0,2,fail,243.75
RETL000010030,RTN00010030,SOL000262042,P000110,2,2,1,1,fail,56.28
RETL000010031,RTN00010031,SOL000366622,P000354,1,0,0,0,pass,90.65
RETL000010032,RTN00010032,SOL000270669,P000440,3,3,0,3,fail,178.45
RETL000010033,RTN00010033,SOL000300928,P000529,2,2,1,1,fail,243.34
RETL000010034,RTN00010034,SOL000027703,P000321,6,6,4,2,fail,237.6
RETL000010035,RTN00010035,SOL000091623,P000601,14,14,0,14,fail,3480.94
RETL000010036,RTN00010036,SOL000200913,P000528,2,2,0,2,fail,201.44
RETL000010037,RTN00010037,SOL000079832,P000070,3,0,0,0,pass,260.92
RETL000010038,RTN00010038,SOL000077281,P000002,1,1,1,0,pass,114.28
RETL000010039,RTN00010039,SOL000314720,P000226,1,0,0,0,pass,25.35
RETL000010040,RTN00010040,SOL000364021,P000538,3,3,0,3,fail,1351.0
RETL000010041,RTN00010041,SOL000341890,P000150,11,11,0,11,fail,1194.58
RETL000010042,RTN00010042,SOL000057231,P000289,4,4,0,4,fail,142.51
RETL000010043,RTN00010043,SOL000190467,P000214,14,0,0,0,pass,2806.46
RETL000010044,RTN00010044,SOL000225282,P000093,3,3,0,3,fail,181.45
RETL000010045,RTN00010045,SOL000083002,P000186,32,32,18,14,fail,703.68
RETL000010046,RTN00010046,SOL000126111,P000077,8,8,0,8,fail,802.54
RETL000010047,RTN00010047,SOL000242520,P000624,16,0,0,0,pass,2664.91
RETL000010048,RTN00010048,SOL000057248,P000293,2,2,0,2,fail,224.62
RETL000010049,RTN00010049,SOL000215450,P000361,4,4,3,1,fail,81.15
RETL000010050,RTN00010050,SOL000067563,P000643,6,6,0,6,fail,229.31
RETL000010051,RTN00010051,SOL000048797,P000021,23,0,0,0,pass,1852.6
RETL000010052,RTN00010052,SOL000226770,P000650,15,15,13,2,pass,1373.72
RETL000010053,RTN00010053,SOL000086314,P000065,31,31,23,8,fail,1350.84
RETL000010054,RTN00010054,SOL000194630,P000264,14,0,0,0,pass,1941.8
RETL000010055,RTN00010055,SOL000343014,P000643,4,4,0,4,fail,129.48
RETL000010056,RTN00010056,SOL000140180,P000308,7,7,0,7,fail,956.81
RETL000010057,RTN00010057,SOL000216968,P000470,6,6,0,6,fail,596.64
RETL000010058,RTN00010058,SOL000105692,P000617,1,1,0,1,fail,41.91
RETL000010059,RTN00010059,SOL000099621,P000227,37,0,0,0,pass,2298.93
RETL000010060,RTN00010060,SOL000222957,P000310,1,1,0,1,fail,170.6
RETL000010061,RTN00010061,SOL000085100,P000234,5,5,0,5,fail,802.79
RETL000010062,RTN00010062,SOL000076647,P000134,1,1,1,0,pass,101.77
RETL000010063,RTN00010063,SOL000130740,P000483,13,0,0,0,pass,5081.69
RETL000010064,RTN00010064,SOL000000627,P000466,6,6,2,4,fail,498.75
RETL000010065,RTN00010065,SOL000027961,P000625,4,4,0,4,fail,330.89
RETL000010066,RTN00010066,SOL000061540,P000228,2,0,0,0,pass,698.54
RETL000010067,RTN00010067,SOL000300666,P000239,4,4,0,4,fail,965.94
RETL000010068,RTN00010068,SOL000185337,P000310,24,24,12,12,fail,4999.81
RETL000010069,RTN00010069,SOL000126371,P000034,25,25,0,25,fail,7148.22
RETL000010070,RTN00010070,SOL000098050,P000609,21,21,0,21,fail,8392.03
RETL000010071,RTN00010071,SOL000267494,P000086,3,3,0,3,fail,244.67
RETL000010072,RTN00010072,SOL000172023,P000214,16,16,0,16,fail,3109.05
RETL000010073,RTN00010073,SOL000226122,P000096,18,18,13,5,fail,1337.84
RETL000010074,RTN00010074,SOL000109197,P000506,3,3,0,3,fail,149.54
RETL000010075,RTN00010075,SOL000313088,P000389,26,0,0,0,pass,3391.04
RETL000010076,RTN00010076,SOL000045509,P000127,6,6,3,3,fail,877.65
RETL000010077,RTN00010077,SOL000041452,P000538,8,0,0,0,pass,2407.03
RETL000010078,RTN00010078,SOL000253404,P000419,4,4,2,2,fail,298.07
RETL000010079,RTN00010079,SOL000205118,P000021,3,3,0,3,fail,219.08
RETL000010080,RTN00010080,SOL000305553,P000190,27,27,15,12,fail,1664.5
RETL000010081,RTN00010081,SOL000365995,P000063,7,7,0,7,fail,598.95
RETL000010082,RTN00010082,SOL000310423,P000483,41,0,0,0,pass,15116.26
RETL000010083,RTN00010083,SOL000279672,P000199,2,2,1,1,fail,103.49
RETL000010084,RTN00010084,SOL000280233,P000602,11,11,0,11,fail,1269.25
RETL000010085,RTN00010085,SOL000356621,P000059,2,2,0,2,fail,361.03
RETL000010086,RTN00010086,SOL000220342,P000332,2,2,1,1,fail,632.41
RETL000010087,RTN00010087,SOL000356336,P000519,94,94,0,94,fail,14327.06
RETL000010088,RTN00010088,SOL000357203,P000648,3,0,0,0,pass,470.09
RETL000010089,RTN00010089,SOL000008827,P000448,8,8,4,4,fail,591.59
RETL000010090,RTN00010090,SOL000299960,P000298,8,8,7,1,pass,2580.86
RETL000010091,RTN00010091,SOL000107643,P000022,10,0,0,0,pass,481.3
RETL000010092,RTN00010092,SOL000028627,P000157,3,3,2,1,fail,490.57
RETL000010093,RTN00010093,SOL000260339,P000369,3,3,2,1,fail,133.69
RETL000010094,RTN00010094,SOL000252110,P000405,1,1,0,1,fail,47.12
RETL000010095,RTN00010095,SOL000288197,P000388,1,1,1,0,pass,55.67
RETL000010096,RTN00010096,SOL000150675,P000479,1,1,1,0,pass,81.65
RETL000010097,RTN00010097,SOL000135951,P000387,3,3,0,3,fail,95.4
RETL000010098,RTN00010098,SOL000215777,P000311,13,0,0,0,pass,431.8
RETL000010099,RTN00010099,SOL000008865,P000067,16,0,0,0,pass,2545.64
RETL000010100,RTN00010100,SOL000095801,P000022,7,7,0,7,fail,278.27
RETL000010101,RTN00010101,SOL000290895,P000565,6,6,2,4,fail,1607.68
RETL000010102,RTN00010102,SOL000244557,P000393,3,0,0,0,pass,1043.67
RETL000010103,RTN00010103,SOL000071134,P000310,6,0,0,0,pass,1156.33
RETL000010104,RTN00010104,SOL000235730,P000505,4,4,0,4,fail,78.38
RETL000010105,RTN00010105,SOL000047551,P000088,13,0,0,0,pass,1815.11
RETL000010106,RTN00010106,SOL000318490,P000568,4,4,2,2,fail,269.63
RETL000010107,RTN00010107,SOL000120905,P000564,19,19,0,19,fail,2014.85
RETL000010108,RTN00010108,SOL000153042,P000134,1,1,0,1,fail,70.82
RETL000010109,RTN00010109,SOL000293964,P000562,16,16,0,16,fail,1587.27
RETL000010110,RTN00010110,SOL000334750,P000381,1,1,0,1,fail,179.99
RETL000010111,RTN00010111,SOL000017230,P000178,12,12,0,12,fail,597.61
RETL000010112,RTN00010112,SOL000038579,P000505,12,12,0,12,fail,320.69
RETL000010113,RTN00010113,SOL000031274,P000516,1,1,0,1,fail,98.25
RETL000010114,RTN00010114,SOL000096993,P000569,10,10,3,7,fail,2210.71
RETL000010115,RTN00010115,SOL000321092,P000631,6,6,0,6,fail,531.88
RETL000010116,RTN00010116,SOL000323043,P000299,3,3,0,3,fail,894.74
RETL000010117,RTN00010117,SOL000187790,P000008,11,11,5,6,fail,510.42
RETL000010118,RTN00010118,SOL000268661,P000088,30,30,15,15,fail,3991.64
RETL000010119,RTN00010119,SOL000182719,P000455,5,0,0,0,pass,630.89
RETL000010120,RTN00010120,SOL000339705,P000530,5,5,0,5,fail,200.87
RETL000010121,RTN00010121,SOL000014585,P000411,6,6,0,6,fail,187.03
RETL000010122,RTN00010122,SOL000125270,P000394,13,0,0,0,pass,1065.26
RETL000010123,RTN00010123,SOL000152110,P000246,27,27,10,17,fail,16473.24
RETL000010124,RTN00010124,SOL000255038,P000622,19,19,0,19,fail,3560.13
RETL000010125,RTN00010125,SOL000116166,P000059,9,9,4,5,fail,1443.56
RETL000010126,RTN00010126,SOL000053500,P000151,4,4,0,4,fail,240.97
RETL000010127,RTN00010127,SOL000293406,P000475,2,0,0,0,pass,768.64
RETL000010128,RTN00010128,SOL000355113,P000497,2,2,1,1,fail,154.89
RETL000010129,RTN00010129,SOL000047430,P000568,4,4,3,1,fail,409.39
RETL000010130,RTN00010130,SOL000060519,P000060,1,1,0,1,fail,42.92
RETL000010131,RTN00010131,SOL000342372,P000314,3,3,0,3,fail,169.92
RETL000010132,RTN00010132,SOL000026963,P000533,1,0,0,0,pass,98.5
RETL000010133,RTN00010133,SOL000280585,P000084,16,0,0,0,pass,1630.19
RETL000010134,RTN00010134,SOL000282534,P000163,8,8,0,8,fail,703.89
RETL000010135,RTN00010135,SOL000087209,P000545,18,18,0,18,fail,1012.21
RETL000010136,RTN00010136,SOL000005175,P000091,19,19,0,19,fail,643.39
RETL000010137,RTN00010137,SOL000363794,P000082,7,7,0,7,fail,1457.79
RETL000010138,RTN00010138,SOL000312641,P000571,5,5,0,5,fail,496.55
RETL000010139,RTN00010139,SOL000065974,P000403,23,23,0,23,fail,632.05
RETL000010140,RTN00010140,SOL000336276,P000560,34,0,0,0,pass,2707.53
RETL000010141,RTN00010141,SOL000130938,P000184,1,0,0,0,pass,116.48
RETL000010142,RTN00010142,SOL000318034,P000546,11,11,6,5,fail,1037.02
RETL000010143,RTN00010143,SOL000177243,P000141,1,1,0,1,fail,36.55
RETL000010144,RTN00010144,SOL000044972,P000102,21,21,0,21,fail,2617.38
RETL000010145,RTN00010145,SOL000025747,P000197,5,5,0,5,fail,919.78
RETL000010146,RTN00010146,SOL000203844,P000219,22,22,9,13,fail,4007.64
RETL000010147,RTN00010147,SOL000322547,P000154,4,4,0,4,fail,271.11
RETL000010148,RTN00010148,SOL000084878,P000181,2,0,0,0,pass,179.66
RETL000010149,RTN00010149,SOL000256438,P000029,12,12,10,2,pass,2185.32
RETL000010150,RTN00010150,SOL000363274,P000305,7,7,4,3,fail,531.87
RETL000010151,RTN00010151,SOL000220386,P000275,17,17,0,17,fail,1537.02
RETL000010152,RTN00010152,SOL000157088,P000194,4,4,2,2,fail,614.22
RETL000010153,RTN00010153,SOL000277281,P000504,10,10,0,10,fail,1070.82
RETL000010154,RTN00010154,SOL000074910,P000487,18,18,0,18,fail,1367.66
RETL000010155,RTN00010155,SOL000321119,P000627,5,5,0,5,fail,147.26
RETL000010156,RTN00010156,SOL000302012,P000258,8,8,0,8,fail,1165.76
RETL000010157,RTN00010157,SOL000224239,P000271,1,1,0,1,fail,56.59
RETL000010158,RTN00010158,SOL000249525,P000303,24,24,0,24,fail,3847.79
RETL000010159,RTN00010159,SOL000122460,P000010,2,2,0,2,fail,87.11
RETL000010160,RTN00010160,SOL000211428,P000593,1,0,0,0,pass,66.8
RETL000010161,RTN00010161,SOL000023388,P000017,20,20,14,6,fail,718.48
RETL000010162,RTN00010162,SOL000066554,P000258,1,1,0,1,fail,118.26
RETL000010163,RTN00010163,SOL000278511,P000346,8,8,3,5,fail,456.41
RETL000010164,RTN00010164,SOL000275236,P000259,4,4,1,3,fail,1325.75
RETL000010165,RTN00010165,SOL000270725,P000046,18,18,0,18,fail,758.46
RETL000010166,RTN00010166,SOL000082092,P000567,9,0,0,0,pass,1081.46
RETL000010167,RTN00010167,SOL000182866,P000289,8,0,0,0,pass,263.53
RETL000010168,RTN00010168,SOL000184043,P000050,35,35,0,35,fail,5046.63
RETL000010169,RTN00010169,SOL000184651,P000583,51,51,18,33,fail,2126.9
RETL000010170,RTN00010170,SOL000059214,P000588,63,63,0,63,fail,2071.25
RETL000010171,RTN00010171,SOL000365519,P000222,6,6,2,4,fail,2376.47
RETL000010172,RTN00010172,SOL000252980,P000425,5,5,0,5,fail,435.94
RETL000010173,RTN00010173,SOL000056669,P000176,68,0,0,0,pass,21403.6
RETL000010174,RTN00010174,SOL000170318,P000071,7,7,0,7,fail,949.39
RETL000010175,RTN00010175,SOL000207633,P000598,19,19,6,13,fail,2592.72
RETL000010176,RTN00010176,SOL000292079,P000110,3,3,2,1,fail,58.22
RETL000010177,RTN00010177,SOL000131353,P000018,27,27,0,27,fail,4802.2
RETL000010178,RTN00010178,SOL000197583,P000578,4,0,0,0,pass,381.21
RETL000010179,RTN00010179,SOL000187541,P000460,3,3,0,3,fail,283.14
RETL000010180,RTN00010180,SOL000317107,P000037,13,0,0,0,pass,897.59
RETL000010181,RTN00010181,SOL000086437,P000393,3,3,0,3,fail,1098.3
RETL000010182,RTN00010182,SOL000043745,P000023,1,1,0,1,fail,67.05
RETL000010183,RTN00010183,SOL000324948,P000383,17,0,0,0,pass,3541.63
RETL000010184,RTN00010184,SOL000213253,P000389,3,3,0,3,fail,347.95
RETL000010185,RTN00010185,SOL000229330,P000163,6,0,0,0,pass,794.01
RETL000010186,RTN00010186,SOL000251269,P000095,14,0,0,0,pass,1557.32
RETL000010187,RTN00010187,SOL000195378,P000341,12,12,8,4,fail,2636.01
RETL000010188,RTN00010188,SOL000345266,P000551,6,6,5,1,pass,1265.61
RETL000010189,RTN00010189,SOL000090638,P000226,2,2,0,2,fail,49.21
RETL000010190,RTN00010190,SOL000181394,P000397,16,0,0,0,pass,1989.02
RETL000010191,RTN00010191,SOL000333828,P000300,4,0,0,0,pass,1017.66
RETL000010192,RTN00010192,SOL000303550,P000169,16,16,11,5,fail,3313.68
RETL000010193,RTN00010193,SOL000237531,P000020,1,0,0,0,pass,42.42
RETL000010194,RTN00010194,SOL000254800,P000355,28,28,0,28,fail,1011.9
RETL000010195,RTN00010195,SOL000069199,P000492,12,12,0,12,fail,786.49
RETL000010196,RTN00010196,SOL000009224,P000568,1,1,1,0,pass,100.75
RETL000010197,RTN00010197,SOL000079746,P000318,4,4,0,4,fail,325.13
RETL000010198,RTN00010198,SOL000059799,P000431,4,4,4,0,pass,108.78
RETL000010199,RTN00010199,SOL000234895,P000028,5,5,3,2,fail,741.42
RETL000010200,RTN00010200,SOL000084134,P000191,2,2,1,1,fail,94.23
RETL000010201,RTN00010201,SOL000309608,P000172,5,5,4,1,pass,274.77
RETL000010202,RTN00010202,SOL000300194,P000108,2,0,0,0,pass,75.08
RETL000010203,RTN00010203,SOL000279773,P000046,12,12,0,12,fail,633.1
RETL000010204,RTN00010204,SOL000205547,P000602,13,13,0,13,fail,1957.24
RETL000010205,RTN00010205,SOL000193206,P000048,31,31,0,31,fail,2684.96
RETL000010206,RTN00010206,SOL000253175,P000186,8,8,0,8,fail,162.87
RETL000010207,RTN00010207,SOL000110051,P000305,1,1,0,1,fail,86.87
RETL000010208,RTN00010208,SOL000310903,P000314,33,33,18,15,fail,1394.14
RETL000010209,RTN00010209,SOL000072901,P000569,6,6,0,6,fail,1315.44
RETL000010210,RTN00010210,SOL000166311,P000192,10,0,0,0,pass,315.2
RETL000010211,RTN00010211,SOL000282499,P000432,6,0,0,0,pass,512.36
RETL000010212,RTN00010212,SOL000207220,P000334,10,10,6,4,fail,994.72
RETL000010213,RTN00010213,SOL000220775,P000156,7,7,0,7,fail,400.68
RETL000010214,RTN00010214,SOL000334801,P000282,33,33,18,15,fail,3261.61
RETL000010215,RTN00010215,SOL000169487,P000088,43,43,0,43,fail,6130.79
RETL000010216,RTN00010216,SOL000095262,P000037,8,8,0,8,fail,493.69
RETL000010217,RTN00010217,SOL000198236,P000411,49,49,0,49,fail,1460.12
RETL000010218,RTN00010218,SOL000042764,P000446,3,3,0,3,fail,225.29
RETL000010219,RTN00010219,SOL000157494,P000299,2,2,0,2,fail,789.4
RETL000010220,RTN00010220,SOL000349862,P000388,12,12,0,12,fail,963.51
RETL000010221,RTN00010221,SOL000228687,P000472,7,7,0,7,fail,828.05
RETL000010222,RTN00010222,SOL000081700,P000316,1,1,1,0,pass,70.06
RETL000010223,RTN00010223,SOL000252519,P000215,59,0,0,0,pass,1188.06
RETL000010224,RTN00010224,SOL000320638,P000366,2,2,0,2,fail,168.82
RETL000010225,RTN00010225,SOL000043412,P000436,10,10,5,5,fail,700.06
RETL000010226,RTN00010226,SOL000298856,P000182,3,0,0,0,pass,190.58
RETL000010227,RTN00010227,SOL000113418,P000036,4,4,0,4,fail,104.49
RETL000010228,RTN00010228,SOL000156859,P000485,14,0,0,0,pass,781.76
RETL000010229,RTN00010229,SOL000009306,P000430,10,10,8,2,pass,475.77
RETL000010230,RTN00010230,SOL000340275,P000117,2,2,1,1,fail,261.64
RETL000010231,RTN00010231,SOL000272059,P000104,2,0,0,0,pass,515.07
RETL000010232,RTN00010232,SOL000276905,P000641,11,11,0,11,fail,919.59
RETL000010233,RTN00010233,SOL000281789,P000289,7,7,5,2,fail,231.59
RETL000010234,RTN00010234,SOL000260724,P000350,8,8,5,3,fail,201.73
RETL000010235,RTN00010235,SOL000274247,P000372,5,5,4,1,pass,1049.86
RETL000010236,RTN00010236,SOL000278170,P000362,4,4,2,2,fail,426.92
RETL000010237,RTN00010237,SOL000086621,P000537,20,20,0,20,fail,1188.01
RETL000010238,RTN00010238,SOL000145937,P000178,4,4,0,4,fail,260.61
RETL000010239,RTN00010239,SOL000089130,P000413,38,38,20,18,fail,3800.32
RETL000010240,RTN00010240,SOL000156808,P000485,7,0,0,0,pass,414.39
RETL000010241,RTN00010241,SOL000167475,P000302,4,4,1,3,fail,346.94
RETL000010242,RTN00010242,SOL000227675,P000385,3,3,0,3,fail,173.36
RETL000010243,RTN00010243,SOL000367146,P000306,16,0,0,0,pass,4895.49
RETL000010244,RTN00010244,SOL000102835,P000026,20,20,0,20,fail,933.45
RETL000010245,RTN00010245,SOL000016358,P000126,9,0,0,0,pass,673.95
RETL000010246,RTN00010246,SOL000187928,P000022,12,12,5,7,fail,533.61
RETL000010247,RTN00010247,SOL000001088,P000298,34,34,0,34,fail,12825.86
RETL000010248,RTN00010248,SOL000027800,P000419,5,5,0,5,fail,528.56
RETL000010249,RTN00010249,SOL000037463,P000476,2,2,0,2,fail,775.43
RETL000010250,RTN00010250,SOL000125454,P000108,5,5,0,5,fail,198.82
RETL000010251,RTN00010251,SOL000146163,P000135,7,0,0,0,pass,976.52
RETL000010252,RTN00010252,SOL000005881,P000451,11,11,9,2,pass,427.32
RETL000010253,RTN00010253,SOL000230991,P000589,21,21,15,6,fail,598.32
RETL000010254,RTN00010254,SOL000341213,P000379,5,5,2,3,fail,234.7
RETL000010255,RTN00010255,SOL000050166,P000159,8,8,0,8,fail,285.83
RETL000010256,RTN00010256,SOL000137722,P000555,43,43,0,43,fail,8376.97
RETL000010257,RTN00010257,SOL000153026,P000149,21,21,0,21,fail,2321.53
RETL000010258,RTN00010258,SOL000083562,P000387,3,3,0,3,fail,98.78
RETL000010259,RTN00010259,SOL000180392,P000262,8,8,5,3,fail,849.38
RETL000010260,RTN00010260,SOL000162726,P000473,11,11,4,7,fail,977.7
RETL000010261,RTN00010261,SOL000127667,P000205,15,0,0,0,pass,1480.36
RETL000010262,RTN00010262,SOL000068671,P000446,6,6,0,6,fail,337.87
RETL000010263,RTN00010263,SOL000308074,P000310,9,9,3,6,fail,1594.07
RETL000010264,RTN00010264,SOL000323376,P000419,6,0,0,0,pass,548.74
RETL000010265,RTN00010265,SOL000123025,P000609,9,0,0,0,pass,3351.43
RETL000010266,RTN00010266,SOL000193558,P000055,11,11,0,11,fail,4024.45
RETL000010267,RTN00010267,SOL000087838,P000499,27,0,0,0,pass,4313.89
RETL000010268,RTN00010268,SOL000152802,P000391,7,7,0,7,fail,242.32
RETL000010269,RTN00010269,SOL000041596,P000221,8,0,0,0,pass,991.88
RETL000010270,RTN00010270,SOL000060923,P000011,2,0,0,0,pass,56.98
RETL000010271,RTN00010271,SOL000026644,P000601,12,12,7,5,fail,2802.18
RETL000010272,RTN00010272,SOL000341792,P000423,2,2,1,1,fail,151.45
RETL000010273,RTN00010273,SOL000257555,P000307,1,1,1,0,pass,86.56
RETL000010274,RTN00010274,SOL000009582,P000110,8,8,5,3,fail,172.31
RETL000010275,RTN00010275,SOL000131915,P000564,1,0,0,0,pass,118.51
RETL000010276,RTN00010276,SOL000261335,P000525,4,4,0,4,fail,196.74
RETL000010277,RTN00010277,SOL000226468,P000620,31,31,0,31,fail,7192.92
RETL000010278,RTN00010278,SOL000122463,P000466,1,1,0,1,fail,98.68
RETL000010279,RTN00010279,SOL000098966,P000477,21,0,0,0,pass,2853.58
RETL000010280,RTN00010280,SOL000258839,P000142,4,4,2,2,fail,467.37
RETL000010281,RTN00010281,SOL000337841,P000144,12,12,0,12,fail,601.02
RETL000010282,RTN00010282,SOL000213448,P000202,3,3,0,3,fail,730.31
RETL000010283,RTN00010283,SOL000284516,P000365,7,7,4,3,fail,352.75
RETL000010284,RTN00010284,SOL000258310,P000017,1,1,0,1,fail,43.88
RETL000010285,RTN00010285,SOL000194441,P000226,20,20,9,11,fail,504.41
RETL000010286,RTN00010286,SOL000116029,P000404,88,0,0,0,pass,15530.17
RETL000010287,RTN00010287,SOL000042912,P000636,5,5,2,3,fail,185.9
RETL000010288,RTN00010288,SOL000135009,P000176,6,6,0,6,fail,1318.39
RETL000010289,RTN00010289,SOL000349644,P000074,15,15,0,15,fail,1258.32
RETL000010290,RTN00010290,SOL000288668,P000256,13,13,6,7,fail,609.09
RETL000010291,RTN00010291,SOL000065015,P000087,8,8,0,8,fail,241.41
RETL000010292,RTN00010292,SOL000114541,P000135,7,0,0,0,pass,845.01
RETL000010293,RTN00010293,SOL000225717,P000016,2,2,2,0,pass,333.27
RETL000010294,RTN00010294,SOL000352237,P000479,2,2,1,1,fail,205.33
RETL000010295,RTN00010295,SOL000281728,P000492,6,6,0,6,fail,312.11
RETL000010296,RTN00010296,SOL000252442,P000163,1,1,0,1,fail,111.25
RETL000010297,RTN00010297,SOL000252580,P000489,18,18,8,10,fail,3643.57
RETL000010298,RTN00010298,SOL000119586,P000141,1,0,0,0,pass,44.18
RETL000010299,RTN00010299,SOL000041818,P000211,2,2,0,2,fail,140.69
RETL000010300,RTN00010300,SOL000271259,P000515,9,0,0,0,pass,473.75
RETL000010301,RTN00010301,SOL000051301,P000227,57,57,0,57,fail,3660.97
RETL000010302,RTN00010302,SOL000113178,P000185,44,0,0,0,pass,5818.14
RETL000010303,RTN00010303,SOL000011617,P000482,9,9,0,9,fail,1675.29
RETL000010304,RTN00010304,SOL000299616,P000532,10,10,0,10,fail,964.22
RETL000010305,RTN00010305,SOL000156906,P000089,1,0,0,0,pass,174.26
RETL000010306,RTN00010306,SOL000365293,P000365,38,0,0,0,pass,1699.64
RETL000010307,RTN00010307,SOL000164057,P000646,5,5,0,5,fail,648.75
RETL000010308,RTN00010308,SOL000270682,P000360,6,6,4,2,fail,1008.46
RETL000010309,RTN00010309,SOL000208771,P000580,5,5,4,1,pass,190.84
RETL000010310,RTN00010310,SOL000348279,P000416,2,2,1,1,fail,141.82
RETL000010311,RTN00010311,SOL000071469,P000280,31,0,0,0,pass,2005.88
RETL000010312,RTN00010312,SOL000021321,P000182,15,15,7,8,fail,1301.52
RETL000010313,RTN00010313,SOL000180147,P000522,11,0,0,0,pass,948.41
RETL000010314,RTN00010314,SOL000179151,P000279,1,1,0,1,fail,38.21
RETL000010315,RTN00010315,SOL000032182,P000480,3,3,2,1,fail,237.51
RETL000010316,RTN00010316,SOL000301663,P000580,14,14,6,8,fail,425.71
RETL000010317,RTN00010317,SOL000209796,P000285,19,19,0,19,fail,858.7
RETL000010318,RTN00010318,SOL000202015,P000153,16,16,0,16,fail,1353.61
RETL000010319,RTN00010319,SOL000177225,P000147,3,3,2,1,fail,257.53
RETL000010320,RTN00010320,SOL000013620,P000464,17,17,0,17,fail,2452.42
RETL000010321,RTN00010321,SOL000183919,P000382,1,1,1,0,pass,12.9
RETL000010322,RTN00010322,SOL000155798,P000259,5,5,0,5,fail,1808.13
RETL000010323,RTN00010323,SOL000365410,P000152,16,16,0,16,fail,582.15
RETL000010324,RTN00010324,SOL000236337,P000293,17,17,0,17,fail,1992.27
RETL000010325,RTN00010325,SOL000211335,P000381,4,4,1,3,fail,585.87
RETL000010326,RTN00010326,SOL000143497,P000191,7,0,0,0,pass,226.36
RETL000010327,RTN00010327,SOL000318510,P000413,2,0,0,0,pass,254.81
RETL000010328,RTN00010328,SOL000344786,P000085,3,0,0,0,pass,115.15
RETL000010329,RTN00010329,SOL000333876,P000624,11,11,10,1,pass,1907.67
RETL000010330,RTN00010330,SOL000188052,P000409,3,3,3,0,pass,240.26
RETL000010331,RTN00010331,SOL000267989,P000167,15,15,8,7,fail,1449.83
RETL000010332,RTN00010332,SOL000206741,P000112,2,0,0,0,pass,624.72
RETL000010333,RTN00010333,SOL000117292,P000525,5,5,0,5,fail,267.7
RETL000010334,RTN00010334,SOL000127005,P000107,13,0,0,0,pass,1154.75
RETL000010335,RTN00010335,SOL000033304,P000631,44,44,0,44,fail,4144.82
RETL000010336,RTN00010336,SOL000197019,P000631,21,21,0,21,fail,2369.33
RETL000010337,RTN00010337,SOL000200444,P000166,8,8,0,8,fail,979.82
RETL000010338,RTN00010338,SOL000126062,P000313,22,0,0,0,pass,1541.47
RETL000010339,RTN00010339,SOL000332649,P000149,7,7,0,7,fail,1029.43
RETL000010340,RTN00010340,SOL000298733,P000224,2,2,1,1,fail,1555.3
RETL000010341,RTN00010341,SOL000113399,P000596,1,0,0,0,pass,226.27
RETL000010342,RTN00010342,SOL000285616,P000068,4,4,2,2,fail,332.16
RETL000010343,RTN00010343,SOL000347528,P000222,13,13,8,5,fail,4226.81
RETL000010344,RTN00010344,SOL000264927,P000218,5,5,0,5,fail,743.15
RETL000010345,RTN00010345,SOL000269701,P000431,4,4,0,4,fail,106.74
RETL000010346,RTN00010346,SOL000173617,P000395,25,25,15,10,fail,21077.01
RETL000010347,RTN00010347,SOL000065624,P000546,2,2,2,0,pass,187.65
RETL000010348,RTN00010348,SOL000292386,P000177,4,0,0,0,pass,252.43
RETL000010349,RTN00010349,SOL000253015,P000503,9,0,0,0,pass,1070.52
RETL000010350,RTN00010350,SOL000135657,P000381,27,0,0,0,pass,4315.55
RETL000010351,RTN00010351,SOL000297245,P000273,11,11,7,4,fail,1665.13
RETL000010352,RTN00010352,SOL000098437,P000631,11,11,8,3,fail,1024.13
RETL000010353,RTN00010353,SOL000331347,P000569,9,0,0,0,pass,1867.58
RETL000010354,RTN00010354,SOL000068169,P000164,6,6,0,6,fail,402.04
RETL000010355,RTN00010355,SOL000066402,P000105,12,12,3,9,fail,1340.32
RETL000010356,RTN00010356,SOL000171840,P000144,6,0,0,0,pass,335.69
RETL000010357,RTN00010357,SOL000224156,P000551,1,1,0,1,fail,244.1
RETL000010358,RTN00010358,SOL000267100,P000426,9,9,0,9,fail,807.38
RETL000010359,RTN00010359,SOL000309958,P000349,7,7,0,7,fail,429.14
RETL000010360,RTN00010360,SOL000265935,P000270,13,13,0,13,fail,944.31
RETL000010361,RTN00010361,SOL000014552,P000153,3,3,0,3,fail,223.23
RETL000010362,RTN00010362,SOL000296203,P000259,5,5,0,5,fail,1452.9
RETL000010363,RTN00010363,SOL000234809,P000054,6,0,0,0,pass,466.14
RETL000010364,RTN00010364,SOL000170130,P000030,1,1,0,1,fail,43.79
RETL000010365,RTN00010365,SOL000082401,P000500,6,6,0,6,fail,162.89
RETL000010366,RTN00010366,SOL000293987,P000161,13,13,0,13,fail,1099.35
RETL000010367,RTN00010367,SOL000362797,P000416,12,12,0,12,fail,888.66
RETL000010368,RTN00010368,SOL000255187,P000306,2,2,1,1,fail,640.76
RETL000010369,RTN00010369,SOL000018359,P000159,11,11,0,11,fail,403.17
RETL000010370,RTN00010370,SOL000203639,P000077,4,4,0,4,fail,482.78
RETL000010371,RTN00010371,SOL000057981,P000101,2,2,1,1,fail,192.75
RETL000010372,RTN00010372,SOL000115435,P000341,5,5,3,2,fail,975.13
RETL000010373,RTN00010373,SOL000296059,P000139,2,2,0,2,fail,204.47
RETL000010374,RTN00010374,SOL000045491,P000572,1,1,1,0,pass,136.27
RETL000010375,RTN00010375,SOL000217985,P000272,15,0,0,0,pass,1225.45
RETL000010376,RTN00010376,SOL000075793,P000236,5,0,0,0,pass,182.97
RETL000010377,RTN00010377,SOL000270173,P000615,5,5,0,5,fail,394.0
RETL000010378,RTN00010378,SOL000247767,P000258,11,0,0,0,pass,1542.9
RETL000010379,RTN00010379,SOL000344967,P000377,8,0,0,0,pass,340.17
RETL000010380,RTN00010380,SOL000325642,P000428,4,4,0,4,fail,259.29
RETL000010381,RTN00010381,SOL000200383,P000108,1,1,1,0,pass,34.78
RETL000010382,RTN00010382,SOL000254832,P000035,4,4,1,3,fail,562.28
RETL000010383,RTN00010383,SOL000167208,P000423,4,4,0,4,fail,328.07
RETL000010384,RTN00010384,SOL000259179,P000649,5,5,0,5,fail,2316.81
RETL000010385,RTN00010385,SOL000088155,P000011,10,10,0,10,fail,311.95
RETL000010386,RTN00010386,SOL000171863,P000262,4,4,0,4,fail,496.99
RETL000010387,RTN00010387,SOL000028113,P000198,16,16,0,16,fail,1748.02
RETL000010388,RTN00010388,SOL000315600,P000503,8,8,0,8,fail,1056.82
RETL000010389,RTN00010389,SOL000151401,P000026,2,2,0,2,fail,127.5
RETL000010390,RTN00010390,SOL000282859,P000192,19,19,6,13,fail,603.91
RETL000010391,RTN00010391,SOL000102438,P000345,3,3,0,3,fail,444.84
RETL000010392,RTN00010392,SOL000107474,P000375,11,11,0,11,fail,6392.47
RETL000010393,RTN00010393,SOL000094703,P000476,3,3,0,3,fail,1119.14
RETL000010394,RTN00010394,SOL000341136,P000408,2,2,0,2,fail,392.07
RETL000010395,RTN00010395,SOL000330121,P000532,7,7,3,4,fail,541.6
RETL000010396,RTN00010396,SOL000145650,P000516,6,6,0,6,fail,427.49
RETL000010397,RTN00010397,SOL000321269,P000454,4,0,0,0,pass,143.24
RETL000010398,RTN00010398,SOL000149236,P000431,1,1,0,1,fail,25.03
RETL000010399,RTN00010399,SOL000140632,P000378,4,4,1,3,fail,113.34
RETL000010400,RTN00010400,SOL000273667,P000483,3,3,0,3,fail,880.24
RETL000010401,RTN00010401,SOL000063102,P000523,11,11,0,11,fail,546.11
RETL000010402,RTN00010402,SOL000216852,P000141,18,18,5,13,fail,753.38
RETL000010403,RTN00010403,SOL000342540,P000521,19,19,0,19,fail,2392.74
RETL000010404,RTN00010404,SOL000356542,P000396,20,20,16,4,pass,3827.45
RETL000010405,RTN00010405,SOL000130861,P000541,64,64,28,36,fail,28302.58
RETL000010406,RTN00010406,SOL000359242,P000350,13,13,11,2,pass,336.58
RETL000010407,RTN00010407,SOL000268918,P000138,8,8,0,8,fail,562.24
RETL000010408,RTN00010408,SOL000107921,P000337,13,13,4,9,fail,534.35
RETL000010409,RTN00010409,SOL000264640,P000363,19,19,0,19,fail,1144.3
RETL000010410,RTN00010410,SOL000233370,P000295,4,0,0,0,pass,623.89
RETL000010411,RTN00010411,SOL000196074,P000359,19,19,0,19,fail,302.61
RETL000010412,RTN00010412,SOL000057813,P000019,2,2,1,1,fail,750.13
RETL000010413,RTN00010413,SOL000217701,P000015,2,0,0,0,pass,1846.91
RETL000010414,RTN00010414,SOL000097929,P000645,3,0,0,0,pass,214.22
RETL000010415,RTN00010415,SOL000112087,P000049,3,0,0,0,pass,451.09
RETL000010416,RTN00010416,SOL000092219,P000276,8,8,0,8,fail,394.02
RETL000010417,RTN00010417,SOL000092969,P000334,1,1,0,1,fail,118.65
RETL000010418,RTN00010418,SOL000212630,P000629,8,8,0,8,fail,275.61
RETL000010419,RTN00010419,SOL000069120,P000437,6,6,0,6,fail,931.45
RETL000010420,RTN00010420,SOL000237390,P000013,9,9,0,9,fail,2017.92
RETL000010421,RTN00010421,SOL000342215,P000056,7,0,0,0,pass,914.77
RETL000010422,RTN00010422,SOL000158016,P000067,5,0,0,0,pass,690.54
RETL000010423,RTN00010423,SOL000327296,P000200,1,1,0,1,fail,55.55
RETL000010424,RTN00010424,SOL000062798,P000472,12,0,0,0,pass,1759.1
RETL000010425,RTN00010425,SOL000174573,P000334,25,25,0,25,fail,2069.32
RETL000010426,RTN00010426,SOL000057645,P000488,22,22,0,22,fail,273.48
RETL000010427,RTN00010427,SOL000162784,P000121,3,0,0,0,pass,573.06
RETL000010428,RTN00010428,SOL000028397,P000438,7,7,6,1,pass,519.49
RETL000010429,RTN00010429,SOL000345015,P000040,36,36,0,36,fail,5419.73
RETL000010430,RTN00010430,SOL000146618,P000060,7,7,0,7,fail,380.5
RETL000010431,RTN00010431,SOL000300640,P000057,6,0,0,0,pass,2479.89
RETL000010432,RTN00010432,SOL000091987,P000580,1,1,1,0,pass,37.96
RETL000010433,RTN00010433,SOL000278127,P000166,3,3,2,1,fail,367.43
RETL000010434,RTN00010434,SOL000021616,P000326,7,7,0,7,fail,771.1
RETL000010435,RTN00010435,SOL000057311,P000153,3,3,1,2,fail,262.04
RETL000010436,RTN00010436,SOL000244013,P000383,4,4,0,4,fail,942.99
RETL000010437,RTN00010437,SOL000037461,P000582,1,1,0,1,fail,201.69
RETL000010438,RTN00010438,SOL000106589,P000460,1,1,0,1,fail,115.63
RETL000010439,RTN00010439,SOL000139028,P000453,11,11,0,11,fail,2114.7
RETL000010440,RTN00010440,SOL000347956,P000605,12,0,0,0,pass,701.18
RETL000010441,RTN00010441,SOL000120370,P000402,2,2,0,2,fail,238.36
RETL000010442,RTN00010442,SOL000145980,P000559,14,14,0,14,fail,2692.63
RETL000010443,RTN00010443,SOL000171053,P000301,1,1,0,1,fail,105.01
RETL000010444,RTN00010444,SOL000010496,P000307,2,2,2,0,pass,182.88
RETL000010445,RTN00010445,SOL000049426,P000308,3,3,3,0,pass,345.9
RETL000010446,RTN00010446,SOL000132348,P000422,20,0,0,0,pass,1838.16
RETL000010447,RTN00010447,SOL000057257,P000630,31,31,0,31,fail,8758.52
RETL000010448,RTN00010448,SOL000113495,P000150,28,0,0,0,pass,3067.74
RETL000010449,RTN00010449,SOL000179727,P000439,1,1,0,1,fail,122.74
RETL000010450,RTN00010450,SOL000237797,P000110,10,10,9,1,pass,240.35
RETL000010451,RTN00010451,SOL000326881,P000548,5,5,2,3,fail,307.12
RETL000010452,RTN00010452,SOL000186123,P000232,16,16,0,16,fail,1018.7
RETL000010453,RTN00010453,SOL000138822,P000394,3,3,1,2,fail,289.0
RETL000010454,RTN00010454,SOL000142366,P000381,4,4,0,4,fail,629.74
RETL000010455,RTN00010455,SOL000072710,P000298,11,11,9,2,pass,3901.73
RETL000010456,RTN00010456,SOL000324568,P000136,1,1,0,1,fail,347.88
RETL000010457,RTN00010457,SOL000012385,P000059,8,8,3,5,fail,1782.66
RETL000010458,RTN00010458,SOL000023831,P000337,3,3,1,2,fail,88.69
RETL000010459,RTN00010459,SOL000308298,P000621,55,55,0,55,fail,6407.27
RETL000010460,RTN00010460,SOL000145952,P000143,101,101,0,101,fail,4628.79
RETL000010461,RTN00010461,SOL000246128,P000084,10,10,0,10,fail,1100.0
RETL000010462,RTN00010462,SOL000067573,P000396,23,23,0,23,fail,2833.09
RETL000010463,RTN00010463,SOL000178949,P000021,6,6,0,6,fail,553.14
RETL000010464,RTN00010464,SOL000139251,P000125,2,2,0,2,fail,154.45
RETL000010465,RTN00010465,SOL000032157,P000179,10,10,0,10,fail,4197.61
RETL000010466,RTN00010466,SOL000158358,P000270,9,9,7,2,fail,645.63
RETL000010467,RTN00010467,SOL000111339,P000450,11,0,0,0,pass,533.05
RETL000010468,RTN00010468,SOL000256440,P000206,8,8,7,1,pass,1374.48
RETL000010469,RTN00010469,SOL000193848,P000578,8,8,0,8,fail,751.67
RETL000010470,RTN00010470,SOL000102545,P000318,7,0,0,0,pass,457.66
RETL000010471,RTN00010471,SOL000199444,P000018,5,5,0,5,fail,1165.79
RETL000010472,RTN00010472,SOL000121809,P000491,2,2,0,2,fail,445.26
RETL000010473,RTN00010473,SOL000291680,P000022,8,0,0,0,pass,282.46
RETL000010474,RTN00010474,SOL000249182,P000043,2,2,0,2,fail,509.73
RETL000010475,RTN00010475,SOL000261866,P000156,11,0,0,0,pass,675.74
RETL000010476,RTN00010476,SOL000022921,P000488,14,14,8,6,fail,168.61
RETL000010477,RTN00010477,SOL000254656,P000369,3,3,0,3,fail,99.74
RETL000010478,RTN00010478,SOL000276196,P000152,17,17,0,17,fail,836.69
RETL000010479,RTN00010479,SOL000279158,P000329,4,4,1,3,fail,1147.35
RETL000010480,RTN00010480,SOL000333015,P000378,9,9,0,9,fail,194.1
RETL000010481,RTN00010481,SOL000068965,P000128,16,16,9,7,fail,533.65
RETL000010482,RTN00010482,SOL000323855,P000156,4,0,0,0,pass,265.37
RETL000010483,RTN00010483,SOL000118263,P000069,4,4,3,1,fail,143.58
RETL000010484,RTN00010484,SOL000301452,P000281,8,0,0,0,pass,1222.51
RETL000010485,RTN00010485,SOL000353400,P000364,2,2,0,2,fail,98.83
RETL000010486,RTN00010486,SOL000320777,P000450,9,9,6,3,fail,396.47
RETL000010487,RTN00010487,SOL000231937,P000367,13,13,0,13,fail,388.15
RETL000010488,RTN00010488,SOL000011522,P000303,7,7,0,7,fail,1166.43
RETL000010489,RTN00010489,SOL000359633,P000207,16,0,0,0,pass,755.12
RETL000010490,RTN00010490,SOL000358271,P000351,1,0,0,0,pass,586.89
RETL000010491,RTN00010491,SOL000289721,P000052,11,11,9,2,pass,1166.2
RETL000010492,RTN00010492,SOL000145065,P000375,1,1,0,1,fail,651.1
RETL000010493,RTN00010493,SOL000263908,P000180,6,6,3,3,fail,277.51
RETL000010494,RTN00010494,SOL000226585,P000092,5,5,0,5,fail,637.12
RETL000010495,RTN00010495,SOL000320898,P000083,1,1,0,1,fail,143.65
RETL000010496,RTN00010496,SOL000014206,P000176,4,4,2,2,fail,1234.08
RETL000010497,RTN00010497,SOL000141110,P000095,41,0,0,0,pass,4005.67
RETL000010498,RTN00010498,SOL000195639,P000535,2,2,1,1,fail,102.02
RETL000010499,RTN00010499,SOL000287916,P000012,14,14,0,14,fail,2746.13
RETL000010500,RTN00010500,SOL000358274,P000208,1,0,0,0,pass,24.27
