supplier_id,supplier_code,supplier_name,supplier_type,city,state,country,payment_terms_days,on_time_baseline_pct,quality_baseline_pct,risk_tier,active_flag
SUP000001,SUP-000001,Surat Industrial Supply Co. 0001,approved,Surat,Gujarat,India,45,79.93,97.31,C,Y
SUP000002,SUP-000002,Agra Industrial Supply Co. 0002,contract_manufacturer,Agra,Uttar Pradesh,India,30,99.8,94.0,B,Y
SUP000003,SUP-000003,Vadodara Industrial Supply Co. 0003,spot,Vadodara,Gujarat,India,15,99.57,96.38,B,Y
SUP000004,SUP-000004,Pune Industrial Supply Co. 0004,approved,Pune,Maharashtra,India,45,82.3,99.9,B,Y
SUP000005,SUP-000005,Jaipur Industrial Supply Co. 0005,approved,Jaipur,Rajasthan,India,30,73.51,96.84,C,Y
SUP000006,SUP-000006,Ahmedabad Industrial Supply Co. 0006,approved,Ahmedabad,Gujarat,India,30,93.49,92.5,B,Y
SUP000007,SUP-000007,Nashik Industrial Supply Co. 0007,approved,Nashik,Maharashtra,India,30,93.92,96.59,B,Y
SUP000008,SUP-000008,Noida Industrial Supply Co. 0008,contract_manufacturer,Noida,Uttar Pradesh,India,60,77.65,98.57,C,Y
SUP000009,SUP-000009,Mangaluru Industrial Supply Co. 0009,approved,Mangaluru,Karnataka,India,30,94.42,92.95,B,Y
SUP000010,SUP-000010,Mumbai Industrial Supply Co. 0010,strategic,Mumbai,Maharashtra,India,30,92.12,98.98,A,Y
SUP000011,SUP-000011,Mysuru Industrial Supply Co. 0011,strategic,Mysuru,Karnataka,India,45,94.56,96.28,B,Y
SUP000012,SUP-000012,Vijayawada Industrial Supply Co. 0012,approved,Vijayawada,Andhra Pradesh,India,30,69.35,94.09,C,Y
SUP000013,SUP-000013,Mumbai Industrial Supply Co. 0013,approved,Mumbai,Maharashtra,India,30,77.55,99.9,C,Y
SUP000014,SUP-000014,Jaipur Industrial Supply Co. 0014,strategic,Jaipur,Rajasthan,India,30,87.32,93.39,B,Y
SUP000015,SUP-000015,Mysuru Industrial Supply Co. 0015,approved,Mysuru,Karnataka,India,45,94.49,97.81,A,Y
SUP000016,SUP-000016,Jaipur Industrial Supply Co. 0016,approved,Jaipur,Rajasthan,India,45,93.55,96.22,B,Y
SUP000017,SUP-000017,Surat Industrial Supply Co. 0017,approved,Surat,Gujarat,India,45,65.23,97.45,C,Y
SUP000018,SUP-000018,Surat Industrial Supply Co. 0018,strategic,Surat,Gujarat,India,45,77.34,93.63,C,Y
SUP000019,SUP-000019,Mumbai Industrial Supply Co. 0019,approved,Mumbai,Maharashtra,India,30,88.33,99.38,B,Y
SUP000020,SUP-000020,Kolkata Industrial Supply Co. 0020,approved,Kolkata,West Bengal,India,30,94.35,95.6,B,Y
SUP000021,SUP-000021,Mangaluru Industrial Supply Co. 0021,approved,Mangaluru,Karnataka,India,60,77.78,97.41,C,Y
SUP000022,SUP-000022,Hyderabad Industrial Supply Co. 0022,approved,Hyderabad,Telangana,India,60,91.9,96.74,B,Y
SUP000023,SUP-000023,Indore Industrial Supply Co. 0023,approved,Indore,Madhya Pradesh,India,45,74.05,93.87,C,Y
SUP000024,SUP-000024,Ahmedabad Industrial Supply Co. 0024,strategic,Ahmedabad,Gujarat,India,30,88.37,97.35,B,Y
SUP000025,SUP-000025,Chandigarh Industrial Supply Co. 0025,approved,Chandigarh,Chandigarh,India,30,79.54,97.31,C,Y
SUP000026,SUP-000026,Chandigarh Industrial Supply Co. 0026,contract_manufacturer,Chandigarh,Chandigarh,India,45,89.67,99.9,B,Y
SUP000027,SUP-000027,Mangaluru Industrial Supply Co. 0027,approved,Mangaluru,Karnataka,India,30,92.67,93.75,B,Y
SUP000028,SUP-000028,Ahmedabad Industrial Supply Co. 0028,approved,Ahmedabad,Gujarat,India,45,96.54,98.61,A,Y
SUP000029,SUP-000029,Bhubaneswar Industrial Supply Co. 0029,strategic,Bhubaneswar,Odisha,India,30,90.25,94.76,B,Y
SUP000030,SUP-000030,Mysuru Industrial Supply Co. 0030,contract_manufacturer,Mysuru,Karnataka,India,30,68.66,99.19,C,Y
SUP000031,SUP-000031,Jaipur Industrial Supply Co. 0031,contract_manufacturer,Jaipur,Rajasthan,India,45,78.21,92.42,C,Y
SUP000032,SUP-000032,Jaipur Industrial Supply Co. 0032,approved,Jaipur,Rajasthan,India,30,86.76,95.61,B,Y
SUP000033,SUP-000033,Bhubaneswar Industrial Supply Co. 0033,strategic,Bhubaneswar,Odisha,India,60,80.85,97.25,B,Y
SUP000034,SUP-000034,Mumbai Industrial Supply Co. 0034,approved,Mumbai,Maharashtra,India,30,75.51,99.41,C,Y
SUP000035,SUP-000035,Noida Industrial Supply Co. 0035,approved,Noida,Uttar Pradesh,India,45,99.8,99.71,A,Y
SUP000036,SUP-000036,Noida Industrial Supply Co. 0036,contract_manufacturer,Noida,Uttar Pradesh,India,30,78.47,93.01,C,Y
SUP000037,SUP-000037,Nashik Industrial Supply Co. 0037,contract_manufacturer,Nashik,Maharashtra,India,45,86.42,94.1,B,Y
SUP000038,SUP-000038,Warangal Industrial Supply Co. 0038,contract_manufacturer,Warangal,Telangana,India,15,75.26,96.25,C,Y
SUP000039,SUP-000039,Ahmedabad Industrial Supply Co. 0039,approved,Ahmedabad,Gujarat,India,30,80.47,94.95,B,Y
SUP000040,SUP-000040,Ranchi Industrial Supply Co. 0040,approved,Ranchi,Jharkhand,India,30,92.46,96.58,B,Y
SUP000041,SUP-000041,Lucknow Industrial Supply Co. 0041,approved,Lucknow,Uttar Pradesh,India,45,98.11,99.9,A,Y
SUP000042,SUP-000042,Bengaluru Industrial Supply Co. 0042,approved,Bengaluru,Karnataka,India,30,79.57,99.9,C,Y
SUP000043,SUP-000043,Jaipur Industrial Supply Co. 0043,approved,Jaipur,Rajasthan,India,30,77.47,99.9,C,Y
SUP000044,SUP-000044,Nashik Industrial Supply Co. 0044,approved,Nashik,Maharashtra,India,30,81.56,95.45,B,Y
SUP000045,SUP-000045,Lucknow Industrial Supply Co. 0045,approved,Lucknow,Uttar Pradesh,India,30,93.8,96.13,B,Y
SUP000046,SUP-000046,Noida Industrial Supply Co. 0046,approved,Noida,Uttar Pradesh,India,30,82.25,98.97,B,Y
SUP000047,SUP-000047,Ahmedabad Industrial Supply Co. 0047,approved,Ahmedabad,Gujarat,India,30,85.05,88.66,C,Y
SUP000048,SUP-000048,Nashik Industrial Supply Co. 0048,contract_manufacturer,Nashik,Maharashtra,India,45,99.8,95.8,B,Y
SUP000049,SUP-000049,Warangal Industrial Supply Co. 0049,strategic,Warangal,Telangana,India,45,89.66,91.74,B,Y
SUP000050,SUP-000050,Mangaluru Industrial Supply Co. 0050,approved,Mangaluru,Karnataka,India,30,84.22,94.89,B,Y
SUP000051,SUP-000051,Nashik Industrial Supply Co. 0051,contract_manufacturer,Nashik,Maharashtra,India,45,87.89,96.28,B,Y
SUP000052,SUP-000052,Agra Industrial Supply Co. 0052,spot,Agra,Uttar Pradesh,India,30,86.56,93.49,B,Y
SUP000053,SUP-000053,Nagpur Industrial Supply Co. 0053,approved,Nagpur,Maharashtra,India,30,94.54,98.74,A,Y
SUP000054,SUP-000054,Agra Industrial Supply Co. 0054,contract_manufacturer,Agra,Uttar Pradesh,India,30,94.99,93.6,B,Y
SUP000055,SUP-000055,Lucknow Industrial Supply Co. 0055,strategic,Lucknow,Uttar Pradesh,India,30,92.28,97.18,A,Y
SUP000056,SUP-000056,Bhubaneswar Industrial Supply Co. 0056,approved,Bhubaneswar,Odisha,India,45,83.74,92.1,B,Y
SUP000057,SUP-000057,Ahmedabad Industrial Supply Co. 0057,contract_manufacturer,Ahmedabad,Gujarat,India,30,82.65,94.37,B,Y
SUP000058,SUP-000058,Indore Industrial Supply Co. 0058,strategic,Indore,Madhya Pradesh,India,30,96.87,97.37,A,Y
SUP000059,SUP-000059,Ranchi Industrial Supply Co. 0059,approved,Ranchi,Jharkhand,India,60,87.86,99.9,B,Y
SUP000060,SUP-000060,Ahmedabad Industrial Supply Co. 0060,approved,Ahmedabad,Gujarat,India,30,91.83,93.76,B,Y
SUP000061,SUP-000061,Nagpur Industrial Supply Co. 0061,approved,Nagpur,Maharashtra,India,45,83.44,91.1,B,Y
SUP000062,SUP-000062,Mumbai Industrial Supply Co. 0062,spot,Mumbai,Maharashtra,India,45,79.39,96.83,C,Y
SUP000063,SUP-000063,Noida Industrial Supply Co. 0063,strategic,Noida,Uttar Pradesh,India,45,86.1,94.86,B,Y
SUP000064,SUP-000064,Vijayawada Industrial Supply Co. 0064,approved,Vijayawada,Andhra Pradesh,India,30,90.81,96.09,B,Y
SUP000065,SUP-000065,Kolkata Industrial Supply Co. 0065,spot,Kolkata,West Bengal,India,45,74.08,94.97,C,Y
SUP000066,SUP-000066,Nagpur Industrial Supply Co. 0066,approved,Nagpur,Maharashtra,India,45,85.76,97.91,B,Y
SUP000067,SUP-000067,Bhubaneswar Industrial Supply Co. 0067,spot,Bhubaneswar,Odisha,India,15,84.47,97.41,B,Y
SUP000068,SUP-000068,Jaipur Industrial Supply Co. 0068,contract_manufacturer,Jaipur,Rajasthan,India,30,79.21,94.58,C,Y
SUP000069,SUP-000069,Nashik Industrial Supply Co. 0069,approved,Nashik,Maharashtra,India,60,78.92,96.31,C,Y
SUP000070,SUP-000070,Warangal Industrial Supply Co. 0070,contract_manufacturer,Warangal,Telangana,India,60,87.41,92.74,B,Y
SUP000071,SUP-000071,Warangal Industrial Supply Co. 0071,approved,Warangal,Telangana,India,45,82.04,90.28,C,Y
SUP000072,SUP-000072,Indore Industrial Supply Co. 0072,approved,Indore,Madhya Pradesh,India,30,83.82,98.29,B,Y
SUP000073,SUP-000073,Agra Industrial Supply Co. 0073,spot,Agra,Uttar Pradesh,India,15,83.26,96.42,B,Y
SUP000074,SUP-000074,Nashik Industrial Supply Co. 0074,approved,Nashik,Maharashtra,India,45,99.71,94.54,B,Y
SUP000075,SUP-000075,Kolkata Industrial Supply Co. 0075,spot,Kolkata,West Bengal,India,30,89.01,97.21,B,Y
SUP000076,SUP-000076,Noida Industrial Supply Co. 0076,contract_manufacturer,Noida,Uttar Pradesh,India,30,92.86,97.2,A,Y
SUP000077,SUP-000077,Ahmedabad Industrial Supply Co. 0077,approved,Ahmedabad,Gujarat,India,30,80.74,96.93,B,Y
SUP000078,SUP-000078,Chandigarh Industrial Supply Co. 0078,strategic,Chandigarh,Chandigarh,India,45,98.42,97.57,A,Y
SUP000079,SUP-000079,Kolkata Industrial Supply Co. 0079,approved,Kolkata,West Bengal,India,30,99.8,94.11,B,Y
SUP000080,SUP-000080,Vadodara Industrial Supply Co. 0080,strategic,Vadodara,Gujarat,India,45,92.39,93.87,B,Y
SUP000081,SUP-000081,Bhopal Industrial Supply Co. 0081,approved,Bhopal,Madhya Pradesh,India,30,89.06,89.26,C,Y
SUP000082,SUP-000082,Pune Industrial Supply Co. 0082,approved,Pune,Maharashtra,India,45,99.8,92.61,B,Y
SUP000083,SUP-000083,Nashik Industrial Supply Co. 0083,approved,Nashik,Maharashtra,India,30,92.99,97.67,A,Y
SUP000084,SUP-000084,Mumbai Industrial Supply Co. 0084,contract_manufacturer,Mumbai,Maharashtra,India,30,80.88,94.48,B,Y
SUP000085,SUP-000085,Mangaluru Industrial Supply Co. 0085,spot,Mangaluru,Karnataka,India,60,86.35,94.83,B,Y
SUP000086,SUP-000086,Kolkata Industrial Supply Co. 0086,approved,Kolkata,West Bengal,India,45,80.0,91.66,B,Y
SUP000087,SUP-000087,Mumbai Industrial Supply Co. 0087,approved,Mumbai,Maharashtra,India,30,92.83,92.52,B,Y
SUP000088,SUP-000088,Warangal Industrial Supply Co. 0088,approved,Warangal,Telangana,India,45,83.24,98.78,B,Y
SUP000089,SUP-000089,Jaipur Industrial Supply Co. 0089,approved,Jaipur,Rajasthan,India,45,84.59,90.58,C,Y
SUP000090,SUP-000090,Lucknow Industrial Supply Co. 0090,approved,Lucknow,Uttar Pradesh,India,60,86.39,97.46,B,Y
SUP000091,SUP-000091,Nagpur Industrial Supply Co. 0091,approved,Nagpur,Maharashtra,India,30,75.8,90.92,C,Y
SUP000092,SUP-000092,Surat Industrial Supply Co. 0092,approved,Surat,Gujarat,India,30,83.6,96.53,B,Y
SUP000093,SUP-000093,Chandigarh Industrial Supply Co. 0093,approved,Chandigarh,Chandigarh,India,60,88.05,99.9,B,Y
SUP000094,SUP-000094,Kolkata Industrial Supply Co. 0094,approved,Kolkata,West Bengal,India,30,87.61,92.16,B,Y
SUP000095,SUP-000095,Pune Industrial Supply Co. 0095,contract_manufacturer,Pune,Maharashtra,India,30,88.23,97.81,B,Y
SUP000096,SUP-000096,Surat Industrial Supply Co. 0096,approved,Surat,Gujarat,India,45,97.68,99.9,A,Y
SUP000097,SUP-000097,Lucknow Industrial Supply Co. 0097,approved,Lucknow,Uttar Pradesh,India,30,74.8,99.03,C,Y
SUP000098,SUP-000098,Mangaluru Industrial Supply Co. 0098,contract_manufacturer,Mangaluru,Karnataka,India,45,90.24,99.76,B,Y
SUP000099,SUP-000099,Hyderabad Industrial Supply Co. 0099,strategic,Hyderabad,Telangana,India,60,84.8,99.9,B,Y
SUP000100,SUP-000100,Mangaluru Industrial Supply Co. 0100,approved,Mangaluru,Karnataka,India,60,89.72,94.2,B,Y
SUP000101,SUP-000101,Indore Industrial Supply Co. 0101,approved,Indore,Madhya Pradesh,India,45,93.17,97.53,A,Y
SUP000102,SUP-000102,Kolkata Industrial Supply Co. 0102,approved,Kolkata,West Bengal,India,60,89.89,99.9,B,Y
SUP000103,SUP-000103,Chandigarh Industrial Supply Co. 0103,approved,Chandigarh,Chandigarh,India,45,72.12,96.29,C,Y
SUP000104,SUP-000104,Bhubaneswar Industrial Supply Co. 0104,approved,Bhubaneswar,Odisha,India,30,81.28,99.9,B,Y
SUP000105,SUP-000105,Mangaluru Industrial Supply Co. 0105,strategic,Mangaluru,Karnataka,India,30,92.26,99.59,A,Y
SUP000106,SUP-000106,Mumbai Industrial Supply Co. 0106,strategic,Mumbai,Maharashtra,India,30,83.3,99.9,B,Y
SUP000107,SUP-000107,Vijayawada Industrial Supply Co. 0107,strategic,Vijayawada,Andhra Pradesh,India,15,83.5,94.43,B,Y
SUP000108,SUP-000108,Nashik Industrial Supply Co. 0108,approved,Nashik,Maharashtra,India,15,90.52,99.58,B,Y
SUP000109,SUP-000109,Noida Industrial Supply Co. 0109,approved,Noida,Uttar Pradesh,India,30,65.02,89.95,C,Y
SUP000110,SUP-000110,Delhi Industrial Supply Co. 0110,approved,Delhi,Delhi,India,60,93.73,92.39,B,Y
SUP000111,SUP-000111,Nashik Industrial Supply Co. 0111,strategic,Nashik,Maharashtra,India,60,79.13,97.31,C,Y
SUP000112,SUP-000112,Jaipur Industrial Supply Co. 0112,approved,Jaipur,Rajasthan,India,60,91.03,91.87,B,Y
SUP000113,SUP-000113,Kolkata Industrial Supply Co. 0113,spot,Kolkata,West Bengal,India,15,81.51,90.31,C,Y
SUP000114,SUP-000114,Indore Industrial Supply Co. 0114,spot,Indore,Madhya Pradesh,India,30,98.1,96.48,B,Y
SUP000115,SUP-000115,Nagpur Industrial Supply Co. 0115,contract_manufacturer,Nagpur,Maharashtra,India,60,83.4,96.78,B,Y
SUP000116,SUP-000116,Ahmedabad Industrial Supply Co. 0116,approved,Ahmedabad,Gujarat,India,45,91.88,94.75,B,Y
SUP000117,SUP-000117,Indore Industrial Supply Co. 0117,contract_manufacturer,Indore,Madhya Pradesh,India,45,83.46,97.54,B,Y
SUP000118,SUP-000118,Bengaluru Industrial Supply Co. 0118,spot,Bengaluru,Karnataka,India,60,82.35,94.85,B,Y
SUP000119,SUP-000119,Vijayawada Industrial Supply Co. 0119,strategic,Vijayawada,Andhra Pradesh,India,30,94.69,95.84,B,Y
SUP000120,SUP-000120,Bhubaneswar Industrial Supply Co. 0120,approved,Bhubaneswar,Odisha,India,30,73.16,99.9,C,Y
SUP000121,SUP-000121,Warangal Industrial Supply Co. 0121,approved,Warangal,Telangana,India,60,83.72,98.73,B,Y
SUP000122,SUP-000122,Chandigarh Industrial Supply Co. 0122,contract_manufacturer,Chandigarh,Chandigarh,India,30,89.53,90.29,C,Y
SUP000123,SUP-000123,Indore Industrial Supply Co. 0123,approved,Indore,Madhya Pradesh,India,30,91.65,99.9,B,Y
SUP000124,SUP-000124,Bengaluru Industrial Supply Co. 0124,approved,Bengaluru,Karnataka,India,30,83.54,99.9,B,Y
SUP000125,SUP-000125,Bhopal Industrial Supply Co. 0125,approved,Bhopal,Madhya Pradesh,India,30,93.61,93.05,B,Y
SUP000126,SUP-000126,Kolkata Industrial Supply Co. 0126,contract_manufacturer,Kolkata,West Bengal,India,45,83.69,94.14,B,Y
SUP000127,SUP-000127,Vadodara Industrial Supply Co. 0127,approved,Vadodara,Gujarat,India,30,72.12,92.61,C,Y
SUP000128,SUP-000128,Delhi Industrial Supply Co. 0128,approved,Delhi,Delhi,India,45,93.99,97.34,A,Y
SUP000129,SUP-000129,Chandigarh Industrial Supply Co. 0129,approved,Chandigarh,Chandigarh,India,30,83.47,97.67,B,Y
SUP000130,SUP-000130,Agra Industrial Supply Co. 0130,approved,Agra,Uttar Pradesh,India,30,99.8,95.33,B,Y
SUP000131,SUP-000131,Ahmedabad Industrial Supply Co. 0131,approved,Ahmedabad,Gujarat,India,30,96.59,95.76,B,Y
SUP000132,SUP-000132,Bhopal Industrial Supply Co. 0132,strategic,Bhopal,Madhya Pradesh,India,45,94.18,95.1,B,Y
SUP000133,SUP-000133,Bhubaneswar Industrial Supply Co. 0133,approved,Bhubaneswar,Odisha,India,60,84.33,99.9,B,Y
SUP000134,SUP-000134,Hyderabad Industrial Supply Co. 0134,strategic,Hyderabad,Telangana,India,45,82.71,95.64,B,Y
SUP000135,SUP-000135,Surat Industrial Supply Co. 0135,spot,Surat,Gujarat,India,45,79.18,94.82,C,Y
SUP000136,SUP-000136,Ranchi Industrial Supply Co. 0136,strategic,Ranchi,Jharkhand,India,30,69.19,93.48,C,Y
SUP000137,SUP-000137,Delhi Industrial Supply Co. 0137,approved,Delhi,Delhi,India,30,81.35,97.46,B,Y
SUP000138,SUP-000138,Surat Industrial Supply Co. 0138,strategic,Surat,Gujarat,India,15,85.68,94.63,B,Y
SUP000139,SUP-000139,Agra Industrial Supply Co. 0139,approved,Agra,Uttar Pradesh,India,45,95.94,97.18,A,Y
SUP000140,SUP-000140,Noida Industrial Supply Co. 0140,approved,Noida,Uttar Pradesh,India,60,75.25,96.5,C,Y
SUP000141,SUP-000141,Hyderabad Industrial Supply Co. 0141,spot,Hyderabad,Telangana,India,60,84.53,89.14,C,Y
SUP000142,SUP-000142,Mangaluru Industrial Supply Co. 0142,approved,Mangaluru,Karnataka,India,30,87.6,96.78,B,Y
SUP000143,SUP-000143,Delhi Industrial Supply Co. 0143,spot,Delhi,Delhi,India,60,99.62,94.43,B,Y
SUP000144,SUP-000144,Bhubaneswar Industrial Supply Co. 0144,strategic,Bhubaneswar,Odisha,India,60,96.09,99.9,A,Y
SUP000145,SUP-000145,Nagpur Industrial Supply Co. 0145,approved,Nagpur,Maharashtra,India,45,96.52,97.4,A,Y
SUP000146,SUP-000146,Noida Industrial Supply Co. 0146,approved,Noida,Uttar Pradesh,India,45,75.93,91.41,C,Y
SUP000147,SUP-000147,Vadodara Industrial Supply Co. 0147,approved,Vadodara,Gujarat,India,30,84.67,97.26,B,Y
SUP000148,SUP-000148,Hyderabad Industrial Supply Co. 0148,strategic,Hyderabad,Telangana,India,45,89.38,96.14,B,Y
SUP000149,SUP-000149,Vijayawada Industrial Supply Co. 0149,approved,Vijayawada,Andhra Pradesh,India,45,90.72,94.8,B,Y
SUP000150,SUP-000150,Chandigarh Industrial Supply Co. 0150,strategic,Chandigarh,Chandigarh,India,45,92.54,95.53,B,Y
SUP000151,SUP-000151,Nagpur Industrial Supply Co. 0151,approved,Nagpur,Maharashtra,India,45,75.52,91.91,C,Y
SUP000152,SUP-000152,Noida Industrial Supply Co. 0152,approved,Noida,Uttar Pradesh,India,60,92.37,95.09,B,Y
SUP000153,SUP-000153,Lucknow Industrial Supply Co. 0153,approved,Lucknow,Uttar Pradesh,India,45,97.0,94.11,B,Y
SUP000154,SUP-000154,Chandigarh Industrial Supply Co. 0154,approved,Chandigarh,Chandigarh,India,30,97.03,95.54,B,Y
SUP000155,SUP-000155,Delhi Industrial Supply Co. 0155,spot,Delhi,Delhi,India,60,99.8,92.92,B,Y
SUP000156,SUP-000156,Delhi Industrial Supply Co. 0156,strategic,Delhi,Delhi,India,45,83.11,97.21,B,Y
SUP000157,SUP-000157,Pune Industrial Supply Co. 0157,approved,Pune,Maharashtra,India,45,89.56,97.41,B,Y
SUP000158,SUP-000158,Vijayawada Industrial Supply Co. 0158,approved,Vijayawada,Andhra Pradesh,India,45,80.7,99.9,B,Y
SUP000159,SUP-000159,Lucknow Industrial Supply Co. 0159,approved,Lucknow,Uttar Pradesh,India,30,97.07,94.48,B,Y
SUP000160,SUP-000160,Mumbai Industrial Supply Co. 0160,spot,Mumbai,Maharashtra,India,30,70.72,99.9,C,Y
SUP000161,SUP-000161,Vijayawada Industrial Supply Co. 0161,approved,Vijayawada,Andhra Pradesh,India,30,99.37,95.71,B,Y
SUP000162,SUP-000162,Noida Industrial Supply Co. 0162,approved,Noida,Uttar Pradesh,India,15,67.11,99.9,C,Y
SUP000163,SUP-000163,Lucknow Industrial Supply Co. 0163,approved,Lucknow,Uttar Pradesh,India,45,84.3,94.99,B,Y
SUP000164,SUP-000164,Vadodara Industrial Supply Co. 0164,strategic,Vadodara,Gujarat,India,15,77.67,94.09,C,Y
SUP000165,SUP-000165,Jaipur Industrial Supply Co. 0165,approved,Jaipur,Rajasthan,India,45,80.76,97.58,B,Y
SUP000166,SUP-000166,Mysuru Industrial Supply Co. 0166,approved,Mysuru,Karnataka,India,60,79.51,92.33,C,Y
SUP000167,SUP-000167,Mumbai Industrial Supply Co. 0167,spot,Mumbai,Maharashtra,India,30,82.81,94.19,B,Y
SUP000168,SUP-000168,Kolkata Industrial Supply Co. 0168,approved,Kolkata,West Bengal,India,45,98.91,99.9,A,Y
SUP000169,SUP-000169,Bhopal Industrial Supply Co. 0169,approved,Bhopal,Madhya Pradesh,India,30,79.24,96.58,C,Y
SUP000170,SUP-000170,Mysuru Industrial Supply Co. 0170,approved,Mysuru,Karnataka,India,60,96.57,95.53,B,Y
SUP000171,SUP-000171,Jaipur Industrial Supply Co. 0171,approved,Jaipur,Rajasthan,India,30,97.38,91.04,B,Y
SUP000172,SUP-000172,Lucknow Industrial Supply Co. 0172,spot,Lucknow,Uttar Pradesh,India,30,79.42,93.58,C,Y
SUP000173,SUP-000173,Ahmedabad Industrial Supply Co. 0173,strategic,Ahmedabad,Gujarat,India,15,83.62,91.53,B,Y
SUP000174,SUP-000174,Vadodara Industrial Supply Co. 0174,approved,Vadodara,Gujarat,India,30,96.6,95.99,B,Y
SUP000175,SUP-000175,Surat Industrial Supply Co. 0175,approved,Surat,Gujarat,India,30,77.37,89.52,C,Y
SUP000176,SUP-000176,Nashik Industrial Supply Co. 0176,approved,Nashik,Maharashtra,India,15,86.37,95.63,B,Y
SUP000177,SUP-000177,Agra Industrial Supply Co. 0177,spot,Agra,Uttar Pradesh,India,15,88.64,95.88,B,Y
SUP000178,SUP-000178,Bhopal Industrial Supply Co. 0178,strategic,Bhopal,Madhya Pradesh,India,60,83.48,99.9,B,Y
SUP000179,SUP-000179,Mangaluru Industrial Supply Co. 0179,approved,Mangaluru,Karnataka,India,45,86.38,95.26,B,Y
SUP000180,SUP-000180,Bengaluru Industrial Supply Co. 0180,strategic,Bengaluru,Karnataka,India,30,67.76,97.87,C,Y
SUP000181,SUP-000181,Jaipur Industrial Supply Co. 0181,contract_manufacturer,Jaipur,Rajasthan,India,45,88.27,99.9,B,Y
SUP000182,SUP-000182,Surat Industrial Supply Co. 0182,approved,Surat,Gujarat,India,45,79.8,97.48,C,Y
SUP000183,SUP-000183,Nashik Industrial Supply Co. 0183,contract_manufacturer,Nashik,Maharashtra,India,30,89.95,96.38,B,Y
SUP000184,SUP-000184,Warangal Industrial Supply Co. 0184,approved,Warangal,Telangana,India,45,91.1,97.69,B,Y
SUP000185,SUP-000185,Jaipur Industrial Supply Co. 0185,approved,Jaipur,Rajasthan,India,45,72.87,97.65,C,Y
SUP000186,SUP-000186,Ahmedabad Industrial Supply Co. 0186,approved,Ahmedabad,Gujarat,India,45,77.78,93.44,C,Y
SUP000187,SUP-000187,Indore Industrial Supply Co. 0187,approved,Indore,Madhya Pradesh,India,60,86.37,93.07,B,Y
SUP000188,SUP-000188,Mangaluru Industrial Supply Co. 0188,approved,Mangaluru,Karnataka,India,30,93.03,95.81,B,Y
SUP000189,SUP-000189,Vijayawada Industrial Supply Co. 0189,spot,Vijayawada,Andhra Pradesh,India,30,95.87,99.17,A,Y
SUP000190,SUP-000190,Agra Industrial Supply Co. 0190,spot,Agra,Uttar Pradesh,India,45,75.07,98.48,C,Y
SUP000191,SUP-000191,Agra Industrial Supply Co. 0191,spot,Agra,Uttar Pradesh,India,30,84.97,93.04,B,Y
SUP000192,SUP-000192,Mumbai Industrial Supply Co. 0192,contract_manufacturer,Mumbai,Maharashtra,India,45,70.01,95.13,C,Y
SUP000193,SUP-000193,Bhubaneswar Industrial Supply Co. 0193,approved,Bhubaneswar,Odisha,India,45,97.8,97.58,A,Y
SUP000194,SUP-000194,Kolkata Industrial Supply Co. 0194,strategic,Kolkata,West Bengal,India,45,92.47,99.9,A,Y
SUP000195,SUP-000195,Agra Industrial Supply Co. 0195,approved,Agra,Uttar Pradesh,India,30,90.96,99.9,B,Y
SUP000196,SUP-000196,Indore Industrial Supply Co. 0196,approved,Indore,Madhya Pradesh,India,30,93.18,94.84,B,Y
SUP000197,SUP-000197,Nagpur Industrial Supply Co. 0197,approved,Nagpur,Maharashtra,India,30,85.94,93.46,B,Y
SUP000198,SUP-000198,Ranchi Industrial Supply Co. 0198,strategic,Ranchi,Jharkhand,India,15,99.8,98.96,A,Y
SUP000199,SUP-000199,Jaipur Industrial Supply Co. 0199,strategic,Jaipur,Rajasthan,India,15,82.65,99.9,B,Y
SUP000200,SUP-000200,Jaipur Industrial Supply Co. 0200,contract_manufacturer,Jaipur,Rajasthan,India,60,88.38,95.23,B,Y
SUP000201,SUP-000201,Kolkata Industrial Supply Co. 0201,spot,Kolkata,West Bengal,India,45,73.3,99.9,C,Y
SUP000202,SUP-000202,Vijayawada Industrial Supply Co. 0202,strategic,Vijayawada,Andhra Pradesh,India,30,87.52,97.59,B,Y
SUP000203,SUP-000203,Bhopal Industrial Supply Co. 0203,approved,Bhopal,Madhya Pradesh,India,30,86.88,98.4,B,Y
SUP000204,SUP-000204,Jaipur Industrial Supply Co. 0204,approved,Jaipur,Rajasthan,India,45,84.37,95.22,B,Y
SUP000205,SUP-000205,Mumbai Industrial Supply Co. 0205,approved,Mumbai,Maharashtra,India,30,96.32,95.35,B,Y
SUP000206,SUP-000206,Surat Industrial Supply Co. 0206,approved,Surat,Gujarat,India,30,84.03,92.56,B,Y
SUP000207,SUP-000207,Jaipur Industrial Supply Co. 0207,approved,Jaipur,Rajasthan,India,30,87.71,97.33,B,Y
SUP000208,SUP-000208,Hyderabad Industrial Supply Co. 0208,approved,Hyderabad,Telangana,India,30,67.14,98.07,C,Y
SUP000209,SUP-000209,Nashik Industrial Supply Co. 0209,approved,Nashik,Maharashtra,India,60,93.24,99.9,A,Y
SUP000210,SUP-000210,Delhi Industrial Supply Co. 0210,contract_manufacturer,Delhi,Delhi,India,30,79.41,97.93,C,Y
SUP000211,SUP-000211,Agra Industrial Supply Co. 0211,approved,Agra,Uttar Pradesh,India,30,83.86,93.08,B,Y
SUP000212,SUP-000212,Lucknow Industrial Supply Co. 0212,strategic,Lucknow,Uttar Pradesh,India,30,80.92,96.35,B,Y
SUP000213,SUP-000213,Ahmedabad Industrial Supply Co. 0213,approved,Ahmedabad,Gujarat,India,45,85.04,99.9,B,Y
SUP000214,SUP-000214,Hyderabad Industrial Supply Co. 0214,strategic,Hyderabad,Telangana,India,30,80.17,91.66,B,Y
SUP000215,SUP-000215,Mangaluru Industrial Supply Co. 0215,approved,Mangaluru,Karnataka,India,60,72.56,98.77,C,Y
SUP000216,SUP-000216,Surat Industrial Supply Co. 0216,approved,Surat,Gujarat,India,30,86.11,89.7,C,Y
SUP000217,SUP-000217,Nagpur Industrial Supply Co. 0217,strategic,Nagpur,Maharashtra,India,45,99.8,98.8,A,Y
SUP000218,SUP-000218,Ahmedabad Industrial Supply Co. 0218,approved,Ahmedabad,Gujarat,India,45,71.07,99.9,C,Y
SUP000219,SUP-000219,Chandigarh Industrial Supply Co. 0219,approved,Chandigarh,Chandigarh,India,45,84.47,95.36,B,Y
SUP000220,SUP-000220,Bhopal Industrial Supply Co. 0220,approved,Bhopal,Madhya Pradesh,India,30,79.84,98.23,C,Y
SUP000221,SUP-000221,Nashik Industrial Supply Co. 0221,contract_manufacturer,Nashik,Maharashtra,India,30,87.21,96.74,B,Y
SUP000222,SUP-000222,Chandigarh Industrial Supply Co. 0222,approved,Chandigarh,Chandigarh,India,45,81.74,97.6,B,Y
SUP000223,SUP-000223,Lucknow Industrial Supply Co. 0223,approved,Lucknow,Uttar Pradesh,India,30,92.11,94.26,B,Y
SUP000224,SUP-000224,Mangaluru Industrial Supply Co. 0224,approved,Mangaluru,Karnataka,India,60,99.8,99.9,A,Y
SUP000225,SUP-000225,Ranchi Industrial Supply Co. 0225,approved,Ranchi,Jharkhand,India,60,85.28,96.9,B,Y
SUP000226,SUP-000226,Delhi Industrial Supply Co. 0226,spot,Delhi,Delhi,India,15,78.86,95.78,C,Y
SUP000227,SUP-000227,Warangal Industrial Supply Co. 0227,approved,Warangal,Telangana,India,15,87.31,96.55,B,Y
SUP000228,SUP-000228,Agra Industrial Supply Co. 0228,approved,Agra,Uttar Pradesh,India,60,76.68,92.91,C,Y
SUP000229,SUP-000229,Bhubaneswar Industrial Supply Co. 0229,contract_manufacturer,Bhubaneswar,Odisha,India,30,90.03,97.49,B,Y
SUP000230,SUP-000230,Nagpur Industrial Supply Co. 0230,approved,Nagpur,Maharashtra,India,45,92.59,90.86,C,Y
SUP000231,SUP-000231,Kolkata Industrial Supply Co. 0231,approved,Kolkata,West Bengal,India,45,85.09,90.35,C,Y
SUP000232,SUP-000232,Bengaluru Industrial Supply Co. 0232,strategic,Bengaluru,Karnataka,India,45,93.37,99.46,A,Y
SUP000233,SUP-000233,Mysuru Industrial Supply Co. 0233,approved,Mysuru,Karnataka,India,30,94.57,96.42,B,Y
SUP000234,SUP-000234,Mysuru Industrial Supply Co. 0234,approved,Mysuru,Karnataka,India,45,93.56,89.23,C,Y
SUP000235,SUP-000235,Vadodara Industrial Supply Co. 0235,spot,Vadodara,Gujarat,India,45,78.99,94.45,C,Y
SUP000236,SUP-000236,Lucknow Industrial Supply Co. 0236,strategic,Lucknow,Uttar Pradesh,India,30,99.8,99.12,A,Y
SUP000237,SUP-000237,Vijayawada Industrial Supply Co. 0237,approved,Vijayawada,Andhra Pradesh,India,45,85.04,91.74,B,Y
SUP000238,SUP-000238,Noida Industrial Supply Co. 0238,approved,Noida,Uttar Pradesh,India,30,89.85,99.9,B,Y
SUP000239,SUP-000239,Bhubaneswar Industrial Supply Co. 0239,contract_manufacturer,Bhubaneswar,Odisha,India,45,94.45,95.96,B,Y
SUP000240,SUP-000240,Pune Industrial Supply Co. 0240,approved,Pune,Maharashtra,India,30,65.96,97.26,C,Y
SUP000241,SUP-000241,Nashik Industrial Supply Co. 0241,strategic,Nashik,Maharashtra,India,30,72.84,94.7,C,Y
SUP000242,SUP-000242,Chandigarh Industrial Supply Co. 0242,strategic,Chandigarh,Chandigarh,India,30,91.26,95.83,B,Y
SUP000243,SUP-000243,Agra Industrial Supply Co. 0243,spot,Agra,Uttar Pradesh,India,45,86.56,94.73,B,Y
SUP000244,SUP-000244,Mysuru Industrial Supply Co. 0244,contract_manufacturer,Mysuru,Karnataka,India,30,95.38,96.3,B,Y
SUP000245,SUP-000245,Warangal Industrial Supply Co. 0245,approved,Warangal,Telangana,India,45,93.38,94.66,B,Y
SUP000246,SUP-000246,Hyderabad Industrial Supply Co. 0246,approved,Hyderabad,Telangana,India,30,73.75,95.77,C,Y
SUP000247,SUP-000247,Chandigarh Industrial Supply Co. 0247,approved,Chandigarh,Chandigarh,India,30,99.8,94.48,B,Y
SUP000248,SUP-000248,Lucknow Industrial Supply Co. 0248,approved,Lucknow,Uttar Pradesh,India,45,76.23,93.79,C,Y
SUP000249,SUP-000249,Mysuru Industrial Supply Co. 0249,contract_manufacturer,Mysuru,Karnataka,India,45,82.8,94.4,B,Y
SUP000250,SUP-000250,Ranchi Industrial Supply Co. 0250,spot,Ranchi,Jharkhand,India,60,85.4,95.21,B,Y
SUP000251,SUP-000251,Ranchi Industrial Supply Co. 0251,contract_manufacturer,Ranchi,Jharkhand,India,45,88.9,96.28,B,Y
SUP000252,SUP-000252,Ahmedabad Industrial Supply Co. 0252,strategic,Ahmedabad,Gujarat,India,45,81.14,99.9,B,Y
SUP000253,SUP-000253,Pune Industrial Supply Co. 0253,contract_manufacturer,Pune,Maharashtra,India,60,99.8,98.49,A,Y
SUP000254,SUP-000254,Pune Industrial Supply Co. 0254,strategic,Pune,Maharashtra,India,30,90.21,95.72,B,Y
SUP000255,SUP-000255,Hyderabad Industrial Supply Co. 0255,approved,Hyderabad,Telangana,India,15,81.94,97.61,B,Y
SUP000256,SUP-000256,Agra Industrial Supply Co. 0256,spot,Agra,Uttar Pradesh,India,15,87.77,91.39,B,Y
SUP000257,SUP-000257,Vijayawada Industrial Supply Co. 0257,strategic,Vijayawada,Andhra Pradesh,India,45,77.66,99.9,C,Y
SUP000258,SUP-000258,Ranchi Industrial Supply Co. 0258,approved,Ranchi,Jharkhand,India,30,92.7,94.55,B,Y
SUP000259,SUP-000259,Bhubaneswar Industrial Supply Co. 0259,approved,Bhubaneswar,Odisha,India,30,74.75,99.9,C,Y
SUP000260,SUP-000260,Bengaluru Industrial Supply Co. 0260,approved,Bengaluru,Karnataka,India,60,84.84,94.79,B,Y
SUP000261,SUP-000261,Jaipur Industrial Supply Co. 0261,approved,Jaipur,Rajasthan,India,60,92.57,96.32,B,Y
SUP000262,SUP-000262,Mumbai Industrial Supply Co. 0262,approved,Mumbai,Maharashtra,India,45,98.92,91.87,B,Y
SUP000263,SUP-000263,Noida Industrial Supply Co. 0263,approved,Noida,Uttar Pradesh,India,45,77.88,99.04,C,Y
SUP000264,SUP-000264,Bhubaneswar Industrial Supply Co. 0264,spot,Bhubaneswar,Odisha,India,45,81.69,97.61,B,Y
SUP000265,SUP-000265,Agra Industrial Supply Co. 0265,strategic,Agra,Uttar Pradesh,India,30,85.5,99.9,B,Y
SUP000266,SUP-000266,Nashik Industrial Supply Co. 0266,approved,Nashik,Maharashtra,India,30,86.56,97.9,B,Y
SUP000267,SUP-000267,Pune Industrial Supply Co. 0267,approved,Pune,Maharashtra,India,60,72.67,95.29,C,Y
SUP000268,SUP-000268,Nagpur Industrial Supply Co. 0268,approved,Nagpur,Maharashtra,India,30,92.71,92.8,B,Y
SUP000269,SUP-000269,Indore Industrial Supply Co. 0269,contract_manufacturer,Indore,Madhya Pradesh,India,30,91.43,96.25,B,Y
SUP000270,SUP-000270,Nagpur Industrial Supply Co. 0270,strategic,Nagpur,Maharashtra,India,30,68.3,89.66,C,Y
SUP000271,SUP-000271,Ranchi Industrial Supply Co. 0271,approved,Ranchi,Jharkhand,India,30,99.03,96.76,B,Y
SUP000272,SUP-000272,Pune Industrial Supply Co. 0272,strategic,Pune,Maharashtra,India,30,90.57,91.63,B,Y
SUP000273,SUP-000273,Nagpur Industrial Supply Co. 0273,approved,Nagpur,Maharashtra,India,30,85.34,93.89,B,Y
SUP000274,SUP-000274,Chandigarh Industrial Supply Co. 0274,approved,Chandigarh,Chandigarh,India,30,74.76,93.54,C,Y
SUP000275,SUP-000275,Ranchi Industrial Supply Co. 0275,approved,Ranchi,Jharkhand,India,60,89.9,98.53,B,Y
SUP000276,SUP-000276,Agra Industrial Supply Co. 0276,strategic,Agra,Uttar Pradesh,India,30,84.38,95.41,B,Y
SUP000277,SUP-000277,Indore Industrial Supply Co. 0277,approved,Indore,Madhya Pradesh,India,45,87.01,98.66,B,Y
SUP000278,SUP-000278,Hyderabad Industrial Supply Co. 0278,strategic,Hyderabad,Telangana,India,45,81.68,96.76,B,Y
SUP000279,SUP-000279,Chandigarh Industrial Supply Co. 0279,contract_manufacturer,Chandigarh,Chandigarh,India,45,83.13,97.79,B,Y
SUP000280,SUP-000280,Ranchi Industrial Supply Co. 0280,approved,Ranchi,Jharkhand,India,45,73.25,98.52,C,Y
SUP000281,SUP-000281,Chandigarh Industrial Supply Co. 0281,approved,Chandigarh,Chandigarh,India,15,99.8,96.15,B,Y
SUP000282,SUP-000282,Mumbai Industrial Supply Co. 0282,approved,Mumbai,Maharashtra,India,30,90.03,96.64,B,Y
SUP000283,SUP-000283,Pune Industrial Supply Co. 0283,approved,Pune,Maharashtra,India,15,92.05,94.13,B,Y
SUP000284,SUP-000284,Warangal Industrial Supply Co. 0284,contract_manufacturer,Warangal,Telangana,India,30,89.91,94.96,B,Y
SUP000285,SUP-000285,Jaipur Industrial Supply Co. 0285,approved,Jaipur,Rajasthan,India,45,83.77,95.9,B,Y
SUP000286,SUP-000286,Mysuru Industrial Supply Co. 0286,approved,Mysuru,Karnataka,India,30,81.71,90.64,C,Y
SUP000287,SUP-000287,Hyderabad Industrial Supply Co. 0287,approved,Hyderabad,Telangana,India,30,93.75,94.35,B,Y
SUP000288,SUP-000288,Agra Industrial Supply Co. 0288,approved,Agra,Uttar Pradesh,India,45,68.99,92.18,C,Y
SUP000289,SUP-000289,Agra Industrial Supply Co. 0289,strategic,Agra,Uttar Pradesh,India,30,82.59,99.9,B,Y
SUP000290,SUP-000290,Nashik Industrial Supply Co. 0290,approved,Nashik,Maharashtra,India,45,98.01,96.12,B,Y
SUP000291,SUP-000291,Jaipur Industrial Supply Co. 0291,strategic,Jaipur,Rajasthan,India,45,99.8,94.96,B,Y
SUP000292,SUP-000292,Lucknow Industrial Supply Co. 0292,contract_manufacturer,Lucknow,Uttar Pradesh,India,30,94.24,98.1,A,Y
SUP000293,SUP-000293,Bhopal Industrial Supply Co. 0293,approved,Bhopal,Madhya Pradesh,India,45,99.8,91.7,B,Y
SUP000294,SUP-000294,Nashik Industrial Supply Co. 0294,strategic,Nashik,Maharashtra,India,60,81.63,93.73,B,Y
SUP000295,SUP-000295,Nagpur Industrial Supply Co. 0295,spot,Nagpur,Maharashtra,India,45,82.73,96.96,B,Y
SUP000296,SUP-000296,Kolkata Industrial Supply Co. 0296,approved,Kolkata,West Bengal,India,45,91.85,97.25,B,Y
SUP000297,SUP-000297,Ahmedabad Industrial Supply Co. 0297,strategic,Ahmedabad,Gujarat,India,30,90.77,90.14,C,Y
SUP000298,SUP-000298,Vijayawada Industrial Supply Co. 0298,approved,Vijayawada,Andhra Pradesh,India,15,99.8,93.85,B,Y
SUP000299,SUP-000299,Surat Industrial Supply Co. 0299,approved,Surat,Gujarat,India,30,83.6,90.4,C,Y
SUP000300,SUP-000300,Lucknow Industrial Supply Co. 0300,approved,Lucknow,Uttar Pradesh,India,45,93.62,94.3,B,Y
SUP000301,SUP-000301,Noida Industrial Supply Co. 0301,spot,Noida,Uttar Pradesh,India,30,77.21,94.42,C,Y
SUP000302,SUP-000302,Vadodara Industrial Supply Co. 0302,approved,Vadodara,Gujarat,India,30,85.78,94.28,B,Y
SUP000303,SUP-000303,Jaipur Industrial Supply Co. 0303,approved,Jaipur,Rajasthan,India,60,99.8,99.9,A,Y
SUP000304,SUP-000304,Mangaluru Industrial Supply Co. 0304,contract_manufacturer,Mangaluru,Karnataka,India,45,70.91,91.37,C,Y
SUP000305,SUP-000305,Vadodara Industrial Supply Co. 0305,spot,Vadodara,Gujarat,India,60,95.71,91.98,B,Y
SUP000306,SUP-000306,Chandigarh Industrial Supply Co. 0306,approved,Chandigarh,Chandigarh,India,30,92.61,97.52,A,Y
SUP000307,SUP-000307,Mumbai Industrial Supply Co. 0307,approved,Mumbai,Maharashtra,India,30,79.36,94.27,C,Y
SUP000308,SUP-000308,Kolkata Industrial Supply Co. 0308,approved,Kolkata,West Bengal,India,60,99.8,93.09,B,Y
SUP000309,SUP-000309,Warangal Industrial Supply Co. 0309,strategic,Warangal,Telangana,India,30,78.18,96.58,C,Y
SUP000310,SUP-000310,Kolkata Industrial Supply Co. 0310,approved,Kolkata,West Bengal,India,60,99.8,97.6,A,Y
SUP000311,SUP-000311,Indore Industrial Supply Co. 0311,approved,Indore,Madhya Pradesh,India,60,99.32,95.73,B,Y
SUP000312,SUP-000312,Vadodara Industrial Supply Co. 0312,approved,Vadodara,Gujarat,India,30,99.8,96.54,B,Y
SUP000313,SUP-000313,Ranchi Industrial Supply Co. 0313,spot,Ranchi,Jharkhand,India,60,86.6,95.54,B,Y
SUP000314,SUP-000314,Kolkata Industrial Supply Co. 0314,approved,Kolkata,West Bengal,India,45,86.76,93.71,B,Y
SUP000315,SUP-000315,Jaipur Industrial Supply Co. 0315,approved,Jaipur,Rajasthan,India,30,81.63,98.75,B,Y
SUP000316,SUP-000316,Lucknow Industrial Supply Co. 0316,approved,Lucknow,Uttar Pradesh,India,30,92.46,97.46,A,Y
SUP000317,SUP-000317,Nashik Industrial Supply Co. 0317,strategic,Nashik,Maharashtra,India,30,72.43,97.24,C,Y
SUP000318,SUP-000318,Nagpur Industrial Supply Co. 0318,approved,Nagpur,Maharashtra,India,15,84.68,99.7,B,Y
SUP000319,SUP-000319,Bhopal Industrial Supply Co. 0319,approved,Bhopal,Madhya Pradesh,India,45,93.79,95.04,B,Y
SUP000320,SUP-000320,Delhi Industrial Supply Co. 0320,approved,Delhi,Delhi,India,30,92.1,95.21,B,Y
SUP000321,SUP-000321,Warangal Industrial Supply Co. 0321,approved,Warangal,Telangana,India,30,93.62,96.5,B,Y
SUP000322,SUP-000322,Mumbai Industrial Supply Co. 0322,approved,Mumbai,Maharashtra,India,30,87.84,91.69,B,Y
SUP000323,SUP-000323,Jaipur Industrial Supply Co. 0323,approved,Jaipur,Rajasthan,India,60,77.14,99.03,C,Y
SUP000324,SUP-000324,Bhubaneswar Industrial Supply Co. 0324,approved,Bhubaneswar,Odisha,India,60,88.63,99.9,B,Y
SUP000325,SUP-000325,Hyderabad Industrial Supply Co. 0325,strategic,Hyderabad,Telangana,India,30,76.51,95.4,C,Y
SUP000326,SUP-000326,Indore Industrial Supply Co. 0326,approved,Indore,Madhya Pradesh,India,30,86.4,96.57,B,Y
SUP000327,SUP-000327,Kolkata Industrial Supply Co. 0327,strategic,Kolkata,West Bengal,India,30,82.58,96.38,B,Y
SUP000328,SUP-000328,Vadodara Industrial Supply Co. 0328,approved,Vadodara,Gujarat,India,30,84.29,99.9,B,Y
SUP000329,SUP-000329,Jaipur Industrial Supply Co. 0329,approved,Jaipur,Rajasthan,India,45,73.38,92.91,C,Y
SUP000330,SUP-000330,Ahmedabad Industrial Supply Co. 0330,approved,Ahmedabad,Gujarat,India,15,98.4,99.9,A,Y
SUP000331,SUP-000331,Mangaluru Industrial Supply Co. 0331,approved,Mangaluru,Karnataka,India,45,91.01,99.9,B,Y
SUP000332,SUP-000332,Ahmedabad Industrial Supply Co. 0332,spot,Ahmedabad,Gujarat,India,15,83.89,99.9,B,Y
SUP000333,SUP-000333,Bhopal Industrial Supply Co. 0333,approved,Bhopal,Madhya Pradesh,India,30,86.83,99.09,B,Y
SUP000334,SUP-000334,Vijayawada Industrial Supply Co. 0334,contract_manufacturer,Vijayawada,Andhra Pradesh,India,15,91.69,94.17,B,Y
SUP000335,SUP-000335,Mumbai Industrial Supply Co. 0335,strategic,Mumbai,Maharashtra,India,30,84.61,94.86,B,Y
SUP000336,SUP-000336,Surat Industrial Supply Co. 0336,strategic,Surat,Gujarat,India,45,86.1,95.98,B,Y
SUP000337,SUP-000337,Warangal Industrial Supply Co. 0337,approved,Warangal,Telangana,India,60,98.65,95.23,B,Y
SUP000338,SUP-000338,Nagpur Industrial Supply Co. 0338,strategic,Nagpur,Maharashtra,India,45,89.43,89.52,C,Y
SUP000339,SUP-000339,Hyderabad Industrial Supply Co. 0339,contract_manufacturer,Hyderabad,Telangana,India,30,73.85,89.44,C,Y
SUP000340,SUP-000340,Warangal Industrial Supply Co. 0340,contract_manufacturer,Warangal,Telangana,India,45,87.34,98.9,B,Y
SUP000341,SUP-000341,Kolkata Industrial Supply Co. 0341,approved,Kolkata,West Bengal,India,45,99.8,91.09,B,Y
SUP000342,SUP-000342,Nashik Industrial Supply Co. 0342,contract_manufacturer,Nashik,Maharashtra,India,30,81.04,93.95,B,Y
SUP000343,SUP-000343,Nagpur Industrial Supply Co. 0343,approved,Nagpur,Maharashtra,India,60,76.17,99.9,C,Y
SUP000344,SUP-000344,Bengaluru Industrial Supply Co. 0344,strategic,Bengaluru,Karnataka,India,45,84.39,99.9,B,Y
SUP000345,SUP-000345,Warangal Industrial Supply Co. 0345,spot,Warangal,Telangana,India,30,99.8,97.96,A,Y
SUP000346,SUP-000346,Hyderabad Industrial Supply Co. 0346,approved,Hyderabad,Telangana,India,60,78.23,90.07,C,Y
SUP000347,SUP-000347,Ranchi Industrial Supply Co. 0347,approved,Ranchi,Jharkhand,India,45,95.85,95.31,B,Y
SUP000348,SUP-000348,Indore Industrial Supply Co. 0348,approved,Indore,Madhya Pradesh,India,45,88.44,99.06,B,Y
SUP000349,SUP-000349,Indore Industrial Supply Co. 0349,approved,Indore,Madhya Pradesh,India,15,83.85,95.48,B,Y
SUP000350,SUP-000350,Bhubaneswar Industrial Supply Co. 0350,spot,Bhubaneswar,Odisha,India,30,85.24,95.41,B,Y
SUP000351,SUP-000351,Indore Industrial Supply Co. 0351,approved,Indore,Madhya Pradesh,India,30,80.85,99.86,B,Y
SUP000352,SUP-000352,Nashik Industrial Supply Co. 0352,spot,Nashik,Maharashtra,India,30,96.43,94.34,B,Y
SUP000353,SUP-000353,Ranchi Industrial Supply Co. 0353,approved,Ranchi,Jharkhand,India,30,65.03,99.51,C,Y
SUP000354,SUP-000354,Agra Industrial Supply Co. 0354,contract_manufacturer,Agra,Uttar Pradesh,India,15,89.73,98.76,B,Y
SUP000355,SUP-000355,Kolkata Industrial Supply Co. 0355,approved,Kolkata,West Bengal,India,60,99.8,99.9,A,Y
SUP000356,SUP-000356,Hyderabad Industrial Supply Co. 0356,strategic,Hyderabad,Telangana,India,45,78.48,96.74,C,Y
SUP000357,SUP-000357,Nashik Industrial Supply Co. 0357,strategic,Nashik,Maharashtra,India,45,85.32,96.78,B,Y
SUP000358,SUP-000358,Noida Industrial Supply Co. 0358,strategic,Noida,Uttar Pradesh,India,45,99.8,94.13,B,Y
SUP000359,SUP-000359,Vadodara Industrial Supply Co. 0359,approved,Vadodara,Gujarat,India,45,86.45,94.76,B,Y
SUP000360,SUP-000360,Kolkata Industrial Supply Co. 0360,contract_manufacturer,Kolkata,West Bengal,India,60,97.42,95.95,B,Y
SUP000361,SUP-000361,Delhi Industrial Supply Co. 0361,approved,Delhi,Delhi,India,30,90.33,96.15,B,Y
SUP000362,SUP-000362,Kolkata Industrial Supply Co. 0362,approved,Kolkata,West Bengal,India,15,97.37,94.98,B,Y
SUP000363,SUP-000363,Kolkata Industrial Supply Co. 0363,approved,Kolkata,West Bengal,India,45,90.76,96.89,B,Y
SUP000364,SUP-000364,Vijayawada Industrial Supply Co. 0364,spot,Vijayawada,Andhra Pradesh,India,45,99.8,92.17,B,Y
SUP000365,SUP-000365,Jaipur Industrial Supply Co. 0365,spot,Jaipur,Rajasthan,India,15,85.8,99.41,B,Y
SUP000366,SUP-000366,Delhi Industrial Supply Co. 0366,approved,Delhi,Delhi,India,60,86.71,92.23,B,Y
SUP000367,SUP-000367,Lucknow Industrial Supply Co. 0367,contract_manufacturer,Lucknow,Uttar Pradesh,India,45,88.37,92.94,B,Y
SUP000368,SUP-000368,Lucknow Industrial Supply Co. 0368,approved,Lucknow,Uttar Pradesh,India,30,87.53,95.25,B,Y
SUP000369,SUP-000369,Nagpur Industrial Supply Co. 0369,approved,Nagpur,Maharashtra,India,60,90.99,94.36,B,Y
SUP000370,SUP-000370,Lucknow Industrial Supply Co. 0370,spot,Lucknow,Uttar Pradesh,India,30,87.81,97.11,B,Y
SUP000371,SUP-000371,Warangal Industrial Supply Co. 0371,strategic,Warangal,Telangana,India,45,90.8,98.13,B,Y
SUP000372,SUP-000372,Bengaluru Industrial Supply Co. 0372,approved,Bengaluru,Karnataka,India,45,72.85,99.9,C,Y
SUP000373,SUP-000373,Vadodara Industrial Supply Co. 0373,approved,Vadodara,Gujarat,India,30,89.58,96.03,B,Y
SUP000374,SUP-000374,Nashik Industrial Supply Co. 0374,approved,Nashik,Maharashtra,India,45,80.88,89.96,C,Y
SUP000375,SUP-000375,Noida Industrial Supply Co. 0375,spot,Noida,Uttar Pradesh,India,45,94.65,98.35,A,Y
SUP000376,SUP-000376,Vijayawada Industrial Supply Co. 0376,strategic,Vijayawada,Andhra Pradesh,India,45,99.8,94.28,B,Y
SUP000377,SUP-000377,Nagpur Industrial Supply Co. 0377,spot,Nagpur,Maharashtra,India,30,85.79,96.4,B,Y
SUP000378,SUP-000378,Jaipur Industrial Supply Co. 0378,strategic,Jaipur,Rajasthan,India,30,91.91,95.5,B,Y
SUP000379,SUP-000379,Jaipur Industrial Supply Co. 0379,strategic,Jaipur,Rajasthan,India,15,70.19,99.9,C,Y
SUP000380,SUP-000380,Mumbai Industrial Supply Co. 0380,approved,Mumbai,Maharashtra,India,30,87.37,97.87,B,Y
SUP000381,SUP-000381,Lucknow Industrial Supply Co. 0381,approved,Lucknow,Uttar Pradesh,India,30,79.88,99.0,C,Y
SUP000382,SUP-000382,Vadodara Industrial Supply Co. 0382,contract_manufacturer,Vadodara,Gujarat,India,30,81.88,96.3,B,Y
SUP000383,SUP-000383,Ahmedabad Industrial Supply Co. 0383,approved,Ahmedabad,Gujarat,India,15,97.11,96.5,B,Y
SUP000384,SUP-000384,Lucknow Industrial Supply Co. 0384,contract_manufacturer,Lucknow,Uttar Pradesh,India,45,99.8,96.67,B,Y
SUP000385,SUP-000385,Mangaluru Industrial Supply Co. 0385,approved,Mangaluru,Karnataka,India,45,83.85,93.41,B,Y
SUP000386,SUP-000386,Kolkata Industrial Supply Co. 0386,spot,Kolkata,West Bengal,India,45,61.33,95.46,C,Y
SUP000387,SUP-000387,Kolkata Industrial Supply Co. 0387,approved,Kolkata,West Bengal,India,30,99.8,99.9,A,Y
SUP000388,SUP-000388,Mumbai Industrial Supply Co. 0388,strategic,Mumbai,Maharashtra,India,45,99.8,97.99,A,Y
SUP000389,SUP-000389,Ranchi Industrial Supply Co. 0389,approved,Ranchi,Jharkhand,India,45,70.18,99.9,C,Y
SUP000390,SUP-000390,Indore Industrial Supply Co. 0390,approved,Indore,Madhya Pradesh,India,30,92.11,96.97,B,Y
SUP000391,SUP-000391,Mysuru Industrial Supply Co. 0391,approved,Mysuru,Karnataka,India,45,87.31,96.62,B,Y
SUP000392,SUP-000392,Indore Industrial Supply Co. 0392,contract_manufacturer,Indore,Madhya Pradesh,India,60,83.37,92.65,B,Y
SUP000393,SUP-000393,Vijayawada Industrial Supply Co. 0393,spot,Vijayawada,Andhra Pradesh,India,45,89.7,91.68,B,Y
SUP000394,SUP-000394,Vadodara Industrial Supply Co. 0394,approved,Vadodara,Gujarat,India,15,82.02,99.9,B,Y
SUP000395,SUP-000395,Jaipur Industrial Supply Co. 0395,approved,Jaipur,Rajasthan,India,60,92.32,97.45,A,Y
SUP000396,SUP-000396,Nashik Industrial Supply Co. 0396,spot,Nashik,Maharashtra,India,60,78.81,92.26,C,Y
SUP000397,SUP-000397,Delhi Industrial Supply Co. 0397,approved,Delhi,Delhi,India,30,80.19,96.36,B,Y
SUP000398,SUP-000398,Mangaluru Industrial Supply Co. 0398,approved,Mangaluru,Karnataka,India,45,94.04,93.14,B,Y
SUP000399,SUP-000399,Hyderabad Industrial Supply Co. 0399,approved,Hyderabad,Telangana,India,45,94.75,98.55,A,Y
SUP000400,SUP-000400,Mumbai Industrial Supply Co. 0400,contract_manufacturer,Mumbai,Maharashtra,India,30,75.82,97.69,C,Y
SUP000401,SUP-000401,Indore Industrial Supply Co. 0401,approved,Indore,Madhya Pradesh,India,30,86.75,94.88,B,Y
SUP000402,SUP-000402,Lucknow Industrial Supply Co. 0402,strategic,Lucknow,Uttar Pradesh,India,45,94.5,92.81,B,Y
SUP000403,SUP-000403,Bengaluru Industrial Supply Co. 0403,approved,Bengaluru,Karnataka,India,30,77.2,98.66,C,Y
SUP000404,SUP-000404,Bhubaneswar Industrial Supply Co. 0404,strategic,Bhubaneswar,Odisha,India,30,92.17,95.32,B,Y
SUP000405,SUP-000405,Warangal Industrial Supply Co. 0405,approved,Warangal,Telangana,India,30,91.32,98.85,B,Y
SUP000406,SUP-000406,Bhubaneswar Industrial Supply Co. 0406,contract_manufacturer,Bhubaneswar,Odisha,India,30,80.49,94.58,B,Y
SUP000407,SUP-000407,Vadodara Industrial Supply Co. 0407,strategic,Vadodara,Gujarat,India,60,81.94,97.26,B,Y
SUP000408,SUP-000408,Delhi Industrial Supply Co. 0408,contract_manufacturer,Delhi,Delhi,India,45,71.03,91.63,C,Y
SUP000409,SUP-000409,Chandigarh Industrial Supply Co. 0409,approved,Chandigarh,Chandigarh,India,30,87.48,90.61,C,Y
SUP000410,SUP-000410,Pune Industrial Supply Co. 0410,spot,Pune,Maharashtra,India,45,91.15,98.8,B,Y
SUP000411,SUP-000411,Pune Industrial Supply Co. 0411,approved,Pune,Maharashtra,India,45,86.26,94.31,B,Y
SUP000412,SUP-000412,Mysuru Industrial Supply Co. 0412,contract_manufacturer,Mysuru,Karnataka,India,30,90.32,93.66,B,Y
SUP000413,SUP-000413,Nashik Industrial Supply Co. 0413,approved,Nashik,Maharashtra,India,30,84.12,94.88,B,Y
SUP000414,SUP-000414,Pune Industrial Supply Co. 0414,approved,Pune,Maharashtra,India,60,74.55,97.55,C,Y
SUP000415,SUP-000415,Agra Industrial Supply Co. 0415,contract_manufacturer,Agra,Uttar Pradesh,India,30,86.76,94.13,B,Y
SUP000416,SUP-000416,Surat Industrial Supply Co. 0416,approved,Surat,Gujarat,India,15,87.46,94.62,B,Y
SUP000417,SUP-000417,Mangaluru Industrial Supply Co. 0417,approved,Mangaluru,Karnataka,India,45,90.57,95.16,B,Y
SUP000418,SUP-000418,Bengaluru Industrial Supply Co. 0418,strategic,Bengaluru,Karnataka,India,30,76.73,90.01,C,Y
SUP000419,SUP-000419,Warangal Industrial Supply Co. 0419,spot,Warangal,Telangana,India,30,92.02,99.9,A,Y
SUP000420,SUP-000420,Surat Industrial Supply Co. 0420,approved,Surat,Gujarat,India,60,79.73,95.01,C,Y
SUP000421,SUP-000421,Delhi Industrial Supply Co. 0421,approved,Delhi,Delhi,India,15,96.95,96.18,B,Y
SUP000422,SUP-000422,Pune Industrial Supply Co. 0422,strategic,Pune,Maharashtra,India,45,83.65,96.99,B,Y
SUP000423,SUP-000423,Mysuru Industrial Supply Co. 0423,approved,Mysuru,Karnataka,India,60,92.85,93.22,B,Y
SUP000424,SUP-000424,Vadodara Industrial Supply Co. 0424,contract_manufacturer,Vadodara,Gujarat,India,45,77.92,98.87,C,Y
SUP000425,SUP-000425,Bhubaneswar Industrial Supply Co. 0425,approved,Bhubaneswar,Odisha,India,45,99.8,98.35,A,Y
SUP000426,SUP-000426,Delhi Industrial Supply Co. 0426,approved,Delhi,Delhi,India,60,98.35,99.9,A,Y
SUP000427,SUP-000427,Bhubaneswar Industrial Supply Co. 0427,approved,Bhubaneswar,Odisha,India,45,73.74,91.39,C,Y
SUP000428,SUP-000428,Bhubaneswar Industrial Supply Co. 0428,approved,Bhubaneswar,Odisha,India,60,82.63,98.07,B,Y
SUP000429,SUP-000429,Indore Industrial Supply Co. 0429,spot,Indore,Madhya Pradesh,India,45,82.2,97.41,B,Y
SUP000430,SUP-000430,Chandigarh Industrial Supply Co. 0430,approved,Chandigarh,Chandigarh,India,15,99.8,99.78,A,Y
SUP000431,SUP-000431,Bengaluru Industrial Supply Co. 0431,contract_manufacturer,Bengaluru,Karnataka,India,30,77.82,97.39,C,Y
SUP000432,SUP-000432,Mumbai Industrial Supply Co. 0432,approved,Mumbai,Maharashtra,India,30,88.49,93.67,B,Y
SUP000433,SUP-000433,Nashik Industrial Supply Co. 0433,spot,Nashik,Maharashtra,India,30,99.8,99.9,A,Y
SUP000434,SUP-000434,Chandigarh Industrial Supply Co. 0434,contract_manufacturer,Chandigarh,Chandigarh,India,60,99.8,98.58,A,Y
SUP000435,SUP-000435,Warangal Industrial Supply Co. 0435,approved,Warangal,Telangana,India,60,72.97,99.13,C,Y
SUP000436,SUP-000436,Agra Industrial Supply Co. 0436,strategic,Agra,Uttar Pradesh,India,30,98.82,93.53,B,Y
SUP000437,SUP-000437,Hyderabad Industrial Supply Co. 0437,approved,Hyderabad,Telangana,India,30,94.84,96.46,B,Y
SUP000438,SUP-000438,Surat Industrial Supply Co. 0438,contract_manufacturer,Surat,Gujarat,India,45,93.63,92.19,B,Y
SUP000439,SUP-000439,Nagpur Industrial Supply Co. 0439,approved,Nagpur,Maharashtra,India,30,81.15,95.99,B,Y
SUP000440,SUP-000440,Nagpur Industrial Supply Co. 0440,strategic,Nagpur,Maharashtra,India,45,84.26,94.98,B,Y
SUP000441,SUP-000441,Surat Industrial Supply Co. 0441,approved,Surat,Gujarat,India,30,99.8,95.68,B,Y
SUP000442,SUP-000442,Nashik Industrial Supply Co. 0442,strategic,Nashik,Maharashtra,India,15,90.39,99.9,B,Y
SUP000443,SUP-000443,Ranchi Industrial Supply Co. 0443,approved,Ranchi,Jharkhand,India,60,90.83,92.79,B,Y
SUP000444,SUP-000444,Bhubaneswar Industrial Supply Co. 0444,approved,Bhubaneswar,Odisha,India,30,79.27,98.78,C,Y
SUP000445,SUP-000445,Nashik Industrial Supply Co. 0445,strategic,Nashik,Maharashtra,India,45,83.42,98.07,B,Y
SUP000446,SUP-000446,Chandigarh Industrial Supply Co. 0446,contract_manufacturer,Chandigarh,Chandigarh,India,30,82.42,93.43,B,Y
SUP000447,SUP-000447,Lucknow Industrial Supply Co. 0447,approved,Lucknow,Uttar Pradesh,India,30,96.95,96.79,B,Y
SUP000448,SUP-000448,Agra Industrial Supply Co. 0448,approved,Agra,Uttar Pradesh,India,45,95.92,94.14,B,Y
SUP000449,SUP-000449,Warangal Industrial Supply Co. 0449,strategic,Warangal,Telangana,India,30,84.49,93.71,B,Y
SUP000450,SUP-000450,Bengaluru Industrial Supply Co. 0450,contract_manufacturer,Bengaluru,Karnataka,India,30,79.55,91.15,C,Y
SUP000451,SUP-000451,Chandigarh Industrial Supply Co. 0451,strategic,Chandigarh,Chandigarh,India,45,95.35,99.65,A,Y
SUP000452,SUP-000452,Chandigarh Industrial Supply Co. 0452,strategic,Chandigarh,Chandigarh,India,30,86.36,99.28,B,Y
SUP000453,SUP-000453,Ahmedabad Industrial Supply Co. 0453,approved,Ahmedabad,Gujarat,India,60,83.59,95.91,B,Y
SUP000454,SUP-000454,Lucknow Industrial Supply Co. 0454,strategic,Lucknow,Uttar Pradesh,India,45,89.2,92.94,B,Y
SUP000455,SUP-000455,Pune Industrial Supply Co. 0455,approved,Pune,Maharashtra,India,45,93.73,94.75,B,Y
SUP000456,SUP-000456,Delhi Industrial Supply Co. 0456,approved,Delhi,Delhi,India,30,76.96,91.97,C,Y
SUP000457,SUP-000457,Bhubaneswar Industrial Supply Co. 0457,spot,Bhubaneswar,Odisha,India,60,78.77,98.34,C,Y
SUP000458,SUP-000458,Delhi Industrial Supply Co. 0458,spot,Delhi,Delhi,India,45,90.42,97.35,B,Y
SUP000459,SUP-000459,Warangal Industrial Supply Co. 0459,spot,Warangal,Telangana,India,45,90.41,94.84,B,Y
SUP000460,SUP-000460,Hyderabad Industrial Supply Co. 0460,spot,Hyderabad,Telangana,India,60,88.61,95.13,B,Y
SUP000461,SUP-000461,Noida Industrial Supply Co. 0461,approved,Noida,Uttar Pradesh,India,15,75.08,95.13,C,Y
SUP000462,SUP-000462,Nashik Industrial Supply Co. 0462,approved,Nashik,Maharashtra,India,30,81.83,94.47,B,Y
SUP000463,SUP-000463,Jaipur Industrial Supply Co. 0463,strategic,Jaipur,Rajasthan,India,30,67.98,96.29,C,Y
SUP000464,SUP-000464,Surat Industrial Supply Co. 0464,contract_manufacturer,Surat,Gujarat,India,60,81.57,97.53,B,Y
SUP000465,SUP-000465,Ranchi Industrial Supply Co. 0465,approved,Ranchi,Jharkhand,India,60,90.7,98.03,B,Y
SUP000466,SUP-000466,Ahmedabad Industrial Supply Co. 0466,approved,Ahmedabad,Gujarat,India,15,79.76,94.33,C,Y
SUP000467,SUP-000467,Agra Industrial Supply Co. 0467,approved,Agra,Uttar Pradesh,India,30,98.35,96.5,B,Y
SUP000468,SUP-000468,Mangaluru Industrial Supply Co. 0468,approved,Mangaluru,Karnataka,India,30,91.84,91.98,B,Y
SUP000469,SUP-000469,Bengaluru Industrial Supply Co. 0469,approved,Bengaluru,Karnataka,India,30,97.08,97.24,A,Y
SUP000470,SUP-000470,Jaipur Industrial Supply Co. 0470,contract_manufacturer,Jaipur,Rajasthan,India,45,82.37,94.18,B,Y
SUP000471,SUP-000471,Kolkata Industrial Supply Co. 0471,approved,Kolkata,West Bengal,India,45,85.17,95.47,B,Y
SUP000472,SUP-000472,Surat Industrial Supply Co. 0472,spot,Surat,Gujarat,India,15,92.01,99.9,A,Y
SUP000473,SUP-000473,Lucknow Industrial Supply Co. 0473,approved,Lucknow,Uttar Pradesh,India,60,99.8,97.96,A,Y
SUP000474,SUP-000474,Lucknow Industrial Supply Co. 0474,approved,Lucknow,Uttar Pradesh,India,30,89.08,99.44,B,Y
SUP000475,SUP-000475,Warangal Industrial Supply Co. 0475,strategic,Warangal,Telangana,India,30,71.13,99.9,C,Y
SUP000476,SUP-000476,Pune Industrial Supply Co. 0476,contract_manufacturer,Pune,Maharashtra,India,30,82.09,96.16,B,Y
SUP000477,SUP-000477,Ranchi Industrial Supply Co. 0477,approved,Ranchi,Jharkhand,India,45,82.77,93.04,B,Y
SUP000478,SUP-000478,Vijayawada Industrial Supply Co. 0478,approved,Vijayawada,Andhra Pradesh,India,45,96.25,92.83,B,Y
SUP000479,SUP-000479,Bengaluru Industrial Supply Co. 0479,spot,Bengaluru,Karnataka,India,15,89.47,96.83,B,Y
SUP000480,SUP-000480,Mumbai Industrial Supply Co. 0480,contract_manufacturer,Mumbai,Maharashtra,India,15,79.35,95.88,C,Y
SUP000481,SUP-000481,Chandigarh Industrial Supply Co. 0481,strategic,Chandigarh,Chandigarh,India,15,91.31,98.87,B,Y
SUP000482,SUP-000482,Agra Industrial Supply Co. 0482,approved,Agra,Uttar Pradesh,India,60,72.34,94.74,C,Y
SUP000483,SUP-000483,Nashik Industrial Supply Co. 0483,contract_manufacturer,Nashik,Maharashtra,India,45,82.15,98.14,B,Y
SUP000484,SUP-000484,Lucknow Industrial Supply Co. 0484,approved,Lucknow,Uttar Pradesh,India,30,79.29,97.13,C,Y
SUP000485,SUP-000485,Bengaluru Industrial Supply Co. 0485,approved,Bengaluru,Karnataka,India,60,96.44,97.04,A,Y
SUP000486,SUP-000486,Mangaluru Industrial Supply Co. 0486,contract_manufacturer,Mangaluru,Karnataka,India,60,99.8,99.9,A,Y
SUP000487,SUP-000487,Bengaluru Industrial Supply Co. 0487,approved,Bengaluru,Karnataka,India,30,79.63,98.41,C,Y
SUP000488,SUP-000488,Nagpur Industrial Supply Co. 0488,approved,Nagpur,Maharashtra,India,60,86.31,90.31,C,Y
SUP000489,SUP-000489,Nagpur Industrial Supply Co. 0489,strategic,Nagpur,Maharashtra,India,30,82.54,93.52,B,Y
SUP000490,SUP-000490,Ahmedabad Industrial Supply Co. 0490,approved,Ahmedabad,Gujarat,India,30,73.14,92.79,C,Y
SUP000491,SUP-000491,Ranchi Industrial Supply Co. 0491,approved,Ranchi,Jharkhand,India,30,96.9,91.3,B,Y
SUP000492,SUP-000492,Indore Industrial Supply Co. 0492,approved,Indore,Madhya Pradesh,India,60,84.69,99.9,B,Y
SUP000493,SUP-000493,Vijayawada Industrial Supply Co. 0493,strategic,Vijayawada,Andhra Pradesh,India,45,86.07,98.01,B,Y
SUP000494,SUP-000494,Mumbai Industrial Supply Co. 0494,approved,Mumbai,Maharashtra,India,15,89.31,92.36,B,Y
SUP000495,SUP-000495,Nagpur Industrial Supply Co. 0495,approved,Nagpur,Maharashtra,India,30,96.79,93.27,B,Y
SUP000496,SUP-000496,Bengaluru Industrial Supply Co. 0496,approved,Bengaluru,Karnataka,India,30,75.25,94.07,C,Y
SUP000497,SUP-000497,Nagpur Industrial Supply Co. 0497,approved,Nagpur,Maharashtra,India,30,82.46,95.98,B,Y
SUP000498,SUP-000498,Mumbai Industrial Supply Co. 0498,approved,Mumbai,Maharashtra,India,45,95.27,94.54,B,Y
SUP000499,SUP-000499,Lucknow Industrial Supply Co. 0499,approved,Lucknow,Uttar Pradesh,India,30,99.8,97.62,A,Y
SUP000500,SUP-000500,Delhi Industrial Supply Co. 0500,approved,Delhi,Delhi,India,30,76.2,98.57,C,Y
SUP000501,SUP-000501,Vijayawada Industrial Supply Co. 0501,approved,Vijayawada,Andhra Pradesh,India,45,99.8,99.9,A,Y
SUP000502,SUP-000502,Lucknow Industrial Supply Co. 0502,strategic,Lucknow,Uttar Pradesh,India,30,91.72,92.45,B,Y
SUP000503,SUP-000503,Kolkata Industrial Supply Co. 0503,contract_manufacturer,Kolkata,West Bengal,India,45,94.19,99.9,A,Y
SUP000504,SUP-000504,Vadodara Industrial Supply Co. 0504,approved,Vadodara,Gujarat,India,45,83.11,96.47,B,Y
SUP000505,SUP-000505,Lucknow Industrial Supply Co. 0505,approved,Lucknow,Uttar Pradesh,India,30,82.72,90.49,C,Y
SUP000506,SUP-000506,Mysuru Industrial Supply Co. 0506,approved,Mysuru,Karnataka,India,60,99.8,99.9,A,Y
SUP000507,SUP-000507,Agra Industrial Supply Co. 0507,spot,Agra,Uttar Pradesh,India,30,85.42,97.78,B,Y
SUP000508,SUP-000508,Ahmedabad Industrial Supply Co. 0508,strategic,Ahmedabad,Gujarat,India,45,90.39,93.19,B,Y
SUP000509,SUP-000509,Agra Industrial Supply Co. 0509,approved,Agra,Uttar Pradesh,India,30,99.8,93.78,B,Y
SUP000510,SUP-000510,Vijayawada Industrial Supply Co. 0510,approved,Vijayawada,Andhra Pradesh,India,30,84.34,94.82,B,Y
SUP000511,SUP-000511,Delhi Industrial Supply Co. 0511,approved,Delhi,Delhi,India,15,63.88,99.9,C,Y
SUP000512,SUP-000512,Bhubaneswar Industrial Supply Co. 0512,approved,Bhubaneswar,Odisha,India,45,97.25,96.67,B,Y
SUP000513,SUP-000513,Warangal Industrial Supply Co. 0513,spot,Warangal,Telangana,India,30,81.44,94.71,B,Y
SUP000514,SUP-000514,Ahmedabad Industrial Supply Co. 0514,approved,Ahmedabad,Gujarat,India,45,64.17,93.25,C,Y
SUP000515,SUP-000515,Vadodara Industrial Supply Co. 0515,contract_manufacturer,Vadodara,Gujarat,India,30,81.54,99.9,B,Y
SUP000516,SUP-000516,Indore Industrial Supply Co. 0516,approved,Indore,Madhya Pradesh,India,45,88.61,99.56,B,Y
SUP000517,SUP-000517,Agra Industrial Supply Co. 0517,approved,Agra,Uttar Pradesh,India,30,88.27,93.87,B,Y
SUP000518,SUP-000518,Mysuru Industrial Supply Co. 0518,approved,Mysuru,Karnataka,India,30,97.19,93.35,B,Y
SUP000519,SUP-000519,Vijayawada Industrial Supply Co. 0519,approved,Vijayawada,Andhra Pradesh,India,60,99.58,90.75,C,Y
SUP000520,SUP-000520,Ahmedabad Industrial Supply Co. 0520,contract_manufacturer,Ahmedabad,Gujarat,India,45,69.85,94.71,C,Y
SUP000521,SUP-000521,Lucknow Industrial Supply Co. 0521,strategic,Lucknow,Uttar Pradesh,India,30,92.81,94.0,B,Y
SUP000522,SUP-000522,Bengaluru Industrial Supply Co. 0522,approved,Bengaluru,Karnataka,India,45,76.63,93.53,C,Y
SUP000523,SUP-000523,Ahmedabad Industrial Supply Co. 0523,approved,Ahmedabad,Gujarat,India,30,93.48,96.96,B,Y
SUP000524,SUP-000524,Agra Industrial Supply Co. 0524,approved,Agra,Uttar Pradesh,India,15,86.64,93.88,B,Y
SUP000525,SUP-000525,Mysuru Industrial Supply Co. 0525,strategic,Mysuru,Karnataka,India,30,78.88,97.6,C,Y
SUP000526,SUP-000526,Delhi Industrial Supply Co. 0526,approved,Delhi,Delhi,India,45,76.55,93.31,C,Y
SUP000527,SUP-000527,Mangaluru Industrial Supply Co. 0527,contract_manufacturer,Mangaluru,Karnataka,India,30,77.05,94.88,C,Y
SUP000528,SUP-000528,Jaipur Industrial Supply Co. 0528,spot,Jaipur,Rajasthan,India,30,82.47,94.68,B,Y
SUP000529,SUP-000529,Nashik Industrial Supply Co. 0529,approved,Nashik,Maharashtra,India,15,99.8,90.35,C,Y
SUP000530,SUP-000530,Kolkata Industrial Supply Co. 0530,spot,Kolkata,West Bengal,India,45,70.88,95.0,C,Y
SUP000531,SUP-000531,Ahmedabad Industrial Supply Co. 0531,contract_manufacturer,Ahmedabad,Gujarat,India,30,88.71,94.8,B,Y
SUP000532,SUP-000532,Jaipur Industrial Supply Co. 0532,strategic,Jaipur,Rajasthan,India,30,96.9,94.82,B,Y
SUP000533,SUP-000533,Nagpur Industrial Supply Co. 0533,strategic,Nagpur,Maharashtra,India,30,87.58,99.9,B,Y
SUP000534,SUP-000534,Vadodara Industrial Supply Co. 0534,approved,Vadodara,Gujarat,India,45,87.72,94.29,B,Y
SUP000535,SUP-000535,Bhopal Industrial Supply Co. 0535,approved,Bhopal,Madhya Pradesh,India,45,86.7,95.14,B,Y
SUP000536,SUP-000536,Agra Industrial Supply Co. 0536,approved,Agra,Uttar Pradesh,India,30,68.2,94.39,C,Y
SUP000537,SUP-000537,Nashik Industrial Supply Co. 0537,approved,Nashik,Maharashtra,India,15,81.09,98.03,B,Y
SUP000538,SUP-000538,Nashik Industrial Supply Co. 0538,spot,Nashik,Maharashtra,India,45,75.55,98.48,C,Y
SUP000539,SUP-000539,Nagpur Industrial Supply Co. 0539,strategic,Nagpur,Maharashtra,India,30,84.73,96.52,B,Y
SUP000540,SUP-000540,Bengaluru Industrial Supply Co. 0540,approved,Bengaluru,Karnataka,India,60,92.28,96.92,B,Y
SUP000541,SUP-000541,Kolkata Industrial Supply Co. 0541,spot,Kolkata,West Bengal,India,30,96.12,95.44,B,Y
SUP000542,SUP-000542,Mysuru Industrial Supply Co. 0542,approved,Mysuru,Karnataka,India,30,86.19,90.26,C,Y
SUP000543,SUP-000543,Hyderabad Industrial Supply Co. 0543,spot,Hyderabad,Telangana,India,30,89.5,98.89,B,Y
SUP000544,SUP-000544,Noida Industrial Supply Co. 0544,strategic,Noida,Uttar Pradesh,India,45,76.59,97.87,C,Y
SUP000545,SUP-000545,Bhubaneswar Industrial Supply Co. 0545,strategic,Bhubaneswar,Odisha,India,45,91.95,93.13,B,Y
SUP000546,SUP-000546,Warangal Industrial Supply Co. 0546,approved,Warangal,Telangana,India,15,90.39,89.7,C,Y
SUP000547,SUP-000547,Vijayawada Industrial Supply Co. 0547,approved,Vijayawada,Andhra Pradesh,India,45,86.59,99.3,B,Y
SUP000548,SUP-000548,Warangal Industrial Supply Co. 0548,approved,Warangal,Telangana,India,30,65.35,96.4,C,Y
SUP000549,SUP-000549,Warangal Industrial Supply Co. 0549,approved,Warangal,Telangana,India,15,80.29,97.55,B,Y
SUP000550,SUP-000550,Noida Industrial Supply Co. 0550,strategic,Noida,Uttar Pradesh,India,30,96.86,95.77,B,Y
SUP000551,SUP-000551,Delhi Industrial Supply Co. 0551,strategic,Delhi,Delhi,India,60,90.95,97.76,B,Y
SUP000552,SUP-000552,Ranchi Industrial Supply Co. 0552,contract_manufacturer,Ranchi,Jharkhand,India,45,80.32,99.9,B,Y
SUP000553,SUP-000553,Agra Industrial Supply Co. 0553,approved,Agra,Uttar Pradesh,India,45,92.44,91.66,B,Y
SUP000554,SUP-000554,Indore Industrial Supply Co. 0554,contract_manufacturer,Indore,Madhya Pradesh,India,30,98.6,99.9,A,Y
SUP000555,SUP-000555,Lucknow Industrial Supply Co. 0555,contract_manufacturer,Lucknow,Uttar Pradesh,India,45,91.91,93.89,B,Y
SUP000556,SUP-000556,Indore Industrial Supply Co. 0556,approved,Indore,Madhya Pradesh,India,30,79.99,93.47,C,Y
SUP000557,SUP-000557,Bengaluru Industrial Supply Co. 0557,approved,Bengaluru,Karnataka,India,45,90.14,94.04,B,Y
SUP000558,SUP-000558,Vijayawada Industrial Supply Co. 0558,approved,Vijayawada,Andhra Pradesh,India,30,74.71,94.22,C,Y
SUP000559,SUP-000559,Kolkata Industrial Supply Co. 0559,contract_manufacturer,Kolkata,West Bengal,India,45,83.72,96.99,B,Y
SUP000560,SUP-000560,Nashik Industrial Supply Co. 0560,strategic,Nashik,Maharashtra,India,45,90.56,93.58,B,Y
SUP000561,SUP-000561,Vijayawada Industrial Supply Co. 0561,approved,Vijayawada,Andhra Pradesh,India,30,81.22,99.9,B,Y
SUP000562,SUP-000562,Indore Industrial Supply Co. 0562,approved,Indore,Madhya Pradesh,India,30,98.7,93.3,B,Y
SUP000563,SUP-000563,Bhubaneswar Industrial Supply Co. 0563,strategic,Bhubaneswar,Odisha,India,45,97.47,99.9,A,Y
SUP000564,SUP-000564,Warangal Industrial Supply Co. 0564,approved,Warangal,Telangana,India,45,90.39,97.8,B,Y
SUP000565,SUP-000565,Pune Industrial Supply Co. 0565,approved,Pune,Maharashtra,India,15,70.32,91.8,C,Y
SUP000566,SUP-000566,Agra Industrial Supply Co. 0566,approved,Agra,Uttar Pradesh,India,45,87.67,95.91,B,Y
SUP000567,SUP-000567,Vadodara Industrial Supply Co. 0567,strategic,Vadodara,Gujarat,India,45,90.23,91.79,B,Y
SUP000568,SUP-000568,Surat Industrial Supply Co. 0568,contract_manufacturer,Surat,Gujarat,India,45,80.35,95.7,B,Y
SUP000569,SUP-000569,Agra Industrial Supply Co. 0569,strategic,Agra,Uttar Pradesh,India,60,84.06,96.93,B,Y
SUP000570,SUP-000570,Bengaluru Industrial Supply Co. 0570,approved,Bengaluru,Karnataka,India,60,80.22,97.39,B,Y
SUP000571,SUP-000571,Ahmedabad Industrial Supply Co. 0571,strategic,Ahmedabad,Gujarat,India,30,65.33,99.9,C,Y
SUP000572,SUP-000572,Kolkata Industrial Supply Co. 0572,approved,Kolkata,West Bengal,India,30,98.46,99.9,A,Y
SUP000573,SUP-000573,Surat Industrial Supply Co. 0573,contract_manufacturer,Surat,Gujarat,India,30,99.47,96.29,B,Y
SUP000574,SUP-000574,Vijayawada Industrial Supply Co. 0574,contract_manufacturer,Vijayawada,Andhra Pradesh,India,15,70.75,93.82,C,Y
SUP000575,SUP-000575,Vijayawada Industrial Supply Co. 0575,contract_manufacturer,Vijayawada,Andhra Pradesh,India,30,75.59,90.3,C,Y
SUP000576,SUP-000576,Jaipur Industrial Supply Co. 0576,approved,Jaipur,Rajasthan,India,30,82.21,95.95,B,Y
SUP000577,SUP-000577,Nashik Industrial Supply Co. 0577,strategic,Nashik,Maharashtra,India,60,99.8,98.5,A,Y
SUP000578,SUP-000578,Delhi Industrial Supply Co. 0578,approved,Delhi,Delhi,India,30,73.81,90.35,C,Y
SUP000579,SUP-000579,Bengaluru Industrial Supply Co. 0579,contract_manufacturer,Bengaluru,Karnataka,India,30,91.0,94.36,B,Y
SUP000580,SUP-000580,Nashik Industrial Supply Co. 0580,approved,Nashik,Maharashtra,India,30,97.64,94.46,B,Y
SUP000581,SUP-000581,Kolkata Industrial Supply Co. 0581,strategic,Kolkata,West Bengal,India,30,97.49,91.92,B,Y
SUP000582,SUP-000582,Kolkata Industrial Supply Co. 0582,approved,Kolkata,West Bengal,India,30,88.98,89.71,C,Y
SUP000583,SUP-000583,Surat Industrial Supply Co. 0583,contract_manufacturer,Surat,Gujarat,India,30,75.59,99.9,C,Y
SUP000584,SUP-000584,Indore Industrial Supply Co. 0584,approved,Indore,Madhya Pradesh,India,15,86.09,92.48,B,Y
SUP000585,SUP-000585,Pune Industrial Supply Co. 0585,strategic,Pune,Maharashtra,India,30,91.6,99.9,B,Y
SUP000586,SUP-000586,Nashik Industrial Supply Co. 0586,approved,Nashik,Maharashtra,India,30,93.99,94.09,B,Y
SUP000587,SUP-000587,Mumbai Industrial Supply Co. 0587,approved,Mumbai,Maharashtra,India,45,86.47,89.96,C,Y
SUP000588,SUP-000588,Mysuru Industrial Supply Co. 0588,spot,Mysuru,Karnataka,India,30,86.26,97.52,B,Y
SUP000589,SUP-000589,Warangal Industrial Supply Co. 0589,strategic,Warangal,Telangana,India,15,86.39,97.22,B,Y
SUP000590,SUP-000590,Delhi Industrial Supply Co. 0590,approved,Delhi,Delhi,India,45,72.52,99.9,C,Y
SUP000591,SUP-000591,Noida Industrial Supply Co. 0591,approved,Noida,Uttar Pradesh,India,45,96.62,95.58,B,Y
SUP000592,SUP-000592,Bengaluru Industrial Supply Co. 0592,spot,Bengaluru,Karnataka,India,45,91.16,96.88,B,Y
SUP000593,SUP-000593,Chandigarh Industrial Supply Co. 0593,approved,Chandigarh,Chandigarh,India,15,91.38,95.3,B,Y
SUP000594,SUP-000594,Bhopal Industrial Supply Co. 0594,approved,Bhopal,Madhya Pradesh,India,30,87.25,93.77,B,Y
SUP000595,SUP-000595,Warangal Industrial Supply Co. 0595,approved,Warangal,Telangana,India,60,95.53,95.41,B,Y
SUP000596,SUP-000596,Nagpur Industrial Supply Co. 0596,approved,Nagpur,Maharashtra,India,30,84.7,93.66,B,Y
SUP000597,SUP-000597,Noida Industrial Supply Co. 0597,approved,Noida,Uttar Pradesh,India,30,88.08,92.16,B,Y
SUP000598,SUP-000598,Bengaluru Industrial Supply Co. 0598,approved,Bengaluru,Karnataka,India,45,79.25,95.51,C,Y
SUP000599,SUP-000599,Lucknow Industrial Supply Co. 0599,approved,Lucknow,Uttar Pradesh,India,30,79.45,99.9,C,Y
SUP000600,SUP-000600,Vadodara Industrial Supply Co. 0600,contract_manufacturer,Vadodara,Gujarat,India,45,95.64,96.2,B,Y
SUP000601,SUP-000601,Bhopal Industrial Supply Co. 0601,contract_manufacturer,Bhopal,Madhya Pradesh,India,45,84.95,92.89,B,Y
SUP000602,SUP-000602,Bhubaneswar Industrial Supply Co. 0602,approved,Bhubaneswar,Odisha,India,30,77.9,99.31,C,Y
SUP000603,SUP-000603,Mysuru Industrial Supply Co. 0603,contract_manufacturer,Mysuru,Karnataka,India,60,99.8,90.33,C,Y
SUP000604,SUP-000604,Vijayawada Industrial Supply Co. 0604,strategic,Vijayawada,Andhra Pradesh,India,45,99.8,94.63,B,Y
SUP000605,SUP-000605,Mysuru Industrial Supply Co. 0605,strategic,Mysuru,Karnataka,India,45,67.45,97.54,C,Y
SUP000606,SUP-000606,Bhubaneswar Industrial Supply Co. 0606,spot,Bhubaneswar,Odisha,India,30,82.08,95.91,B,Y
SUP000607,SUP-000607,Jaipur Industrial Supply Co. 0607,approved,Jaipur,Rajasthan,India,30,78.53,99.9,C,Y
SUP000608,SUP-000608,Bengaluru Industrial Supply Co. 0608,strategic,Bengaluru,Karnataka,India,45,99.8,94.29,B,Y
SUP000609,SUP-000609,Surat Industrial Supply Co. 0609,spot,Surat,Gujarat,India,30,73.52,99.9,C,Y
SUP000610,SUP-000610,Delhi Industrial Supply Co. 0610,contract_manufacturer,Delhi,Delhi,India,45,81.59,94.31,B,Y
SUP000611,SUP-000611,Pune Industrial Supply Co. 0611,strategic,Pune,Maharashtra,India,30,95.28,96.5,B,Y
SUP000612,SUP-000612,Agra Industrial Supply Co. 0612,contract_manufacturer,Agra,Uttar Pradesh,India,45,88.0,92.58,B,Y
SUP000613,SUP-000613,Pune Industrial Supply Co. 0613,approved,Pune,Maharashtra,India,30,81.88,96.99,B,Y
SUP000614,SUP-000614,Pune Industrial Supply Co. 0614,approved,Pune,Maharashtra,India,45,85.6,91.31,B,Y
SUP000615,SUP-000615,Noida Industrial Supply Co. 0615,contract_manufacturer,Noida,Uttar Pradesh,India,45,96.36,91.91,B,Y
SUP000616,SUP-000616,Agra Industrial Supply Co. 0616,strategic,Agra,Uttar Pradesh,India,45,92.33,89.72,C,Y
SUP000617,SUP-000617,Hyderabad Industrial Supply Co. 0617,strategic,Hyderabad,Telangana,India,45,92.81,95.19,B,Y
SUP000618,SUP-000618,Agra Industrial Supply Co. 0618,strategic,Agra,Uttar Pradesh,India,45,77.41,98.12,C,Y
SUP000619,SUP-000619,Warangal Industrial Supply Co. 0619,approved,Warangal,Telangana,India,60,81.85,94.23,B,Y
SUP000620,SUP-000620,Mangaluru Industrial Supply Co. 0620,approved,Mangaluru,Karnataka,India,45,65.31,97.73,C,Y
SUP000621,SUP-000621,Mangaluru Industrial Supply Co. 0621,approved,Mangaluru,Karnataka,India,45,94.69,96.61,B,Y
SUP000622,SUP-000622,Nagpur Industrial Supply Co. 0622,approved,Nagpur,Maharashtra,India,45,82.66,96.76,B,Y
SUP000623,SUP-000623,Warangal Industrial Supply Co. 0623,approved,Warangal,Telangana,India,30,80.91,95.23,B,Y
SUP000624,SUP-000624,Agra Industrial Supply Co. 0624,strategic,Agra,Uttar Pradesh,India,30,99.8,99.9,A,Y
SUP000625,SUP-000625,Bhubaneswar Industrial Supply Co. 0625,approved,Bhubaneswar,Odisha,India,60,87.67,95.08,B,Y
SUP000626,SUP-000626,Jaipur Industrial Supply Co. 0626,contract_manufacturer,Jaipur,Rajasthan,India,45,95.03,97.16,A,Y
SUP000627,SUP-000627,Ahmedabad Industrial Supply Co. 0627,approved,Ahmedabad,Gujarat,India,60,93.79,99.37,A,Y
SUP000628,SUP-000628,Ranchi Industrial Supply Co. 0628,spot,Ranchi,Jharkhand,India,60,93.6,99.9,A,Y
SUP000629,SUP-000629,Chandigarh Industrial Supply Co. 0629,spot,Chandigarh,Chandigarh,India,30,94.51,95.13,B,Y
SUP000630,SUP-000630,Agra Industrial Supply Co. 0630,contract_manufacturer,Agra,Uttar Pradesh,India,45,95.45,92.46,B,Y
SUP000631,SUP-000631,Ahmedabad Industrial Supply Co. 0631,spot,Ahmedabad,Gujarat,India,30,88.25,93.08,B,Y
SUP000632,SUP-000632,Pune Industrial Supply Co. 0632,approved,Pune,Maharashtra,India,45,94.82,91.19,B,Y
SUP000633,SUP-000633,Delhi Industrial Supply Co. 0633,strategic,Delhi,Delhi,India,30,80.33,99.25,B,Y
SUP000634,SUP-000634,Pune Industrial Supply Co. 0634,strategic,Pune,Maharashtra,India,45,90.88,97.04,B,Y
SUP000635,SUP-000635,Indore Industrial Supply Co. 0635,approved,Indore,Madhya Pradesh,India,45,90.18,93.88,B,Y
SUP000636,SUP-000636,Mangaluru Industrial Supply Co. 0636,approved,Mangaluru,Karnataka,India,30,92.12,95.11,B,Y
SUP000637,SUP-000637,Surat Industrial Supply Co. 0637,approved,Surat,Gujarat,India,30,73.43,95.01,C,Y
SUP000638,SUP-000638,Delhi Industrial Supply Co. 0638,strategic,Delhi,Delhi,India,30,73.49,99.9,C,Y
SUP000639,SUP-000639,Pune Industrial Supply Co. 0639,approved,Pune,Maharashtra,India,30,85.72,94.27,B,Y
SUP000640,SUP-000640,Surat Industrial Supply Co. 0640,strategic,Surat,Gujarat,India,60,80.81,93.69,B,Y
SUP000641,SUP-000641,Pune Industrial Supply Co. 0641,approved,Pune,Maharashtra,India,15,99.8,97.09,A,Y
SUP000642,SUP-000642,Agra Industrial Supply Co. 0642,contract_manufacturer,Agra,Uttar Pradesh,India,30,90.46,99.43,B,Y
SUP000643,SUP-000643,Bhubaneswar Industrial Supply Co. 0643,contract_manufacturer,Bhubaneswar,Odisha,India,30,78.26,93.0,C,Y
SUP000644,SUP-000644,Vadodara Industrial Supply Co. 0644,approved,Vadodara,Gujarat,India,30,86.65,96.0,B,Y
SUP000645,SUP-000645,Ranchi Industrial Supply Co. 0645,strategic,Ranchi,Jharkhand,India,30,88.05,89.46,C,Y
SUP000646,SUP-000646,Vijayawada Industrial Supply Co. 0646,approved,Vijayawada,Andhra Pradesh,India,45,91.91,99.9,B,Y
SUP000647,SUP-000647,Vijayawada Industrial Supply Co. 0647,approved,Vijayawada,Andhra Pradesh,India,60,79.2,93.03,C,Y
SUP000648,SUP-000648,Mangaluru Industrial Supply Co. 0648,contract_manufacturer,Mangaluru,Karnataka,India,60,98.58,91.18,B,Y
SUP000649,SUP-000649,Hyderabad Industrial Supply Co. 0649,approved,Hyderabad,Telangana,India,30,96.47,92.64,B,Y
SUP000650,SUP-000650,Noida Industrial Supply Co. 0650,strategic,Noida,Uttar Pradesh,India,15,91.05,94.6,B,Y
SUP000651,SUP-000651,Ahmedabad Industrial Supply Co. 0651,approved,Ahmedabad,Gujarat,India,30,86.06,91.88,B,Y
SUP000652,SUP-000652,Mumbai Industrial Supply Co. 0652,approved,Mumbai,Maharashtra,India,30,97.0,91.38,B,Y
SUP000653,SUP-000653,Ahmedabad Industrial Supply Co. 0653,strategic,Ahmedabad,Gujarat,India,45,96.59,99.9,A,Y
SUP000654,SUP-000654,Chandigarh Industrial Supply Co. 0654,approved,Chandigarh,Chandigarh,India,30,84.55,97.0,B,Y
SUP000655,SUP-000655,Pune Industrial Supply Co. 0655,approved,Pune,Maharashtra,India,45,95.28,95.83,B,Y
SUP000656,SUP-000656,Bhopal Industrial Supply Co. 0656,contract_manufacturer,Bhopal,Madhya Pradesh,India,30,73.76,93.69,C,Y
SUP000657,SUP-000657,Vijayawada Industrial Supply Co. 0657,approved,Vijayawada,Andhra Pradesh,India,15,92.44,95.75,B,Y
SUP000658,SUP-000658,Mangaluru Industrial Supply Co. 0658,spot,Mangaluru,Karnataka,India,60,76.12,92.96,C,Y
SUP000659,SUP-000659,Warangal Industrial Supply Co. 0659,approved,Warangal,Telangana,India,15,84.11,98.06,B,Y
SUP000660,SUP-000660,Bhubaneswar Industrial Supply Co. 0660,spot,Bhubaneswar,Odisha,India,45,83.35,99.76,B,Y
SUP000661,SUP-000661,Ahmedabad Industrial Supply Co. 0661,approved,Ahmedabad,Gujarat,India,60,83.13,95.04,B,Y
SUP000662,SUP-000662,Vadodara Industrial Supply Co. 0662,strategic,Vadodara,Gujarat,India,45,77.9,90.21,C,Y
SUP000663,SUP-000663,Mangaluru Industrial Supply Co. 0663,spot,Mangaluru,Karnataka,India,45,92.49,97.3,A,Y
SUP000664,SUP-000664,Hyderabad Industrial Supply Co. 0664,contract_manufacturer,Hyderabad,Telangana,India,30,93.2,99.51,A,Y
SUP000665,SUP-000665,Mumbai Industrial Supply Co. 0665,approved,Mumbai,Maharashtra,India,30,95.37,93.36,B,Y
SUP000666,SUP-000666,Nashik Industrial Supply Co. 0666,contract_manufacturer,Nashik,Maharashtra,India,45,98.29,93.58,B,Y
SUP000667,SUP-000667,Vadodara Industrial Supply Co. 0667,approved,Vadodara,Gujarat,India,30,97.52,99.05,A,Y
SUP000668,SUP-000668,Noida Industrial Supply Co. 0668,approved,Noida,Uttar Pradesh,India,15,86.94,93.63,B,Y
SUP000669,SUP-000669,Vijayawada Industrial Supply Co. 0669,approved,Vijayawada,Andhra Pradesh,India,45,92.42,98.25,A,Y
SUP000670,SUP-000670,Agra Industrial Supply Co. 0670,approved,Agra,Uttar Pradesh,India,30,91.5,89.92,C,Y
SUP000671,SUP-000671,Bengaluru Industrial Supply Co. 0671,contract_manufacturer,Bengaluru,Karnataka,India,15,99.8,95.61,B,Y
SUP000672,SUP-000672,Bhubaneswar Industrial Supply Co. 0672,contract_manufacturer,Bhubaneswar,Odisha,India,30,87.86,95.93,B,Y
SUP000673,SUP-000673,Jaipur Industrial Supply Co. 0673,spot,Jaipur,Rajasthan,India,45,91.99,92.46,B,Y
SUP000674,SUP-000674,Pune Industrial Supply Co. 0674,approved,Pune,Maharashtra,India,30,87.65,98.17,B,Y
SUP000675,SUP-000675,Vadodara Industrial Supply Co. 0675,contract_manufacturer,Vadodara,Gujarat,India,30,84.85,96.86,B,Y
SUP000676,SUP-000676,Agra Industrial Supply Co. 0676,strategic,Agra,Uttar Pradesh,India,45,99.8,89.65,C,Y
SUP000677,SUP-000677,Mumbai Industrial Supply Co. 0677,strategic,Mumbai,Maharashtra,India,60,90.34,96.82,B,Y
SUP000678,SUP-000678,Warangal Industrial Supply Co. 0678,strategic,Warangal,Telangana,India,45,84.16,94.27,B,Y
SUP000679,SUP-000679,Lucknow Industrial Supply Co. 0679,approved,Lucknow,Uttar Pradesh,India,60,84.53,97.63,B,Y
SUP000680,SUP-000680,Mysuru Industrial Supply Co. 0680,approved,Mysuru,Karnataka,India,60,79.12,98.34,C,Y
SUP000681,SUP-000681,Mysuru Industrial Supply Co. 0681,strategic,Mysuru,Karnataka,India,45,99.8,94.36,B,Y
SUP000682,SUP-000682,Indore Industrial Supply Co. 0682,spot,Indore,Madhya Pradesh,India,30,82.2,96.51,B,Y
SUP000683,SUP-000683,Bhopal Industrial Supply Co. 0683,strategic,Bhopal,Madhya Pradesh,India,45,91.66,99.74,B,Y
SUP000684,SUP-000684,Lucknow Industrial Supply Co. 0684,contract_manufacturer,Lucknow,Uttar Pradesh,India,30,87.95,95.97,B,Y
SUP000685,SUP-000685,Ahmedabad Industrial Supply Co. 0685,approved,Ahmedabad,Gujarat,India,45,94.52,92.26,B,Y
SUP000686,SUP-000686,Vadodara Industrial Supply Co. 0686,approved,Vadodara,Gujarat,India,60,98.21,99.9,A,Y
SUP000687,SUP-000687,Mumbai Industrial Supply Co. 0687,approved,Mumbai,Maharashtra,India,30,93.45,97.22,A,Y
SUP000688,SUP-000688,Vijayawada Industrial Supply Co. 0688,approved,Vijayawada,Andhra Pradesh,India,45,74.22,91.6,C,Y
SUP000689,SUP-000689,Ahmedabad Industrial Supply Co. 0689,approved,Ahmedabad,Gujarat,India,60,99.8,97.45,A,Y
SUP000690,SUP-000690,Noida Industrial Supply Co. 0690,approved,Noida,Uttar Pradesh,India,30,84.02,93.49,B,Y
SUP000691,SUP-000691,Jaipur Industrial Supply Co. 0691,approved,Jaipur,Rajasthan,India,30,94.07,95.35,B,Y
SUP000692,SUP-000692,Ahmedabad Industrial Supply Co. 0692,contract_manufacturer,Ahmedabad,Gujarat,India,45,98.13,96.61,B,Y
SUP000693,SUP-000693,Noida Industrial Supply Co. 0693,spot,Noida,Uttar Pradesh,India,30,73.4,90.43,C,Y
SUP000694,SUP-000694,Mysuru Industrial Supply Co. 0694,approved,Mysuru,Karnataka,India,30,77.11,99.56,C,Y
SUP000695,SUP-000695,Kolkata Industrial Supply Co. 0695,spot,Kolkata,West Bengal,India,60,90.15,94.8,B,Y
SUP000696,SUP-000696,Indore Industrial Supply Co. 0696,approved,Indore,Madhya Pradesh,India,30,90.13,99.65,B,Y
SUP000697,SUP-000697,Indore Industrial Supply Co. 0697,approved,Indore,Madhya Pradesh,India,45,99.8,97.86,A,Y
SUP000698,SUP-000698,Hyderabad Industrial Supply Co. 0698,contract_manufacturer,Hyderabad,Telangana,India,45,92.92,98.16,A,Y
SUP000699,SUP-000699,Mumbai Industrial Supply Co. 0699,approved,Mumbai,Maharashtra,India,30,74.64,96.96,C,Y
SUP000700,SUP-000700,Lucknow Industrial Supply Co. 0700,strategic,Lucknow,Uttar Pradesh,India,45,85.95,98.89,B,Y
SUP000701,SUP-000701,Bhopal Industrial Supply Co. 0701,approved,Bhopal,Madhya Pradesh,India,45,79.68,95.56,C,Y
SUP000702,SUP-000702,Agra Industrial Supply Co. 0702,approved,Agra,Uttar Pradesh,India,30,99.8,96.35,B,Y
SUP000703,SUP-000703,Bengaluru Industrial Supply Co. 0703,contract_manufacturer,Bengaluru,Karnataka,India,30,83.12,98.81,B,Y
SUP000704,SUP-000704,Delhi Industrial Supply Co. 0704,strategic,Delhi,Delhi,India,45,92.69,93.33,B,Y
SUP000705,SUP-000705,Nagpur Industrial Supply Co. 0705,approved,Nagpur,Maharashtra,India,30,83.27,99.9,B,Y
SUP000706,SUP-000706,Mysuru Industrial Supply Co. 0706,approved,Mysuru,Karnataka,India,30,69.54,98.17,C,Y
SUP000707,SUP-000707,Nagpur Industrial Supply Co. 0707,approved,Nagpur,Maharashtra,India,30,99.8,94.97,B,Y
SUP000708,SUP-000708,Mumbai Industrial Supply Co. 0708,approved,Mumbai,Maharashtra,India,30,85.28,95.38,B,Y
SUP000709,SUP-000709,Vadodara Industrial Supply Co. 0709,approved,Vadodara,Gujarat,India,30,80.85,95.28,B,Y
SUP000710,SUP-000710,Mysuru Industrial Supply Co. 0710,approved,Mysuru,Karnataka,India,15,79.79,98.27,C,Y
SUP000711,SUP-000711,Ahmedabad Industrial Supply Co. 0711,spot,Ahmedabad,Gujarat,India,60,93.13,99.9,A,Y
SUP000712,SUP-000712,Bhubaneswar Industrial Supply Co. 0712,spot,Bhubaneswar,Odisha,India,15,87.77,89.79,C,Y
SUP000713,SUP-000713,Jaipur Industrial Supply Co. 0713,approved,Jaipur,Rajasthan,India,45,84.98,99.9,B,Y
SUP000714,SUP-000714,Bhubaneswar Industrial Supply Co. 0714,strategic,Bhubaneswar,Odisha,India,30,91.32,98.17,B,Y
SUP000715,SUP-000715,Jaipur Industrial Supply Co. 0715,approved,Jaipur,Rajasthan,India,60,86.98,97.91,B,Y
SUP000716,SUP-000716,Delhi Industrial Supply Co. 0716,contract_manufacturer,Delhi,Delhi,India,60,88.88,92.81,B,Y
SUP000717,SUP-000717,Hyderabad Industrial Supply Co. 0717,strategic,Hyderabad,Telangana,India,15,99.8,93.95,B,Y
SUP000718,SUP-000718,Indore Industrial Supply Co. 0718,spot,Indore,Madhya Pradesh,India,30,99.8,97.81,A,Y
SUP000719,SUP-000719,Noida Industrial Supply Co. 0719,spot,Noida,Uttar Pradesh,India,30,90.96,97.68,B,Y
SUP000720,SUP-000720,Noida Industrial Supply Co. 0720,approved,Noida,Uttar Pradesh,India,15,72.33,93.35,C,Y
SUP000721,SUP-000721,Ranchi Industrial Supply Co. 0721,contract_manufacturer,Ranchi,Jharkhand,India,30,83.95,94.32,B,Y
SUP000722,SUP-000722,Warangal Industrial Supply Co. 0722,approved,Warangal,Telangana,India,45,89.56,97.77,B,Y
SUP000723,SUP-000723,Warangal Industrial Supply Co. 0723,approved,Warangal,Telangana,India,30,95.9,98.4,A,Y
SUP000724,SUP-000724,Warangal Industrial Supply Co. 0724,contract_manufacturer,Warangal,Telangana,India,30,67.13,95.32,C,Y
SUP000725,SUP-000725,Nashik Industrial Supply Co. 0725,approved,Nashik,Maharashtra,India,60,86.42,97.42,B,Y
SUP000726,SUP-000726,Noida Industrial Supply Co. 0726,approved,Noida,Uttar Pradesh,India,15,69.6,91.68,C,Y
SUP000727,SUP-000727,Nagpur Industrial Supply Co. 0727,approved,Nagpur,Maharashtra,India,45,79.05,90.32,C,Y
SUP000728,SUP-000728,Mangaluru Industrial Supply Co. 0728,approved,Mangaluru,Karnataka,India,60,94.23,94.88,B,Y
SUP000729,SUP-000729,Jaipur Industrial Supply Co. 0729,strategic,Jaipur,Rajasthan,India,15,93.42,99.9,A,Y
SUP000730,SUP-000730,Surat Industrial Supply Co. 0730,contract_manufacturer,Surat,Gujarat,India,45,68.68,94.07,C,Y
SUP000731,SUP-000731,Jaipur Industrial Supply Co. 0731,strategic,Jaipur,Rajasthan,India,30,83.12,92.36,B,Y
SUP000732,SUP-000732,Delhi Industrial Supply Co. 0732,contract_manufacturer,Delhi,Delhi,India,60,82.95,99.9,B,Y
SUP000733,SUP-000733,Hyderabad Industrial Supply Co. 0733,strategic,Hyderabad,Telangana,India,45,88.08,95.2,B,Y
SUP000734,SUP-000734,Surat Industrial Supply Co. 0734,contract_manufacturer,Surat,Gujarat,India,60,73.35,99.41,C,Y
SUP000735,SUP-000735,Kolkata Industrial Supply Co. 0735,approved,Kolkata,West Bengal,India,30,81.05,91.51,B,Y
SUP000736,SUP-000736,Mangaluru Industrial Supply Co. 0736,approved,Mangaluru,Karnataka,India,30,85.93,99.9,B,Y
SUP000737,SUP-000737,Ranchi Industrial Supply Co. 0737,strategic,Ranchi,Jharkhand,India,45,74.93,94.99,C,Y
SUP000738,SUP-000738,Delhi Industrial Supply Co. 0738,spot,Delhi,Delhi,India,30,99.8,99.9,A,Y
SUP000739,SUP-000739,Hyderabad Industrial Supply Co. 0739,approved,Hyderabad,Telangana,India,45,82.34,97.83,B,Y
SUP000740,SUP-000740,Pune Industrial Supply Co. 0740,approved,Pune,Maharashtra,India,30,88.43,90.73,C,Y
SUP000741,SUP-000741,Surat Industrial Supply Co. 0741,approved,Surat,Gujarat,India,30,97.42,92.84,B,Y
SUP000742,SUP-000742,Ranchi Industrial Supply Co. 0742,approved,Ranchi,Jharkhand,India,60,85.25,97.13,B,Y
SUP000743,SUP-000743,Lucknow Industrial Supply Co. 0743,strategic,Lucknow,Uttar Pradesh,India,45,85.41,96.09,B,Y
SUP000744,SUP-000744,Nashik Industrial Supply Co. 0744,approved,Nashik,Maharashtra,India,45,87.97,96.66,B,Y
SUP000745,SUP-000745,Bengaluru Industrial Supply Co. 0745,approved,Bengaluru,Karnataka,India,30,92.04,95.56,B,Y
SUP000746,SUP-000746,Bengaluru Industrial Supply Co. 0746,approved,Bengaluru,Karnataka,India,30,78.86,99.9,C,Y
SUP000747,SUP-000747,Ranchi Industrial Supply Co. 0747,approved,Ranchi,Jharkhand,India,60,99.8,95.63,B,Y
SUP000748,SUP-000748,Vijayawada Industrial Supply Co. 0748,approved,Vijayawada,Andhra Pradesh,India,30,93.32,99.9,A,Y
SUP000749,SUP-000749,Warangal Industrial Supply Co. 0749,approved,Warangal,Telangana,India,45,58.78,99.9,C,Y
SUP000750,SUP-000750,Nagpur Industrial Supply Co. 0750,spot,Nagpur,Maharashtra,India,30,85.43,97.11,B,Y
SUP000751,SUP-000751,Mysuru Industrial Supply Co. 0751,approved,Mysuru,Karnataka,India,45,99.28,95.94,B,Y
SUP000752,SUP-000752,Vijayawada Industrial Supply Co. 0752,approved,Vijayawada,Andhra Pradesh,India,60,99.8,96.0,B,Y
SUP000753,SUP-000753,Bengaluru Industrial Supply Co. 0753,contract_manufacturer,Bengaluru,Karnataka,India,30,82.02,99.65,B,Y
SUP000754,SUP-000754,Bhopal Industrial Supply Co. 0754,contract_manufacturer,Bhopal,Madhya Pradesh,India,15,72.7,97.13,C,Y
SUP000755,SUP-000755,Bengaluru Industrial Supply Co. 0755,strategic,Bengaluru,Karnataka,India,15,96.46,90.32,C,Y
SUP000756,SUP-000756,Ahmedabad Industrial Supply Co. 0756,approved,Ahmedabad,Gujarat,India,45,86.14,93.77,B,Y
SUP000757,SUP-000757,Mumbai Industrial Supply Co. 0757,approved,Mumbai,Maharashtra,India,45,72.94,95.27,C,Y
SUP000758,SUP-000758,Vijayawada Industrial Supply Co. 0758,strategic,Vijayawada,Andhra Pradesh,India,15,99.8,94.32,B,Y
SUP000759,SUP-000759,Kolkata Industrial Supply Co. 0759,approved,Kolkata,West Bengal,India,30,89.51,99.9,B,Y
SUP000760,SUP-000760,Jaipur Industrial Supply Co. 0760,approved,Jaipur,Rajasthan,India,45,89.58,99.9,B,Y
SUP000761,SUP-000761,Delhi Industrial Supply Co. 0761,contract_manufacturer,Delhi,Delhi,India,45,81.01,99.9,B,Y
SUP000762,SUP-000762,Lucknow Industrial Supply Co. 0762,contract_manufacturer,Lucknow,Uttar Pradesh,India,45,89.37,95.2,B,Y
SUP000763,SUP-000763,Bengaluru Industrial Supply Co. 0763,approved,Bengaluru,Karnataka,India,30,82.88,90.34,C,Y
SUP000764,SUP-000764,Bengaluru Industrial Supply Co. 0764,contract_manufacturer,Bengaluru,Karnataka,India,45,81.21,97.17,B,Y
SUP000765,SUP-000765,Mangaluru Industrial Supply Co. 0765,spot,Mangaluru,Karnataka,India,30,78.21,91.39,C,Y
SUP000766,SUP-000766,Mangaluru Industrial Supply Co. 0766,contract_manufacturer,Mangaluru,Karnataka,India,30,84.91,99.65,B,Y
SUP000767,SUP-000767,Mysuru Industrial Supply Co. 0767,contract_manufacturer,Mysuru,Karnataka,India,45,87.3,91.05,B,Y
SUP000768,SUP-000768,Ranchi Industrial Supply Co. 0768,contract_manufacturer,Ranchi,Jharkhand,India,15,89.88,97.59,B,Y
SUP000769,SUP-000769,Bhopal Industrial Supply Co. 0769,approved,Bhopal,Madhya Pradesh,India,30,82.2,97.45,B,Y
SUP000770,SUP-000770,Agra Industrial Supply Co. 0770,approved,Agra,Uttar Pradesh,India,45,93.03,90.23,C,Y
SUP000771,SUP-000771,Indore Industrial Supply Co. 0771,approved,Indore,Madhya Pradesh,India,45,92.58,94.99,B,Y
SUP000772,SUP-000772,Hyderabad Industrial Supply Co. 0772,approved,Hyderabad,Telangana,India,30,99.8,98.74,A,Y
SUP000773,SUP-000773,Nagpur Industrial Supply Co. 0773,strategic,Nagpur,Maharashtra,India,60,84.83,93.76,B,Y
SUP000774,SUP-000774,Nashik Industrial Supply Co. 0774,approved,Nashik,Maharashtra,India,30,95.49,95.83,B,Y
SUP000775,SUP-000775,Delhi Industrial Supply Co. 0775,approved,Delhi,Delhi,India,60,92.22,97.95,A,Y
SUP000776,SUP-000776,Noida Industrial Supply Co. 0776,strategic,Noida,Uttar Pradesh,India,30,76.27,93.47,C,Y
SUP000777,SUP-000777,Vadodara Industrial Supply Co. 0777,approved,Vadodara,Gujarat,India,30,91.71,95.47,B,Y
SUP000778,SUP-000778,Indore Industrial Supply Co. 0778,spot,Indore,Madhya Pradesh,India,15,91.44,95.01,B,Y
SUP000779,SUP-000779,Vijayawada Industrial Supply Co. 0779,spot,Vijayawada,Andhra Pradesh,India,15,99.8,94.31,B,Y
SUP000780,SUP-000780,Indore Industrial Supply Co. 0780,strategic,Indore,Madhya Pradesh,India,30,94.47,99.16,A,Y
SUP000781,SUP-000781,Vijayawada Industrial Supply Co. 0781,approved,Vijayawada,Andhra Pradesh,India,30,94.54,95.55,B,Y
SUP000782,SUP-000782,Warangal Industrial Supply Co. 0782,contract_manufacturer,Warangal,Telangana,India,45,99.8,97.09,A,Y
SUP000783,SUP-000783,Vadodara Industrial Supply Co. 0783,approved,Vadodara,Gujarat,India,30,87.11,95.37,B,Y
SUP000784,SUP-000784,Nagpur Industrial Supply Co. 0784,spot,Nagpur,Maharashtra,India,30,99.8,96.52,B,Y
SUP000785,SUP-000785,Indore Industrial Supply Co. 0785,approved,Indore,Madhya Pradesh,India,30,86.44,92.3,B,Y
SUP000786,SUP-000786,Surat Industrial Supply Co. 0786,approved,Surat,Gujarat,India,30,86.75,98.81,B,Y
SUP000787,SUP-000787,Mysuru Industrial Supply Co. 0787,approved,Mysuru,Karnataka,India,15,83.84,95.2,B,Y
SUP000788,SUP-000788,Hyderabad Industrial Supply Co. 0788,spot,Hyderabad,Telangana,India,45,74.39,99.9,C,Y
SUP000789,SUP-000789,Bhopal Industrial Supply Co. 0789,approved,Bhopal,Madhya Pradesh,India,45,78.27,95.95,C,Y
SUP000790,SUP-000790,Mumbai Industrial Supply Co. 0790,approved,Mumbai,Maharashtra,India,45,86.74,99.06,B,Y
SUP000791,SUP-000791,Lucknow Industrial Supply Co. 0791,strategic,Lucknow,Uttar Pradesh,India,45,86.95,95.55,B,Y
SUP000792,SUP-000792,Noida Industrial Supply Co. 0792,approved,Noida,Uttar Pradesh,India,45,80.48,95.61,B,Y
SUP000793,SUP-000793,Noida Industrial Supply Co. 0793,approved,Noida,Uttar Pradesh,India,30,75.53,96.51,C,Y
SUP000794,SUP-000794,Lucknow Industrial Supply Co. 0794,strategic,Lucknow,Uttar Pradesh,India,45,87.51,98.64,B,Y
SUP000795,SUP-000795,Hyderabad Industrial Supply Co. 0795,spot,Hyderabad,Telangana,India,30,69.08,97.51,C,Y
SUP000796,SUP-000796,Pune Industrial Supply Co. 0796,spot,Pune,Maharashtra,India,45,99.8,95.76,B,Y
SUP000797,SUP-000797,Mangaluru Industrial Supply Co. 0797,contract_manufacturer,Mangaluru,Karnataka,India,60,83.92,91.76,B,Y
SUP000798,SUP-000798,Vadodara Industrial Supply Co. 0798,approved,Vadodara,Gujarat,India,60,85.77,95.18,B,Y
SUP000799,SUP-000799,Nashik Industrial Supply Co. 0799,spot,Nashik,Maharashtra,India,30,98.41,98.26,A,Y
SUP000800,SUP-000800,Pune Industrial Supply Co. 0800,strategic,Pune,Maharashtra,India,30,86.87,97.91,B,Y
SUP000801,SUP-000801,Chandigarh Industrial Supply Co. 0801,approved,Chandigarh,Chandigarh,India,45,87.09,90.44,C,Y
SUP000802,SUP-000802,Agra Industrial Supply Co. 0802,contract_manufacturer,Agra,Uttar Pradesh,India,45,83.99,93.68,B,Y
SUP000803,SUP-000803,Nagpur Industrial Supply Co. 0803,spot,Nagpur,Maharashtra,India,45,86.27,92.33,B,Y
SUP000804,SUP-000804,Bhopal Industrial Supply Co. 0804,approved,Bhopal,Madhya Pradesh,India,45,99.8,89.08,C,Y
SUP000805,SUP-000805,Mangaluru Industrial Supply Co. 0805,approved,Mangaluru,Karnataka,India,45,97.23,94.82,B,Y
SUP000806,SUP-000806,Warangal Industrial Supply Co. 0806,approved,Warangal,Telangana,India,30,85.33,99.9,B,Y
SUP000807,SUP-000807,Noida Industrial Supply Co. 0807,spot,Noida,Uttar Pradesh,India,30,88.24,98.81,B,Y
SUP000808,SUP-000808,Nagpur Industrial Supply Co. 0808,approved,Nagpur,Maharashtra,India,45,92.23,94.11,B,Y
SUP000809,SUP-000809,Mysuru Industrial Supply Co. 0809,contract_manufacturer,Mysuru,Karnataka,India,30,63.52,94.28,C,Y
SUP000810,SUP-000810,Kolkata Industrial Supply Co. 0810,contract_manufacturer,Kolkata,West Bengal,India,15,93.93,94.77,B,Y
SUP000811,SUP-000811,Mangaluru Industrial Supply Co. 0811,approved,Mangaluru,Karnataka,India,30,99.8,92.48,B,Y
SUP000812,SUP-000812,Indore Industrial Supply Co. 0812,contract_manufacturer,Indore,Madhya Pradesh,India,30,59.08,95.39,C,Y
SUP000813,SUP-000813,Bhopal Industrial Supply Co. 0813,contract_manufacturer,Bhopal,Madhya Pradesh,India,45,99.8,93.79,B,Y
SUP000814,SUP-000814,Mangaluru Industrial Supply Co. 0814,approved,Mangaluru,Karnataka,India,45,98.27,96.93,B,Y
SUP000815,SUP-000815,Surat Industrial Supply Co. 0815,approved,Surat,Gujarat,India,15,94.58,97.39,A,Y
SUP000816,SUP-000816,Ahmedabad Industrial Supply Co. 0816,approved,Ahmedabad,Gujarat,India,30,87.66,99.9,B,Y
SUP000817,SUP-000817,Lucknow Industrial Supply Co. 0817,contract_manufacturer,Lucknow,Uttar Pradesh,India,30,83.38,88.13,C,Y
SUP000818,SUP-000818,Bhubaneswar Industrial Supply Co. 0818,approved,Bhubaneswar,Odisha,India,45,82.62,95.5,B,Y
SUP000819,SUP-000819,Surat Industrial Supply Co. 0819,approved,Surat,Gujarat,India,45,88.06,96.59,B,Y
SUP000820,SUP-000820,Vadodara Industrial Supply Co. 0820,approved,Vadodara,Gujarat,India,30,86.02,95.0,B,Y
SUP000821,SUP-000821,Jaipur Industrial Supply Co. 0821,contract_manufacturer,Jaipur,Rajasthan,India,45,91.13,96.57,B,Y
SUP000822,SUP-000822,Warangal Industrial Supply Co. 0822,strategic,Warangal,Telangana,India,15,85.9,98.24,B,Y
SUP000823,SUP-000823,Mangaluru Industrial Supply Co. 0823,approved,Mangaluru,Karnataka,India,45,68.85,99.9,C,Y
SUP000824,SUP-000824,Vijayawada Industrial Supply Co. 0824,strategic,Vijayawada,Andhra Pradesh,India,45,91.25,93.05,B,Y
SUP000825,SUP-000825,Pune Industrial Supply Co. 0825,strategic,Pune,Maharashtra,India,30,80.95,97.24,B,Y
SUP000826,SUP-000826,Delhi Industrial Supply Co. 0826,approved,Delhi,Delhi,India,45,99.8,95.71,B,Y
SUP000827,SUP-000827,Lucknow Industrial Supply Co. 0827,approved,Lucknow,Uttar Pradesh,India,45,99.8,94.09,B,Y
SUP000828,SUP-000828,Agra Industrial Supply Co. 0828,contract_manufacturer,Agra,Uttar Pradesh,India,30,65.21,99.67,C,Y
SUP000829,SUP-000829,Mangaluru Industrial Supply Co. 0829,strategic,Mangaluru,Karnataka,India,45,79.76,92.97,C,Y
SUP000830,SUP-000830,Delhi Industrial Supply Co. 0830,approved,Delhi,Delhi,India,15,99.8,96.27,B,Y
SUP000831,SUP-000831,Surat Industrial Supply Co. 0831,approved,Surat,Gujarat,India,30,85.59,95.9,B,Y
SUP000832,SUP-000832,Warangal Industrial Supply Co. 0832,approved,Warangal,Telangana,India,30,72.77,95.99,C,Y
SUP000833,SUP-000833,Surat Industrial Supply Co. 0833,spot,Surat,Gujarat,India,30,72.77,99.79,C,Y
SUP000834,SUP-000834,Ahmedabad Industrial Supply Co. 0834,strategic,Ahmedabad,Gujarat,India,45,83.85,98.6,B,Y
SUP000835,SUP-000835,Delhi Industrial Supply Co. 0835,approved,Delhi,Delhi,India,60,81.35,97.21,B,Y
SUP000836,SUP-000836,Indore Industrial Supply Co. 0836,approved,Indore,Madhya Pradesh,India,45,97.63,96.14,B,Y
SUP000837,SUP-000837,Noida Industrial Supply Co. 0837,approved,Noida,Uttar Pradesh,India,45,92.43,94.46,B,Y
SUP000838,SUP-000838,Mangaluru Industrial Supply Co. 0838,spot,Mangaluru,Karnataka,India,30,87.35,95.62,B,Y
SUP000839,SUP-000839,Mumbai Industrial Supply Co. 0839,approved,Mumbai,Maharashtra,India,60,85.76,95.59,B,Y
SUP000840,SUP-000840,Agra Industrial Supply Co. 0840,strategic,Agra,Uttar Pradesh,India,60,99.8,97.34,A,Y
SUP000841,SUP-000841,Ahmedabad Industrial Supply Co. 0841,approved,Ahmedabad,Gujarat,India,30,75.05,97.62,C,Y
SUP000842,SUP-000842,Kolkata Industrial Supply Co. 0842,contract_manufacturer,Kolkata,West Bengal,India,60,61.81,97.07,C,Y
SUP000843,SUP-000843,Vijayawada Industrial Supply Co. 0843,strategic,Vijayawada,Andhra Pradesh,India,45,83.12,92.06,B,Y
SUP000844,SUP-000844,Agra Industrial Supply Co. 0844,contract_manufacturer,Agra,Uttar Pradesh,India,30,96.92,97.23,A,Y
SUP000845,SUP-000845,Indore Industrial Supply Co. 0845,approved,Indore,Madhya Pradesh,India,30,83.76,98.82,B,Y
SUP000846,SUP-000846,Kolkata Industrial Supply Co. 0846,contract_manufacturer,Kolkata,West Bengal,India,45,81.79,96.54,B,Y
SUP000847,SUP-000847,Indore Industrial Supply Co. 0847,approved,Indore,Madhya Pradesh,India,15,93.18,98.01,A,Y
SUP000848,SUP-000848,Nagpur Industrial Supply Co. 0848,strategic,Nagpur,Maharashtra,India,30,86.33,99.9,B,Y
SUP000849,SUP-000849,Jaipur Industrial Supply Co. 0849,approved,Jaipur,Rajasthan,India,45,76.13,97.77,C,Y
SUP000850,SUP-000850,Mangaluru Industrial Supply Co. 0850,contract_manufacturer,Mangaluru,Karnataka,India,45,67.09,97.39,C,Y
SUP000851,SUP-000851,Ranchi Industrial Supply Co. 0851,spot,Ranchi,Jharkhand,India,45,84.88,96.01,B,Y
SUP000852,SUP-000852,Ahmedabad Industrial Supply Co. 0852,strategic,Ahmedabad,Gujarat,India,45,84.78,97.54,B,Y
SUP000853,SUP-000853,Mangaluru Industrial Supply Co. 0853,approved,Mangaluru,Karnataka,India,30,67.99,95.14,C,Y
SUP000854,SUP-000854,Warangal Industrial Supply Co. 0854,approved,Warangal,Telangana,India,60,99.8,97.45,A,Y
SUP000855,SUP-000855,Delhi Industrial Supply Co. 0855,approved,Delhi,Delhi,India,30,83.9,95.67,B,Y
SUP000856,SUP-000856,Bhubaneswar Industrial Supply Co. 0856,approved,Bhubaneswar,Odisha,India,60,96.53,93.57,B,Y
SUP000857,SUP-000857,Nashik Industrial Supply Co. 0857,approved,Nashik,Maharashtra,India,30,98.27,98.11,A,Y
SUP000858,SUP-000858,Mangaluru Industrial Supply Co. 0858,spot,Mangaluru,Karnataka,India,15,78.21,94.76,C,Y
SUP000859,SUP-000859,Bhubaneswar Industrial Supply Co. 0859,approved,Bhubaneswar,Odisha,India,30,80.76,99.9,B,Y
SUP000860,SUP-000860,Mumbai Industrial Supply Co. 0860,approved,Mumbai,Maharashtra,India,45,73.64,98.63,C,Y
SUP000861,SUP-000861,Agra Industrial Supply Co. 0861,approved,Agra,Uttar Pradesh,India,30,84.88,94.64,B,Y
SUP000862,SUP-000862,Bengaluru Industrial Supply Co. 0862,spot,Bengaluru,Karnataka,India,45,96.71,92.1,B,Y
SUP000863,SUP-000863,Bhopal Industrial Supply Co. 0863,approved,Bhopal,Madhya Pradesh,India,30,84.88,92.75,B,Y
SUP000864,SUP-000864,Vadodara Industrial Supply Co. 0864,contract_manufacturer,Vadodara,Gujarat,India,30,68.04,90.99,C,Y
SUP000865,SUP-000865,Nagpur Industrial Supply Co. 0865,approved,Nagpur,Maharashtra,India,60,88.45,96.22,B,Y
SUP000866,SUP-000866,Ranchi Industrial Supply Co. 0866,contract_manufacturer,Ranchi,Jharkhand,India,30,83.26,99.44,B,Y
SUP000867,SUP-000867,Noida Industrial Supply Co. 0867,approved,Noida,Uttar Pradesh,India,30,99.16,95.68,B,Y
SUP000868,SUP-000868,Vijayawada Industrial Supply Co. 0868,approved,Vijayawada,Andhra Pradesh,India,15,87.32,99.9,B,Y
SUP000869,SUP-000869,Chandigarh Industrial Supply Co. 0869,approved,Chandigarh,Chandigarh,India,45,83.41,94.93,B,Y
SUP000870,SUP-000870,Noida Industrial Supply Co. 0870,spot,Noida,Uttar Pradesh,India,30,97.73,99.9,A,Y
SUP000871,SUP-000871,Ranchi Industrial Supply Co. 0871,approved,Ranchi,Jharkhand,India,60,95.08,92.0,B,Y
SUP000872,SUP-000872,Mangaluru Industrial Supply Co. 0872,contract_manufacturer,Mangaluru,Karnataka,India,45,88.6,84.38,C,Y
SUP000873,SUP-000873,Ranchi Industrial Supply Co. 0873,strategic,Ranchi,Jharkhand,India,30,83.22,96.87,B,Y
SUP000874,SUP-000874,Bhubaneswar Industrial Supply Co. 0874,contract_manufacturer,Bhubaneswar,Odisha,India,30,87.03,98.31,B,Y
SUP000875,SUP-000875,Kolkata Industrial Supply Co. 0875,approved,Kolkata,West Bengal,India,45,77.82,95.35,C,Y
SUP000876,SUP-000876,Kolkata Industrial Supply Co. 0876,approved,Kolkata,West Bengal,India,45,95.19,92.73,B,Y
SUP000877,SUP-000877,Bhopal Industrial Supply Co. 0877,strategic,Bhopal,Madhya Pradesh,India,15,77.1,95.98,C,Y
SUP000878,SUP-000878,Vadodara Industrial Supply Co. 0878,approved,Vadodara,Gujarat,India,45,85.47,97.23,B,Y
SUP000879,SUP-000879,Noida Industrial Supply Co. 0879,spot,Noida,Uttar Pradesh,India,30,86.48,97.83,B,Y
SUP000880,SUP-000880,Mysuru Industrial Supply Co. 0880,contract_manufacturer,Mysuru,Karnataka,India,45,75.36,96.91,C,Y
SUP000881,SUP-000881,Noida Industrial Supply Co. 0881,approved,Noida,Uttar Pradesh,India,60,88.03,95.13,B,Y
SUP000882,SUP-000882,Jaipur Industrial Supply Co. 0882,strategic,Jaipur,Rajasthan,India,45,98.41,97.55,A,Y
SUP000883,SUP-000883,Surat Industrial Supply Co. 0883,strategic,Surat,Gujarat,India,30,79.46,98.8,C,Y
SUP000884,SUP-000884,Indore Industrial Supply Co. 0884,strategic,Indore,Madhya Pradesh,India,15,95.77,98.99,A,Y
SUP000885,SUP-000885,Jaipur Industrial Supply Co. 0885,approved,Jaipur,Rajasthan,India,60,77.02,97.91,C,Y
SUP000886,SUP-000886,Indore Industrial Supply Co. 0886,approved,Indore,Madhya Pradesh,India,30,80.7,93.33,B,Y
SUP000887,SUP-000887,Hyderabad Industrial Supply Co. 0887,spot,Hyderabad,Telangana,India,30,84.81,99.9,B,Y
SUP000888,SUP-000888,Jaipur Industrial Supply Co. 0888,approved,Jaipur,Rajasthan,India,15,85.63,96.44,B,Y
SUP000889,SUP-000889,Vijayawada Industrial Supply Co. 0889,approved,Vijayawada,Andhra Pradesh,India,30,86.37,96.34,B,Y
SUP000890,SUP-000890,Bhubaneswar Industrial Supply Co. 0890,contract_manufacturer,Bhubaneswar,Odisha,India,30,94.57,99.9,A,Y
SUP000891,SUP-000891,Pune Industrial Supply Co. 0891,spot,Pune,Maharashtra,India,45,82.74,95.07,B,Y
SUP000892,SUP-000892,Ranchi Industrial Supply Co. 0892,strategic,Ranchi,Jharkhand,India,30,92.72,95.44,B,Y
SUP000893,SUP-000893,Hyderabad Industrial Supply Co. 0893,approved,Hyderabad,Telangana,India,30,99.8,92.95,B,Y
SUP000894,SUP-000894,Noida Industrial Supply Co. 0894,spot,Noida,Uttar Pradesh,India,45,86.31,93.47,B,Y
SUP000895,SUP-000895,Agra Industrial Supply Co. 0895,approved,Agra,Uttar Pradesh,India,45,78.88,99.9,C,Y
SUP000896,SUP-000896,Nashik Industrial Supply Co. 0896,contract_manufacturer,Nashik,Maharashtra,India,15,90.38,92.98,B,Y
SUP000897,SUP-000897,Hyderabad Industrial Supply Co. 0897,contract_manufacturer,Hyderabad,Telangana,India,30,77.37,98.06,C,Y
SUP000898,SUP-000898,Pune Industrial Supply Co. 0898,strategic,Pune,Maharashtra,India,45,76.28,95.63,C,Y
SUP000899,SUP-000899,Mumbai Industrial Supply Co. 0899,approved,Mumbai,Maharashtra,India,45,93.77,99.9,A,Y
SUP000900,SUP-000900,Noida Industrial Supply Co. 0900,strategic,Noida,Uttar Pradesh,India,45,87.35,90.47,C,Y
SUP000901,SUP-000901,Ranchi Industrial Supply Co. 0901,approved,Ranchi,Jharkhand,India,30,89.03,96.76,B,Y
SUP000902,SUP-000902,Mumbai Industrial Supply Co. 0902,approved,Mumbai,Maharashtra,India,15,97.93,97.61,A,Y
SUP000903,SUP-000903,Mysuru Industrial Supply Co. 0903,approved,Mysuru,Karnataka,India,30,81.24,95.93,B,Y
SUP000904,SUP-000904,Bhubaneswar Industrial Supply Co. 0904,strategic,Bhubaneswar,Odisha,India,60,76.52,89.19,C,Y
SUP000905,SUP-000905,Vadodara Industrial Supply Co. 0905,strategic,Vadodara,Gujarat,India,30,86.58,94.91,B,Y
SUP000906,SUP-000906,Jaipur Industrial Supply Co. 0906,approved,Jaipur,Rajasthan,India,60,82.28,98.2,B,Y
SUP000907,SUP-000907,Bhopal Industrial Supply Co. 0907,approved,Bhopal,Madhya Pradesh,India,30,90.16,92.24,B,Y
SUP000908,SUP-000908,Delhi Industrial Supply Co. 0908,strategic,Delhi,Delhi,India,60,85.38,97.96,B,Y
SUP000909,SUP-000909,Agra Industrial Supply Co. 0909,approved,Agra,Uttar Pradesh,India,45,89.42,94.82,B,Y
SUP000910,SUP-000910,Pune Industrial Supply Co. 0910,strategic,Pune,Maharashtra,India,45,76.26,91.38,C,Y
SUP000911,SUP-000911,Nagpur Industrial Supply Co. 0911,contract_manufacturer,Nagpur,Maharashtra,India,60,89.35,99.9,B,Y
SUP000912,SUP-000912,Indore Industrial Supply Co. 0912,spot,Indore,Madhya Pradesh,India,30,92.52,93.34,B,Y
SUP000913,SUP-000913,Noida Industrial Supply Co. 0913,approved,Noida,Uttar Pradesh,India,30,81.97,95.77,B,Y
SUP000914,SUP-000914,Noida Industrial Supply Co. 0914,strategic,Noida,Uttar Pradesh,India,30,90.1,96.23,B,Y
SUP000915,SUP-000915,Mangaluru Industrial Supply Co. 0915,approved,Mangaluru,Karnataka,India,30,72.55,95.74,C,Y
SUP000916,SUP-000916,Warangal Industrial Supply Co. 0916,approved,Warangal,Telangana,India,30,86.42,97.53,B,Y
SUP000917,SUP-000917,Vadodara Industrial Supply Co. 0917,approved,Vadodara,Gujarat,India,30,89.61,97.96,B,Y
SUP000918,SUP-000918,Warangal Industrial Supply Co. 0918,approved,Warangal,Telangana,India,45,81.29,95.57,B,Y
SUP000919,SUP-000919,Warangal Industrial Supply Co. 0919,approved,Warangal,Telangana,India,45,79.87,93.37,C,Y
SUP000920,SUP-000920,Nagpur Industrial Supply Co. 0920,approved,Nagpur,Maharashtra,India,45,92.51,91.19,B,Y
SUP000921,SUP-000921,Pune Industrial Supply Co. 0921,approved,Pune,Maharashtra,India,45,82.97,99.9,B,Y
SUP000922,SUP-000922,Bhopal Industrial Supply Co. 0922,approved,Bhopal,Madhya Pradesh,India,30,73.33,95.24,C,Y
SUP000923,SUP-000923,Chandigarh Industrial Supply Co. 0923,contract_manufacturer,Chandigarh,Chandigarh,India,30,98.98,95.59,B,Y
SUP000924,SUP-000924,Nagpur Industrial Supply Co. 0924,approved,Nagpur,Maharashtra,India,60,89.95,94.88,B,Y
SUP000925,SUP-000925,Mysuru Industrial Supply Co. 0925,approved,Mysuru,Karnataka,India,15,75.15,95.82,C,Y
SUP000926,SUP-000926,Hyderabad Industrial Supply Co. 0926,approved,Hyderabad,Telangana,India,45,77.11,97.98,C,Y
SUP000927,SUP-000927,Kolkata Industrial Supply Co. 0927,approved,Kolkata,West Bengal,India,45,80.06,97.28,B,Y
SUP000928,SUP-000928,Vadodara Industrial Supply Co. 0928,approved,Vadodara,Gujarat,India,60,98.6,91.11,B,Y
SUP000929,SUP-000929,Kolkata Industrial Supply Co. 0929,strategic,Kolkata,West Bengal,India,30,87.41,97.13,B,Y
SUP000930,SUP-000930,Mangaluru Industrial Supply Co. 0930,spot,Mangaluru,Karnataka,India,45,93.45,93.64,B,Y
SUP000931,SUP-000931,Bhubaneswar Industrial Supply Co. 0931,approved,Bhubaneswar,Odisha,India,45,92.49,93.66,B,Y
SUP000932,SUP-000932,Vadodara Industrial Supply Co. 0932,strategic,Vadodara,Gujarat,India,45,75.2,96.49,C,Y
SUP000933,SUP-000933,Chandigarh Industrial Supply Co. 0933,contract_manufacturer,Chandigarh,Chandigarh,India,30,90.16,96.23,B,Y
SUP000934,SUP-000934,Indore Industrial Supply Co. 0934,spot,Indore,Madhya Pradesh,India,45,97.11,94.44,B,Y
SUP000935,SUP-000935,Surat Industrial Supply Co. 0935,strategic,Surat,Gujarat,India,60,78.99,98.1,C,Y
SUP000936,SUP-000936,Mumbai Industrial Supply Co. 0936,strategic,Mumbai,Maharashtra,India,60,79.88,98.1,C,Y
SUP000937,SUP-000937,Bhopal Industrial Supply Co. 0937,approved,Bhopal,Madhya Pradesh,India,60,86.05,87.96,C,Y
SUP000938,SUP-000938,Vadodara Industrial Supply Co. 0938,approved,Vadodara,Gujarat,India,45,99.8,98.76,A,Y
SUP000939,SUP-000939,Mysuru Industrial Supply Co. 0939,strategic,Mysuru,Karnataka,India,30,91.22,95.07,B,Y
SUP000940,SUP-000940,Jaipur Industrial Supply Co. 0940,approved,Jaipur,Rajasthan,India,45,81.78,98.18,B,Y
SUP000941,SUP-000941,Lucknow Industrial Supply Co. 0941,approved,Lucknow,Uttar Pradesh,India,45,88.31,91.32,B,Y
SUP000942,SUP-000942,Bhubaneswar Industrial Supply Co. 0942,approved,Bhubaneswar,Odisha,India,60,79.21,93.94,C,Y
SUP000943,SUP-000943,Mumbai Industrial Supply Co. 0943,approved,Mumbai,Maharashtra,India,45,87.63,99.08,B,Y
SUP000944,SUP-000944,Hyderabad Industrial Supply Co. 0944,approved,Hyderabad,Telangana,India,30,62.4,98.54,C,Y
SUP000945,SUP-000945,Vadodara Industrial Supply Co. 0945,approved,Vadodara,Gujarat,India,45,70.53,97.06,C,Y
SUP000946,SUP-000946,Kolkata Industrial Supply Co. 0946,approved,Kolkata,West Bengal,India,45,90.25,93.96,B,Y
SUP000947,SUP-000947,Vijayawada Industrial Supply Co. 0947,strategic,Vijayawada,Andhra Pradesh,India,30,84.03,95.42,B,Y
SUP000948,SUP-000948,Mysuru Industrial Supply Co. 0948,approved,Mysuru,Karnataka,India,30,79.77,95.77,C,Y
SUP000949,SUP-000949,Delhi Industrial Supply Co. 0949,approved,Delhi,Delhi,India,30,79.31,92.61,C,Y
SUP000950,SUP-000950,Ranchi Industrial Supply Co. 0950,approved,Ranchi,Jharkhand,India,60,99.8,97.23,A,Y
SUP000951,SUP-000951,Bengaluru Industrial Supply Co. 0951,strategic,Bengaluru,Karnataka,India,30,69.6,96.05,C,Y
SUP000952,SUP-000952,Nashik Industrial Supply Co. 0952,approved,Nashik,Maharashtra,India,30,99.8,96.02,B,Y
SUP000953,SUP-000953,Pune Industrial Supply Co. 0953,approved,Pune,Maharashtra,India,15,91.71,99.9,B,Y
SUP000954,SUP-000954,Bengaluru Industrial Supply Co. 0954,approved,Bengaluru,Karnataka,India,45,96.14,95.51,B,Y
SUP000955,SUP-000955,Indore Industrial Supply Co. 0955,contract_manufacturer,Indore,Madhya Pradesh,India,45,76.53,96.94,C,Y
SUP000956,SUP-000956,Mysuru Industrial Supply Co. 0956,approved,Mysuru,Karnataka,India,60,95.1,89.48,C,Y
SUP000957,SUP-000957,Noida Industrial Supply Co. 0957,approved,Noida,Uttar Pradesh,India,45,84.44,93.89,B,Y
SUP000958,SUP-000958,Bhubaneswar Industrial Supply Co. 0958,strategic,Bhubaneswar,Odisha,India,30,99.8,90.73,C,Y
SUP000959,SUP-000959,Hyderabad Industrial Supply Co. 0959,contract_manufacturer,Hyderabad,Telangana,India,45,79.6,93.01,C,Y
SUP000960,SUP-000960,Pune Industrial Supply Co. 0960,spot,Pune,Maharashtra,India,30,88.88,91.05,B,Y
SUP000961,SUP-000961,Hyderabad Industrial Supply Co. 0961,approved,Hyderabad,Telangana,India,30,77.88,94.4,C,Y
SUP000962,SUP-000962,Chandigarh Industrial Supply Co. 0962,approved,Chandigarh,Chandigarh,India,30,88.52,98.74,B,Y
SUP000963,SUP-000963,Mumbai Industrial Supply Co. 0963,approved,Mumbai,Maharashtra,India,30,80.44,96.26,B,Y
SUP000964,SUP-000964,Surat Industrial Supply Co. 0964,approved,Surat,Gujarat,India,60,97.21,96.06,B,Y
SUP000965,SUP-000965,Mysuru Industrial Supply Co. 0965,approved,Mysuru,Karnataka,India,45,92.69,97.37,A,Y
SUP000966,SUP-000966,Pune Industrial Supply Co. 0966,strategic,Pune,Maharashtra,India,45,83.81,95.16,B,Y
SUP000967,SUP-000967,Vijayawada Industrial Supply Co. 0967,spot,Vijayawada,Andhra Pradesh,India,15,79.72,94.08,C,Y
SUP000968,SUP-000968,Kolkata Industrial Supply Co. 0968,strategic,Kolkata,West Bengal,India,60,92.03,96.42,B,Y
SUP000969,SUP-000969,Vadodara Industrial Supply Co. 0969,contract_manufacturer,Vadodara,Gujarat,India,45,91.49,96.86,B,Y
SUP000970,SUP-000970,Jaipur Industrial Supply Co. 0970,approved,Jaipur,Rajasthan,India,30,77.74,98.1,C,Y
SUP000971,SUP-000971,Chandigarh Industrial Supply Co. 0971,approved,Chandigarh,Chandigarh,India,30,97.28,99.9,A,Y
SUP000972,SUP-000972,Warangal Industrial Supply Co. 0972,approved,Warangal,Telangana,India,30,91.13,93.43,B,Y
SUP000973,SUP-000973,Vijayawada Industrial Supply Co. 0973,strategic,Vijayawada,Andhra Pradesh,India,30,86.67,99.9,B,Y
SUP000974,SUP-000974,Surat Industrial Supply Co. 0974,strategic,Surat,Gujarat,India,60,83.72,91.56,B,Y
SUP000975,SUP-000975,Mangaluru Industrial Supply Co. 0975,strategic,Mangaluru,Karnataka,India,45,88.76,98.83,B,Y
SUP000976,SUP-000976,Indore Industrial Supply Co. 0976,approved,Indore,Madhya Pradesh,India,60,80.49,98.0,B,Y
SUP000977,SUP-000977,Jaipur Industrial Supply Co. 0977,approved,Jaipur,Rajasthan,India,45,82.32,91.93,B,Y
SUP000978,SUP-000978,Jaipur Industrial Supply Co. 0978,approved,Jaipur,Rajasthan,India,30,82.92,98.75,B,Y
SUP000979,SUP-000979,Bhubaneswar Industrial Supply Co. 0979,approved,Bhubaneswar,Odisha,India,45,90.84,96.23,B,Y
SUP000980,SUP-000980,Indore Industrial Supply Co. 0980,approved,Indore,Madhya Pradesh,India,45,80.01,91.78,B,Y
SUP000981,SUP-000981,Ahmedabad Industrial Supply Co. 0981,approved,Ahmedabad,Gujarat,India,30,85.19,99.9,B,Y
SUP000982,SUP-000982,Warangal Industrial Supply Co. 0982,strategic,Warangal,Telangana,India,45,88.67,93.52,B,Y
SUP000983,SUP-000983,Lucknow Industrial Supply Co. 0983,spot,Lucknow,Uttar Pradesh,India,45,78.4,92.98,C,Y
SUP000984,SUP-000984,Mysuru Industrial Supply Co. 0984,spot,Mysuru,Karnataka,India,60,83.63,95.98,B,Y
SUP000985,SUP-000985,Agra Industrial Supply Co. 0985,strategic,Agra,Uttar Pradesh,India,60,97.17,99.9,A,Y
SUP000986,SUP-000986,Bhubaneswar Industrial Supply Co. 0986,strategic,Bhubaneswar,Odisha,India,45,99.8,94.32,B,Y
SUP000987,SUP-000987,Mumbai Industrial Supply Co. 0987,contract_manufacturer,Mumbai,Maharashtra,India,30,96.38,99.9,A,Y
SUP000988,SUP-000988,Jaipur Industrial Supply Co. 0988,spot,Jaipur,Rajasthan,India,30,90.32,95.68,B,Y
SUP000989,SUP-000989,Hyderabad Industrial Supply Co. 0989,strategic,Hyderabad,Telangana,India,15,78.23,95.15,C,Y
SUP000990,SUP-000990,Bengaluru Industrial Supply Co. 0990,contract_manufacturer,Bengaluru,Karnataka,India,45,80.78,96.23,B,Y
SUP000991,SUP-000991,Ranchi Industrial Supply Co. 0991,strategic,Ranchi,Jharkhand,India,30,85.89,95.46,B,Y
SUP000992,SUP-000992,Mangaluru Industrial Supply Co. 0992,approved,Mangaluru,Karnataka,India,45,91.95,93.43,B,Y
SUP000993,SUP-000993,Kolkata Industrial Supply Co. 0993,spot,Kolkata,West Bengal,India,45,94.29,99.32,A,Y
SUP000994,SUP-000994,Ranchi Industrial Supply Co. 0994,spot,Ranchi,Jharkhand,India,30,96.47,90.75,C,Y
SUP000995,SUP-000995,Mysuru Industrial Supply Co. 0995,approved,Mysuru,Karnataka,India,45,74.22,96.79,C,Y
SUP000996,SUP-000996,Indore Industrial Supply Co. 0996,strategic,Indore,Madhya Pradesh,India,45,93.46,98.12,A,Y
SUP000997,SUP-000997,Surat Industrial Supply Co. 0997,contract_manufacturer,Surat,Gujarat,India,45,65.56,93.61,C,Y
SUP000998,SUP-000998,Ahmedabad Industrial Supply Co. 0998,approved,Ahmedabad,Gujarat,India,30,97.57,95.27,B,Y
SUP000999,SUP-000999,Kolkata Industrial Supply Co. 0999,approved,Kolkata,West Bengal,India,30,80.81,99.9,B,Y
SUP001000,SUP-001000,Vadodara Industrial Supply Co. 1000,approved,Vadodara,Gujarat,India,45,77.23,93.8,C,Y
SUP001001,SUP-001001,Delhi Industrial Supply Co. 1001,contract_manufacturer,Delhi,Delhi,India,30,81.5,99.78,B,Y
SUP001002,SUP-001002,Bhubaneswar Industrial Supply Co. 1002,approved,Bhubaneswar,Odisha,India,60,82.93,95.77,B,Y
SUP001003,SUP-001003,Pune Industrial Supply Co. 1003,spot,Pune,Maharashtra,India,45,79.02,95.7,C,Y
SUP001004,SUP-001004,Vadodara Industrial Supply Co. 1004,spot,Vadodara,Gujarat,India,30,99.8,94.82,B,Y
SUP001005,SUP-001005,Chandigarh Industrial Supply Co. 1005,strategic,Chandigarh,Chandigarh,India,60,99.8,88.65,C,Y
SUP001006,SUP-001006,Agra Industrial Supply Co. 1006,strategic,Agra,Uttar Pradesh,India,30,99.8,94.34,B,Y
SUP001007,SUP-001007,Bhubaneswar Industrial Supply Co. 1007,approved,Bhubaneswar,Odisha,India,30,92.59,99.9,A,Y
SUP001008,SUP-001008,Hyderabad Industrial Supply Co. 1008,spot,Hyderabad,Telangana,India,30,83.17,96.26,B,Y
SUP001009,SUP-001009,Vadodara Industrial Supply Co. 1009,spot,Vadodara,Gujarat,India,15,84.39,92.47,B,Y
SUP001010,SUP-001010,Agra Industrial Supply Co. 1010,approved,Agra,Uttar Pradesh,India,30,96.63,93.86,B,Y
SUP001011,SUP-001011,Hyderabad Industrial Supply Co. 1011,strategic,Hyderabad,Telangana,India,30,93.63,94.28,B,Y
SUP001012,SUP-001012,Lucknow Industrial Supply Co. 1012,strategic,Lucknow,Uttar Pradesh,India,30,99.8,95.69,B,Y
SUP001013,SUP-001013,Chandigarh Industrial Supply Co. 1013,approved,Chandigarh,Chandigarh,India,45,90.57,98.64,B,Y
SUP001014,SUP-001014,Bhubaneswar Industrial Supply Co. 1014,approved,Bhubaneswar,Odisha,India,60,93.66,97.37,A,Y
SUP001015,SUP-001015,Vijayawada Industrial Supply Co. 1015,contract_manufacturer,Vijayawada,Andhra Pradesh,India,45,89.48,97.98,B,Y
SUP001016,SUP-001016,Ahmedabad Industrial Supply Co. 1016,approved,Ahmedabad,Gujarat,India,60,93.03,98.33,A,Y
SUP001017,SUP-001017,Noida Industrial Supply Co. 1017,strategic,Noida,Uttar Pradesh,India,30,92.62,94.85,B,Y
SUP001018,SUP-001018,Delhi Industrial Supply Co. 1018,contract_manufacturer,Delhi,Delhi,India,45,74.29,97.35,C,Y
SUP001019,SUP-001019,Warangal Industrial Supply Co. 1019,approved,Warangal,Telangana,India,30,95.82,94.61,B,Y
SUP001020,SUP-001020,Vijayawada Industrial Supply Co. 1020,approved,Vijayawada,Andhra Pradesh,India,15,94.57,99.9,A,Y
SUP001021,SUP-001021,Lucknow Industrial Supply Co. 1021,spot,Lucknow,Uttar Pradesh,India,15,86.86,94.0,B,Y
SUP001022,SUP-001022,Pune Industrial Supply Co. 1022,spot,Pune,Maharashtra,India,30,85.51,94.93,B,Y
SUP001023,SUP-001023,Indore Industrial Supply Co. 1023,spot,Indore,Madhya Pradesh,India,30,87.03,99.9,B,Y
SUP001024,SUP-001024,Jaipur Industrial Supply Co. 1024,contract_manufacturer,Jaipur,Rajasthan,India,30,85.75,98.0,B,Y
SUP001025,SUP-001025,Lucknow Industrial Supply Co. 1025,strategic,Lucknow,Uttar Pradesh,India,30,93.01,99.08,A,Y
SUP001026,SUP-001026,Bhopal Industrial Supply Co. 1026,approved,Bhopal,Madhya Pradesh,India,30,69.72,95.15,C,Y
SUP001027,SUP-001027,Hyderabad Industrial Supply Co. 1027,contract_manufacturer,Hyderabad,Telangana,India,30,84.6,90.81,C,Y
SUP001028,SUP-001028,Indore Industrial Supply Co. 1028,approved,Indore,Madhya Pradesh,India,45,89.65,88.89,C,Y
SUP001029,SUP-001029,Mysuru Industrial Supply Co. 1029,approved,Mysuru,Karnataka,India,30,91.67,98.54,B,Y
SUP001030,SUP-001030,Mumbai Industrial Supply Co. 1030,approved,Mumbai,Maharashtra,India,30,74.7,94.26,C,Y
SUP001031,SUP-001031,Agra Industrial Supply Co. 1031,approved,Agra,Uttar Pradesh,India,15,97.04,91.49,B,Y
SUP001032,SUP-001032,Mysuru Industrial Supply Co. 1032,spot,Mysuru,Karnataka,India,60,83.78,99.9,B,Y
SUP001033,SUP-001033,Mumbai Industrial Supply Co. 1033,spot,Mumbai,Maharashtra,India,30,78.21,99.9,C,Y
SUP001034,SUP-001034,Lucknow Industrial Supply Co. 1034,strategic,Lucknow,Uttar Pradesh,India,15,83.3,96.85,B,Y
SUP001035,SUP-001035,Pune Industrial Supply Co. 1035,strategic,Pune,Maharashtra,India,30,86.67,96.78,B,Y
SUP001036,SUP-001036,Bhubaneswar Industrial Supply Co. 1036,approved,Bhubaneswar,Odisha,India,30,97.44,97.66,A,Y
SUP001037,SUP-001037,Nagpur Industrial Supply Co. 1037,approved,Nagpur,Maharashtra,India,15,77.89,95.79,C,Y
SUP001038,SUP-001038,Noida Industrial Supply Co. 1038,spot,Noida,Uttar Pradesh,India,30,85.06,95.29,B,Y
SUP001039,SUP-001039,Agra Industrial Supply Co. 1039,approved,Agra,Uttar Pradesh,India,30,99.19,96.31,B,Y
SUP001040,SUP-001040,Pune Industrial Supply Co. 1040,approved,Pune,Maharashtra,India,30,79.2,96.14,C,Y
SUP001041,SUP-001041,Ranchi Industrial Supply Co. 1041,approved,Ranchi,Jharkhand,India,15,95.43,94.5,B,Y
SUP001042,SUP-001042,Indore Industrial Supply Co. 1042,approved,Indore,Madhya Pradesh,India,45,83.2,99.14,B,Y
SUP001043,SUP-001043,Hyderabad Industrial Supply Co. 1043,approved,Hyderabad,Telangana,India,30,99.8,98.0,A,Y
SUP001044,SUP-001044,Bengaluru Industrial Supply Co. 1044,spot,Bengaluru,Karnataka,India,30,98.37,95.4,B,Y
SUP001045,SUP-001045,Vijayawada Industrial Supply Co. 1045,spot,Vijayawada,Andhra Pradesh,India,45,82.29,93.51,B,Y
SUP001046,SUP-001046,Mumbai Industrial Supply Co. 1046,contract_manufacturer,Mumbai,Maharashtra,India,45,94.56,93.25,B,Y
SUP001047,SUP-001047,Jaipur Industrial Supply Co. 1047,approved,Jaipur,Rajasthan,India,30,89.96,99.9,B,Y
SUP001048,SUP-001048,Hyderabad Industrial Supply Co. 1048,strategic,Hyderabad,Telangana,India,15,75.8,91.76,C,Y
SUP001049,SUP-001049,Agra Industrial Supply Co. 1049,approved,Agra,Uttar Pradesh,India,60,86.59,97.31,B,Y
SUP001050,SUP-001050,Nagpur Industrial Supply Co. 1050,approved,Nagpur,Maharashtra,India,45,82.99,96.32,B,Y
SUP001051,SUP-001051,Kolkata Industrial Supply Co. 1051,spot,Kolkata,West Bengal,India,15,74.48,96.27,C,Y
SUP001052,SUP-001052,Jaipur Industrial Supply Co. 1052,contract_manufacturer,Jaipur,Rajasthan,India,45,78.04,94.52,C,Y
SUP001053,SUP-001053,Hyderabad Industrial Supply Co. 1053,contract_manufacturer,Hyderabad,Telangana,India,45,92.63,99.9,A,Y
SUP001054,SUP-001054,Mumbai Industrial Supply Co. 1054,approved,Mumbai,Maharashtra,India,45,89.58,91.39,B,Y
SUP001055,SUP-001055,Ahmedabad Industrial Supply Co. 1055,spot,Ahmedabad,Gujarat,India,45,81.48,96.87,B,Y
SUP001056,SUP-001056,Bengaluru Industrial Supply Co. 1056,contract_manufacturer,Bengaluru,Karnataka,India,45,86.69,96.78,B,Y
SUP001057,SUP-001057,Ahmedabad Industrial Supply Co. 1057,approved,Ahmedabad,Gujarat,India,60,87.66,96.0,B,Y
SUP001058,SUP-001058,Jaipur Industrial Supply Co. 1058,contract_manufacturer,Jaipur,Rajasthan,India,30,88.67,96.12,B,Y
SUP001059,SUP-001059,Ranchi Industrial Supply Co. 1059,spot,Ranchi,Jharkhand,India,30,91.04,93.23,B,Y
SUP001060,SUP-001060,Chandigarh Industrial Supply Co. 1060,approved,Chandigarh,Chandigarh,India,30,99.23,91.36,B,Y
SUP001061,SUP-001061,Surat Industrial Supply Co. 1061,strategic,Surat,Gujarat,India,30,71.79,91.3,C,Y
SUP001062,SUP-001062,Mysuru Industrial Supply Co. 1062,strategic,Mysuru,Karnataka,India,45,94.39,91.47,B,Y
SUP001063,SUP-001063,Kolkata Industrial Supply Co. 1063,approved,Kolkata,West Bengal,India,45,92.14,99.78,A,Y
SUP001064,SUP-001064,Chandigarh Industrial Supply Co. 1064,approved,Chandigarh,Chandigarh,India,30,89.36,98.73,B,Y
SUP001065,SUP-001065,Ahmedabad Industrial Supply Co. 1065,approved,Ahmedabad,Gujarat,India,60,83.91,96.1,B,Y
SUP001066,SUP-001066,Vijayawada Industrial Supply Co. 1066,approved,Vijayawada,Andhra Pradesh,India,30,71.42,96.19,C,Y
SUP001067,SUP-001067,Hyderabad Industrial Supply Co. 1067,approved,Hyderabad,Telangana,India,45,87.51,99.9,B,Y
SUP001068,SUP-001068,Warangal Industrial Supply Co. 1068,spot,Warangal,Telangana,India,30,87.24,95.43,B,Y
SUP001069,SUP-001069,Indore Industrial Supply Co. 1069,approved,Indore,Madhya Pradesh,India,15,88.82,94.18,B,Y
SUP001070,SUP-001070,Agra Industrial Supply Co. 1070,approved,Agra,Uttar Pradesh,India,30,77.12,93.84,C,Y
SUP001071,SUP-001071,Vijayawada Industrial Supply Co. 1071,approved,Vijayawada,Andhra Pradesh,India,30,88.75,99.52,B,Y
SUP001072,SUP-001072,Indore Industrial Supply Co. 1072,spot,Indore,Madhya Pradesh,India,45,92.23,95.38,B,Y
SUP001073,SUP-001073,Warangal Industrial Supply Co. 1073,spot,Warangal,Telangana,India,45,89.71,96.28,B,Y
SUP001074,SUP-001074,Nashik Industrial Supply Co. 1074,approved,Nashik,Maharashtra,India,30,80.64,93.56,B,Y
SUP001075,SUP-001075,Ranchi Industrial Supply Co. 1075,contract_manufacturer,Ranchi,Jharkhand,India,30,79.65,97.64,C,Y
SUP001076,SUP-001076,Jaipur Industrial Supply Co. 1076,approved,Jaipur,Rajasthan,India,45,86.84,95.66,B,Y
SUP001077,SUP-001077,Mangaluru Industrial Supply Co. 1077,strategic,Mangaluru,Karnataka,India,30,93.41,97.93,A,Y
SUP001078,SUP-001078,Mumbai Industrial Supply Co. 1078,approved,Mumbai,Maharashtra,India,45,77.92,93.73,C,Y
SUP001079,SUP-001079,Agra Industrial Supply Co. 1079,approved,Agra,Uttar Pradesh,India,45,96.45,94.52,B,Y
SUP001080,SUP-001080,Agra Industrial Supply Co. 1080,approved,Agra,Uttar Pradesh,India,60,91.83,91.64,B,Y
SUP001081,SUP-001081,Surat Industrial Supply Co. 1081,spot,Surat,Gujarat,India,45,86.6,95.76,B,Y
SUP001082,SUP-001082,Bhubaneswar Industrial Supply Co. 1082,spot,Bhubaneswar,Odisha,India,45,96.83,89.24,C,Y
SUP001083,SUP-001083,Bhopal Industrial Supply Co. 1083,contract_manufacturer,Bhopal,Madhya Pradesh,India,60,87.57,99.9,B,Y
SUP001084,SUP-001084,Delhi Industrial Supply Co. 1084,approved,Delhi,Delhi,India,30,78.54,95.0,C,Y
SUP001085,SUP-001085,Indore Industrial Supply Co. 1085,strategic,Indore,Madhya Pradesh,India,45,86.8,99.9,B,Y
SUP001086,SUP-001086,Lucknow Industrial Supply Co. 1086,approved,Lucknow,Uttar Pradesh,India,30,84.81,94.47,B,Y
SUP001087,SUP-001087,Bhopal Industrial Supply Co. 1087,strategic,Bhopal,Madhya Pradesh,India,45,89.12,99.9,B,Y
SUP001088,SUP-001088,Agra Industrial Supply Co. 1088,spot,Agra,Uttar Pradesh,India,15,77.31,95.25,C,Y
SUP001089,SUP-001089,Chandigarh Industrial Supply Co. 1089,approved,Chandigarh,Chandigarh,India,30,91.31,99.13,B,Y
SUP001090,SUP-001090,Agra Industrial Supply Co. 1090,strategic,Agra,Uttar Pradesh,India,45,99.8,97.78,A,Y
SUP001091,SUP-001091,Indore Industrial Supply Co. 1091,approved,Indore,Madhya Pradesh,India,45,84.45,93.52,B,Y
SUP001092,SUP-001092,Mangaluru Industrial Supply Co. 1092,approved,Mangaluru,Karnataka,India,45,85.93,97.06,B,Y
SUP001093,SUP-001093,Kolkata Industrial Supply Co. 1093,approved,Kolkata,West Bengal,India,45,88.9,95.11,B,Y
SUP001094,SUP-001094,Nagpur Industrial Supply Co. 1094,approved,Nagpur,Maharashtra,India,45,84.53,98.22,B,Y
SUP001095,SUP-001095,Delhi Industrial Supply Co. 1095,contract_manufacturer,Delhi,Delhi,India,30,83.27,96.83,B,Y
SUP001096,SUP-001096,Noida Industrial Supply Co. 1096,approved,Noida,Uttar Pradesh,India,45,83.67,93.71,B,Y
SUP001097,SUP-001097,Kolkata Industrial Supply Co. 1097,approved,Kolkata,West Bengal,India,45,75.0,98.78,C,Y
SUP001098,SUP-001098,Ahmedabad Industrial Supply Co. 1098,strategic,Ahmedabad,Gujarat,India,30,87.53,94.67,B,Y
SUP001099,SUP-001099,Jaipur Industrial Supply Co. 1099,approved,Jaipur,Rajasthan,India,45,91.35,94.04,B,Y
SUP001100,SUP-001100,Chandigarh Industrial Supply Co. 1100,approved,Chandigarh,Chandigarh,India,60,83.65,98.95,B,Y
SUP001101,SUP-001101,Bengaluru Industrial Supply Co. 1101,strategic,Bengaluru,Karnataka,India,60,92.9,99.9,A,Y
SUP001102,SUP-001102,Bhubaneswar Industrial Supply Co. 1102,approved,Bhubaneswar,Odisha,India,15,93.49,99.4,A,Y
SUP001103,SUP-001103,Indore Industrial Supply Co. 1103,contract_manufacturer,Indore,Madhya Pradesh,India,30,88.01,99.9,B,Y
SUP001104,SUP-001104,Nashik Industrial Supply Co. 1104,strategic,Nashik,Maharashtra,India,30,90.66,95.73,B,Y
SUP001105,SUP-001105,Indore Industrial Supply Co. 1105,approved,Indore,Madhya Pradesh,India,45,90.46,93.86,B,Y
SUP001106,SUP-001106,Mumbai Industrial Supply Co. 1106,approved,Mumbai,Maharashtra,India,30,88.0,93.85,B,Y
SUP001107,SUP-001107,Warangal Industrial Supply Co. 1107,approved,Warangal,Telangana,India,30,67.2,99.9,C,Y
SUP001108,SUP-001108,Lucknow Industrial Supply Co. 1108,strategic,Lucknow,Uttar Pradesh,India,45,64.1,96.75,C,Y
SUP001109,SUP-001109,Bengaluru Industrial Supply Co. 1109,spot,Bengaluru,Karnataka,India,45,84.22,92.72,B,Y
SUP001110,SUP-001110,Bhubaneswar Industrial Supply Co. 1110,contract_manufacturer,Bhubaneswar,Odisha,India,30,84.63,97.09,B,Y
SUP001111,SUP-001111,Nashik Industrial Supply Co. 1111,approved,Nashik,Maharashtra,India,30,68.32,95.49,C,Y
SUP001112,SUP-001112,Mysuru Industrial Supply Co. 1112,contract_manufacturer,Mysuru,Karnataka,India,30,76.06,96.74,C,Y
SUP001113,SUP-001113,Nagpur Industrial Supply Co. 1113,approved,Nagpur,Maharashtra,India,30,92.25,96.79,B,Y
SUP001114,SUP-001114,Bhubaneswar Industrial Supply Co. 1114,approved,Bhubaneswar,Odisha,India,60,86.77,99.9,B,Y
SUP001115,SUP-001115,Bengaluru Industrial Supply Co. 1115,spot,Bengaluru,Karnataka,India,30,99.8,92.89,B,Y
SUP001116,SUP-001116,Mysuru Industrial Supply Co. 1116,contract_manufacturer,Mysuru,Karnataka,India,45,88.56,95.97,B,Y
SUP001117,SUP-001117,Mysuru Industrial Supply Co. 1117,strategic,Mysuru,Karnataka,India,30,93.67,94.44,B,Y
SUP001118,SUP-001118,Noida Industrial Supply Co. 1118,strategic,Noida,Uttar Pradesh,India,15,98.61,96.21,B,Y
SUP001119,SUP-001119,Ranchi Industrial Supply Co. 1119,approved,Ranchi,Jharkhand,India,45,89.9,92.71,B,Y
SUP001120,SUP-001120,Lucknow Industrial Supply Co. 1120,approved,Lucknow,Uttar Pradesh,India,45,92.21,99.9,A,Y
SUP001121,SUP-001121,Vadodara Industrial Supply Co. 1121,approved,Vadodara,Gujarat,India,30,98.73,94.7,B,Y
SUP001122,SUP-001122,Kolkata Industrial Supply Co. 1122,contract_manufacturer,Kolkata,West Bengal,India,30,87.89,99.9,B,Y
SUP001123,SUP-001123,Bhubaneswar Industrial Supply Co. 1123,approved,Bhubaneswar,Odisha,India,60,90.27,99.54,B,Y
SUP001124,SUP-001124,Delhi Industrial Supply Co. 1124,spot,Delhi,Delhi,India,45,94.35,89.93,C,Y
SUP001125,SUP-001125,Bhubaneswar Industrial Supply Co. 1125,contract_manufacturer,Bhubaneswar,Odisha,India,45,85.24,91.13,B,Y
SUP001126,SUP-001126,Mangaluru Industrial Supply Co. 1126,strategic,Mangaluru,Karnataka,India,30,86.77,92.43,B,Y
SUP001127,SUP-001127,Indore Industrial Supply Co. 1127,approved,Indore,Madhya Pradesh,India,60,92.52,97.91,A,Y
SUP001128,SUP-001128,Chandigarh Industrial Supply Co. 1128,approved,Chandigarh,Chandigarh,India,45,84.28,96.23,B,Y
SUP001129,SUP-001129,Indore Industrial Supply Co. 1129,contract_manufacturer,Indore,Madhya Pradesh,India,15,95.97,95.55,B,Y
SUP001130,SUP-001130,Surat Industrial Supply Co. 1130,spot,Surat,Gujarat,India,30,86.86,96.3,B,Y
SUP001131,SUP-001131,Bengaluru Industrial Supply Co. 1131,approved,Bengaluru,Karnataka,India,15,84.52,97.89,B,Y
SUP001132,SUP-001132,Chandigarh Industrial Supply Co. 1132,spot,Chandigarh,Chandigarh,India,30,59.39,95.55,C,Y
SUP001133,SUP-001133,Bengaluru Industrial Supply Co. 1133,spot,Bengaluru,Karnataka,India,30,85.4,95.51,B,Y
SUP001134,SUP-001134,Mangaluru Industrial Supply Co. 1134,approved,Mangaluru,Karnataka,India,45,89.05,95.0,B,Y
SUP001135,SUP-001135,Surat Industrial Supply Co. 1135,contract_manufacturer,Surat,Gujarat,India,45,79.23,92.02,C,Y
SUP001136,SUP-001136,Delhi Industrial Supply Co. 1136,approved,Delhi,Delhi,India,30,99.8,94.63,B,Y
SUP001137,SUP-001137,Vadodara Industrial Supply Co. 1137,approved,Vadodara,Gujarat,India,45,85.68,94.38,B,Y
SUP001138,SUP-001138,Agra Industrial Supply Co. 1138,approved,Agra,Uttar Pradesh,India,45,85.04,99.9,B,Y
SUP001139,SUP-001139,Indore Industrial Supply Co. 1139,strategic,Indore,Madhya Pradesh,India,45,86.71,99.13,B,Y
SUP001140,SUP-001140,Vadodara Industrial Supply Co. 1140,spot,Vadodara,Gujarat,India,30,92.28,98.47,A,Y
SUP001141,SUP-001141,Vijayawada Industrial Supply Co. 1141,approved,Vijayawada,Andhra Pradesh,India,45,99.8,92.88,B,Y
SUP001142,SUP-001142,Ahmedabad Industrial Supply Co. 1142,strategic,Ahmedabad,Gujarat,India,30,67.57,95.06,C,Y
SUP001143,SUP-001143,Bhopal Industrial Supply Co. 1143,contract_manufacturer,Bhopal,Madhya Pradesh,India,45,91.09,97.05,B,Y
SUP001144,SUP-001144,Warangal Industrial Supply Co. 1144,strategic,Warangal,Telangana,India,45,93.8,99.9,A,Y
SUP001145,SUP-001145,Noida Industrial Supply Co. 1145,approved,Noida,Uttar Pradesh,India,15,92.47,99.9,A,Y
SUP001146,SUP-001146,Ranchi Industrial Supply Co. 1146,spot,Ranchi,Jharkhand,India,30,90.71,99.23,B,Y
SUP001147,SUP-001147,Surat Industrial Supply Co. 1147,approved,Surat,Gujarat,India,45,84.59,92.44,B,Y
SUP001148,SUP-001148,Ahmedabad Industrial Supply Co. 1148,contract_manufacturer,Ahmedabad,Gujarat,India,30,90.92,97.67,B,Y
SUP001149,SUP-001149,Agra Industrial Supply Co. 1149,approved,Agra,Uttar Pradesh,India,60,88.08,98.56,B,Y
SUP001150,SUP-001150,Agra Industrial Supply Co. 1150,approved,Agra,Uttar Pradesh,India,30,96.04,97.76,A,Y
SUP001151,SUP-001151,Delhi Industrial Supply Co. 1151,approved,Delhi,Delhi,India,60,90.01,99.9,B,Y
SUP001152,SUP-001152,Nagpur Industrial Supply Co. 1152,contract_manufacturer,Nagpur,Maharashtra,India,45,81.72,96.16,B,Y
SUP001153,SUP-001153,Noida Industrial Supply Co. 1153,approved,Noida,Uttar Pradesh,India,30,99.8,93.57,B,Y
SUP001154,SUP-001154,Mangaluru Industrial Supply Co. 1154,approved,Mangaluru,Karnataka,India,30,74.91,94.27,C,Y
SUP001155,SUP-001155,Jaipur Industrial Supply Co. 1155,approved,Jaipur,Rajasthan,India,15,81.52,97.2,B,Y
SUP001156,SUP-001156,Mangaluru Industrial Supply Co. 1156,approved,Mangaluru,Karnataka,India,45,87.41,99.0,B,Y
SUP001157,SUP-001157,Nagpur Industrial Supply Co. 1157,approved,Nagpur,Maharashtra,India,60,90.85,93.31,B,Y
SUP001158,SUP-001158,Mangaluru Industrial Supply Co. 1158,strategic,Mangaluru,Karnataka,India,30,78.28,92.35,C,Y
SUP001159,SUP-001159,Kolkata Industrial Supply Co. 1159,approved,Kolkata,West Bengal,India,30,82.48,96.9,B,Y
SUP001160,SUP-001160,Ranchi Industrial Supply Co. 1160,approved,Ranchi,Jharkhand,India,45,90.62,99.9,B,Y
SUP001161,SUP-001161,Bhopal Industrial Supply Co. 1161,strategic,Bhopal,Madhya Pradesh,India,30,77.94,92.2,C,Y
SUP001162,SUP-001162,Kolkata Industrial Supply Co. 1162,approved,Kolkata,West Bengal,India,45,97.4,95.95,B,Y
SUP001163,SUP-001163,Delhi Industrial Supply Co. 1163,approved,Delhi,Delhi,India,45,97.01,94.96,B,Y
SUP001164,SUP-001164,Ahmedabad Industrial Supply Co. 1164,approved,Ahmedabad,Gujarat,India,45,93.26,93.81,B,Y
SUP001165,SUP-001165,Pune Industrial Supply Co. 1165,approved,Pune,Maharashtra,India,45,82.7,99.9,B,Y
SUP001166,SUP-001166,Mangaluru Industrial Supply Co. 1166,approved,Mangaluru,Karnataka,India,30,78.29,95.72,C,Y
SUP001167,SUP-001167,Indore Industrial Supply Co. 1167,approved,Indore,Madhya Pradesh,India,45,84.81,92.73,B,Y
SUP001168,SUP-001168,Mangaluru Industrial Supply Co. 1168,strategic,Mangaluru,Karnataka,India,30,99.2,97.39,A,Y
SUP001169,SUP-001169,Indore Industrial Supply Co. 1169,approved,Indore,Madhya Pradesh,India,45,83.94,99.81,B,Y
SUP001170,SUP-001170,Nashik Industrial Supply Co. 1170,approved,Nashik,Maharashtra,India,45,73.91,97.69,C,Y
SUP001171,SUP-001171,Lucknow Industrial Supply Co. 1171,approved,Lucknow,Uttar Pradesh,India,45,83.37,95.69,B,Y
SUP001172,SUP-001172,Jaipur Industrial Supply Co. 1172,approved,Jaipur,Rajasthan,India,30,85.47,94.96,B,Y
SUP001173,SUP-001173,Mangaluru Industrial Supply Co. 1173,approved,Mangaluru,Karnataka,India,30,90.81,89.55,C,Y
SUP001174,SUP-001174,Nagpur Industrial Supply Co. 1174,strategic,Nagpur,Maharashtra,India,30,83.15,99.57,B,Y
SUP001175,SUP-001175,Pune Industrial Supply Co. 1175,contract_manufacturer,Pune,Maharashtra,India,30,79.55,97.23,C,Y
SUP001176,SUP-001176,Nagpur Industrial Supply Co. 1176,strategic,Nagpur,Maharashtra,India,30,79.87,97.31,C,Y
SUP001177,SUP-001177,Surat Industrial Supply Co. 1177,approved,Surat,Gujarat,India,30,94.68,94.19,B,Y
SUP001178,SUP-001178,Jaipur Industrial Supply Co. 1178,approved,Jaipur,Rajasthan,India,60,88.62,94.06,B,Y
SUP001179,SUP-001179,Agra Industrial Supply Co. 1179,approved,Agra,Uttar Pradesh,India,45,89.16,91.35,B,Y
SUP001180,SUP-001180,Nagpur Industrial Supply Co. 1180,approved,Nagpur,Maharashtra,India,45,84.62,99.9,B,Y
SUP001181,SUP-001181,Delhi Industrial Supply Co. 1181,strategic,Delhi,Delhi,India,15,87.53,98.48,B,Y
SUP001182,SUP-001182,Bengaluru Industrial Supply Co. 1182,spot,Bengaluru,Karnataka,India,45,90.45,96.84,B,Y
SUP001183,SUP-001183,Mangaluru Industrial Supply Co. 1183,approved,Mangaluru,Karnataka,India,45,95.09,90.34,C,Y
SUP001184,SUP-001184,Chandigarh Industrial Supply Co. 1184,approved,Chandigarh,Chandigarh,India,30,90.6,98.1,B,Y
SUP001185,SUP-001185,Pune Industrial Supply Co. 1185,approved,Pune,Maharashtra,India,45,92.4,96.72,B,Y
SUP001186,SUP-001186,Vijayawada Industrial Supply Co. 1186,approved,Vijayawada,Andhra Pradesh,India,30,91.88,99.9,B,Y
SUP001187,SUP-001187,Mumbai Industrial Supply Co. 1187,spot,Mumbai,Maharashtra,India,60,99.8,97.71,A,Y
SUP001188,SUP-001188,Mangaluru Industrial Supply Co. 1188,approved,Mangaluru,Karnataka,India,30,86.79,95.29,B,Y
SUP001189,SUP-001189,Ahmedabad Industrial Supply Co. 1189,contract_manufacturer,Ahmedabad,Gujarat,India,30,89.13,95.12,B,Y
SUP001190,SUP-001190,Pune Industrial Supply Co. 1190,approved,Pune,Maharashtra,India,30,75.25,92.46,C,Y
SUP001191,SUP-001191,Chandigarh Industrial Supply Co. 1191,approved,Chandigarh,Chandigarh,India,30,91.21,96.41,B,Y
SUP001192,SUP-001192,Bhubaneswar Industrial Supply Co. 1192,spot,Bhubaneswar,Odisha,India,30,69.66,94.96,C,Y
SUP001193,SUP-001193,Pune Industrial Supply Co. 1193,strategic,Pune,Maharashtra,India,60,75.46,99.8,C,Y
SUP001194,SUP-001194,Jaipur Industrial Supply Co. 1194,strategic,Jaipur,Rajasthan,India,45,75.72,93.39,C,Y
SUP001195,SUP-001195,Nashik Industrial Supply Co. 1195,approved,Nashik,Maharashtra,India,45,84.71,95.61,B,Y
SUP001196,SUP-001196,Indore Industrial Supply Co. 1196,approved,Indore,Madhya Pradesh,India,45,79.51,89.92,C,Y
SUP001197,SUP-001197,Jaipur Industrial Supply Co. 1197,strategic,Jaipur,Rajasthan,India,30,84.74,99.47,B,Y
SUP001198,SUP-001198,Indore Industrial Supply Co. 1198,contract_manufacturer,Indore,Madhya Pradesh,India,30,99.8,96.3,B,Y
SUP001199,SUP-001199,Nagpur Industrial Supply Co. 1199,strategic,Nagpur,Maharashtra,India,30,68.18,94.14,C,Y
SUP001200,SUP-001200,Bengaluru Industrial Supply Co. 1200,approved,Bengaluru,Karnataka,India,30,99.8,95.37,B,Y
SUP001201,SUP-001201,Nashik Industrial Supply Co. 1201,approved,Nashik,Maharashtra,India,60,99.33,94.31,B,Y
SUP001202,SUP-001202,Nashik Industrial Supply Co. 1202,strategic,Nashik,Maharashtra,India,30,82.93,96.0,B,Y
SUP001203,SUP-001203,Vijayawada Industrial Supply Co. 1203,spot,Vijayawada,Andhra Pradesh,India,30,94.9,96.58,B,Y
SUP001204,SUP-001204,Delhi Industrial Supply Co. 1204,approved,Delhi,Delhi,India,30,93.25,91.38,B,Y
SUP001205,SUP-001205,Mumbai Industrial Supply Co. 1205,contract_manufacturer,Mumbai,Maharashtra,India,45,97.46,93.37,B,Y
SUP001206,SUP-001206,Delhi Industrial Supply Co. 1206,approved,Delhi,Delhi,India,45,78.79,93.39,C,Y
SUP001207,SUP-001207,Mysuru Industrial Supply Co. 1207,approved,Mysuru,Karnataka,India,15,92.73,95.79,B,Y
SUP001208,SUP-001208,Lucknow Industrial Supply Co. 1208,approved,Lucknow,Uttar Pradesh,India,60,85.93,95.42,B,Y
SUP001209,SUP-001209,Jaipur Industrial Supply Co. 1209,contract_manufacturer,Jaipur,Rajasthan,India,30,88.11,98.41,B,Y
SUP001210,SUP-001210,Nagpur Industrial Supply Co. 1210,approved,Nagpur,Maharashtra,India,15,91.65,93.07,B,Y
SUP001211,SUP-001211,Ranchi Industrial Supply Co. 1211,contract_manufacturer,Ranchi,Jharkhand,India,45,70.73,92.65,C,Y
SUP001212,SUP-001212,Lucknow Industrial Supply Co. 1212,approved,Lucknow,Uttar Pradesh,India,30,89.62,99.9,B,Y
SUP001213,SUP-001213,Pune Industrial Supply Co. 1213,strategic,Pune,Maharashtra,India,45,98.73,90.55,C,Y
SUP001214,SUP-001214,Noida Industrial Supply Co. 1214,contract_manufacturer,Noida,Uttar Pradesh,India,60,78.95,96.86,C,Y
SUP001215,SUP-001215,Mangaluru Industrial Supply Co. 1215,approved,Mangaluru,Karnataka,India,60,95.78,98.71,A,Y
SUP001216,SUP-001216,Nashik Industrial Supply Co. 1216,approved,Nashik,Maharashtra,India,30,79.61,98.64,C,Y
SUP001217,SUP-001217,Chandigarh Industrial Supply Co. 1217,strategic,Chandigarh,Chandigarh,India,60,69.39,94.59,C,Y
SUP001218,SUP-001218,Indore Industrial Supply Co. 1218,approved,Indore,Madhya Pradesh,India,30,87.38,99.46,B,Y
SUP001219,SUP-001219,Mangaluru Industrial Supply Co. 1219,strategic,Mangaluru,Karnataka,India,45,83.5,90.74,C,Y
SUP001220,SUP-001220,Bengaluru Industrial Supply Co. 1220,strategic,Bengaluru,Karnataka,India,60,80.92,90.72,C,Y
SUP001221,SUP-001221,Ranchi Industrial Supply Co. 1221,approved,Ranchi,Jharkhand,India,30,90.9,97.35,B,Y
SUP001222,SUP-001222,Ahmedabad Industrial Supply Co. 1222,strategic,Ahmedabad,Gujarat,India,45,90.04,97.45,B,Y
SUP001223,SUP-001223,Noida Industrial Supply Co. 1223,spot,Noida,Uttar Pradesh,India,15,88.32,98.52,B,Y
SUP001224,SUP-001224,Agra Industrial Supply Co. 1224,spot,Agra,Uttar Pradesh,India,45,95.51,93.8,B,Y
SUP001225,SUP-001225,Vijayawada Industrial Supply Co. 1225,approved,Vijayawada,Andhra Pradesh,India,15,97.9,94.13,B,Y
SUP001226,SUP-001226,Indore Industrial Supply Co. 1226,approved,Indore,Madhya Pradesh,India,30,69.36,97.62,C,Y
SUP001227,SUP-001227,Bhopal Industrial Supply Co. 1227,strategic,Bhopal,Madhya Pradesh,India,60,91.14,95.92,B,Y
SUP001228,SUP-001228,Hyderabad Industrial Supply Co. 1228,strategic,Hyderabad,Telangana,India,15,93.07,93.77,B,Y
SUP001229,SUP-001229,Agra Industrial Supply Co. 1229,approved,Agra,Uttar Pradesh,India,60,93.0,93.68,B,Y
SUP001230,SUP-001230,Warangal Industrial Supply Co. 1230,approved,Warangal,Telangana,India,60,76.22,99.9,C,Y
SUP001231,SUP-001231,Lucknow Industrial Supply Co. 1231,approved,Lucknow,Uttar Pradesh,India,45,83.61,94.16,B,Y
SUP001232,SUP-001232,Warangal Industrial Supply Co. 1232,spot,Warangal,Telangana,India,30,74.07,97.55,C,Y
SUP001233,SUP-001233,Jaipur Industrial Supply Co. 1233,approved,Jaipur,Rajasthan,India,45,68.66,94.25,C,Y
SUP001234,SUP-001234,Nashik Industrial Supply Co. 1234,contract_manufacturer,Nashik,Maharashtra,India,60,99.8,97.49,A,Y
SUP001235,SUP-001235,Jaipur Industrial Supply Co. 1235,approved,Jaipur,Rajasthan,India,45,74.52,92.13,C,Y
SUP001236,SUP-001236,Mysuru Industrial Supply Co. 1236,approved,Mysuru,Karnataka,India,45,70.1,94.24,C,Y
SUP001237,SUP-001237,Ahmedabad Industrial Supply Co. 1237,strategic,Ahmedabad,Gujarat,India,60,82.49,99.34,B,Y
SUP001238,SUP-001238,Mangaluru Industrial Supply Co. 1238,approved,Mangaluru,Karnataka,India,45,95.76,98.37,A,Y
SUP001239,SUP-001239,Mumbai Industrial Supply Co. 1239,approved,Mumbai,Maharashtra,India,30,90.24,95.12,B,Y
SUP001240,SUP-001240,Bhubaneswar Industrial Supply Co. 1240,approved,Bhubaneswar,Odisha,India,30,99.8,98.7,A,Y
SUP001241,SUP-001241,Delhi Industrial Supply Co. 1241,approved,Delhi,Delhi,India,45,93.5,98.4,A,Y
SUP001242,SUP-001242,Nashik Industrial Supply Co. 1242,contract_manufacturer,Nashik,Maharashtra,India,60,75.79,95.13,C,Y
SUP001243,SUP-001243,Pune Industrial Supply Co. 1243,strategic,Pune,Maharashtra,India,60,90.62,92.71,B,Y
SUP001244,SUP-001244,Agra Industrial Supply Co. 1244,approved,Agra,Uttar Pradesh,India,30,92.38,90.05,C,Y
SUP001245,SUP-001245,Vadodara Industrial Supply Co. 1245,contract_manufacturer,Vadodara,Gujarat,India,60,79.46,94.06,C,Y
SUP001246,SUP-001246,Lucknow Industrial Supply Co. 1246,approved,Lucknow,Uttar Pradesh,India,15,93.81,99.01,A,Y
SUP001247,SUP-001247,Nashik Industrial Supply Co. 1247,contract_manufacturer,Nashik,Maharashtra,India,45,95.9,92.56,B,Y
SUP001248,SUP-001248,Vadodara Industrial Supply Co. 1248,spot,Vadodara,Gujarat,India,30,76.22,92.38,C,Y
SUP001249,SUP-001249,Kolkata Industrial Supply Co. 1249,approved,Kolkata,West Bengal,India,45,80.73,95.84,B,Y
SUP001250,SUP-001250,Indore Industrial Supply Co. 1250,approved,Indore,Madhya Pradesh,India,30,96.65,95.29,B,Y
SUP001251,SUP-001251,Chandigarh Industrial Supply Co. 1251,approved,Chandigarh,Chandigarh,India,15,99.45,92.94,B,Y
SUP001252,SUP-001252,Mysuru Industrial Supply Co. 1252,contract_manufacturer,Mysuru,Karnataka,India,30,99.8,97.05,A,Y
SUP001253,SUP-001253,Ahmedabad Industrial Supply Co. 1253,spot,Ahmedabad,Gujarat,India,30,85.4,94.17,B,Y
SUP001254,SUP-001254,Noida Industrial Supply Co. 1254,approved,Noida,Uttar Pradesh,India,60,99.8,92.58,B,Y
SUP001255,SUP-001255,Noida Industrial Supply Co. 1255,strategic,Noida,Uttar Pradesh,India,30,97.67,98.61,A,Y
SUP001256,SUP-001256,Mumbai Industrial Supply Co. 1256,contract_manufacturer,Mumbai,Maharashtra,India,45,94.37,98.86,A,Y
SUP001257,SUP-001257,Agra Industrial Supply Co. 1257,approved,Agra,Uttar Pradesh,India,60,86.27,91.93,B,Y
SUP001258,SUP-001258,Lucknow Industrial Supply Co. 1258,approved,Lucknow,Uttar Pradesh,India,30,82.7,97.97,B,Y
SUP001259,SUP-001259,Lucknow Industrial Supply Co. 1259,approved,Lucknow,Uttar Pradesh,India,30,91.06,98.91,B,Y
SUP001260,SUP-001260,Lucknow Industrial Supply Co. 1260,approved,Lucknow,Uttar Pradesh,India,45,80.96,96.35,B,Y
SUP001261,SUP-001261,Pune Industrial Supply Co. 1261,approved,Pune,Maharashtra,India,45,80.61,94.65,B,Y
SUP001262,SUP-001262,Kolkata Industrial Supply Co. 1262,approved,Kolkata,West Bengal,India,30,78.39,99.9,C,Y
SUP001263,SUP-001263,Mangaluru Industrial Supply Co. 1263,strategic,Mangaluru,Karnataka,India,45,86.78,98.15,B,Y
SUP001264,SUP-001264,Indore Industrial Supply Co. 1264,approved,Indore,Madhya Pradesh,India,30,78.93,93.75,C,Y
SUP001265,SUP-001265,Kolkata Industrial Supply Co. 1265,approved,Kolkata,West Bengal,India,60,90.15,99.9,B,Y
SUP001266,SUP-001266,Pune Industrial Supply Co. 1266,approved,Pune,Maharashtra,India,30,99.17,99.9,A,Y
SUP001267,SUP-001267,Ahmedabad Industrial Supply Co. 1267,approved,Ahmedabad,Gujarat,India,30,99.8,95.38,B,Y
SUP001268,SUP-001268,Indore Industrial Supply Co. 1268,approved,Indore,Madhya Pradesh,India,60,92.46,94.73,B,Y
SUP001269,SUP-001269,Ranchi Industrial Supply Co. 1269,contract_manufacturer,Ranchi,Jharkhand,India,60,81.94,94.36,B,Y
SUP001270,SUP-001270,Bhopal Industrial Supply Co. 1270,approved,Bhopal,Madhya Pradesh,India,30,85.06,93.98,B,Y
SUP001271,SUP-001271,Noida Industrial Supply Co. 1271,strategic,Noida,Uttar Pradesh,India,60,92.56,93.53,B,Y
SUP001272,SUP-001272,Pune Industrial Supply Co. 1272,approved,Pune,Maharashtra,India,15,81.02,97.8,B,Y
SUP001273,SUP-001273,Agra Industrial Supply Co. 1273,approved,Agra,Uttar Pradesh,India,30,88.01,99.9,B,Y
SUP001274,SUP-001274,Hyderabad Industrial Supply Co. 1274,contract_manufacturer,Hyderabad,Telangana,India,30,95.77,94.89,B,Y
SUP001275,SUP-001275,Mangaluru Industrial Supply Co. 1275,approved,Mangaluru,Karnataka,India,30,99.8,96.92,B,Y
SUP001276,SUP-001276,Warangal Industrial Supply Co. 1276,approved,Warangal,Telangana,India,60,94.03,91.73,B,Y
SUP001277,SUP-001277,Kolkata Industrial Supply Co. 1277,spot,Kolkata,West Bengal,India,30,82.47,92.77,B,Y
SUP001278,SUP-001278,Mangaluru Industrial Supply Co. 1278,approved,Mangaluru,Karnataka,India,45,98.85,94.71,B,Y
SUP001279,SUP-001279,Nashik Industrial Supply Co. 1279,approved,Nashik,Maharashtra,India,45,73.63,99.9,C,Y
SUP001280,SUP-001280,Vadodara Industrial Supply Co. 1280,approved,Vadodara,Gujarat,India,60,85.65,99.9,B,Y
SUP001281,SUP-001281,Ahmedabad Industrial Supply Co. 1281,approved,Ahmedabad,Gujarat,India,45,99.07,95.73,B,Y
SUP001282,SUP-001282,Ahmedabad Industrial Supply Co. 1282,strategic,Ahmedabad,Gujarat,India,30,81.93,92.51,B,Y
SUP001283,SUP-001283,Vijayawada Industrial Supply Co. 1283,spot,Vijayawada,Andhra Pradesh,India,30,95.48,98.29,A,Y
SUP001284,SUP-001284,Mysuru Industrial Supply Co. 1284,approved,Mysuru,Karnataka,India,30,99.8,99.9,A,Y
SUP001285,SUP-001285,Delhi Industrial Supply Co. 1285,contract_manufacturer,Delhi,Delhi,India,60,93.12,94.08,B,Y
SUP001286,SUP-001286,Kolkata Industrial Supply Co. 1286,approved,Kolkata,West Bengal,India,30,86.89,96.48,B,Y
SUP001287,SUP-001287,Warangal Industrial Supply Co. 1287,approved,Warangal,Telangana,India,30,83.59,89.94,C,Y
SUP001288,SUP-001288,Kolkata Industrial Supply Co. 1288,strategic,Kolkata,West Bengal,India,30,73.42,95.47,C,Y
SUP001289,SUP-001289,Nashik Industrial Supply Co. 1289,strategic,Nashik,Maharashtra,India,15,86.01,93.98,B,Y
SUP001290,SUP-001290,Warangal Industrial Supply Co. 1290,approved,Warangal,Telangana,India,30,99.8,97.67,A,Y
SUP001291,SUP-001291,Ahmedabad Industrial Supply Co. 1291,approved,Ahmedabad,Gujarat,India,45,81.81,96.84,B,Y
SUP001292,SUP-001292,Pune Industrial Supply Co. 1292,contract_manufacturer,Pune,Maharashtra,India,15,85.65,94.27,B,Y
SUP001293,SUP-001293,Indore Industrial Supply Co. 1293,approved,Indore,Madhya Pradesh,India,30,81.8,97.01,B,Y
SUP001294,SUP-001294,Vijayawada Industrial Supply Co. 1294,approved,Vijayawada,Andhra Pradesh,India,30,88.77,94.84,B,Y
SUP001295,SUP-001295,Ahmedabad Industrial Supply Co. 1295,approved,Ahmedabad,Gujarat,India,60,85.42,96.51,B,Y
SUP001296,SUP-001296,Pune Industrial Supply Co. 1296,approved,Pune,Maharashtra,India,45,88.07,93.19,B,Y
SUP001297,SUP-001297,Bhubaneswar Industrial Supply Co. 1297,approved,Bhubaneswar,Odisha,India,45,77.67,97.78,C,Y
SUP001298,SUP-001298,Mumbai Industrial Supply Co. 1298,approved,Mumbai,Maharashtra,India,60,87.12,97.94,B,Y
SUP001299,SUP-001299,Mangaluru Industrial Supply Co. 1299,approved,Mangaluru,Karnataka,India,30,77.79,94.12,C,Y
SUP001300,SUP-001300,Mumbai Industrial Supply Co. 1300,strategic,Mumbai,Maharashtra,India,45,96.79,95.38,B,Y
SUP001301,SUP-001301,Vijayawada Industrial Supply Co. 1301,approved,Vijayawada,Andhra Pradesh,India,15,90.63,96.21,B,Y
SUP001302,SUP-001302,Pune Industrial Supply Co. 1302,strategic,Pune,Maharashtra,India,30,72.39,95.24,C,Y
SUP001303,SUP-001303,Agra Industrial Supply Co. 1303,approved,Agra,Uttar Pradesh,India,30,70.47,94.45,C,Y
SUP001304,SUP-001304,Surat Industrial Supply Co. 1304,approved,Surat,Gujarat,India,45,71.02,93.91,C,Y
SUP001305,SUP-001305,Jaipur Industrial Supply Co. 1305,approved,Jaipur,Rajasthan,India,30,88.85,97.81,B,Y
SUP001306,SUP-001306,Nagpur Industrial Supply Co. 1306,strategic,Nagpur,Maharashtra,India,45,79.81,96.6,C,Y
SUP001307,SUP-001307,Ahmedabad Industrial Supply Co. 1307,spot,Ahmedabad,Gujarat,India,45,94.4,95.4,B,Y
SUP001308,SUP-001308,Nashik Industrial Supply Co. 1308,strategic,Nashik,Maharashtra,India,30,73.47,99.9,C,Y
SUP001309,SUP-001309,Mysuru Industrial Supply Co. 1309,strategic,Mysuru,Karnataka,India,45,87.51,97.1,B,Y
SUP001310,SUP-001310,Warangal Industrial Supply Co. 1310,approved,Warangal,Telangana,India,30,88.31,93.68,B,Y
SUP001311,SUP-001311,Nagpur Industrial Supply Co. 1311,approved,Nagpur,Maharashtra,India,45,71.39,90.57,C,Y
SUP001312,SUP-001312,Mysuru Industrial Supply Co. 1312,spot,Mysuru,Karnataka,India,60,99.8,98.49,A,Y
SUP001313,SUP-001313,Chandigarh Industrial Supply Co. 1313,strategic,Chandigarh,Chandigarh,India,60,94.0,96.35,B,Y
SUP001314,SUP-001314,Jaipur Industrial Supply Co. 1314,contract_manufacturer,Jaipur,Rajasthan,India,30,80.5,97.88,B,Y
SUP001315,SUP-001315,Warangal Industrial Supply Co. 1315,approved,Warangal,Telangana,India,45,85.47,92.55,B,Y
SUP001316,SUP-001316,Ranchi Industrial Supply Co. 1316,strategic,Ranchi,Jharkhand,India,45,98.18,97.87,A,Y
SUP001317,SUP-001317,Hyderabad Industrial Supply Co. 1317,approved,Hyderabad,Telangana,India,60,84.76,97.51,B,Y
SUP001318,SUP-001318,Indore Industrial Supply Co. 1318,approved,Indore,Madhya Pradesh,India,30,89.38,97.17,B,Y
SUP001319,SUP-001319,Nashik Industrial Supply Co. 1319,spot,Nashik,Maharashtra,India,30,80.36,95.37,B,Y
SUP001320,SUP-001320,Bhopal Industrial Supply Co. 1320,approved,Bhopal,Madhya Pradesh,India,45,88.89,95.82,B,Y
SUP001321,SUP-001321,Indore Industrial Supply Co. 1321,strategic,Indore,Madhya Pradesh,India,60,99.8,92.17,B,Y
SUP001322,SUP-001322,Pune Industrial Supply Co. 1322,approved,Pune,Maharashtra,India,45,92.82,95.83,B,Y
SUP001323,SUP-001323,Nagpur Industrial Supply Co. 1323,spot,Nagpur,Maharashtra,India,30,81.43,94.2,B,Y
SUP001324,SUP-001324,Bhopal Industrial Supply Co. 1324,approved,Bhopal,Madhya Pradesh,India,45,75.4,96.81,C,Y
SUP001325,SUP-001325,Delhi Industrial Supply Co. 1325,approved,Delhi,Delhi,India,30,89.18,98.47,B,Y
SUP001326,SUP-001326,Ranchi Industrial Supply Co. 1326,strategic,Ranchi,Jharkhand,India,30,80.25,92.38,B,Y
SUP001327,SUP-001327,Mangaluru Industrial Supply Co. 1327,approved,Mangaluru,Karnataka,India,60,99.8,93.11,B,Y
SUP001328,SUP-001328,Jaipur Industrial Supply Co. 1328,approved,Jaipur,Rajasthan,India,30,86.1,99.9,B,Y
SUP001329,SUP-001329,Pune Industrial Supply Co. 1329,approved,Pune,Maharashtra,India,45,92.18,98.8,A,Y
SUP001330,SUP-001330,Surat Industrial Supply Co. 1330,contract_manufacturer,Surat,Gujarat,India,45,77.47,93.14,C,Y
SUP001331,SUP-001331,Vijayawada Industrial Supply Co. 1331,approved,Vijayawada,Andhra Pradesh,India,60,92.3,96.78,B,Y
SUP001332,SUP-001332,Pune Industrial Supply Co. 1332,approved,Pune,Maharashtra,India,30,81.49,97.95,B,Y
SUP001333,SUP-001333,Delhi Industrial Supply Co. 1333,strategic,Delhi,Delhi,India,15,79.31,96.74,C,Y
SUP001334,SUP-001334,Hyderabad Industrial Supply Co. 1334,spot,Hyderabad,Telangana,India,45,71.34,90.16,C,Y
SUP001335,SUP-001335,Delhi Industrial Supply Co. 1335,approved,Delhi,Delhi,India,15,82.53,96.56,B,Y
SUP001336,SUP-001336,Noida Industrial Supply Co. 1336,strategic,Noida,Uttar Pradesh,India,45,84.72,89.35,C,Y
SUP001337,SUP-001337,Bhopal Industrial Supply Co. 1337,approved,Bhopal,Madhya Pradesh,India,60,99.8,94.27,B,Y
SUP001338,SUP-001338,Vadodara Industrial Supply Co. 1338,strategic,Vadodara,Gujarat,India,30,99.8,94.62,B,Y
SUP001339,SUP-001339,Mangaluru Industrial Supply Co. 1339,approved,Mangaluru,Karnataka,India,30,90.12,99.06,B,Y
SUP001340,SUP-001340,Vadodara Industrial Supply Co. 1340,contract_manufacturer,Vadodara,Gujarat,India,45,90.28,94.41,B,Y
SUP001341,SUP-001341,Delhi Industrial Supply Co. 1341,approved,Delhi,Delhi,India,60,95.59,91.66,B,Y
SUP001342,SUP-001342,Hyderabad Industrial Supply Co. 1342,strategic,Hyderabad,Telangana,India,60,83.44,99.76,B,Y
SUP001343,SUP-001343,Surat Industrial Supply Co. 1343,spot,Surat,Gujarat,India,60,76.43,92.79,C,Y
SUP001344,SUP-001344,Surat Industrial Supply Co. 1344,approved,Surat,Gujarat,India,30,78.77,95.26,C,Y
SUP001345,SUP-001345,Kolkata Industrial Supply Co. 1345,approved,Kolkata,West Bengal,India,15,81.68,99.9,B,Y
SUP001346,SUP-001346,Nashik Industrial Supply Co. 1346,spot,Nashik,Maharashtra,India,30,75.29,97.23,C,Y
SUP001347,SUP-001347,Nagpur Industrial Supply Co. 1347,strategic,Nagpur,Maharashtra,India,30,79.86,97.48,C,Y
SUP001348,SUP-001348,Bengaluru Industrial Supply Co. 1348,approved,Bengaluru,Karnataka,India,30,81.85,93.65,B,Y
SUP001349,SUP-001349,Jaipur Industrial Supply Co. 1349,approved,Jaipur,Rajasthan,India,30,81.64,91.81,B,Y
SUP001350,SUP-001350,Delhi Industrial Supply Co. 1350,strategic,Delhi,Delhi,India,15,78.84,98.11,C,Y
SUP001351,SUP-001351,Ranchi Industrial Supply Co. 1351,contract_manufacturer,Ranchi,Jharkhand,India,30,89.93,98.3,B,Y
SUP001352,SUP-001352,Warangal Industrial Supply Co. 1352,approved,Warangal,Telangana,India,45,73.21,89.85,C,Y
SUP001353,SUP-001353,Indore Industrial Supply Co. 1353,approved,Indore,Madhya Pradesh,India,30,82.03,99.61,B,Y
SUP001354,SUP-001354,Bhopal Industrial Supply Co. 1354,contract_manufacturer,Bhopal,Madhya Pradesh,India,60,87.13,99.4,B,Y
SUP001355,SUP-001355,Bhopal Industrial Supply Co. 1355,approved,Bhopal,Madhya Pradesh,India,15,99.8,94.51,B,Y
SUP001356,SUP-001356,Surat Industrial Supply Co. 1356,approved,Surat,Gujarat,India,30,91.08,94.71,B,Y
SUP001357,SUP-001357,Agra Industrial Supply Co. 1357,approved,Agra,Uttar Pradesh,India,45,86.96,94.95,B,Y
SUP001358,SUP-001358,Mangaluru Industrial Supply Co. 1358,approved,Mangaluru,Karnataka,India,45,88.22,95.95,B,Y
SUP001359,SUP-001359,Kolkata Industrial Supply Co. 1359,spot,Kolkata,West Bengal,India,60,78.54,97.45,C,Y
SUP001360,SUP-001360,Surat Industrial Supply Co. 1360,approved,Surat,Gujarat,India,60,82.64,92.46,B,Y
SUP001361,SUP-001361,Mysuru Industrial Supply Co. 1361,spot,Mysuru,Karnataka,India,30,84.67,94.49,B,Y
SUP001362,SUP-001362,Warangal Industrial Supply Co. 1362,contract_manufacturer,Warangal,Telangana,India,45,99.8,93.84,B,Y
SUP001363,SUP-001363,Lucknow Industrial Supply Co. 1363,approved,Lucknow,Uttar Pradesh,India,30,89.27,99.9,B,Y
SUP001364,SUP-001364,Mumbai Industrial Supply Co. 1364,approved,Mumbai,Maharashtra,India,60,79.68,99.9,C,Y
SUP001365,SUP-001365,Indore Industrial Supply Co. 1365,spot,Indore,Madhya Pradesh,India,60,86.4,98.93,B,Y
SUP001366,SUP-001366,Vijayawada Industrial Supply Co. 1366,approved,Vijayawada,Andhra Pradesh,India,45,87.76,97.23,B,Y
SUP001367,SUP-001367,Indore Industrial Supply Co. 1367,strategic,Indore,Madhya Pradesh,India,30,92.57,98.82,A,Y
SUP001368,SUP-001368,Lucknow Industrial Supply Co. 1368,strategic,Lucknow,Uttar Pradesh,India,60,74.47,90.35,C,Y
SUP001369,SUP-001369,Mangaluru Industrial Supply Co. 1369,spot,Mangaluru,Karnataka,India,30,85.95,98.02,B,Y
SUP001370,SUP-001370,Bengaluru Industrial Supply Co. 1370,approved,Bengaluru,Karnataka,India,45,81.95,95.16,B,Y
SUP001371,SUP-001371,Nagpur Industrial Supply Co. 1371,approved,Nagpur,Maharashtra,India,30,78.34,95.87,C,Y
SUP001372,SUP-001372,Vijayawada Industrial Supply Co. 1372,approved,Vijayawada,Andhra Pradesh,India,30,86.6,99.34,B,Y
SUP001373,SUP-001373,Bengaluru Industrial Supply Co. 1373,spot,Bengaluru,Karnataka,India,60,95.59,92.32,B,Y
SUP001374,SUP-001374,Kolkata Industrial Supply Co. 1374,strategic,Kolkata,West Bengal,India,60,90.71,93.94,B,Y
SUP001375,SUP-001375,Mangaluru Industrial Supply Co. 1375,approved,Mangaluru,Karnataka,India,30,97.98,97.33,A,Y
SUP001376,SUP-001376,Noida Industrial Supply Co. 1376,approved,Noida,Uttar Pradesh,India,30,79.7,95.13,C,Y
SUP001377,SUP-001377,Nashik Industrial Supply Co. 1377,approved,Nashik,Maharashtra,India,30,83.07,98.11,B,Y
SUP001378,SUP-001378,Pune Industrial Supply Co. 1378,approved,Pune,Maharashtra,India,60,86.59,90.19,C,Y
SUP001379,SUP-001379,Indore Industrial Supply Co. 1379,contract_manufacturer,Indore,Madhya Pradesh,India,45,90.07,93.87,B,Y
SUP001380,SUP-001380,Hyderabad Industrial Supply Co. 1380,contract_manufacturer,Hyderabad,Telangana,India,30,81.83,98.06,B,Y
SUP001381,SUP-001381,Delhi Industrial Supply Co. 1381,approved,Delhi,Delhi,India,15,96.26,94.75,B,Y
SUP001382,SUP-001382,Lucknow Industrial Supply Co. 1382,contract_manufacturer,Lucknow,Uttar Pradesh,India,30,90.42,94.88,B,Y
SUP001383,SUP-001383,Bhubaneswar Industrial Supply Co. 1383,approved,Bhubaneswar,Odisha,India,30,90.36,99.45,B,Y
SUP001384,SUP-001384,Nashik Industrial Supply Co. 1384,approved,Nashik,Maharashtra,India,30,72.41,95.15,C,Y
SUP001385,SUP-001385,Delhi Industrial Supply Co. 1385,approved,Delhi,Delhi,India,30,99.8,93.66,B,Y
SUP001386,SUP-001386,Bhubaneswar Industrial Supply Co. 1386,spot,Bhubaneswar,Odisha,India,45,99.8,94.74,B,Y
SUP001387,SUP-001387,Ranchi Industrial Supply Co. 1387,contract_manufacturer,Ranchi,Jharkhand,India,30,88.89,91.36,B,Y
SUP001388,SUP-001388,Agra Industrial Supply Co. 1388,strategic,Agra,Uttar Pradesh,India,30,99.8,91.35,B,Y
SUP001389,SUP-001389,Hyderabad Industrial Supply Co. 1389,contract_manufacturer,Hyderabad,Telangana,India,15,99.8,95.04,B,Y
SUP001390,SUP-001390,Delhi Industrial Supply Co. 1390,approved,Delhi,Delhi,India,60,88.96,97.44,B,Y
SUP001391,SUP-001391,Noida Industrial Supply Co. 1391,approved,Noida,Uttar Pradesh,India,30,72.08,90.03,C,Y
SUP001392,SUP-001392,Hyderabad Industrial Supply Co. 1392,approved,Hyderabad,Telangana,India,30,83.17,88.75,C,Y
SUP001393,SUP-001393,Surat Industrial Supply Co. 1393,approved,Surat,Gujarat,India,30,77.96,96.72,C,Y
SUP001394,SUP-001394,Warangal Industrial Supply Co. 1394,strategic,Warangal,Telangana,India,15,82.96,91.72,B,Y
SUP001395,SUP-001395,Ahmedabad Industrial Supply Co. 1395,approved,Ahmedabad,Gujarat,India,30,82.82,99.9,B,Y
SUP001396,SUP-001396,Indore Industrial Supply Co. 1396,strategic,Indore,Madhya Pradesh,India,30,82.5,94.84,B,Y
SUP001397,SUP-001397,Bengaluru Industrial Supply Co. 1397,approved,Bengaluru,Karnataka,India,30,85.66,96.45,B,Y
SUP001398,SUP-001398,Mumbai Industrial Supply Co. 1398,strategic,Mumbai,Maharashtra,India,60,97.07,97.49,A,Y
SUP001399,SUP-001399,Noida Industrial Supply Co. 1399,strategic,Noida,Uttar Pradesh,India,30,97.55,99.9,A,Y
SUP001400,SUP-001400,Noida Industrial Supply Co. 1400,approved,Noida,Uttar Pradesh,India,30,96.3,98.82,A,Y
SUP001401,SUP-001401,Nagpur Industrial Supply Co. 1401,approved,Nagpur,Maharashtra,India,15,88.3,99.9,B,Y
SUP001402,SUP-001402,Bengaluru Industrial Supply Co. 1402,contract_manufacturer,Bengaluru,Karnataka,India,30,75.33,95.58,C,Y
SUP001403,SUP-001403,Chandigarh Industrial Supply Co. 1403,approved,Chandigarh,Chandigarh,India,60,80.84,91.05,B,Y
SUP001404,SUP-001404,Delhi Industrial Supply Co. 1404,approved,Delhi,Delhi,India,60,93.4,98.13,A,Y
SUP001405,SUP-001405,Delhi Industrial Supply Co. 1405,strategic,Delhi,Delhi,India,15,90.32,93.63,B,Y
SUP001406,SUP-001406,Agra Industrial Supply Co. 1406,contract_manufacturer,Agra,Uttar Pradesh,India,45,88.16,98.18,B,Y
SUP001407,SUP-001407,Agra Industrial Supply Co. 1407,approved,Agra,Uttar Pradesh,India,30,75.07,96.74,C,Y
SUP001408,SUP-001408,Lucknow Industrial Supply Co. 1408,approved,Lucknow,Uttar Pradesh,India,45,78.07,96.24,C,Y
SUP001409,SUP-001409,Nagpur Industrial Supply Co. 1409,strategic,Nagpur,Maharashtra,India,30,95.3,92.56,B,Y
SUP001410,SUP-001410,Kolkata Industrial Supply Co. 1410,approved,Kolkata,West Bengal,India,15,79.72,93.94,C,Y
SUP001411,SUP-001411,Mangaluru Industrial Supply Co. 1411,approved,Mangaluru,Karnataka,India,30,81.92,95.16,B,Y
SUP001412,SUP-001412,Mangaluru Industrial Supply Co. 1412,strategic,Mangaluru,Karnataka,India,15,80.49,99.9,B,Y
SUP001413,SUP-001413,Noida Industrial Supply Co. 1413,approved,Noida,Uttar Pradesh,India,30,82.06,92.95,B,Y
SUP001414,SUP-001414,Jaipur Industrial Supply Co. 1414,spot,Jaipur,Rajasthan,India,60,61.97,97.84,C,Y
SUP001415,SUP-001415,Bhopal Industrial Supply Co. 1415,strategic,Bhopal,Madhya Pradesh,India,45,99.8,99.73,A,Y
SUP001416,SUP-001416,Lucknow Industrial Supply Co. 1416,strategic,Lucknow,Uttar Pradesh,India,30,68.54,93.97,C,Y
SUP001417,SUP-001417,Jaipur Industrial Supply Co. 1417,approved,Jaipur,Rajasthan,India,45,87.26,93.76,B,Y
SUP001418,SUP-001418,Noida Industrial Supply Co. 1418,strategic,Noida,Uttar Pradesh,India,30,87.73,96.93,B,Y
SUP001419,SUP-001419,Nashik Industrial Supply Co. 1419,approved,Nashik,Maharashtra,India,45,92.76,88.9,C,Y
SUP001420,SUP-001420,Agra Industrial Supply Co. 1420,approved,Agra,Uttar Pradesh,India,30,98.93,95.72,B,Y
SUP001421,SUP-001421,Kolkata Industrial Supply Co. 1421,approved,Kolkata,West Bengal,India,30,80.74,99.9,B,Y
SUP001422,SUP-001422,Warangal Industrial Supply Co. 1422,approved,Warangal,Telangana,India,30,87.23,99.36,B,Y
SUP001423,SUP-001423,Agra Industrial Supply Co. 1423,spot,Agra,Uttar Pradesh,India,15,84.23,93.24,B,Y
SUP001424,SUP-001424,Chandigarh Industrial Supply Co. 1424,contract_manufacturer,Chandigarh,Chandigarh,India,45,99.8,96.89,B,Y
SUP001425,SUP-001425,Surat Industrial Supply Co. 1425,spot,Surat,Gujarat,India,30,88.15,90.75,C,Y
SUP001426,SUP-001426,Vadodara Industrial Supply Co. 1426,spot,Vadodara,Gujarat,India,30,91.61,95.36,B,Y
SUP001427,SUP-001427,Lucknow Industrial Supply Co. 1427,contract_manufacturer,Lucknow,Uttar Pradesh,India,60,91.76,97.17,B,Y
SUP001428,SUP-001428,Bhubaneswar Industrial Supply Co. 1428,spot,Bhubaneswar,Odisha,India,60,93.29,89.98,C,Y
SUP001429,SUP-001429,Chandigarh Industrial Supply Co. 1429,strategic,Chandigarh,Chandigarh,India,30,72.62,96.86,C,Y
SUP001430,SUP-001430,Surat Industrial Supply Co. 1430,approved,Surat,Gujarat,India,30,93.71,99.74,A,Y
SUP001431,SUP-001431,Noida Industrial Supply Co. 1431,approved,Noida,Uttar Pradesh,India,45,85.08,91.46,B,Y
SUP001432,SUP-001432,Warangal Industrial Supply Co. 1432,spot,Warangal,Telangana,India,30,80.3,97.97,B,Y
SUP001433,SUP-001433,Delhi Industrial Supply Co. 1433,approved,Delhi,Delhi,India,30,80.13,96.01,B,Y
SUP001434,SUP-001434,Chandigarh Industrial Supply Co. 1434,strategic,Chandigarh,Chandigarh,India,45,82.15,95.15,B,Y
SUP001435,SUP-001435,Hyderabad Industrial Supply Co. 1435,approved,Hyderabad,Telangana,India,60,76.51,93.38,C,Y
SUP001436,SUP-001436,Vadodara Industrial Supply Co. 1436,approved,Vadodara,Gujarat,India,45,96.71,99.9,A,Y
SUP001437,SUP-001437,Noida Industrial Supply Co. 1437,approved,Noida,Uttar Pradesh,India,30,99.8,96.74,B,Y
SUP001438,SUP-001438,Pune Industrial Supply Co. 1438,approved,Pune,Maharashtra,India,60,79.46,96.36,C,Y
SUP001439,SUP-001439,Noida Industrial Supply Co. 1439,approved,Noida,Uttar Pradesh,India,30,92.42,95.66,B,Y
SUP001440,SUP-001440,Bhubaneswar Industrial Supply Co. 1440,approved,Bhubaneswar,Odisha,India,45,89.08,93.58,B,Y
SUP001441,SUP-001441,Indore Industrial Supply Co. 1441,approved,Indore,Madhya Pradesh,India,30,75.16,94.38,C,Y
SUP001442,SUP-001442,Pune Industrial Supply Co. 1442,approved,Pune,Maharashtra,India,60,86.87,95.51,B,Y
SUP001443,SUP-001443,Kolkata Industrial Supply Co. 1443,strategic,Kolkata,West Bengal,India,30,74.61,92.73,C,Y
SUP001444,SUP-001444,Chandigarh Industrial Supply Co. 1444,approved,Chandigarh,Chandigarh,India,45,87.57,98.0,B,Y
SUP001445,SUP-001445,Mysuru Industrial Supply Co. 1445,contract_manufacturer,Mysuru,Karnataka,India,60,86.31,89.7,C,Y
SUP001446,SUP-001446,Warangal Industrial Supply Co. 1446,approved,Warangal,Telangana,India,45,76.6,89.12,C,Y
SUP001447,SUP-001447,Nashik Industrial Supply Co. 1447,approved,Nashik,Maharashtra,India,15,93.08,93.98,B,Y
SUP001448,SUP-001448,Delhi Industrial Supply Co. 1448,approved,Delhi,Delhi,India,30,88.65,94.8,B,Y
SUP001449,SUP-001449,Indore Industrial Supply Co. 1449,approved,Indore,Madhya Pradesh,India,45,84.17,97.15,B,Y
SUP001450,SUP-001450,Warangal Industrial Supply Co. 1450,strategic,Warangal,Telangana,India,30,83.02,95.93,B,Y
SUP001451,SUP-001451,Bengaluru Industrial Supply Co. 1451,approved,Bengaluru,Karnataka,India,30,84.66,99.88,B,Y
SUP001452,SUP-001452,Ranchi Industrial Supply Co. 1452,approved,Ranchi,Jharkhand,India,60,75.29,95.1,C,Y
SUP001453,SUP-001453,Vijayawada Industrial Supply Co. 1453,approved,Vijayawada,Andhra Pradesh,India,30,88.78,98.3,B,Y
SUP001454,SUP-001454,Vijayawada Industrial Supply Co. 1454,approved,Vijayawada,Andhra Pradesh,India,45,99.8,98.11,A,Y
SUP001455,SUP-001455,Mangaluru Industrial Supply Co. 1455,strategic,Mangaluru,Karnataka,India,15,93.49,96.57,B,Y
SUP001456,SUP-001456,Mysuru Industrial Supply Co. 1456,strategic,Mysuru,Karnataka,India,30,94.9,94.22,B,Y
SUP001457,SUP-001457,Delhi Industrial Supply Co. 1457,approved,Delhi,Delhi,India,15,74.73,97.62,C,Y
SUP001458,SUP-001458,Vadodara Industrial Supply Co. 1458,approved,Vadodara,Gujarat,India,45,87.43,91.91,B,Y
SUP001459,SUP-001459,Warangal Industrial Supply Co. 1459,contract_manufacturer,Warangal,Telangana,India,45,81.85,96.26,B,Y
SUP001460,SUP-001460,Jaipur Industrial Supply Co. 1460,strategic,Jaipur,Rajasthan,India,30,93.1,96.41,B,Y
SUP001461,SUP-001461,Bhopal Industrial Supply Co. 1461,approved,Bhopal,Madhya Pradesh,India,30,77.2,92.68,C,Y
SUP001462,SUP-001462,Chandigarh Industrial Supply Co. 1462,spot,Chandigarh,Chandigarh,India,30,90.17,96.56,B,Y
SUP001463,SUP-001463,Vijayawada Industrial Supply Co. 1463,approved,Vijayawada,Andhra Pradesh,India,45,99.8,99.9,A,Y
SUP001464,SUP-001464,Bengaluru Industrial Supply Co. 1464,approved,Bengaluru,Karnataka,India,60,99.8,95.17,B,Y
SUP001465,SUP-001465,Warangal Industrial Supply Co. 1465,spot,Warangal,Telangana,India,45,94.64,92.66,B,Y
SUP001466,SUP-001466,Mangaluru Industrial Supply Co. 1466,spot,Mangaluru,Karnataka,India,30,83.62,92.47,B,Y
SUP001467,SUP-001467,Bhopal Industrial Supply Co. 1467,approved,Bhopal,Madhya Pradesh,India,30,98.97,97.02,A,Y
SUP001468,SUP-001468,Bengaluru Industrial Supply Co. 1468,approved,Bengaluru,Karnataka,India,45,77.8,92.58,C,Y
SUP001469,SUP-001469,Noida Industrial Supply Co. 1469,approved,Noida,Uttar Pradesh,India,45,83.39,95.9,B,Y
SUP001470,SUP-001470,Mangaluru Industrial Supply Co. 1470,approved,Mangaluru,Karnataka,India,15,98.93,96.87,B,Y
SUP001471,SUP-001471,Nagpur Industrial Supply Co. 1471,contract_manufacturer,Nagpur,Maharashtra,India,45,97.57,99.9,A,Y
SUP001472,SUP-001472,Delhi Industrial Supply Co. 1472,approved,Delhi,Delhi,India,30,85.38,97.36,B,Y
SUP001473,SUP-001473,Delhi Industrial Supply Co. 1473,approved,Delhi,Delhi,India,15,84.81,96.9,B,Y
SUP001474,SUP-001474,Mumbai Industrial Supply Co. 1474,approved,Mumbai,Maharashtra,India,45,93.1,92.85,B,Y
SUP001475,SUP-001475,Lucknow Industrial Supply Co. 1475,approved,Lucknow,Uttar Pradesh,India,15,91.88,95.65,B,Y
SUP001476,SUP-001476,Delhi Industrial Supply Co. 1476,approved,Delhi,Delhi,India,45,90.18,87.9,C,Y
SUP001477,SUP-001477,Jaipur Industrial Supply Co. 1477,approved,Jaipur,Rajasthan,India,45,85.75,94.54,B,Y
SUP001478,SUP-001478,Hyderabad Industrial Supply Co. 1478,contract_manufacturer,Hyderabad,Telangana,India,45,90.37,96.22,B,Y
SUP001479,SUP-001479,Bengaluru Industrial Supply Co. 1479,spot,Bengaluru,Karnataka,India,45,75.82,95.58,C,Y
SUP001480,SUP-001480,Nashik Industrial Supply Co. 1480,contract_manufacturer,Nashik,Maharashtra,India,30,90.31,93.74,B,Y
SUP001481,SUP-001481,Surat Industrial Supply Co. 1481,contract_manufacturer,Surat,Gujarat,India,30,86.73,93.74,B,Y
SUP001482,SUP-001482,Vadodara Industrial Supply Co. 1482,contract_manufacturer,Vadodara,Gujarat,India,30,86.68,98.13,B,Y
SUP001483,SUP-001483,Bengaluru Industrial Supply Co. 1483,approved,Bengaluru,Karnataka,India,30,99.8,95.35,B,Y
SUP001484,SUP-001484,Mumbai Industrial Supply Co. 1484,approved,Mumbai,Maharashtra,India,15,80.93,90.99,C,Y
SUP001485,SUP-001485,Pune Industrial Supply Co. 1485,spot,Pune,Maharashtra,India,45,99.8,93.71,B,Y
SUP001486,SUP-001486,Hyderabad Industrial Supply Co. 1486,approved,Hyderabad,Telangana,India,60,80.28,92.99,B,Y
SUP001487,SUP-001487,Bhubaneswar Industrial Supply Co. 1487,approved,Bhubaneswar,Odisha,India,30,85.3,99.9,B,Y
SUP001488,SUP-001488,Hyderabad Industrial Supply Co. 1488,approved,Hyderabad,Telangana,India,15,87.71,97.71,B,Y
SUP001489,SUP-001489,Vadodara Industrial Supply Co. 1489,approved,Vadodara,Gujarat,India,30,77.41,94.86,C,Y
SUP001490,SUP-001490,Vijayawada Industrial Supply Co. 1490,spot,Vijayawada,Andhra Pradesh,India,60,95.84,93.81,B,Y
SUP001491,SUP-001491,Pune Industrial Supply Co. 1491,strategic,Pune,Maharashtra,India,30,94.3,99.74,A,Y
SUP001492,SUP-001492,Kolkata Industrial Supply Co. 1492,spot,Kolkata,West Bengal,India,45,84.6,99.49,B,Y
SUP001493,SUP-001493,Indore Industrial Supply Co. 1493,approved,Indore,Madhya Pradesh,India,30,74.58,99.9,C,Y
SUP001494,SUP-001494,Vadodara Industrial Supply Co. 1494,approved,Vadodara,Gujarat,India,30,85.39,95.6,B,Y
SUP001495,SUP-001495,Lucknow Industrial Supply Co. 1495,strategic,Lucknow,Uttar Pradesh,India,30,99.8,97.45,A,Y
SUP001496,SUP-001496,Indore Industrial Supply Co. 1496,approved,Indore,Madhya Pradesh,India,30,88.36,98.71,B,Y
SUP001497,SUP-001497,Warangal Industrial Supply Co. 1497,approved,Warangal,Telangana,India,60,75.16,95.37,C,Y
SUP001498,SUP-001498,Nashik Industrial Supply Co. 1498,spot,Nashik,Maharashtra,India,60,85.45,95.7,B,Y
SUP001499,SUP-001499,Kolkata Industrial Supply Co. 1499,approved,Kolkata,West Bengal,India,30,83.08,94.76,B,Y
SUP001500,SUP-001500,Delhi Industrial Supply Co. 1500,spot,Delhi,Delhi,India,30,92.18,91.9,B,Y
SUP001501,SUP-001501,Warangal Industrial Supply Co. 1501,contract_manufacturer,Warangal,Telangana,India,45,89.16,95.47,B,Y
SUP001502,SUP-001502,Agra Industrial Supply Co. 1502,strategic,Agra,Uttar Pradesh,India,45,99.8,96.94,B,Y
SUP001503,SUP-001503,Chandigarh Industrial Supply Co. 1503,approved,Chandigarh,Chandigarh,India,60,82.62,94.36,B,Y
SUP001504,SUP-001504,Kolkata Industrial Supply Co. 1504,approved,Kolkata,West Bengal,India,60,81.49,95.54,B,Y
SUP001505,SUP-001505,Warangal Industrial Supply Co. 1505,approved,Warangal,Telangana,India,15,84.65,95.39,B,Y
SUP001506,SUP-001506,Bhopal Industrial Supply Co. 1506,approved,Bhopal,Madhya Pradesh,India,45,93.15,96.67,B,Y
SUP001507,SUP-001507,Bengaluru Industrial Supply Co. 1507,approved,Bengaluru,Karnataka,India,45,84.85,97.8,B,Y
SUP001508,SUP-001508,Bhubaneswar Industrial Supply Co. 1508,approved,Bhubaneswar,Odisha,India,45,97.8,98.12,A,Y
SUP001509,SUP-001509,Lucknow Industrial Supply Co. 1509,approved,Lucknow,Uttar Pradesh,India,30,74.44,97.18,C,Y
SUP001510,SUP-001510,Hyderabad Industrial Supply Co. 1510,approved,Hyderabad,Telangana,India,45,78.79,99.48,C,Y
SUP001511,SUP-001511,Bhopal Industrial Supply Co. 1511,strategic,Bhopal,Madhya Pradesh,India,45,90.45,99.9,B,Y
SUP001512,SUP-001512,Kolkata Industrial Supply Co. 1512,strategic,Kolkata,West Bengal,India,45,84.69,94.73,B,Y
SUP001513,SUP-001513,Nagpur Industrial Supply Co. 1513,strategic,Nagpur,Maharashtra,India,30,94.03,99.05,A,Y
SUP001514,SUP-001514,Vadodara Industrial Supply Co. 1514,spot,Vadodara,Gujarat,India,45,97.27,87.76,C,Y
SUP001515,SUP-001515,Noida Industrial Supply Co. 1515,strategic,Noida,Uttar Pradesh,India,30,78.25,93.46,C,Y
SUP001516,SUP-001516,Bhopal Industrial Supply Co. 1516,approved,Bhopal,Madhya Pradesh,India,45,80.28,95.62,B,Y
SUP001517,SUP-001517,Nagpur Industrial Supply Co. 1517,approved,Nagpur,Maharashtra,India,60,82.69,91.2,B,Y
SUP001518,SUP-001518,Delhi Industrial Supply Co. 1518,contract_manufacturer,Delhi,Delhi,India,30,80.98,97.39,B,Y
SUP001519,SUP-001519,Kolkata Industrial Supply Co. 1519,strategic,Kolkata,West Bengal,India,45,85.59,96.09,B,Y
SUP001520,SUP-001520,Jaipur Industrial Supply Co. 1520,approved,Jaipur,Rajasthan,India,60,89.25,94.26,B,Y
SUP001521,SUP-001521,Ahmedabad Industrial Supply Co. 1521,approved,Ahmedabad,Gujarat,India,45,83.07,90.71,C,Y
SUP001522,SUP-001522,Nagpur Industrial Supply Co. 1522,strategic,Nagpur,Maharashtra,India,60,81.48,96.39,B,Y
SUP001523,SUP-001523,Vadodara Industrial Supply Co. 1523,approved,Vadodara,Gujarat,India,30,83.28,93.19,B,Y
SUP001524,SUP-001524,Bhopal Industrial Supply Co. 1524,approved,Bhopal,Madhya Pradesh,India,15,89.1,94.96,B,Y
SUP001525,SUP-001525,Kolkata Industrial Supply Co. 1525,approved,Kolkata,West Bengal,India,45,80.18,98.56,B,Y
SUP001526,SUP-001526,Pune Industrial Supply Co. 1526,spot,Pune,Maharashtra,India,60,78.56,96.76,C,Y
SUP001527,SUP-001527,Noida Industrial Supply Co. 1527,approved,Noida,Uttar Pradesh,India,30,92.36,95.57,B,Y
SUP001528,SUP-001528,Delhi Industrial Supply Co. 1528,approved,Delhi,Delhi,India,30,84.58,94.6,B,Y
SUP001529,SUP-001529,Nagpur Industrial Supply Co. 1529,contract_manufacturer,Nagpur,Maharashtra,India,15,83.7,99.26,B,Y
SUP001530,SUP-001530,Lucknow Industrial Supply Co. 1530,contract_manufacturer,Lucknow,Uttar Pradesh,India,45,80.54,95.83,B,Y
SUP001531,SUP-001531,Mysuru Industrial Supply Co. 1531,approved,Mysuru,Karnataka,India,30,99.8,93.14,B,Y
SUP001532,SUP-001532,Hyderabad Industrial Supply Co. 1532,contract_manufacturer,Hyderabad,Telangana,India,30,92.57,93.9,B,Y
SUP001533,SUP-001533,Vadodara Industrial Supply Co. 1533,approved,Vadodara,Gujarat,India,45,81.42,93.69,B,Y
SUP001534,SUP-001534,Delhi Industrial Supply Co. 1534,approved,Delhi,Delhi,India,15,89.4,93.57,B,Y
SUP001535,SUP-001535,Chandigarh Industrial Supply Co. 1535,approved,Chandigarh,Chandigarh,India,30,89.07,95.84,B,Y
SUP001536,SUP-001536,Delhi Industrial Supply Co. 1536,contract_manufacturer,Delhi,Delhi,India,45,76.62,96.81,C,Y
SUP001537,SUP-001537,Vadodara Industrial Supply Co. 1537,spot,Vadodara,Gujarat,India,30,93.82,96.95,B,Y
SUP001538,SUP-001538,Agra Industrial Supply Co. 1538,strategic,Agra,Uttar Pradesh,India,15,99.8,91.44,B,Y
SUP001539,SUP-001539,Hyderabad Industrial Supply Co. 1539,approved,Hyderabad,Telangana,India,30,83.05,97.35,B,Y
SUP001540,SUP-001540,Surat Industrial Supply Co. 1540,approved,Surat,Gujarat,India,30,99.8,91.21,B,Y
SUP001541,SUP-001541,Surat Industrial Supply Co. 1541,strategic,Surat,Gujarat,India,60,88.14,95.75,B,Y
SUP001542,SUP-001542,Jaipur Industrial Supply Co. 1542,spot,Jaipur,Rajasthan,India,60,90.79,99.23,B,Y
SUP001543,SUP-001543,Chandigarh Industrial Supply Co. 1543,approved,Chandigarh,Chandigarh,India,15,94.07,96.71,B,Y
SUP001544,SUP-001544,Nashik Industrial Supply Co. 1544,spot,Nashik,Maharashtra,India,15,80.44,97.12,B,Y
SUP001545,SUP-001545,Jaipur Industrial Supply Co. 1545,contract_manufacturer,Jaipur,Rajasthan,India,45,71.72,99.19,C,Y
SUP001546,SUP-001546,Delhi Industrial Supply Co. 1546,approved,Delhi,Delhi,India,60,89.49,95.79,B,Y
SUP001547,SUP-001547,Hyderabad Industrial Supply Co. 1547,approved,Hyderabad,Telangana,India,15,78.77,93.77,C,Y
SUP001548,SUP-001548,Pune Industrial Supply Co. 1548,approved,Pune,Maharashtra,India,60,77.28,92.52,C,Y
SUP001549,SUP-001549,Jaipur Industrial Supply Co. 1549,strategic,Jaipur,Rajasthan,India,30,79.33,98.23,C,Y
SUP001550,SUP-001550,Nashik Industrial Supply Co. 1550,approved,Nashik,Maharashtra,India,60,96.82,98.69,A,Y
SUP001551,SUP-001551,Kolkata Industrial Supply Co. 1551,contract_manufacturer,Kolkata,West Bengal,India,45,79.0,95.44,C,Y
SUP001552,SUP-001552,Bhubaneswar Industrial Supply Co. 1552,approved,Bhubaneswar,Odisha,India,30,98.49,95.11,B,Y
SUP001553,SUP-001553,Agra Industrial Supply Co. 1553,approved,Agra,Uttar Pradesh,India,45,97.62,88.05,C,Y
SUP001554,SUP-001554,Nagpur Industrial Supply Co. 1554,contract_manufacturer,Nagpur,Maharashtra,India,30,89.46,96.56,B,Y
SUP001555,SUP-001555,Agra Industrial Supply Co. 1555,spot,Agra,Uttar Pradesh,India,30,77.72,96.79,C,Y
SUP001556,SUP-001556,Nashik Industrial Supply Co. 1556,strategic,Nashik,Maharashtra,India,30,84.87,95.01,B,Y
SUP001557,SUP-001557,Pune Industrial Supply Co. 1557,approved,Pune,Maharashtra,India,45,87.95,99.9,B,Y
SUP001558,SUP-001558,Surat Industrial Supply Co. 1558,approved,Surat,Gujarat,India,45,95.98,93.93,B,Y
SUP001559,SUP-001559,Kolkata Industrial Supply Co. 1559,strategic,Kolkata,West Bengal,India,15,93.07,98.37,A,Y
SUP001560,SUP-001560,Kolkata Industrial Supply Co. 1560,approved,Kolkata,West Bengal,India,45,75.32,93.0,C,Y
SUP001561,SUP-001561,Noida Industrial Supply Co. 1561,strategic,Noida,Uttar Pradesh,India,45,94.76,93.25,B,Y
SUP001562,SUP-001562,Pune Industrial Supply Co. 1562,approved,Pune,Maharashtra,India,30,97.07,91.75,B,Y
SUP001563,SUP-001563,Bhopal Industrial Supply Co. 1563,approved,Bhopal,Madhya Pradesh,India,45,92.33,95.13,B,Y
SUP001564,SUP-001564,Hyderabad Industrial Supply Co. 1564,approved,Hyderabad,Telangana,India,60,99.8,95.38,B,Y
SUP001565,SUP-001565,Noida Industrial Supply Co. 1565,spot,Noida,Uttar Pradesh,India,30,99.62,92.34,B,Y
SUP001566,SUP-001566,Bengaluru Industrial Supply Co. 1566,strategic,Bengaluru,Karnataka,India,60,98.93,98.68,A,Y
SUP001567,SUP-001567,Agra Industrial Supply Co. 1567,approved,Agra,Uttar Pradesh,India,30,87.99,97.66,B,Y
SUP001568,SUP-001568,Bhubaneswar Industrial Supply Co. 1568,approved,Bhubaneswar,Odisha,India,30,88.47,95.65,B,Y
SUP001569,SUP-001569,Nagpur Industrial Supply Co. 1569,strategic,Nagpur,Maharashtra,India,30,81.66,89.75,C,Y
SUP001570,SUP-001570,Pune Industrial Supply Co. 1570,approved,Pune,Maharashtra,India,45,76.62,97.03,C,Y
SUP001571,SUP-001571,Kolkata Industrial Supply Co. 1571,spot,Kolkata,West Bengal,India,30,99.61,98.87,A,Y
SUP001572,SUP-001572,Noida Industrial Supply Co. 1572,strategic,Noida,Uttar Pradesh,India,45,68.83,93.82,C,Y
SUP001573,SUP-001573,Ranchi Industrial Supply Co. 1573,strategic,Ranchi,Jharkhand,India,30,72.65,99.9,C,Y
SUP001574,SUP-001574,Bhubaneswar Industrial Supply Co. 1574,approved,Bhubaneswar,Odisha,India,15,90.76,95.48,B,Y
SUP001575,SUP-001575,Agra Industrial Supply Co. 1575,approved,Agra,Uttar Pradesh,India,15,87.34,96.75,B,Y
SUP001576,SUP-001576,Lucknow Industrial Supply Co. 1576,strategic,Lucknow,Uttar Pradesh,India,15,85.2,99.9,B,Y
SUP001577,SUP-001577,Noida Industrial Supply Co. 1577,approved,Noida,Uttar Pradesh,India,15,83.54,95.06,B,Y
SUP001578,SUP-001578,Chandigarh Industrial Supply Co. 1578,approved,Chandigarh,Chandigarh,India,30,79.19,95.04,C,Y
SUP001579,SUP-001579,Nagpur Industrial Supply Co. 1579,approved,Nagpur,Maharashtra,India,45,90.09,91.83,B,Y
SUP001580,SUP-001580,Warangal Industrial Supply Co. 1580,approved,Warangal,Telangana,India,60,99.8,96.89,B,Y
SUP001581,SUP-001581,Vadodara Industrial Supply Co. 1581,approved,Vadodara,Gujarat,India,45,97.95,95.8,B,Y
SUP001582,SUP-001582,Nagpur Industrial Supply Co. 1582,approved,Nagpur,Maharashtra,India,30,85.71,91.19,B,Y
SUP001583,SUP-001583,Indore Industrial Supply Co. 1583,approved,Indore,Madhya Pradesh,India,60,84.78,95.85,B,Y
SUP001584,SUP-001584,Chandigarh Industrial Supply Co. 1584,approved,Chandigarh,Chandigarh,India,45,80.39,95.83,B,Y
SUP001585,SUP-001585,Mangaluru Industrial Supply Co. 1585,approved,Mangaluru,Karnataka,India,45,90.95,99.9,B,Y
SUP001586,SUP-001586,Bhopal Industrial Supply Co. 1586,approved,Bhopal,Madhya Pradesh,India,60,99.8,94.42,B,Y
SUP001587,SUP-001587,Delhi Industrial Supply Co. 1587,spot,Delhi,Delhi,India,30,89.72,92.59,B,Y
SUP001588,SUP-001588,Mysuru Industrial Supply Co. 1588,contract_manufacturer,Mysuru,Karnataka,India,45,79.31,93.41,C,Y
SUP001589,SUP-001589,Hyderabad Industrial Supply Co. 1589,approved,Hyderabad,Telangana,India,30,86.34,95.94,B,Y
SUP001590,SUP-001590,Vijayawada Industrial Supply Co. 1590,approved,Vijayawada,Andhra Pradesh,India,30,68.96,95.3,C,Y
SUP001591,SUP-001591,Hyderabad Industrial Supply Co. 1591,contract_manufacturer,Hyderabad,Telangana,India,45,90.52,95.21,B,Y
SUP001592,SUP-001592,Kolkata Industrial Supply Co. 1592,spot,Kolkata,West Bengal,India,45,93.77,95.27,B,Y
SUP001593,SUP-001593,Bhubaneswar Industrial Supply Co. 1593,spot,Bhubaneswar,Odisha,India,60,95.38,98.44,A,Y
SUP001594,SUP-001594,Mumbai Industrial Supply Co. 1594,contract_manufacturer,Mumbai,Maharashtra,India,30,91.19,94.34,B,Y
SUP001595,SUP-001595,Nagpur Industrial Supply Co. 1595,contract_manufacturer,Nagpur,Maharashtra,India,30,82.47,99.9,B,Y
SUP001596,SUP-001596,Delhi Industrial Supply Co. 1596,approved,Delhi,Delhi,India,30,84.05,98.25,B,Y
SUP001597,SUP-001597,Chandigarh Industrial Supply Co. 1597,spot,Chandigarh,Chandigarh,India,30,96.04,93.51,B,Y
SUP001598,SUP-001598,Chandigarh Industrial Supply Co. 1598,approved,Chandigarh,Chandigarh,India,30,77.8,92.6,C,Y
SUP001599,SUP-001599,Jaipur Industrial Supply Co. 1599,approved,Jaipur,Rajasthan,India,15,95.59,94.5,B,Y
SUP001600,SUP-001600,Noida Industrial Supply Co. 1600,approved,Noida,Uttar Pradesh,India,15,91.16,99.9,B,Y
SUP001601,SUP-001601,Vadodara Industrial Supply Co. 1601,approved,Vadodara,Gujarat,India,15,69.72,99.9,C,Y
SUP001602,SUP-001602,Pune Industrial Supply Co. 1602,strategic,Pune,Maharashtra,India,15,93.53,93.84,B,Y
SUP001603,SUP-001603,Ranchi Industrial Supply Co. 1603,spot,Ranchi,Jharkhand,India,45,71.34,99.9,C,Y
SUP001604,SUP-001604,Mangaluru Industrial Supply Co. 1604,approved,Mangaluru,Karnataka,India,30,64.78,96.45,C,Y
SUP001605,SUP-001605,Ranchi Industrial Supply Co. 1605,approved,Ranchi,Jharkhand,India,30,89.39,96.24,B,Y
SUP001606,SUP-001606,Nashik Industrial Supply Co. 1606,approved,Nashik,Maharashtra,India,15,86.15,98.71,B,Y
SUP001607,SUP-001607,Nashik Industrial Supply Co. 1607,approved,Nashik,Maharashtra,India,45,75.14,98.63,C,Y
SUP001608,SUP-001608,Surat Industrial Supply Co. 1608,strategic,Surat,Gujarat,India,45,88.16,96.66,B,Y
SUP001609,SUP-001609,Chandigarh Industrial Supply Co. 1609,approved,Chandigarh,Chandigarh,India,30,88.08,93.46,B,Y
SUP001610,SUP-001610,Ahmedabad Industrial Supply Co. 1610,contract_manufacturer,Ahmedabad,Gujarat,India,45,84.69,94.2,B,Y
SUP001611,SUP-001611,Ahmedabad Industrial Supply Co. 1611,approved,Ahmedabad,Gujarat,India,30,86.56,95.01,B,Y
SUP001612,SUP-001612,Ranchi Industrial Supply Co. 1612,strategic,Ranchi,Jharkhand,India,45,86.36,99.9,B,Y
SUP001613,SUP-001613,Lucknow Industrial Supply Co. 1613,strategic,Lucknow,Uttar Pradesh,India,15,99.8,97.38,A,Y
SUP001614,SUP-001614,Bhopal Industrial Supply Co. 1614,approved,Bhopal,Madhya Pradesh,India,30,99.02,96.05,B,Y
SUP001615,SUP-001615,Indore Industrial Supply Co. 1615,strategic,Indore,Madhya Pradesh,India,60,91.26,98.46,B,Y
SUP001616,SUP-001616,Pune Industrial Supply Co. 1616,approved,Pune,Maharashtra,India,15,85.83,98.85,B,Y
SUP001617,SUP-001617,Surat Industrial Supply Co. 1617,strategic,Surat,Gujarat,India,30,93.67,94.6,B,Y
SUP001618,SUP-001618,Warangal Industrial Supply Co. 1618,strategic,Warangal,Telangana,India,15,94.35,97.05,A,Y
SUP001619,SUP-001619,Indore Industrial Supply Co. 1619,approved,Indore,Madhya Pradesh,India,30,99.8,97.35,A,Y
SUP001620,SUP-001620,Nashik Industrial Supply Co. 1620,contract_manufacturer,Nashik,Maharashtra,India,60,83.19,96.59,B,Y
SUP001621,SUP-001621,Nagpur Industrial Supply Co. 1621,approved,Nagpur,Maharashtra,India,45,86.86,95.3,B,Y
SUP001622,SUP-001622,Lucknow Industrial Supply Co. 1622,contract_manufacturer,Lucknow,Uttar Pradesh,India,60,99.8,94.52,B,Y
SUP001623,SUP-001623,Kolkata Industrial Supply Co. 1623,approved,Kolkata,West Bengal,India,30,90.76,99.02,B,Y
SUP001624,SUP-001624,Warangal Industrial Supply Co. 1624,approved,Warangal,Telangana,India,30,93.12,98.4,A,Y
SUP001625,SUP-001625,Bhubaneswar Industrial Supply Co. 1625,strategic,Bhubaneswar,Odisha,India,30,99.8,91.13,B,Y
SUP001626,SUP-001626,Bhubaneswar Industrial Supply Co. 1626,approved,Bhubaneswar,Odisha,India,45,87.08,98.12,B,Y
SUP001627,SUP-001627,Mysuru Industrial Supply Co. 1627,strategic,Mysuru,Karnataka,India,30,99.8,98.85,A,Y
SUP001628,SUP-001628,Nagpur Industrial Supply Co. 1628,approved,Nagpur,Maharashtra,India,15,71.76,96.95,C,Y
SUP001629,SUP-001629,Chandigarh Industrial Supply Co. 1629,approved,Chandigarh,Chandigarh,India,15,73.41,99.09,C,Y
SUP001630,SUP-001630,Kolkata Industrial Supply Co. 1630,approved,Kolkata,West Bengal,India,30,92.02,93.27,B,Y
SUP001631,SUP-001631,Mumbai Industrial Supply Co. 1631,strategic,Mumbai,Maharashtra,India,30,93.72,91.93,B,Y
SUP001632,SUP-001632,Nashik Industrial Supply Co. 1632,approved,Nashik,Maharashtra,India,30,99.8,97.07,A,Y
SUP001633,SUP-001633,Noida Industrial Supply Co. 1633,approved,Noida,Uttar Pradesh,India,30,94.64,93.57,B,Y
SUP001634,SUP-001634,Delhi Industrial Supply Co. 1634,approved,Delhi,Delhi,India,45,89.26,90.4,C,Y
SUP001635,SUP-001635,Lucknow Industrial Supply Co. 1635,approved,Lucknow,Uttar Pradesh,India,15,94.59,91.38,B,Y
SUP001636,SUP-001636,Bhopal Industrial Supply Co. 1636,approved,Bhopal,Madhya Pradesh,India,30,84.55,96.16,B,Y
SUP001637,SUP-001637,Delhi Industrial Supply Co. 1637,approved,Delhi,Delhi,India,30,78.37,96.17,C,Y
SUP001638,SUP-001638,Mumbai Industrial Supply Co. 1638,contract_manufacturer,Mumbai,Maharashtra,India,30,94.7,98.36,A,Y
SUP001639,SUP-001639,Lucknow Industrial Supply Co. 1639,spot,Lucknow,Uttar Pradesh,India,60,94.83,95.29,B,Y
SUP001640,SUP-001640,Ranchi Industrial Supply Co. 1640,spot,Ranchi,Jharkhand,India,45,99.76,94.07,B,Y
SUP001641,SUP-001641,Nagpur Industrial Supply Co. 1641,contract_manufacturer,Nagpur,Maharashtra,India,15,92.29,99.9,A,Y
SUP001642,SUP-001642,Lucknow Industrial Supply Co. 1642,spot,Lucknow,Uttar Pradesh,India,30,80.93,92.88,B,Y
SUP001643,SUP-001643,Kolkata Industrial Supply Co. 1643,approved,Kolkata,West Bengal,India,45,87.76,93.86,B,Y
SUP001644,SUP-001644,Lucknow Industrial Supply Co. 1644,approved,Lucknow,Uttar Pradesh,India,45,85.09,99.26,B,Y
SUP001645,SUP-001645,Kolkata Industrial Supply Co. 1645,approved,Kolkata,West Bengal,India,30,92.37,94.55,B,Y
SUP001646,SUP-001646,Indore Industrial Supply Co. 1646,approved,Indore,Madhya Pradesh,India,45,85.58,90.35,C,Y
SUP001647,SUP-001647,Lucknow Industrial Supply Co. 1647,approved,Lucknow,Uttar Pradesh,India,30,83.09,95.9,B,Y
SUP001648,SUP-001648,Mangaluru Industrial Supply Co. 1648,contract_manufacturer,Mangaluru,Karnataka,India,30,80.1,99.29,B,Y
SUP001649,SUP-001649,Nagpur Industrial Supply Co. 1649,contract_manufacturer,Nagpur,Maharashtra,India,45,99.8,96.2,B,Y
SUP001650,SUP-001650,Ahmedabad Industrial Supply Co. 1650,approved,Ahmedabad,Gujarat,India,45,88.42,92.58,B,Y
SUP001651,SUP-001651,Nashik Industrial Supply Co. 1651,contract_manufacturer,Nashik,Maharashtra,India,30,85.28,95.83,B,Y
SUP001652,SUP-001652,Pune Industrial Supply Co. 1652,approved,Pune,Maharashtra,India,45,78.71,96.05,C,Y
SUP001653,SUP-001653,Vijayawada Industrial Supply Co. 1653,approved,Vijayawada,Andhra Pradesh,India,30,78.28,95.56,C,Y
SUP001654,SUP-001654,Ranchi Industrial Supply Co. 1654,approved,Ranchi,Jharkhand,India,30,99.8,99.9,A,Y
SUP001655,SUP-001655,Vadodara Industrial Supply Co. 1655,contract_manufacturer,Vadodara,Gujarat,India,60,89.19,96.11,B,Y
SUP001656,SUP-001656,Nashik Industrial Supply Co. 1656,approved,Nashik,Maharashtra,India,45,82.93,97.29,B,Y
SUP001657,SUP-001657,Noida Industrial Supply Co. 1657,spot,Noida,Uttar Pradesh,India,30,87.06,94.97,B,Y
SUP001658,SUP-001658,Mumbai Industrial Supply Co. 1658,strategic,Mumbai,Maharashtra,India,30,86.85,99.11,B,Y
SUP001659,SUP-001659,Lucknow Industrial Supply Co. 1659,strategic,Lucknow,Uttar Pradesh,India,15,71.68,97.56,C,Y
SUP001660,SUP-001660,Mysuru Industrial Supply Co. 1660,strategic,Mysuru,Karnataka,India,60,93.41,98.6,A,Y
SUP001661,SUP-001661,Surat Industrial Supply Co. 1661,approved,Surat,Gujarat,India,15,93.16,98.18,A,Y
SUP001662,SUP-001662,Jaipur Industrial Supply Co. 1662,approved,Jaipur,Rajasthan,India,30,82.99,88.25,C,Y
SUP001663,SUP-001663,Nagpur Industrial Supply Co. 1663,approved,Nagpur,Maharashtra,India,45,77.22,94.49,C,Y
SUP001664,SUP-001664,Surat Industrial Supply Co. 1664,strategic,Surat,Gujarat,India,30,87.02,98.49,B,Y
SUP001665,SUP-001665,Jaipur Industrial Supply Co. 1665,contract_manufacturer,Jaipur,Rajasthan,India,30,99.8,95.91,B,Y
SUP001666,SUP-001666,Nashik Industrial Supply Co. 1666,contract_manufacturer,Nashik,Maharashtra,India,15,85.76,94.0,B,Y
SUP001667,SUP-001667,Nashik Industrial Supply Co. 1667,approved,Nashik,Maharashtra,India,15,89.19,91.19,B,Y
SUP001668,SUP-001668,Mumbai Industrial Supply Co. 1668,contract_manufacturer,Mumbai,Maharashtra,India,45,85.81,94.07,B,Y
SUP001669,SUP-001669,Bhopal Industrial Supply Co. 1669,strategic,Bhopal,Madhya Pradesh,India,45,94.2,92.64,B,Y
SUP001670,SUP-001670,Mysuru Industrial Supply Co. 1670,contract_manufacturer,Mysuru,Karnataka,India,30,76.74,99.61,C,Y
SUP001671,SUP-001671,Bengaluru Industrial Supply Co. 1671,strategic,Bengaluru,Karnataka,India,30,99.8,88.07,C,Y
SUP001672,SUP-001672,Mysuru Industrial Supply Co. 1672,approved,Mysuru,Karnataka,India,45,94.44,99.9,A,Y
SUP001673,SUP-001673,Delhi Industrial Supply Co. 1673,approved,Delhi,Delhi,India,60,77.36,91.82,C,Y
SUP001674,SUP-001674,Noida Industrial Supply Co. 1674,approved,Noida,Uttar Pradesh,India,30,81.47,93.2,B,Y
SUP001675,SUP-001675,Vadodara Industrial Supply Co. 1675,contract_manufacturer,Vadodara,Gujarat,India,30,95.94,94.85,B,Y
SUP001676,SUP-001676,Jaipur Industrial Supply Co. 1676,contract_manufacturer,Jaipur,Rajasthan,India,15,87.35,96.57,B,Y
SUP001677,SUP-001677,Bengaluru Industrial Supply Co. 1677,approved,Bengaluru,Karnataka,India,30,71.32,99.9,C,Y
SUP001678,SUP-001678,Noida Industrial Supply Co. 1678,strategic,Noida,Uttar Pradesh,India,60,80.58,96.5,B,Y
SUP001679,SUP-001679,Jaipur Industrial Supply Co. 1679,contract_manufacturer,Jaipur,Rajasthan,India,30,76.43,97.24,C,Y
SUP001680,SUP-001680,Indore Industrial Supply Co. 1680,contract_manufacturer,Indore,Madhya Pradesh,India,60,70.5,98.89,C,Y
SUP001681,SUP-001681,Bhubaneswar Industrial Supply Co. 1681,strategic,Bhubaneswar,Odisha,India,45,77.38,95.96,C,Y
SUP001682,SUP-001682,Nagpur Industrial Supply Co. 1682,approved,Nagpur,Maharashtra,India,30,73.09,99.9,C,Y
SUP001683,SUP-001683,Bhubaneswar Industrial Supply Co. 1683,approved,Bhubaneswar,Odisha,India,30,99.35,99.9,A,Y
SUP001684,SUP-001684,Delhi Industrial Supply Co. 1684,approved,Delhi,Delhi,India,60,99.8,89.77,C,Y
SUP001685,SUP-001685,Mangaluru Industrial Supply Co. 1685,spot,Mangaluru,Karnataka,India,45,77.22,95.63,C,Y
SUP001686,SUP-001686,Kolkata Industrial Supply Co. 1686,approved,Kolkata,West Bengal,India,60,90.93,98.59,B,Y
SUP001687,SUP-001687,Bhubaneswar Industrial Supply Co. 1687,strategic,Bhubaneswar,Odisha,India,30,90.92,97.93,B,Y
SUP001688,SUP-001688,Mangaluru Industrial Supply Co. 1688,approved,Mangaluru,Karnataka,India,30,99.8,97.58,A,Y
SUP001689,SUP-001689,Bengaluru Industrial Supply Co. 1689,approved,Bengaluru,Karnataka,India,45,91.89,92.87,B,Y
SUP001690,SUP-001690,Mumbai Industrial Supply Co. 1690,spot,Mumbai,Maharashtra,India,45,84.86,99.69,B,Y
SUP001691,SUP-001691,Surat Industrial Supply Co. 1691,approved,Surat,Gujarat,India,45,68.9,95.57,C,Y
SUP001692,SUP-001692,Bengaluru Industrial Supply Co. 1692,strategic,Bengaluru,Karnataka,India,45,99.8,92.9,B,Y
SUP001693,SUP-001693,Kolkata Industrial Supply Co. 1693,approved,Kolkata,West Bengal,India,30,87.79,99.9,B,Y
SUP001694,SUP-001694,Vadodara Industrial Supply Co. 1694,spot,Vadodara,Gujarat,India,60,87.83,95.79,B,Y
SUP001695,SUP-001695,Chandigarh Industrial Supply Co. 1695,approved,Chandigarh,Chandigarh,India,30,79.27,96.43,C,Y
SUP001696,SUP-001696,Mumbai Industrial Supply Co. 1696,contract_manufacturer,Mumbai,Maharashtra,India,30,93.07,95.09,B,Y
SUP001697,SUP-001697,Vijayawada Industrial Supply Co. 1697,spot,Vijayawada,Andhra Pradesh,India,45,92.92,97.65,A,Y
SUP001698,SUP-001698,Nashik Industrial Supply Co. 1698,strategic,Nashik,Maharashtra,India,15,89.14,93.44,B,Y
SUP001699,SUP-001699,Delhi Industrial Supply Co. 1699,approved,Delhi,Delhi,India,30,84.52,98.97,B,Y
SUP001700,SUP-001700,Warangal Industrial Supply Co. 1700,approved,Warangal,Telangana,India,30,89.84,90.53,C,Y
SUP001701,SUP-001701,Jaipur Industrial Supply Co. 1701,strategic,Jaipur,Rajasthan,India,60,99.8,99.9,A,Y
SUP001702,SUP-001702,Bhopal Industrial Supply Co. 1702,strategic,Bhopal,Madhya Pradesh,India,60,95.3,93.29,B,Y
SUP001703,SUP-001703,Mangaluru Industrial Supply Co. 1703,approved,Mangaluru,Karnataka,India,15,88.21,93.68,B,Y
SUP001704,SUP-001704,Kolkata Industrial Supply Co. 1704,approved,Kolkata,West Bengal,India,30,83.34,96.15,B,Y
SUP001705,SUP-001705,Bhopal Industrial Supply Co. 1705,spot,Bhopal,Madhya Pradesh,India,15,90.71,93.03,B,Y
SUP001706,SUP-001706,Vadodara Industrial Supply Co. 1706,approved,Vadodara,Gujarat,India,30,99.8,91.73,B,Y
SUP001707,SUP-001707,Chandigarh Industrial Supply Co. 1707,spot,Chandigarh,Chandigarh,India,45,83.67,94.94,B,Y
SUP001708,SUP-001708,Mangaluru Industrial Supply Co. 1708,approved,Mangaluru,Karnataka,India,30,84.23,98.65,B,Y
SUP001709,SUP-001709,Nagpur Industrial Supply Co. 1709,approved,Nagpur,Maharashtra,India,45,99.8,95.94,B,Y
SUP001710,SUP-001710,Chandigarh Industrial Supply Co. 1710,strategic,Chandigarh,Chandigarh,India,45,81.95,98.96,B,Y
SUP001711,SUP-001711,Indore Industrial Supply Co. 1711,contract_manufacturer,Indore,Madhya Pradesh,India,15,87.31,89.48,C,Y
SUP001712,SUP-001712,Ahmedabad Industrial Supply Co. 1712,approved,Ahmedabad,Gujarat,India,30,73.09,94.99,C,Y
SUP001713,SUP-001713,Pune Industrial Supply Co. 1713,approved,Pune,Maharashtra,India,30,95.4,96.65,B,Y
SUP001714,SUP-001714,Indore Industrial Supply Co. 1714,spot,Indore,Madhya Pradesh,India,45,75.59,94.22,C,Y
SUP001715,SUP-001715,Bhubaneswar Industrial Supply Co. 1715,approved,Bhubaneswar,Odisha,India,30,84.98,92.82,B,Y
SUP001716,SUP-001716,Noida Industrial Supply Co. 1716,approved,Noida,Uttar Pradesh,India,45,83.18,95.78,B,Y
SUP001717,SUP-001717,Nagpur Industrial Supply Co. 1717,strategic,Nagpur,Maharashtra,India,45,75.35,99.25,C,Y
SUP001718,SUP-001718,Mysuru Industrial Supply Co. 1718,approved,Mysuru,Karnataka,India,15,99.8,99.51,A,Y
SUP001719,SUP-001719,Lucknow Industrial Supply Co. 1719,approved,Lucknow,Uttar Pradesh,India,30,71.05,91.91,C,Y
SUP001720,SUP-001720,Nagpur Industrial Supply Co. 1720,spot,Nagpur,Maharashtra,India,30,75.24,98.35,C,Y
SUP001721,SUP-001721,Mangaluru Industrial Supply Co. 1721,strategic,Mangaluru,Karnataka,India,30,95.39,96.69,B,Y
SUP001722,SUP-001722,Warangal Industrial Supply Co. 1722,strategic,Warangal,Telangana,India,60,76.71,97.58,C,Y
SUP001723,SUP-001723,Chandigarh Industrial Supply Co. 1723,approved,Chandigarh,Chandigarh,India,30,94.51,94.13,B,Y
SUP001724,SUP-001724,Mangaluru Industrial Supply Co. 1724,approved,Mangaluru,Karnataka,India,45,90.93,91.16,B,Y
SUP001725,SUP-001725,Vijayawada Industrial Supply Co. 1725,approved,Vijayawada,Andhra Pradesh,India,45,98.18,98.15,A,Y
SUP001726,SUP-001726,Hyderabad Industrial Supply Co. 1726,approved,Hyderabad,Telangana,India,30,88.01,94.78,B,Y
SUP001727,SUP-001727,Pune Industrial Supply Co. 1727,strategic,Pune,Maharashtra,India,45,76.57,99.9,C,Y
SUP001728,SUP-001728,Surat Industrial Supply Co. 1728,approved,Surat,Gujarat,India,30,83.76,97.28,B,Y
SUP001729,SUP-001729,Bhopal Industrial Supply Co. 1729,approved,Bhopal,Madhya Pradesh,India,60,81.32,99.9,B,Y
SUP001730,SUP-001730,Lucknow Industrial Supply Co. 1730,approved,Lucknow,Uttar Pradesh,India,45,99.26,98.47,A,Y
SUP001731,SUP-001731,Ranchi Industrial Supply Co. 1731,strategic,Ranchi,Jharkhand,India,60,85.31,97.18,B,Y
SUP001732,SUP-001732,Ahmedabad Industrial Supply Co. 1732,strategic,Ahmedabad,Gujarat,India,45,87.15,98.16,B,Y
SUP001733,SUP-001733,Indore Industrial Supply Co. 1733,approved,Indore,Madhya Pradesh,India,60,91.41,90.7,C,Y
SUP001734,SUP-001734,Lucknow Industrial Supply Co. 1734,approved,Lucknow,Uttar Pradesh,India,15,86.2,95.67,B,Y
SUP001735,SUP-001735,Vadodara Industrial Supply Co. 1735,spot,Vadodara,Gujarat,India,45,84.67,98.29,B,Y
SUP001736,SUP-001736,Chandigarh Industrial Supply Co. 1736,contract_manufacturer,Chandigarh,Chandigarh,India,30,71.92,90.62,C,Y
SUP001737,SUP-001737,Indore Industrial Supply Co. 1737,contract_manufacturer,Indore,Madhya Pradesh,India,60,81.83,95.84,B,Y
SUP001738,SUP-001738,Vijayawada Industrial Supply Co. 1738,strategic,Vijayawada,Andhra Pradesh,India,30,81.3,92.11,B,Y
SUP001739,SUP-001739,Indore Industrial Supply Co. 1739,approved,Indore,Madhya Pradesh,India,45,83.68,97.66,B,Y
SUP001740,SUP-001740,Ranchi Industrial Supply Co. 1740,approved,Ranchi,Jharkhand,India,30,99.8,96.58,B,Y
SUP001741,SUP-001741,Bhopal Industrial Supply Co. 1741,spot,Bhopal,Madhya Pradesh,India,45,80.16,94.34,B,Y
SUP001742,SUP-001742,Noida Industrial Supply Co. 1742,approved,Noida,Uttar Pradesh,India,45,85.22,97.89,B,Y
SUP001743,SUP-001743,Indore Industrial Supply Co. 1743,approved,Indore,Madhya Pradesh,India,60,92.77,98.58,A,Y
SUP001744,SUP-001744,Pune Industrial Supply Co. 1744,spot,Pune,Maharashtra,India,30,78.14,99.9,C,Y
SUP001745,SUP-001745,Surat Industrial Supply Co. 1745,spot,Surat,Gujarat,India,30,99.8,92.5,B,Y
SUP001746,SUP-001746,Bengaluru Industrial Supply Co. 1746,approved,Bengaluru,Karnataka,India,30,74.32,96.29,C,Y
SUP001747,SUP-001747,Jaipur Industrial Supply Co. 1747,strategic,Jaipur,Rajasthan,India,30,95.07,95.26,B,Y
SUP001748,SUP-001748,Agra Industrial Supply Co. 1748,approved,Agra,Uttar Pradesh,India,45,81.5,98.35,B,Y
SUP001749,SUP-001749,Mangaluru Industrial Supply Co. 1749,contract_manufacturer,Mangaluru,Karnataka,India,60,83.71,93.86,B,Y
SUP001750,SUP-001750,Ahmedabad Industrial Supply Co. 1750,contract_manufacturer,Ahmedabad,Gujarat,India,60,82.19,92.28,B,Y
SUP001751,SUP-001751,Delhi Industrial Supply Co. 1751,approved,Delhi,Delhi,India,30,72.73,97.41,C,Y
SUP001752,SUP-001752,Indore Industrial Supply Co. 1752,contract_manufacturer,Indore,Madhya Pradesh,India,45,73.52,93.3,C,Y
SUP001753,SUP-001753,Chandigarh Industrial Supply Co. 1753,spot,Chandigarh,Chandigarh,India,45,85.09,92.17,B,Y
SUP001754,SUP-001754,Mangaluru Industrial Supply Co. 1754,approved,Mangaluru,Karnataka,India,45,97.39,90.33,C,Y
SUP001755,SUP-001755,Lucknow Industrial Supply Co. 1755,contract_manufacturer,Lucknow,Uttar Pradesh,India,45,99.8,98.83,A,Y
SUP001756,SUP-001756,Nagpur Industrial Supply Co. 1756,approved,Nagpur,Maharashtra,India,30,94.39,95.1,B,Y
SUP001757,SUP-001757,Vijayawada Industrial Supply Co. 1757,spot,Vijayawada,Andhra Pradesh,India,30,81.89,99.25,B,Y
SUP001758,SUP-001758,Mangaluru Industrial Supply Co. 1758,strategic,Mangaluru,Karnataka,India,30,77.75,98.66,C,Y
SUP001759,SUP-001759,Bengaluru Industrial Supply Co. 1759,contract_manufacturer,Bengaluru,Karnataka,India,30,85.15,99.9,B,Y
SUP001760,SUP-001760,Delhi Industrial Supply Co. 1760,approved,Delhi,Delhi,India,30,89.19,97.0,B,Y
SUP001761,SUP-001761,Ranchi Industrial Supply Co. 1761,approved,Ranchi,Jharkhand,India,60,75.21,93.8,C,Y
SUP001762,SUP-001762,Noida Industrial Supply Co. 1762,approved,Noida,Uttar Pradesh,India,30,99.8,96.02,B,Y
SUP001763,SUP-001763,Delhi Industrial Supply Co. 1763,approved,Delhi,Delhi,India,30,91.33,90.48,C,Y
SUP001764,SUP-001764,Vadodara Industrial Supply Co. 1764,approved,Vadodara,Gujarat,India,45,97.38,95.24,B,Y
SUP001765,SUP-001765,Ranchi Industrial Supply Co. 1765,approved,Ranchi,Jharkhand,India,30,75.88,96.34,C,Y
SUP001766,SUP-001766,Nagpur Industrial Supply Co. 1766,approved,Nagpur,Maharashtra,India,30,98.32,99.04,A,Y
SUP001767,SUP-001767,Indore Industrial Supply Co. 1767,approved,Indore,Madhya Pradesh,India,60,80.01,99.9,B,Y
SUP001768,SUP-001768,Indore Industrial Supply Co. 1768,approved,Indore,Madhya Pradesh,India,30,73.71,98.05,C,Y
SUP001769,SUP-001769,Hyderabad Industrial Supply Co. 1769,strategic,Hyderabad,Telangana,India,15,91.52,97.08,B,Y
SUP001770,SUP-001770,Agra Industrial Supply Co. 1770,contract_manufacturer,Agra,Uttar Pradesh,India,60,85.99,99.9,B,Y
SUP001771,SUP-001771,Ranchi Industrial Supply Co. 1771,strategic,Ranchi,Jharkhand,India,30,86.04,97.9,B,Y
SUP001772,SUP-001772,Vijayawada Industrial Supply Co. 1772,contract_manufacturer,Vijayawada,Andhra Pradesh,India,30,74.85,91.74,C,Y
SUP001773,SUP-001773,Jaipur Industrial Supply Co. 1773,approved,Jaipur,Rajasthan,India,15,83.02,93.61,B,Y
SUP001774,SUP-001774,Hyderabad Industrial Supply Co. 1774,approved,Hyderabad,Telangana,India,60,99.33,96.77,B,Y
SUP001775,SUP-001775,Bhubaneswar Industrial Supply Co. 1775,approved,Bhubaneswar,Odisha,India,45,86.96,91.9,B,Y
SUP001776,SUP-001776,Mysuru Industrial Supply Co. 1776,strategic,Mysuru,Karnataka,India,60,81.73,95.52,B,Y
SUP001777,SUP-001777,Bhubaneswar Industrial Supply Co. 1777,approved,Bhubaneswar,Odisha,India,30,80.1,96.01,B,Y
SUP001778,SUP-001778,Pune Industrial Supply Co. 1778,spot,Pune,Maharashtra,India,30,89.98,92.75,B,Y
SUP001779,SUP-001779,Mumbai Industrial Supply Co. 1779,contract_manufacturer,Mumbai,Maharashtra,India,15,94.04,96.4,B,Y
SUP001780,SUP-001780,Nashik Industrial Supply Co. 1780,approved,Nashik,Maharashtra,India,30,91.49,99.9,B,Y
SUP001781,SUP-001781,Kolkata Industrial Supply Co. 1781,approved,Kolkata,West Bengal,India,45,96.93,97.43,A,Y
SUP001782,SUP-001782,Vadodara Industrial Supply Co. 1782,strategic,Vadodara,Gujarat,India,45,92.41,98.95,A,Y
SUP001783,SUP-001783,Noida Industrial Supply Co. 1783,strategic,Noida,Uttar Pradesh,India,60,99.8,96.41,B,Y
SUP001784,SUP-001784,Bhubaneswar Industrial Supply Co. 1784,approved,Bhubaneswar,Odisha,India,45,88.47,92.18,B,Y
SUP001785,SUP-001785,Hyderabad Industrial Supply Co. 1785,approved,Hyderabad,Telangana,India,15,99.8,95.63,B,Y
SUP001786,SUP-001786,Pune Industrial Supply Co. 1786,approved,Pune,Maharashtra,India,45,89.31,95.18,B,Y
SUP001787,SUP-001787,Lucknow Industrial Supply Co. 1787,spot,Lucknow,Uttar Pradesh,India,30,91.57,93.08,B,Y
SUP001788,SUP-001788,Mumbai Industrial Supply Co. 1788,strategic,Mumbai,Maharashtra,India,30,84.82,94.53,B,Y
SUP001789,SUP-001789,Vijayawada Industrial Supply Co. 1789,approved,Vijayawada,Andhra Pradesh,India,30,82.91,90.11,C,Y
SUP001790,SUP-001790,Bhopal Industrial Supply Co. 1790,approved,Bhopal,Madhya Pradesh,India,45,86.49,94.04,B,Y
SUP001791,SUP-001791,Surat Industrial Supply Co. 1791,approved,Surat,Gujarat,India,60,82.76,97.63,B,Y
SUP001792,SUP-001792,Vijayawada Industrial Supply Co. 1792,approved,Vijayawada,Andhra Pradesh,India,60,91.65,97.67,B,Y
SUP001793,SUP-001793,Bengaluru Industrial Supply Co. 1793,spot,Bengaluru,Karnataka,India,60,87.32,98.85,B,Y
SUP001794,SUP-001794,Vijayawada Industrial Supply Co. 1794,approved,Vijayawada,Andhra Pradesh,India,60,73.15,96.86,C,Y
SUP001795,SUP-001795,Vadodara Industrial Supply Co. 1795,approved,Vadodara,Gujarat,India,15,97.84,92.5,B,Y
SUP001796,SUP-001796,Nagpur Industrial Supply Co. 1796,approved,Nagpur,Maharashtra,India,45,80.15,97.3,B,Y
SUP001797,SUP-001797,Indore Industrial Supply Co. 1797,approved,Indore,Madhya Pradesh,India,15,81.04,99.44,B,Y
SUP001798,SUP-001798,Nashik Industrial Supply Co. 1798,approved,Nashik,Maharashtra,India,15,94.76,91.96,B,Y
SUP001799,SUP-001799,Nashik Industrial Supply Co. 1799,spot,Nashik,Maharashtra,India,15,86.58,95.47,B,Y
SUP001800,SUP-001800,Mysuru Industrial Supply Co. 1800,strategic,Mysuru,Karnataka,India,45,87.71,95.62,B,Y
SUP001801,SUP-001801,Nagpur Industrial Supply Co. 1801,approved,Nagpur,Maharashtra,India,30,99.8,95.2,B,Y
SUP001802,SUP-001802,Nagpur Industrial Supply Co. 1802,spot,Nagpur,Maharashtra,India,30,78.91,96.68,C,Y
SUP001803,SUP-001803,Mysuru Industrial Supply Co. 1803,contract_manufacturer,Mysuru,Karnataka,India,30,99.8,92.37,B,Y
SUP001804,SUP-001804,Pune Industrial Supply Co. 1804,contract_manufacturer,Pune,Maharashtra,India,30,86.18,93.28,B,Y
SUP001805,SUP-001805,Vijayawada Industrial Supply Co. 1805,approved,Vijayawada,Andhra Pradesh,India,30,96.88,94.34,B,Y
SUP001806,SUP-001806,Warangal Industrial Supply Co. 1806,approved,Warangal,Telangana,India,45,80.63,92.91,B,Y
SUP001807,SUP-001807,Lucknow Industrial Supply Co. 1807,strategic,Lucknow,Uttar Pradesh,India,30,89.59,93.55,B,Y
SUP001808,SUP-001808,Lucknow Industrial Supply Co. 1808,strategic,Lucknow,Uttar Pradesh,India,45,74.33,99.9,C,Y
SUP001809,SUP-001809,Pune Industrial Supply Co. 1809,strategic,Pune,Maharashtra,India,15,78.18,92.24,C,Y
SUP001810,SUP-001810,Agra Industrial Supply Co. 1810,approved,Agra,Uttar Pradesh,India,30,94.77,97.55,A,Y
SUP001811,SUP-001811,Nagpur Industrial Supply Co. 1811,spot,Nagpur,Maharashtra,India,30,89.08,93.64,B,Y
SUP001812,SUP-001812,Pune Industrial Supply Co. 1812,approved,Pune,Maharashtra,India,30,99.68,89.03,C,Y
SUP001813,SUP-001813,Bengaluru Industrial Supply Co. 1813,contract_manufacturer,Bengaluru,Karnataka,India,30,88.81,93.33,B,Y
SUP001814,SUP-001814,Kolkata Industrial Supply Co. 1814,approved,Kolkata,West Bengal,India,30,79.22,98.45,C,Y
SUP001815,SUP-001815,Vijayawada Industrial Supply Co. 1815,approved,Vijayawada,Andhra Pradesh,India,30,79.05,96.68,C,Y
SUP001816,SUP-001816,Warangal Industrial Supply Co. 1816,spot,Warangal,Telangana,India,15,91.33,99.84,B,Y
SUP001817,SUP-001817,Nashik Industrial Supply Co. 1817,strategic,Nashik,Maharashtra,India,30,80.85,94.3,B,Y
SUP001818,SUP-001818,Mangaluru Industrial Supply Co. 1818,approved,Mangaluru,Karnataka,India,45,90.82,97.75,B,Y
SUP001819,SUP-001819,Mysuru Industrial Supply Co. 1819,strategic,Mysuru,Karnataka,India,45,85.68,89.8,C,Y
SUP001820,SUP-001820,Vadodara Industrial Supply Co. 1820,strategic,Vadodara,Gujarat,India,30,82.45,94.97,B,Y
SUP001821,SUP-001821,Mangaluru Industrial Supply Co. 1821,approved,Mangaluru,Karnataka,India,45,92.61,94.5,B,Y
SUP001822,SUP-001822,Lucknow Industrial Supply Co. 1822,approved,Lucknow,Uttar Pradesh,India,30,84.9,91.32,B,Y
SUP001823,SUP-001823,Jaipur Industrial Supply Co. 1823,spot,Jaipur,Rajasthan,India,15,91.04,94.18,B,Y
SUP001824,SUP-001824,Agra Industrial Supply Co. 1824,spot,Agra,Uttar Pradesh,India,45,82.77,99.9,B,Y
SUP001825,SUP-001825,Pune Industrial Supply Co. 1825,approved,Pune,Maharashtra,India,45,94.41,98.18,A,Y
SUP001826,SUP-001826,Warangal Industrial Supply Co. 1826,approved,Warangal,Telangana,India,30,76.98,95.17,C,Y
SUP001827,SUP-001827,Pune Industrial Supply Co. 1827,approved,Pune,Maharashtra,India,60,94.1,95.81,B,Y
SUP001828,SUP-001828,Bhopal Industrial Supply Co. 1828,approved,Bhopal,Madhya Pradesh,India,30,85.87,93.53,B,Y
SUP001829,SUP-001829,Surat Industrial Supply Co. 1829,approved,Surat,Gujarat,India,30,85.86,97.61,B,Y
SUP001830,SUP-001830,Surat Industrial Supply Co. 1830,spot,Surat,Gujarat,India,30,97.87,86.61,C,Y
SUP001831,SUP-001831,Bhubaneswar Industrial Supply Co. 1831,approved,Bhubaneswar,Odisha,India,60,87.4,97.57,B,Y
SUP001832,SUP-001832,Ranchi Industrial Supply Co. 1832,strategic,Ranchi,Jharkhand,India,15,90.95,92.01,B,Y
SUP001833,SUP-001833,Hyderabad Industrial Supply Co. 1833,contract_manufacturer,Hyderabad,Telangana,India,45,77.62,99.9,C,Y
SUP001834,SUP-001834,Ranchi Industrial Supply Co. 1834,contract_manufacturer,Ranchi,Jharkhand,India,30,78.49,95.24,C,Y
SUP001835,SUP-001835,Mangaluru Industrial Supply Co. 1835,approved,Mangaluru,Karnataka,India,30,90.18,99.9,B,Y
SUP001836,SUP-001836,Nashik Industrial Supply Co. 1836,approved,Nashik,Maharashtra,India,45,93.62,99.26,A,Y
SUP001837,SUP-001837,Warangal Industrial Supply Co. 1837,approved,Warangal,Telangana,India,30,74.74,92.71,C,Y
SUP001838,SUP-001838,Nagpur Industrial Supply Co. 1838,approved,Nagpur,Maharashtra,India,30,74.59,99.9,C,Y
SUP001839,SUP-001839,Pune Industrial Supply Co. 1839,approved,Pune,Maharashtra,India,30,90.24,95.65,B,Y
SUP001840,SUP-001840,Warangal Industrial Supply Co. 1840,approved,Warangal,Telangana,India,15,90.08,94.75,B,Y
SUP001841,SUP-001841,Lucknow Industrial Supply Co. 1841,approved,Lucknow,Uttar Pradesh,India,30,77.01,98.42,C,Y
SUP001842,SUP-001842,Bengaluru Industrial Supply Co. 1842,approved,Bengaluru,Karnataka,India,60,88.29,96.62,B,Y
SUP001843,SUP-001843,Hyderabad Industrial Supply Co. 1843,approved,Hyderabad,Telangana,India,15,90.65,93.68,B,Y
SUP001844,SUP-001844,Bengaluru Industrial Supply Co. 1844,contract_manufacturer,Bengaluru,Karnataka,India,45,87.26,93.47,B,Y
SUP001845,SUP-001845,Surat Industrial Supply Co. 1845,approved,Surat,Gujarat,India,45,78.74,99.08,C,Y
SUP001846,SUP-001846,Lucknow Industrial Supply Co. 1846,approved,Lucknow,Uttar Pradesh,India,45,75.88,99.64,C,Y
SUP001847,SUP-001847,Vijayawada Industrial Supply Co. 1847,contract_manufacturer,Vijayawada,Andhra Pradesh,India,15,71.58,92.45,C,Y
SUP001848,SUP-001848,Lucknow Industrial Supply Co. 1848,approved,Lucknow,Uttar Pradesh,India,30,99.8,98.53,A,Y
SUP001849,SUP-001849,Delhi Industrial Supply Co. 1849,approved,Delhi,Delhi,India,45,70.95,99.9,C,Y
SUP001850,SUP-001850,Bengaluru Industrial Supply Co. 1850,strategic,Bengaluru,Karnataka,India,30,89.45,98.23,B,Y
SUP001851,SUP-001851,Bhopal Industrial Supply Co. 1851,spot,Bhopal,Madhya Pradesh,India,30,79.26,96.91,C,Y
SUP001852,SUP-001852,Noida Industrial Supply Co. 1852,contract_manufacturer,Noida,Uttar Pradesh,India,30,97.95,95.3,B,Y
SUP001853,SUP-001853,Warangal Industrial Supply Co. 1853,approved,Warangal,Telangana,India,45,91.75,93.0,B,Y
SUP001854,SUP-001854,Indore Industrial Supply Co. 1854,spot,Indore,Madhya Pradesh,India,30,98.48,92.1,B,Y
SUP001855,SUP-001855,Nashik Industrial Supply Co. 1855,approved,Nashik,Maharashtra,India,15,85.75,95.22,B,Y
SUP001856,SUP-001856,Vadodara Industrial Supply Co. 1856,spot,Vadodara,Gujarat,India,45,87.19,94.53,B,Y
SUP001857,SUP-001857,Vijayawada Industrial Supply Co. 1857,strategic,Vijayawada,Andhra Pradesh,India,45,92.04,99.23,A,Y
SUP001858,SUP-001858,Mumbai Industrial Supply Co. 1858,approved,Mumbai,Maharashtra,India,30,99.8,94.19,B,Y
SUP001859,SUP-001859,Vadodara Industrial Supply Co. 1859,strategic,Vadodara,Gujarat,India,45,95.99,95.28,B,Y
SUP001860,SUP-001860,Ranchi Industrial Supply Co. 1860,approved,Ranchi,Jharkhand,India,60,83.17,93.62,B,Y
SUP001861,SUP-001861,Delhi Industrial Supply Co. 1861,spot,Delhi,Delhi,India,15,89.88,95.5,B,Y
SUP001862,SUP-001862,Lucknow Industrial Supply Co. 1862,approved,Lucknow,Uttar Pradesh,India,60,91.76,96.75,B,Y
SUP001863,SUP-001863,Ahmedabad Industrial Supply Co. 1863,contract_manufacturer,Ahmedabad,Gujarat,India,45,95.43,97.41,A,Y
SUP001864,SUP-001864,Nagpur Industrial Supply Co. 1864,approved,Nagpur,Maharashtra,India,30,99.8,99.24,A,Y
SUP001865,SUP-001865,Hyderabad Industrial Supply Co. 1865,approved,Hyderabad,Telangana,India,60,76.0,99.9,C,Y
SUP001866,SUP-001866,Warangal Industrial Supply Co. 1866,approved,Warangal,Telangana,India,45,77.53,93.24,C,Y
SUP001867,SUP-001867,Mumbai Industrial Supply Co. 1867,approved,Mumbai,Maharashtra,India,30,81.26,97.64,B,Y
SUP001868,SUP-001868,Nagpur Industrial Supply Co. 1868,approved,Nagpur,Maharashtra,India,30,99.46,92.86,B,Y
SUP001869,SUP-001869,Vadodara Industrial Supply Co. 1869,strategic,Vadodara,Gujarat,India,15,76.49,95.12,C,Y
SUP001870,SUP-001870,Nashik Industrial Supply Co. 1870,approved,Nashik,Maharashtra,India,45,96.86,93.77,B,Y
SUP001871,SUP-001871,Lucknow Industrial Supply Co. 1871,approved,Lucknow,Uttar Pradesh,India,30,84.71,93.28,B,Y
SUP001872,SUP-001872,Vadodara Industrial Supply Co. 1872,strategic,Vadodara,Gujarat,India,30,97.13,98.81,A,Y
SUP001873,SUP-001873,Delhi Industrial Supply Co. 1873,approved,Delhi,Delhi,India,30,98.84,95.0,B,Y
SUP001874,SUP-001874,Bengaluru Industrial Supply Co. 1874,approved,Bengaluru,Karnataka,India,60,83.56,99.9,B,Y
SUP001875,SUP-001875,Bengaluru Industrial Supply Co. 1875,approved,Bengaluru,Karnataka,India,45,94.13,97.9,A,Y
SUP001876,SUP-001876,Jaipur Industrial Supply Co. 1876,approved,Jaipur,Rajasthan,India,30,84.92,98.88,B,Y
SUP001877,SUP-001877,Nashik Industrial Supply Co. 1877,approved,Nashik,Maharashtra,India,30,87.21,96.53,B,Y
SUP001878,SUP-001878,Mysuru Industrial Supply Co. 1878,approved,Mysuru,Karnataka,India,60,78.31,92.36,C,Y
SUP001879,SUP-001879,Mangaluru Industrial Supply Co. 1879,approved,Mangaluru,Karnataka,India,45,88.45,96.29,B,Y
SUP001880,SUP-001880,Mangaluru Industrial Supply Co. 1880,strategic,Mangaluru,Karnataka,India,45,89.7,99.44,B,Y
SUP001881,SUP-001881,Lucknow Industrial Supply Co. 1881,strategic,Lucknow,Uttar Pradesh,India,30,90.88,92.73,B,Y
SUP001882,SUP-001882,Kolkata Industrial Supply Co. 1882,approved,Kolkata,West Bengal,India,45,77.93,89.13,C,Y
SUP001883,SUP-001883,Agra Industrial Supply Co. 1883,approved,Agra,Uttar Pradesh,India,60,92.47,96.22,B,Y
SUP001884,SUP-001884,Agra Industrial Supply Co. 1884,approved,Agra,Uttar Pradesh,India,60,96.86,97.57,A,Y
SUP001885,SUP-001885,Bhubaneswar Industrial Supply Co. 1885,approved,Bhubaneswar,Odisha,India,45,81.24,99.9,B,Y
SUP001886,SUP-001886,Agra Industrial Supply Co. 1886,strategic,Agra,Uttar Pradesh,India,45,83.97,99.01,B,Y
SUP001887,SUP-001887,Ahmedabad Industrial Supply Co. 1887,spot,Ahmedabad,Gujarat,India,30,71.05,92.77,C,Y
SUP001888,SUP-001888,Ahmedabad Industrial Supply Co. 1888,approved,Ahmedabad,Gujarat,India,45,96.34,92.54,B,Y
SUP001889,SUP-001889,Delhi Industrial Supply Co. 1889,approved,Delhi,Delhi,India,60,68.76,93.19,C,Y
SUP001890,SUP-001890,Vadodara Industrial Supply Co. 1890,approved,Vadodara,Gujarat,India,60,84.59,93.01,B,Y
SUP001891,SUP-001891,Surat Industrial Supply Co. 1891,approved,Surat,Gujarat,India,30,91.04,95.74,B,Y
SUP001892,SUP-001892,Delhi Industrial Supply Co. 1892,strategic,Delhi,Delhi,India,60,85.46,99.9,B,Y
SUP001893,SUP-001893,Mysuru Industrial Supply Co. 1893,approved,Mysuru,Karnataka,India,30,92.39,96.06,B,Y
SUP001894,SUP-001894,Nashik Industrial Supply Co. 1894,approved,Nashik,Maharashtra,India,15,99.8,90.82,C,Y
SUP001895,SUP-001895,Mumbai Industrial Supply Co. 1895,approved,Mumbai,Maharashtra,India,45,76.69,94.84,C,Y
SUP001896,SUP-001896,Bengaluru Industrial Supply Co. 1896,approved,Bengaluru,Karnataka,India,60,82.1,99.9,B,Y
SUP001897,SUP-001897,Ahmedabad Industrial Supply Co. 1897,strategic,Ahmedabad,Gujarat,India,60,82.15,91.59,B,Y
SUP001898,SUP-001898,Lucknow Industrial Supply Co. 1898,approved,Lucknow,Uttar Pradesh,India,30,83.77,99.9,B,Y
SUP001899,SUP-001899,Lucknow Industrial Supply Co. 1899,contract_manufacturer,Lucknow,Uttar Pradesh,India,30,84.44,96.09,B,Y
SUP001900,SUP-001900,Bengaluru Industrial Supply Co. 1900,contract_manufacturer,Bengaluru,Karnataka,India,15,82.52,93.47,B,Y
SUP001901,SUP-001901,Noida Industrial Supply Co. 1901,contract_manufacturer,Noida,Uttar Pradesh,India,30,89.27,95.95,B,Y
SUP001902,SUP-001902,Hyderabad Industrial Supply Co. 1902,strategic,Hyderabad,Telangana,India,30,93.56,96.99,B,Y
SUP001903,SUP-001903,Lucknow Industrial Supply Co. 1903,spot,Lucknow,Uttar Pradesh,India,45,79.86,95.87,C,Y
SUP001904,SUP-001904,Nashik Industrial Supply Co. 1904,approved,Nashik,Maharashtra,India,30,93.09,98.73,A,Y
SUP001905,SUP-001905,Vadodara Industrial Supply Co. 1905,approved,Vadodara,Gujarat,India,60,77.92,92.81,C,Y
SUP001906,SUP-001906,Pune Industrial Supply Co. 1906,approved,Pune,Maharashtra,India,45,91.57,93.83,B,Y
SUP001907,SUP-001907,Bhopal Industrial Supply Co. 1907,strategic,Bhopal,Madhya Pradesh,India,45,88.75,96.21,B,Y
SUP001908,SUP-001908,Delhi Industrial Supply Co. 1908,strategic,Delhi,Delhi,India,15,99.8,90.88,C,Y
SUP001909,SUP-001909,Indore Industrial Supply Co. 1909,approved,Indore,Madhya Pradesh,India,15,77.25,96.07,C,Y
SUP001910,SUP-001910,Nashik Industrial Supply Co. 1910,strategic,Nashik,Maharashtra,India,30,75.77,97.17,C,Y
SUP001911,SUP-001911,Pune Industrial Supply Co. 1911,approved,Pune,Maharashtra,India,30,99.8,94.48,B,Y
SUP001912,SUP-001912,Warangal Industrial Supply Co. 1912,contract_manufacturer,Warangal,Telangana,India,30,66.69,99.9,C,Y
SUP001913,SUP-001913,Surat Industrial Supply Co. 1913,contract_manufacturer,Surat,Gujarat,India,45,90.87,97.63,B,Y
SUP001914,SUP-001914,Mangaluru Industrial Supply Co. 1914,approved,Mangaluru,Karnataka,India,45,90.85,94.14,B,Y
SUP001915,SUP-001915,Vadodara Industrial Supply Co. 1915,approved,Vadodara,Gujarat,India,45,86.45,93.42,B,Y
SUP001916,SUP-001916,Noida Industrial Supply Co. 1916,strategic,Noida,Uttar Pradesh,India,45,96.25,99.12,A,Y
SUP001917,SUP-001917,Lucknow Industrial Supply Co. 1917,approved,Lucknow,Uttar Pradesh,India,30,90.5,97.68,B,Y
SUP001918,SUP-001918,Chandigarh Industrial Supply Co. 1918,strategic,Chandigarh,Chandigarh,India,30,86.96,97.18,B,Y
SUP001919,SUP-001919,Pune Industrial Supply Co. 1919,approved,Pune,Maharashtra,India,45,99.8,95.93,B,Y
SUP001920,SUP-001920,Lucknow Industrial Supply Co. 1920,approved,Lucknow,Uttar Pradesh,India,45,85.7,96.02,B,Y
SUP001921,SUP-001921,Hyderabad Industrial Supply Co. 1921,contract_manufacturer,Hyderabad,Telangana,India,30,93.93,94.42,B,Y
SUP001922,SUP-001922,Bhubaneswar Industrial Supply Co. 1922,contract_manufacturer,Bhubaneswar,Odisha,India,30,77.78,98.38,C,Y
SUP001923,SUP-001923,Mangaluru Industrial Supply Co. 1923,approved,Mangaluru,Karnataka,India,45,69.69,97.2,C,Y
SUP001924,SUP-001924,Warangal Industrial Supply Co. 1924,approved,Warangal,Telangana,India,30,92.9,91.42,B,Y
SUP001925,SUP-001925,Indore Industrial Supply Co. 1925,approved,Indore,Madhya Pradesh,India,15,79.24,95.91,C,Y
SUP001926,SUP-001926,Bengaluru Industrial Supply Co. 1926,approved,Bengaluru,Karnataka,India,30,93.61,97.12,A,Y
SUP001927,SUP-001927,Bhubaneswar Industrial Supply Co. 1927,approved,Bhubaneswar,Odisha,India,15,81.36,91.44,B,Y
SUP001928,SUP-001928,Vadodara Industrial Supply Co. 1928,approved,Vadodara,Gujarat,India,60,99.8,94.09,B,Y
SUP001929,SUP-001929,Pune Industrial Supply Co. 1929,strategic,Pune,Maharashtra,India,45,86.99,99.22,B,Y
SUP001930,SUP-001930,Bhopal Industrial Supply Co. 1930,approved,Bhopal,Madhya Pradesh,India,60,95.88,98.38,A,Y
SUP001931,SUP-001931,Nashik Industrial Supply Co. 1931,spot,Nashik,Maharashtra,India,45,93.04,97.03,A,Y
SUP001932,SUP-001932,Nagpur Industrial Supply Co. 1932,approved,Nagpur,Maharashtra,India,30,93.0,98.29,A,Y
SUP001933,SUP-001933,Nagpur Industrial Supply Co. 1933,spot,Nagpur,Maharashtra,India,15,93.98,94.86,B,Y
SUP001934,SUP-001934,Delhi Industrial Supply Co. 1934,spot,Delhi,Delhi,India,30,96.4,92.49,B,Y
SUP001935,SUP-001935,Kolkata Industrial Supply Co. 1935,approved,Kolkata,West Bengal,India,45,77.91,92.25,C,Y
SUP001936,SUP-001936,Mumbai Industrial Supply Co. 1936,spot,Mumbai,Maharashtra,India,15,80.09,92.68,B,Y
SUP001937,SUP-001937,Pune Industrial Supply Co. 1937,contract_manufacturer,Pune,Maharashtra,India,45,91.31,94.89,B,Y
SUP001938,SUP-001938,Nagpur Industrial Supply Co. 1938,strategic,Nagpur,Maharashtra,India,30,87.39,96.07,B,Y
SUP001939,SUP-001939,Kolkata Industrial Supply Co. 1939,strategic,Kolkata,West Bengal,India,60,88.39,99.64,B,Y
SUP001940,SUP-001940,Warangal Industrial Supply Co. 1940,approved,Warangal,Telangana,India,45,80.23,94.33,B,Y
SUP001941,SUP-001941,Pune Industrial Supply Co. 1941,strategic,Pune,Maharashtra,India,30,87.08,96.58,B,Y
SUP001942,SUP-001942,Chandigarh Industrial Supply Co. 1942,approved,Chandigarh,Chandigarh,India,60,94.72,99.9,A,Y
SUP001943,SUP-001943,Nashik Industrial Supply Co. 1943,spot,Nashik,Maharashtra,India,15,83.57,95.53,B,Y
SUP001944,SUP-001944,Delhi Industrial Supply Co. 1944,approved,Delhi,Delhi,India,30,82.68,98.3,B,Y
SUP001945,SUP-001945,Nagpur Industrial Supply Co. 1945,strategic,Nagpur,Maharashtra,India,15,89.22,96.73,B,Y
SUP001946,SUP-001946,Vadodara Industrial Supply Co. 1946,approved,Vadodara,Gujarat,India,45,85.71,96.79,B,Y
SUP001947,SUP-001947,Agra Industrial Supply Co. 1947,strategic,Agra,Uttar Pradesh,India,15,84.77,95.76,B,Y
SUP001948,SUP-001948,Ahmedabad Industrial Supply Co. 1948,approved,Ahmedabad,Gujarat,India,30,82.54,98.28,B,Y
SUP001949,SUP-001949,Mysuru Industrial Supply Co. 1949,approved,Mysuru,Karnataka,India,45,97.33,99.9,A,Y
SUP001950,SUP-001950,Indore Industrial Supply Co. 1950,strategic,Indore,Madhya Pradesh,India,45,90.36,97.05,B,Y
SUP001951,SUP-001951,Bengaluru Industrial Supply Co. 1951,approved,Bengaluru,Karnataka,India,30,97.2,97.0,A,Y
SUP001952,SUP-001952,Kolkata Industrial Supply Co. 1952,approved,Kolkata,West Bengal,India,30,77.96,97.78,C,Y
SUP001953,SUP-001953,Mumbai Industrial Supply Co. 1953,strategic,Mumbai,Maharashtra,India,15,96.07,94.64,B,Y
SUP001954,SUP-001954,Delhi Industrial Supply Co. 1954,approved,Delhi,Delhi,India,15,93.9,97.66,A,Y
SUP001955,SUP-001955,Surat Industrial Supply Co. 1955,spot,Surat,Gujarat,India,60,87.44,98.79,B,Y
SUP001956,SUP-001956,Chandigarh Industrial Supply Co. 1956,approved,Chandigarh,Chandigarh,India,30,79.49,94.81,C,Y
SUP001957,SUP-001957,Agra Industrial Supply Co. 1957,spot,Agra,Uttar Pradesh,India,30,96.91,95.64,B,Y
SUP001958,SUP-001958,Agra Industrial Supply Co. 1958,approved,Agra,Uttar Pradesh,India,30,96.8,92.14,B,Y
SUP001959,SUP-001959,Vadodara Industrial Supply Co. 1959,spot,Vadodara,Gujarat,India,30,93.61,95.83,B,Y
SUP001960,SUP-001960,Lucknow Industrial Supply Co. 1960,contract_manufacturer,Lucknow,Uttar Pradesh,India,30,78.57,93.53,C,Y
SUP001961,SUP-001961,Chandigarh Industrial Supply Co. 1961,approved,Chandigarh,Chandigarh,India,30,99.8,97.14,A,Y
SUP001962,SUP-001962,Nagpur Industrial Supply Co. 1962,approved,Nagpur,Maharashtra,India,30,96.16,99.9,A,Y
SUP001963,SUP-001963,Pune Industrial Supply Co. 1963,contract_manufacturer,Pune,Maharashtra,India,60,75.12,92.07,C,Y
SUP001964,SUP-001964,Agra Industrial Supply Co. 1964,contract_manufacturer,Agra,Uttar Pradesh,India,45,80.21,93.55,B,Y
SUP001965,SUP-001965,Warangal Industrial Supply Co. 1965,contract_manufacturer,Warangal,Telangana,India,30,87.85,94.7,B,Y
SUP001966,SUP-001966,Ranchi Industrial Supply Co. 1966,contract_manufacturer,Ranchi,Jharkhand,India,45,74.98,90.02,C,Y
SUP001967,SUP-001967,Delhi Industrial Supply Co. 1967,contract_manufacturer,Delhi,Delhi,India,30,78.52,99.9,C,Y
SUP001968,SUP-001968,Warangal Industrial Supply Co. 1968,contract_manufacturer,Warangal,Telangana,India,30,99.8,99.13,A,Y
SUP001969,SUP-001969,Noida Industrial Supply Co. 1969,approved,Noida,Uttar Pradesh,India,60,72.58,95.86,C,Y
SUP001970,SUP-001970,Vijayawada Industrial Supply Co. 1970,approved,Vijayawada,Andhra Pradesh,India,60,98.62,99.9,A,Y
SUP001971,SUP-001971,Nashik Industrial Supply Co. 1971,approved,Nashik,Maharashtra,India,30,73.73,96.55,C,Y
SUP001972,SUP-001972,Hyderabad Industrial Supply Co. 1972,strategic,Hyderabad,Telangana,India,45,92.41,95.08,B,Y
SUP001973,SUP-001973,Nashik Industrial Supply Co. 1973,contract_manufacturer,Nashik,Maharashtra,India,45,89.69,98.73,B,Y
SUP001974,SUP-001974,Mumbai Industrial Supply Co. 1974,approved,Mumbai,Maharashtra,India,45,69.54,93.11,C,Y
SUP001975,SUP-001975,Jaipur Industrial Supply Co. 1975,approved,Jaipur,Rajasthan,India,45,99.02,97.95,A,Y
SUP001976,SUP-001976,Nashik Industrial Supply Co. 1976,spot,Nashik,Maharashtra,India,45,82.33,94.5,B,Y
SUP001977,SUP-001977,Indore Industrial Supply Co. 1977,contract_manufacturer,Indore,Madhya Pradesh,India,45,82.28,95.03,B,Y
SUP001978,SUP-001978,Ahmedabad Industrial Supply Co. 1978,approved,Ahmedabad,Gujarat,India,45,86.44,96.72,B,Y
SUP001979,SUP-001979,Mysuru Industrial Supply Co. 1979,approved,Mysuru,Karnataka,India,30,81.66,93.64,B,Y
SUP001980,SUP-001980,Bhopal Industrial Supply Co. 1980,approved,Bhopal,Madhya Pradesh,India,60,92.75,99.37,A,Y
SUP001981,SUP-001981,Lucknow Industrial Supply Co. 1981,approved,Lucknow,Uttar Pradesh,India,30,83.63,97.98,B,Y
SUP001982,SUP-001982,Bhubaneswar Industrial Supply Co. 1982,approved,Bhubaneswar,Odisha,India,30,98.6,95.48,B,Y
SUP001983,SUP-001983,Lucknow Industrial Supply Co. 1983,approved,Lucknow,Uttar Pradesh,India,45,78.07,99.9,C,Y
SUP001984,SUP-001984,Vijayawada Industrial Supply Co. 1984,spot,Vijayawada,Andhra Pradesh,India,15,73.27,95.74,C,Y
SUP001985,SUP-001985,Pune Industrial Supply Co. 1985,approved,Pune,Maharashtra,India,30,91.24,94.65,B,Y
SUP001986,SUP-001986,Bhubaneswar Industrial Supply Co. 1986,contract_manufacturer,Bhubaneswar,Odisha,India,60,99.8,96.94,B,Y
SUP001987,SUP-001987,Noida Industrial Supply Co. 1987,strategic,Noida,Uttar Pradesh,India,30,88.25,99.19,B,Y
SUP001988,SUP-001988,Hyderabad Industrial Supply Co. 1988,approved,Hyderabad,Telangana,India,45,73.66,98.51,C,Y
SUP001989,SUP-001989,Noida Industrial Supply Co. 1989,contract_manufacturer,Noida,Uttar Pradesh,India,30,77.61,96.86,C,Y
SUP001990,SUP-001990,Ranchi Industrial Supply Co. 1990,approved,Ranchi,Jharkhand,India,45,78.32,97.7,C,Y
SUP001991,SUP-001991,Warangal Industrial Supply Co. 1991,approved,Warangal,Telangana,India,60,98.61,93.76,B,Y
SUP001992,SUP-001992,Jaipur Industrial Supply Co. 1992,spot,Jaipur,Rajasthan,India,45,85.67,96.34,B,Y
SUP001993,SUP-001993,Lucknow Industrial Supply Co. 1993,approved,Lucknow,Uttar Pradesh,India,30,99.26,96.48,B,Y
SUP001994,SUP-001994,Mysuru Industrial Supply Co. 1994,contract_manufacturer,Mysuru,Karnataka,India,45,87.64,92.66,B,Y
SUP001995,SUP-001995,Bhubaneswar Industrial Supply Co. 1995,spot,Bhubaneswar,Odisha,India,45,74.71,96.96,C,Y
SUP001996,SUP-001996,Ranchi Industrial Supply Co. 1996,approved,Ranchi,Jharkhand,India,15,96.64,98.96,A,Y
SUP001997,SUP-001997,Warangal Industrial Supply Co. 1997,approved,Warangal,Telangana,India,30,74.18,92.14,C,Y
SUP001998,SUP-001998,Hyderabad Industrial Supply Co. 1998,approved,Hyderabad,Telangana,India,45,82.15,92.42,B,Y
SUP001999,SUP-001999,Warangal Industrial Supply Co. 1999,spot,Warangal,Telangana,India,60,97.81,99.9,A,Y
SUP002000,SUP-002000,Noida Industrial Supply Co. 2000,approved,Noida,Uttar Pradesh,India,45,82.5,94.26,B,Y
SUP002001,SUP-002001,Hyderabad Industrial Supply Co. 2001,approved,Hyderabad,Telangana,India,30,83.54,99.9,B,Y
SUP002002,SUP-002002,Jaipur Industrial Supply Co. 2002,spot,Jaipur,Rajasthan,India,15,86.23,90.9,C,Y
SUP002003,SUP-002003,Ranchi Industrial Supply Co. 2003,strategic,Ranchi,Jharkhand,India,30,66.11,93.36,C,Y
SUP002004,SUP-002004,Delhi Industrial Supply Co. 2004,contract_manufacturer,Delhi,Delhi,India,45,82.92,93.78,B,Y
SUP002005,SUP-002005,Warangal Industrial Supply Co. 2005,strategic,Warangal,Telangana,India,45,86.59,99.9,B,Y
SUP002006,SUP-002006,Noida Industrial Supply Co. 2006,spot,Noida,Uttar Pradesh,India,60,82.94,95.48,B,Y
SUP002007,SUP-002007,Ahmedabad Industrial Supply Co. 2007,spot,Ahmedabad,Gujarat,India,45,77.11,93.1,C,Y
SUP002008,SUP-002008,Warangal Industrial Supply Co. 2008,approved,Warangal,Telangana,India,45,68.54,95.19,C,Y
SUP002009,SUP-002009,Mumbai Industrial Supply Co. 2009,strategic,Mumbai,Maharashtra,India,30,68.44,99.09,C,Y
SUP002010,SUP-002010,Vadodara Industrial Supply Co. 2010,approved,Vadodara,Gujarat,India,15,76.32,97.51,C,Y
SUP002011,SUP-002011,Nagpur Industrial Supply Co. 2011,strategic,Nagpur,Maharashtra,India,30,73.74,99.35,C,Y
SUP002012,SUP-002012,Bhopal Industrial Supply Co. 2012,approved,Bhopal,Madhya Pradesh,India,30,93.08,91.89,B,Y
SUP002013,SUP-002013,Bengaluru Industrial Supply Co. 2013,approved,Bengaluru,Karnataka,India,30,86.35,96.22,B,Y
SUP002014,SUP-002014,Mumbai Industrial Supply Co. 2014,approved,Mumbai,Maharashtra,India,30,80.11,99.65,B,Y
SUP002015,SUP-002015,Pune Industrial Supply Co. 2015,contract_manufacturer,Pune,Maharashtra,India,30,95.84,97.3,A,Y
SUP002016,SUP-002016,Bhubaneswar Industrial Supply Co. 2016,spot,Bhubaneswar,Odisha,India,30,74.46,99.9,C,Y
SUP002017,SUP-002017,Lucknow Industrial Supply Co. 2017,strategic,Lucknow,Uttar Pradesh,India,15,94.57,94.05,B,Y
SUP002018,SUP-002018,Pune Industrial Supply Co. 2018,contract_manufacturer,Pune,Maharashtra,India,45,69.71,99.9,C,Y
SUP002019,SUP-002019,Chandigarh Industrial Supply Co. 2019,strategic,Chandigarh,Chandigarh,India,30,92.04,95.14,B,Y
SUP002020,SUP-002020,Kolkata Industrial Supply Co. 2020,strategic,Kolkata,West Bengal,India,30,71.2,99.79,C,Y
SUP002021,SUP-002021,Delhi Industrial Supply Co. 2021,approved,Delhi,Delhi,India,45,86.58,93.62,B,Y
SUP002022,SUP-002022,Bhopal Industrial Supply Co. 2022,approved,Bhopal,Madhya Pradesh,India,45,99.8,93.09,B,Y
SUP002023,SUP-002023,Ranchi Industrial Supply Co. 2023,contract_manufacturer,Ranchi,Jharkhand,India,15,99.8,95.44,B,Y
SUP002024,SUP-002024,Delhi Industrial Supply Co. 2024,strategic,Delhi,Delhi,India,30,79.33,90.05,C,Y
SUP002025,SUP-002025,Hyderabad Industrial Supply Co. 2025,approved,Hyderabad,Telangana,India,60,88.44,99.9,B,Y
SUP002026,SUP-002026,Chandigarh Industrial Supply Co. 2026,strategic,Chandigarh,Chandigarh,India,30,70.78,99.36,C,Y
SUP002027,SUP-002027,Bhubaneswar Industrial Supply Co. 2027,approved,Bhubaneswar,Odisha,India,30,81.16,98.95,B,Y
SUP002028,SUP-002028,Lucknow Industrial Supply Co. 2028,spot,Lucknow,Uttar Pradesh,India,30,73.03,94.83,C,Y
SUP002029,SUP-002029,Vadodara Industrial Supply Co. 2029,spot,Vadodara,Gujarat,India,15,92.69,98.56,A,Y
SUP002030,SUP-002030,Surat Industrial Supply Co. 2030,strategic,Surat,Gujarat,India,30,64.87,92.67,C,Y
SUP002031,SUP-002031,Vadodara Industrial Supply Co. 2031,contract_manufacturer,Vadodara,Gujarat,India,30,73.91,95.01,C,Y
SUP002032,SUP-002032,Bhopal Industrial Supply Co. 2032,approved,Bhopal,Madhya Pradesh,India,60,88.74,97.42,B,Y
SUP002033,SUP-002033,Vijayawada Industrial Supply Co. 2033,approved,Vijayawada,Andhra Pradesh,India,60,97.37,99.9,A,Y
SUP002034,SUP-002034,Ranchi Industrial Supply Co. 2034,strategic,Ranchi,Jharkhand,India,45,95.18,92.04,B,Y
SUP002035,SUP-002035,Nagpur Industrial Supply Co. 2035,approved,Nagpur,Maharashtra,India,30,90.39,95.43,B,Y
SUP002036,SUP-002036,Vijayawada Industrial Supply Co. 2036,strategic,Vijayawada,Andhra Pradesh,India,30,99.08,94.12,B,Y
SUP002037,SUP-002037,Chandigarh Industrial Supply Co. 2037,approved,Chandigarh,Chandigarh,India,30,94.47,94.6,B,Y
SUP002038,SUP-002038,Surat Industrial Supply Co. 2038,approved,Surat,Gujarat,India,60,96.33,99.9,A,Y
SUP002039,SUP-002039,Mangaluru Industrial Supply Co. 2039,approved,Mangaluru,Karnataka,India,15,93.09,90.39,C,Y
SUP002040,SUP-002040,Surat Industrial Supply Co. 2040,spot,Surat,Gujarat,India,30,84.62,91.01,B,Y
SUP002041,SUP-002041,Hyderabad Industrial Supply Co. 2041,spot,Hyderabad,Telangana,India,30,80.14,94.82,B,Y
SUP002042,SUP-002042,Warangal Industrial Supply Co. 2042,spot,Warangal,Telangana,India,30,99.8,99.9,A,Y
SUP002043,SUP-002043,Agra Industrial Supply Co. 2043,approved,Agra,Uttar Pradesh,India,30,83.97,98.4,B,Y
SUP002044,SUP-002044,Hyderabad Industrial Supply Co. 2044,strategic,Hyderabad,Telangana,India,45,84.67,99.9,B,Y
SUP002045,SUP-002045,Hyderabad Industrial Supply Co. 2045,approved,Hyderabad,Telangana,India,30,89.02,97.26,B,Y
SUP002046,SUP-002046,Bengaluru Industrial Supply Co. 2046,approved,Bengaluru,Karnataka,India,30,87.03,97.25,B,Y
SUP002047,SUP-002047,Kolkata Industrial Supply Co. 2047,approved,Kolkata,West Bengal,India,45,78.17,99.46,C,Y
SUP002048,SUP-002048,Delhi Industrial Supply Co. 2048,approved,Delhi,Delhi,India,45,87.61,94.91,B,Y
SUP002049,SUP-002049,Nashik Industrial Supply Co. 2049,contract_manufacturer,Nashik,Maharashtra,India,60,71.15,99.03,C,Y
SUP002050,SUP-002050,Indore Industrial Supply Co. 2050,approved,Indore,Madhya Pradesh,India,45,93.98,96.61,B,Y
SUP002051,SUP-002051,Jaipur Industrial Supply Co. 2051,approved,Jaipur,Rajasthan,India,60,92.35,92.85,B,Y
SUP002052,SUP-002052,Agra Industrial Supply Co. 2052,approved,Agra,Uttar Pradesh,India,45,96.88,97.39,A,Y
SUP002053,SUP-002053,Bhubaneswar Industrial Supply Co. 2053,spot,Bhubaneswar,Odisha,India,45,85.84,94.04,B,Y
SUP002054,SUP-002054,Warangal Industrial Supply Co. 2054,strategic,Warangal,Telangana,India,45,77.48,93.27,C,Y
SUP002055,SUP-002055,Warangal Industrial Supply Co. 2055,contract_manufacturer,Warangal,Telangana,India,45,98.1,95.82,B,Y
SUP002056,SUP-002056,Ranchi Industrial Supply Co. 2056,approved,Ranchi,Jharkhand,India,45,88.93,99.9,B,Y
SUP002057,SUP-002057,Bhubaneswar Industrial Supply Co. 2057,contract_manufacturer,Bhubaneswar,Odisha,India,45,91.84,95.52,B,Y
SUP002058,SUP-002058,Bhubaneswar Industrial Supply Co. 2058,contract_manufacturer,Bhubaneswar,Odisha,India,30,90.8,97.03,B,Y
SUP002059,SUP-002059,Nagpur Industrial Supply Co. 2059,approved,Nagpur,Maharashtra,India,45,87.0,96.2,B,Y
SUP002060,SUP-002060,Bhopal Industrial Supply Co. 2060,spot,Bhopal,Madhya Pradesh,India,30,99.8,97.64,A,Y
SUP002061,SUP-002061,Lucknow Industrial Supply Co. 2061,approved,Lucknow,Uttar Pradesh,India,45,82.71,99.57,B,Y
SUP002062,SUP-002062,Vijayawada Industrial Supply Co. 2062,approved,Vijayawada,Andhra Pradesh,India,30,77.53,97.33,C,Y
SUP002063,SUP-002063,Ahmedabad Industrial Supply Co. 2063,strategic,Ahmedabad,Gujarat,India,30,93.68,94.86,B,Y
SUP002064,SUP-002064,Indore Industrial Supply Co. 2064,approved,Indore,Madhya Pradesh,India,45,99.8,98.68,A,Y
SUP002065,SUP-002065,Mysuru Industrial Supply Co. 2065,approved,Mysuru,Karnataka,India,45,77.43,95.19,C,Y
SUP002066,SUP-002066,Bhubaneswar Industrial Supply Co. 2066,contract_manufacturer,Bhubaneswar,Odisha,India,30,66.88,92.09,C,Y
SUP002067,SUP-002067,Nashik Industrial Supply Co. 2067,approved,Nashik,Maharashtra,India,30,84.41,96.38,B,Y
SUP002068,SUP-002068,Mumbai Industrial Supply Co. 2068,approved,Mumbai,Maharashtra,India,30,87.86,96.39,B,Y
SUP002069,SUP-002069,Vadodara Industrial Supply Co. 2069,approved,Vadodara,Gujarat,India,15,84.43,98.19,B,Y
SUP002070,SUP-002070,Jaipur Industrial Supply Co. 2070,contract_manufacturer,Jaipur,Rajasthan,India,30,87.18,94.15,B,Y
SUP002071,SUP-002071,Bhubaneswar Industrial Supply Co. 2071,approved,Bhubaneswar,Odisha,India,30,84.01,97.84,B,Y
SUP002072,SUP-002072,Vadodara Industrial Supply Co. 2072,strategic,Vadodara,Gujarat,India,60,72.65,92.26,C,Y
SUP002073,SUP-002073,Mangaluru Industrial Supply Co. 2073,approved,Mangaluru,Karnataka,India,30,86.33,93.9,B,Y
SUP002074,SUP-002074,Vijayawada Industrial Supply Co. 2074,strategic,Vijayawada,Andhra Pradesh,India,45,81.61,96.17,B,Y
SUP002075,SUP-002075,Ahmedabad Industrial Supply Co. 2075,approved,Ahmedabad,Gujarat,India,30,92.36,91.38,B,Y
SUP002076,SUP-002076,Bengaluru Industrial Supply Co. 2076,approved,Bengaluru,Karnataka,India,60,87.25,99.9,B,Y
SUP002077,SUP-002077,Mangaluru Industrial Supply Co. 2077,approved,Mangaluru,Karnataka,India,60,70.77,96.45,C,Y
SUP002078,SUP-002078,Pune Industrial Supply Co. 2078,approved,Pune,Maharashtra,India,30,64.77,99.9,C,Y
SUP002079,SUP-002079,Pune Industrial Supply Co. 2079,approved,Pune,Maharashtra,India,30,99.8,99.9,A,Y
SUP002080,SUP-002080,Bhubaneswar Industrial Supply Co. 2080,spot,Bhubaneswar,Odisha,India,15,83.27,93.99,B,Y
SUP002081,SUP-002081,Nagpur Industrial Supply Co. 2081,contract_manufacturer,Nagpur,Maharashtra,India,30,96.35,96.16,B,Y
SUP002082,SUP-002082,Hyderabad Industrial Supply Co. 2082,contract_manufacturer,Hyderabad,Telangana,India,15,92.82,94.16,B,Y
SUP002083,SUP-002083,Delhi Industrial Supply Co. 2083,approved,Delhi,Delhi,India,30,89.45,95.01,B,Y
SUP002084,SUP-002084,Vijayawada Industrial Supply Co. 2084,contract_manufacturer,Vijayawada,Andhra Pradesh,India,30,86.55,95.68,B,Y
SUP002085,SUP-002085,Surat Industrial Supply Co. 2085,approved,Surat,Gujarat,India,30,98.09,91.95,B,Y
SUP002086,SUP-002086,Nashik Industrial Supply Co. 2086,approved,Nashik,Maharashtra,India,30,75.72,92.83,C,Y
SUP002087,SUP-002087,Ahmedabad Industrial Supply Co. 2087,approved,Ahmedabad,Gujarat,India,45,77.21,99.45,C,Y
SUP002088,SUP-002088,Mumbai Industrial Supply Co. 2088,approved,Mumbai,Maharashtra,India,45,80.59,96.4,B,Y
SUP002089,SUP-002089,Pune Industrial Supply Co. 2089,strategic,Pune,Maharashtra,India,30,90.93,94.95,B,Y
SUP002090,SUP-002090,Noida Industrial Supply Co. 2090,approved,Noida,Uttar Pradesh,India,30,96.11,90.77,C,Y
SUP002091,SUP-002091,Mysuru Industrial Supply Co. 2091,strategic,Mysuru,Karnataka,India,30,71.43,91.74,C,Y
SUP002092,SUP-002092,Pune Industrial Supply Co. 2092,approved,Pune,Maharashtra,India,15,97.15,95.25,B,Y
SUP002093,SUP-002093,Noida Industrial Supply Co. 2093,contract_manufacturer,Noida,Uttar Pradesh,India,30,89.18,94.78,B,Y
SUP002094,SUP-002094,Vadodara Industrial Supply Co. 2094,contract_manufacturer,Vadodara,Gujarat,India,45,68.52,99.9,C,Y
SUP002095,SUP-002095,Lucknow Industrial Supply Co. 2095,approved,Lucknow,Uttar Pradesh,India,30,88.1,99.51,B,Y
SUP002096,SUP-002096,Surat Industrial Supply Co. 2096,approved,Surat,Gujarat,India,45,90.68,99.8,B,Y
SUP002097,SUP-002097,Lucknow Industrial Supply Co. 2097,approved,Lucknow,Uttar Pradesh,India,60,82.69,99.9,B,Y
SUP002098,SUP-002098,Mysuru Industrial Supply Co. 2098,contract_manufacturer,Mysuru,Karnataka,India,30,85.18,92.89,B,Y
SUP002099,SUP-002099,Ahmedabad Industrial Supply Co. 2099,approved,Ahmedabad,Gujarat,India,45,83.09,98.86,B,Y
SUP002100,SUP-002100,Bengaluru Industrial Supply Co. 2100,spot,Bengaluru,Karnataka,India,30,77.6,95.87,C,Y
SUP002101,SUP-002101,Bhopal Industrial Supply Co. 2101,approved,Bhopal,Madhya Pradesh,India,45,93.04,94.28,B,Y
SUP002102,SUP-002102,Mysuru Industrial Supply Co. 2102,strategic,Mysuru,Karnataka,India,15,98.42,92.87,B,Y
SUP002103,SUP-002103,Bhopal Industrial Supply Co. 2103,approved,Bhopal,Madhya Pradesh,India,60,83.56,97.75,B,Y
SUP002104,SUP-002104,Ranchi Industrial Supply Co. 2104,contract_manufacturer,Ranchi,Jharkhand,India,45,83.23,96.18,B,Y
SUP002105,SUP-002105,Bengaluru Industrial Supply Co. 2105,approved,Bengaluru,Karnataka,India,45,91.16,91.69,B,Y
SUP002106,SUP-002106,Indore Industrial Supply Co. 2106,strategic,Indore,Madhya Pradesh,India,30,77.53,98.92,C,Y
SUP002107,SUP-002107,Nashik Industrial Supply Co. 2107,strategic,Nashik,Maharashtra,India,15,67.33,91.23,C,Y
SUP002108,SUP-002108,Vadodara Industrial Supply Co. 2108,approved,Vadodara,Gujarat,India,30,93.44,91.18,B,Y
SUP002109,SUP-002109,Nagpur Industrial Supply Co. 2109,spot,Nagpur,Maharashtra,India,30,92.27,93.86,B,Y
SUP002110,SUP-002110,Hyderabad Industrial Supply Co. 2110,approved,Hyderabad,Telangana,India,30,78.31,90.86,C,Y
SUP002111,SUP-002111,Mumbai Industrial Supply Co. 2111,strategic,Mumbai,Maharashtra,India,30,75.72,98.58,C,Y
SUP002112,SUP-002112,Kolkata Industrial Supply Co. 2112,approved,Kolkata,West Bengal,India,30,86.65,98.25,B,Y
SUP002113,SUP-002113,Noida Industrial Supply Co. 2113,approved,Noida,Uttar Pradesh,India,45,91.35,92.23,B,Y
SUP002114,SUP-002114,Jaipur Industrial Supply Co. 2114,contract_manufacturer,Jaipur,Rajasthan,India,30,93.69,92.97,B,Y
SUP002115,SUP-002115,Jaipur Industrial Supply Co. 2115,approved,Jaipur,Rajasthan,India,30,81.23,86.19,C,Y
SUP002116,SUP-002116,Bhubaneswar Industrial Supply Co. 2116,spot,Bhubaneswar,Odisha,India,15,99.8,96.94,B,Y
SUP002117,SUP-002117,Warangal Industrial Supply Co. 2117,approved,Warangal,Telangana,India,45,77.12,93.79,C,Y
SUP002118,SUP-002118,Hyderabad Industrial Supply Co. 2118,approved,Hyderabad,Telangana,India,30,93.41,95.33,B,Y
SUP002119,SUP-002119,Bhopal Industrial Supply Co. 2119,approved,Bhopal,Madhya Pradesh,India,15,99.12,94.92,B,Y
SUP002120,SUP-002120,Nashik Industrial Supply Co. 2120,approved,Nashik,Maharashtra,India,45,80.86,98.33,B,Y
SUP002121,SUP-002121,Jaipur Industrial Supply Co. 2121,approved,Jaipur,Rajasthan,India,60,99.8,99.31,A,Y
SUP002122,SUP-002122,Warangal Industrial Supply Co. 2122,contract_manufacturer,Warangal,Telangana,India,60,98.37,97.85,A,Y
SUP002123,SUP-002123,Jaipur Industrial Supply Co. 2123,approved,Jaipur,Rajasthan,India,30,82.17,96.8,B,Y
SUP002124,SUP-002124,Mysuru Industrial Supply Co. 2124,spot,Mysuru,Karnataka,India,45,88.7,98.12,B,Y
SUP002125,SUP-002125,Jaipur Industrial Supply Co. 2125,approved,Jaipur,Rajasthan,India,30,72.48,97.31,C,Y
SUP002126,SUP-002126,Noida Industrial Supply Co. 2126,contract_manufacturer,Noida,Uttar Pradesh,India,60,86.16,99.9,B,Y
SUP002127,SUP-002127,Bhopal Industrial Supply Co. 2127,approved,Bhopal,Madhya Pradesh,India,60,81.79,92.35,B,Y
SUP002128,SUP-002128,Hyderabad Industrial Supply Co. 2128,strategic,Hyderabad,Telangana,India,30,86.74,99.81,B,Y
SUP002129,SUP-002129,Pune Industrial Supply Co. 2129,approved,Pune,Maharashtra,India,45,82.58,94.7,B,Y
SUP002130,SUP-002130,Surat Industrial Supply Co. 2130,spot,Surat,Gujarat,India,30,99.8,90.1,C,Y
SUP002131,SUP-002131,Ahmedabad Industrial Supply Co. 2131,approved,Ahmedabad,Gujarat,India,45,66.83,96.12,C,Y
SUP002132,SUP-002132,Vijayawada Industrial Supply Co. 2132,approved,Vijayawada,Andhra Pradesh,India,30,87.76,98.74,B,Y
SUP002133,SUP-002133,Bengaluru Industrial Supply Co. 2133,approved,Bengaluru,Karnataka,India,30,78.44,99.05,C,Y
SUP002134,SUP-002134,Vijayawada Industrial Supply Co. 2134,approved,Vijayawada,Andhra Pradesh,India,60,83.67,99.9,B,Y
SUP002135,SUP-002135,Bhubaneswar Industrial Supply Co. 2135,approved,Bhubaneswar,Odisha,India,45,85.14,93.41,B,Y
SUP002136,SUP-002136,Noida Industrial Supply Co. 2136,approved,Noida,Uttar Pradesh,India,15,99.8,98.46,A,Y
SUP002137,SUP-002137,Bhopal Industrial Supply Co. 2137,approved,Bhopal,Madhya Pradesh,India,45,80.52,94.89,B,Y
SUP002138,SUP-002138,Nagpur Industrial Supply Co. 2138,approved,Nagpur,Maharashtra,India,60,76.28,97.0,C,Y
SUP002139,SUP-002139,Pune Industrial Supply Co. 2139,approved,Pune,Maharashtra,India,30,72.45,99.9,C,Y
SUP002140,SUP-002140,Warangal Industrial Supply Co. 2140,approved,Warangal,Telangana,India,45,84.86,97.77,B,Y
SUP002141,SUP-002141,Mysuru Industrial Supply Co. 2141,strategic,Mysuru,Karnataka,India,45,96.51,99.9,A,Y
SUP002142,SUP-002142,Noida Industrial Supply Co. 2142,strategic,Noida,Uttar Pradesh,India,30,90.29,99.9,B,Y
SUP002143,SUP-002143,Mangaluru Industrial Supply Co. 2143,strategic,Mangaluru,Karnataka,India,30,98.04,92.32,B,Y
SUP002144,SUP-002144,Surat Industrial Supply Co. 2144,approved,Surat,Gujarat,India,45,89.76,90.54,C,Y
SUP002145,SUP-002145,Surat Industrial Supply Co. 2145,approved,Surat,Gujarat,India,30,94.17,94.01,B,Y
SUP002146,SUP-002146,Ranchi Industrial Supply Co. 2146,strategic,Ranchi,Jharkhand,India,30,77.79,98.53,C,Y
SUP002147,SUP-002147,Chandigarh Industrial Supply Co. 2147,approved,Chandigarh,Chandigarh,India,30,79.96,95.64,C,Y
SUP002148,SUP-002148,Mumbai Industrial Supply Co. 2148,approved,Mumbai,Maharashtra,India,30,77.74,94.63,C,Y
SUP002149,SUP-002149,Ranchi Industrial Supply Co. 2149,strategic,Ranchi,Jharkhand,India,30,96.3,95.63,B,Y
SUP002150,SUP-002150,Mumbai Industrial Supply Co. 2150,approved,Mumbai,Maharashtra,India,15,82.1,97.01,B,Y
SUP002151,SUP-002151,Noida Industrial Supply Co. 2151,approved,Noida,Uttar Pradesh,India,30,89.25,95.31,B,Y
SUP002152,SUP-002152,Delhi Industrial Supply Co. 2152,approved,Delhi,Delhi,India,45,66.22,91.66,C,Y
SUP002153,SUP-002153,Kolkata Industrial Supply Co. 2153,approved,Kolkata,West Bengal,India,30,79.92,93.57,C,Y
SUP002154,SUP-002154,Indore Industrial Supply Co. 2154,contract_manufacturer,Indore,Madhya Pradesh,India,30,84.44,99.9,B,Y
SUP002155,SUP-002155,Vijayawada Industrial Supply Co. 2155,approved,Vijayawada,Andhra Pradesh,India,30,86.33,92.27,B,Y
SUP002156,SUP-002156,Mangaluru Industrial Supply Co. 2156,contract_manufacturer,Mangaluru,Karnataka,India,45,66.52,92.13,C,Y
SUP002157,SUP-002157,Bhubaneswar Industrial Supply Co. 2157,approved,Bhubaneswar,Odisha,India,45,84.17,90.67,C,Y
SUP002158,SUP-002158,Chandigarh Industrial Supply Co. 2158,spot,Chandigarh,Chandigarh,India,30,83.31,97.73,B,Y
SUP002159,SUP-002159,Mangaluru Industrial Supply Co. 2159,strategic,Mangaluru,Karnataka,India,15,98.62,96.6,B,Y
SUP002160,SUP-002160,Mangaluru Industrial Supply Co. 2160,strategic,Mangaluru,Karnataka,India,30,97.15,91.74,B,Y
SUP002161,SUP-002161,Agra Industrial Supply Co. 2161,approved,Agra,Uttar Pradesh,India,30,82.5,98.82,B,Y
SUP002162,SUP-002162,Surat Industrial Supply Co. 2162,spot,Surat,Gujarat,India,45,78.96,90.92,C,Y
SUP002163,SUP-002163,Vadodara Industrial Supply Co. 2163,contract_manufacturer,Vadodara,Gujarat,India,45,95.36,91.72,B,Y
SUP002164,SUP-002164,Mysuru Industrial Supply Co. 2164,approved,Mysuru,Karnataka,India,30,79.39,95.45,C,Y
SUP002165,SUP-002165,Mumbai Industrial Supply Co. 2165,spot,Mumbai,Maharashtra,India,30,94.73,91.77,B,Y
SUP002166,SUP-002166,Mangaluru Industrial Supply Co. 2166,spot,Mangaluru,Karnataka,India,45,95.33,98.86,A,Y
SUP002167,SUP-002167,Bhubaneswar Industrial Supply Co. 2167,approved,Bhubaneswar,Odisha,India,60,90.14,92.21,B,Y
SUP002168,SUP-002168,Mumbai Industrial Supply Co. 2168,spot,Mumbai,Maharashtra,India,30,99.8,93.71,B,Y
SUP002169,SUP-002169,Nashik Industrial Supply Co. 2169,approved,Nashik,Maharashtra,India,30,83.71,98.02,B,Y
SUP002170,SUP-002170,Bhopal Industrial Supply Co. 2170,spot,Bhopal,Madhya Pradesh,India,30,84.67,98.58,B,Y
SUP002171,SUP-002171,Bhopal Industrial Supply Co. 2171,strategic,Bhopal,Madhya Pradesh,India,30,78.06,99.9,C,Y
SUP002172,SUP-002172,Noida Industrial Supply Co. 2172,approved,Noida,Uttar Pradesh,India,45,80.68,99.77,B,Y
SUP002173,SUP-002173,Lucknow Industrial Supply Co. 2173,spot,Lucknow,Uttar Pradesh,India,30,80.69,93.97,B,Y
SUP002174,SUP-002174,Mumbai Industrial Supply Co. 2174,approved,Mumbai,Maharashtra,India,15,82.07,94.96,B,Y
SUP002175,SUP-002175,Lucknow Industrial Supply Co. 2175,approved,Lucknow,Uttar Pradesh,India,45,86.0,98.13,B,Y
SUP002176,SUP-002176,Kolkata Industrial Supply Co. 2176,approved,Kolkata,West Bengal,India,30,99.8,99.02,A,Y
SUP002177,SUP-002177,Warangal Industrial Supply Co. 2177,approved,Warangal,Telangana,India,45,81.0,92.27,B,Y
SUP002178,SUP-002178,Indore Industrial Supply Co. 2178,approved,Indore,Madhya Pradesh,India,30,81.19,89.17,C,Y
SUP002179,SUP-002179,Ahmedabad Industrial Supply Co. 2179,strategic,Ahmedabad,Gujarat,India,45,99.8,98.0,A,Y
SUP002180,SUP-002180,Agra Industrial Supply Co. 2180,approved,Agra,Uttar Pradesh,India,30,96.99,93.28,B,Y
SUP002181,SUP-002181,Ahmedabad Industrial Supply Co. 2181,contract_manufacturer,Ahmedabad,Gujarat,India,30,88.7,90.72,C,Y
SUP002182,SUP-002182,Jaipur Industrial Supply Co. 2182,strategic,Jaipur,Rajasthan,India,30,89.91,95.42,B,Y
SUP002183,SUP-002183,Indore Industrial Supply Co. 2183,contract_manufacturer,Indore,Madhya Pradesh,India,30,99.8,99.9,A,Y
SUP002184,SUP-002184,Vadodara Industrial Supply Co. 2184,strategic,Vadodara,Gujarat,India,45,87.97,97.31,B,Y
SUP002185,SUP-002185,Bhubaneswar Industrial Supply Co. 2185,spot,Bhubaneswar,Odisha,India,15,86.76,96.52,B,Y
SUP002186,SUP-002186,Warangal Industrial Supply Co. 2186,strategic,Warangal,Telangana,India,45,70.36,91.59,C,Y
SUP002187,SUP-002187,Mysuru Industrial Supply Co. 2187,approved,Mysuru,Karnataka,India,45,94.5,98.92,A,Y
SUP002188,SUP-002188,Lucknow Industrial Supply Co. 2188,approved,Lucknow,Uttar Pradesh,India,45,99.8,93.46,B,Y
SUP002189,SUP-002189,Mangaluru Industrial Supply Co. 2189,approved,Mangaluru,Karnataka,India,15,99.8,94.84,B,Y
SUP002190,SUP-002190,Mumbai Industrial Supply Co. 2190,contract_manufacturer,Mumbai,Maharashtra,India,30,82.67,98.15,B,Y
SUP002191,SUP-002191,Chandigarh Industrial Supply Co. 2191,approved,Chandigarh,Chandigarh,India,30,77.68,97.28,C,Y
SUP002192,SUP-002192,Vadodara Industrial Supply Co. 2192,approved,Vadodara,Gujarat,India,30,86.76,92.12,B,Y
SUP002193,SUP-002193,Mumbai Industrial Supply Co. 2193,strategic,Mumbai,Maharashtra,India,15,97.21,93.27,B,Y
SUP002194,SUP-002194,Warangal Industrial Supply Co. 2194,contract_manufacturer,Warangal,Telangana,India,45,99.8,98.44,A,Y
SUP002195,SUP-002195,Bengaluru Industrial Supply Co. 2195,approved,Bengaluru,Karnataka,India,60,87.92,94.17,B,Y
SUP002196,SUP-002196,Hyderabad Industrial Supply Co. 2196,strategic,Hyderabad,Telangana,India,30,91.29,91.44,B,Y
SUP002197,SUP-002197,Surat Industrial Supply Co. 2197,approved,Surat,Gujarat,India,15,95.51,93.55,B,Y
SUP002198,SUP-002198,Ranchi Industrial Supply Co. 2198,approved,Ranchi,Jharkhand,India,30,87.08,99.9,B,Y
SUP002199,SUP-002199,Mumbai Industrial Supply Co. 2199,strategic,Mumbai,Maharashtra,India,45,99.8,95.92,B,Y
SUP002200,SUP-002200,Bhubaneswar Industrial Supply Co. 2200,strategic,Bhubaneswar,Odisha,India,30,84.36,94.26,B,Y
SUP002201,SUP-002201,Mangaluru Industrial Supply Co. 2201,approved,Mangaluru,Karnataka,India,30,96.14,95.58,B,Y
SUP002202,SUP-002202,Mysuru Industrial Supply Co. 2202,approved,Mysuru,Karnataka,India,45,99.17,98.88,A,Y
SUP002203,SUP-002203,Lucknow Industrial Supply Co. 2203,approved,Lucknow,Uttar Pradesh,India,30,99.8,93.37,B,Y
SUP002204,SUP-002204,Hyderabad Industrial Supply Co. 2204,approved,Hyderabad,Telangana,India,60,74.61,99.29,C,Y
SUP002205,SUP-002205,Mangaluru Industrial Supply Co. 2205,contract_manufacturer,Mangaluru,Karnataka,India,30,86.37,93.88,B,Y
SUP002206,SUP-002206,Jaipur Industrial Supply Co. 2206,approved,Jaipur,Rajasthan,India,60,86.63,95.15,B,Y
SUP002207,SUP-002207,Jaipur Industrial Supply Co. 2207,approved,Jaipur,Rajasthan,India,15,78.71,99.9,C,Y
SUP002208,SUP-002208,Ahmedabad Industrial Supply Co. 2208,approved,Ahmedabad,Gujarat,India,60,96.94,92.75,B,Y
SUP002209,SUP-002209,Mumbai Industrial Supply Co. 2209,spot,Mumbai,Maharashtra,India,30,89.11,98.92,B,Y
SUP002210,SUP-002210,Chandigarh Industrial Supply Co. 2210,strategic,Chandigarh,Chandigarh,India,45,92.9,97.25,A,Y
SUP002211,SUP-002211,Ahmedabad Industrial Supply Co. 2211,approved,Ahmedabad,Gujarat,India,45,82.46,98.19,B,Y
SUP002212,SUP-002212,Delhi Industrial Supply Co. 2212,approved,Delhi,Delhi,India,60,87.71,94.91,B,Y
SUP002213,SUP-002213,Jaipur Industrial Supply Co. 2213,spot,Jaipur,Rajasthan,India,60,83.21,97.18,B,Y
SUP002214,SUP-002214,Bengaluru Industrial Supply Co. 2214,spot,Bengaluru,Karnataka,India,30,99.8,96.21,B,Y
SUP002215,SUP-002215,Mangaluru Industrial Supply Co. 2215,contract_manufacturer,Mangaluru,Karnataka,India,60,91.9,95.81,B,Y
SUP002216,SUP-002216,Kolkata Industrial Supply Co. 2216,approved,Kolkata,West Bengal,India,30,73.21,93.27,C,Y
SUP002217,SUP-002217,Noida Industrial Supply Co. 2217,approved,Noida,Uttar Pradesh,India,30,83.59,94.73,B,Y
SUP002218,SUP-002218,Ranchi Industrial Supply Co. 2218,spot,Ranchi,Jharkhand,India,30,74.34,92.31,C,Y
SUP002219,SUP-002219,Ahmedabad Industrial Supply Co. 2219,approved,Ahmedabad,Gujarat,India,30,79.88,99.74,C,Y
SUP002220,SUP-002220,Indore Industrial Supply Co. 2220,contract_manufacturer,Indore,Madhya Pradesh,India,60,81.55,96.91,B,Y
SUP002221,SUP-002221,Ranchi Industrial Supply Co. 2221,strategic,Ranchi,Jharkhand,India,60,89.52,99.14,B,Y
SUP002222,SUP-002222,Mysuru Industrial Supply Co. 2222,approved,Mysuru,Karnataka,India,45,84.63,96.13,B,Y
SUP002223,SUP-002223,Noida Industrial Supply Co. 2223,strategic,Noida,Uttar Pradesh,India,60,76.29,95.63,C,Y
SUP002224,SUP-002224,Jaipur Industrial Supply Co. 2224,spot,Jaipur,Rajasthan,India,30,99.8,98.79,A,Y
SUP002225,SUP-002225,Delhi Industrial Supply Co. 2225,contract_manufacturer,Delhi,Delhi,India,30,84.07,97.27,B,Y
SUP002226,SUP-002226,Lucknow Industrial Supply Co. 2226,spot,Lucknow,Uttar Pradesh,India,45,93.42,97.65,A,Y
SUP002227,SUP-002227,Lucknow Industrial Supply Co. 2227,strategic,Lucknow,Uttar Pradesh,India,30,96.85,92.2,B,Y
SUP002228,SUP-002228,Mumbai Industrial Supply Co. 2228,strategic,Mumbai,Maharashtra,India,45,79.34,92.73,C,Y
SUP002229,SUP-002229,Mysuru Industrial Supply Co. 2229,approved,Mysuru,Karnataka,India,30,77.29,94.54,C,Y
SUP002230,SUP-002230,Bhubaneswar Industrial Supply Co. 2230,strategic,Bhubaneswar,Odisha,India,15,71.45,99.3,C,Y
SUP002231,SUP-002231,Lucknow Industrial Supply Co. 2231,strategic,Lucknow,Uttar Pradesh,India,30,89.47,93.74,B,Y
SUP002232,SUP-002232,Bengaluru Industrial Supply Co. 2232,contract_manufacturer,Bengaluru,Karnataka,India,15,89.62,96.44,B,Y
SUP002233,SUP-002233,Nashik Industrial Supply Co. 2233,contract_manufacturer,Nashik,Maharashtra,India,15,83.92,99.9,B,Y
SUP002234,SUP-002234,Ranchi Industrial Supply Co. 2234,approved,Ranchi,Jharkhand,India,45,77.25,90.65,C,Y
SUP002235,SUP-002235,Agra Industrial Supply Co. 2235,strategic,Agra,Uttar Pradesh,India,15,99.8,97.29,A,Y
SUP002236,SUP-002236,Surat Industrial Supply Co. 2236,approved,Surat,Gujarat,India,45,82.64,96.07,B,Y
SUP002237,SUP-002237,Vadodara Industrial Supply Co. 2237,spot,Vadodara,Gujarat,India,60,74.41,96.77,C,Y
SUP002238,SUP-002238,Chandigarh Industrial Supply Co. 2238,approved,Chandigarh,Chandigarh,India,30,90.16,96.05,B,Y
SUP002239,SUP-002239,Agra Industrial Supply Co. 2239,approved,Agra,Uttar Pradesh,India,30,92.0,96.65,B,Y
SUP002240,SUP-002240,Ranchi Industrial Supply Co. 2240,approved,Ranchi,Jharkhand,India,60,90.57,99.9,B,Y
SUP002241,SUP-002241,Vadodara Industrial Supply Co. 2241,approved,Vadodara,Gujarat,India,45,74.36,96.38,C,Y
SUP002242,SUP-002242,Indore Industrial Supply Co. 2242,contract_manufacturer,Indore,Madhya Pradesh,India,15,93.84,90.64,C,Y
SUP002243,SUP-002243,Chandigarh Industrial Supply Co. 2243,approved,Chandigarh,Chandigarh,India,30,99.67,95.37,B,Y
SUP002244,SUP-002244,Ahmedabad Industrial Supply Co. 2244,approved,Ahmedabad,Gujarat,India,45,88.03,94.85,B,Y
SUP002245,SUP-002245,Bhubaneswar Industrial Supply Co. 2245,approved,Bhubaneswar,Odisha,India,30,84.31,96.27,B,Y
SUP002246,SUP-002246,Warangal Industrial Supply Co. 2246,strategic,Warangal,Telangana,India,30,89.53,99.4,B,Y
SUP002247,SUP-002247,Ahmedabad Industrial Supply Co. 2247,approved,Ahmedabad,Gujarat,India,30,93.07,92.36,B,Y
SUP002248,SUP-002248,Mangaluru Industrial Supply Co. 2248,strategic,Mangaluru,Karnataka,India,30,93.83,95.24,B,Y
SUP002249,SUP-002249,Warangal Industrial Supply Co. 2249,approved,Warangal,Telangana,India,45,98.6,95.45,B,Y
SUP002250,SUP-002250,Nashik Industrial Supply Co. 2250,approved,Nashik,Maharashtra,India,15,88.16,95.81,B,Y
SUP002251,SUP-002251,Mysuru Industrial Supply Co. 2251,approved,Mysuru,Karnataka,India,30,88.94,99.56,B,Y
SUP002252,SUP-002252,Mumbai Industrial Supply Co. 2252,contract_manufacturer,Mumbai,Maharashtra,India,30,99.8,94.77,B,Y
SUP002253,SUP-002253,Indore Industrial Supply Co. 2253,approved,Indore,Madhya Pradesh,India,45,94.41,98.33,A,Y
SUP002254,SUP-002254,Warangal Industrial Supply Co. 2254,contract_manufacturer,Warangal,Telangana,India,30,93.46,97.35,A,Y
SUP002255,SUP-002255,Indore Industrial Supply Co. 2255,strategic,Indore,Madhya Pradesh,India,45,89.53,92.76,B,Y
SUP002256,SUP-002256,Lucknow Industrial Supply Co. 2256,strategic,Lucknow,Uttar Pradesh,India,15,89.7,94.83,B,Y
SUP002257,SUP-002257,Indore Industrial Supply Co. 2257,approved,Indore,Madhya Pradesh,India,45,89.07,95.38,B,Y
SUP002258,SUP-002258,Indore Industrial Supply Co. 2258,strategic,Indore,Madhya Pradesh,India,30,73.64,92.4,C,Y
SUP002259,SUP-002259,Hyderabad Industrial Supply Co. 2259,approved,Hyderabad,Telangana,India,60,93.17,93.61,B,Y
SUP002260,SUP-002260,Ranchi Industrial Supply Co. 2260,approved,Ranchi,Jharkhand,India,30,93.08,99.9,A,Y
SUP002261,SUP-002261,Bengaluru Industrial Supply Co. 2261,approved,Bengaluru,Karnataka,India,30,71.21,98.69,C,Y
SUP002262,SUP-002262,Lucknow Industrial Supply Co. 2262,strategic,Lucknow,Uttar Pradesh,India,30,78.49,96.98,C,Y
SUP002263,SUP-002263,Agra Industrial Supply Co. 2263,approved,Agra,Uttar Pradesh,India,45,96.42,97.19,A,Y
SUP002264,SUP-002264,Pune Industrial Supply Co. 2264,spot,Pune,Maharashtra,India,30,72.79,99.87,C,Y
SUP002265,SUP-002265,Mangaluru Industrial Supply Co. 2265,strategic,Mangaluru,Karnataka,India,45,78.75,98.52,C,Y
SUP002266,SUP-002266,Nashik Industrial Supply Co. 2266,approved,Nashik,Maharashtra,India,30,84.47,91.17,B,Y
SUP002267,SUP-002267,Surat Industrial Supply Co. 2267,approved,Surat,Gujarat,India,15,78.02,92.34,C,Y
SUP002268,SUP-002268,Mumbai Industrial Supply Co. 2268,strategic,Mumbai,Maharashtra,India,30,99.8,97.1,A,Y
SUP002269,SUP-002269,Delhi Industrial Supply Co. 2269,approved,Delhi,Delhi,India,60,81.28,92.86,B,Y
SUP002270,SUP-002270,Ahmedabad Industrial Supply Co. 2270,approved,Ahmedabad,Gujarat,India,45,91.55,99.9,B,Y
SUP002271,SUP-002271,Bengaluru Industrial Supply Co. 2271,approved,Bengaluru,Karnataka,India,60,70.39,97.37,C,Y
SUP002272,SUP-002272,Nashik Industrial Supply Co. 2272,approved,Nashik,Maharashtra,India,60,84.26,96.64,B,Y
SUP002273,SUP-002273,Indore Industrial Supply Co. 2273,approved,Indore,Madhya Pradesh,India,45,95.42,99.9,A,Y
SUP002274,SUP-002274,Chandigarh Industrial Supply Co. 2274,spot,Chandigarh,Chandigarh,India,15,81.68,91.59,B,Y
SUP002275,SUP-002275,Lucknow Industrial Supply Co. 2275,approved,Lucknow,Uttar Pradesh,India,30,99.33,96.35,B,Y
SUP002276,SUP-002276,Pune Industrial Supply Co. 2276,strategic,Pune,Maharashtra,India,45,93.64,89.92,C,Y
SUP002277,SUP-002277,Pune Industrial Supply Co. 2277,spot,Pune,Maharashtra,India,60,77.18,97.08,C,Y
SUP002278,SUP-002278,Pune Industrial Supply Co. 2278,approved,Pune,Maharashtra,India,45,95.97,95.09,B,Y
SUP002279,SUP-002279,Bengaluru Industrial Supply Co. 2279,approved,Bengaluru,Karnataka,India,45,89.66,97.93,B,Y
SUP002280,SUP-002280,Bengaluru Industrial Supply Co. 2280,approved,Bengaluru,Karnataka,India,30,77.99,96.84,C,Y
SUP002281,SUP-002281,Vijayawada Industrial Supply Co. 2281,contract_manufacturer,Vijayawada,Andhra Pradesh,India,45,89.87,94.38,B,Y
SUP002282,SUP-002282,Nagpur Industrial Supply Co. 2282,approved,Nagpur,Maharashtra,India,30,77.22,98.17,C,Y
SUP002283,SUP-002283,Hyderabad Industrial Supply Co. 2283,approved,Hyderabad,Telangana,India,45,92.36,93.45,B,Y
SUP002284,SUP-002284,Mangaluru Industrial Supply Co. 2284,contract_manufacturer,Mangaluru,Karnataka,India,60,99.8,97.19,A,Y
SUP002285,SUP-002285,Nagpur Industrial Supply Co. 2285,contract_manufacturer,Nagpur,Maharashtra,India,30,98.77,97.79,A,Y
SUP002286,SUP-002286,Bhubaneswar Industrial Supply Co. 2286,approved,Bhubaneswar,Odisha,India,60,88.56,96.87,B,Y
SUP002287,SUP-002287,Bhopal Industrial Supply Co. 2287,approved,Bhopal,Madhya Pradesh,India,15,84.07,96.84,B,Y
SUP002288,SUP-002288,Nagpur Industrial Supply Co. 2288,spot,Nagpur,Maharashtra,India,45,85.74,90.68,C,Y
SUP002289,SUP-002289,Bengaluru Industrial Supply Co. 2289,spot,Bengaluru,Karnataka,India,30,85.16,99.62,B,Y
SUP002290,SUP-002290,Lucknow Industrial Supply Co. 2290,contract_manufacturer,Lucknow,Uttar Pradesh,India,30,88.32,99.9,B,Y
SUP002291,SUP-002291,Vadodara Industrial Supply Co. 2291,approved,Vadodara,Gujarat,India,30,89.65,96.5,B,Y
SUP002292,SUP-002292,Jaipur Industrial Supply Co. 2292,strategic,Jaipur,Rajasthan,India,45,72.45,94.41,C,Y
SUP002293,SUP-002293,Ahmedabad Industrial Supply Co. 2293,approved,Ahmedabad,Gujarat,India,45,86.04,99.9,B,Y
SUP002294,SUP-002294,Surat Industrial Supply Co. 2294,strategic,Surat,Gujarat,India,45,89.57,96.48,B,Y
SUP002295,SUP-002295,Bengaluru Industrial Supply Co. 2295,approved,Bengaluru,Karnataka,India,30,89.17,93.14,B,Y
SUP002296,SUP-002296,Chandigarh Industrial Supply Co. 2296,strategic,Chandigarh,Chandigarh,India,45,89.05,94.04,B,Y
SUP002297,SUP-002297,Ahmedabad Industrial Supply Co. 2297,approved,Ahmedabad,Gujarat,India,45,88.22,96.27,B,Y
SUP002298,SUP-002298,Pune Industrial Supply Co. 2298,contract_manufacturer,Pune,Maharashtra,India,15,85.12,98.31,B,Y
SUP002299,SUP-002299,Warangal Industrial Supply Co. 2299,spot,Warangal,Telangana,India,30,87.77,95.91,B,Y
SUP002300,SUP-002300,Bengaluru Industrial Supply Co. 2300,strategic,Bengaluru,Karnataka,India,60,84.06,98.27,B,Y
SUP002301,SUP-002301,Lucknow Industrial Supply Co. 2301,approved,Lucknow,Uttar Pradesh,India,45,88.43,95.78,B,Y
SUP002302,SUP-002302,Delhi Industrial Supply Co. 2302,contract_manufacturer,Delhi,Delhi,India,45,86.48,95.14,B,Y
SUP002303,SUP-002303,Hyderabad Industrial Supply Co. 2303,approved,Hyderabad,Telangana,India,30,75.65,95.45,C,Y
SUP002304,SUP-002304,Nagpur Industrial Supply Co. 2304,approved,Nagpur,Maharashtra,India,30,80.96,93.53,B,Y
SUP002305,SUP-002305,Nashik Industrial Supply Co. 2305,approved,Nashik,Maharashtra,India,15,77.33,96.86,C,Y
SUP002306,SUP-002306,Ranchi Industrial Supply Co. 2306,strategic,Ranchi,Jharkhand,India,15,78.55,90.88,C,Y
SUP002307,SUP-002307,Mysuru Industrial Supply Co. 2307,approved,Mysuru,Karnataka,India,60,88.86,89.81,C,Y
SUP002308,SUP-002308,Jaipur Industrial Supply Co. 2308,approved,Jaipur,Rajasthan,India,45,77.48,99.44,C,Y
SUP002309,SUP-002309,Mangaluru Industrial Supply Co. 2309,approved,Mangaluru,Karnataka,India,30,69.04,96.46,C,Y
SUP002310,SUP-002310,Agra Industrial Supply Co. 2310,approved,Agra,Uttar Pradesh,India,45,92.38,97.66,A,Y
SUP002311,SUP-002311,Nagpur Industrial Supply Co. 2311,approved,Nagpur,Maharashtra,India,30,93.95,90.75,C,Y
SUP002312,SUP-002312,Nagpur Industrial Supply Co. 2312,approved,Nagpur,Maharashtra,India,45,84.51,97.18,B,Y
SUP002313,SUP-002313,Indore Industrial Supply Co. 2313,strategic,Indore,Madhya Pradesh,India,15,99.8,89.26,C,Y
SUP002314,SUP-002314,Bhopal Industrial Supply Co. 2314,approved,Bhopal,Madhya Pradesh,India,30,93.09,92.77,B,Y
SUP002315,SUP-002315,Nashik Industrial Supply Co. 2315,approved,Nashik,Maharashtra,India,60,85.29,98.48,B,Y
SUP002316,SUP-002316,Mangaluru Industrial Supply Co. 2316,strategic,Mangaluru,Karnataka,India,60,80.91,93.45,B,Y
SUP002317,SUP-002317,Agra Industrial Supply Co. 2317,contract_manufacturer,Agra,Uttar Pradesh,India,30,91.26,99.4,B,Y
SUP002318,SUP-002318,Kolkata Industrial Supply Co. 2318,approved,Kolkata,West Bengal,India,45,95.95,97.41,A,Y
SUP002319,SUP-002319,Nagpur Industrial Supply Co. 2319,contract_manufacturer,Nagpur,Maharashtra,India,60,80.86,98.75,B,Y
SUP002320,SUP-002320,Mangaluru Industrial Supply Co. 2320,approved,Mangaluru,Karnataka,India,30,86.97,98.24,B,Y
SUP002321,SUP-002321,Delhi Industrial Supply Co. 2321,contract_manufacturer,Delhi,Delhi,India,45,85.22,98.26,B,Y
SUP002322,SUP-002322,Bengaluru Industrial Supply Co. 2322,approved,Bengaluru,Karnataka,India,45,76.11,93.09,C,Y
SUP002323,SUP-002323,Kolkata Industrial Supply Co. 2323,spot,Kolkata,West Bengal,India,30,99.8,96.44,B,Y
SUP002324,SUP-002324,Kolkata Industrial Supply Co. 2324,approved,Kolkata,West Bengal,India,45,85.66,91.67,B,Y
SUP002325,SUP-002325,Chandigarh Industrial Supply Co. 2325,spot,Chandigarh,Chandigarh,India,30,99.8,99.9,A,Y
SUP002326,SUP-002326,Noida Industrial Supply Co. 2326,approved,Noida,Uttar Pradesh,India,45,85.34,97.69,B,Y
SUP002327,SUP-002327,Nashik Industrial Supply Co. 2327,approved,Nashik,Maharashtra,India,30,97.73,97.23,A,Y
SUP002328,SUP-002328,Mumbai Industrial Supply Co. 2328,spot,Mumbai,Maharashtra,India,45,81.89,97.75,B,Y
SUP002329,SUP-002329,Nashik Industrial Supply Co. 2329,approved,Nashik,Maharashtra,India,15,96.35,99.9,A,Y
SUP002330,SUP-002330,Nagpur Industrial Supply Co. 2330,approved,Nagpur,Maharashtra,India,15,82.03,94.98,B,Y
SUP002331,SUP-002331,Vadodara Industrial Supply Co. 2331,approved,Vadodara,Gujarat,India,45,93.79,94.82,B,Y
SUP002332,SUP-002332,Delhi Industrial Supply Co. 2332,strategic,Delhi,Delhi,India,15,74.89,95.88,C,Y
SUP002333,SUP-002333,Agra Industrial Supply Co. 2333,approved,Agra,Uttar Pradesh,India,60,82.96,92.14,B,Y
SUP002334,SUP-002334,Mysuru Industrial Supply Co. 2334,contract_manufacturer,Mysuru,Karnataka,India,45,99.8,92.09,B,Y
SUP002335,SUP-002335,Ahmedabad Industrial Supply Co. 2335,approved,Ahmedabad,Gujarat,India,60,87.83,96.55,B,Y
SUP002336,SUP-002336,Mangaluru Industrial Supply Co. 2336,spot,Mangaluru,Karnataka,India,30,94.54,92.74,B,Y
SUP002337,SUP-002337,Bhopal Industrial Supply Co. 2337,strategic,Bhopal,Madhya Pradesh,India,30,81.49,96.54,B,Y
SUP002338,SUP-002338,Bengaluru Industrial Supply Co. 2338,approved,Bengaluru,Karnataka,India,45,91.73,98.15,B,Y
SUP002339,SUP-002339,Indore Industrial Supply Co. 2339,approved,Indore,Madhya Pradesh,India,45,93.62,96.95,B,Y
SUP002340,SUP-002340,Lucknow Industrial Supply Co. 2340,approved,Lucknow,Uttar Pradesh,India,30,95.46,99.9,A,Y
SUP002341,SUP-002341,Mumbai Industrial Supply Co. 2341,spot,Mumbai,Maharashtra,India,30,97.16,97.3,A,Y
SUP002342,SUP-002342,Pune Industrial Supply Co. 2342,approved,Pune,Maharashtra,India,30,90.93,94.99,B,Y
SUP002343,SUP-002343,Vijayawada Industrial Supply Co. 2343,approved,Vijayawada,Andhra Pradesh,India,30,94.69,95.5,B,Y
SUP002344,SUP-002344,Indore Industrial Supply Co. 2344,spot,Indore,Madhya Pradesh,India,45,99.8,94.82,B,Y
SUP002345,SUP-002345,Mysuru Industrial Supply Co. 2345,approved,Mysuru,Karnataka,India,45,79.59,95.58,C,Y
SUP002346,SUP-002346,Nagpur Industrial Supply Co. 2346,approved,Nagpur,Maharashtra,India,30,79.18,98.08,C,Y
SUP002347,SUP-002347,Nashik Industrial Supply Co. 2347,contract_manufacturer,Nashik,Maharashtra,India,45,93.83,94.22,B,Y
SUP002348,SUP-002348,Chandigarh Industrial Supply Co. 2348,approved,Chandigarh,Chandigarh,India,15,87.42,93.27,B,Y
SUP002349,SUP-002349,Ranchi Industrial Supply Co. 2349,approved,Ranchi,Jharkhand,India,45,89.59,94.46,B,Y
SUP002350,SUP-002350,Hyderabad Industrial Supply Co. 2350,approved,Hyderabad,Telangana,India,45,92.66,96.54,B,Y
SUP002351,SUP-002351,Mysuru Industrial Supply Co. 2351,strategic,Mysuru,Karnataka,India,45,94.27,92.92,B,Y
SUP002352,SUP-002352,Chandigarh Industrial Supply Co. 2352,spot,Chandigarh,Chandigarh,India,45,85.7,90.55,C,Y
SUP002353,SUP-002353,Surat Industrial Supply Co. 2353,strategic,Surat,Gujarat,India,60,97.0,96.91,B,Y
SUP002354,SUP-002354,Bengaluru Industrial Supply Co. 2354,contract_manufacturer,Bengaluru,Karnataka,India,60,92.16,95.58,B,Y
SUP002355,SUP-002355,Warangal Industrial Supply Co. 2355,strategic,Warangal,Telangana,India,45,71.39,92.95,C,Y
SUP002356,SUP-002356,Lucknow Industrial Supply Co. 2356,approved,Lucknow,Uttar Pradesh,India,15,95.32,98.0,A,Y
SUP002357,SUP-002357,Jaipur Industrial Supply Co. 2357,strategic,Jaipur,Rajasthan,India,30,90.16,95.36,B,Y
SUP002358,SUP-002358,Vijayawada Industrial Supply Co. 2358,approved,Vijayawada,Andhra Pradesh,India,30,78.03,98.3,C,Y
SUP002359,SUP-002359,Bhopal Industrial Supply Co. 2359,spot,Bhopal,Madhya Pradesh,India,60,96.27,97.61,A,Y
SUP002360,SUP-002360,Kolkata Industrial Supply Co. 2360,approved,Kolkata,West Bengal,India,45,88.25,95.75,B,Y
SUP002361,SUP-002361,Mumbai Industrial Supply Co. 2361,spot,Mumbai,Maharashtra,India,60,74.29,95.23,C,Y
SUP002362,SUP-002362,Surat Industrial Supply Co. 2362,approved,Surat,Gujarat,India,45,78.84,94.58,C,Y
SUP002363,SUP-002363,Bengaluru Industrial Supply Co. 2363,approved,Bengaluru,Karnataka,India,45,81.76,88.41,C,Y
SUP002364,SUP-002364,Agra Industrial Supply Co. 2364,approved,Agra,Uttar Pradesh,India,30,85.55,97.26,B,Y
SUP002365,SUP-002365,Ahmedabad Industrial Supply Co. 2365,contract_manufacturer,Ahmedabad,Gujarat,India,30,95.97,91.61,B,Y
SUP002366,SUP-002366,Jaipur Industrial Supply Co. 2366,contract_manufacturer,Jaipur,Rajasthan,India,30,83.12,93.8,B,Y
SUP002367,SUP-002367,Chandigarh Industrial Supply Co. 2367,approved,Chandigarh,Chandigarh,India,45,86.33,99.38,B,Y
SUP002368,SUP-002368,Vijayawada Industrial Supply Co. 2368,approved,Vijayawada,Andhra Pradesh,India,30,95.6,93.67,B,Y
SUP002369,SUP-002369,Mangaluru Industrial Supply Co. 2369,approved,Mangaluru,Karnataka,India,45,96.07,94.63,B,Y
SUP002370,SUP-002370,Noida Industrial Supply Co. 2370,strategic,Noida,Uttar Pradesh,India,30,71.84,94.4,C,Y
SUP002371,SUP-002371,Nagpur Industrial Supply Co. 2371,approved,Nagpur,Maharashtra,India,45,73.69,98.08,C,Y
SUP002372,SUP-002372,Nagpur Industrial Supply Co. 2372,approved,Nagpur,Maharashtra,India,30,75.5,99.9,C,Y
SUP002373,SUP-002373,Vadodara Industrial Supply Co. 2373,approved,Vadodara,Gujarat,India,30,85.46,96.17,B,Y
SUP002374,SUP-002374,Pune Industrial Supply Co. 2374,approved,Pune,Maharashtra,India,60,86.3,91.04,B,Y
SUP002375,SUP-002375,Kolkata Industrial Supply Co. 2375,approved,Kolkata,West Bengal,India,15,79.77,92.25,C,Y
SUP002376,SUP-002376,Nashik Industrial Supply Co. 2376,spot,Nashik,Maharashtra,India,45,93.93,93.22,B,Y
SUP002377,SUP-002377,Ranchi Industrial Supply Co. 2377,approved,Ranchi,Jharkhand,India,30,74.22,95.4,C,Y
SUP002378,SUP-002378,Pune Industrial Supply Co. 2378,contract_manufacturer,Pune,Maharashtra,India,30,78.25,99.29,C,Y
SUP002379,SUP-002379,Ahmedabad Industrial Supply Co. 2379,approved,Ahmedabad,Gujarat,India,15,84.08,97.68,B,Y
SUP002380,SUP-002380,Bengaluru Industrial Supply Co. 2380,strategic,Bengaluru,Karnataka,India,60,76.51,94.23,C,Y
SUP002381,SUP-002381,Surat Industrial Supply Co. 2381,strategic,Surat,Gujarat,India,45,83.02,93.01,B,Y
SUP002382,SUP-002382,Ranchi Industrial Supply Co. 2382,approved,Ranchi,Jharkhand,India,60,75.45,96.54,C,Y
SUP002383,SUP-002383,Mumbai Industrial Supply Co. 2383,contract_manufacturer,Mumbai,Maharashtra,India,45,93.11,99.9,A,Y
SUP002384,SUP-002384,Bengaluru Industrial Supply Co. 2384,contract_manufacturer,Bengaluru,Karnataka,India,30,77.84,97.24,C,Y
SUP002385,SUP-002385,Nagpur Industrial Supply Co. 2385,strategic,Nagpur,Maharashtra,India,30,76.59,92.62,C,Y
SUP002386,SUP-002386,Mumbai Industrial Supply Co. 2386,spot,Mumbai,Maharashtra,India,45,67.21,99.13,C,Y
SUP002387,SUP-002387,Agra Industrial Supply Co. 2387,contract_manufacturer,Agra,Uttar Pradesh,India,30,96.76,99.9,A,Y
SUP002388,SUP-002388,Vadodara Industrial Supply Co. 2388,spot,Vadodara,Gujarat,India,15,91.39,94.68,B,Y
SUP002389,SUP-002389,Pune Industrial Supply Co. 2389,strategic,Pune,Maharashtra,India,30,92.72,90.3,C,Y
SUP002390,SUP-002390,Indore Industrial Supply Co. 2390,spot,Indore,Madhya Pradesh,India,30,93.0,94.98,B,Y
SUP002391,SUP-002391,Nashik Industrial Supply Co. 2391,approved,Nashik,Maharashtra,India,45,96.94,99.27,A,Y
SUP002392,SUP-002392,Bhubaneswar Industrial Supply Co. 2392,approved,Bhubaneswar,Odisha,India,45,78.21,99.9,C,Y
SUP002393,SUP-002393,Nagpur Industrial Supply Co. 2393,strategic,Nagpur,Maharashtra,India,30,96.94,95.19,B,Y
SUP002394,SUP-002394,Jaipur Industrial Supply Co. 2394,contract_manufacturer,Jaipur,Rajasthan,India,45,92.39,99.9,A,Y
SUP002395,SUP-002395,Noida Industrial Supply Co. 2395,approved,Noida,Uttar Pradesh,India,30,86.71,96.48,B,Y
SUP002396,SUP-002396,Vijayawada Industrial Supply Co. 2396,contract_manufacturer,Vijayawada,Andhra Pradesh,India,45,73.55,92.13,C,Y
SUP002397,SUP-002397,Noida Industrial Supply Co. 2397,approved,Noida,Uttar Pradesh,India,45,92.65,92.92,B,Y
SUP002398,SUP-002398,Warangal Industrial Supply Co. 2398,approved,Warangal,Telangana,India,45,93.57,92.49,B,Y
SUP002399,SUP-002399,Noida Industrial Supply Co. 2399,strategic,Noida,Uttar Pradesh,India,30,90.23,91.14,B,Y
SUP002400,SUP-002400,Mysuru Industrial Supply Co. 2400,approved,Mysuru,Karnataka,India,60,84.89,96.92,B,Y
SUP002401,SUP-002401,Mangaluru Industrial Supply Co. 2401,approved,Mangaluru,Karnataka,India,30,70.85,91.99,C,Y
SUP002402,SUP-002402,Bengaluru Industrial Supply Co. 2402,approved,Bengaluru,Karnataka,India,45,92.59,99.9,A,Y
SUP002403,SUP-002403,Nashik Industrial Supply Co. 2403,approved,Nashik,Maharashtra,India,30,98.46,95.8,B,Y
SUP002404,SUP-002404,Ranchi Industrial Supply Co. 2404,strategic,Ranchi,Jharkhand,India,45,93.89,97.0,A,Y
SUP002405,SUP-002405,Hyderabad Industrial Supply Co. 2405,approved,Hyderabad,Telangana,India,30,84.7,96.98,B,Y
SUP002406,SUP-002406,Ranchi Industrial Supply Co. 2406,spot,Ranchi,Jharkhand,India,30,95.94,93.67,B,Y
SUP002407,SUP-002407,Ranchi Industrial Supply Co. 2407,spot,Ranchi,Jharkhand,India,60,86.95,93.36,B,Y
SUP002408,SUP-002408,Mysuru Industrial Supply Co. 2408,contract_manufacturer,Mysuru,Karnataka,India,30,86.66,91.42,B,Y
SUP002409,SUP-002409,Surat Industrial Supply Co. 2409,strategic,Surat,Gujarat,India,45,96.57,95.51,B,Y
SUP002410,SUP-002410,Nagpur Industrial Supply Co. 2410,approved,Nagpur,Maharashtra,India,30,86.73,96.89,B,Y
SUP002411,SUP-002411,Warangal Industrial Supply Co. 2411,spot,Warangal,Telangana,India,60,87.64,91.53,B,Y
SUP002412,SUP-002412,Ranchi Industrial Supply Co. 2412,strategic,Ranchi,Jharkhand,India,30,83.33,94.89,B,Y
SUP002413,SUP-002413,Noida Industrial Supply Co. 2413,approved,Noida,Uttar Pradesh,India,15,92.74,97.3,A,Y
SUP002414,SUP-002414,Mumbai Industrial Supply Co. 2414,approved,Mumbai,Maharashtra,India,15,99.8,93.83,B,Y
SUP002415,SUP-002415,Mangaluru Industrial Supply Co. 2415,contract_manufacturer,Mangaluru,Karnataka,India,45,74.15,94.5,C,Y
SUP002416,SUP-002416,Vadodara Industrial Supply Co. 2416,approved,Vadodara,Gujarat,India,15,92.07,90.39,C,Y
SUP002417,SUP-002417,Vijayawada Industrial Supply Co. 2417,strategic,Vijayawada,Andhra Pradesh,India,60,78.86,98.56,C,Y
SUP002418,SUP-002418,Vijayawada Industrial Supply Co. 2418,strategic,Vijayawada,Andhra Pradesh,India,60,91.83,90.99,C,Y
SUP002419,SUP-002419,Warangal Industrial Supply Co. 2419,strategic,Warangal,Telangana,India,30,92.12,94.96,B,Y
SUP002420,SUP-002420,Hyderabad Industrial Supply Co. 2420,strategic,Hyderabad,Telangana,India,45,85.51,92.98,B,Y
SUP002421,SUP-002421,Mumbai Industrial Supply Co. 2421,approved,Mumbai,Maharashtra,India,30,84.99,91.46,B,Y
SUP002422,SUP-002422,Noida Industrial Supply Co. 2422,strategic,Noida,Uttar Pradesh,India,45,75.99,96.94,C,Y
SUP002423,SUP-002423,Delhi Industrial Supply Co. 2423,contract_manufacturer,Delhi,Delhi,India,45,93.8,94.76,B,Y
SUP002424,SUP-002424,Agra Industrial Supply Co. 2424,approved,Agra,Uttar Pradesh,India,30,80.78,95.67,B,Y
SUP002425,SUP-002425,Bhubaneswar Industrial Supply Co. 2425,spot,Bhubaneswar,Odisha,India,30,86.78,95.8,B,Y
SUP002426,SUP-002426,Ranchi Industrial Supply Co. 2426,contract_manufacturer,Ranchi,Jharkhand,India,15,99.78,93.5,B,Y
SUP002427,SUP-002427,Pune Industrial Supply Co. 2427,contract_manufacturer,Pune,Maharashtra,India,30,98.28,90.46,C,Y
SUP002428,SUP-002428,Mumbai Industrial Supply Co. 2428,strategic,Mumbai,Maharashtra,India,30,72.4,97.53,C,Y
SUP002429,SUP-002429,Pune Industrial Supply Co. 2429,approved,Pune,Maharashtra,India,15,83.15,96.17,B,Y
SUP002430,SUP-002430,Ranchi Industrial Supply Co. 2430,approved,Ranchi,Jharkhand,India,45,73.29,99.9,C,Y
SUP002431,SUP-002431,Vadodara Industrial Supply Co. 2431,contract_manufacturer,Vadodara,Gujarat,India,45,78.38,97.23,C,Y
SUP002432,SUP-002432,Hyderabad Industrial Supply Co. 2432,contract_manufacturer,Hyderabad,Telangana,India,15,84.66,99.61,B,Y
SUP002433,SUP-002433,Pune Industrial Supply Co. 2433,approved,Pune,Maharashtra,India,30,76.55,94.37,C,Y
SUP002434,SUP-002434,Lucknow Industrial Supply Co. 2434,contract_manufacturer,Lucknow,Uttar Pradesh,India,15,80.88,99.9,B,Y
SUP002435,SUP-002435,Nashik Industrial Supply Co. 2435,strategic,Nashik,Maharashtra,India,30,97.87,92.31,B,Y
SUP002436,SUP-002436,Hyderabad Industrial Supply Co. 2436,approved,Hyderabad,Telangana,India,45,99.8,93.46,B,Y
SUP002437,SUP-002437,Warangal Industrial Supply Co. 2437,approved,Warangal,Telangana,India,30,80.57,96.65,B,Y
SUP002438,SUP-002438,Agra Industrial Supply Co. 2438,strategic,Agra,Uttar Pradesh,India,30,99.8,99.13,A,Y
SUP002439,SUP-002439,Mumbai Industrial Supply Co. 2439,spot,Mumbai,Maharashtra,India,45,97.94,95.7,B,Y
SUP002440,SUP-002440,Mumbai Industrial Supply Co. 2440,spot,Mumbai,Maharashtra,India,15,67.74,95.9,C,Y
SUP002441,SUP-002441,Surat Industrial Supply Co. 2441,approved,Surat,Gujarat,India,30,75.09,99.9,C,Y
SUP002442,SUP-002442,Ranchi Industrial Supply Co. 2442,approved,Ranchi,Jharkhand,India,45,88.96,94.23,B,Y
SUP002443,SUP-002443,Kolkata Industrial Supply Co. 2443,approved,Kolkata,West Bengal,India,60,99.62,92.57,B,Y
SUP002444,SUP-002444,Ranchi Industrial Supply Co. 2444,approved,Ranchi,Jharkhand,India,30,85.25,98.81,B,Y
SUP002445,SUP-002445,Kolkata Industrial Supply Co. 2445,approved,Kolkata,West Bengal,India,30,83.11,97.26,B,Y
SUP002446,SUP-002446,Indore Industrial Supply Co. 2446,approved,Indore,Madhya Pradesh,India,30,99.8,93.36,B,Y
SUP002447,SUP-002447,Vijayawada Industrial Supply Co. 2447,spot,Vijayawada,Andhra Pradesh,India,30,81.01,97.07,B,Y
SUP002448,SUP-002448,Ahmedabad Industrial Supply Co. 2448,approved,Ahmedabad,Gujarat,India,45,85.94,96.44,B,Y
SUP002449,SUP-002449,Kolkata Industrial Supply Co. 2449,approved,Kolkata,West Bengal,India,45,94.5,96.86,B,Y
SUP002450,SUP-002450,Bengaluru Industrial Supply Co. 2450,spot,Bengaluru,Karnataka,India,45,91.66,99.9,B,Y
SUP002451,SUP-002451,Bengaluru Industrial Supply Co. 2451,approved,Bengaluru,Karnataka,India,60,99.8,95.33,B,Y
SUP002452,SUP-002452,Pune Industrial Supply Co. 2452,contract_manufacturer,Pune,Maharashtra,India,30,94.41,98.96,A,Y
SUP002453,SUP-002453,Ahmedabad Industrial Supply Co. 2453,approved,Ahmedabad,Gujarat,India,45,77.59,97.49,C,Y
SUP002454,SUP-002454,Mumbai Industrial Supply Co. 2454,contract_manufacturer,Mumbai,Maharashtra,India,30,78.71,94.59,C,Y
SUP002455,SUP-002455,Hyderabad Industrial Supply Co. 2455,strategic,Hyderabad,Telangana,India,30,91.18,91.67,B,Y
SUP002456,SUP-002456,Jaipur Industrial Supply Co. 2456,approved,Jaipur,Rajasthan,India,30,90.94,90.23,C,Y
SUP002457,SUP-002457,Mumbai Industrial Supply Co. 2457,approved,Mumbai,Maharashtra,India,45,97.45,98.57,A,Y
SUP002458,SUP-002458,Jaipur Industrial Supply Co. 2458,spot,Jaipur,Rajasthan,India,60,99.79,99.9,A,Y
SUP002459,SUP-002459,Mysuru Industrial Supply Co. 2459,approved,Mysuru,Karnataka,India,45,89.9,99.13,B,Y
SUP002460,SUP-002460,Vadodara Industrial Supply Co. 2460,approved,Vadodara,Gujarat,India,45,83.38,99.49,B,Y
SUP002461,SUP-002461,Mangaluru Industrial Supply Co. 2461,approved,Mangaluru,Karnataka,India,60,76.35,97.32,C,Y
SUP002462,SUP-002462,Delhi Industrial Supply Co. 2462,approved,Delhi,Delhi,India,45,75.95,94.2,C,Y
SUP002463,SUP-002463,Kolkata Industrial Supply Co. 2463,approved,Kolkata,West Bengal,India,30,95.83,97.69,A,Y
SUP002464,SUP-002464,Lucknow Industrial Supply Co. 2464,spot,Lucknow,Uttar Pradesh,India,45,77.85,94.0,C,Y
SUP002465,SUP-002465,Nashik Industrial Supply Co. 2465,contract_manufacturer,Nashik,Maharashtra,India,30,99.8,98.33,A,Y
SUP002466,SUP-002466,Pune Industrial Supply Co. 2466,approved,Pune,Maharashtra,India,45,90.85,97.01,B,Y
SUP002467,SUP-002467,Noida Industrial Supply Co. 2467,approved,Noida,Uttar Pradesh,India,30,79.62,95.31,C,Y
SUP002468,SUP-002468,Hyderabad Industrial Supply Co. 2468,strategic,Hyderabad,Telangana,India,45,86.42,98.39,B,Y
SUP002469,SUP-002469,Vadodara Industrial Supply Co. 2469,approved,Vadodara,Gujarat,India,30,83.61,95.85,B,Y
SUP002470,SUP-002470,Jaipur Industrial Supply Co. 2470,approved,Jaipur,Rajasthan,India,30,75.66,95.1,C,Y
SUP002471,SUP-002471,Ahmedabad Industrial Supply Co. 2471,approved,Ahmedabad,Gujarat,India,60,83.95,97.57,B,Y
SUP002472,SUP-002472,Delhi Industrial Supply Co. 2472,contract_manufacturer,Delhi,Delhi,India,30,65.71,97.56,C,Y
SUP002473,SUP-002473,Agra Industrial Supply Co. 2473,approved,Agra,Uttar Pradesh,India,45,95.68,95.2,B,Y
SUP002474,SUP-002474,Agra Industrial Supply Co. 2474,spot,Agra,Uttar Pradesh,India,45,88.33,97.91,B,Y
SUP002475,SUP-002475,Nagpur Industrial Supply Co. 2475,spot,Nagpur,Maharashtra,India,30,78.56,94.99,C,Y
SUP002476,SUP-002476,Vijayawada Industrial Supply Co. 2476,approved,Vijayawada,Andhra Pradesh,India,30,77.72,91.75,C,Y
SUP002477,SUP-002477,Mangaluru Industrial Supply Co. 2477,approved,Mangaluru,Karnataka,India,30,70.43,92.94,C,Y
SUP002478,SUP-002478,Noida Industrial Supply Co. 2478,approved,Noida,Uttar Pradesh,India,45,84.59,98.07,B,Y
SUP002479,SUP-002479,Mysuru Industrial Supply Co. 2479,approved,Mysuru,Karnataka,India,45,88.49,97.81,B,Y
SUP002480,SUP-002480,Hyderabad Industrial Supply Co. 2480,approved,Hyderabad,Telangana,India,30,90.39,98.72,B,Y
SUP002481,SUP-002481,Chandigarh Industrial Supply Co. 2481,strategic,Chandigarh,Chandigarh,India,30,99.8,95.08,B,Y
SUP002482,SUP-002482,Chandigarh Industrial Supply Co. 2482,approved,Chandigarh,Chandigarh,India,45,77.3,97.58,C,Y
SUP002483,SUP-002483,Noida Industrial Supply Co. 2483,approved,Noida,Uttar Pradesh,India,30,92.14,98.29,A,Y
SUP002484,SUP-002484,Indore Industrial Supply Co. 2484,approved,Indore,Madhya Pradesh,India,30,81.41,93.41,B,Y
SUP002485,SUP-002485,Vijayawada Industrial Supply Co. 2485,approved,Vijayawada,Andhra Pradesh,India,45,82.52,94.1,B,Y
SUP002486,SUP-002486,Chandigarh Industrial Supply Co. 2486,approved,Chandigarh,Chandigarh,India,45,99.56,91.77,B,Y
SUP002487,SUP-002487,Lucknow Industrial Supply Co. 2487,approved,Lucknow,Uttar Pradesh,India,30,83.8,90.99,C,Y
SUP002488,SUP-002488,Bhopal Industrial Supply Co. 2488,approved,Bhopal,Madhya Pradesh,India,45,91.51,95.16,B,Y
SUP002489,SUP-002489,Surat Industrial Supply Co. 2489,approved,Surat,Gujarat,India,45,93.14,98.53,A,Y
SUP002490,SUP-002490,Lucknow Industrial Supply Co. 2490,approved,Lucknow,Uttar Pradesh,India,45,92.93,97.44,A,Y
SUP002491,SUP-002491,Noida Industrial Supply Co. 2491,approved,Noida,Uttar Pradesh,India,30,84.32,96.06,B,Y
SUP002492,SUP-002492,Nashik Industrial Supply Co. 2492,strategic,Nashik,Maharashtra,India,30,94.65,92.3,B,Y
SUP002493,SUP-002493,Bhopal Industrial Supply Co. 2493,approved,Bhopal,Madhya Pradesh,India,15,99.13,96.27,B,Y
SUP002494,SUP-002494,Warangal Industrial Supply Co. 2494,contract_manufacturer,Warangal,Telangana,India,30,91.15,99.9,B,Y
SUP002495,SUP-002495,Bhubaneswar Industrial Supply Co. 2495,approved,Bhubaneswar,Odisha,India,30,96.37,95.93,B,Y
SUP002496,SUP-002496,Agra Industrial Supply Co. 2496,spot,Agra,Uttar Pradesh,India,30,70.46,96.05,C,Y
SUP002497,SUP-002497,Chandigarh Industrial Supply Co. 2497,spot,Chandigarh,Chandigarh,India,15,74.19,94.75,C,Y
SUP002498,SUP-002498,Ranchi Industrial Supply Co. 2498,approved,Ranchi,Jharkhand,India,30,74.22,99.9,C,Y
SUP002499,SUP-002499,Kolkata Industrial Supply Co. 2499,strategic,Kolkata,West Bengal,India,30,89.16,99.9,B,Y
SUP002500,SUP-002500,Agra Industrial Supply Co. 2500,strategic,Agra,Uttar Pradesh,India,60,89.29,93.3,B,Y
SUP002501,SUP-002501,Nagpur Industrial Supply Co. 2501,approved,Nagpur,Maharashtra,India,60,80.64,94.52,B,Y
SUP002502,SUP-002502,Pune Industrial Supply Co. 2502,approved,Pune,Maharashtra,India,30,82.79,94.33,B,Y
SUP002503,SUP-002503,Mysuru Industrial Supply Co. 2503,approved,Mysuru,Karnataka,India,30,75.13,94.02,C,Y
SUP002504,SUP-002504,Vadodara Industrial Supply Co. 2504,contract_manufacturer,Vadodara,Gujarat,India,30,93.19,93.32,B,Y
SUP002505,SUP-002505,Jaipur Industrial Supply Co. 2505,approved,Jaipur,Rajasthan,India,30,86.11,96.3,B,Y
SUP002506,SUP-002506,Mumbai Industrial Supply Co. 2506,approved,Mumbai,Maharashtra,India,60,95.45,97.56,A,Y
SUP002507,SUP-002507,Bhopal Industrial Supply Co. 2507,spot,Bhopal,Madhya Pradesh,India,60,80.29,92.76,B,Y
SUP002508,SUP-002508,Vijayawada Industrial Supply Co. 2508,approved,Vijayawada,Andhra Pradesh,India,30,82.71,97.33,B,Y
SUP002509,SUP-002509,Hyderabad Industrial Supply Co. 2509,spot,Hyderabad,Telangana,India,60,78.53,98.19,C,Y
SUP002510,SUP-002510,Ahmedabad Industrial Supply Co. 2510,approved,Ahmedabad,Gujarat,India,30,88.48,96.8,B,Y
SUP002511,SUP-002511,Mangaluru Industrial Supply Co. 2511,contract_manufacturer,Mangaluru,Karnataka,India,30,86.43,95.16,B,Y
SUP002512,SUP-002512,Hyderabad Industrial Supply Co. 2512,approved,Hyderabad,Telangana,India,30,89.24,96.73,B,Y
SUP002513,SUP-002513,Pune Industrial Supply Co. 2513,approved,Pune,Maharashtra,India,45,78.39,94.09,C,Y
SUP002514,SUP-002514,Bengaluru Industrial Supply Co. 2514,contract_manufacturer,Bengaluru,Karnataka,India,30,91.58,99.9,B,Y
SUP002515,SUP-002515,Pune Industrial Supply Co. 2515,contract_manufacturer,Pune,Maharashtra,India,15,99.8,94.78,B,Y
SUP002516,SUP-002516,Indore Industrial Supply Co. 2516,contract_manufacturer,Indore,Madhya Pradesh,India,45,75.15,94.86,C,Y
SUP002517,SUP-002517,Chandigarh Industrial Supply Co. 2517,strategic,Chandigarh,Chandigarh,India,30,74.7,96.91,C,Y
SUP002518,SUP-002518,Kolkata Industrial Supply Co. 2518,approved,Kolkata,West Bengal,India,60,75.15,96.74,C,Y
SUP002519,SUP-002519,Hyderabad Industrial Supply Co. 2519,contract_manufacturer,Hyderabad,Telangana,India,30,98.15,95.2,B,Y
SUP002520,SUP-002520,Indore Industrial Supply Co. 2520,strategic,Indore,Madhya Pradesh,India,45,89.61,95.82,B,Y
SUP002521,SUP-002521,Delhi Industrial Supply Co. 2521,contract_manufacturer,Delhi,Delhi,India,45,88.34,99.7,B,Y
SUP002522,SUP-002522,Nashik Industrial Supply Co. 2522,strategic,Nashik,Maharashtra,India,60,74.48,99.64,C,Y
SUP002523,SUP-002523,Bhubaneswar Industrial Supply Co. 2523,approved,Bhubaneswar,Odisha,India,30,78.85,90.18,C,Y
SUP002524,SUP-002524,Surat Industrial Supply Co. 2524,approved,Surat,Gujarat,India,30,59.0,95.78,C,Y
SUP002525,SUP-002525,Nagpur Industrial Supply Co. 2525,approved,Nagpur,Maharashtra,India,60,93.11,97.69,A,Y
SUP002526,SUP-002526,Jaipur Industrial Supply Co. 2526,spot,Jaipur,Rajasthan,India,60,87.23,99.9,B,Y
SUP002527,SUP-002527,Ahmedabad Industrial Supply Co. 2527,approved,Ahmedabad,Gujarat,India,45,83.21,97.14,B,Y
SUP002528,SUP-002528,Delhi Industrial Supply Co. 2528,spot,Delhi,Delhi,India,60,99.8,98.3,A,Y
SUP002529,SUP-002529,Noida Industrial Supply Co. 2529,approved,Noida,Uttar Pradesh,India,60,84.17,98.27,B,Y
SUP002530,SUP-002530,Ahmedabad Industrial Supply Co. 2530,contract_manufacturer,Ahmedabad,Gujarat,India,45,83.38,98.61,B,Y
SUP002531,SUP-002531,Kolkata Industrial Supply Co. 2531,approved,Kolkata,West Bengal,India,60,86.72,98.63,B,Y
SUP002532,SUP-002532,Mumbai Industrial Supply Co. 2532,spot,Mumbai,Maharashtra,India,30,82.6,94.22,B,Y
SUP002533,SUP-002533,Noida Industrial Supply Co. 2533,approved,Noida,Uttar Pradesh,India,30,79.61,92.36,C,Y
SUP002534,SUP-002534,Mangaluru Industrial Supply Co. 2534,approved,Mangaluru,Karnataka,India,45,95.17,95.11,B,Y
SUP002535,SUP-002535,Bengaluru Industrial Supply Co. 2535,approved,Bengaluru,Karnataka,India,30,96.04,92.94,B,Y
SUP002536,SUP-002536,Delhi Industrial Supply Co. 2536,contract_manufacturer,Delhi,Delhi,India,60,76.05,97.94,C,Y
SUP002537,SUP-002537,Bhopal Industrial Supply Co. 2537,spot,Bhopal,Madhya Pradesh,India,60,93.69,97.25,A,Y
SUP002538,SUP-002538,Mumbai Industrial Supply Co. 2538,strategic,Mumbai,Maharashtra,India,15,68.11,94.51,C,Y
SUP002539,SUP-002539,Jaipur Industrial Supply Co. 2539,approved,Jaipur,Rajasthan,India,45,91.58,93.86,B,Y
SUP002540,SUP-002540,Pune Industrial Supply Co. 2540,strategic,Pune,Maharashtra,India,30,84.57,97.63,B,Y
SUP002541,SUP-002541,Kolkata Industrial Supply Co. 2541,contract_manufacturer,Kolkata,West Bengal,India,45,98.93,94.81,B,Y
SUP002542,SUP-002542,Bhubaneswar Industrial Supply Co. 2542,approved,Bhubaneswar,Odisha,India,45,89.25,96.96,B,Y
SUP002543,SUP-002543,Indore Industrial Supply Co. 2543,spot,Indore,Madhya Pradesh,India,30,99.52,95.54,B,Y
SUP002544,SUP-002544,Mysuru Industrial Supply Co. 2544,strategic,Mysuru,Karnataka,India,60,78.58,92.07,C,Y
SUP002545,SUP-002545,Indore Industrial Supply Co. 2545,approved,Indore,Madhya Pradesh,India,15,99.8,98.87,A,Y
SUP002546,SUP-002546,Vijayawada Industrial Supply Co. 2546,strategic,Vijayawada,Andhra Pradesh,India,15,82.79,89.47,C,Y
SUP002547,SUP-002547,Pune Industrial Supply Co. 2547,spot,Pune,Maharashtra,India,45,80.61,93.73,B,Y
SUP002548,SUP-002548,Bhubaneswar Industrial Supply Co. 2548,approved,Bhubaneswar,Odisha,India,45,98.32,96.24,B,Y
SUP002549,SUP-002549,Chandigarh Industrial Supply Co. 2549,approved,Chandigarh,Chandigarh,India,30,85.2,98.23,B,Y
SUP002550,SUP-002550,Noida Industrial Supply Co. 2550,approved,Noida,Uttar Pradesh,India,30,70.57,97.56,C,Y
SUP002551,SUP-002551,Ahmedabad Industrial Supply Co. 2551,contract_manufacturer,Ahmedabad,Gujarat,India,30,81.63,96.38,B,Y
SUP002552,SUP-002552,Bhopal Industrial Supply Co. 2552,approved,Bhopal,Madhya Pradesh,India,30,88.87,97.41,B,Y
SUP002553,SUP-002553,Mangaluru Industrial Supply Co. 2553,approved,Mangaluru,Karnataka,India,45,90.9,91.81,B,Y
SUP002554,SUP-002554,Noida Industrial Supply Co. 2554,spot,Noida,Uttar Pradesh,India,60,94.03,99.29,A,Y
SUP002555,SUP-002555,Indore Industrial Supply Co. 2555,approved,Indore,Madhya Pradesh,India,60,92.84,97.89,A,Y
SUP002556,SUP-002556,Vijayawada Industrial Supply Co. 2556,strategic,Vijayawada,Andhra Pradesh,India,30,93.85,95.68,B,Y
SUP002557,SUP-002557,Nashik Industrial Supply Co. 2557,approved,Nashik,Maharashtra,India,30,76.27,99.9,C,Y
SUP002558,SUP-002558,Chandigarh Industrial Supply Co. 2558,approved,Chandigarh,Chandigarh,India,30,82.35,96.02,B,Y
SUP002559,SUP-002559,Delhi Industrial Supply Co. 2559,approved,Delhi,Delhi,India,45,79.65,95.01,C,Y
SUP002560,SUP-002560,Noida Industrial Supply Co. 2560,approved,Noida,Uttar Pradesh,India,45,77.5,96.41,C,Y
SUP002561,SUP-002561,Lucknow Industrial Supply Co. 2561,strategic,Lucknow,Uttar Pradesh,India,45,73.9,95.18,C,Y
SUP002562,SUP-002562,Pune Industrial Supply Co. 2562,strategic,Pune,Maharashtra,India,30,90.43,99.8,B,Y
SUP002563,SUP-002563,Ahmedabad Industrial Supply Co. 2563,approved,Ahmedabad,Gujarat,India,30,83.39,96.08,B,Y
SUP002564,SUP-002564,Chandigarh Industrial Supply Co. 2564,spot,Chandigarh,Chandigarh,India,45,99.38,92.24,B,Y
SUP002565,SUP-002565,Vadodara Industrial Supply Co. 2565,approved,Vadodara,Gujarat,India,45,95.25,98.09,A,Y
SUP002566,SUP-002566,Bhubaneswar Industrial Supply Co. 2566,contract_manufacturer,Bhubaneswar,Odisha,India,15,97.63,96.66,B,Y
SUP002567,SUP-002567,Lucknow Industrial Supply Co. 2567,approved,Lucknow,Uttar Pradesh,India,60,94.8,96.38,B,Y
SUP002568,SUP-002568,Jaipur Industrial Supply Co. 2568,strategic,Jaipur,Rajasthan,India,30,91.06,91.94,B,Y
SUP002569,SUP-002569,Mysuru Industrial Supply Co. 2569,spot,Mysuru,Karnataka,India,30,98.65,94.27,B,Y
SUP002570,SUP-002570,Surat Industrial Supply Co. 2570,strategic,Surat,Gujarat,India,30,99.32,98.64,A,Y
SUP002571,SUP-002571,Bengaluru Industrial Supply Co. 2571,approved,Bengaluru,Karnataka,India,30,96.6,94.13,B,Y
SUP002572,SUP-002572,Vijayawada Industrial Supply Co. 2572,strategic,Vijayawada,Andhra Pradesh,India,15,80.03,97.74,B,Y
SUP002573,SUP-002573,Nagpur Industrial Supply Co. 2573,approved,Nagpur,Maharashtra,India,30,98.43,92.41,B,Y
SUP002574,SUP-002574,Noida Industrial Supply Co. 2574,strategic,Noida,Uttar Pradesh,India,30,79.96,95.15,C,Y
SUP002575,SUP-002575,Kolkata Industrial Supply Co. 2575,spot,Kolkata,West Bengal,India,30,91.72,93.75,B,Y
SUP002576,SUP-002576,Ranchi Industrial Supply Co. 2576,strategic,Ranchi,Jharkhand,India,30,89.6,97.0,B,Y
SUP002577,SUP-002577,Bengaluru Industrial Supply Co. 2577,contract_manufacturer,Bengaluru,Karnataka,India,60,86.69,98.34,B,Y
SUP002578,SUP-002578,Nagpur Industrial Supply Co. 2578,strategic,Nagpur,Maharashtra,India,30,81.29,99.9,B,Y
SUP002579,SUP-002579,Pune Industrial Supply Co. 2579,approved,Pune,Maharashtra,India,30,78.89,95.31,C,Y
SUP002580,SUP-002580,Vadodara Industrial Supply Co. 2580,approved,Vadodara,Gujarat,India,15,74.3,97.69,C,Y
SUP002581,SUP-002581,Chandigarh Industrial Supply Co. 2581,strategic,Chandigarh,Chandigarh,India,30,80.96,96.67,B,Y
SUP002582,SUP-002582,Mangaluru Industrial Supply Co. 2582,approved,Mangaluru,Karnataka,India,30,81.95,97.51,B,Y
SUP002583,SUP-002583,Bengaluru Industrial Supply Co. 2583,strategic,Bengaluru,Karnataka,India,30,89.66,96.75,B,Y
SUP002584,SUP-002584,Indore Industrial Supply Co. 2584,approved,Indore,Madhya Pradesh,India,30,79.77,99.9,C,Y
SUP002585,SUP-002585,Bhopal Industrial Supply Co. 2585,approved,Bhopal,Madhya Pradesh,India,30,86.77,99.15,B,Y
SUP002586,SUP-002586,Delhi Industrial Supply Co. 2586,spot,Delhi,Delhi,India,60,88.64,95.01,B,Y
SUP002587,SUP-002587,Warangal Industrial Supply Co. 2587,approved,Warangal,Telangana,India,15,99.8,95.86,B,Y
SUP002588,SUP-002588,Jaipur Industrial Supply Co. 2588,approved,Jaipur,Rajasthan,India,60,81.45,95.61,B,Y
SUP002589,SUP-002589,Mysuru Industrial Supply Co. 2589,strategic,Mysuru,Karnataka,India,60,83.85,93.99,B,Y
SUP002590,SUP-002590,Ahmedabad Industrial Supply Co. 2590,approved,Ahmedabad,Gujarat,India,30,88.29,96.16,B,Y
SUP002591,SUP-002591,Indore Industrial Supply Co. 2591,contract_manufacturer,Indore,Madhya Pradesh,India,45,79.86,97.72,C,Y
SUP002592,SUP-002592,Kolkata Industrial Supply Co. 2592,approved,Kolkata,West Bengal,India,30,76.45,96.93,C,Y
SUP002593,SUP-002593,Bhubaneswar Industrial Supply Co. 2593,contract_manufacturer,Bhubaneswar,Odisha,India,30,97.27,93.88,B,Y
SUP002594,SUP-002594,Surat Industrial Supply Co. 2594,spot,Surat,Gujarat,India,30,96.38,95.26,B,Y
SUP002595,SUP-002595,Hyderabad Industrial Supply Co. 2595,approved,Hyderabad,Telangana,India,30,88.1,99.9,B,Y
SUP002596,SUP-002596,Mysuru Industrial Supply Co. 2596,approved,Mysuru,Karnataka,India,15,97.3,96.6,B,Y
SUP002597,SUP-002597,Surat Industrial Supply Co. 2597,strategic,Surat,Gujarat,India,45,76.9,96.5,C,Y
SUP002598,SUP-002598,Vijayawada Industrial Supply Co. 2598,approved,Vijayawada,Andhra Pradesh,India,45,99.8,96.48,B,Y
SUP002599,SUP-002599,Ahmedabad Industrial Supply Co. 2599,approved,Ahmedabad,Gujarat,India,60,75.22,97.36,C,Y
SUP002600,SUP-002600,Agra Industrial Supply Co. 2600,strategic,Agra,Uttar Pradesh,India,30,58.61,94.06,C,Y
SUP002601,SUP-002601,Nagpur Industrial Supply Co. 2601,approved,Nagpur,Maharashtra,India,30,94.41,96.84,B,Y
SUP002602,SUP-002602,Mysuru Industrial Supply Co. 2602,contract_manufacturer,Mysuru,Karnataka,India,45,97.28,95.31,B,Y
SUP002603,SUP-002603,Lucknow Industrial Supply Co. 2603,approved,Lucknow,Uttar Pradesh,India,60,88.61,97.66,B,Y
SUP002604,SUP-002604,Agra Industrial Supply Co. 2604,approved,Agra,Uttar Pradesh,India,45,84.63,97.64,B,Y
SUP002605,SUP-002605,Nagpur Industrial Supply Co. 2605,strategic,Nagpur,Maharashtra,India,30,84.95,97.3,B,Y
SUP002606,SUP-002606,Bengaluru Industrial Supply Co. 2606,strategic,Bengaluru,Karnataka,India,30,85.67,93.1,B,Y
SUP002607,SUP-002607,Noida Industrial Supply Co. 2607,approved,Noida,Uttar Pradesh,India,45,76.71,99.4,C,Y
SUP002608,SUP-002608,Jaipur Industrial Supply Co. 2608,approved,Jaipur,Rajasthan,India,45,99.8,95.76,B,Y
SUP002609,SUP-002609,Delhi Industrial Supply Co. 2609,strategic,Delhi,Delhi,India,60,86.4,95.57,B,Y
SUP002610,SUP-002610,Pune Industrial Supply Co. 2610,approved,Pune,Maharashtra,India,15,81.68,97.61,B,Y
SUP002611,SUP-002611,Bhubaneswar Industrial Supply Co. 2611,approved,Bhubaneswar,Odisha,India,30,72.73,97.34,C,Y
SUP002612,SUP-002612,Hyderabad Industrial Supply Co. 2612,approved,Hyderabad,Telangana,India,30,89.74,98.72,B,Y
SUP002613,SUP-002613,Mangaluru Industrial Supply Co. 2613,strategic,Mangaluru,Karnataka,India,60,96.64,99.9,A,Y
SUP002614,SUP-002614,Agra Industrial Supply Co. 2614,contract_manufacturer,Agra,Uttar Pradesh,India,60,80.15,98.66,B,Y
SUP002615,SUP-002615,Ahmedabad Industrial Supply Co. 2615,approved,Ahmedabad,Gujarat,India,30,99.77,92.82,B,Y
SUP002616,SUP-002616,Indore Industrial Supply Co. 2616,approved,Indore,Madhya Pradesh,India,45,82.82,97.57,B,Y
SUP002617,SUP-002617,Nagpur Industrial Supply Co. 2617,approved,Nagpur,Maharashtra,India,60,84.21,94.53,B,Y
SUP002618,SUP-002618,Kolkata Industrial Supply Co. 2618,approved,Kolkata,West Bengal,India,45,77.4,94.1,C,Y
SUP002619,SUP-002619,Kolkata Industrial Supply Co. 2619,spot,Kolkata,West Bengal,India,60,73.16,98.32,C,Y
SUP002620,SUP-002620,Nagpur Industrial Supply Co. 2620,approved,Nagpur,Maharashtra,India,45,93.2,96.91,B,Y
SUP002621,SUP-002621,Mumbai Industrial Supply Co. 2621,approved,Mumbai,Maharashtra,India,15,77.6,92.03,C,Y
SUP002622,SUP-002622,Jaipur Industrial Supply Co. 2622,approved,Jaipur,Rajasthan,India,30,74.18,91.5,C,Y
SUP002623,SUP-002623,Vijayawada Industrial Supply Co. 2623,approved,Vijayawada,Andhra Pradesh,India,45,91.31,92.72,B,Y
SUP002624,SUP-002624,Pune Industrial Supply Co. 2624,approved,Pune,Maharashtra,India,30,74.6,95.67,C,Y
SUP002625,SUP-002625,Pune Industrial Supply Co. 2625,strategic,Pune,Maharashtra,India,45,96.77,95.72,B,Y
SUP002626,SUP-002626,Bengaluru Industrial Supply Co. 2626,contract_manufacturer,Bengaluru,Karnataka,India,30,87.93,97.43,B,Y
SUP002627,SUP-002627,Noida Industrial Supply Co. 2627,approved,Noida,Uttar Pradesh,India,45,86.33,99.38,B,Y
SUP002628,SUP-002628,Nashik Industrial Supply Co. 2628,approved,Nashik,Maharashtra,India,45,77.6,91.75,C,Y
SUP002629,SUP-002629,Mysuru Industrial Supply Co. 2629,strategic,Mysuru,Karnataka,India,60,92.25,97.38,A,Y
SUP002630,SUP-002630,Vijayawada Industrial Supply Co. 2630,approved,Vijayawada,Andhra Pradesh,India,45,98.05,99.9,A,Y
SUP002631,SUP-002631,Bengaluru Industrial Supply Co. 2631,strategic,Bengaluru,Karnataka,India,45,94.02,96.88,B,Y
SUP002632,SUP-002632,Mysuru Industrial Supply Co. 2632,contract_manufacturer,Mysuru,Karnataka,India,30,80.83,99.9,B,Y
SUP002633,SUP-002633,Surat Industrial Supply Co. 2633,spot,Surat,Gujarat,India,45,75.23,98.3,C,Y
SUP002634,SUP-002634,Nashik Industrial Supply Co. 2634,approved,Nashik,Maharashtra,India,30,79.34,98.44,C,Y
SUP002635,SUP-002635,Mumbai Industrial Supply Co. 2635,approved,Mumbai,Maharashtra,India,30,64.75,92.04,C,Y
SUP002636,SUP-002636,Agra Industrial Supply Co. 2636,strategic,Agra,Uttar Pradesh,India,60,90.82,96.92,B,Y
SUP002637,SUP-002637,Mangaluru Industrial Supply Co. 2637,approved,Mangaluru,Karnataka,India,45,78.2,97.05,C,Y
SUP002638,SUP-002638,Nashik Industrial Supply Co. 2638,approved,Nashik,Maharashtra,India,15,78.42,93.04,C,Y
SUP002639,SUP-002639,Bengaluru Industrial Supply Co. 2639,approved,Bengaluru,Karnataka,India,45,91.76,95.29,B,Y
SUP002640,SUP-002640,Warangal Industrial Supply Co. 2640,approved,Warangal,Telangana,India,45,92.81,92.1,B,Y
SUP002641,SUP-002641,Bhubaneswar Industrial Supply Co. 2641,approved,Bhubaneswar,Odisha,India,15,91.88,97.52,B,Y
SUP002642,SUP-002642,Vadodara Industrial Supply Co. 2642,approved,Vadodara,Gujarat,India,30,87.8,90.58,C,Y
SUP002643,SUP-002643,Mysuru Industrial Supply Co. 2643,contract_manufacturer,Mysuru,Karnataka,India,45,99.8,92.67,B,Y
SUP002644,SUP-002644,Ahmedabad Industrial Supply Co. 2644,approved,Ahmedabad,Gujarat,India,45,99.8,91.27,B,Y
SUP002645,SUP-002645,Kolkata Industrial Supply Co. 2645,approved,Kolkata,West Bengal,India,45,82.96,99.08,B,Y
SUP002646,SUP-002646,Chandigarh Industrial Supply Co. 2646,approved,Chandigarh,Chandigarh,India,45,87.83,94.76,B,Y
SUP002647,SUP-002647,Ranchi Industrial Supply Co. 2647,approved,Ranchi,Jharkhand,India,30,99.8,97.44,A,Y
SUP002648,SUP-002648,Nagpur Industrial Supply Co. 2648,spot,Nagpur,Maharashtra,India,45,88.14,93.23,B,Y
SUP002649,SUP-002649,Vijayawada Industrial Supply Co. 2649,strategic,Vijayawada,Andhra Pradesh,India,30,86.88,97.68,B,Y
SUP002650,SUP-002650,Mangaluru Industrial Supply Co. 2650,strategic,Mangaluru,Karnataka,India,30,81.82,96.39,B,Y
SUP002651,SUP-002651,Bhubaneswar Industrial Supply Co. 2651,strategic,Bhubaneswar,Odisha,India,30,70.15,98.24,C,Y
SUP002652,SUP-002652,Jaipur Industrial Supply Co. 2652,contract_manufacturer,Jaipur,Rajasthan,India,15,99.8,92.59,B,Y
SUP002653,SUP-002653,Chandigarh Industrial Supply Co. 2653,spot,Chandigarh,Chandigarh,India,30,85.84,96.9,B,Y
SUP002654,SUP-002654,Vadodara Industrial Supply Co. 2654,approved,Vadodara,Gujarat,India,30,78.95,95.62,C,Y
SUP002655,SUP-002655,Jaipur Industrial Supply Co. 2655,strategic,Jaipur,Rajasthan,India,45,80.72,91.4,B,Y
SUP002656,SUP-002656,Warangal Industrial Supply Co. 2656,contract_manufacturer,Warangal,Telangana,India,60,82.96,99.9,B,Y
SUP002657,SUP-002657,Indore Industrial Supply Co. 2657,approved,Indore,Madhya Pradesh,India,45,84.68,98.74,B,Y
SUP002658,SUP-002658,Delhi Industrial Supply Co. 2658,approved,Delhi,Delhi,India,30,89.79,95.27,B,Y
SUP002659,SUP-002659,Agra Industrial Supply Co. 2659,strategic,Agra,Uttar Pradesh,India,45,75.62,94.85,C,Y
SUP002660,SUP-002660,Mumbai Industrial Supply Co. 2660,strategic,Mumbai,Maharashtra,India,45,89.5,92.35,B,Y
SUP002661,SUP-002661,Kolkata Industrial Supply Co. 2661,contract_manufacturer,Kolkata,West Bengal,India,60,76.02,94.38,C,Y
SUP002662,SUP-002662,Vijayawada Industrial Supply Co. 2662,contract_manufacturer,Vijayawada,Andhra Pradesh,India,45,89.2,96.75,B,Y
SUP002663,SUP-002663,Mumbai Industrial Supply Co. 2663,approved,Mumbai,Maharashtra,India,15,87.4,95.62,B,Y
SUP002664,SUP-002664,Vadodara Industrial Supply Co. 2664,spot,Vadodara,Gujarat,India,30,93.56,97.53,A,Y
SUP002665,SUP-002665,Jaipur Industrial Supply Co. 2665,spot,Jaipur,Rajasthan,India,30,83.25,97.51,B,Y
SUP002666,SUP-002666,Warangal Industrial Supply Co. 2666,contract_manufacturer,Warangal,Telangana,India,15,87.82,94.08,B,Y
SUP002667,SUP-002667,Lucknow Industrial Supply Co. 2667,approved,Lucknow,Uttar Pradesh,India,45,84.39,97.5,B,Y
SUP002668,SUP-002668,Kolkata Industrial Supply Co. 2668,approved,Kolkata,West Bengal,India,30,87.71,99.29,B,Y
SUP002669,SUP-002669,Bengaluru Industrial Supply Co. 2669,approved,Bengaluru,Karnataka,India,45,76.09,92.5,C,Y
SUP002670,SUP-002670,Bhopal Industrial Supply Co. 2670,approved,Bhopal,Madhya Pradesh,India,45,79.98,97.38,C,Y
SUP002671,SUP-002671,Bengaluru Industrial Supply Co. 2671,approved,Bengaluru,Karnataka,India,60,93.36,95.57,B,Y
SUP002672,SUP-002672,Mysuru Industrial Supply Co. 2672,strategic,Mysuru,Karnataka,India,30,93.02,94.79,B,Y
SUP002673,SUP-002673,Surat Industrial Supply Co. 2673,approved,Surat,Gujarat,India,45,72.8,96.44,C,Y
SUP002674,SUP-002674,Kolkata Industrial Supply Co. 2674,spot,Kolkata,West Bengal,India,45,82.47,99.9,B,Y
SUP002675,SUP-002675,Mumbai Industrial Supply Co. 2675,approved,Mumbai,Maharashtra,India,15,66.49,93.8,C,Y
SUP002676,SUP-002676,Vadodara Industrial Supply Co. 2676,spot,Vadodara,Gujarat,India,45,96.63,90.52,C,Y
SUP002677,SUP-002677,Bengaluru Industrial Supply Co. 2677,approved,Bengaluru,Karnataka,India,60,78.09,98.3,C,Y
SUP002678,SUP-002678,Chandigarh Industrial Supply Co. 2678,strategic,Chandigarh,Chandigarh,India,45,83.81,96.6,B,Y
SUP002679,SUP-002679,Vadodara Industrial Supply Co. 2679,contract_manufacturer,Vadodara,Gujarat,India,60,85.43,91.44,B,Y
SUP002680,SUP-002680,Vadodara Industrial Supply Co. 2680,approved,Vadodara,Gujarat,India,45,99.8,93.56,B,Y
SUP002681,SUP-002681,Mumbai Industrial Supply Co. 2681,approved,Mumbai,Maharashtra,India,45,99.8,98.35,A,Y
SUP002682,SUP-002682,Warangal Industrial Supply Co. 2682,approved,Warangal,Telangana,India,30,99.8,95.7,B,Y
SUP002683,SUP-002683,Ranchi Industrial Supply Co. 2683,approved,Ranchi,Jharkhand,India,45,91.64,98.84,B,Y
SUP002684,SUP-002684,Kolkata Industrial Supply Co. 2684,approved,Kolkata,West Bengal,India,30,87.71,95.1,B,Y
SUP002685,SUP-002685,Surat Industrial Supply Co. 2685,approved,Surat,Gujarat,India,45,95.41,92.04,B,Y
SUP002686,SUP-002686,Bengaluru Industrial Supply Co. 2686,spot,Bengaluru,Karnataka,India,45,89.24,97.64,B,Y
SUP002687,SUP-002687,Bhopal Industrial Supply Co. 2687,approved,Bhopal,Madhya Pradesh,India,30,81.32,93.05,B,Y
SUP002688,SUP-002688,Kolkata Industrial Supply Co. 2688,approved,Kolkata,West Bengal,India,30,77.99,96.53,C,Y
SUP002689,SUP-002689,Bhubaneswar Industrial Supply Co. 2689,approved,Bhubaneswar,Odisha,India,45,82.19,92.74,B,Y
SUP002690,SUP-002690,Delhi Industrial Supply Co. 2690,spot,Delhi,Delhi,India,60,88.55,90.34,C,Y
SUP002691,SUP-002691,Ahmedabad Industrial Supply Co. 2691,contract_manufacturer,Ahmedabad,Gujarat,India,60,75.72,99.9,C,Y
SUP002692,SUP-002692,Surat Industrial Supply Co. 2692,approved,Surat,Gujarat,India,15,80.03,95.97,B,Y
SUP002693,SUP-002693,Lucknow Industrial Supply Co. 2693,contract_manufacturer,Lucknow,Uttar Pradesh,India,30,93.38,97.6,A,Y
SUP002694,SUP-002694,Mangaluru Industrial Supply Co. 2694,strategic,Mangaluru,Karnataka,India,30,83.7,92.45,B,Y
SUP002695,SUP-002695,Kolkata Industrial Supply Co. 2695,approved,Kolkata,West Bengal,India,30,84.34,91.47,B,Y
SUP002696,SUP-002696,Chandigarh Industrial Supply Co. 2696,approved,Chandigarh,Chandigarh,India,15,82.07,98.62,B,Y
SUP002697,SUP-002697,Nagpur Industrial Supply Co. 2697,approved,Nagpur,Maharashtra,India,45,93.69,92.17,B,Y
SUP002698,SUP-002698,Warangal Industrial Supply Co. 2698,approved,Warangal,Telangana,India,30,87.21,93.86,B,Y
SUP002699,SUP-002699,Chandigarh Industrial Supply Co. 2699,approved,Chandigarh,Chandigarh,India,45,84.56,99.25,B,Y
SUP002700,SUP-002700,Pune Industrial Supply Co. 2700,approved,Pune,Maharashtra,India,30,68.16,97.41,C,Y
SUP002701,SUP-002701,Bhubaneswar Industrial Supply Co. 2701,approved,Bhubaneswar,Odisha,India,60,84.58,95.72,B,Y
SUP002702,SUP-002702,Vadodara Industrial Supply Co. 2702,approved,Vadodara,Gujarat,India,30,99.8,99.9,A,Y
SUP002703,SUP-002703,Surat Industrial Supply Co. 2703,contract_manufacturer,Surat,Gujarat,India,45,83.4,94.49,B,Y
SUP002704,SUP-002704,Warangal Industrial Supply Co. 2704,approved,Warangal,Telangana,India,30,86.58,91.08,B,Y
SUP002705,SUP-002705,Mumbai Industrial Supply Co. 2705,spot,Mumbai,Maharashtra,India,60,88.91,92.68,B,Y
SUP002706,SUP-002706,Bhopal Industrial Supply Co. 2706,strategic,Bhopal,Madhya Pradesh,India,30,85.16,92.6,B,Y
SUP002707,SUP-002707,Indore Industrial Supply Co. 2707,contract_manufacturer,Indore,Madhya Pradesh,India,30,84.71,98.38,B,Y
SUP002708,SUP-002708,Ahmedabad Industrial Supply Co. 2708,approved,Ahmedabad,Gujarat,India,60,95.48,87.94,C,Y
SUP002709,SUP-002709,Chandigarh Industrial Supply Co. 2709,approved,Chandigarh,Chandigarh,India,60,78.98,97.3,C,Y
SUP002710,SUP-002710,Mangaluru Industrial Supply Co. 2710,approved,Mangaluru,Karnataka,India,30,72.82,93.31,C,Y
SUP002711,SUP-002711,Jaipur Industrial Supply Co. 2711,approved,Jaipur,Rajasthan,India,45,99.36,93.2,B,Y
SUP002712,SUP-002712,Noida Industrial Supply Co. 2712,contract_manufacturer,Noida,Uttar Pradesh,India,30,86.1,94.97,B,Y
SUP002713,SUP-002713,Pune Industrial Supply Co. 2713,approved,Pune,Maharashtra,India,30,99.8,99.9,A,Y
SUP002714,SUP-002714,Bhopal Industrial Supply Co. 2714,approved,Bhopal,Madhya Pradesh,India,30,88.02,94.95,B,Y
SUP002715,SUP-002715,Vijayawada Industrial Supply Co. 2715,approved,Vijayawada,Andhra Pradesh,India,45,80.5,95.14,B,Y
SUP002716,SUP-002716,Agra Industrial Supply Co. 2716,approved,Agra,Uttar Pradesh,India,30,98.17,95.68,B,Y
SUP002717,SUP-002717,Mumbai Industrial Supply Co. 2717,approved,Mumbai,Maharashtra,India,60,76.74,96.29,C,Y
SUP002718,SUP-002718,Bhubaneswar Industrial Supply Co. 2718,approved,Bhubaneswar,Odisha,India,30,85.25,98.93,B,Y
SUP002719,SUP-002719,Ranchi Industrial Supply Co. 2719,approved,Ranchi,Jharkhand,India,45,89.97,91.35,B,Y
SUP002720,SUP-002720,Jaipur Industrial Supply Co. 2720,contract_manufacturer,Jaipur,Rajasthan,India,15,97.77,93.01,B,Y
SUP002721,SUP-002721,Kolkata Industrial Supply Co. 2721,strategic,Kolkata,West Bengal,India,30,93.85,94.58,B,Y
SUP002722,SUP-002722,Jaipur Industrial Supply Co. 2722,approved,Jaipur,Rajasthan,India,60,85.68,93.47,B,Y
SUP002723,SUP-002723,Mysuru Industrial Supply Co. 2723,approved,Mysuru,Karnataka,India,45,99.72,97.5,A,Y
SUP002724,SUP-002724,Vadodara Industrial Supply Co. 2724,approved,Vadodara,Gujarat,India,45,85.91,96.08,B,Y
SUP002725,SUP-002725,Ahmedabad Industrial Supply Co. 2725,approved,Ahmedabad,Gujarat,India,45,80.21,96.13,B,Y
SUP002726,SUP-002726,Chandigarh Industrial Supply Co. 2726,approved,Chandigarh,Chandigarh,India,30,95.36,95.74,B,Y
SUP002727,SUP-002727,Jaipur Industrial Supply Co. 2727,approved,Jaipur,Rajasthan,India,45,83.49,97.01,B,Y
SUP002728,SUP-002728,Hyderabad Industrial Supply Co. 2728,contract_manufacturer,Hyderabad,Telangana,India,45,81.19,99.73,B,Y
SUP002729,SUP-002729,Surat Industrial Supply Co. 2729,spot,Surat,Gujarat,India,45,84.22,97.11,B,Y
SUP002730,SUP-002730,Hyderabad Industrial Supply Co. 2730,spot,Hyderabad,Telangana,India,30,87.55,95.69,B,Y
SUP002731,SUP-002731,Mysuru Industrial Supply Co. 2731,approved,Mysuru,Karnataka,India,30,88.39,99.37,B,Y
SUP002732,SUP-002732,Pune Industrial Supply Co. 2732,contract_manufacturer,Pune,Maharashtra,India,60,73.1,93.69,C,Y
SUP002733,SUP-002733,Jaipur Industrial Supply Co. 2733,strategic,Jaipur,Rajasthan,India,15,81.51,99.9,B,Y
SUP002734,SUP-002734,Vadodara Industrial Supply Co. 2734,approved,Vadodara,Gujarat,India,60,69.71,93.69,C,Y
SUP002735,SUP-002735,Ahmedabad Industrial Supply Co. 2735,approved,Ahmedabad,Gujarat,India,60,86.16,94.31,B,Y
SUP002736,SUP-002736,Vijayawada Industrial Supply Co. 2736,approved,Vijayawada,Andhra Pradesh,India,30,83.74,94.96,B,Y
SUP002737,SUP-002737,Mysuru Industrial Supply Co. 2737,approved,Mysuru,Karnataka,India,15,81.1,96.67,B,Y
SUP002738,SUP-002738,Surat Industrial Supply Co. 2738,approved,Surat,Gujarat,India,30,72.53,96.83,C,Y
SUP002739,SUP-002739,Pune Industrial Supply Co. 2739,contract_manufacturer,Pune,Maharashtra,India,45,90.86,99.07,B,Y
SUP002740,SUP-002740,Hyderabad Industrial Supply Co. 2740,approved,Hyderabad,Telangana,India,15,95.19,97.4,A,Y
SUP002741,SUP-002741,Indore Industrial Supply Co. 2741,approved,Indore,Madhya Pradesh,India,60,77.47,95.55,C,Y
SUP002742,SUP-002742,Hyderabad Industrial Supply Co. 2742,approved,Hyderabad,Telangana,India,15,89.56,99.07,B,Y
SUP002743,SUP-002743,Chandigarh Industrial Supply Co. 2743,approved,Chandigarh,Chandigarh,India,30,87.24,99.9,B,Y
SUP002744,SUP-002744,Mangaluru Industrial Supply Co. 2744,approved,Mangaluru,Karnataka,India,45,98.26,96.62,B,Y
SUP002745,SUP-002745,Vadodara Industrial Supply Co. 2745,approved,Vadodara,Gujarat,India,60,68.76,95.19,C,Y
SUP002746,SUP-002746,Indore Industrial Supply Co. 2746,approved,Indore,Madhya Pradesh,India,60,74.81,97.62,C,Y
SUP002747,SUP-002747,Nashik Industrial Supply Co. 2747,strategic,Nashik,Maharashtra,India,30,92.61,95.81,B,Y
SUP002748,SUP-002748,Noida Industrial Supply Co. 2748,strategic,Noida,Uttar Pradesh,India,45,78.5,94.92,C,Y
SUP002749,SUP-002749,Nagpur Industrial Supply Co. 2749,approved,Nagpur,Maharashtra,India,45,85.21,96.13,B,Y
SUP002750,SUP-002750,Vijayawada Industrial Supply Co. 2750,spot,Vijayawada,Andhra Pradesh,India,30,80.69,99.43,B,Y
SUP002751,SUP-002751,Kolkata Industrial Supply Co. 2751,contract_manufacturer,Kolkata,West Bengal,India,30,61.78,97.16,C,Y
SUP002752,SUP-002752,Chandigarh Industrial Supply Co. 2752,contract_manufacturer,Chandigarh,Chandigarh,India,30,74.81,97.63,C,Y
SUP002753,SUP-002753,Kolkata Industrial Supply Co. 2753,contract_manufacturer,Kolkata,West Bengal,India,30,99.8,95.64,B,Y
SUP002754,SUP-002754,Jaipur Industrial Supply Co. 2754,approved,Jaipur,Rajasthan,India,30,96.08,92.71,B,Y
SUP002755,SUP-002755,Ranchi Industrial Supply Co. 2755,approved,Ranchi,Jharkhand,India,30,93.17,95.99,B,Y
SUP002756,SUP-002756,Ranchi Industrial Supply Co. 2756,approved,Ranchi,Jharkhand,India,60,85.31,95.58,B,Y
SUP002757,SUP-002757,Hyderabad Industrial Supply Co. 2757,approved,Hyderabad,Telangana,India,30,78.28,99.9,C,Y
SUP002758,SUP-002758,Vijayawada Industrial Supply Co. 2758,approved,Vijayawada,Andhra Pradesh,India,45,99.8,97.51,A,Y
SUP002759,SUP-002759,Mysuru Industrial Supply Co. 2759,approved,Mysuru,Karnataka,India,45,97.76,99.13,A,Y
SUP002760,SUP-002760,Bhubaneswar Industrial Supply Co. 2760,approved,Bhubaneswar,Odisha,India,45,91.35,97.57,B,Y
SUP002761,SUP-002761,Hyderabad Industrial Supply Co. 2761,contract_manufacturer,Hyderabad,Telangana,India,45,79.48,98.34,C,Y
SUP002762,SUP-002762,Mangaluru Industrial Supply Co. 2762,contract_manufacturer,Mangaluru,Karnataka,India,45,80.73,98.63,B,Y
SUP002763,SUP-002763,Ahmedabad Industrial Supply Co. 2763,spot,Ahmedabad,Gujarat,India,30,84.24,99.9,B,Y
SUP002764,SUP-002764,Bengaluru Industrial Supply Co. 2764,spot,Bengaluru,Karnataka,India,30,99.8,94.63,B,Y
SUP002765,SUP-002765,Agra Industrial Supply Co. 2765,approved,Agra,Uttar Pradesh,India,30,87.27,92.73,B,Y
SUP002766,SUP-002766,Pune Industrial Supply Co. 2766,approved,Pune,Maharashtra,India,15,76.7,93.55,C,Y
SUP002767,SUP-002767,Nagpur Industrial Supply Co. 2767,approved,Nagpur,Maharashtra,India,45,72.82,98.43,C,Y
SUP002768,SUP-002768,Nashik Industrial Supply Co. 2768,spot,Nashik,Maharashtra,India,45,98.03,95.85,B,Y
SUP002769,SUP-002769,Bhopal Industrial Supply Co. 2769,contract_manufacturer,Bhopal,Madhya Pradesh,India,45,72.09,93.88,C,Y
SUP002770,SUP-002770,Mumbai Industrial Supply Co. 2770,spot,Mumbai,Maharashtra,India,45,98.49,93.19,B,Y
SUP002771,SUP-002771,Jaipur Industrial Supply Co. 2771,spot,Jaipur,Rajasthan,India,30,85.47,93.91,B,Y
SUP002772,SUP-002772,Nagpur Industrial Supply Co. 2772,approved,Nagpur,Maharashtra,India,60,77.88,96.48,C,Y
SUP002773,SUP-002773,Hyderabad Industrial Supply Co. 2773,approved,Hyderabad,Telangana,India,30,99.8,93.18,B,Y
SUP002774,SUP-002774,Ahmedabad Industrial Supply Co. 2774,approved,Ahmedabad,Gujarat,India,30,93.96,91.57,B,Y
SUP002775,SUP-002775,Agra Industrial Supply Co. 2775,strategic,Agra,Uttar Pradesh,India,30,81.2,92.88,B,Y
SUP002776,SUP-002776,Vijayawada Industrial Supply Co. 2776,approved,Vijayawada,Andhra Pradesh,India,15,82.21,94.84,B,Y
SUP002777,SUP-002777,Bhopal Industrial Supply Co. 2777,approved,Bhopal,Madhya Pradesh,India,30,78.36,94.7,C,Y
SUP002778,SUP-002778,Bengaluru Industrial Supply Co. 2778,contract_manufacturer,Bengaluru,Karnataka,India,30,97.84,94.87,B,Y
SUP002779,SUP-002779,Bhopal Industrial Supply Co. 2779,spot,Bhopal,Madhya Pradesh,India,15,89.01,93.87,B,Y
SUP002780,SUP-002780,Mangaluru Industrial Supply Co. 2780,approved,Mangaluru,Karnataka,India,45,83.96,94.98,B,Y
SUP002781,SUP-002781,Lucknow Industrial Supply Co. 2781,contract_manufacturer,Lucknow,Uttar Pradesh,India,60,90.59,94.99,B,Y
SUP002782,SUP-002782,Bhubaneswar Industrial Supply Co. 2782,approved,Bhubaneswar,Odisha,India,45,80.66,97.5,B,Y
SUP002783,SUP-002783,Mysuru Industrial Supply Co. 2783,contract_manufacturer,Mysuru,Karnataka,India,30,89.54,94.46,B,Y
SUP002784,SUP-002784,Mumbai Industrial Supply Co. 2784,approved,Mumbai,Maharashtra,India,30,87.1,92.28,B,Y
SUP002785,SUP-002785,Kolkata Industrial Supply Co. 2785,spot,Kolkata,West Bengal,India,45,99.8,92.44,B,Y
SUP002786,SUP-002786,Agra Industrial Supply Co. 2786,approved,Agra,Uttar Pradesh,India,30,93.29,96.34,B,Y
SUP002787,SUP-002787,Indore Industrial Supply Co. 2787,spot,Indore,Madhya Pradesh,India,45,90.34,97.94,B,Y
SUP002788,SUP-002788,Agra Industrial Supply Co. 2788,spot,Agra,Uttar Pradesh,India,45,90.91,94.22,B,Y
SUP002789,SUP-002789,Noida Industrial Supply Co. 2789,spot,Noida,Uttar Pradesh,India,60,85.53,99.9,B,Y
SUP002790,SUP-002790,Delhi Industrial Supply Co. 2790,spot,Delhi,Delhi,India,30,99.8,99.9,A,Y
SUP002791,SUP-002791,Delhi Industrial Supply Co. 2791,approved,Delhi,Delhi,India,30,76.89,91.96,C,Y
SUP002792,SUP-002792,Kolkata Industrial Supply Co. 2792,strategic,Kolkata,West Bengal,India,60,89.98,96.51,B,Y
SUP002793,SUP-002793,Bengaluru Industrial Supply Co. 2793,approved,Bengaluru,Karnataka,India,30,94.61,90.95,C,Y
SUP002794,SUP-002794,Nagpur Industrial Supply Co. 2794,approved,Nagpur,Maharashtra,India,45,84.99,93.73,B,Y
SUP002795,SUP-002795,Agra Industrial Supply Co. 2795,approved,Agra,Uttar Pradesh,India,30,73.23,92.67,C,Y
SUP002796,SUP-002796,Warangal Industrial Supply Co. 2796,approved,Warangal,Telangana,India,60,99.8,96.32,B,Y
SUP002797,SUP-002797,Mangaluru Industrial Supply Co. 2797,strategic,Mangaluru,Karnataka,India,30,88.74,97.32,B,Y
SUP002798,SUP-002798,Indore Industrial Supply Co. 2798,approved,Indore,Madhya Pradesh,India,45,96.01,95.51,B,Y
SUP002799,SUP-002799,Mysuru Industrial Supply Co. 2799,approved,Mysuru,Karnataka,India,45,84.15,92.28,B,Y
SUP002800,SUP-002800,Mangaluru Industrial Supply Co. 2800,strategic,Mangaluru,Karnataka,India,30,88.4,96.17,B,Y
SUP002801,SUP-002801,Indore Industrial Supply Co. 2801,strategic,Indore,Madhya Pradesh,India,15,87.79,92.63,B,Y
SUP002802,SUP-002802,Bengaluru Industrial Supply Co. 2802,strategic,Bengaluru,Karnataka,India,45,83.86,99.81,B,Y
SUP002803,SUP-002803,Warangal Industrial Supply Co. 2803,approved,Warangal,Telangana,India,30,80.86,99.9,B,Y
SUP002804,SUP-002804,Hyderabad Industrial Supply Co. 2804,contract_manufacturer,Hyderabad,Telangana,India,45,95.89,92.52,B,Y
SUP002805,SUP-002805,Hyderabad Industrial Supply Co. 2805,approved,Hyderabad,Telangana,India,45,87.05,96.71,B,Y
SUP002806,SUP-002806,Lucknow Industrial Supply Co. 2806,strategic,Lucknow,Uttar Pradesh,India,45,81.83,95.52,B,Y
SUP002807,SUP-002807,Nagpur Industrial Supply Co. 2807,strategic,Nagpur,Maharashtra,India,30,99.8,96.27,B,Y
SUP002808,SUP-002808,Jaipur Industrial Supply Co. 2808,approved,Jaipur,Rajasthan,India,60,76.78,93.2,C,Y
SUP002809,SUP-002809,Vijayawada Industrial Supply Co. 2809,contract_manufacturer,Vijayawada,Andhra Pradesh,India,30,99.1,93.98,B,Y
SUP002810,SUP-002810,Warangal Industrial Supply Co. 2810,contract_manufacturer,Warangal,Telangana,India,30,60.74,98.51,C,Y
SUP002811,SUP-002811,Nagpur Industrial Supply Co. 2811,contract_manufacturer,Nagpur,Maharashtra,India,30,87.93,92.25,B,Y
SUP002812,SUP-002812,Warangal Industrial Supply Co. 2812,strategic,Warangal,Telangana,India,30,99.8,97.04,A,Y
SUP002813,SUP-002813,Indore Industrial Supply Co. 2813,strategic,Indore,Madhya Pradesh,India,60,83.73,99.9,B,Y
SUP002814,SUP-002814,Bhubaneswar Industrial Supply Co. 2814,approved,Bhubaneswar,Odisha,India,45,80.78,93.72,B,Y
SUP002815,SUP-002815,Delhi Industrial Supply Co. 2815,approved,Delhi,Delhi,India,45,90.24,91.77,B,Y
SUP002816,SUP-002816,Nagpur Industrial Supply Co. 2816,spot,Nagpur,Maharashtra,India,30,74.72,94.22,C,Y
SUP002817,SUP-002817,Ranchi Industrial Supply Co. 2817,approved,Ranchi,Jharkhand,India,30,76.06,97.65,C,Y
SUP002818,SUP-002818,Vijayawada Industrial Supply Co. 2818,approved,Vijayawada,Andhra Pradesh,India,45,99.8,95.45,B,Y
SUP002819,SUP-002819,Nashik Industrial Supply Co. 2819,spot,Nashik,Maharashtra,India,30,94.51,95.41,B,Y
SUP002820,SUP-002820,Mangaluru Industrial Supply Co. 2820,approved,Mangaluru,Karnataka,India,60,83.36,96.63,B,Y
SUP002821,SUP-002821,Vadodara Industrial Supply Co. 2821,spot,Vadodara,Gujarat,India,30,79.63,90.68,C,Y
SUP002822,SUP-002822,Nagpur Industrial Supply Co. 2822,approved,Nagpur,Maharashtra,India,15,84.44,95.77,B,Y
SUP002823,SUP-002823,Surat Industrial Supply Co. 2823,approved,Surat,Gujarat,India,30,79.4,90.8,C,Y
SUP002824,SUP-002824,Bhubaneswar Industrial Supply Co. 2824,approved,Bhubaneswar,Odisha,India,30,95.63,96.15,B,Y
SUP002825,SUP-002825,Vijayawada Industrial Supply Co. 2825,approved,Vijayawada,Andhra Pradesh,India,45,79.88,95.86,C,Y
SUP002826,SUP-002826,Nagpur Industrial Supply Co. 2826,approved,Nagpur,Maharashtra,India,45,96.66,93.36,B,Y
SUP002827,SUP-002827,Surat Industrial Supply Co. 2827,approved,Surat,Gujarat,India,30,87.5,93.24,B,Y
SUP002828,SUP-002828,Bhopal Industrial Supply Co. 2828,approved,Bhopal,Madhya Pradesh,India,45,80.0,95.99,B,Y
SUP002829,SUP-002829,Nagpur Industrial Supply Co. 2829,approved,Nagpur,Maharashtra,India,45,78.77,96.14,C,Y
SUP002830,SUP-002830,Hyderabad Industrial Supply Co. 2830,approved,Hyderabad,Telangana,India,60,77.11,96.54,C,Y
SUP002831,SUP-002831,Warangal Industrial Supply Co. 2831,approved,Warangal,Telangana,India,45,82.81,99.9,B,Y
SUP002832,SUP-002832,Hyderabad Industrial Supply Co. 2832,approved,Hyderabad,Telangana,India,30,93.5,99.9,A,Y
SUP002833,SUP-002833,Kolkata Industrial Supply Co. 2833,contract_manufacturer,Kolkata,West Bengal,India,60,95.34,94.27,B,Y
SUP002834,SUP-002834,Kolkata Industrial Supply Co. 2834,strategic,Kolkata,West Bengal,India,30,79.74,99.9,C,Y
SUP002835,SUP-002835,Bhopal Industrial Supply Co. 2835,approved,Bhopal,Madhya Pradesh,India,60,95.04,93.37,B,Y
SUP002836,SUP-002836,Ranchi Industrial Supply Co. 2836,approved,Ranchi,Jharkhand,India,45,82.79,95.95,B,Y
SUP002837,SUP-002837,Noida Industrial Supply Co. 2837,approved,Noida,Uttar Pradesh,India,30,97.76,95.78,B,Y
SUP002838,SUP-002838,Pune Industrial Supply Co. 2838,approved,Pune,Maharashtra,India,60,84.04,90.55,C,Y
SUP002839,SUP-002839,Ranchi Industrial Supply Co. 2839,strategic,Ranchi,Jharkhand,India,30,90.31,93.05,B,Y
SUP002840,SUP-002840,Pune Industrial Supply Co. 2840,strategic,Pune,Maharashtra,India,60,78.26,94.08,C,Y
SUP002841,SUP-002841,Vadodara Industrial Supply Co. 2841,approved,Vadodara,Gujarat,India,30,99.8,94.2,B,Y
SUP002842,SUP-002842,Lucknow Industrial Supply Co. 2842,spot,Lucknow,Uttar Pradesh,India,45,98.6,95.02,B,Y
SUP002843,SUP-002843,Nashik Industrial Supply Co. 2843,strategic,Nashik,Maharashtra,India,30,85.73,96.4,B,Y
SUP002844,SUP-002844,Jaipur Industrial Supply Co. 2844,approved,Jaipur,Rajasthan,India,60,84.05,93.09,B,Y
SUP002845,SUP-002845,Chandigarh Industrial Supply Co. 2845,approved,Chandigarh,Chandigarh,India,30,96.62,99.9,A,Y
SUP002846,SUP-002846,Chandigarh Industrial Supply Co. 2846,strategic,Chandigarh,Chandigarh,India,45,95.73,90.35,C,Y
SUP002847,SUP-002847,Vadodara Industrial Supply Co. 2847,spot,Vadodara,Gujarat,India,45,86.49,94.84,B,Y
SUP002848,SUP-002848,Nagpur Industrial Supply Co. 2848,approved,Nagpur,Maharashtra,India,60,98.76,99.9,A,Y
SUP002849,SUP-002849,Bhopal Industrial Supply Co. 2849,approved,Bhopal,Madhya Pradesh,India,45,80.69,92.45,B,Y
SUP002850,SUP-002850,Warangal Industrial Supply Co. 2850,approved,Warangal,Telangana,India,45,99.8,96.24,B,Y
SUP002851,SUP-002851,Hyderabad Industrial Supply Co. 2851,approved,Hyderabad,Telangana,India,45,81.4,99.48,B,Y
SUP002852,SUP-002852,Kolkata Industrial Supply Co. 2852,approved,Kolkata,West Bengal,India,30,74.59,99.9,C,Y
SUP002853,SUP-002853,Ahmedabad Industrial Supply Co. 2853,approved,Ahmedabad,Gujarat,India,45,99.36,96.27,B,Y
SUP002854,SUP-002854,Nashik Industrial Supply Co. 2854,approved,Nashik,Maharashtra,India,15,90.88,93.43,B,Y
SUP002855,SUP-002855,Vadodara Industrial Supply Co. 2855,contract_manufacturer,Vadodara,Gujarat,India,30,86.04,93.51,B,Y
SUP002856,SUP-002856,Mumbai Industrial Supply Co. 2856,approved,Mumbai,Maharashtra,India,45,81.79,96.72,B,Y
SUP002857,SUP-002857,Warangal Industrial Supply Co. 2857,approved,Warangal,Telangana,India,45,83.21,95.96,B,Y
SUP002858,SUP-002858,Warangal Industrial Supply Co. 2858,approved,Warangal,Telangana,India,30,77.44,98.55,C,Y
SUP002859,SUP-002859,Surat Industrial Supply Co. 2859,approved,Surat,Gujarat,India,15,73.55,96.45,C,Y
SUP002860,SUP-002860,Agra Industrial Supply Co. 2860,contract_manufacturer,Agra,Uttar Pradesh,India,30,98.95,95.97,B,Y
SUP002861,SUP-002861,Agra Industrial Supply Co. 2861,contract_manufacturer,Agra,Uttar Pradesh,India,30,87.91,95.8,B,Y
SUP002862,SUP-002862,Warangal Industrial Supply Co. 2862,strategic,Warangal,Telangana,India,30,86.58,99.23,B,Y
SUP002863,SUP-002863,Noida Industrial Supply Co. 2863,contract_manufacturer,Noida,Uttar Pradesh,India,60,85.72,96.3,B,Y
SUP002864,SUP-002864,Pune Industrial Supply Co. 2864,contract_manufacturer,Pune,Maharashtra,India,30,86.82,95.86,B,Y
SUP002865,SUP-002865,Bhubaneswar Industrial Supply Co. 2865,spot,Bhubaneswar,Odisha,India,30,92.95,95.76,B,Y
SUP002866,SUP-002866,Delhi Industrial Supply Co. 2866,strategic,Delhi,Delhi,India,60,87.51,99.9,B,Y
SUP002867,SUP-002867,Pune Industrial Supply Co. 2867,approved,Pune,Maharashtra,India,60,84.26,96.41,B,Y
SUP002868,SUP-002868,Chandigarh Industrial Supply Co. 2868,approved,Chandigarh,Chandigarh,India,30,84.7,95.91,B,Y
SUP002869,SUP-002869,Ahmedabad Industrial Supply Co. 2869,approved,Ahmedabad,Gujarat,India,45,86.9,97.01,B,Y
SUP002870,SUP-002870,Mangaluru Industrial Supply Co. 2870,approved,Mangaluru,Karnataka,India,45,79.97,97.16,C,Y
SUP002871,SUP-002871,Delhi Industrial Supply Co. 2871,contract_manufacturer,Delhi,Delhi,India,60,74.48,99.9,C,Y
SUP002872,SUP-002872,Kolkata Industrial Supply Co. 2872,spot,Kolkata,West Bengal,India,30,92.32,92.52,B,Y
SUP002873,SUP-002873,Mysuru Industrial Supply Co. 2873,strategic,Mysuru,Karnataka,India,15,74.34,99.12,C,Y
SUP002874,SUP-002874,Kolkata Industrial Supply Co. 2874,strategic,Kolkata,West Bengal,India,30,92.65,91.98,B,Y
SUP002875,SUP-002875,Pune Industrial Supply Co. 2875,strategic,Pune,Maharashtra,India,30,94.17,97.46,A,Y
SUP002876,SUP-002876,Kolkata Industrial Supply Co. 2876,approved,Kolkata,West Bengal,India,60,85.08,94.44,B,Y
SUP002877,SUP-002877,Nashik Industrial Supply Co. 2877,strategic,Nashik,Maharashtra,India,60,91.38,93.23,B,Y
SUP002878,SUP-002878,Chandigarh Industrial Supply Co. 2878,approved,Chandigarh,Chandigarh,India,45,71.73,91.57,C,Y
SUP002879,SUP-002879,Ranchi Industrial Supply Co. 2879,strategic,Ranchi,Jharkhand,India,30,99.34,99.9,A,Y
SUP002880,SUP-002880,Surat Industrial Supply Co. 2880,spot,Surat,Gujarat,India,30,91.49,91.88,B,Y
SUP002881,SUP-002881,Mysuru Industrial Supply Co. 2881,approved,Mysuru,Karnataka,India,30,87.86,98.07,B,Y
SUP002882,SUP-002882,Chandigarh Industrial Supply Co. 2882,approved,Chandigarh,Chandigarh,India,30,89.64,95.56,B,Y
SUP002883,SUP-002883,Warangal Industrial Supply Co. 2883,approved,Warangal,Telangana,India,30,78.13,95.73,C,Y
SUP002884,SUP-002884,Ahmedabad Industrial Supply Co. 2884,approved,Ahmedabad,Gujarat,India,60,99.8,91.66,B,Y
SUP002885,SUP-002885,Nashik Industrial Supply Co. 2885,spot,Nashik,Maharashtra,India,60,82.91,97.93,B,Y
SUP002886,SUP-002886,Nagpur Industrial Supply Co. 2886,strategic,Nagpur,Maharashtra,India,15,81.03,96.85,B,Y
SUP002887,SUP-002887,Chandigarh Industrial Supply Co. 2887,approved,Chandigarh,Chandigarh,India,45,97.21,99.63,A,Y
SUP002888,SUP-002888,Ahmedabad Industrial Supply Co. 2888,approved,Ahmedabad,Gujarat,India,45,91.07,96.46,B,Y
SUP002889,SUP-002889,Pune Industrial Supply Co. 2889,approved,Pune,Maharashtra,India,30,81.77,96.63,B,Y
SUP002890,SUP-002890,Agra Industrial Supply Co. 2890,strategic,Agra,Uttar Pradesh,India,60,86.38,92.71,B,Y
SUP002891,SUP-002891,Ahmedabad Industrial Supply Co. 2891,contract_manufacturer,Ahmedabad,Gujarat,India,30,99.8,96.08,B,Y
SUP002892,SUP-002892,Indore Industrial Supply Co. 2892,strategic,Indore,Madhya Pradesh,India,45,91.74,95.91,B,Y
SUP002893,SUP-002893,Bhopal Industrial Supply Co. 2893,approved,Bhopal,Madhya Pradesh,India,45,93.9,95.02,B,Y
SUP002894,SUP-002894,Kolkata Industrial Supply Co. 2894,contract_manufacturer,Kolkata,West Bengal,India,30,88.07,94.24,B,Y
SUP002895,SUP-002895,Bhubaneswar Industrial Supply Co. 2895,contract_manufacturer,Bhubaneswar,Odisha,India,45,87.73,99.54,B,Y
SUP002896,SUP-002896,Mysuru Industrial Supply Co. 2896,strategic,Mysuru,Karnataka,India,30,91.21,99.67,B,Y
SUP002897,SUP-002897,Bhubaneswar Industrial Supply Co. 2897,contract_manufacturer,Bhubaneswar,Odisha,India,30,78.49,96.47,C,Y
SUP002898,SUP-002898,Kolkata Industrial Supply Co. 2898,spot,Kolkata,West Bengal,India,45,94.16,95.67,B,Y
SUP002899,SUP-002899,Indore Industrial Supply Co. 2899,approved,Indore,Madhya Pradesh,India,30,85.81,99.9,B,Y
SUP002900,SUP-002900,Mumbai Industrial Supply Co. 2900,approved,Mumbai,Maharashtra,India,60,90.65,91.74,B,Y
SUP002901,SUP-002901,Vijayawada Industrial Supply Co. 2901,spot,Vijayawada,Andhra Pradesh,India,15,89.11,95.19,B,Y
SUP002902,SUP-002902,Mysuru Industrial Supply Co. 2902,approved,Mysuru,Karnataka,India,45,83.95,99.9,B,Y
SUP002903,SUP-002903,Hyderabad Industrial Supply Co. 2903,approved,Hyderabad,Telangana,India,15,93.3,96.44,B,Y
SUP002904,SUP-002904,Chandigarh Industrial Supply Co. 2904,contract_manufacturer,Chandigarh,Chandigarh,India,30,79.46,99.9,C,Y
SUP002905,SUP-002905,Jaipur Industrial Supply Co. 2905,spot,Jaipur,Rajasthan,India,30,77.48,95.62,C,Y
SUP002906,SUP-002906,Bhopal Industrial Supply Co. 2906,spot,Bhopal,Madhya Pradesh,India,60,93.14,97.73,A,Y
SUP002907,SUP-002907,Jaipur Industrial Supply Co. 2907,spot,Jaipur,Rajasthan,India,45,99.8,97.88,A,Y
SUP002908,SUP-002908,Bengaluru Industrial Supply Co. 2908,approved,Bengaluru,Karnataka,India,30,99.8,97.2,A,Y
SUP002909,SUP-002909,Hyderabad Industrial Supply Co. 2909,strategic,Hyderabad,Telangana,India,60,93.16,99.9,A,Y
SUP002910,SUP-002910,Nashik Industrial Supply Co. 2910,contract_manufacturer,Nashik,Maharashtra,India,45,87.83,95.15,B,Y
SUP002911,SUP-002911,Bengaluru Industrial Supply Co. 2911,approved,Bengaluru,Karnataka,India,45,97.66,98.3,A,Y
SUP002912,SUP-002912,Vadodara Industrial Supply Co. 2912,approved,Vadodara,Gujarat,India,45,90.59,97.39,B,Y
SUP002913,SUP-002913,Pune Industrial Supply Co. 2913,strategic,Pune,Maharashtra,India,60,94.11,91.56,B,Y
SUP002914,SUP-002914,Pune Industrial Supply Co. 2914,approved,Pune,Maharashtra,India,45,99.8,98.52,A,Y
SUP002915,SUP-002915,Lucknow Industrial Supply Co. 2915,approved,Lucknow,Uttar Pradesh,India,15,82.86,94.28,B,Y
SUP002916,SUP-002916,Mumbai Industrial Supply Co. 2916,approved,Mumbai,Maharashtra,India,45,89.71,97.95,B,Y
SUP002917,SUP-002917,Agra Industrial Supply Co. 2917,approved,Agra,Uttar Pradesh,India,45,73.9,95.11,C,Y
SUP002918,SUP-002918,Hyderabad Industrial Supply Co. 2918,contract_manufacturer,Hyderabad,Telangana,India,60,98.22,94.48,B,Y
SUP002919,SUP-002919,Hyderabad Industrial Supply Co. 2919,approved,Hyderabad,Telangana,India,15,68.99,98.46,C,Y
SUP002920,SUP-002920,Lucknow Industrial Supply Co. 2920,approved,Lucknow,Uttar Pradesh,India,30,76.38,90.12,C,Y
SUP002921,SUP-002921,Bhopal Industrial Supply Co. 2921,approved,Bhopal,Madhya Pradesh,India,30,82.1,92.08,B,Y
SUP002922,SUP-002922,Vadodara Industrial Supply Co. 2922,approved,Vadodara,Gujarat,India,45,93.42,99.03,A,Y
SUP002923,SUP-002923,Mysuru Industrial Supply Co. 2923,approved,Mysuru,Karnataka,India,30,85.14,94.59,B,Y
SUP002924,SUP-002924,Mumbai Industrial Supply Co. 2924,strategic,Mumbai,Maharashtra,India,30,84.27,97.78,B,Y
SUP002925,SUP-002925,Pune Industrial Supply Co. 2925,approved,Pune,Maharashtra,India,30,71.56,97.28,C,Y
SUP002926,SUP-002926,Vadodara Industrial Supply Co. 2926,approved,Vadodara,Gujarat,India,45,89.99,95.15,B,Y
SUP002927,SUP-002927,Bhubaneswar Industrial Supply Co. 2927,strategic,Bhubaneswar,Odisha,India,30,94.55,99.9,A,Y
SUP002928,SUP-002928,Lucknow Industrial Supply Co. 2928,approved,Lucknow,Uttar Pradesh,India,30,96.18,92.17,B,Y
SUP002929,SUP-002929,Kolkata Industrial Supply Co. 2929,approved,Kolkata,West Bengal,India,60,86.76,91.08,B,Y
SUP002930,SUP-002930,Indore Industrial Supply Co. 2930,strategic,Indore,Madhya Pradesh,India,45,84.46,97.09,B,Y
SUP002931,SUP-002931,Mumbai Industrial Supply Co. 2931,approved,Mumbai,Maharashtra,India,60,93.29,99.9,A,Y
SUP002932,SUP-002932,Pune Industrial Supply Co. 2932,strategic,Pune,Maharashtra,India,30,87.94,91.38,B,Y
SUP002933,SUP-002933,Delhi Industrial Supply Co. 2933,strategic,Delhi,Delhi,India,45,85.53,96.27,B,Y
SUP002934,SUP-002934,Hyderabad Industrial Supply Co. 2934,spot,Hyderabad,Telangana,India,45,99.8,96.86,B,Y
SUP002935,SUP-002935,Vadodara Industrial Supply Co. 2935,approved,Vadodara,Gujarat,India,15,77.6,93.94,C,Y
SUP002936,SUP-002936,Vadodara Industrial Supply Co. 2936,approved,Vadodara,Gujarat,India,45,76.11,99.84,C,Y
SUP002937,SUP-002937,Delhi Industrial Supply Co. 2937,contract_manufacturer,Delhi,Delhi,India,45,80.69,97.67,B,Y
SUP002938,SUP-002938,Indore Industrial Supply Co. 2938,contract_manufacturer,Indore,Madhya Pradesh,India,30,86.36,97.62,B,Y
SUP002939,SUP-002939,Bhubaneswar Industrial Supply Co. 2939,strategic,Bhubaneswar,Odisha,India,45,74.14,99.9,C,Y
SUP002940,SUP-002940,Jaipur Industrial Supply Co. 2940,strategic,Jaipur,Rajasthan,India,45,98.04,95.48,B,Y
SUP002941,SUP-002941,Hyderabad Industrial Supply Co. 2941,strategic,Hyderabad,Telangana,India,30,84.94,93.74,B,Y
SUP002942,SUP-002942,Jaipur Industrial Supply Co. 2942,contract_manufacturer,Jaipur,Rajasthan,India,30,88.91,99.9,B,Y
SUP002943,SUP-002943,Vijayawada Industrial Supply Co. 2943,spot,Vijayawada,Andhra Pradesh,India,30,99.3,93.74,B,Y
SUP002944,SUP-002944,Vadodara Industrial Supply Co. 2944,approved,Vadodara,Gujarat,India,60,83.14,96.37,B,Y
SUP002945,SUP-002945,Mumbai Industrial Supply Co. 2945,contract_manufacturer,Mumbai,Maharashtra,India,15,98.57,96.74,B,Y
SUP002946,SUP-002946,Ranchi Industrial Supply Co. 2946,approved,Ranchi,Jharkhand,India,60,89.83,95.08,B,Y
SUP002947,SUP-002947,Ranchi Industrial Supply Co. 2947,contract_manufacturer,Ranchi,Jharkhand,India,30,86.2,96.37,B,Y
SUP002948,SUP-002948,Warangal Industrial Supply Co. 2948,approved,Warangal,Telangana,India,15,77.64,91.7,C,Y
SUP002949,SUP-002949,Noida Industrial Supply Co. 2949,approved,Noida,Uttar Pradesh,India,45,99.1,99.9,A,Y
SUP002950,SUP-002950,Nagpur Industrial Supply Co. 2950,approved,Nagpur,Maharashtra,India,15,80.02,92.57,B,Y
SUP002951,SUP-002951,Ranchi Industrial Supply Co. 2951,strategic,Ranchi,Jharkhand,India,30,83.69,97.74,B,Y
SUP002952,SUP-002952,Pune Industrial Supply Co. 2952,approved,Pune,Maharashtra,India,15,91.74,99.9,B,Y
SUP002953,SUP-002953,Agra Industrial Supply Co. 2953,approved,Agra,Uttar Pradesh,India,30,88.65,92.99,B,Y
SUP002954,SUP-002954,Surat Industrial Supply Co. 2954,approved,Surat,Gujarat,India,30,84.6,93.81,B,Y
SUP002955,SUP-002955,Agra Industrial Supply Co. 2955,contract_manufacturer,Agra,Uttar Pradesh,India,30,86.68,94.27,B,Y
SUP002956,SUP-002956,Surat Industrial Supply Co. 2956,contract_manufacturer,Surat,Gujarat,India,30,99.8,95.8,B,Y
SUP002957,SUP-002957,Pune Industrial Supply Co. 2957,approved,Pune,Maharashtra,India,30,91.79,96.52,B,Y
SUP002958,SUP-002958,Bengaluru Industrial Supply Co. 2958,spot,Bengaluru,Karnataka,India,45,98.28,93.65,B,Y
SUP002959,SUP-002959,Mumbai Industrial Supply Co. 2959,approved,Mumbai,Maharashtra,India,45,89.04,91.72,B,Y
SUP002960,SUP-002960,Indore Industrial Supply Co. 2960,approved,Indore,Madhya Pradesh,India,45,99.8,97.22,A,Y
SUP002961,SUP-002961,Ahmedabad Industrial Supply Co. 2961,approved,Ahmedabad,Gujarat,India,60,88.51,99.67,B,Y
SUP002962,SUP-002962,Vijayawada Industrial Supply Co. 2962,contract_manufacturer,Vijayawada,Andhra Pradesh,India,45,82.51,97.81,B,Y
SUP002963,SUP-002963,Mangaluru Industrial Supply Co. 2963,approved,Mangaluru,Karnataka,India,45,79.39,97.84,C,Y
SUP002964,SUP-002964,Pune Industrial Supply Co. 2964,strategic,Pune,Maharashtra,India,45,80.39,96.08,B,Y
SUP002965,SUP-002965,Agra Industrial Supply Co. 2965,approved,Agra,Uttar Pradesh,India,15,99.8,97.31,A,Y
SUP002966,SUP-002966,Warangal Industrial Supply Co. 2966,strategic,Warangal,Telangana,India,30,87.8,96.44,B,Y
SUP002967,SUP-002967,Warangal Industrial Supply Co. 2967,contract_manufacturer,Warangal,Telangana,India,60,91.13,99.62,B,Y
SUP002968,SUP-002968,Kolkata Industrial Supply Co. 2968,approved,Kolkata,West Bengal,India,30,69.71,91.2,C,Y
SUP002969,SUP-002969,Mumbai Industrial Supply Co. 2969,contract_manufacturer,Mumbai,Maharashtra,India,15,71.91,97.51,C,Y
SUP002970,SUP-002970,Mangaluru Industrial Supply Co. 2970,approved,Mangaluru,Karnataka,India,30,80.46,95.49,B,Y
SUP002971,SUP-002971,Mangaluru Industrial Supply Co. 2971,approved,Mangaluru,Karnataka,India,15,83.21,99.9,B,Y
SUP002972,SUP-002972,Bhopal Industrial Supply Co. 2972,strategic,Bhopal,Madhya Pradesh,India,30,93.27,89.33,C,Y
SUP002973,SUP-002973,Lucknow Industrial Supply Co. 2973,contract_manufacturer,Lucknow,Uttar Pradesh,India,30,95.14,93.34,B,Y
SUP002974,SUP-002974,Bengaluru Industrial Supply Co. 2974,approved,Bengaluru,Karnataka,India,30,99.8,97.77,A,Y
SUP002975,SUP-002975,Ranchi Industrial Supply Co. 2975,spot,Ranchi,Jharkhand,India,30,99.8,96.94,B,Y
SUP002976,SUP-002976,Bengaluru Industrial Supply Co. 2976,strategic,Bengaluru,Karnataka,India,45,77.02,95.76,C,Y
SUP002977,SUP-002977,Vijayawada Industrial Supply Co. 2977,spot,Vijayawada,Andhra Pradesh,India,60,92.15,94.52,B,Y
SUP002978,SUP-002978,Nashik Industrial Supply Co. 2978,contract_manufacturer,Nashik,Maharashtra,India,45,89.17,94.41,B,Y
SUP002979,SUP-002979,Pune Industrial Supply Co. 2979,approved,Pune,Maharashtra,India,60,99.8,98.77,A,Y
SUP002980,SUP-002980,Mysuru Industrial Supply Co. 2980,strategic,Mysuru,Karnataka,India,30,90.14,98.11,B,Y
SUP002981,SUP-002981,Vijayawada Industrial Supply Co. 2981,strategic,Vijayawada,Andhra Pradesh,India,30,84.86,95.14,B,Y
SUP002982,SUP-002982,Noida Industrial Supply Co. 2982,approved,Noida,Uttar Pradesh,India,30,76.73,98.1,C,Y
SUP002983,SUP-002983,Ahmedabad Industrial Supply Co. 2983,contract_manufacturer,Ahmedabad,Gujarat,India,15,84.21,94.13,B,Y
SUP002984,SUP-002984,Bhopal Industrial Supply Co. 2984,spot,Bhopal,Madhya Pradesh,India,45,80.37,95.58,B,Y
SUP002985,SUP-002985,Delhi Industrial Supply Co. 2985,spot,Delhi,Delhi,India,30,83.77,99.9,B,Y
SUP002986,SUP-002986,Kolkata Industrial Supply Co. 2986,strategic,Kolkata,West Bengal,India,45,81.36,98.11,B,Y
SUP002987,SUP-002987,Pune Industrial Supply Co. 2987,approved,Pune,Maharashtra,India,45,83.04,99.66,B,Y
SUP002988,SUP-002988,Bhubaneswar Industrial Supply Co. 2988,approved,Bhubaneswar,Odisha,India,15,78.27,95.39,C,Y
SUP002989,SUP-002989,Bhopal Industrial Supply Co. 2989,approved,Bhopal,Madhya Pradesh,India,30,90.2,93.77,B,Y
SUP002990,SUP-002990,Kolkata Industrial Supply Co. 2990,approved,Kolkata,West Bengal,India,60,78.4,95.44,C,Y
SUP002991,SUP-002991,Ahmedabad Industrial Supply Co. 2991,strategic,Ahmedabad,Gujarat,India,30,86.77,97.54,B,Y
SUP002992,SUP-002992,Agra Industrial Supply Co. 2992,approved,Agra,Uttar Pradesh,India,30,99.8,96.4,B,Y
SUP002993,SUP-002993,Ahmedabad Industrial Supply Co. 2993,approved,Ahmedabad,Gujarat,India,45,74.79,93.52,C,Y
SUP002994,SUP-002994,Agra Industrial Supply Co. 2994,spot,Agra,Uttar Pradesh,India,30,85.43,96.03,B,Y
SUP002995,SUP-002995,Surat Industrial Supply Co. 2995,approved,Surat,Gujarat,India,15,85.79,96.03,B,Y
SUP002996,SUP-002996,Mysuru Industrial Supply Co. 2996,approved,Mysuru,Karnataka,India,30,91.74,96.91,B,Y
SUP002997,SUP-002997,Nashik Industrial Supply Co. 2997,contract_manufacturer,Nashik,Maharashtra,India,30,84.63,95.64,B,Y
SUP002998,SUP-002998,Mysuru Industrial Supply Co. 2998,approved,Mysuru,Karnataka,India,30,77.46,97.54,C,Y
SUP002999,SUP-002999,Mysuru Industrial Supply Co. 2999,approved,Mysuru,Karnataka,India,45,84.71,96.43,B,Y
SUP003000,SUP-003000,Vadodara Industrial Supply Co. 3000,approved,Vadodara,Gujarat,India,30,99.8,91.59,B,Y
SUP003001,SUP-003001,Lucknow Industrial Supply Co. 3001,strategic,Lucknow,Uttar Pradesh,India,60,88.18,96.71,B,Y
SUP003002,SUP-003002,Warangal Industrial Supply Co. 3002,strategic,Warangal,Telangana,India,45,90.72,94.35,B,Y
SUP003003,SUP-003003,Ahmedabad Industrial Supply Co. 3003,approved,Ahmedabad,Gujarat,India,30,88.1,91.43,B,Y
SUP003004,SUP-003004,Jaipur Industrial Supply Co. 3004,spot,Jaipur,Rajasthan,India,30,91.09,94.27,B,Y
SUP003005,SUP-003005,Vadodara Industrial Supply Co. 3005,approved,Vadodara,Gujarat,India,30,88.33,94.9,B,Y
SUP003006,SUP-003006,Ahmedabad Industrial Supply Co. 3006,spot,Ahmedabad,Gujarat,India,30,88.73,96.84,B,Y
SUP003007,SUP-003007,Hyderabad Industrial Supply Co. 3007,approved,Hyderabad,Telangana,India,60,86.84,94.65,B,Y
SUP003008,SUP-003008,Bhubaneswar Industrial Supply Co. 3008,approved,Bhubaneswar,Odisha,India,60,76.51,94.76,C,Y
SUP003009,SUP-003009,Chandigarh Industrial Supply Co. 3009,approved,Chandigarh,Chandigarh,India,45,93.71,97.67,A,Y
SUP003010,SUP-003010,Noida Industrial Supply Co. 3010,approved,Noida,Uttar Pradesh,India,30,98.36,99.9,A,Y
SUP003011,SUP-003011,Lucknow Industrial Supply Co. 3011,approved,Lucknow,Uttar Pradesh,India,60,80.57,98.6,B,Y
SUP003012,SUP-003012,Noida Industrial Supply Co. 3012,approved,Noida,Uttar Pradesh,India,30,91.76,97.15,B,Y
SUP003013,SUP-003013,Vijayawada Industrial Supply Co. 3013,contract_manufacturer,Vijayawada,Andhra Pradesh,India,30,92.9,97.94,A,Y
SUP003014,SUP-003014,Nashik Industrial Supply Co. 3014,approved,Nashik,Maharashtra,India,15,81.99,91.52,B,Y
SUP003015,SUP-003015,Noida Industrial Supply Co. 3015,strategic,Noida,Uttar Pradesh,India,15,89.44,96.23,B,Y
SUP003016,SUP-003016,Noida Industrial Supply Co. 3016,approved,Noida,Uttar Pradesh,India,60,86.88,99.9,B,Y
SUP003017,SUP-003017,Surat Industrial Supply Co. 3017,strategic,Surat,Gujarat,India,30,81.26,94.45,B,Y
SUP003018,SUP-003018,Bhopal Industrial Supply Co. 3018,strategic,Bhopal,Madhya Pradesh,India,45,96.75,99.58,A,Y
SUP003019,SUP-003019,Kolkata Industrial Supply Co. 3019,approved,Kolkata,West Bengal,India,45,89.8,91.26,B,Y
SUP003020,SUP-003020,Bhubaneswar Industrial Supply Co. 3020,contract_manufacturer,Bhubaneswar,Odisha,India,30,88.4,95.03,B,Y
SUP003021,SUP-003021,Noida Industrial Supply Co. 3021,approved,Noida,Uttar Pradesh,India,60,84.34,99.9,B,Y
SUP003022,SUP-003022,Kolkata Industrial Supply Co. 3022,approved,Kolkata,West Bengal,India,30,92.76,93.04,B,Y
SUP003023,SUP-003023,Kolkata Industrial Supply Co. 3023,contract_manufacturer,Kolkata,West Bengal,India,45,89.04,92.42,B,Y
SUP003024,SUP-003024,Bhubaneswar Industrial Supply Co. 3024,approved,Bhubaneswar,Odisha,India,45,84.85,99.9,B,Y
SUP003025,SUP-003025,Delhi Industrial Supply Co. 3025,contract_manufacturer,Delhi,Delhi,India,30,77.56,92.29,C,Y
SUP003026,SUP-003026,Noida Industrial Supply Co. 3026,approved,Noida,Uttar Pradesh,India,30,88.29,93.07,B,Y
SUP003027,SUP-003027,Hyderabad Industrial Supply Co. 3027,approved,Hyderabad,Telangana,India,30,84.99,97.62,B,Y
SUP003028,SUP-003028,Agra Industrial Supply Co. 3028,strategic,Agra,Uttar Pradesh,India,45,87.67,90.31,C,Y
SUP003029,SUP-003029,Indore Industrial Supply Co. 3029,strategic,Indore,Madhya Pradesh,India,15,96.14,93.56,B,Y
SUP003030,SUP-003030,Lucknow Industrial Supply Co. 3030,approved,Lucknow,Uttar Pradesh,India,15,98.08,96.58,B,Y
SUP003031,SUP-003031,Bhubaneswar Industrial Supply Co. 3031,approved,Bhubaneswar,Odisha,India,45,88.48,96.04,B,Y
SUP003032,SUP-003032,Pune Industrial Supply Co. 3032,approved,Pune,Maharashtra,India,30,92.05,91.51,B,Y
SUP003033,SUP-003033,Surat Industrial Supply Co. 3033,contract_manufacturer,Surat,Gujarat,India,30,71.32,94.95,C,Y
SUP003034,SUP-003034,Surat Industrial Supply Co. 3034,approved,Surat,Gujarat,India,30,79.46,94.83,C,Y
SUP003035,SUP-003035,Delhi Industrial Supply Co. 3035,contract_manufacturer,Delhi,Delhi,India,30,95.62,99.9,A,Y
SUP003036,SUP-003036,Warangal Industrial Supply Co. 3036,strategic,Warangal,Telangana,India,15,87.49,93.92,B,Y
SUP003037,SUP-003037,Agra Industrial Supply Co. 3037,contract_manufacturer,Agra,Uttar Pradesh,India,30,97.16,91.47,B,Y
SUP003038,SUP-003038,Noida Industrial Supply Co. 3038,approved,Noida,Uttar Pradesh,India,45,84.95,98.73,B,Y
SUP003039,SUP-003039,Mysuru Industrial Supply Co. 3039,contract_manufacturer,Mysuru,Karnataka,India,45,80.12,96.08,B,Y
SUP003040,SUP-003040,Mysuru Industrial Supply Co. 3040,approved,Mysuru,Karnataka,India,30,94.97,99.9,A,Y
SUP003041,SUP-003041,Indore Industrial Supply Co. 3041,approved,Indore,Madhya Pradesh,India,45,79.13,91.65,C,Y
SUP003042,SUP-003042,Ahmedabad Industrial Supply Co. 3042,approved,Ahmedabad,Gujarat,India,30,93.85,98.33,A,Y
SUP003043,SUP-003043,Indore Industrial Supply Co. 3043,approved,Indore,Madhya Pradesh,India,15,81.55,98.06,B,Y
SUP003044,SUP-003044,Ranchi Industrial Supply Co. 3044,approved,Ranchi,Jharkhand,India,30,90.33,95.1,B,Y
SUP003045,SUP-003045,Lucknow Industrial Supply Co. 3045,approved,Lucknow,Uttar Pradesh,India,30,87.67,98.25,B,Y
SUP003046,SUP-003046,Kolkata Industrial Supply Co. 3046,contract_manufacturer,Kolkata,West Bengal,India,45,77.52,95.88,C,Y
SUP003047,SUP-003047,Vadodara Industrial Supply Co. 3047,strategic,Vadodara,Gujarat,India,45,77.89,98.53,C,Y
SUP003048,SUP-003048,Nashik Industrial Supply Co. 3048,approved,Nashik,Maharashtra,India,30,99.8,99.9,A,Y
SUP003049,SUP-003049,Ahmedabad Industrial Supply Co. 3049,contract_manufacturer,Ahmedabad,Gujarat,India,60,92.87,96.59,B,Y
SUP003050,SUP-003050,Pune Industrial Supply Co. 3050,strategic,Pune,Maharashtra,India,45,99.25,93.76,B,Y
SUP003051,SUP-003051,Vijayawada Industrial Supply Co. 3051,contract_manufacturer,Vijayawada,Andhra Pradesh,India,45,91.36,91.54,B,Y
SUP003052,SUP-003052,Bengaluru Industrial Supply Co. 3052,approved,Bengaluru,Karnataka,India,60,83.52,92.85,B,Y
SUP003053,SUP-003053,Indore Industrial Supply Co. 3053,approved,Indore,Madhya Pradesh,India,45,80.66,98.13,B,Y
SUP003054,SUP-003054,Bhubaneswar Industrial Supply Co. 3054,spot,Bhubaneswar,Odisha,India,45,82.25,96.65,B,Y
SUP003055,SUP-003055,Warangal Industrial Supply Co. 3055,approved,Warangal,Telangana,India,45,81.22,89.53,C,Y
SUP003056,SUP-003056,Chandigarh Industrial Supply Co. 3056,spot,Chandigarh,Chandigarh,India,30,98.67,96.78,B,Y
SUP003057,SUP-003057,Pune Industrial Supply Co. 3057,approved,Pune,Maharashtra,India,45,77.7,93.61,C,Y
SUP003058,SUP-003058,Surat Industrial Supply Co. 3058,contract_manufacturer,Surat,Gujarat,India,30,94.75,97.61,A,Y
SUP003059,SUP-003059,Surat Industrial Supply Co. 3059,spot,Surat,Gujarat,India,15,90.47,94.9,B,Y
SUP003060,SUP-003060,Kolkata Industrial Supply Co. 3060,spot,Kolkata,West Bengal,India,30,84.98,98.24,B,Y
SUP003061,SUP-003061,Kolkata Industrial Supply Co. 3061,approved,Kolkata,West Bengal,India,60,78.76,96.23,C,Y
SUP003062,SUP-003062,Vijayawada Industrial Supply Co. 3062,spot,Vijayawada,Andhra Pradesh,India,45,76.01,99.9,C,Y
SUP003063,SUP-003063,Noida Industrial Supply Co. 3063,contract_manufacturer,Noida,Uttar Pradesh,India,15,84.17,96.57,B,Y
SUP003064,SUP-003064,Agra Industrial Supply Co. 3064,approved,Agra,Uttar Pradesh,India,45,82.79,99.9,B,Y
SUP003065,SUP-003065,Vadodara Industrial Supply Co. 3065,approved,Vadodara,Gujarat,India,30,87.77,96.44,B,Y
SUP003066,SUP-003066,Lucknow Industrial Supply Co. 3066,approved,Lucknow,Uttar Pradesh,India,30,84.11,98.84,B,Y
SUP003067,SUP-003067,Surat Industrial Supply Co. 3067,approved,Surat,Gujarat,India,30,84.01,97.95,B,Y
SUP003068,SUP-003068,Warangal Industrial Supply Co. 3068,contract_manufacturer,Warangal,Telangana,India,30,93.84,93.69,B,Y
SUP003069,SUP-003069,Mumbai Industrial Supply Co. 3069,strategic,Mumbai,Maharashtra,India,30,95.98,99.9,A,Y
SUP003070,SUP-003070,Agra Industrial Supply Co. 3070,contract_manufacturer,Agra,Uttar Pradesh,India,30,84.72,97.03,B,Y
SUP003071,SUP-003071,Mangaluru Industrial Supply Co. 3071,contract_manufacturer,Mangaluru,Karnataka,India,45,78.04,98.46,C,Y
SUP003072,SUP-003072,Chandigarh Industrial Supply Co. 3072,approved,Chandigarh,Chandigarh,India,45,93.75,95.25,B,Y
SUP003073,SUP-003073,Hyderabad Industrial Supply Co. 3073,strategic,Hyderabad,Telangana,India,15,90.43,99.9,B,Y
SUP003074,SUP-003074,Bengaluru Industrial Supply Co. 3074,approved,Bengaluru,Karnataka,India,30,83.38,96.41,B,Y
SUP003075,SUP-003075,Lucknow Industrial Supply Co. 3075,approved,Lucknow,Uttar Pradesh,India,45,83.49,95.42,B,Y
SUP003076,SUP-003076,Nashik Industrial Supply Co. 3076,spot,Nashik,Maharashtra,India,30,82.19,94.74,B,Y
SUP003077,SUP-003077,Agra Industrial Supply Co. 3077,spot,Agra,Uttar Pradesh,India,45,84.84,99.9,B,Y
SUP003078,SUP-003078,Surat Industrial Supply Co. 3078,strategic,Surat,Gujarat,India,30,96.3,94.06,B,Y
SUP003079,SUP-003079,Lucknow Industrial Supply Co. 3079,approved,Lucknow,Uttar Pradesh,India,30,77.65,96.42,C,Y
SUP003080,SUP-003080,Jaipur Industrial Supply Co. 3080,approved,Jaipur,Rajasthan,India,15,83.83,92.03,B,Y
SUP003081,SUP-003081,Kolkata Industrial Supply Co. 3081,approved,Kolkata,West Bengal,India,30,81.66,95.92,B,Y
SUP003082,SUP-003082,Vadodara Industrial Supply Co. 3082,approved,Vadodara,Gujarat,India,30,84.42,96.05,B,Y
SUP003083,SUP-003083,Chandigarh Industrial Supply Co. 3083,approved,Chandigarh,Chandigarh,India,45,84.99,97.67,B,Y
SUP003084,SUP-003084,Nagpur Industrial Supply Co. 3084,strategic,Nagpur,Maharashtra,India,30,81.08,99.9,B,Y
SUP003085,SUP-003085,Hyderabad Industrial Supply Co. 3085,approved,Hyderabad,Telangana,India,30,90.27,98.77,B,Y
SUP003086,SUP-003086,Surat Industrial Supply Co. 3086,spot,Surat,Gujarat,India,60,73.27,99.2,C,Y
SUP003087,SUP-003087,Mysuru Industrial Supply Co. 3087,approved,Mysuru,Karnataka,India,60,77.77,99.18,C,Y
SUP003088,SUP-003088,Mangaluru Industrial Supply Co. 3088,approved,Mangaluru,Karnataka,India,45,78.68,98.23,C,Y
SUP003089,SUP-003089,Surat Industrial Supply Co. 3089,strategic,Surat,Gujarat,India,45,89.94,91.41,B,Y
SUP003090,SUP-003090,Kolkata Industrial Supply Co. 3090,spot,Kolkata,West Bengal,India,45,92.37,99.1,A,Y
SUP003091,SUP-003091,Hyderabad Industrial Supply Co. 3091,approved,Hyderabad,Telangana,India,60,89.67,92.33,B,Y
SUP003092,SUP-003092,Bhopal Industrial Supply Co. 3092,approved,Bhopal,Madhya Pradesh,India,45,91.79,95.25,B,Y
SUP003093,SUP-003093,Warangal Industrial Supply Co. 3093,strategic,Warangal,Telangana,India,30,90.93,98.02,B,Y
SUP003094,SUP-003094,Bhubaneswar Industrial Supply Co. 3094,spot,Bhubaneswar,Odisha,India,30,83.93,99.9,B,Y
SUP003095,SUP-003095,Pune Industrial Supply Co. 3095,strategic,Pune,Maharashtra,India,45,99.8,95.17,B,Y
SUP003096,SUP-003096,Agra Industrial Supply Co. 3096,approved,Agra,Uttar Pradesh,India,45,81.79,95.04,B,Y
SUP003097,SUP-003097,Hyderabad Industrial Supply Co. 3097,contract_manufacturer,Hyderabad,Telangana,India,30,95.88,98.32,A,Y
SUP003098,SUP-003098,Hyderabad Industrial Supply Co. 3098,strategic,Hyderabad,Telangana,India,30,92.92,94.17,B,Y
SUP003099,SUP-003099,Vijayawada Industrial Supply Co. 3099,approved,Vijayawada,Andhra Pradesh,India,45,93.1,97.15,A,Y
SUP003100,SUP-003100,Chandigarh Industrial Supply Co. 3100,approved,Chandigarh,Chandigarh,India,60,80.15,96.31,B,Y
SUP003101,SUP-003101,Vijayawada Industrial Supply Co. 3101,approved,Vijayawada,Andhra Pradesh,India,30,99.8,92.63,B,Y
SUP003102,SUP-003102,Vadodara Industrial Supply Co. 3102,strategic,Vadodara,Gujarat,India,45,95.99,95.23,B,Y
SUP003103,SUP-003103,Bengaluru Industrial Supply Co. 3103,approved,Bengaluru,Karnataka,India,45,99.8,98.04,A,Y
SUP003104,SUP-003104,Jaipur Industrial Supply Co. 3104,approved,Jaipur,Rajasthan,India,45,80.35,95.35,B,Y
SUP003105,SUP-003105,Nashik Industrial Supply Co. 3105,approved,Nashik,Maharashtra,India,45,88.85,99.9,B,Y
SUP003106,SUP-003106,Ranchi Industrial Supply Co. 3106,spot,Ranchi,Jharkhand,India,30,77.48,99.69,C,Y
SUP003107,SUP-003107,Bengaluru Industrial Supply Co. 3107,strategic,Bengaluru,Karnataka,India,30,73.41,95.39,C,Y
SUP003108,SUP-003108,Agra Industrial Supply Co. 3108,spot,Agra,Uttar Pradesh,India,60,74.39,93.35,C,Y
SUP003109,SUP-003109,Mumbai Industrial Supply Co. 3109,contract_manufacturer,Mumbai,Maharashtra,India,30,99.8,98.63,A,Y
SUP003110,SUP-003110,Agra Industrial Supply Co. 3110,contract_manufacturer,Agra,Uttar Pradesh,India,45,78.78,95.48,C,Y
SUP003111,SUP-003111,Indore Industrial Supply Co. 3111,contract_manufacturer,Indore,Madhya Pradesh,India,60,91.45,99.9,B,Y
SUP003112,SUP-003112,Jaipur Industrial Supply Co. 3112,approved,Jaipur,Rajasthan,India,30,89.58,96.06,B,Y
SUP003113,SUP-003113,Indore Industrial Supply Co. 3113,approved,Indore,Madhya Pradesh,India,30,73.46,98.44,C,Y
SUP003114,SUP-003114,Noida Industrial Supply Co. 3114,approved,Noida,Uttar Pradesh,India,45,64.64,96.17,C,Y
SUP003115,SUP-003115,Lucknow Industrial Supply Co. 3115,strategic,Lucknow,Uttar Pradesh,India,30,88.21,94.87,B,Y
SUP003116,SUP-003116,Mysuru Industrial Supply Co. 3116,strategic,Mysuru,Karnataka,India,30,86.93,92.58,B,Y
SUP003117,SUP-003117,Mangaluru Industrial Supply Co. 3117,spot,Mangaluru,Karnataka,India,45,99.8,97.27,A,Y
SUP003118,SUP-003118,Bhopal Industrial Supply Co. 3118,approved,Bhopal,Madhya Pradesh,India,45,90.81,99.9,B,Y
SUP003119,SUP-003119,Surat Industrial Supply Co. 3119,approved,Surat,Gujarat,India,30,94.88,92.43,B,Y
SUP003120,SUP-003120,Mysuru Industrial Supply Co. 3120,spot,Mysuru,Karnataka,India,60,78.23,91.27,C,Y
SUP003121,SUP-003121,Hyderabad Industrial Supply Co. 3121,strategic,Hyderabad,Telangana,India,30,95.63,96.36,B,Y
SUP003122,SUP-003122,Bengaluru Industrial Supply Co. 3122,approved,Bengaluru,Karnataka,India,30,99.8,98.03,A,Y
SUP003123,SUP-003123,Surat Industrial Supply Co. 3123,approved,Surat,Gujarat,India,30,88.65,90.81,C,Y
SUP003124,SUP-003124,Hyderabad Industrial Supply Co. 3124,approved,Hyderabad,Telangana,India,45,93.29,95.38,B,Y
SUP003125,SUP-003125,Vijayawada Industrial Supply Co. 3125,approved,Vijayawada,Andhra Pradesh,India,60,78.58,95.87,C,Y
SUP003126,SUP-003126,Mangaluru Industrial Supply Co. 3126,approved,Mangaluru,Karnataka,India,45,84.56,99.9,B,Y
SUP003127,SUP-003127,Bengaluru Industrial Supply Co. 3127,approved,Bengaluru,Karnataka,India,45,94.84,98.94,A,Y
SUP003128,SUP-003128,Bengaluru Industrial Supply Co. 3128,approved,Bengaluru,Karnataka,India,45,94.18,95.76,B,Y
SUP003129,SUP-003129,Vadodara Industrial Supply Co. 3129,contract_manufacturer,Vadodara,Gujarat,India,30,90.67,93.08,B,Y
SUP003130,SUP-003130,Jaipur Industrial Supply Co. 3130,spot,Jaipur,Rajasthan,India,60,78.01,98.03,C,Y
SUP003131,SUP-003131,Bhopal Industrial Supply Co. 3131,strategic,Bhopal,Madhya Pradesh,India,30,76.01,98.63,C,Y
SUP003132,SUP-003132,Pune Industrial Supply Co. 3132,strategic,Pune,Maharashtra,India,60,65.53,93.26,C,Y
SUP003133,SUP-003133,Noida Industrial Supply Co. 3133,approved,Noida,Uttar Pradesh,India,45,99.8,91.47,B,Y
SUP003134,SUP-003134,Chandigarh Industrial Supply Co. 3134,approved,Chandigarh,Chandigarh,India,45,94.62,97.48,A,Y
SUP003135,SUP-003135,Bhubaneswar Industrial Supply Co. 3135,approved,Bhubaneswar,Odisha,India,30,90.86,99.9,B,Y
SUP003136,SUP-003136,Noida Industrial Supply Co. 3136,strategic,Noida,Uttar Pradesh,India,30,91.95,93.61,B,Y
SUP003137,SUP-003137,Kolkata Industrial Supply Co. 3137,approved,Kolkata,West Bengal,India,45,80.13,97.06,B,Y
SUP003138,SUP-003138,Nashik Industrial Supply Co. 3138,approved,Nashik,Maharashtra,India,30,99.8,96.95,B,Y
SUP003139,SUP-003139,Ranchi Industrial Supply Co. 3139,contract_manufacturer,Ranchi,Jharkhand,India,45,99.8,98.55,A,Y
SUP003140,SUP-003140,Vijayawada Industrial Supply Co. 3140,approved,Vijayawada,Andhra Pradesh,India,45,79.66,95.91,C,Y
SUP003141,SUP-003141,Kolkata Industrial Supply Co. 3141,strategic,Kolkata,West Bengal,India,45,86.03,92.24,B,Y
SUP003142,SUP-003142,Jaipur Industrial Supply Co. 3142,approved,Jaipur,Rajasthan,India,30,84.22,98.19,B,Y
SUP003143,SUP-003143,Bhubaneswar Industrial Supply Co. 3143,contract_manufacturer,Bhubaneswar,Odisha,India,45,80.08,97.37,B,Y
SUP003144,SUP-003144,Chandigarh Industrial Supply Co. 3144,contract_manufacturer,Chandigarh,Chandigarh,India,60,92.49,97.66,A,Y
SUP003145,SUP-003145,Mumbai Industrial Supply Co. 3145,spot,Mumbai,Maharashtra,India,30,64.37,96.56,C,Y
SUP003146,SUP-003146,Vadodara Industrial Supply Co. 3146,approved,Vadodara,Gujarat,India,45,91.18,93.56,B,Y
SUP003147,SUP-003147,Vijayawada Industrial Supply Co. 3147,spot,Vijayawada,Andhra Pradesh,India,15,90.04,94.37,B,Y
SUP003148,SUP-003148,Nashik Industrial Supply Co. 3148,strategic,Nashik,Maharashtra,India,45,86.29,95.9,B,Y
SUP003149,SUP-003149,Vadodara Industrial Supply Co. 3149,contract_manufacturer,Vadodara,Gujarat,India,45,83.12,96.27,B,Y
SUP003150,SUP-003150,Kolkata Industrial Supply Co. 3150,approved,Kolkata,West Bengal,India,45,80.82,95.61,B,Y
SUP003151,SUP-003151,Pune Industrial Supply Co. 3151,approved,Pune,Maharashtra,India,45,95.47,90.24,C,Y
SUP003152,SUP-003152,Bengaluru Industrial Supply Co. 3152,contract_manufacturer,Bengaluru,Karnataka,India,45,68.09,98.15,C,Y
SUP003153,SUP-003153,Chandigarh Industrial Supply Co. 3153,approved,Chandigarh,Chandigarh,India,60,85.48,96.26,B,Y
SUP003154,SUP-003154,Ahmedabad Industrial Supply Co. 3154,contract_manufacturer,Ahmedabad,Gujarat,India,15,73.06,97.93,C,Y
SUP003155,SUP-003155,Surat Industrial Supply Co. 3155,contract_manufacturer,Surat,Gujarat,India,45,99.8,93.46,B,Y
SUP003156,SUP-003156,Bhubaneswar Industrial Supply Co. 3156,spot,Bhubaneswar,Odisha,India,15,98.7,99.9,A,Y
SUP003157,SUP-003157,Chandigarh Industrial Supply Co. 3157,approved,Chandigarh,Chandigarh,India,30,94.38,98.08,A,Y
SUP003158,SUP-003158,Bengaluru Industrial Supply Co. 3158,approved,Bengaluru,Karnataka,India,45,91.48,99.9,B,Y
SUP003159,SUP-003159,Chandigarh Industrial Supply Co. 3159,spot,Chandigarh,Chandigarh,India,30,77.24,87.58,C,Y
SUP003160,SUP-003160,Vijayawada Industrial Supply Co. 3160,spot,Vijayawada,Andhra Pradesh,India,45,82.28,95.28,B,Y
SUP003161,SUP-003161,Chandigarh Industrial Supply Co. 3161,approved,Chandigarh,Chandigarh,India,45,96.53,97.74,A,Y
SUP003162,SUP-003162,Jaipur Industrial Supply Co. 3162,strategic,Jaipur,Rajasthan,India,45,86.17,93.67,B,Y
SUP003163,SUP-003163,Bengaluru Industrial Supply Co. 3163,contract_manufacturer,Bengaluru,Karnataka,India,60,76.01,92.76,C,Y
SUP003164,SUP-003164,Pune Industrial Supply Co. 3164,approved,Pune,Maharashtra,India,30,86.17,95.69,B,Y
SUP003165,SUP-003165,Ahmedabad Industrial Supply Co. 3165,spot,Ahmedabad,Gujarat,India,30,72.35,96.41,C,Y
SUP003166,SUP-003166,Mumbai Industrial Supply Co. 3166,strategic,Mumbai,Maharashtra,India,15,99.8,97.49,A,Y
SUP003167,SUP-003167,Kolkata Industrial Supply Co. 3167,approved,Kolkata,West Bengal,India,45,87.66,97.88,B,Y
SUP003168,SUP-003168,Agra Industrial Supply Co. 3168,approved,Agra,Uttar Pradesh,India,30,88.05,99.9,B,Y
SUP003169,SUP-003169,Chandigarh Industrial Supply Co. 3169,approved,Chandigarh,Chandigarh,India,30,85.39,94.84,B,Y
SUP003170,SUP-003170,Mumbai Industrial Supply Co. 3170,contract_manufacturer,Mumbai,Maharashtra,India,30,94.67,95.36,B,Y
SUP003171,SUP-003171,Agra Industrial Supply Co. 3171,strategic,Agra,Uttar Pradesh,India,30,83.72,98.22,B,Y
SUP003172,SUP-003172,Nagpur Industrial Supply Co. 3172,approved,Nagpur,Maharashtra,India,30,86.3,96.21,B,Y
SUP003173,SUP-003173,Mumbai Industrial Supply Co. 3173,approved,Mumbai,Maharashtra,India,30,82.1,95.73,B,Y
SUP003174,SUP-003174,Mysuru Industrial Supply Co. 3174,approved,Mysuru,Karnataka,India,30,81.86,94.31,B,Y
SUP003175,SUP-003175,Mysuru Industrial Supply Co. 3175,approved,Mysuru,Karnataka,India,15,98.51,92.87,B,Y
SUP003176,SUP-003176,Mysuru Industrial Supply Co. 3176,approved,Mysuru,Karnataka,India,45,86.19,94.56,B,Y
SUP003177,SUP-003177,Nagpur Industrial Supply Co. 3177,approved,Nagpur,Maharashtra,India,45,99.8,97.84,A,Y
SUP003178,SUP-003178,Bhubaneswar Industrial Supply Co. 3178,approved,Bhubaneswar,Odisha,India,30,85.94,95.94,B,Y
SUP003179,SUP-003179,Ahmedabad Industrial Supply Co. 3179,spot,Ahmedabad,Gujarat,India,60,79.41,90.64,C,Y
SUP003180,SUP-003180,Vijayawada Industrial Supply Co. 3180,approved,Vijayawada,Andhra Pradesh,India,45,90.02,98.25,B,Y
SUP003181,SUP-003181,Mangaluru Industrial Supply Co. 3181,contract_manufacturer,Mangaluru,Karnataka,India,15,81.79,97.46,B,Y
SUP003182,SUP-003182,Mangaluru Industrial Supply Co. 3182,approved,Mangaluru,Karnataka,India,15,99.8,94.42,B,Y
SUP003183,SUP-003183,Hyderabad Industrial Supply Co. 3183,strategic,Hyderabad,Telangana,India,45,84.07,96.16,B,Y
SUP003184,SUP-003184,Mangaluru Industrial Supply Co. 3184,approved,Mangaluru,Karnataka,India,45,94.62,94.95,B,Y
SUP003185,SUP-003185,Chandigarh Industrial Supply Co. 3185,approved,Chandigarh,Chandigarh,India,15,76.51,99.9,C,Y
SUP003186,SUP-003186,Mysuru Industrial Supply Co. 3186,approved,Mysuru,Karnataka,India,30,91.12,91.79,B,Y
SUP003187,SUP-003187,Mangaluru Industrial Supply Co. 3187,approved,Mangaluru,Karnataka,India,60,95.3,94.98,B,Y
SUP003188,SUP-003188,Vadodara Industrial Supply Co. 3188,contract_manufacturer,Vadodara,Gujarat,India,45,73.98,90.83,C,Y
SUP003189,SUP-003189,Chandigarh Industrial Supply Co. 3189,approved,Chandigarh,Chandigarh,India,30,80.55,90.6,C,Y
SUP003190,SUP-003190,Kolkata Industrial Supply Co. 3190,contract_manufacturer,Kolkata,West Bengal,India,30,92.2,97.92,A,Y
SUP003191,SUP-003191,Warangal Industrial Supply Co. 3191,strategic,Warangal,Telangana,India,30,99.8,99.9,A,Y
SUP003192,SUP-003192,Agra Industrial Supply Co. 3192,approved,Agra,Uttar Pradesh,India,30,82.57,99.16,B,Y
SUP003193,SUP-003193,Chandigarh Industrial Supply Co. 3193,approved,Chandigarh,Chandigarh,India,60,88.19,95.95,B,Y
SUP003194,SUP-003194,Lucknow Industrial Supply Co. 3194,approved,Lucknow,Uttar Pradesh,India,30,95.36,93.2,B,Y
SUP003195,SUP-003195,Nagpur Industrial Supply Co. 3195,spot,Nagpur,Maharashtra,India,30,93.65,99.9,A,Y
SUP003196,SUP-003196,Hyderabad Industrial Supply Co. 3196,strategic,Hyderabad,Telangana,India,45,84.47,95.31,B,Y
SUP003197,SUP-003197,Ranchi Industrial Supply Co. 3197,approved,Ranchi,Jharkhand,India,45,87.99,99.9,B,Y
SUP003198,SUP-003198,Indore Industrial Supply Co. 3198,strategic,Indore,Madhya Pradesh,India,15,93.03,97.6,A,Y
SUP003199,SUP-003199,Agra Industrial Supply Co. 3199,approved,Agra,Uttar Pradesh,India,45,89.43,97.39,B,Y
SUP003200,SUP-003200,Bengaluru Industrial Supply Co. 3200,contract_manufacturer,Bengaluru,Karnataka,India,60,74.55,95.29,C,Y
SUP003201,SUP-003201,Kolkata Industrial Supply Co. 3201,approved,Kolkata,West Bengal,India,30,90.44,94.23,B,Y
SUP003202,SUP-003202,Agra Industrial Supply Co. 3202,approved,Agra,Uttar Pradesh,India,15,83.58,99.9,B,Y
SUP003203,SUP-003203,Hyderabad Industrial Supply Co. 3203,approved,Hyderabad,Telangana,India,30,85.29,90.14,C,Y
SUP003204,SUP-003204,Noida Industrial Supply Co. 3204,approved,Noida,Uttar Pradesh,India,45,99.8,97.83,A,Y
SUP003205,SUP-003205,Mangaluru Industrial Supply Co. 3205,approved,Mangaluru,Karnataka,India,30,99.35,92.38,B,Y
SUP003206,SUP-003206,Nagpur Industrial Supply Co. 3206,approved,Nagpur,Maharashtra,India,15,91.16,90.97,C,Y
SUP003207,SUP-003207,Mangaluru Industrial Supply Co. 3207,approved,Mangaluru,Karnataka,India,15,93.92,91.31,B,Y
SUP003208,SUP-003208,Hyderabad Industrial Supply Co. 3208,strategic,Hyderabad,Telangana,India,45,91.4,99.9,B,Y
SUP003209,SUP-003209,Hyderabad Industrial Supply Co. 3209,spot,Hyderabad,Telangana,India,30,69.54,98.38,C,Y
SUP003210,SUP-003210,Noida Industrial Supply Co. 3210,strategic,Noida,Uttar Pradesh,India,60,88.42,99.79,B,Y
SUP003211,SUP-003211,Hyderabad Industrial Supply Co. 3211,spot,Hyderabad,Telangana,India,45,88.21,93.96,B,Y
SUP003212,SUP-003212,Ranchi Industrial Supply Co. 3212,approved,Ranchi,Jharkhand,India,45,83.88,99.52,B,Y
SUP003213,SUP-003213,Bhubaneswar Industrial Supply Co. 3213,approved,Bhubaneswar,Odisha,India,45,85.94,94.85,B,Y
SUP003214,SUP-003214,Mysuru Industrial Supply Co. 3214,contract_manufacturer,Mysuru,Karnataka,India,60,91.93,96.02,B,Y
SUP003215,SUP-003215,Mysuru Industrial Supply Co. 3215,approved,Mysuru,Karnataka,India,45,85.75,96.31,B,Y
SUP003216,SUP-003216,Indore Industrial Supply Co. 3216,approved,Indore,Madhya Pradesh,India,45,87.65,94.59,B,Y
SUP003217,SUP-003217,Jaipur Industrial Supply Co. 3217,approved,Jaipur,Rajasthan,India,60,83.64,95.39,B,Y
SUP003218,SUP-003218,Hyderabad Industrial Supply Co. 3218,spot,Hyderabad,Telangana,India,30,89.73,94.59,B,Y
SUP003219,SUP-003219,Lucknow Industrial Supply Co. 3219,spot,Lucknow,Uttar Pradesh,India,30,84.37,94.29,B,Y
SUP003220,SUP-003220,Nagpur Industrial Supply Co. 3220,spot,Nagpur,Maharashtra,India,30,73.65,95.86,C,Y
SUP003221,SUP-003221,Nagpur Industrial Supply Co. 3221,spot,Nagpur,Maharashtra,India,30,90.22,92.08,B,Y
SUP003222,SUP-003222,Nagpur Industrial Supply Co. 3222,approved,Nagpur,Maharashtra,India,45,92.82,96.24,B,Y
SUP003223,SUP-003223,Jaipur Industrial Supply Co. 3223,spot,Jaipur,Rajasthan,India,30,83.06,93.66,B,Y
SUP003224,SUP-003224,Indore Industrial Supply Co. 3224,contract_manufacturer,Indore,Madhya Pradesh,India,30,98.5,93.0,B,Y
SUP003225,SUP-003225,Mysuru Industrial Supply Co. 3225,approved,Mysuru,Karnataka,India,30,84.7,96.53,B,Y
SUP003226,SUP-003226,Chandigarh Industrial Supply Co. 3226,strategic,Chandigarh,Chandigarh,India,45,86.47,95.29,B,Y
SUP003227,SUP-003227,Ranchi Industrial Supply Co. 3227,contract_manufacturer,Ranchi,Jharkhand,India,45,83.61,94.57,B,Y
SUP003228,SUP-003228,Delhi Industrial Supply Co. 3228,approved,Delhi,Delhi,India,30,79.27,94.23,C,Y
SUP003229,SUP-003229,Mysuru Industrial Supply Co. 3229,approved,Mysuru,Karnataka,India,45,90.75,89.81,C,Y
SUP003230,SUP-003230,Agra Industrial Supply Co. 3230,approved,Agra,Uttar Pradesh,India,30,91.25,88.97,C,Y
SUP003231,SUP-003231,Bengaluru Industrial Supply Co. 3231,approved,Bengaluru,Karnataka,India,60,99.8,97.37,A,Y
SUP003232,SUP-003232,Surat Industrial Supply Co. 3232,strategic,Surat,Gujarat,India,30,85.01,99.83,B,Y
SUP003233,SUP-003233,Agra Industrial Supply Co. 3233,approved,Agra,Uttar Pradesh,India,45,89.74,95.39,B,Y
SUP003234,SUP-003234,Bhopal Industrial Supply Co. 3234,contract_manufacturer,Bhopal,Madhya Pradesh,India,30,83.18,97.13,B,Y
SUP003235,SUP-003235,Indore Industrial Supply Co. 3235,strategic,Indore,Madhya Pradesh,India,30,87.37,95.11,B,Y
SUP003236,SUP-003236,Nagpur Industrial Supply Co. 3236,approved,Nagpur,Maharashtra,India,45,80.74,89.36,C,Y
SUP003237,SUP-003237,Chandigarh Industrial Supply Co. 3237,spot,Chandigarh,Chandigarh,India,15,99.8,95.61,B,Y
SUP003238,SUP-003238,Bengaluru Industrial Supply Co. 3238,contract_manufacturer,Bengaluru,Karnataka,India,30,73.2,93.25,C,Y
SUP003239,SUP-003239,Jaipur Industrial Supply Co. 3239,spot,Jaipur,Rajasthan,India,45,97.74,94.93,B,Y
SUP003240,SUP-003240,Agra Industrial Supply Co. 3240,approved,Agra,Uttar Pradesh,India,45,91.0,95.17,B,Y
SUP003241,SUP-003241,Warangal Industrial Supply Co. 3241,approved,Warangal,Telangana,India,60,74.99,92.49,C,Y
SUP003242,SUP-003242,Bengaluru Industrial Supply Co. 3242,spot,Bengaluru,Karnataka,India,45,80.01,99.75,B,Y
SUP003243,SUP-003243,Warangal Industrial Supply Co. 3243,approved,Warangal,Telangana,India,30,79.33,95.84,C,Y
SUP003244,SUP-003244,Mumbai Industrial Supply Co. 3244,spot,Mumbai,Maharashtra,India,30,77.44,98.94,C,Y
SUP003245,SUP-003245,Bhubaneswar Industrial Supply Co. 3245,contract_manufacturer,Bhubaneswar,Odisha,India,30,90.58,99.48,B,Y
SUP003246,SUP-003246,Pune Industrial Supply Co. 3246,approved,Pune,Maharashtra,India,60,99.8,94.92,B,Y
SUP003247,SUP-003247,Delhi Industrial Supply Co. 3247,approved,Delhi,Delhi,India,30,80.72,92.68,B,Y
SUP003248,SUP-003248,Pune Industrial Supply Co. 3248,approved,Pune,Maharashtra,India,45,92.29,96.97,B,Y
SUP003249,SUP-003249,Bengaluru Industrial Supply Co. 3249,strategic,Bengaluru,Karnataka,India,60,85.46,97.8,B,Y
SUP003250,SUP-003250,Bhopal Industrial Supply Co. 3250,contract_manufacturer,Bhopal,Madhya Pradesh,India,30,75.73,94.12,C,Y
SUP003251,SUP-003251,Noida Industrial Supply Co. 3251,strategic,Noida,Uttar Pradesh,India,30,77.06,99.9,C,Y
SUP003252,SUP-003252,Vijayawada Industrial Supply Co. 3252,approved,Vijayawada,Andhra Pradesh,India,30,94.75,96.3,B,Y
SUP003253,SUP-003253,Pune Industrial Supply Co. 3253,approved,Pune,Maharashtra,India,30,94.91,96.04,B,Y
SUP003254,SUP-003254,Vadodara Industrial Supply Co. 3254,spot,Vadodara,Gujarat,India,60,89.55,99.9,B,Y
SUP003255,SUP-003255,Chandigarh Industrial Supply Co. 3255,strategic,Chandigarh,Chandigarh,India,60,86.5,97.77,B,Y
SUP003256,SUP-003256,Vijayawada Industrial Supply Co. 3256,approved,Vijayawada,Andhra Pradesh,India,60,86.68,98.16,B,Y
SUP003257,SUP-003257,Bengaluru Industrial Supply Co. 3257,spot,Bengaluru,Karnataka,India,30,99.8,90.76,C,Y
SUP003258,SUP-003258,Lucknow Industrial Supply Co. 3258,strategic,Lucknow,Uttar Pradesh,India,15,78.89,87.58,C,Y
SUP003259,SUP-003259,Agra Industrial Supply Co. 3259,spot,Agra,Uttar Pradesh,India,30,94.37,98.22,A,Y
SUP003260,SUP-003260,Chandigarh Industrial Supply Co. 3260,contract_manufacturer,Chandigarh,Chandigarh,India,30,95.66,94.72,B,Y
SUP003261,SUP-003261,Pune Industrial Supply Co. 3261,strategic,Pune,Maharashtra,India,30,92.08,96.31,B,Y
SUP003262,SUP-003262,Kolkata Industrial Supply Co. 3262,approved,Kolkata,West Bengal,India,45,77.32,94.43,C,Y
SUP003263,SUP-003263,Delhi Industrial Supply Co. 3263,strategic,Delhi,Delhi,India,30,89.55,98.21,B,Y
SUP003264,SUP-003264,Surat Industrial Supply Co. 3264,approved,Surat,Gujarat,India,30,86.64,92.32,B,Y
SUP003265,SUP-003265,Mysuru Industrial Supply Co. 3265,strategic,Mysuru,Karnataka,India,45,81.98,96.37,B,Y
SUP003266,SUP-003266,Kolkata Industrial Supply Co. 3266,approved,Kolkata,West Bengal,India,30,85.46,97.59,B,Y
SUP003267,SUP-003267,Lucknow Industrial Supply Co. 3267,strategic,Lucknow,Uttar Pradesh,India,30,74.01,98.38,C,Y
SUP003268,SUP-003268,Pune Industrial Supply Co. 3268,approved,Pune,Maharashtra,India,30,79.47,94.75,C,Y
SUP003269,SUP-003269,Hyderabad Industrial Supply Co. 3269,strategic,Hyderabad,Telangana,India,30,82.62,96.41,B,Y
SUP003270,SUP-003270,Nashik Industrial Supply Co. 3270,strategic,Nashik,Maharashtra,India,30,83.87,91.68,B,Y
SUP003271,SUP-003271,Agra Industrial Supply Co. 3271,spot,Agra,Uttar Pradesh,India,15,88.03,95.66,B,Y
SUP003272,SUP-003272,Mysuru Industrial Supply Co. 3272,spot,Mysuru,Karnataka,India,60,95.56,96.79,B,Y
SUP003273,SUP-003273,Mysuru Industrial Supply Co. 3273,contract_manufacturer,Mysuru,Karnataka,India,60,73.37,93.46,C,Y
SUP003274,SUP-003274,Lucknow Industrial Supply Co. 3274,approved,Lucknow,Uttar Pradesh,India,60,89.49,94.84,B,Y
SUP003275,SUP-003275,Hyderabad Industrial Supply Co. 3275,approved,Hyderabad,Telangana,India,30,94.84,94.26,B,Y
SUP003276,SUP-003276,Bhopal Industrial Supply Co. 3276,strategic,Bhopal,Madhya Pradesh,India,45,99.8,98.73,A,Y
SUP003277,SUP-003277,Ranchi Industrial Supply Co. 3277,spot,Ranchi,Jharkhand,India,60,94.45,94.61,B,Y
SUP003278,SUP-003278,Surat Industrial Supply Co. 3278,approved,Surat,Gujarat,India,15,98.54,98.27,A,Y
SUP003279,SUP-003279,Bhopal Industrial Supply Co. 3279,contract_manufacturer,Bhopal,Madhya Pradesh,India,60,75.31,97.24,C,Y
SUP003280,SUP-003280,Mysuru Industrial Supply Co. 3280,strategic,Mysuru,Karnataka,India,45,91.23,94.39,B,Y
SUP003281,SUP-003281,Mysuru Industrial Supply Co. 3281,approved,Mysuru,Karnataka,India,30,93.99,99.9,A,Y
SUP003282,SUP-003282,Mumbai Industrial Supply Co. 3282,spot,Mumbai,Maharashtra,India,45,74.62,99.77,C,Y
SUP003283,SUP-003283,Agra Industrial Supply Co. 3283,approved,Agra,Uttar Pradesh,India,45,95.05,95.17,B,Y
SUP003284,SUP-003284,Bhopal Industrial Supply Co. 3284,approved,Bhopal,Madhya Pradesh,India,30,74.93,92.24,C,Y
SUP003285,SUP-003285,Hyderabad Industrial Supply Co. 3285,spot,Hyderabad,Telangana,India,45,73.64,91.24,C,Y
SUP003286,SUP-003286,Hyderabad Industrial Supply Co. 3286,approved,Hyderabad,Telangana,India,60,85.82,93.04,B,Y
SUP003287,SUP-003287,Chandigarh Industrial Supply Co. 3287,spot,Chandigarh,Chandigarh,India,60,82.26,92.41,B,Y
SUP003288,SUP-003288,Agra Industrial Supply Co. 3288,approved,Agra,Uttar Pradesh,India,45,69.13,95.66,C,Y
SUP003289,SUP-003289,Bengaluru Industrial Supply Co. 3289,approved,Bengaluru,Karnataka,India,30,93.83,92.65,B,Y
SUP003290,SUP-003290,Jaipur Industrial Supply Co. 3290,approved,Jaipur,Rajasthan,India,60,95.6,99.31,A,Y
SUP003291,SUP-003291,Pune Industrial Supply Co. 3291,strategic,Pune,Maharashtra,India,45,88.56,96.43,B,Y
SUP003292,SUP-003292,Kolkata Industrial Supply Co. 3292,contract_manufacturer,Kolkata,West Bengal,India,30,85.43,93.49,B,Y
SUP003293,SUP-003293,Vadodara Industrial Supply Co. 3293,spot,Vadodara,Gujarat,India,45,80.31,97.03,B,Y
SUP003294,SUP-003294,Bengaluru Industrial Supply Co. 3294,strategic,Bengaluru,Karnataka,India,45,93.91,97.46,A,Y
SUP003295,SUP-003295,Mangaluru Industrial Supply Co. 3295,spot,Mangaluru,Karnataka,India,30,87.17,92.76,B,Y
SUP003296,SUP-003296,Mangaluru Industrial Supply Co. 3296,spot,Mangaluru,Karnataka,India,15,99.74,91.04,B,Y
SUP003297,SUP-003297,Chandigarh Industrial Supply Co. 3297,approved,Chandigarh,Chandigarh,India,45,87.11,98.29,B,Y
SUP003298,SUP-003298,Vijayawada Industrial Supply Co. 3298,strategic,Vijayawada,Andhra Pradesh,India,30,86.13,97.33,B,Y
SUP003299,SUP-003299,Kolkata Industrial Supply Co. 3299,approved,Kolkata,West Bengal,India,45,99.8,95.21,B,Y
SUP003300,SUP-003300,Mangaluru Industrial Supply Co. 3300,approved,Mangaluru,Karnataka,India,15,77.18,93.94,C,Y
SUP003301,SUP-003301,Pune Industrial Supply Co. 3301,strategic,Pune,Maharashtra,India,30,78.34,98.22,C,Y
SUP003302,SUP-003302,Nagpur Industrial Supply Co. 3302,approved,Nagpur,Maharashtra,India,30,86.59,98.68,B,Y
SUP003303,SUP-003303,Pune Industrial Supply Co. 3303,approved,Pune,Maharashtra,India,45,94.96,96.26,B,Y
SUP003304,SUP-003304,Hyderabad Industrial Supply Co. 3304,strategic,Hyderabad,Telangana,India,45,92.71,94.25,B,Y
SUP003305,SUP-003305,Warangal Industrial Supply Co. 3305,spot,Warangal,Telangana,India,30,94.64,94.42,B,Y
SUP003306,SUP-003306,Hyderabad Industrial Supply Co. 3306,contract_manufacturer,Hyderabad,Telangana,India,30,99.8,96.59,B,Y
SUP003307,SUP-003307,Bengaluru Industrial Supply Co. 3307,approved,Bengaluru,Karnataka,India,45,87.83,92.68,B,Y
SUP003308,SUP-003308,Chandigarh Industrial Supply Co. 3308,approved,Chandigarh,Chandigarh,India,30,77.7,93.99,C,Y
SUP003309,SUP-003309,Pune Industrial Supply Co. 3309,contract_manufacturer,Pune,Maharashtra,India,30,92.97,92.74,B,Y
SUP003310,SUP-003310,Ranchi Industrial Supply Co. 3310,approved,Ranchi,Jharkhand,India,30,70.82,96.93,C,Y
SUP003311,SUP-003311,Warangal Industrial Supply Co. 3311,strategic,Warangal,Telangana,India,45,93.96,93.86,B,Y
SUP003312,SUP-003312,Ahmedabad Industrial Supply Co. 3312,approved,Ahmedabad,Gujarat,India,45,95.63,94.33,B,Y
SUP003313,SUP-003313,Nashik Industrial Supply Co. 3313,strategic,Nashik,Maharashtra,India,15,99.33,94.92,B,Y
SUP003314,SUP-003314,Indore Industrial Supply Co. 3314,contract_manufacturer,Indore,Madhya Pradesh,India,45,89.56,94.57,B,Y
SUP003315,SUP-003315,Surat Industrial Supply Co. 3315,approved,Surat,Gujarat,India,60,89.73,99.9,B,Y
SUP003316,SUP-003316,Indore Industrial Supply Co. 3316,approved,Indore,Madhya Pradesh,India,30,78.73,98.36,C,Y
SUP003317,SUP-003317,Jaipur Industrial Supply Co. 3317,contract_manufacturer,Jaipur,Rajasthan,India,30,88.86,92.83,B,Y
SUP003318,SUP-003318,Vadodara Industrial Supply Co. 3318,approved,Vadodara,Gujarat,India,45,86.97,92.75,B,Y
SUP003319,SUP-003319,Mysuru Industrial Supply Co. 3319,spot,Mysuru,Karnataka,India,30,67.96,92.53,C,Y
SUP003320,SUP-003320,Indore Industrial Supply Co. 3320,contract_manufacturer,Indore,Madhya Pradesh,India,30,86.36,93.88,B,Y
SUP003321,SUP-003321,Bhubaneswar Industrial Supply Co. 3321,spot,Bhubaneswar,Odisha,India,30,84.2,96.95,B,Y
SUP003322,SUP-003322,Indore Industrial Supply Co. 3322,approved,Indore,Madhya Pradesh,India,30,88.82,86.87,C,Y
SUP003323,SUP-003323,Bhubaneswar Industrial Supply Co. 3323,spot,Bhubaneswar,Odisha,India,30,77.94,93.32,C,Y
SUP003324,SUP-003324,Mangaluru Industrial Supply Co. 3324,approved,Mangaluru,Karnataka,India,30,89.44,99.9,B,Y
SUP003325,SUP-003325,Nashik Industrial Supply Co. 3325,strategic,Nashik,Maharashtra,India,60,80.43,96.83,B,Y
SUP003326,SUP-003326,Warangal Industrial Supply Co. 3326,approved,Warangal,Telangana,India,60,86.32,90.68,C,Y
SUP003327,SUP-003327,Agra Industrial Supply Co. 3327,approved,Agra,Uttar Pradesh,India,15,91.13,91.06,B,Y
SUP003328,SUP-003328,Agra Industrial Supply Co. 3328,approved,Agra,Uttar Pradesh,India,30,78.11,94.01,C,Y
SUP003329,SUP-003329,Ranchi Industrial Supply Co. 3329,approved,Ranchi,Jharkhand,India,15,89.85,97.17,B,Y
SUP003330,SUP-003330,Jaipur Industrial Supply Co. 3330,approved,Jaipur,Rajasthan,India,15,94.74,91.7,B,Y
SUP003331,SUP-003331,Ahmedabad Industrial Supply Co. 3331,approved,Ahmedabad,Gujarat,India,45,96.49,92.97,B,Y
SUP003332,SUP-003332,Bhopal Industrial Supply Co. 3332,approved,Bhopal,Madhya Pradesh,India,60,88.55,97.82,B,Y
SUP003333,SUP-003333,Delhi Industrial Supply Co. 3333,contract_manufacturer,Delhi,Delhi,India,15,91.36,94.48,B,Y
SUP003334,SUP-003334,Chandigarh Industrial Supply Co. 3334,approved,Chandigarh,Chandigarh,India,15,80.75,97.51,B,Y
SUP003335,SUP-003335,Chandigarh Industrial Supply Co. 3335,approved,Chandigarh,Chandigarh,India,45,82.27,93.1,B,Y
SUP003336,SUP-003336,Bhubaneswar Industrial Supply Co. 3336,approved,Bhubaneswar,Odisha,India,15,98.98,98.04,A,Y
SUP003337,SUP-003337,Jaipur Industrial Supply Co. 3337,strategic,Jaipur,Rajasthan,India,30,88.54,98.69,B,Y
SUP003338,SUP-003338,Ahmedabad Industrial Supply Co. 3338,approved,Ahmedabad,Gujarat,India,30,86.16,91.43,B,Y
SUP003339,SUP-003339,Indore Industrial Supply Co. 3339,contract_manufacturer,Indore,Madhya Pradesh,India,45,84.71,96.3,B,Y
SUP003340,SUP-003340,Kolkata Industrial Supply Co. 3340,approved,Kolkata,West Bengal,India,45,99.8,96.83,B,Y
SUP003341,SUP-003341,Kolkata Industrial Supply Co. 3341,approved,Kolkata,West Bengal,India,30,82.51,93.64,B,Y
SUP003342,SUP-003342,Hyderabad Industrial Supply Co. 3342,approved,Hyderabad,Telangana,India,45,83.94,97.14,B,Y
SUP003343,SUP-003343,Kolkata Industrial Supply Co. 3343,approved,Kolkata,West Bengal,India,30,74.02,97.76,C,Y
SUP003344,SUP-003344,Lucknow Industrial Supply Co. 3344,contract_manufacturer,Lucknow,Uttar Pradesh,India,60,78.49,97.92,C,Y
SUP003345,SUP-003345,Nashik Industrial Supply Co. 3345,approved,Nashik,Maharashtra,India,45,70.32,89.93,C,Y
SUP003346,SUP-003346,Lucknow Industrial Supply Co. 3346,approved,Lucknow,Uttar Pradesh,India,45,81.12,96.45,B,Y
SUP003347,SUP-003347,Kolkata Industrial Supply Co. 3347,approved,Kolkata,West Bengal,India,15,87.98,99.9,B,Y
SUP003348,SUP-003348,Noida Industrial Supply Co. 3348,strategic,Noida,Uttar Pradesh,India,45,89.13,97.65,B,Y
SUP003349,SUP-003349,Vijayawada Industrial Supply Co. 3349,approved,Vijayawada,Andhra Pradesh,India,30,89.44,96.07,B,Y
SUP003350,SUP-003350,Kolkata Industrial Supply Co. 3350,strategic,Kolkata,West Bengal,India,30,89.88,97.58,B,Y
SUP003351,SUP-003351,Pune Industrial Supply Co. 3351,contract_manufacturer,Pune,Maharashtra,India,30,90.96,97.94,B,Y
SUP003352,SUP-003352,Mysuru Industrial Supply Co. 3352,strategic,Mysuru,Karnataka,India,15,76.73,99.9,C,Y
SUP003353,SUP-003353,Vadodara Industrial Supply Co. 3353,strategic,Vadodara,Gujarat,India,30,66.22,95.34,C,Y
SUP003354,SUP-003354,Bengaluru Industrial Supply Co. 3354,approved,Bengaluru,Karnataka,India,30,82.5,92.28,B,Y
SUP003355,SUP-003355,Lucknow Industrial Supply Co. 3355,approved,Lucknow,Uttar Pradesh,India,45,99.66,92.54,B,Y
SUP003356,SUP-003356,Pune Industrial Supply Co. 3356,approved,Pune,Maharashtra,India,45,97.57,95.09,B,Y
SUP003357,SUP-003357,Pune Industrial Supply Co. 3357,approved,Pune,Maharashtra,India,15,91.16,96.49,B,Y
SUP003358,SUP-003358,Jaipur Industrial Supply Co. 3358,approved,Jaipur,Rajasthan,India,45,87.69,92.93,B,Y
SUP003359,SUP-003359,Vijayawada Industrial Supply Co. 3359,spot,Vijayawada,Andhra Pradesh,India,30,99.8,96.36,B,Y
SUP003360,SUP-003360,Nagpur Industrial Supply Co. 3360,approved,Nagpur,Maharashtra,India,30,96.75,97.08,A,Y
SUP003361,SUP-003361,Surat Industrial Supply Co. 3361,contract_manufacturer,Surat,Gujarat,India,45,91.06,95.73,B,Y
SUP003362,SUP-003362,Mumbai Industrial Supply Co. 3362,strategic,Mumbai,Maharashtra,India,45,95.48,99.9,A,Y
SUP003363,SUP-003363,Vadodara Industrial Supply Co. 3363,approved,Vadodara,Gujarat,India,30,93.73,97.78,A,Y
SUP003364,SUP-003364,Pune Industrial Supply Co. 3364,approved,Pune,Maharashtra,India,15,76.92,95.91,C,Y
SUP003365,SUP-003365,Pune Industrial Supply Co. 3365,contract_manufacturer,Pune,Maharashtra,India,30,80.95,91.28,B,Y
SUP003366,SUP-003366,Vijayawada Industrial Supply Co. 3366,approved,Vijayawada,Andhra Pradesh,India,30,91.57,94.8,B,Y
SUP003367,SUP-003367,Noida Industrial Supply Co. 3367,spot,Noida,Uttar Pradesh,India,45,90.76,90.48,C,Y
SUP003368,SUP-003368,Hyderabad Industrial Supply Co. 3368,approved,Hyderabad,Telangana,India,60,80.73,95.66,B,Y
SUP003369,SUP-003369,Bhubaneswar Industrial Supply Co. 3369,strategic,Bhubaneswar,Odisha,India,15,81.99,93.74,B,Y
SUP003370,SUP-003370,Hyderabad Industrial Supply Co. 3370,approved,Hyderabad,Telangana,India,60,86.68,95.32,B,Y
SUP003371,SUP-003371,Bhopal Industrial Supply Co. 3371,approved,Bhopal,Madhya Pradesh,India,45,80.53,99.9,B,Y
SUP003372,SUP-003372,Jaipur Industrial Supply Co. 3372,contract_manufacturer,Jaipur,Rajasthan,India,30,95.01,92.36,B,Y
SUP003373,SUP-003373,Bengaluru Industrial Supply Co. 3373,approved,Bengaluru,Karnataka,India,45,87.75,96.41,B,Y
SUP003374,SUP-003374,Hyderabad Industrial Supply Co. 3374,strategic,Hyderabad,Telangana,India,45,73.74,96.64,C,Y
SUP003375,SUP-003375,Nagpur Industrial Supply Co. 3375,strategic,Nagpur,Maharashtra,India,30,98.41,94.19,B,Y
SUP003376,SUP-003376,Bengaluru Industrial Supply Co. 3376,contract_manufacturer,Bengaluru,Karnataka,India,30,81.7,99.9,B,Y
SUP003377,SUP-003377,Nagpur Industrial Supply Co. 3377,strategic,Nagpur,Maharashtra,India,45,88.67,98.2,B,Y
SUP003378,SUP-003378,Vijayawada Industrial Supply Co. 3378,approved,Vijayawada,Andhra Pradesh,India,30,99.8,93.18,B,Y
SUP003379,SUP-003379,Ahmedabad Industrial Supply Co. 3379,spot,Ahmedabad,Gujarat,India,15,79.66,98.61,C,Y
SUP003380,SUP-003380,Vadodara Industrial Supply Co. 3380,spot,Vadodara,Gujarat,India,45,84.49,98.3,B,Y
SUP003381,SUP-003381,Kolkata Industrial Supply Co. 3381,spot,Kolkata,West Bengal,India,30,86.02,97.67,B,Y
SUP003382,SUP-003382,Nashik Industrial Supply Co. 3382,approved,Nashik,Maharashtra,India,30,91.24,95.72,B,Y
SUP003383,SUP-003383,Surat Industrial Supply Co. 3383,strategic,Surat,Gujarat,India,45,99.8,93.45,B,Y
SUP003384,SUP-003384,Vadodara Industrial Supply Co. 3384,approved,Vadodara,Gujarat,India,30,65.91,96.93,C,Y
SUP003385,SUP-003385,Bhubaneswar Industrial Supply Co. 3385,contract_manufacturer,Bhubaneswar,Odisha,India,45,95.13,93.44,B,Y
SUP003386,SUP-003386,Vadodara Industrial Supply Co. 3386,strategic,Vadodara,Gujarat,India,60,95.52,96.87,B,Y
SUP003387,SUP-003387,Mysuru Industrial Supply Co. 3387,approved,Mysuru,Karnataka,India,60,75.52,98.14,C,Y
SUP003388,SUP-003388,Chandigarh Industrial Supply Co. 3388,spot,Chandigarh,Chandigarh,India,30,96.56,99.51,A,Y
SUP003389,SUP-003389,Ahmedabad Industrial Supply Co. 3389,spot,Ahmedabad,Gujarat,India,45,79.43,99.9,C,Y
SUP003390,SUP-003390,Mumbai Industrial Supply Co. 3390,spot,Mumbai,Maharashtra,India,15,90.19,96.46,B,Y
SUP003391,SUP-003391,Pune Industrial Supply Co. 3391,spot,Pune,Maharashtra,India,45,94.85,96.82,B,Y
SUP003392,SUP-003392,Nagpur Industrial Supply Co. 3392,approved,Nagpur,Maharashtra,India,45,89.16,97.26,B,Y
SUP003393,SUP-003393,Nashik Industrial Supply Co. 3393,approved,Nashik,Maharashtra,India,30,74.91,94.63,C,Y
SUP003394,SUP-003394,Delhi Industrial Supply Co. 3394,approved,Delhi,Delhi,India,45,69.84,96.11,C,Y
SUP003395,SUP-003395,Pune Industrial Supply Co. 3395,strategic,Pune,Maharashtra,India,15,99.8,96.03,B,Y
SUP003396,SUP-003396,Warangal Industrial Supply Co. 3396,approved,Warangal,Telangana,India,30,92.6,92.64,B,Y
SUP003397,SUP-003397,Jaipur Industrial Supply Co. 3397,approved,Jaipur,Rajasthan,India,15,88.13,91.44,B,Y
SUP003398,SUP-003398,Bhubaneswar Industrial Supply Co. 3398,approved,Bhubaneswar,Odisha,India,60,85.15,92.86,B,Y
SUP003399,SUP-003399,Nashik Industrial Supply Co. 3399,strategic,Nashik,Maharashtra,India,60,92.55,95.8,B,Y
SUP003400,SUP-003400,Mangaluru Industrial Supply Co. 3400,approved,Mangaluru,Karnataka,India,15,99.8,96.35,B,Y
SUP003401,SUP-003401,Mangaluru Industrial Supply Co. 3401,strategic,Mangaluru,Karnataka,India,30,99.8,90.08,C,Y
SUP003402,SUP-003402,Nashik Industrial Supply Co. 3402,approved,Nashik,Maharashtra,India,30,77.5,99.9,C,Y
SUP003403,SUP-003403,Delhi Industrial Supply Co. 3403,spot,Delhi,Delhi,India,45,95.14,90.46,C,Y
SUP003404,SUP-003404,Kolkata Industrial Supply Co. 3404,spot,Kolkata,West Bengal,India,60,97.08,99.9,A,Y
SUP003405,SUP-003405,Noida Industrial Supply Co. 3405,approved,Noida,Uttar Pradesh,India,30,84.51,97.48,B,Y
SUP003406,SUP-003406,Kolkata Industrial Supply Co. 3406,spot,Kolkata,West Bengal,India,45,93.09,87.04,C,Y
SUP003407,SUP-003407,Lucknow Industrial Supply Co. 3407,approved,Lucknow,Uttar Pradesh,India,45,99.8,98.58,A,Y
SUP003408,SUP-003408,Jaipur Industrial Supply Co. 3408,approved,Jaipur,Rajasthan,India,45,88.38,95.16,B,Y
SUP003409,SUP-003409,Mumbai Industrial Supply Co. 3409,spot,Mumbai,Maharashtra,India,45,89.46,98.81,B,Y
SUP003410,SUP-003410,Nashik Industrial Supply Co. 3410,strategic,Nashik,Maharashtra,India,30,89.16,96.19,B,Y
SUP003411,SUP-003411,Delhi Industrial Supply Co. 3411,strategic,Delhi,Delhi,India,45,86.26,93.85,B,Y
SUP003412,SUP-003412,Delhi Industrial Supply Co. 3412,approved,Delhi,Delhi,India,45,99.8,99.9,A,Y
SUP003413,SUP-003413,Vadodara Industrial Supply Co. 3413,spot,Vadodara,Gujarat,India,45,91.36,91.5,B,Y
SUP003414,SUP-003414,Agra Industrial Supply Co. 3414,approved,Agra,Uttar Pradesh,India,60,99.8,98.3,A,Y
SUP003415,SUP-003415,Nagpur Industrial Supply Co. 3415,contract_manufacturer,Nagpur,Maharashtra,India,30,79.08,95.2,C,Y
SUP003416,SUP-003416,Kolkata Industrial Supply Co. 3416,spot,Kolkata,West Bengal,India,15,86.93,95.41,B,Y
SUP003417,SUP-003417,Surat Industrial Supply Co. 3417,strategic,Surat,Gujarat,India,30,85.63,94.7,B,Y
SUP003418,SUP-003418,Pune Industrial Supply Co. 3418,approved,Pune,Maharashtra,India,45,88.63,99.9,B,Y
SUP003419,SUP-003419,Hyderabad Industrial Supply Co. 3419,contract_manufacturer,Hyderabad,Telangana,India,45,88.14,92.38,B,Y
SUP003420,SUP-003420,Vadodara Industrial Supply Co. 3420,strategic,Vadodara,Gujarat,India,15,80.22,99.81,B,Y
SUP003421,SUP-003421,Ahmedabad Industrial Supply Co. 3421,strategic,Ahmedabad,Gujarat,India,30,85.72,94.16,B,Y
SUP003422,SUP-003422,Ahmedabad Industrial Supply Co. 3422,contract_manufacturer,Ahmedabad,Gujarat,India,60,99.8,97.83,A,Y
SUP003423,SUP-003423,Jaipur Industrial Supply Co. 3423,approved,Jaipur,Rajasthan,India,30,75.74,95.77,C,Y
SUP003424,SUP-003424,Vijayawada Industrial Supply Co. 3424,approved,Vijayawada,Andhra Pradesh,India,30,99.8,99.9,A,Y
SUP003425,SUP-003425,Delhi Industrial Supply Co. 3425,approved,Delhi,Delhi,India,30,65.85,93.17,C,Y
SUP003426,SUP-003426,Surat Industrial Supply Co. 3426,approved,Surat,Gujarat,India,45,60.02,94.68,C,Y
SUP003427,SUP-003427,Hyderabad Industrial Supply Co. 3427,approved,Hyderabad,Telangana,India,45,91.22,95.61,B,Y
SUP003428,SUP-003428,Kolkata Industrial Supply Co. 3428,spot,Kolkata,West Bengal,India,30,87.56,97.36,B,Y
SUP003429,SUP-003429,Delhi Industrial Supply Co. 3429,approved,Delhi,Delhi,India,60,96.15,93.42,B,Y
SUP003430,SUP-003430,Delhi Industrial Supply Co. 3430,approved,Delhi,Delhi,India,45,84.46,98.82,B,Y
SUP003431,SUP-003431,Bhopal Industrial Supply Co. 3431,strategic,Bhopal,Madhya Pradesh,India,60,87.54,95.7,B,Y
SUP003432,SUP-003432,Agra Industrial Supply Co. 3432,approved,Agra,Uttar Pradesh,India,30,91.11,96.26,B,Y
SUP003433,SUP-003433,Nagpur Industrial Supply Co. 3433,strategic,Nagpur,Maharashtra,India,30,87.9,99.9,B,Y
SUP003434,SUP-003434,Kolkata Industrial Supply Co. 3434,spot,Kolkata,West Bengal,India,45,95.33,93.38,B,Y
SUP003435,SUP-003435,Hyderabad Industrial Supply Co. 3435,approved,Hyderabad,Telangana,India,45,85.77,98.9,B,Y
SUP003436,SUP-003436,Indore Industrial Supply Co. 3436,contract_manufacturer,Indore,Madhya Pradesh,India,45,87.53,97.26,B,Y
SUP003437,SUP-003437,Warangal Industrial Supply Co. 3437,approved,Warangal,Telangana,India,45,89.4,91.27,B,Y
SUP003438,SUP-003438,Agra Industrial Supply Co. 3438,spot,Agra,Uttar Pradesh,India,45,74.23,97.28,C,Y
SUP003439,SUP-003439,Nashik Industrial Supply Co. 3439,strategic,Nashik,Maharashtra,India,45,84.16,91.82,B,Y
SUP003440,SUP-003440,Nagpur Industrial Supply Co. 3440,contract_manufacturer,Nagpur,Maharashtra,India,30,87.26,92.31,B,Y
SUP003441,SUP-003441,Vadodara Industrial Supply Co. 3441,approved,Vadodara,Gujarat,India,45,85.83,99.9,B,Y
SUP003442,SUP-003442,Mysuru Industrial Supply Co. 3442,strategic,Mysuru,Karnataka,India,30,80.83,93.91,B,Y
SUP003443,SUP-003443,Noida Industrial Supply Co. 3443,approved,Noida,Uttar Pradesh,India,30,99.73,97.4,A,Y
SUP003444,SUP-003444,Mangaluru Industrial Supply Co. 3444,approved,Mangaluru,Karnataka,India,30,85.4,98.99,B,Y
SUP003445,SUP-003445,Jaipur Industrial Supply Co. 3445,approved,Jaipur,Rajasthan,India,30,89.5,95.35,B,Y
SUP003446,SUP-003446,Bhubaneswar Industrial Supply Co. 3446,spot,Bhubaneswar,Odisha,India,30,99.78,91.57,B,Y
SUP003447,SUP-003447,Nagpur Industrial Supply Co. 3447,contract_manufacturer,Nagpur,Maharashtra,India,45,93.55,96.42,B,Y
SUP003448,SUP-003448,Surat Industrial Supply Co. 3448,contract_manufacturer,Surat,Gujarat,India,30,99.8,99.9,A,Y
SUP003449,SUP-003449,Lucknow Industrial Supply Co. 3449,strategic,Lucknow,Uttar Pradesh,India,45,84.33,97.79,B,Y
SUP003450,SUP-003450,Chandigarh Industrial Supply Co. 3450,approved,Chandigarh,Chandigarh,India,30,75.71,97.05,C,Y
SUP003451,SUP-003451,Mumbai Industrial Supply Co. 3451,spot,Mumbai,Maharashtra,India,60,87.75,99.9,B,Y
SUP003452,SUP-003452,Agra Industrial Supply Co. 3452,approved,Agra,Uttar Pradesh,India,30,75.91,99.24,C,Y
SUP003453,SUP-003453,Mangaluru Industrial Supply Co. 3453,approved,Mangaluru,Karnataka,India,60,73.22,97.64,C,Y
SUP003454,SUP-003454,Jaipur Industrial Supply Co. 3454,contract_manufacturer,Jaipur,Rajasthan,India,30,81.09,97.14,B,Y
SUP003455,SUP-003455,Mumbai Industrial Supply Co. 3455,strategic,Mumbai,Maharashtra,India,30,83.42,98.05,B,Y
SUP003456,SUP-003456,Vadodara Industrial Supply Co. 3456,contract_manufacturer,Vadodara,Gujarat,India,30,99.8,97.33,A,Y
SUP003457,SUP-003457,Nagpur Industrial Supply Co. 3457,approved,Nagpur,Maharashtra,India,15,91.29,99.69,B,Y
SUP003458,SUP-003458,Chandigarh Industrial Supply Co. 3458,approved,Chandigarh,Chandigarh,India,45,85.3,96.54,B,Y
SUP003459,SUP-003459,Chandigarh Industrial Supply Co. 3459,contract_manufacturer,Chandigarh,Chandigarh,India,30,99.16,96.83,B,Y
SUP003460,SUP-003460,Nagpur Industrial Supply Co. 3460,approved,Nagpur,Maharashtra,India,30,66.73,95.29,C,Y
SUP003461,SUP-003461,Ranchi Industrial Supply Co. 3461,contract_manufacturer,Ranchi,Jharkhand,India,30,83.57,94.39,B,Y
SUP003462,SUP-003462,Kolkata Industrial Supply Co. 3462,approved,Kolkata,West Bengal,India,15,84.88,96.69,B,Y
SUP003463,SUP-003463,Nagpur Industrial Supply Co. 3463,approved,Nagpur,Maharashtra,India,15,80.44,97.79,B,Y
SUP003464,SUP-003464,Surat Industrial Supply Co. 3464,spot,Surat,Gujarat,India,60,87.88,93.71,B,Y
SUP003465,SUP-003465,Agra Industrial Supply Co. 3465,contract_manufacturer,Agra,Uttar Pradesh,India,30,90.63,98.44,B,Y
SUP003466,SUP-003466,Bhubaneswar Industrial Supply Co. 3466,spot,Bhubaneswar,Odisha,India,60,72.14,98.57,C,Y
SUP003467,SUP-003467,Vadodara Industrial Supply Co. 3467,approved,Vadodara,Gujarat,India,45,89.67,97.93,B,Y
SUP003468,SUP-003468,Chandigarh Industrial Supply Co. 3468,contract_manufacturer,Chandigarh,Chandigarh,India,30,95.09,91.99,B,Y
SUP003469,SUP-003469,Kolkata Industrial Supply Co. 3469,contract_manufacturer,Kolkata,West Bengal,India,45,84.98,98.92,B,Y
SUP003470,SUP-003470,Pune Industrial Supply Co. 3470,contract_manufacturer,Pune,Maharashtra,India,45,90.05,93.53,B,Y
SUP003471,SUP-003471,Pune Industrial Supply Co. 3471,approved,Pune,Maharashtra,India,60,75.28,98.29,C,Y
SUP003472,SUP-003472,Delhi Industrial Supply Co. 3472,contract_manufacturer,Delhi,Delhi,India,45,90.84,89.92,C,Y
SUP003473,SUP-003473,Indore Industrial Supply Co. 3473,approved,Indore,Madhya Pradesh,India,45,99.8,93.52,B,Y
SUP003474,SUP-003474,Ahmedabad Industrial Supply Co. 3474,approved,Ahmedabad,Gujarat,India,30,88.3,93.33,B,Y
SUP003475,SUP-003475,Indore Industrial Supply Co. 3475,strategic,Indore,Madhya Pradesh,India,30,89.64,99.9,B,Y
SUP003476,SUP-003476,Surat Industrial Supply Co. 3476,contract_manufacturer,Surat,Gujarat,India,45,82.28,92.06,B,Y
SUP003477,SUP-003477,Surat Industrial Supply Co. 3477,strategic,Surat,Gujarat,India,30,90.19,99.75,B,Y
SUP003478,SUP-003478,Noida Industrial Supply Co. 3478,contract_manufacturer,Noida,Uttar Pradesh,India,30,87.69,94.38,B,Y
SUP003479,SUP-003479,Pune Industrial Supply Co. 3479,contract_manufacturer,Pune,Maharashtra,India,30,79.35,94.01,C,Y
SUP003480,SUP-003480,Lucknow Industrial Supply Co. 3480,approved,Lucknow,Uttar Pradesh,India,45,99.8,96.35,B,Y
SUP003481,SUP-003481,Mangaluru Industrial Supply Co. 3481,approved,Mangaluru,Karnataka,India,45,85.09,94.77,B,Y
SUP003482,SUP-003482,Ahmedabad Industrial Supply Co. 3482,approved,Ahmedabad,Gujarat,India,30,79.81,94.12,C,Y
SUP003483,SUP-003483,Chandigarh Industrial Supply Co. 3483,approved,Chandigarh,Chandigarh,India,30,90.35,94.54,B,Y
SUP003484,SUP-003484,Vadodara Industrial Supply Co. 3484,contract_manufacturer,Vadodara,Gujarat,India,60,77.59,96.8,C,Y
SUP003485,SUP-003485,Agra Industrial Supply Co. 3485,approved,Agra,Uttar Pradesh,India,45,89.67,99.9,B,Y
SUP003486,SUP-003486,Mumbai Industrial Supply Co. 3486,approved,Mumbai,Maharashtra,India,45,99.8,92.65,B,Y
SUP003487,SUP-003487,Bhubaneswar Industrial Supply Co. 3487,approved,Bhubaneswar,Odisha,India,15,91.19,96.22,B,Y
SUP003488,SUP-003488,Noida Industrial Supply Co. 3488,spot,Noida,Uttar Pradesh,India,15,78.62,94.59,C,Y
SUP003489,SUP-003489,Bhubaneswar Industrial Supply Co. 3489,approved,Bhubaneswar,Odisha,India,45,80.9,97.87,B,Y
SUP003490,SUP-003490,Jaipur Industrial Supply Co. 3490,contract_manufacturer,Jaipur,Rajasthan,India,60,97.16,96.9,B,Y
SUP003491,SUP-003491,Pune Industrial Supply Co. 3491,spot,Pune,Maharashtra,India,45,85.23,90.93,C,Y
SUP003492,SUP-003492,Vijayawada Industrial Supply Co. 3492,approved,Vijayawada,Andhra Pradesh,India,30,67.59,94.58,C,Y
SUP003493,SUP-003493,Noida Industrial Supply Co. 3493,contract_manufacturer,Noida,Uttar Pradesh,India,30,91.61,95.18,B,Y
SUP003494,SUP-003494,Bengaluru Industrial Supply Co. 3494,approved,Bengaluru,Karnataka,India,15,69.08,99.9,C,Y
SUP003495,SUP-003495,Delhi Industrial Supply Co. 3495,approved,Delhi,Delhi,India,45,79.08,99.64,C,Y
SUP003496,SUP-003496,Ahmedabad Industrial Supply Co. 3496,approved,Ahmedabad,Gujarat,India,30,89.66,93.72,B,Y
SUP003497,SUP-003497,Delhi Industrial Supply Co. 3497,approved,Delhi,Delhi,India,45,86.38,94.44,B,Y
SUP003498,SUP-003498,Mangaluru Industrial Supply Co. 3498,approved,Mangaluru,Karnataka,India,30,88.06,98.67,B,Y
SUP003499,SUP-003499,Ranchi Industrial Supply Co. 3499,approved,Ranchi,Jharkhand,India,45,87.5,94.24,B,Y
SUP003500,SUP-003500,Jaipur Industrial Supply Co. 3500,spot,Jaipur,Rajasthan,India,30,88.37,93.64,B,Y
